# event_id  Npe_top  Npe_bottom  Npe_total  asym  N_fired_PMTs
0 121 48 169 0.431953 36
1 6 138 144 -0.916667 23
2 21 111 132 -0.681818 27
3 50 99 149 -0.328859 27
4 157 9 166 0.891566 26
5 34 95 129 -0.472868 27
6 30 108 138 -0.565217 33
7 8 138 146 -0.890411 23
8 79 91 170 -0.0705882 30
9 113 32 145 0.558621 29
10 79 77 156 0.0128205 31
11 118 32 150 0.573333 36
12 68 106 174 -0.218391 31
13 95 34 129 0.472868 27
14 30 113 143 -0.58042 32
15 30 69 99 -0.393939 29
16 10 182 192 -0.895833 23
17 171 11 182 0.879121 24
18 123 42 165 0.490909 30
19 39 103 142 -0.450704 30
20 133 17 150 0.773333 28
21 110 25 135 0.62963 31
22 15 174 189 -0.84127 30
23 73 35 108 0.351852 27
24 30 129 159 -0.622642 31
25 125 23 148 0.689189 30
26 141 55 196 0.438776 32
27 63 107 170 -0.258824 31
28 48 142 190 -0.494737 30
29 34 135 169 -0.597633 31
30 79 75 154 0.025974 30
31 99 44 143 0.384615 29
32 108 28 136 0.588235 28
33 25 183 208 -0.759615 27
34 84 66 150 0.12 25
35 109 16 125 0.744 29
36 98 46 144 0.361111 34
37 25 124 149 -0.66443 27
38 173 11 184 0.880435 23
39 47 103 150 -0.373333 32
40 46 88 134 -0.313433 33
41 158 8 166 0.903614 20
42 127 9 136 0.867647 24
43 45 97 142 -0.366197 30
44 50 60 110 -0.0909091 32
45 32 115 147 -0.564626 28
46 166 7 173 0.919075 24
47 102 22 124 0.645161 29
48 22 194 216 -0.796296 27
49 36 95 131 -0.450382 34
50 94 51 145 0.296552 34
51 8 128 136 -0.882353 26
52 142 8 150 0.893333 25
53 60 114 174 -0.310345 34
54 104 30 134 0.552239 32
55 52 70 122 -0.147541 31
56 5 114 119 -0.915966 24
57 29 118 147 -0.605442 28
58 83 77 160 0.0375 33
59 50 132 182 -0.450549 26
60 123 29 152 0.618421 28
61 42 134 176 -0.522727 27
62 158 21 179 0.765363 27
63 50 99 149 -0.328859 27
64 107 53 160 0.3375 27
65 35 121 156 -0.551282 32
66 126 18 144 0.75 27
67 143 2 145 0.972414 18
68 20 123 143 -0.72028 27
69 145 10 155 0.870968 25
70 70 79 149 -0.0604027 32
71 86 31 117 0.470085 31
72 10 164 174 -0.885057 25
73 114 43 157 0.452229 32
74 48 88 136 -0.294118 33
75 58 55 113 0.0265487 32
76 5 122 127 -0.92126 23
77 42 78 120 -0.3 26
78 62 104 166 -0.253012 30
79 98 59 157 0.248408 33
80 20 152 172 -0.767442 32
81 44 139 183 -0.519126 32
82 88 75 163 0.0797546 36
83 11 136 147 -0.85034 21
84 106 40 146 0.452055 29
85 88 40 128 0.375 25
86 58 98 156 -0.25641 30
87 16 115 131 -0.755725 29
88 77 60 137 0.124088 30
89 69 88 157 -0.121019 37
90 41 80 121 -0.322314 27
91 26 32 58 -0.103448 24
92 42 77 119 -0.294118 29
93 56 58 114 -0.0175439 25
94 18 37 55 -0.345455 19
95 111 11 122 0.819672 25
96 80 90 170 -0.0588235 33
97 56 76 132 -0.151515 31
98 156 3 159 0.962264 14
99 111 46 157 0.414013 30
100 19 128 147 -0.741497 26
101 147 13 160 0.8375 28
102 22 105 127 -0.653543 21
103 111 21 132 0.681818 30
104 151 29 180 0.677778 32
105 100 34 134 0.492537 32
106 59 80 139 -0.151079 34
107 106 27 133 0.593985 31
108 63 95 158 -0.202532 30
109 17 106 123 -0.723577 27
110 85 41 126 0.349206 22
111 57 89 146 -0.219178 35
112 0 138 138 -1 15
113 30 134 164 -0.634146 30
114 98 52 150 0.306667 25
115 25 94 119 -0.579832 25
116 50 74 124 -0.193548 31
117 29 92 121 -0.520661 29
118 32 106 138 -0.536232 31
119 70 44 114 0.22807 28
120 66 56 122 0.0819672 35
121 20 128 148 -0.72973 26
122 158 15 173 0.82659 23
123 186 4 190 0.957895 21
124 151 3 154 0.961039 14
125 8 169 177 -0.909605 25
126 41 144 185 -0.556757 34
127 9 198 207 -0.913043 22
128 92 47 139 0.323741 35
129 85 30 115 0.478261 23
130 123 15 138 0.782609 23
131 50 120 170 -0.411765 32
132 55 35 90 0.222222 32
133 80 59 139 0.151079 32
134 112 43 155 0.445161 28
135 102 44 146 0.39726 30
136 144 28 172 0.674419 33
137 80 85 165 -0.030303 34
138 40 71 111 -0.279279 33
139 89 56 145 0.227586 31
140 12 183 195 -0.876923 24
141 96 56 152 0.263158 27
142 30 118 148 -0.594595 29
143 7 146 153 -0.908497 25
144 53 84 137 -0.226277 31
145 103 11 114 0.807018 24
146 234 14 248 0.887097 23
147 9 78 87 -0.793103 24
148 89 43 132 0.348485 27
149 71 96 167 -0.149701 29
150 26 124 150 -0.653333 31
151 32 122 154 -0.584416 32
152 69 62 131 0.0534351 26
153 9 143 152 -0.881579 22
154 67 86 153 -0.124183 23
155 140 10 150 0.866667 26
156 155 17 172 0.802326 25
157 164 16 180 0.822222 26
158 1 173 174 -0.988506 19
159 159 40 199 0.59799 30
160 163 11 174 0.873563 28
161 79 48 127 0.244094 28
162 180 12 192 0.875 21
163 47 87 134 -0.298507 26
164 101 50 151 0.337748 29
165 36 128 164 -0.560976 31
166 14 164 178 -0.842697 26
167 112 27 139 0.611511 28
168 54 66 120 -0.1 24
169 55 90 145 -0.241379 33
170 24 146 170 -0.717647 30
171 114 35 149 0.530201 33
172 55 52 107 0.0280374 29
173 162 15 177 0.830508 28
174 9 158 167 -0.892216 24
175 40 127 167 -0.520958 32
176 150 20 170 0.764706 28
177 75 76 151 -0.00662252 29
178 27 133 160 -0.6625 28
179 150 20 170 0.764706 30
180 104 44 148 0.405405 30
181 10 99 109 -0.816514 28
182 55 90 145 -0.241379 31
183 13 207 220 -0.881818 21
184 19 38 57 -0.333333 24
185 64 116 180 -0.288889 34
186 35 6 41 0.707317 12
187 152 8 160 0.9 26
188 125 24 149 0.677852 28
189 115 26 141 0.631206 29
190 132 41 173 0.526012 27
191 48 113 161 -0.403727 30
192 101 6 107 0.88785 24
193 19 107 126 -0.698413 28
194 121 25 146 0.657534 24
195 25 107 132 -0.621212 28
196 32 95 127 -0.496063 29
197 85 56 141 0.205674 31
198 30 128 158 -0.620253 30
199 89 86 175 0.0171429 31
200 76 101 177 -0.141243 35
201 106 62 168 0.261905 29
202 34 136 170 -0.6 32
203 24 104 128 -0.625 25
204 39 75 114 -0.315789 26
205 29 91 120 -0.516667 29
206 100 12 112 0.785714 29
207 3 239 242 -0.975207 19
208 88 50 138 0.275362 34
209 111 26 137 0.620438 27
210 108 28 136 0.588235 34
211 47 90 137 -0.313869 28
212 39 83 122 -0.360656 27
213 21 108 129 -0.674419 28
214 11 179 190 -0.884211 28
215 100 36 136 0.470588 34
216 94 79 173 0.0867052 33
217 26 122 148 -0.648649 30
218 69 49 118 0.169492 32
219 54 86 140 -0.228571 32
220 18 190 208 -0.826923 29
221 8 138 146 -0.890411 25
222 51 122 173 -0.410405 33
223 92 75 167 0.101796 29
224 162 34 196 0.653061 26
225 140 15 155 0.806452 26
226 27 120 147 -0.632653 32
227 75 37 112 0.339286 29
228 131 48 179 0.463687 30
229 153 13 166 0.843373 27
230 111 35 146 0.520548 26
231 5 125 130 -0.923077 21
232 7 182 189 -0.925926 16
233 28 72 100 -0.44 24
234 103 30 133 0.548872 30
235 56 56 112 0 27
236 114 33 147 0.55102 32
237 112 15 127 0.76378 26
238 23 122 145 -0.682759 24
239 101 45 146 0.383562 32
240 101 54 155 0.303226 30
241 5 168 173 -0.942197 23
242 121 23 144 0.680556 29
243 17 107 124 -0.725806 27
244 143 20 163 0.754601 27
245 135 12 147 0.836735 27
246 66 90 156 -0.153846 37
247 40 136 176 -0.545455 28
248 42 89 131 -0.358779 27
249 113 35 148 0.527027 32
250 179 7 186 0.924731 26
251 77 42 119 0.294118 26
252 71 41 112 0.267857 27
253 57 88 145 -0.213793 26
254 141 33 174 0.62069 30
255 106 38 144 0.472222 32
256 104 43 147 0.414966 31
257 75 77 152 -0.0131579 33
258 44 96 140 -0.371429 33
259 131 40 171 0.532164 28
260 35 92 127 -0.448819 24
261 95 71 166 0.144578 30
262 64 93 157 -0.184713 36
263 121 7 128 0.890625 23
264 88 48 136 0.294118 32
265 110 25 135 0.62963 29
266 91 69 160 0.1375 35
267 43 118 161 -0.465839 31
268 95 83 178 0.0674157 33
269 15 157 172 -0.825581 27
270 130 17 147 0.768707 26
271 22 146 168 -0.738095 28
272 142 44 186 0.526882 32
273 34 121 155 -0.56129 32
274 98 4 102 0.921569 20
275 104 27 131 0.587786 33
276 109 43 152 0.434211 31
277 30 138 168 -0.642857 33
278 150 5 155 0.935484 23
279 80 30 110 0.454545 28
280 71 102 173 -0.179191 33
281 58 95 153 -0.24183 32
282 11 112 123 -0.821138 27
283 99 71 170 0.164706 31
284 48 100 148 -0.351351 25
285 28 127 155 -0.63871 32
286 151 4 155 0.948387 23
287 124 21 145 0.710345 29
288 40 81 121 -0.338843 33
289 29 68 97 -0.402062 26
290 13 135 148 -0.824324 28
291 34 151 185 -0.632432 33
292 92 42 134 0.373134 30
293 100 38 138 0.449275 34
294 11 115 126 -0.825397 27
295 71 54 125 0.136 32
296 163 5 168 0.940476 23
297 85 74 159 0.0691824 35
298 43 55 98 -0.122449 28
299 129 26 155 0.664516 23
300 136 10 146 0.863014 26
301 111 40 151 0.470199 30
302 20 172 192 -0.791667 26
303 1 100 101 -0.980198 13
304 88 46 134 0.313433 33
305 98 65 163 0.202454 36
306 79 19 98 0.612245 28
307 111 36 147 0.510204 31
308 10 123 133 -0.849624 26
309 15 132 147 -0.795918 27
310 120 30 150 0.6 33
311 46 73 119 -0.226891 31
312 27 113 140 -0.614286 32
313 30 107 137 -0.562044 30
314 44 103 147 -0.401361 31
315 19 169 188 -0.797872 26
316 177 6 183 0.934426 25
317 138 17 155 0.780645 22
318 162 9 171 0.894737 25
319 77 46 123 0.252033 30
320 31 101 132 -0.530303 25
321 134 16 150 0.786667 27
322 124 17 141 0.758865 29
323 93 27 120 0.55 28
324 111 20 131 0.694656 31
325 112 38 150 0.493333 29
326 57 79 136 -0.161765 32
327 22 192 214 -0.794393 27
328 126 44 170 0.482353 34
329 110 48 158 0.392405 29
330 19 149 168 -0.77381 30
331 104 50 154 0.350649 32
332 91 70 161 0.130435 35
333 32 134 166 -0.614458 31
334 73 66 139 0.0503597 31
335 53 66 119 -0.109244 26
336 67 56 123 0.0894309 32
337 91 48 139 0.309353 33
338 101 22 123 0.642276 24
339 51 106 157 -0.350318 36
340 59 69 128 -0.078125 23
341 40 61 101 -0.207921 24
342 99 52 151 0.311258 32
343 91 57 148 0.22973 30
344 110 47 157 0.401274 32
345 27 138 165 -0.672727 33
346 16 158 174 -0.816092 26
347 109 10 119 0.831933 27
348 14 34 48 -0.416667 21
349 85 40 125 0.36 31
350 131 39 170 0.541176 35
351 76 43 119 0.277311 26
352 66 96 162 -0.185185 34
353 8 194 202 -0.920792 22
354 26 96 122 -0.57377 28
355 97 44 141 0.375887 33
356 112 35 147 0.52381 25
357 56 65 121 -0.0743802 30
358 35 168 203 -0.655172 28
359 108 47 155 0.393548 34
360 20 121 141 -0.716312 28
361 40 79 119 -0.327731 28
362 42 70 112 -0.25 30
363 80 61 141 0.134752 26
364 66 125 191 -0.308901 38
365 42 89 131 -0.358779 30
366 17 141 158 -0.78481 30
367 28 151 179 -0.687151 32
368 141 36 177 0.59322 30
369 83 75 158 0.0506329 37
370 66 84 150 -0.12 30
371 60 133 193 -0.378238 34
372 128 9 137 0.868613 27
373 60 99 159 -0.245283 29
374 40 73 113 -0.292035 28
375 51 95 146 -0.30137 31
376 162 31 193 0.678756 26
377 133 24 157 0.694268 29
378 23 94 117 -0.606838 25
379 69 43 112 0.232143 28
380 82 75 157 0.044586 31
381 10 116 126 -0.84127 23
382 26 135 161 -0.677019 30
383 109 32 141 0.546099 31
384 105 43 148 0.418919 31
385 74 51 125 0.184 30
386 47 102 149 -0.369128 33
387 19 99 118 -0.677966 24
388 54 125 179 -0.396648 34
389 123 11 134 0.835821 26
390 80 103 183 -0.125683 34
391 81 66 147 0.102041 29
392 50 71 121 -0.173554 35
393 87 29 116 0.5 29
394 104 36 140 0.485714 31
395 157 12 169 0.857988 27
396 166 7 173 0.919075 24
397 74 68 142 0.0422535 34
398 138 33 171 0.614035 27
399 22 114 136 -0.676471 28
400 44 104 148 -0.405405 32
401 10 136 146 -0.863014 26
402 60 61 121 -0.00826446 31
403 83 49 132 0.257576 35
404 20 113 133 -0.699248 30
405 0 122 122 -1 19
406 72 72 144 0 32
407 44 113 157 -0.43949 36
408 23 165 188 -0.755319 28
409 52 32 84 0.238095 24
410 50 78 128 -0.21875 32
411 83 41 124 0.33871 29
412 48 120 168 -0.428571 34
413 104 31 135 0.540741 28
414 63 70 133 -0.0526316 29
415 109 53 162 0.345679 27
416 30 77 107 -0.439252 30
417 38 117 155 -0.509677 34
418 168 20 188 0.787234 28
419 85 65 150 0.133333 34
420 33 146 179 -0.631285 29
421 111 50 161 0.378882 29
422 69 89 158 -0.126582 32
423 47 48 95 -0.0105263 30
424 102 30 132 0.545455 29
425 58 88 146 -0.205479 36
426 100 50 150 0.333333 31
427 106 34 140 0.514286 29
428 120 4 124 0.935484 18
429 16 116 132 -0.757576 28
430 69 67 136 0.0147059 29
431 50 72 122 -0.180328 30
432 26 129 155 -0.664516 28
433 17 104 121 -0.719008 28
434 46 90 136 -0.323529 26
435 74 55 129 0.147287 28
436 90 52 142 0.267606 30
437 72 57 129 0.116279 27
438 81 68 149 0.0872483 33
439 58 67 125 -0.072 32
440 29 128 157 -0.630573 30
441 111 44 155 0.432258 34
442 127 21 148 0.716216 26
443 196 20 216 0.814815 27
444 125 35 160 0.5625 32
445 133 17 150 0.773333 29
446 26 104 130 -0.6 25
447 8 167 175 -0.908571 18
448 19 111 130 -0.707692 31
449 126 21 147 0.714286 29
450 137 21 158 0.734177 30
451 27 100 127 -0.574803 28
452 138 45 183 0.508197 31
453 106 61 167 0.269461 30
454 141 28 169 0.668639 31
455 125 42 167 0.497006 26
456 88 70 158 0.113924 32
457 48 104 152 -0.368421 34
458 50 52 102 -0.0196078 28
459 55 31 86 0.27907 28
460 134 25 159 0.685535 32
461 34 174 208 -0.673077 35
462 24 134 158 -0.696203 31
463 87 40 127 0.370079 31
464 10 154 164 -0.878049 24
465 61 86 147 -0.170068 33
466 103 82 185 0.113514 29
467 106 63 169 0.254438 32
468 154 33 187 0.647059 34
469 12 134 146 -0.835616 27
470 65 88 153 -0.150327 33
471 89 72 161 0.10559 35
472 11 190 201 -0.890547 27
473 34 84 118 -0.423729 31
474 144 19 163 0.766871 28
475 57 98 155 -0.264516 33
476 19 144 163 -0.766871 30
477 33 167 200 -0.67 31
478 43 119 162 -0.469136 35
479 84 53 137 0.226277 30
480 53 118 171 -0.380117 28
481 29 143 172 -0.662791 32
482 83 88 171 -0.0292398 32
483 150 9 159 0.886792 21
484 39 84 123 -0.365854 31
485 75 74 149 0.00671141 30
486 96 47 143 0.342657 29
487 59 102 161 -0.267081 35
488 138 23 161 0.714286 25
489 78 85 163 -0.0429448 34
490 208 9 217 0.917051 18
491 163 33 196 0.663265 31
492 114 43 157 0.452229 34
493 146 9 155 0.883871 25
494 18 147 165 -0.781818 30
495 54 94 148 -0.27027 32
496 38 93 131 -0.419847 36
497 138 34 172 0.604651 33
498 22 115 137 -0.678832 26
499 100 46 146 0.369863 29
500 31 86 117 -0.470085 31
501 59 100 159 -0.257862 27
502 9 171 180 -0.9 27
503 179 14 193 0.854922 29
504 69 37 106 0.301887 22
505 5 173 178 -0.94382 23
506 136 31 167 0.628743 29
507 93 75 168 0.107143 32
508 29 148 177 -0.672316 28
509 61 92 153 -0.202614 36
510 168 9 177 0.898305 25
511 148 20 168 0.761905 28
512 30 101 131 -0.541985 31
513 148 10 158 0.873418 25
514 156 14 170 0.835294 26
515 119 9 128 0.859375 23
516 141 46 187 0.508021 29
517 102 51 153 0.333333 29
518 46 65 111 -0.171171 31
519 5 169 174 -0.942529 22
520 117 19 136 0.720588 29
521 69 50 119 0.159664 28
522 77 68 145 0.062069 37
523 63 82 145 -0.131034 29
524 107 44 151 0.417219 29
525 181 7 188 0.925532 26
526 20 134 154 -0.74026 25
527 182 21 203 0.793103 28
528 101 77 178 0.134831 36
529 70 72 142 -0.0140845 35
530 27 127 154 -0.649351 32
531 2 186 188 -0.978723 16
532 49 107 156 -0.371795 36
533 142 7 149 0.90604 21
534 109 41 150 0.453333 31
535 149 6 155 0.922581 23
536 95 76 171 0.111111 33
537 28 139 167 -0.664671 27
538 35 124 159 -0.559748 27
539 6 150 156 -0.923077 25
540 11 206 217 -0.898618 19
541 75 92 167 -0.101796 32
542 56 79 135 -0.17037 33
543 22 123 145 -0.696552 31
544 103 41 144 0.430556 26
545 65 89 154 -0.155844 32
546 134 19 153 0.751634 28
547 43 117 160 -0.4625 33
548 18 59 77 -0.532468 23
549 71 54 125 0.136 23
550 48 64 112 -0.142857 27
551 31 119 150 -0.586667 33
552 36 101 137 -0.474453 34
553 47 98 145 -0.351724 32
554 118 34 152 0.552632 31
555 68 5 73 0.863014 19
556 136 20 156 0.74359 26
557 99 44 143 0.384615 29
558 169 11 180 0.877778 22
559 114 28 142 0.605634 33
560 17 167 184 -0.815217 27
561 99 54 153 0.294118 34
562 194 7 201 0.930348 23
563 122 40 162 0.506173 27
564 88 50 138 0.275362 32
565 28 119 147 -0.619048 23
566 132 13 145 0.82069 28
567 55 104 159 -0.308176 36
568 22 75 97 -0.546392 28
569 96 43 139 0.381295 31
570 42 73 115 -0.269565 32
571 51 106 157 -0.350318 36
572 46 59 105 -0.12381 27
573 40 101 141 -0.432624 36
574 15 170 185 -0.837838 29
575 83 53 136 0.220588 34
576 103 30 133 0.548872 24
577 192 14 206 0.864078 22
578 49 105 154 -0.363636 25
579 64 92 156 -0.179487 31
580 71 16 87 0.632184 29
581 38 95 133 -0.428571 30
582 26 16 42 0.238095 16
583 107 52 159 0.345912 26
584 49 76 125 -0.216 34
585 32 142 174 -0.632184 34
586 87 64 151 0.152318 30
587 96 46 142 0.352113 33
588 11 142 153 -0.856209 26
589 17 98 115 -0.704348 27
590 217 7 224 0.9375 18
591 106 39 145 0.462069 25
592 97 55 152 0.276316 36
593 37 99 136 -0.455882 31
594 91 30 121 0.504132 32
595 48 27 75 0.28 30
596 49 127 176 -0.443182 31
597 102 88 190 0.0736842 27
598 64 49 113 0.132743 32
599 55 88 143 -0.230769 34
600 152 3 155 0.96129 22
601 82 51 133 0.233083 30
602 68 73 141 -0.035461 28
603 69 86 155 -0.109677 30
604 71 52 123 0.154472 31
605 103 29 132 0.560606 30
606 52 36 88 0.181818 29
607 62 76 138 -0.101449 31
608 63 48 111 0.135135 26
609 94 35 129 0.457364 28
610 13 130 143 -0.818182 26
611 16 155 171 -0.812865 27
612 61 94 155 -0.212903 28
613 41 111 152 -0.460526 30
614 117 26 143 0.636364 32
615 125 18 143 0.748252 27
616 52 96 148 -0.297297 31
617 29 106 135 -0.57037 29
618 81 74 155 0.0451613 33
619 239 10 249 0.919679 22
620 113 46 159 0.421384 29
621 111 34 145 0.531034 28
622 126 24 150 0.68 27
623 93 51 144 0.291667 27
624 13 106 119 -0.781513 24
625 105 66 171 0.22807 35
626 15 152 167 -0.820359 26
627 91 60 151 0.205298 26
628 43 108 151 -0.430464 33
629 95 47 142 0.338028 28
630 32 77 109 -0.412844 29
631 73 95 168 -0.130952 32
632 111 35 146 0.520548 33
633 55 104 159 -0.308176 29
634 112 58 170 0.317647 28
635 113 25 138 0.637681 29
636 18 126 144 -0.75 27
637 34 74 108 -0.37037 29
638 46 84 130 -0.292308 23
639 0 0 0 0 0
640 25 126 151 -0.668874 30
641 8 115 123 -0.869919 24
642 132 28 160 0.65 29
643 180 8 188 0.914894 24
644 66 65 131 0.00763359 29
645 121 22 143 0.692308 29
646 10 193 203 -0.901478 24
647 84 51 135 0.244444 34
648 127 31 158 0.607595 31
649 11 50 61 -0.639344 10
650 126 39 165 0.527273 28
651 63 59 122 0.0327869 28
652 21 112 133 -0.684211 29
653 5 68 73 -0.863014 16
654 119 35 154 0.545455 32
655 21 176 197 -0.786802 31
656 139 20 159 0.748428 33
657 186 6 192 0.9375 20
658 88 66 154 0.142857 33
659 138 25 163 0.693252 34
660 118 27 145 0.627586 32
661 125 9 134 0.865672 26
662 64 71 135 -0.0518519 29
663 73 73 146 0 29
664 17 159 176 -0.806818 32
665 46 78 124 -0.258065 33
666 16 141 157 -0.796178 27
667 72 32 104 0.384615 27
668 42 91 133 -0.368421 24
669 118 29 147 0.605442 34
670 134 15 149 0.798658 26
671 117 63 180 0.3 37
672 92 64 156 0.179487 29
673 81 43 124 0.306452 29
674 21 147 168 -0.75 32
675 13 153 166 -0.843373 23
676 44 106 150 -0.413333 29
677 17 156 173 -0.803468 28
678 91 42 133 0.368421 29
679 80 107 187 -0.144385 33
680 108 44 152 0.421053 27
681 161 12 173 0.861272 26
682 86 61 147 0.170068 34
683 46 65 111 -0.171171 29
684 167 9 176 0.897727 25
685 80 58 138 0.15942 33
686 17 109 126 -0.730159 30
687 69 80 149 -0.0738255 30
688 53 72 125 -0.152 24
689 88 49 137 0.284672 27
690 36 82 118 -0.389831 31
691 104 23 127 0.637795 29
692 75 67 142 0.056338 33
693 10 46 56 -0.642857 23
694 28 146 174 -0.678161 28
695 118 64 182 0.296703 32
696 22 144 166 -0.73494 28
697 47 78 125 -0.248 34
698 8 223 231 -0.930736 19
699 53 98 151 -0.298013 31
700 117 29 146 0.60274 29
701 100 20 120 0.666667 31
702 123 22 145 0.696552 30
703 45 67 112 -0.196429 27
704 45 104 149 -0.395973 30
705 22 110 132 -0.666667 29
706 32 109 141 -0.546099 28
707 143 23 166 0.722892 30
708 138 44 182 0.516484 31
709 119 36 155 0.535484 27
710 131 7 138 0.898551 22
711 176 13 189 0.862434 23
712 115 45 160 0.4375 32
713 65 92 157 -0.171975 35
714 4 126 130 -0.938462 22
715 7 216 223 -0.93722 24
716 48 89 137 -0.29927 35
717 194 22 216 0.796296 27
718 166 29 195 0.702564 33
719 30 102 132 -0.545455 26
720 54 66 120 -0.1 27
721 155 21 176 0.761364 24
722 53 105 158 -0.329114 31
723 42 87 129 -0.348837 36
724 109 63 172 0.267442 32
725 120 31 151 0.589404 29
726 91 39 130 0.4 29
727 92 42 134 0.373134 30
728 12 163 175 -0.862857 24
729 99 34 133 0.488722 35
730 29 120 149 -0.610738 28
731 22 140 162 -0.728395 30
732 90 73 163 0.104294 29
733 57 61 118 -0.0338983 31
734 43 47 90 -0.0444444 30
735 57 84 141 -0.191489 29
736 96 43 139 0.381295 32
737 221 13 234 0.888889 24
738 16 119 135 -0.762963 23
739 9 102 111 -0.837838 24
740 58 104 162 -0.283951 30
741 40 90 130 -0.384615 31
742 5 137 142 -0.929577 23
743 9 218 227 -0.920705 23
744 81 72 153 0.0588235 35
745 246 4 250 0.968 16
746 18 107 125 -0.712 30
747 34 131 165 -0.587879 32
748 20 117 137 -0.708029 29
749 53 87 140 -0.242857 35
750 130 44 174 0.494253 31
751 75 45 120 0.25 32
752 77 51 128 0.203125 35
753 24 131 155 -0.690323 29
754 190 17 207 0.835749 31
755 74 62 136 0.0882353 29
756 17 134 151 -0.774834 26
757 74 58 132 0.121212 31
758 20 144 164 -0.756098 27
759 2 202 204 -0.980392 15
760 20 150 170 -0.764706 30
761 58 114 172 -0.325581 29
762 36 109 145 -0.503448 30
763 144 18 162 0.777778 30
764 17 183 200 -0.83 27
765 81 26 107 0.514019 32
766 18 150 168 -0.785714 27
767 58 73 131 -0.114504 34
768 124 40 164 0.512195 31
769 41 86 127 -0.354331 29
770 44 132 176 -0.5 27
771 103 21 124 0.66129 28
772 114 14 128 0.78125 29
773 87 76 163 0.0674847 36
774 73 51 124 0.177419 30
775 56 51 107 0.046729 28
776 14 55 69 -0.594203 28
777 7 168 175 -0.92 21
778 155 33 188 0.648936 29
779 77 96 173 -0.109827 36
780 46 93 139 -0.338129 36
781 6 158 164 -0.926829 23
782 8 122 130 -0.876923 21
783 43 89 132 -0.348485 31
784 17 86 103 -0.669903 30
785 52 74 126 -0.174603 30
786 83 66 149 0.114094 33
787 36 107 143 -0.496503 29
788 61 76 137 -0.109489 31
789 90 81 171 0.0526316 28
790 18 178 196 -0.816327 20
791 33 128 161 -0.590062 28
792 92 36 128 0.4375 24
793 60 83 143 -0.160839 30
794 104 32 136 0.529412 24
795 14 143 157 -0.821656 29
796 113 5 118 0.915254 22
797 60 64 124 -0.0322581 33
798 96 36 132 0.454545 26
799 68 46 114 0.192982 27
800 55 65 120 -0.0833333 31
801 108 60 168 0.285714 34
802 24 132 156 -0.692308 29
803 103 20 123 0.674797 28
804 26 103 129 -0.596899 29
805 66 53 119 0.109244 31
806 19 130 149 -0.744966 30
807 80 45 125 0.28 34
808 79 52 131 0.206107 32
809 85 78 163 0.0429448 32
810 117 19 136 0.720588 30
811 82 79 161 0.0186335 27
812 125 16 141 0.77305 27
813 159 31 190 0.673684 20
814 20 159 179 -0.776536 30
815 128 26 154 0.662338 30
816 5 167 172 -0.94186 23
817 138 29 167 0.652695 30
818 81 70 151 0.0728477 29
819 84 61 145 0.158621 29
820 32 119 151 -0.576159 33
821 45 97 142 -0.366197 34
822 108 4 112 0.928571 21
823 50 105 155 -0.354839 30
824 97 57 154 0.25974 30
825 85 55 140 0.214286 34
826 46 93 139 -0.338129 28
827 50 103 153 -0.346405 30
828 10 170 180 -0.888889 21
829 31 97 128 -0.515625 29
830 60 95 155 -0.225806 33
831 43 53 96 -0.104167 24
832 153 11 164 0.865854 26
833 125 45 170 0.470588 34
834 73 61 134 0.0895522 31
835 65 71 136 -0.0441176 32
836 93 73 166 0.120482 36
837 9 241 250 -0.928 21
838 92 83 175 0.0514286 35
839 81 73 154 0.0519481 36
840 56 74 130 -0.138462 32
841 19 141 160 -0.7625 33
842 26 126 152 -0.657895 25
843 143 17 160 0.7875 23
844 181 24 205 0.765854 26
845 14 132 146 -0.808219 27
846 58 103 161 -0.279503 31
847 21 148 169 -0.751479 28
848 78 58 136 0.147059 29
849 46 83 129 -0.286822 32
850 201 11 212 0.896226 24
851 23 104 127 -0.637795 32
852 21 140 161 -0.73913 26
853 28 100 128 -0.5625 34
854 110 55 165 0.333333 32
855 80 57 137 0.167883 34
856 56 91 147 -0.238095 31
857 160 18 178 0.797753 18
858 70 115 185 -0.243243 31
859 81 69 150 0.08 32
860 154 27 181 0.701657 29
861 189 12 201 0.880597 24
862 22 110 132 -0.666667 31
863 41 44 85 -0.0352941 22
864 88 24 112 0.571429 28
865 42 79 121 -0.305785 30
866 175 18 193 0.813472 24
867 109 31 140 0.557143 31
868 99 46 145 0.365517 23
869 19 109 128 -0.703125 30
870 123 51 174 0.413793 33
871 52 74 126 -0.174603 31
872 21 166 187 -0.775401 31
873 33 131 164 -0.597561 30
874 89 48 137 0.29927 25
875 89 51 140 0.271429 31
876 68 69 137 -0.00729927 27
877 164 15 179 0.832402 29
878 88 32 120 0.466667 28
879 49 104 153 -0.359477 32
880 94 84 178 0.0561798 35
881 126 16 142 0.774648 27
882 80 98 178 -0.101124 34
883 60 87 147 -0.183673 30
884 94 35 129 0.457364 25
885 23 139 162 -0.716049 28
886 31 136 167 -0.628743 27
887 71 71 142 0 33
888 23 113 136 -0.661765 31
889 12 118 130 -0.815385 26
890 49 89 138 -0.289855 28
891 72 94 166 -0.13253 33
892 33 106 139 -0.52518 32
893 94 66 160 0.175 37
894 139 3 142 0.957746 21
895 76 34 110 0.381818 31
896 59 63 122 -0.0327869 28
897 24 104 128 -0.625 32
898 40 96 136 -0.411765 30
899 10 146 156 -0.871795 24
900 37 43 80 -0.075 27
901 92 61 153 0.202614 29
902 79 40 119 0.327731 24
903 11 134 145 -0.848276 27
904 110 33 143 0.538462 22
905 13 151 164 -0.841463 27
906 30 153 183 -0.672131 28
907 90 30 120 0.5 27
908 44 97 141 -0.375887 30
909 55 106 161 -0.31677 30
910 38 124 162 -0.530864 27
911 86 68 154 0.116883 31
912 120 27 147 0.632653 29
913 21 106 127 -0.669291 29
914 31 103 134 -0.537313 30
915 223 7 230 0.93913 19
916 38 110 148 -0.486486 24
917 46 66 112 -0.178571 32
918 40 141 181 -0.558011 35
919 149 46 195 0.528205 34
920 58 4 62 0.870968 19
921 36 97 133 -0.458647 28
922 78 69 147 0.0612245 35
923 80 70 150 0.0666667 30
924 117 6 123 0.902439 24
925 92 51 143 0.286713 32
926 149 10 159 0.874214 22
927 5 135 140 -0.928571 23
928 154 22 176 0.75 28
929 82 64 146 0.123288 35
930 63 73 136 -0.0735294 31
931 47 63 110 -0.145455 30
932 81 37 118 0.372881 31
933 135 2 137 0.970803 20
934 155 18 173 0.791908 27
935 93 29 122 0.52459 26
936 118 14 132 0.787879 28
937 4 179 183 -0.956284 20
938 104 46 150 0.386667 34
939 91 37 128 0.421875 33
940 16 172 188 -0.829787 30
941 18 129 147 -0.755102 26
942 68 105 173 -0.213873 36
943 60 84 144 -0.166667 29
944 79 43 122 0.295082 27
945 15 23 38 -0.210526 17
946 47 95 142 -0.338028 29
947 217 14 231 0.878788 18
948 9 54 63 -0.714286 25
949 18 173 191 -0.811518 28
950 11 172 183 -0.879781 29
951 34 92 126 -0.460317 26
952 90 44 134 0.343284 28
953 46 105 151 -0.390728 32
954 36 110 146 -0.506849 30
955 88 54 142 0.239437 32
956 134 16 150 0.786667 28
957 64 77 141 -0.0921986 31
958 79 75 154 0.025974 30
959 8 68 76 -0.789474 21
960 72 88 160 -0.1 29
961 7 174 181 -0.922652 23
962 56 58 114 -0.0175439 31
963 116 32 148 0.567568 33
964 98 48 146 0.342466 26
965 45 106 151 -0.403974 28
966 32 101 133 -0.518797 30
967 79 58 137 0.153285 34
968 85 56 141 0.205674 32
969 123 44 167 0.473054 32
970 8 147 155 -0.896774 26
971 5 70 75 -0.866667 13
972 109 32 141 0.546099 34
973 31 114 145 -0.572414 33
974 83 67 150 0.106667 32
975 117 12 129 0.813953 26
976 158 17 175 0.805714 28
977 77 103 180 -0.144444 35
978 86 87 173 -0.00578035 31
979 131 3 134 0.955224 20
980 63 96 159 -0.207547 26
981 67 86 153 -0.124183 28
982 30 118 148 -0.594595 26
983 104 13 117 0.777778 28
984 83 76 159 0.0440252 30
985 10 161 171 -0.883041 24
986 115 34 149 0.543624 30
987 7 130 137 -0.89781 24
988 6 123 129 -0.906977 24
989 69 70 139 -0.00719424 29
990 126 3 129 0.953488 20
991 99 45 144 0.375 30
992 9 169 178 -0.898876 24
993 96 56 152 0.263158 36
994 83 72 155 0.0709677 34
995 81 59 140 0.157143 28
996 111 57 168 0.321429 32
997 35 121 156 -0.551282 31
998 94 33 127 0.480315 30
999 34 122 156 -0.564103 26
1000 59 86 145 -0.186207 30
1001 76 37 113 0.345133 27
1002 115 60 175 0.314286 32
1003 166 33 199 0.668342 32
1004 135 19 154 0.753247 28
1005 31 139 170 -0.635294 32
1006 139 33 172 0.616279 27
1007 61 103 164 -0.256098 33
1008 55 99 154 -0.285714 33
1009 42 89 131 -0.358779 29
1010 98 49 147 0.333333 26
1011 160 17 177 0.80791 30
1012 78 54 132 0.181818 22
1013 20 163 183 -0.781421 25
1014 15 150 165 -0.818182 21
1015 57 91 148 -0.22973 32
1016 47 80 127 -0.259843 25
1017 46 108 154 -0.402597 30
1018 54 88 142 -0.239437 34
1019 85 38 123 0.382114 35
1020 26 134 160 -0.675 31
1021 91 16 107 0.700935 29
1022 72 71 143 0.00699301 32
1023 21 121 142 -0.704225 27
1024 117 43 160 0.4625 33
1025 13 116 129 -0.79845 30
1026 43 101 144 -0.402778 28
1027 91 29 120 0.516667 31
1028 139 5 144 0.930556 24
1029 73 42 115 0.269565 22
1030 143 11 154 0.857143 20
1031 70 25 95 0.473684 22
1032 109 21 130 0.676923 27
1033 29 120 149 -0.610738 32
1034 121 62 183 0.322404 35
1035 134 25 159 0.685535 21
1036 121 16 137 0.766423 25
1037 6 163 169 -0.928994 21
1038 39 123 162 -0.518519 32
1039 9 188 197 -0.908629 22
1040 152 22 174 0.747126 31
1041 107 37 144 0.486111 27
1042 111 44 155 0.432258 32
1043 84 48 132 0.272727 26
1044 107 29 136 0.573529 34
1045 42 100 142 -0.408451 31
1046 171 20 191 0.790576 30
1047 12 161 173 -0.861272 25
1048 63 52 115 0.0956522 29
1049 105 36 141 0.489362 28
1050 102 53 155 0.316129 26
1051 3 35 38 -0.842105 9
1052 122 13 135 0.807407 22
1053 14 180 194 -0.85567 27
1054 93 36 129 0.44186 29
1055 27 138 165 -0.672727 30
1056 66 52 118 0.118644 29
1057 97 49 146 0.328767 33
1058 41 152 193 -0.57513 35
1059 103 41 144 0.430556 30
1060 132 45 177 0.491525 32
1061 39 87 126 -0.380952 26
1062 49 95 144 -0.319444 32
1063 131 56 187 0.40107 32
1064 162 37 199 0.628141 32
1065 10 147 157 -0.872611 25
1066 133 28 161 0.652174 33
1067 112 40 152 0.473684 28
1068 62 100 162 -0.234568 30
1069 57 67 124 -0.0806452 35
1070 102 21 123 0.658537 26
1071 150 19 169 0.775148 26
1072 69 97 166 -0.168675 36
1073 46 84 130 -0.292308 33
1074 10 158 168 -0.880952 26
1075 193 30 223 0.730942 34
1076 68 74 142 -0.0422535 32
1077 82 70 152 0.0789474 30
1078 25 112 137 -0.635036 29
1079 73 84 157 -0.0700637 26
1080 41 89 130 -0.369231 28
1081 9 170 179 -0.899441 23
1082 147 23 170 0.729412 30
1083 48 58 106 -0.0943396 23
1084 49 73 122 -0.196721 34
1085 11 157 168 -0.869048 27
1086 112 13 125 0.792 27
1087 37 83 120 -0.383333 30
1088 10 149 159 -0.874214 25
1089 50 32 82 0.219512 28
1090 208 16 224 0.857143 25
1091 45 91 136 -0.338235 31
1092 110 35 145 0.517241 36
1093 104 15 119 0.747899 21
1094 134 16 150 0.786667 25
1095 88 43 131 0.343511 33
1096 87 25 112 0.553571 24
1097 17 118 135 -0.748148 32
1098 91 49 140 0.3 31
1099 16 150 166 -0.807229 30
1100 81 19 100 0.62 29
1101 142 9 151 0.880795 26
1102 54 104 158 -0.316456 32
1103 61 92 153 -0.202614 34
1104 63 118 181 -0.303867 31
1105 118 28 146 0.616438 32
1106 103 50 153 0.346405 31
1107 4 115 119 -0.932773 21
1108 41 121 162 -0.493827 29
1109 89 69 158 0.126582 29
1110 147 37 184 0.597826 33
1111 1 72 73 -0.972603 19
1112 184 13 197 0.86802 26
1113 79 79 158 0 30
1114 51 81 132 -0.227273 32
1115 90 75 165 0.0909091 34
1116 91 40 131 0.389313 28
1117 64 67 131 -0.0229008 29
1118 17 136 153 -0.777778 29
1119 97 52 149 0.302013 33
1120 65 67 132 -0.0151515 34
1121 26 105 131 -0.603053 28
1122 88 51 139 0.266187 33
1123 121 18 139 0.741007 24
1124 60 92 152 -0.210526 32
1125 60 68 128 -0.0625 30
1126 150 12 162 0.851852 29
1127 81 59 140 0.157143 29
1128 125 18 143 0.748252 30
1129 85 99 184 -0.076087 33
1130 172 13 185 0.859459 27
1131 108 64 172 0.255814 30
1132 133 35 168 0.583333 34
1133 165 11 176 0.875 25
1134 51 93 144 -0.291667 37
1135 25 112 137 -0.635036 32
1136 86 68 154 0.116883 31
1137 180 4 184 0.956522 23
1138 54 76 130 -0.169231 35
1139 3 183 186 -0.967742 16
1140 35 147 182 -0.615385 31
1141 132 14 146 0.808219 27
1142 90 62 152 0.184211 35
1143 115 18 133 0.729323 26
1144 52 58 110 -0.0545455 34
1145 34 90 124 -0.451613 32
1146 103 35 138 0.492754 33
1147 46 73 119 -0.226891 31
1148 64 82 146 -0.123288 30
1149 31 110 141 -0.560284 27
1150 96 49 145 0.324138 25
1151 85 68 153 0.111111 35
1152 16 124 140 -0.771429 28
1153 137 8 145 0.889655 25
1154 138 4 142 0.943662 22
1155 44 114 158 -0.443038 34
1156 76 82 158 -0.0379747 32
1157 56 86 142 -0.211268 30
1158 30 119 149 -0.597315 26
1159 94 44 138 0.362319 31
1160 101 65 166 0.216867 31
1161 30 107 137 -0.562044 29
1162 10 163 173 -0.884393 26
1163 50 83 133 -0.24812 32
1164 112 55 167 0.341317 36
1165 78 49 127 0.228346 30
1166 44 54 98 -0.102041 31
1167 60 66 126 -0.047619 34
1168 26 113 139 -0.625899 32
1169 3 132 135 -0.955556 21
1170 69 95 164 -0.158537 32
1171 90 66 156 0.153846 30
1172 30 92 122 -0.508197 31
1173 56 129 185 -0.394595 33
1174 91 46 137 0.328467 28
1175 70 50 120 0.166667 31
1176 90 53 143 0.258741 30
1177 134 38 172 0.55814 32
1178 12 140 152 -0.842105 27
1179 137 34 171 0.602339 26
1180 13 144 157 -0.834395 24
1181 45 101 146 -0.383562 33
1182 203 3 206 0.970874 21
1183 94 22 116 0.62069 24
1184 134 28 162 0.654321 27
1185 144 21 165 0.745455 32
1186 126 36 162 0.555556 28
1187 170 12 182 0.868132 29
1188 126 27 153 0.647059 31
1189 103 13 116 0.775862 24
1190 111 12 123 0.804878 23
1191 132 30 162 0.62963 26
1192 40 140 180 -0.555556 26
1193 46 85 131 -0.29771 30
1194 33 108 141 -0.531915 33
1195 72 56 128 0.125 28
1196 100 48 148 0.351351 31
1197 23 109 132 -0.651515 26
1198 110 29 139 0.582734 30
1199 52 106 158 -0.341772 32
1200 15 143 158 -0.810127 30
1201 118 28 146 0.616438 28
1202 86 51 137 0.255474 34
1203 63 80 143 -0.118881 27
1204 57 76 133 -0.142857 28
1205 78 71 149 0.0469799 33
1206 22 93 115 -0.617391 22
1207 70 70 140 0 32
1208 28 111 139 -0.597122 29
1209 31 113 144 -0.569444 33
1210 139 26 165 0.684848 29
1211 19 170 189 -0.798942 24
1212 124 31 155 0.6 32
1213 112 10 122 0.836066 27
1214 116 41 157 0.477707 35
1215 25 126 151 -0.668874 28
1216 29 125 154 -0.623377 31
1217 27 102 129 -0.581395 32
1218 137 24 161 0.701863 31
1219 85 48 133 0.278195 30
1220 75 58 133 0.12782 28
1221 18 133 151 -0.761589 27
1222 21 124 145 -0.710345 28
1223 18 99 117 -0.692308 31
1224 81 67 148 0.0945946 34
1225 81 93 174 -0.0689655 34
1226 86 100 186 -0.0752688 33
1227 170 13 183 0.857923 27
1228 124 7 131 0.89313 23
1229 104 29 133 0.56391 28
1230 92 29 121 0.520661 28
1231 139 26 165 0.684848 31
1232 15 162 177 -0.830508 29
1233 105 62 167 0.257485 32
1234 39 80 119 -0.344538 27
1235 49 102 151 -0.350993 34
1236 6 126 132 -0.909091 23
1237 20 135 155 -0.741935 28
1238 22 118 140 -0.685714 26
1239 110 43 153 0.437908 30
1240 60 88 148 -0.189189 27
1241 109 20 129 0.689922 23
1242 151 37 188 0.606383 30
1243 9 155 164 -0.890244 27
1244 54 59 113 -0.0442478 30
1245 28 109 137 -0.591241 32
1246 109 33 142 0.535211 32
1247 77 82 159 -0.0314465 36
1248 90 52 142 0.267606 25
1249 89 26 115 0.547826 29
1250 97 62 159 0.220126 31
1251 63 75 138 -0.0869565 31
1252 15 112 127 -0.76378 29
1253 39 90 129 -0.395349 28
1254 57 83 140 -0.185714 36
1255 20 94 114 -0.649123 26
1256 15 129 144 -0.791667 25
1257 109 53 162 0.345679 33
1258 87 81 168 0.0357143 29
1259 114 55 169 0.349112 33
1260 122 14 136 0.794118 27
1261 28 163 191 -0.706806 29
1262 99 65 164 0.207317 32
1263 88 65 153 0.150327 33
1264 79 71 150 0.0533333 35
1265 34 96 130 -0.476923 30
1266 120 21 141 0.702128 31
1267 41 130 171 -0.520468 34
1268 138 32 170 0.623529 33
1269 32 82 114 -0.438596 33
1270 48 110 158 -0.392405 29
1271 142 41 183 0.551913 37
1272 88 39 127 0.385827 31
1273 111 31 142 0.56338 33
1274 91 50 141 0.29078 28
1275 10 145 155 -0.870968 27
1276 95 33 128 0.484375 27
1277 59 59 118 0 28
1278 46 114 160 -0.425 29
1279 68 65 133 0.0225564 26
1280 9 90 99 -0.818182 24
1281 96 45 141 0.361702 34
1282 49 74 123 -0.203252 27
1283 33 149 182 -0.637363 32
1284 40 98 138 -0.42029 28
1285 31 98 129 -0.51938 32
1286 135 30 165 0.636364 32
1287 150 19 169 0.775148 27
1288 128 23 151 0.695364 30
1289 82 60 142 0.15493 28
1290 125 45 170 0.470588 29
1291 10 145 155 -0.870968 21
1292 167 29 196 0.704082 32
1293 33 89 122 -0.459016 24
1294 173 15 188 0.840426 30
1295 113 26 139 0.625899 28
1296 107 46 153 0.398693 30
1297 65 132 197 -0.340102 29
1298 14 146 160 -0.825 28
1299 15 176 191 -0.842932 20
1300 81 63 144 0.125 30
1301 5 170 175 -0.942857 21
1302 19 134 153 -0.751634 28
1303 141 37 178 0.58427 33
1304 34 99 133 -0.488722 27
1305 43 102 145 -0.406897 33
1306 98 59 157 0.248408 36
1307 109 40 149 0.463087 31
1308 97 39 136 0.426471 29
1309 181 11 192 0.885417 27
1310 147 20 167 0.760479 25
1311 176 16 192 0.833333 30
1312 5 242 247 -0.959514 21
1313 117 27 144 0.625 29
1314 111 20 131 0.694656 31
1315 38 70 108 -0.296296 23
1316 179 16 195 0.835897 25
1317 56 75 131 -0.145038 31
1318 43 69 112 -0.232143 30
1319 8 135 143 -0.888112 25
1320 47 84 131 -0.282443 33
1321 107 46 153 0.398693 33
1322 33 114 147 -0.55102 32
1323 42 115 157 -0.464968 25
1324 22 100 122 -0.639344 28
1325 35 87 122 -0.42623 32
1326 50 88 138 -0.275362 31
1327 51 102 153 -0.333333 33
1328 219 11 230 0.904348 23
1329 150 9 159 0.886792 20
1330 50 95 145 -0.310345 23
1331 62 60 122 0.0163934 34
1332 102 42 144 0.416667 31
1333 84 38 122 0.377049 26
1334 82 55 137 0.19708 33
1335 157 12 169 0.857988 23
1336 8 143 151 -0.89404 26
1337 13 175 188 -0.861702 27
1338 107 36 143 0.496503 22
1339 149 28 177 0.683616 26
1340 56 91 147 -0.238095 31
1341 17 110 127 -0.732283 30
1342 64 112 176 -0.272727 35
1343 50 117 167 -0.401198 29
1344 66 96 162 -0.185185 30
1345 118 25 143 0.65035 32
1346 36 74 110 -0.345455 27
1347 39 89 128 -0.390625 22
1348 115 32 147 0.564626 32
1349 69 75 144 -0.0416667 37
1350 12 121 133 -0.819549 28
1351 184 25 209 0.760766 28
1352 115 12 127 0.811024 29
1353 109 42 151 0.443709 26
1354 46 81 127 -0.275591 29
1355 22 101 123 -0.642276 28
1356 2 206 208 -0.980769 19
1357 18 215 233 -0.845494 26
1358 67 80 147 -0.0884354 32
1359 11 192 203 -0.891626 22
1360 77 34 111 0.387387 33
1361 10 127 137 -0.854015 28
1362 78 38 116 0.344828 34
1363 43 108 151 -0.430464 32
1364 100 76 176 0.136364 33
1365 51 62 113 -0.0973451 29
1366 114 7 121 0.884298 26
1367 9 136 145 -0.875862 23
1368 23 133 156 -0.705128 30
1369 139 20 159 0.748428 27
1370 146 18 164 0.780488 27
1371 90 37 127 0.417323 27
1372 74 58 132 0.121212 35
1373 185 8 193 0.917098 23
1374 58 83 141 -0.177305 30
1375 203 3 206 0.970874 21
1376 37 87 124 -0.403226 31
1377 80 65 145 0.103448 32
1378 71 90 161 -0.118012 32
1379 106 24 130 0.630769 30
1380 10 209 219 -0.908676 24
1381 11 193 204 -0.892157 19
1382 49 80 129 -0.24031 31
1383 17 128 145 -0.765517 30
1384 30 104 134 -0.552239 30
1385 79 94 173 -0.0867052 37
1386 34 62 96 -0.291667 32
1387 94 63 157 0.197452 29
1388 34 131 165 -0.587879 29
1389 16 171 187 -0.828877 22
1390 120 11 131 0.832061 27
1391 95 45 140 0.357143 33
1392 18 163 181 -0.801105 21
1393 12 86 98 -0.755102 28
1394 50 76 126 -0.206349 30
1395 13 191 204 -0.872549 26
1396 96 42 138 0.391304 29
1397 91 57 148 0.22973 35
1398 29 116 145 -0.6 32
1399 161 29 190 0.694737 31
1400 8 187 195 -0.917949 24
1401 76 68 144 0.0555556 32
1402 78 63 141 0.106383 33
1403 147 16 163 0.803681 27
1404 182 9 191 0.905759 25
1405 177 23 200 0.77 28
1406 146 12 158 0.848101 24
1407 51 112 163 -0.374233 26
1408 46 99 145 -0.365517 31
1409 59 68 127 -0.0708661 30
1410 89 57 146 0.219178 31
1411 199 2 201 0.9801 17
1412 35 143 178 -0.606742 28
1413 58 62 120 -0.0333333 28
1414 17 124 141 -0.758865 28
1415 92 24 116 0.586207 31
1416 70 68 138 0.0144928 34
1417 43 101 144 -0.402778 34
1418 48 83 131 -0.267176 27
1419 153 18 171 0.789474 28
1420 54 104 158 -0.316456 34
1421 97 17 114 0.701754 28
1422 47 82 129 -0.271318 30
1423 18 155 173 -0.791908 22
1424 24 133 157 -0.694268 33
1425 56 70 126 -0.111111 29
1426 32 110 142 -0.549296 34
1427 62 46 108 0.148148 26
1428 100 52 152 0.315789 35
1429 108 38 146 0.479452 30
1430 6 168 174 -0.931034 25
1431 75 86 161 -0.068323 33
1432 88 63 151 0.165563 31
1433 83 55 138 0.202899 33
1434 122 12 134 0.820896 24
1435 58 47 105 0.104762 31
1436 47 86 133 -0.293233 29
1437 183 8 191 0.91623 23
1438 180 4 184 0.956522 22
1439 65 56 121 0.0743802 28
1440 37 68 105 -0.295238 29
1441 18 107 125 -0.712 27
1442 28 91 119 -0.529412 33
1443 126 9 135 0.866667 21
1444 37 107 144 -0.486111 28
1445 128 29 157 0.630573 32
1446 100 30 130 0.538462 31
1447 64 88 152 -0.157895 33
1448 125 25 150 0.666667 26
1449 102 58 160 0.275 25
1450 35 111 146 -0.520548 30
1451 21 84 105 -0.6 24
1452 89 66 155 0.148387 34
1453 71 66 137 0.0364964 31
1454 17 146 163 -0.791411 22
1455 144 18 162 0.777778 29
1456 91 61 152 0.197368 30
1457 42 114 156 -0.461538 33
1458 42 128 170 -0.505882 32
1459 68 49 117 0.162393 26
1460 70 115 185 -0.243243 33
1461 135 8 143 0.888112 24
1462 36 102 138 -0.478261 32
1463 22 150 172 -0.744186 30
1464 103 22 125 0.648 29
1465 61 43 104 0.173077 30
1466 73 94 167 -0.125749 31
1467 33 121 154 -0.571429 28
1468 27 158 185 -0.708108 28
1469 29 101 130 -0.553846 28
1470 117 32 149 0.57047 29
1471 7 145 152 -0.907895 23
1472 34 90 124 -0.451613 30
1473 155 30 185 0.675676 30
1474 126 5 131 0.923664 21
1475 79 72 151 0.0463576 30
1476 6 113 119 -0.89916 24
1477 4 173 177 -0.954802 22
1478 103 52 155 0.329032 27
1479 45 93 138 -0.347826 32
1480 105 31 136 0.544118 24
1481 33 118 151 -0.562914 32
1482 47 59 106 -0.113208 31
1483 36 94 130 -0.446154 29
1484 104 15 119 0.747899 24
1485 68 45 113 0.20354 34
1486 61 31 92 0.326087 33
1487 23 163 186 -0.752688 29
1488 56 97 153 -0.267974 35
1489 35 93 128 -0.453125 31
1490 76 65 141 0.0780142 33
1491 74 50 124 0.193548 30
1492 41 155 196 -0.581633 25
1493 78 54 132 0.181818 30
1494 27 99 126 -0.571429 31
1495 35 149 184 -0.619565 27
1496 58 51 109 0.0642202 33
1497 176 8 184 0.913043 25
1498 87 32 119 0.462185 28
1499 76 63 139 0.0935252 33
1500 136 28 164 0.658537 30
1501 102 20 122 0.672131 27
1502 76 60 136 0.117647 29
1503 111 41 152 0.460526 30
1504 122 35 157 0.55414 32
1505 36 118 154 -0.532468 25
1506 84 58 142 0.183099 35
1507 114 33 147 0.55102 32
1508 117 46 163 0.435583 29
1509 62 61 123 0.00813008 30
1510 144 32 176 0.636364 35
1511 61 100 161 -0.242236 34
1512 35 115 150 -0.533333 29
1513 83 42 125 0.328 29
1514 119 42 161 0.478261 23
1515 123 52 175 0.405714 29
1516 85 22 107 0.588785 29
1517 53 74 127 -0.165354 31
1518 24 116 140 -0.657143 29
1519 116 23 139 0.669065 26
1520 84 62 146 0.150685 32
1521 105 42 147 0.428571 32
1522 84 56 140 0.2 27
1523 50 85 135 -0.259259 27
1524 79 90 169 -0.0650888 34
1525 30 121 151 -0.602649 25
1526 127 23 150 0.693333 30
1527 69 58 127 0.0866142 31
1528 101 18 119 0.697479 30
1529 59 104 163 -0.276074 31
1530 90 42 132 0.363636 29
1531 68 72 140 -0.0285714 29
1532 21 123 144 -0.708333 30
1533 114 14 128 0.78125 27
1534 54 114 168 -0.357143 27
1535 181 14 195 0.85641 25
1536 81 55 136 0.191176 34
1537 60 113 173 -0.306358 34
1538 132 40 172 0.534884 34
1539 122 29 151 0.615894 31
1540 54 102 156 -0.307692 35
1541 101 33 134 0.507463 35
1542 19 141 160 -0.7625 32
1543 52 52 104 0 33
1544 68 75 143 -0.048951 28
1545 109 36 145 0.503448 29
1546 52 101 153 -0.320261 31
1547 123 39 162 0.518519 29
1548 3 163 166 -0.963855 22
1549 34 73 107 -0.364486 24
1550 49 117 166 -0.409639 33
1551 156 10 166 0.879518 25
1552 205 12 217 0.889401 21
1553 18 86 104 -0.653846 18
1554 69 61 130 0.0615385 26
1555 57 77 134 -0.149254 28
1556 25 125 150 -0.666667 27
1557 13 141 154 -0.831169 25
1558 83 66 149 0.114094 31
1559 28 18 46 0.217391 23
1560 79 71 150 0.0533333 33
1561 124 16 140 0.771429 30
1562 143 11 154 0.857143 27
1563 14 166 180 -0.844444 23
1564 79 75 154 0.025974 34
1565 9 192 201 -0.910448 25
1566 31 115 146 -0.575342 33
1567 88 62 150 0.173333 35
1568 105 19 124 0.693548 22
1569 5 125 130 -0.923077 24
1570 33 99 132 -0.5 30
1571 113 51 164 0.378049 34
1572 103 26 129 0.596899 28
1573 37 94 131 -0.435115 31
1574 101 21 122 0.655738 29
1575 72 69 141 0.0212766 34
1576 41 78 119 -0.310924 33
1577 80 79 159 0.00628931 34
1578 127 36 163 0.558282 30
1579 97 22 119 0.630252 27
1580 26 128 154 -0.662338 31
1581 94 67 161 0.167702 33
1582 66 88 154 -0.142857 32
1583 195 17 212 0.839623 28
1584 40 116 156 -0.487179 35
1585 6 116 122 -0.901639 24
1586 10 118 128 -0.84375 24
1587 145 11 156 0.858974 26
1588 51 143 194 -0.474227 31
1589 100 23 123 0.626016 25
1590 24 115 139 -0.654676 31
1591 14 163 177 -0.841808 23
1592 14 140 154 -0.818182 28
1593 42 68 110 -0.236364 30
1594 62 67 129 -0.0387597 31
1595 143 29 172 0.662791 32
1596 27 140 167 -0.676647 29
1597 6 140 146 -0.917808 21
1598 55 58 113 -0.0265487 30
1599 10 147 157 -0.872611 26
1600 95 63 158 0.202532 32
1601 37 117 154 -0.519481 31
1602 90 8 98 0.836735 23
1603 101 66 167 0.209581 29
1604 90 49 139 0.294964 30
1605 79 43 122 0.295082 26
1606 13 168 181 -0.856354 27
1607 157 20 177 0.774011 29
1608 108 33 141 0.531915 30
1609 228 14 242 0.884298 23
1610 38 92 130 -0.415385 30
1611 36 119 155 -0.535484 32
1612 10 169 179 -0.888268 25
1613 147 7 154 0.909091 25
1614 19 127 146 -0.739726 31
1615 33 117 150 -0.56 36
1616 84 49 133 0.263158 34
1617 120 13 133 0.804511 25
1618 57 51 108 0.0555556 23
1619 10 213 223 -0.910314 24
1620 108 65 173 0.248555 35
1621 53 82 135 -0.214815 29
1622 117 36 153 0.529412 32
1623 55 97 152 -0.276316 31
1624 65 95 160 -0.1875 35
1625 66 42 108 0.222222 26
1626 125 30 155 0.612903 31
1627 137 14 151 0.81457 25
1628 28 133 161 -0.652174 34
1629 76 73 149 0.0201342 32
1630 118 15 133 0.774436 30
1631 19 113 132 -0.712121 24
1632 24 105 129 -0.627907 29
1633 46 95 141 -0.347518 26
1634 1 145 146 -0.986301 20
1635 121 12 133 0.819549 25
1636 136 18 154 0.766234 30
1637 47 109 156 -0.397436 34
1638 41 105 146 -0.438356 31
1639 132 8 140 0.885714 23
1640 96 38 134 0.432836 28
1641 164 28 192 0.708333 30
1642 140 5 145 0.931034 23
1643 108 21 129 0.674419 21
1644 44 97 141 -0.375887 33
1645 20 133 153 -0.738562 29
1646 148 14 162 0.82716 28
1647 54 48 102 0.0588235 33
1648 75 53 128 0.171875 30
1649 40 77 117 -0.316239 27
1650 55 103 158 -0.303797 36
1651 13 124 137 -0.810219 25
1652 144 10 154 0.87013 26
1653 86 73 159 0.081761 33
1654 37 121 158 -0.531646 33
1655 30 88 118 -0.491525 26
1656 42 120 162 -0.481481 34
1657 47 73 120 -0.216667 29
1658 92 79 171 0.0760234 32
1659 93 85 178 0.0449438 34
1660 39 100 139 -0.438849 28
1661 145 31 176 0.647727 27
1662 68 78 146 -0.0684932 27
1663 163 7 170 0.917647 25
1664 116 13 129 0.79845 27
1665 77 60 137 0.124088 25
1666 168 0 168 1 14
1667 32 139 171 -0.625731 32
1668 113 40 153 0.477124 34
1669 112 24 136 0.647059 27
1670 47 72 119 -0.210084 33
1671 94 18 112 0.678571 26
1672 120 31 151 0.589404 28
1673 27 120 147 -0.632653 28
1674 84 65 149 0.127517 34
1675 61 50 111 0.0990991 29
1676 55 90 145 -0.241379 33
1677 86 92 178 -0.0337079 37
1678 139 33 172 0.616279 32
1679 98 31 129 0.51938 30
1680 29 85 114 -0.491228 28
1681 5 156 161 -0.937888 24
1682 155 12 167 0.856287 22
1683 147 25 172 0.709302 30
1684 77 74 151 0.0198675 32
1685 152 10 162 0.876543 27
1686 44 156 200 -0.56 34
1687 92 27 119 0.546218 31
1688 34 121 155 -0.56129 30
1689 141 24 165 0.709091 31
1690 127 38 165 0.539394 30
1691 99 38 137 0.445255 30
1692 36 95 131 -0.450382 29
1693 14 119 133 -0.789474 25
1694 10 161 171 -0.883041 19
1695 77 57 134 0.149254 30
1696 22 87 109 -0.59633 26
1697 147 5 152 0.934211 24
1698 135 14 149 0.812081 28
1699 80 63 143 0.118881 33
1700 106 7 113 0.876106 25
1701 104 43 147 0.414966 30
1702 54 54 108 0 30
1703 6 207 213 -0.943662 19
1704 55 95 150 -0.266667 25
1705 35 57 92 -0.23913 21
1706 50 93 143 -0.300699 31
1707 77 69 146 0.0547945 34
1708 112 35 147 0.52381 34
1709 97 23 120 0.616667 28
1710 143 29 172 0.662791 29
1711 87 55 142 0.225352 35
1712 20 164 184 -0.782609 26
1713 101 46 147 0.37415 28
1714 4 35 39 -0.794872 17
1715 3 191 194 -0.969072 20
1716 21 180 201 -0.791045 26
1717 144 6 150 0.92 23
1718 50 94 144 -0.305556 30
1719 58 82 140 -0.171429 25
1720 69 58 127 0.0866142 34
1721 80 76 156 0.025641 34
1722 56 79 135 -0.17037 31
1723 53 33 86 0.232558 25
1724 138 7 145 0.903448 24
1725 17 156 173 -0.803468 23
1726 71 36 107 0.327103 27
1727 32 114 146 -0.561644 33
1728 25 141 166 -0.698795 31
1729 91 34 125 0.456 28
1730 80 72 152 0.0526316 30
1731 54 80 134 -0.19403 27
1732 22 113 135 -0.674074 26
1733 90 11 101 0.782178 22
1734 116 47 163 0.423313 32
1735 112 29 141 0.588652 31
1736 56 113 169 -0.337278 32
1737 44 117 161 -0.453416 24
1738 133 32 165 0.612121 32
1739 76 20 96 0.583333 27
1740 64 89 153 -0.163399 36
1741 45 123 168 -0.464286 29
1742 13 136 149 -0.825503 28
1743 10 136 146 -0.863014 25
1744 41 86 127 -0.354331 24
1745 129 32 161 0.602484 29
1746 93 41 134 0.38806 32
1747 13 175 188 -0.861702 22
1748 22 99 121 -0.636364 27
1749 165 7 172 0.918605 25
1750 43 79 122 -0.295082 35
1751 5 133 138 -0.927536 22
1752 25 87 112 -0.553571 28
1753 46 25 71 0.295775 31
1754 27 74 101 -0.465347 23
1755 120 47 167 0.437126 29
1756 82 69 151 0.0860927 31
1757 114 20 134 0.701493 26
1758 54 84 138 -0.217391 37
1759 60 76 136 -0.117647 30
1760 122 48 170 0.435294 36
1761 32 109 141 -0.546099 22
1762 34 118 152 -0.552632 33
1763 73 6 79 0.848101 19
1764 54 103 157 -0.312102 30
1765 13 93 106 -0.754717 26
1766 51 71 122 -0.163934 30
1767 124 49 173 0.433526 32
1768 165 24 189 0.746032 27
1769 89 43 132 0.348485 35
1770 130 14 144 0.805556 27
1771 163 16 179 0.821229 25
1772 89 72 161 0.10559 35
1773 105 41 146 0.438356 27
1774 20 133 153 -0.738562 27
1775 52 76 128 -0.1875 27
1776 195 6 201 0.940299 22
1777 101 21 122 0.655738 29
1778 48 93 141 -0.319149 31
1779 76 63 139 0.0935252 35
1780 26 113 139 -0.625899 25
1781 116 18 134 0.731343 29
1782 45 104 149 -0.395973 33
1783 31 112 143 -0.566434 26
1784 50 130 180 -0.444444 31
1785 7 67 74 -0.810811 14
1786 48 100 148 -0.351351 35
1787 82 69 151 0.0860927 27
1788 120 39 159 0.509434 33
1789 59 91 150 -0.213333 28
1790 37 113 150 -0.506667 33
1791 37 84 121 -0.38843 32
1792 117 14 131 0.78626 25
1793 49 82 131 -0.251908 27
1794 186 10 196 0.897959 23
1795 41 99 140 -0.414286 25
1796 78 67 145 0.0758621 34
1797 69 83 152 -0.0921053 29
1798 85 97 182 -0.0659341 32
1799 14 109 123 -0.772358 25
1800 35 151 186 -0.623656 24
1801 106 51 157 0.350318 34
1802 144 21 165 0.745455 28
1803 46 111 157 -0.414013 33
1804 67 80 147 -0.0884354 29
1805 173 8 181 0.911602 23
1806 9 126 135 -0.866667 24
1807 72 68 140 0.0285714 29
1808 40 99 139 -0.42446 35
1809 42 103 145 -0.42069 28
1810 15 167 182 -0.835165 23
1811 38 76 114 -0.333333 32
1812 14 133 147 -0.809524 30
1813 110 28 138 0.594203 26
1814 87 5 92 0.891304 22
1815 134 42 176 0.522727 28
1816 68 53 121 0.123967 31
1817 69 97 166 -0.168675 28
1818 100 66 166 0.204819 36
1819 19 166 185 -0.794595 27
1820 42 73 115 -0.269565 28
1821 81 19 100 0.62 26
1822 99 60 159 0.245283 31
1823 49 53 102 -0.0392157 28
1824 17 71 88 -0.613636 27
1825 13 197 210 -0.87619 21
1826 114 23 137 0.664234 23
1827 81 52 133 0.218045 29
1828 59 36 95 0.242105 28
1829 9 152 161 -0.888199 24
1830 163 8 171 0.906433 27
1831 102 39 141 0.446809 34
1832 134 7 141 0.900709 25
1833 112 52 164 0.365854 36
1834 122 31 153 0.594771 32
1835 154 20 174 0.770115 28
1836 23 169 192 -0.760417 30
1837 92 36 128 0.4375 30
1838 55 48 103 0.0679612 32
1839 19 151 170 -0.776471 30
1840 99 34 133 0.488722 26
1841 30 111 141 -0.574468 32
1842 34 6 40 0.7 15
1843 60 20 80 0.5 25
1844 121 9 130 0.861538 25
1845 151 24 175 0.725714 27
1846 53 110 163 -0.349693 27
1847 6 187 193 -0.937824 20
1848 51 72 123 -0.170732 37
1849 166 10 176 0.886364 24
1850 52 72 124 -0.16129 27
1851 142 11 153 0.856209 26
1852 58 85 143 -0.188811 35
1853 55 87 142 -0.225352 31
1854 65 31 96 0.354167 28
1855 74 78 152 -0.0263158 25
1856 44 74 118 -0.254237 29
1857 80 41 121 0.322314 33
1858 28 105 133 -0.578947 32
1859 64 80 144 -0.111111 31
1860 136 30 166 0.638554 31
1861 117 19 136 0.720588 29
1862 35 98 133 -0.473684 22
1863 62 92 154 -0.194805 29
1864 153 14 167 0.832335 25
1865 16 150 166 -0.807229 23
1866 4 52 56 -0.857143 11
1867 110 37 147 0.496599 31
1868 62 85 147 -0.156463 31
1869 24 84 108 -0.555556 30
1870 115 45 160 0.4375 28
1871 176 14 190 0.852632 28
1872 194 16 210 0.847619 28
1873 69 69 138 0 33
1874 23 127 150 -0.693333 30
1875 136 27 163 0.668712 28
1876 59 132 191 -0.382199 34
1877 160 14 174 0.83908 23
1878 10 123 133 -0.849624 27
1879 91 52 143 0.272727 34
1880 53 44 97 0.0927835 35
1881 203 2 205 0.980488 18
1882 15 84 99 -0.69697 24
1883 139 21 160 0.7375 29
1884 37 155 192 -0.614583 32
1885 42 135 177 -0.525424 32
1886 25 140 165 -0.69697 26
1887 38 36 74 0.027027 27
1888 69 65 134 0.0298507 32
1889 24 116 140 -0.657143 27
1890 77 81 158 -0.0253165 33
1891 32 110 142 -0.549296 33
1892 125 22 147 0.70068 32
1893 52 96 148 -0.297297 30
1894 94 42 136 0.382353 28
1895 105 21 126 0.666667 25
1896 44 81 125 -0.296 32
1897 106 51 157 0.350318 31
1898 62 75 137 -0.0948905 31
1899 52 102 154 -0.324675 36
1900 72 67 139 0.0359712 32
1901 55 33 88 0.25 26
1902 132 5 137 0.927007 21
1903 51 65 116 -0.12069 26
1904 6 164 170 -0.929412 24
1905 60 55 115 0.0434783 31
1906 42 104 146 -0.424658 27
1907 119 8 127 0.874016 24
1908 32 172 204 -0.686275 31
1909 94 61 155 0.212903 35
1910 11 123 134 -0.835821 26
1911 16 182 198 -0.838384 18
1912 110 30 140 0.571429 25
1913 2 114 116 -0.965517 9
1914 80 45 125 0.28 23
1915 102 46 148 0.378378 31
1916 14 146 160 -0.825 32
1917 225 3 228 0.973684 22
1918 13 163 176 -0.852273 28
1919 64 82 146 -0.123288 33
1920 129 32 161 0.602484 22
1921 32 101 133 -0.518797 31
1922 64 67 131 -0.0229008 27
1923 91 63 154 0.181818 31
1924 23 128 151 -0.695364 26
1925 113 15 128 0.765625 26
1926 227 1 228 0.991228 13
1927 90 52 142 0.267606 29
1928 4 53 57 -0.859649 18
1929 116 44 160 0.45 34
1930 65 124 189 -0.312169 31
1931 143 31 174 0.643678 28
1932 83 63 146 0.136986 30
1933 66 62 128 0.03125 30
1934 138 34 172 0.604651 29
1935 45 52 97 -0.0721649 27
1936 17 135 152 -0.776316 30
1937 46 91 137 -0.328467 31
1938 13 126 139 -0.81295 29
1939 133 31 164 0.621951 28
1940 130 33 163 0.595092 29
1941 126 31 157 0.605096 28
1942 140 16 156 0.794872 29
1943 93 64 157 0.184713 35
1944 55 72 127 -0.133858 31
1945 14 131 145 -0.806897 22
1946 28 130 158 -0.64557 35
1947 69 94 163 -0.153374 27
1948 20 205 225 -0.822222 31
1949 105 31 136 0.544118 33
1950 84 60 144 0.166667 32
1951 88 45 133 0.323308 28
1952 159 28 187 0.700535 27
1953 112 17 129 0.736434 26
1954 72 47 119 0.210084 27
1955 6 175 181 -0.933702 23
1956 71 66 137 0.0364964 28
1957 52 71 123 -0.154472 35
1958 80 90 170 -0.0588235 36
1959 68 97 165 -0.175758 33
1960 15 106 121 -0.752066 28
1961 94 43 137 0.372263 30
1962 16 121 137 -0.766423 27
1963 85 45 130 0.307692 27
1964 66 111 177 -0.254237 34
1965 100 19 119 0.680672 27
1966 45 109 154 -0.415584 33
1967 126 53 179 0.407821 28
1968 131 31 162 0.617284 33
1969 99 59 158 0.253165 30
1970 46 73 119 -0.226891 34
1971 58 50 108 0.0740741 29
1972 57 50 107 0.0654206 26
1973 87 51 138 0.26087 35
1974 102 29 131 0.557252 22
1975 23 158 181 -0.745856 30
1976 57 72 129 -0.116279 29
1977 74 52 126 0.174603 27
1978 103 32 135 0.525926 32
1979 61 80 141 -0.134752 30
1980 24 35 59 -0.186441 21
1981 49 65 114 -0.140351 32
1982 79 101 180 -0.122222 32
1983 61 139 200 -0.39 27
1984 5 135 140 -0.928571 22
1985 77 13 90 0.711111 26
1986 93 26 119 0.563025 28
1987 25 139 164 -0.695122 27
1988 160 28 188 0.702128 28
1989 20 115 135 -0.703704 24
1990 31 114 145 -0.572414 30
1991 15 154 169 -0.822485 27
1992 9 182 191 -0.905759 24
1993 18 155 173 -0.791908 25
1994 42 70 112 -0.25 29
1995 43 133 176 -0.511364 32
1996 120 28 148 0.621622 29
1997 6 158 164 -0.926829 22
1998 48 97 145 -0.337931 34
1999 32 101 133 -0.518797 30
2000 10 106 116 -0.827586 25
2001 107 38 145 0.475862 32
2002 15 139 154 -0.805195 31
2003 116 22 138 0.681159 21
2004 118 6 124 0.903226 24
2005 37 155 192 -0.614583 29
2006 68 51 119 0.142857 30
2007 31 13 44 0.409091 18
2008 171 11 182 0.879121 23
2009 187 22 209 0.789474 30
2010 91 46 137 0.328467 29
2011 140 10 150 0.866667 25
2012 11 200 211 -0.895735 25
2013 50 63 113 -0.115044 29
2014 105 40 145 0.448276 28
2015 9 193 202 -0.910891 23
2016 17 187 204 -0.833333 30
2017 152 3 155 0.96129 22
2018 140 39 179 0.564246 30
2019 105 42 147 0.428571 34
2020 141 20 161 0.751553 30
2021 77 56 133 0.157895 34
2022 160 24 184 0.73913 22
2023 105 48 153 0.372549 31
2024 88 28 116 0.517241 33
2025 25 25 50 0 21
2026 66 78 144 -0.0833333 34
2027 74 34 108 0.37037 25
2028 62 81 143 -0.132867 26
2029 55 79 134 -0.179104 32
2030 80 52 132 0.212121 34
2031 125 29 154 0.623377 27
2032 21 164 185 -0.772973 25
2033 153 15 168 0.821429 31
2034 124 39 163 0.521472 32
2035 94 81 175 0.0742857 34
2036 106 49 155 0.367742 29
2037 46 131 177 -0.480226 30
2038 31 149 180 -0.655556 30
2039 91 86 177 0.0282486 32
2040 73 82 155 -0.0580645 34
2041 81 58 139 0.165468 34
2042 16 72 88 -0.636364 25
2043 72 64 136 0.0588235 34
2044 76 47 123 0.235772 27
2045 3 208 211 -0.971564 18
2046 155 27 182 0.703297 30
2047 35 147 182 -0.615385 27
2048 62 64 126 -0.015873 29
2049 17 8 25 0.36 17
2050 76 77 153 -0.00653595 33
2051 103 32 135 0.525926 33
2052 78 26 104 0.5 33
2053 15 165 180 -0.833333 23
2054 212 11 223 0.901345 24
2055 6 197 203 -0.940887 21
2056 169 9 178 0.898876 26
2057 134 29 163 0.644172 27
2058 11 127 138 -0.84058 27
2059 129 47 176 0.465909 30
2060 119 49 168 0.416667 30
2061 87 34 121 0.438017 28
2062 19 108 127 -0.700787 22
2063 90 30 120 0.5 27
2064 16 137 153 -0.79085 29
2065 55 59 114 -0.0350877 27
2066 94 45 139 0.352518 32
2067 8 75 83 -0.807229 26
2068 22 139 161 -0.726708 26
2069 76 27 103 0.475728 31
2070 118 28 146 0.616438 32
2071 156 10 166 0.879518 28
2072 85 64 149 0.14094 33
2073 26 133 159 -0.672956 28
2074 13 153 166 -0.843373 24
2075 99 30 129 0.534884 32
2076 73 61 134 0.0895522 35
2077 80 55 135 0.185185 30
2078 139 12 151 0.84106 20
2079 96 19 115 0.669565 26
2080 10 163 173 -0.884393 27
2081 22 128 150 -0.706667 28
2082 20 112 132 -0.69697 30
2083 62 73 135 -0.0814815 34
2084 52 85 137 -0.240876 30
2085 57 118 175 -0.348571 35
2086 83 56 139 0.194245 31
2087 3 196 199 -0.969849 14
2088 28 83 111 -0.495495 27
2089 55 98 153 -0.281046 28
2090 52 82 134 -0.223881 24
2091 144 26 170 0.694118 31
2092 21 142 163 -0.742331 26
2093 40 79 119 -0.327731 29
2094 61 87 148 -0.175676 26
2095 166 14 180 0.844444 27
2096 93 3 96 0.9375 21
2097 49 86 135 -0.274074 32
2098 45 96 141 -0.361702 34
2099 63 92 155 -0.187097 33
2100 55 57 112 -0.0178571 23
2101 56 95 151 -0.258278 32
2102 23 116 139 -0.669065 30
2103 25 110 135 -0.62963 28
2104 54 91 145 -0.255172 32
2105 15 31 46 -0.347826 15
2106 117 58 175 0.337143 29
2107 33 126 159 -0.584906 34
2108 77 55 132 0.166667 27
2109 43 94 137 -0.372263 30
2110 16 185 201 -0.840796 30
2111 126 22 148 0.702703 27
2112 66 67 133 -0.0075188 32
2113 39 89 128 -0.390625 33
2114 96 34 130 0.476923 27
2115 77 45 122 0.262295 31
2116 60 68 128 -0.0625 31
2117 32 86 118 -0.457627 27
2118 61 96 157 -0.22293 30
2119 9 194 203 -0.91133 23
2120 77 50 127 0.212598 33
2121 19 117 136 -0.720588 29
2122 135 23 158 0.708861 24
2123 10 177 187 -0.893048 23
2124 42 113 155 -0.458065 31
2125 6 156 162 -0.925926 23
2126 140 6 146 0.917808 24
2127 66 32 98 0.346939 32
2128 42 121 163 -0.484663 32
2129 164 13 177 0.853107 25
2130 70 54 124 0.129032 30
2131 71 80 151 -0.0596026 27
2132 68 77 145 -0.062069 31
2133 94 41 135 0.392593 28
2134 25 155 180 -0.722222 34
2135 22 132 154 -0.714286 27
2136 97 58 155 0.251613 33
2137 35 110 145 -0.517241 32
2138 23 123 146 -0.684932 31
2139 36 92 128 -0.4375 29
2140 113 11 124 0.822581 26
2141 137 21 158 0.734177 26
2142 111 13 124 0.790323 28
2143 109 6 115 0.895652 24
2144 84 52 136 0.235294 29
2145 101 59 160 0.2625 35
2146 109 28 137 0.591241 28
2147 20 94 114 -0.649123 28
2148 10 43 53 -0.622642 23
2149 197 3 200 0.97 19
2150 9 151 160 -0.8875 20
2151 136 3 139 0.956835 21
2152 71 59 130 0.0923077 31
2153 153 16 169 0.810651 28
2154 40 70 110 -0.272727 32
2155 45 110 155 -0.419355 32
2156 51 95 146 -0.30137 30
2157 35 91 126 -0.444444 33
2158 97 33 130 0.492308 29
2159 24 130 154 -0.688312 33
2160 114 31 145 0.572414 31
2161 31 119 150 -0.586667 26
2162 113 68 181 0.248619 27
2163 50 72 122 -0.180328 28
2164 34 102 136 -0.5 29
2165 65 64 129 0.00775194 33
2166 175 11 186 0.88172 20
2167 27 140 167 -0.676647 32
2168 32 88 120 -0.466667 25
2169 56 49 105 0.0666667 28
2170 82 63 145 0.131034 30
2171 67 77 144 -0.0694444 28
2172 95 55 150 0.266667 29
2173 12 183 195 -0.876923 22
2174 152 17 169 0.798817 29
2175 110 58 168 0.309524 36
2176 7 133 140 -0.9 22
2177 215 10 225 0.911111 24
2178 67 68 135 -0.00740741 34
2179 126 37 163 0.546012 26
2180 51 101 152 -0.328947 34
2181 128 40 168 0.52381 36
2182 65 55 120 0.0833333 28
2183 58 125 183 -0.36612 32
2184 18 125 143 -0.748252 29
2185 106 26 132 0.606061 30
2186 96 40 136 0.411765 31
2187 55 119 174 -0.367816 31
2188 92 58 150 0.226667 31
2189 10 140 150 -0.866667 25
2190 18 129 147 -0.755102 25
2191 33 103 136 -0.514706 28
2192 108 30 138 0.565217 30
2193 32 116 148 -0.567568 35
2194 141 33 174 0.62069 27
2195 29 163 192 -0.697917 22
2196 135 37 172 0.569767 31
2197 66 61 127 0.0393701 33
2198 108 41 149 0.449664 30
2199 70 71 141 -0.0070922 27
2200 69 101 170 -0.188235 33
2201 136 24 160 0.7 32
2202 44 83 127 -0.307087 31
2203 33 99 132 -0.5 30
2204 78 72 150 0.04 32
2205 20 111 131 -0.694656 29
2206 180 10 190 0.894737 25
2207 82 54 136 0.205882 26
2208 13 102 115 -0.773913 23
2209 155 10 165 0.878788 25
2210 18 126 144 -0.75 30
2211 139 25 164 0.695122 30
2212 146 19 165 0.769697 29
2213 21 123 144 -0.708333 30
2214 6 181 187 -0.935829 14
2215 12 160 172 -0.860465 29
2216 34 125 159 -0.572327 27
2217 147 32 179 0.642458 32
2218 82 27 109 0.504587 24
2219 58 91 149 -0.221477 30
2220 69 66 135 0.0222222 31
2221 77 64 141 0.0921986 34
2222 55 76 131 -0.160305 30
2223 14 149 163 -0.828221 28
2224 92 35 127 0.448819 28
2225 72 62 134 0.0746269 26
2226 42 80 122 -0.311475 31
2227 172 30 202 0.70297 31
2228 181 6 187 0.935829 20
2229 15 171 186 -0.83871 28
2230 10 166 176 -0.886364 24
2231 24 108 132 -0.636364 32
2232 73 87 160 -0.0875 31
2233 29 104 133 -0.56391 30
2234 82 54 136 0.205882 31
2235 45 101 146 -0.383562 32
2236 132 32 164 0.609756 33
2237 71 60 131 0.0839695 37
2238 145 20 165 0.757576 29
2239 68 65 133 0.0225564 32
2240 53 75 128 -0.171875 31
2241 18 126 144 -0.75 25
2242 53 27 80 0.325 28
2243 47 101 148 -0.364865 33
2244 157 16 173 0.815029 24
2245 54 72 126 -0.142857 32
2246 19 101 120 -0.683333 29
2247 42 104 146 -0.424658 33
2248 3 173 176 -0.965909 22
2249 122 35 157 0.55414 30
2250 13 124 137 -0.810219 29
2251 77 36 113 0.362832 31
2252 101 37 138 0.463768 31
2253 74 89 163 -0.0920245 31
2254 11 125 136 -0.838235 29
2255 17 137 154 -0.779221 28
2256 78 77 155 0.00645161 23
2257 58 117 175 -0.337143 29
2258 92 36 128 0.4375 32
2259 44 95 139 -0.366906 29
2260 87 76 163 0.0674847 35
2261 153 11 164 0.865854 26
2262 8 169 177 -0.909605 27
2263 78 56 134 0.164179 29
2264 29 116 145 -0.6 26
2265 64 44 108 0.185185 27
2266 98 41 139 0.410072 34
2267 144 27 171 0.684211 30
2268 72 76 148 -0.027027 31
2269 103 68 171 0.204678 32
2270 71 82 153 -0.0718954 29
2271 97 42 139 0.395683 28
2272 117 53 170 0.376471 31
2273 9 128 137 -0.868613 26
2274 60 166 226 -0.469027 35
2275 31 141 172 -0.639535 32
2276 150 8 158 0.898734 25
2277 8 134 142 -0.887324 26
2278 36 122 158 -0.544304 32
2279 66 97 163 -0.190184 27
2280 156 6 162 0.925926 23
2281 99 14 113 0.752212 27
2282 96 43 139 0.381295 33
2283 138 30 168 0.642857 32
2284 116 38 154 0.506494 32
2285 8 132 140 -0.885714 22
2286 71 64 135 0.0518519 29
2287 131 18 149 0.758389 26
2288 88 76 164 0.0731707 30
2289 66 83 149 -0.114094 32
2290 41 30 71 0.15493 24
2291 78 27 105 0.485714 23
2292 94 59 153 0.228758 27
2293 66 65 131 0.00763359 29
2294 88 75 163 0.0797546 30
2295 43 60 103 -0.165049 28
2296 86 43 129 0.333333 34
2297 53 103 156 -0.320513 32
2298 132 31 163 0.619632 32
2299 100 46 146 0.369863 27
2300 93 45 138 0.347826 30
2301 117 26 143 0.636364 32
2302 31 79 110 -0.436364 28
2303 95 22 117 0.623932 32
2304 90 30 120 0.5 25
2305 90 25 115 0.565217 29
2306 118 14 132 0.787879 25
2307 101 33 134 0.507463 30
2308 48 114 162 -0.407407 31
2309 137 5 142 0.929577 24
2310 77 102 179 -0.139665 30
2311 53 84 137 -0.226277 31
2312 199 1 200 0.99 20
2313 119 54 173 0.375723 34
2314 81 58 139 0.165468 31
2315 34 90 124 -0.451613 26
2316 16 136 152 -0.789474 28
2317 19 149 168 -0.77381 27
2318 136 37 173 0.572254 33
2319 44 104 148 -0.405405 32
2320 81 39 120 0.35 26
2321 5 157 162 -0.938272 22
2322 32 132 164 -0.609756 30
2323 12 124 136 -0.823529 27
2324 37 93 130 -0.430769 32
2325 192 10 202 0.90099 20
2326 137 19 156 0.75641 28
2327 62 70 132 -0.0606061 30
2328 53 97 150 -0.293333 36
2329 64 55 119 0.0756303 31
2330 36 101 137 -0.474453 30
2331 120 41 161 0.490683 28
2332 6 170 176 -0.931818 23
2333 82 87 169 -0.0295858 33
2334 56 63 119 -0.0588235 27
2335 26 159 185 -0.718919 30
2336 174 17 191 0.82199 23
2337 32 133 165 -0.612121 31
2338 112 32 144 0.555556 35
2339 136 42 178 0.52809 32
2340 111 20 131 0.694656 32
2341 76 82 158 -0.0379747 32
2342 34 117 151 -0.549669 28
2343 170 7 177 0.920904 24
2344 61 109 170 -0.282353 28
2345 108 29 137 0.576642 30
2346 80 52 132 0.212121 30
2347 109 22 131 0.664122 26
2348 66 70 136 -0.0294118 31
2349 88 16 104 0.692308 26
2350 30 134 164 -0.634146 29
2351 70 56 126 0.111111 28
2352 123 23 146 0.684932 26
2353 6 167 173 -0.930636 23
2354 51 102 153 -0.333333 26
2355 46 69 115 -0.2 21
2356 39 59 98 -0.204082 22
2357 109 74 183 0.191257 33
2358 45 114 159 -0.433962 31
2359 23 136 159 -0.710692 24
2360 11 114 125 -0.824 24
2361 21 109 130 -0.676923 29
2362 110 63 173 0.271676 34
2363 15 158 173 -0.82659 24
2364 150 20 170 0.764706 29
2365 42 128 170 -0.505882 34
2366 165 16 181 0.823204 21
2367 51 70 121 -0.157025 35
2368 99 35 134 0.477612 26
2369 28 95 123 -0.544715 30
2370 122 50 172 0.418605 30
2371 162 6 168 0.928571 19
2372 127 45 172 0.476744 34
2373 139 11 150 0.853333 28
2374 30 157 187 -0.679144 34
2375 77 43 120 0.283333 29
2376 83 45 128 0.296875 30
2377 100 64 164 0.219512 27
2378 61 89 150 -0.186667 35
2379 90 50 140 0.285714 31
2380 51 104 155 -0.341935 30
2381 151 5 156 0.935897 20
2382 76 55 131 0.160305 33
2383 208 13 221 0.882353 20
2384 62 55 117 0.0598291 29
2385 85 78 163 0.0429448 31
2386 67 75 142 -0.056338 30
2387 142 57 199 0.427136 35
2388 131 20 151 0.735099 29
2389 9 134 143 -0.874126 27
2390 39 114 153 -0.490196 33
2391 65 47 112 0.160714 30
2392 8 137 145 -0.889655 24
2393 64 63 127 0.00787402 29
2394 41 100 141 -0.41844 32
2395 29 134 163 -0.644172 31
2396 108 14 122 0.770492 26
2397 45 83 128 -0.296875 30
2398 138 15 153 0.803922 27
2399 38 130 168 -0.547619 28
2400 126 50 176 0.431818 31
2401 62 68 130 -0.0461538 28
2402 3 117 120 -0.95 19
2403 49 93 142 -0.309859 32
2404 62 115 177 -0.299435 34
2405 37 125 162 -0.54321 29
2406 79 28 107 0.476636 28
2407 186 14 200 0.86 23
2408 152 11 163 0.865031 25
2409 47 100 147 -0.360544 33
2410 43 109 152 -0.434211 30
2411 155 19 174 0.781609 26
2412 25 92 117 -0.57265 24
2413 148 4 152 0.947368 21
2414 121 16 137 0.766423 28
2415 16 139 155 -0.793548 27
2416 29 143 172 -0.662791 29
2417 43 116 159 -0.459119 33
2418 75 68 143 0.048951 32
2419 68 64 132 0.030303 26
2420 79 84 163 -0.0306748 31
2421 19 130 149 -0.744966 25
2422 64 62 126 0.015873 32
2423 48 124 172 -0.44186 31
2424 119 19 138 0.724638 29
2425 53 52 105 0.00952381 26
2426 70 86 156 -0.102564 32
2427 127 24 151 0.682119 31
2428 101 82 183 0.103825 27
2429 43 84 127 -0.322835 32
2430 137 10 147 0.863946 27
2431 85 31 116 0.465517 25
2432 38 110 148 -0.486486 27
2433 4 137 141 -0.943262 17
2434 71 73 144 -0.0138889 31
2435 47 94 141 -0.333333 30
2436 61 127 188 -0.351064 30
2437 130 8 138 0.884058 23
2438 22 110 132 -0.666667 31
2439 48 108 156 -0.384615 32
2440 44 90 134 -0.343284 28
2441 135 27 162 0.666667 24
2442 5 217 222 -0.954955 23
2443 38 115 153 -0.503268 32
2444 47 34 81 0.160494 34
2445 94 40 134 0.402985 31
2446 51 68 119 -0.142857 26
2447 122 20 142 0.71831 28
2448 80 72 152 0.0526316 32
2449 35 134 169 -0.585799 30
2450 103 4 107 0.925234 21
2451 68 59 127 0.0708661 27
2452 105 50 155 0.354839 29
2453 71 42 113 0.256637 31
2454 113 18 131 0.725191 26
2455 51 84 135 -0.244444 30
2456 34 109 143 -0.524476 29
2457 59 112 171 -0.309942 31
2458 6 132 138 -0.913043 18
2459 97 26 123 0.577236 27
2460 76 71 147 0.0340136 35
2461 37 68 105 -0.295238 27
2462 89 47 136 0.308824 29
2463 96 64 160 0.2 35
2464 97 66 163 0.190184 30
2465 16 182 198 -0.838384 18
2466 39 124 163 -0.521472 33
2467 125 31 156 0.602564 32
2468 63 88 151 -0.165563 34
2469 88 56 144 0.222222 35
2470 121 36 157 0.541401 28
2471 63 66 129 -0.0232558 30
2472 133 23 156 0.705128 30
2473 76 56 132 0.151515 30
2474 126 11 137 0.839416 25
2475 18 97 115 -0.686957 27
2476 84 65 149 0.127517 32
2477 137 21 158 0.734177 26
2478 139 14 153 0.816993 27
2479 102 54 156 0.307692 30
2480 126 2 128 0.96875 13
2481 9 191 200 -0.91 25
2482 22 101 123 -0.642276 32
2483 108 9 117 0.846154 24
2484 7 143 150 -0.906667 25
2485 135 39 174 0.551724 28
2486 132 33 165 0.6 32
2487 57 73 130 -0.123077 31
2488 41 13 54 0.518519 21
2489 94 38 132 0.424242 28
2490 104 53 157 0.324841 31
2491 80 61 141 0.134752 33
2492 129 37 166 0.554217 32
2493 58 73 131 -0.114504 30
2494 81 111 192 -0.15625 33
2495 34 114 148 -0.540541 30
2496 18 160 178 -0.797753 28
2497 88 49 137 0.284672 31
2498 63 71 134 -0.0597015 33
2499 201 19 220 0.827273 24
2500 31 118 149 -0.583893 29
2501 196 12 208 0.884615 24
2502 89 66 155 0.148387 31
2503 85 67 152 0.118421 30
2504 39 97 136 -0.426471 34
2505 173 20 193 0.792746 26
2506 95 55 150 0.266667 31
2507 7 161 168 -0.916667 24
2508 88 51 139 0.266187 28
2509 122 9 131 0.862595 22
2510 39 117 156 -0.5 31
2511 10 162 172 -0.883721 24
2512 5 203 208 -0.951923 20
2513 114 28 142 0.605634 29
2514 113 35 148 0.527027 31
2515 25 118 143 -0.65035 29
2516 9 160 169 -0.893491 25
2517 95 45 140 0.357143 29
2518 113 23 136 0.661765 27
2519 136 8 144 0.888889 24
2520 41 67 108 -0.240741 29
2521 55 90 145 -0.241379 35
2522 11 146 157 -0.859873 24
2523 62 77 139 -0.107914 34
2524 80 76 156 0.025641 36
2525 39 102 141 -0.446809 35
2526 12 128 140 -0.828571 26
2527 9 142 151 -0.880795 25
2528 117 37 154 0.519481 33
2529 97 22 119 0.630252 25
2530 118 27 145 0.627586 28
2531 18 173 191 -0.811518 28
2532 29 4 33 0.757576 11
2533 78 56 134 0.164179 34
2534 29 119 148 -0.608108 25
2535 43 99 142 -0.394366 31
2536 117 53 170 0.376471 30
2537 136 10 146 0.863014 25
2538 51 106 157 -0.350318 31
2539 155 33 188 0.648936 35
2540 28 135 163 -0.656442 30
2541 53 99 152 -0.302632 30
2542 42 88 130 -0.353846 30
2543 171 24 195 0.753846 28
2544 129 34 163 0.582822 31
2545 111 52 163 0.361963 29
2546 86 45 131 0.312977 34
2547 85 60 145 0.172414 33
2548 10 125 135 -0.851852 24
2549 96 39 135 0.422222 30
2550 105 46 151 0.390728 27
2551 12 136 148 -0.837838 29
2552 89 54 143 0.244755 30
2553 25 93 118 -0.576271 24
2554 25 132 157 -0.681529 33
2555 87 51 138 0.26087 28
2556 172 17 189 0.820106 26
2557 31 176 207 -0.700483 24
2558 62 76 138 -0.101449 30
2559 110 18 128 0.71875 28
2560 153 38 191 0.602094 33
2561 5 141 146 -0.931507 24
2562 32 102 134 -0.522388 32
2563 30 99 129 -0.534884 29
2564 61 71 132 -0.0757576 26
2565 11 40 51 -0.568627 22
2566 30 145 175 -0.657143 25
2567 102 14 116 0.758621 28
2568 65 56 121 0.0743802 30
2569 41 68 109 -0.247706 28
2570 74 33 107 0.383178 26
2571 58 92 150 -0.226667 28
2572 35 77 112 -0.375 28
2573 22 111 133 -0.669173 26
2574 31 164 195 -0.682051 28
2575 99 62 161 0.229814 37
2576 133 39 172 0.546512 34
2577 32 98 130 -0.507692 35
2578 29 100 129 -0.550388 34
2579 53 87 140 -0.242857 33
2580 183 15 198 0.848485 24
2581 58 35 93 0.247312 27
2582 149 8 157 0.898089 25
2583 23 175 198 -0.767677 26
2584 21 132 153 -0.72549 31
2585 14 122 136 -0.794118 27
2586 104 74 178 0.168539 34
2587 143 33 176 0.625 27
2588 208 8 216 0.925926 21
2589 19 131 150 -0.746667 30
2590 37 103 140 -0.471429 30
2591 108 25 133 0.62406 31
2592 76 95 171 -0.111111 35
2593 25 159 184 -0.728261 30
2594 12 165 177 -0.864407 28
2595 142 13 155 0.832258 24
2596 140 23 163 0.717791 30
2597 140 20 160 0.75 30
2598 115 24 139 0.654676 29
2599 123 28 151 0.629139 28
2600 32 99 131 -0.51145 28
2601 188 8 196 0.918367 20
2602 53 64 117 -0.0940171 23
2603 16 132 148 -0.783784 30
2604 157 9 166 0.891566 22
2605 64 110 174 -0.264368 28
2606 11 174 185 -0.881081 26
2607 36 104 140 -0.485714 29
2608 85 40 125 0.36 27
2609 129 40 169 0.526627 30
2610 131 41 172 0.523256 30
2611 143 47 190 0.505263 28
2612 108 48 156 0.384615 25
2613 87 61 148 0.175676 32
2614 69 56 125 0.104 23
2615 96 41 137 0.40146 31
2616 177 8 185 0.913514 23
2617 47 48 95 -0.0105263 32
2618 226 12 238 0.89916 26
2619 176 13 189 0.862434 16
2620 57 94 151 -0.245033 29
2621 153 10 163 0.877301 26
2622 65 104 169 -0.230769 35
2623 87 48 135 0.288889 28
2624 57 132 189 -0.396825 37
2625 24 129 153 -0.686275 26
2626 57 99 156 -0.269231 31
2627 28 138 166 -0.662651 31
2628 48 109 157 -0.388535 32
2629 36 95 131 -0.450382 27
2630 36 39 75 -0.04 28
2631 74 66 140 0.0571429 38
2632 8 176 184 -0.913043 24
2633 69 95 164 -0.158537 35
2634 70 51 121 0.157025 35
2635 128 33 161 0.590062 31
2636 101 32 133 0.518797 31
2637 19 122 141 -0.730496 30
2638 20 130 150 -0.733333 26
2639 149 12 161 0.850932 26
2640 141 12 153 0.843137 25
2641 14 125 139 -0.798561 29
2642 41 106 147 -0.442177 25
2643 89 59 148 0.202703 35
2644 110 48 158 0.392405 32
2645 32 123 155 -0.587097 34
2646 71 46 117 0.213675 34
2647 42 131 173 -0.514451 37
2648 77 61 138 0.115942 28
2649 92 56 148 0.243243 32
2650 88 61 149 0.181208 31
2651 105 56 161 0.304348 35
2652 84 69 153 0.0980392 33
2653 49 103 152 -0.355263 31
2654 93 55 148 0.256757 30
2655 51 102 153 -0.333333 27
2656 13 171 184 -0.858696 22
2657 30 102 132 -0.545455 27
2658 126 24 150 0.68 31
2659 140 33 173 0.618497 31
2660 90 68 158 0.139241 32
2661 57 98 155 -0.264516 30
2662 63 114 177 -0.288136 29
2663 155 16 171 0.812865 29
2664 103 59 162 0.271605 31
2665 18 133 151 -0.761589 29
2666 42 104 146 -0.424658 26
2667 58 45 103 0.126214 26
2668 42 116 158 -0.468354 31
2669 130 16 146 0.780822 31
2670 71 39 110 0.290909 27
2671 23 187 210 -0.780952 29
2672 88 39 127 0.385827 26
2673 93 68 161 0.15528 34
2674 103 66 169 0.218935 36
2675 119 32 151 0.576159 28
2676 67 78 145 -0.0758621 31
2677 110 48 158 0.392405 28
2678 32 96 128 -0.5 27
2679 131 39 170 0.541176 26
2680 121 23 144 0.680556 31
2681 69 80 149 -0.0738255 33
2682 65 4 69 0.884058 17
2683 77 58 135 0.140741 28
2684 52 110 162 -0.358025 34
2685 21 98 119 -0.647059 28
2686 83 77 160 0.0375 32
2687 101 41 142 0.422535 34
2688 34 89 123 -0.447154 35
2689 69 64 133 0.037594 33
2690 12 125 137 -0.824818 26
2691 3 132 135 -0.955556 19
2692 11 158 169 -0.869822 26
2693 40 62 102 -0.215686 29
2694 80 69 149 0.0738255 32
2695 169 29 198 0.707071 26
2696 117 48 165 0.418182 30
2697 24 128 152 -0.684211 29
2698 34 101 135 -0.496296 24
2699 49 89 138 -0.289855 29
2700 12 215 227 -0.894273 25
2701 113 9 122 0.852459 25
2702 85 63 148 0.148649 31
2703 38 121 159 -0.522013 26
2704 34 145 179 -0.620112 33
2705 13 184 197 -0.86802 23
2706 169 12 181 0.867403 25
2707 137 28 165 0.660606 26
2708 34 92 126 -0.460317 34
2709 127 27 154 0.649351 30
2710 89 32 121 0.471074 24
2711 7 130 137 -0.89781 24
2712 83 76 159 0.0440252 32
2713 18 141 159 -0.773585 28
2714 74 41 115 0.286957 34
2715 90 81 171 0.0526316 31
2716 84 51 135 0.244444 32
2717 66 59 125 0.056 30
2718 12 139 151 -0.84106 28
2719 35 92 127 -0.448819 33
2720 194 10 204 0.901961 21
2721 82 69 151 0.0860927 31
2722 102 8 110 0.854545 21
2723 150 8 158 0.898734 23
2724 24 141 165 -0.709091 29
2725 47 111 158 -0.405063 32
2726 20 158 178 -0.775281 24
2727 60 82 142 -0.15493 27
2728 116 29 145 0.6 29
2729 12 174 186 -0.870968 26
2730 63 98 161 -0.217391 34
2731 58 67 125 -0.072 27
2732 121 38 159 0.522013 26
2733 116 8 124 0.870968 23
2734 28 111 139 -0.597122 28
2735 63 83 146 -0.136986 35
2736 64 88 152 -0.157895 28
2737 26 114 140 -0.628571 21
2738 0 37 37 -1 13
2739 43 102 145 -0.406897 29
2740 119 30 149 0.597315 27
2741 140 7 147 0.904762 20
2742 43 103 146 -0.410959 29
2743 73 86 159 -0.081761 35
2744 75 84 159 -0.0566038 30
2745 91 20 111 0.63964 24
2746 87 73 160 0.0875 34
2747 53 66 119 -0.109244 24
2748 81 76 157 0.0318471 33
2749 110 69 179 0.22905 30
2750 60 37 97 0.237113 32
2751 140 43 183 0.530055 29
2752 9 158 167 -0.892216 24
2753 168 20 188 0.787234 30
2754 117 72 189 0.238095 30
2755 78 47 125 0.248 33
2756 22 127 149 -0.704698 28
2757 112 11 123 0.821138 22
2758 132 10 142 0.859155 23
2759 109 28 137 0.591241 30
2760 21 125 146 -0.712329 25
2761 104 43 147 0.414966 35
2762 9 140 149 -0.879195 25
2763 45 94 139 -0.352518 36
2764 115 43 158 0.455696 29
2765 63 45 108 0.166667 28
2766 83 85 168 -0.0119048 32
2767 103 77 180 0.144444 32
2768 53 77 130 -0.184615 28
2769 42 113 155 -0.458065 33
2770 43 90 133 -0.353383 24
2771 86 53 139 0.23741 35
2772 64 97 161 -0.204969 33
2773 136 32 168 0.619048 29
2774 118 53 171 0.380117 30
2775 147 51 198 0.484848 31
2776 3 169 172 -0.965116 22
2777 89 37 126 0.412698 29
2778 96 22 118 0.627119 30
2779 40 145 185 -0.567568 34
2780 98 41 139 0.410072 32
2781 34 74 108 -0.37037 31
2782 22 84 106 -0.584906 25
2783 18 125 143 -0.748252 33
2784 2 134 136 -0.970588 18
2785 25 89 114 -0.561404 32
2786 68 82 150 -0.0933333 28
2787 61 75 136 -0.102941 30
2788 15 129 144 -0.791667 26
2789 20 173 193 -0.792746 26
2790 132 18 150 0.76 28
2791 219 3 222 0.972973 20
2792 103 36 139 0.482014 24
2793 94 83 177 0.0621469 37
2794 12 174 186 -0.870968 25
2795 41 67 108 -0.240741 33
2796 9 160 169 -0.893491 26
2797 122 26 148 0.648649 27
2798 39 117 156 -0.5 36
2799 123 5 128 0.921875 23
2800 50 104 154 -0.350649 31
2801 127 26 153 0.660131 25
2802 18 160 178 -0.797753 26
2803 129 27 156 0.653846 32
2804 69 13 82 0.682927 21
2805 73 73 146 0 32
2806 64 84 148 -0.135135 32
2807 146 27 173 0.687861 32
2808 165 7 172 0.918605 24
2809 166 18 184 0.804348 28
2810 126 14 140 0.8 28
2811 10 170 180 -0.888889 24
2812 50 68 118 -0.152542 30
2813 141 14 155 0.819355 29
2814 36 109 145 -0.503448 22
2815 17 156 173 -0.803468 29
2816 18 123 141 -0.744681 27
2817 26 123 149 -0.651007 31
2818 66 50 116 0.137931 28
2819 40 102 142 -0.43662 33
2820 59 94 153 -0.228758 31
2821 26 87 113 -0.539823 28
2822 27 104 131 -0.587786 30
2823 51 80 131 -0.221374 31
2824 43 65 108 -0.203704 33
2825 8 145 153 -0.895425 23
2826 103 66 169 0.218935 27
2827 28 149 177 -0.683616 31
2828 10 174 184 -0.891304 27
2829 60 76 136 -0.117647 35
2830 29 154 183 -0.68306 24
2831 99 63 162 0.222222 35
2832 4 167 171 -0.953216 21
2833 148 41 189 0.566138 31
2834 96 36 132 0.454545 29
2835 136 17 153 0.777778 30
2836 131 5 136 0.926471 21
2837 55 92 147 -0.251701 36
2838 72 96 168 -0.142857 33
2839 17 200 217 -0.843318 22
2840 91 18 109 0.669725 30
2841 25 110 135 -0.62963 33
2842 13 166 179 -0.854749 24
2843 87 29 116 0.5 28
2844 131 16 147 0.782313 27
2845 19 59 78 -0.512821 23
2846 40 100 140 -0.428571 31
2847 170 22 192 0.770833 27
2848 141 9 150 0.88 19
2849 140 39 179 0.564246 27
2850 214 9 223 0.919283 23
2851 9 125 134 -0.865672 24
2852 174 3 177 0.966102 19
2853 60 86 146 -0.178082 33
2854 91 49 140 0.3 30
2855 182 35 217 0.677419 26
2856 55 93 148 -0.256757 31
2857 65 73 138 -0.057971 31
2858 128 10 138 0.855072 24
2859 97 73 170 0.141176 34
2860 49 96 145 -0.324138 31
2861 19 151 170 -0.776471 27
2862 91 40 131 0.389313 26
2863 90 8 98 0.836735 21
2864 34 146 180 -0.622222 32
2865 50 66 116 -0.137931 30
2866 119 23 142 0.676056 29
2867 156 15 171 0.824561 25
2868 32 62 94 -0.319149 25
2869 109 18 127 0.716535 31
2870 104 29 133 0.56391 32
2871 12 183 195 -0.876923 26
2872 102 38 140 0.457143 31
2873 29 137 166 -0.650602 33
2874 79 69 148 0.0675676 35
2875 122 48 170 0.435294 33
2876 16 143 159 -0.798742 26
2877 18 146 164 -0.780488 27
2878 44 82 126 -0.301587 29
2879 46 116 162 -0.432099 26
2880 49 86 135 -0.274074 33
2881 0 0 0 0 0
2882 22 134 156 -0.717949 32
2883 97 37 134 0.447761 29
2884 137 28 165 0.660606 29
2885 98 39 137 0.430657 32
2886 11 186 197 -0.888325 23
2887 52 70 122 -0.147541 26
2888 21 95 116 -0.637931 29
2889 36 86 122 -0.409836 32
2890 150 9 159 0.886792 28
2891 73 61 134 0.0895522 29
2892 58 71 129 -0.100775 28
2893 112 41 153 0.464052 32
2894 87 40 127 0.370079 31
2895 20 129 149 -0.731544 28
2896 36 112 148 -0.513514 20
2897 80 61 141 0.134752 32
2898 36 129 165 -0.563636 34
2899 80 57 137 0.167883 33
2900 165 19 184 0.793478 24
2901 125 10 135 0.851852 24
2902 49 97 146 -0.328767 28
2903 8 190 198 -0.919192 22
2904 72 48 120 0.2 32
2905 83 58 141 0.177305 32
2906 141 35 176 0.602273 28
2907 126 31 157 0.605096 30
2908 141 29 170 0.658824 28
2909 112 11 123 0.821138 25
2910 70 83 153 -0.0849673 36
2911 82 82 164 0 31
2912 141 27 168 0.678571 25
2913 136 20 156 0.74359 23
2914 19 154 173 -0.780347 30
2915 163 8 171 0.906433 23
2916 31 147 178 -0.651685 30
2917 75 64 139 0.0791367 28
2918 54 92 146 -0.260274 31
2919 166 22 188 0.765957 31
2920 16 120 136 -0.764706 27
2921 91 76 167 0.0898204 29
2922 54 41 95 0.136842 27
2923 125 24 149 0.677852 29
2924 64 90 154 -0.168831 32
2925 69 85 154 -0.103896 36
2926 43 81 124 -0.306452 33
2927 53 96 149 -0.288591 35
2928 103 11 114 0.807018 27
2929 37 112 149 -0.503356 32
2930 45 100 145 -0.37931 27
2931 74 67 141 0.0496454 33
2932 83 46 129 0.286822 27
2933 110 52 162 0.358025 31
2934 7 181 188 -0.925532 25
2935 76 70 146 0.0410959 29
2936 12 150 162 -0.851852 27
2937 117 56 173 0.352601 34
2938 48 121 169 -0.431953 30
2939 131 55 186 0.408602 35
2940 67 35 102 0.313725 24
2941 80 51 131 0.221374 27
2942 65 65 130 0 32
2943 25 105 130 -0.615385 24
2944 21 162 183 -0.770492 29
2945 20 138 158 -0.746835 29
2946 37 103 140 -0.471429 32
2947 53 55 108 -0.0185185 34
2948 90 49 139 0.294964 31
2949 195 16 211 0.848341 27
2950 103 33 136 0.514706 23
2951 116 17 133 0.744361 31
2952 50 90 140 -0.285714 31
2953 26 141 167 -0.688623 30
2954 85 67 152 0.118421 29
2955 71 87 158 -0.101266 32
2956 19 181 200 -0.81 24
2957 62 56 118 0.0508475 19
2958 126 6 132 0.909091 22
2959 115 30 145 0.586207 33
2960 98 19 117 0.675214 31
2961 30 135 165 -0.636364 28
2962 45 105 150 -0.4 33
2963 20 144 164 -0.756098 30
2964 70 86 156 -0.102564 29
2965 163 13 176 0.852273 27
2966 27 97 124 -0.564516 31
2967 92 35 127 0.448819 33
2968 13 173 186 -0.860215 26
2969 100 27 127 0.574803 25
2970 102 34 136 0.5 32
2971 95 67 162 0.17284 32
2972 89 75 164 0.0853659 35
2973 52 90 142 -0.267606 31
2974 6 143 149 -0.919463 22
2975 71 78 149 -0.0469799 28
2976 31 151 182 -0.659341 28
2977 35 27 62 0.129032 25
2978 37 81 118 -0.372881 33
2979 85 55 140 0.214286 32
2980 42 93 135 -0.377778 29
2981 61 111 172 -0.290698 31
2982 51 5 56 0.821429 13
2983 142 30 172 0.651163 27
2984 91 43 134 0.358209 31
2985 45 58 103 -0.126214 26
2986 45 102 147 -0.387755 31
2987 61 70 131 -0.0687023 31
2988 111 62 173 0.283237 30
2989 52 60 112 -0.0714286 29
2990 18 172 190 -0.810526 25
2991 37 140 177 -0.581921 28
2992 141 23 164 0.719512 24
2993 112 43 155 0.445161 30
2994 104 44 148 0.405405 33
2995 51 92 143 -0.286713 24
2996 47 100 147 -0.360544 33
2997 178 20 198 0.79798 29
2998 15 128 143 -0.79021 23
2999 68 60 128 0.0625 28
3000 81 60 141 0.148936 35
3001 25 144 169 -0.704142 31
3002 36 118 154 -0.532468 31
3003 8 164 172 -0.906977 23
3004 64 60 124 0.0322581 26
3005 84 72 156 0.0769231 34
3006 121 27 148 0.635135 31
3007 85 58 143 0.188811 29
3008 121 8 129 0.875969 23
3009 72 58 130 0.107692 24
3010 3 191 194 -0.969072 14
3011 28 138 166 -0.662651 29
3012 89 61 150 0.186667 27
3013 8 162 170 -0.905882 21
3014 169 13 182 0.857143 27
3015 21 121 142 -0.704225 28
3016 29 80 109 -0.46789 30
3017 79 54 133 0.18797 35
3018 66 88 154 -0.142857 26
3019 143 25 168 0.702381 31
3020 3 85 88 -0.931818 22
3021 46 124 170 -0.458824 31
3022 32 72 104 -0.384615 26
3023 27 115 142 -0.619718 28
3024 65 88 153 -0.150327 33
3025 151 11 162 0.864198 21
3026 109 26 135 0.614815 29
3027 93 61 154 0.207792 25
3028 80 48 128 0.25 27
3029 4 127 131 -0.938931 22
3030 8 194 202 -0.920792 25
3031 50 104 154 -0.350649 36
3032 100 20 120 0.666667 27
3033 123 31 154 0.597403 28
3034 18 31 49 -0.265306 24
3035 64 100 164 -0.219512 35
3036 15 127 142 -0.788732 27
3037 27 131 158 -0.658228 32
3038 11 102 113 -0.80531 25
3039 38 106 144 -0.472222 35
3040 38 118 156 -0.512821 27
3041 56 99 155 -0.277419 31
3042 102 45 147 0.387755 31
3043 163 11 174 0.873563 27
3044 68 95 163 -0.165644 36
3045 14 89 103 -0.728155 28
3046 40 99 139 -0.42446 27
3047 30 114 144 -0.583333 29
3048 32 96 128 -0.5 27
3049 113 31 144 0.569444 30
3050 6 165 171 -0.929825 23
3051 78 71 149 0.0469799 30
3052 84 73 157 0.0700637 37
3053 103 20 123 0.674797 29
3054 12 139 151 -0.84106 27
3055 85 71 156 0.0897436 34
3056 87 52 139 0.251799 34
3057 80 56 136 0.176471 32
3058 33 97 130 -0.492308 34
3059 146 12 158 0.848101 27
3060 152 19 171 0.777778 24
3061 138 5 143 0.93007 21
3062 50 98 148 -0.324324 34
3063 75 57 132 0.136364 26
3064 108 43 151 0.430464 27
3065 131 20 151 0.735099 32
3066 33 116 149 -0.557047 30
3067 65 117 182 -0.285714 33
3068 109 21 130 0.676923 34
3069 126 33 159 0.584906 32
3070 13 155 168 -0.845238 26
3071 47 102 149 -0.369128 32
3072 115 56 171 0.345029 33
3073 111 52 163 0.361963 22
3074 16 173 189 -0.830688 25
3075 91 30 121 0.504132 28
3076 59 61 120 -0.0166667 36
3077 140 26 166 0.686747 32
3078 94 64 158 0.189873 33
3079 75 67 142 0.056338 35
3080 144 39 183 0.57377 29
3081 50 58 108 -0.0740741 28
3082 86 32 118 0.457627 26
3083 7 203 210 -0.933333 21
3084 110 23 133 0.654135 31
3085 14 178 192 -0.854167 24
3086 40 85 125 -0.36 32
3087 80 49 129 0.24031 33
3088 84 46 130 0.292308 33
3089 6 165 171 -0.929825 25
3090 57 101 158 -0.278481 34
3091 37 124 161 -0.540373 31
3092 91 85 176 0.0340909 32
3093 19 104 123 -0.691057 30
3094 123 22 145 0.696552 30
3095 73 46 119 0.226891 30
3096 13 107 120 -0.783333 23
3097 94 56 150 0.253333 35
3098 123 26 149 0.651007 26
3099 82 37 119 0.378151 29
3100 98 48 146 0.342466 29
3101 2 134 136 -0.970588 20
3102 17 119 136 -0.75 24
3103 113 1 114 0.982456 16
3104 142 23 165 0.721212 28
3105 26 110 136 -0.617647 27
3106 124 37 161 0.540373 18
3107 126 26 152 0.657895 28
3108 73 40 113 0.292035 34
3109 57 80 137 -0.167883 30
3110 44 113 157 -0.43949 32
3111 74 77 151 -0.0198675 35
3112 57 59 116 -0.0172414 28
3113 73 55 128 0.140625 31
3114 56 105 161 -0.304348 32
3115 138 14 152 0.815789 26
3116 165 17 182 0.813187 31
3117 207 13 220 0.881818 23
3118 105 11 116 0.810345 25
3119 96 38 134 0.432836 33
3120 18 187 205 -0.82439 25
3121 12 154 166 -0.855422 25
3122 24 150 174 -0.724138 27
3123 79 79 158 0 37
3124 7 181 188 -0.925532 23
3125 132 37 169 0.56213 33
3126 116 38 154 0.506494 33
3127 27 112 139 -0.611511 29
3128 4 182 186 -0.956989 22
3129 103 37 140 0.471429 30
3130 38 107 145 -0.475862 28
3131 71 106 177 -0.19774 37
3132 146 12 158 0.848101 28
3133 87 58 145 0.2 28
3134 101 21 122 0.655738 28
3135 20 139 159 -0.748428 32
3136 81 31 112 0.446429 29
3137 66 57 123 0.0731707 37
3138 108 12 120 0.8 24
3139 37 100 137 -0.459854 33
3140 9 80 89 -0.797753 26
3141 56 111 167 -0.329341 29
3142 18 125 143 -0.748252 25
3143 63 73 136 -0.0735294 33
3144 3 140 143 -0.958042 20
3145 64 129 193 -0.336788 30
3146 11 177 188 -0.882979 22
3147 74 69 143 0.034965 34
3148 86 49 135 0.274074 31
3149 75 81 156 -0.0384615 32
3150 118 17 135 0.748148 27
3151 123 63 186 0.322581 37
3152 50 86 136 -0.264706 33
3153 81 50 131 0.236641 34
3154 127 41 168 0.511905 30
3155 4 153 157 -0.949045 15
3156 24 150 174 -0.724138 29
3157 122 4 126 0.936508 23
3158 98 59 157 0.248408 30
3159 57 63 120 -0.05 31
3160 131 5 136 0.926471 20
3161 38 125 163 -0.533742 36
3162 26 170 196 -0.734694 30
3163 25 107 132 -0.621212 30
3164 50 24 74 0.351351 27
3165 111 9 120 0.85 25
3166 6 163 169 -0.928994 24
3167 6 139 145 -0.917241 21
3168 111 81 192 0.15625 37
3169 94 65 159 0.18239 24
3170 74 42 116 0.275862 28
3171 14 158 172 -0.837209 28
3172 96 56 152 0.263158 33
3173 123 23 146 0.684932 28
3174 177 21 198 0.787879 25
3175 128 13 141 0.815603 21
3176 118 30 148 0.594595 29
3177 163 21 184 0.771739 29
3178 116 20 136 0.705882 25
3179 120 19 139 0.726619 27
3180 190 16 206 0.84466 25
3181 13 133 146 -0.821918 27
3182 125 35 160 0.5625 28
3183 91 55 146 0.246575 32
3184 43 133 176 -0.511364 27
3185 12 163 175 -0.862857 24
3186 95 32 127 0.496063 31
3187 68 73 141 -0.035461 29
3188 21 145 166 -0.746988 29
3189 64 84 148 -0.135135 34
3190 116 42 158 0.468354 30
3191 152 10 162 0.876543 27
3192 103 3 106 0.943396 20
3193 66 57 123 0.0731707 31
3194 175 14 189 0.851852 25
3195 141 27 168 0.678571 28
3196 16 136 152 -0.789474 27
3197 138 11 149 0.852349 27
3198 86 76 162 0.0617284 29
3199 17 123 140 -0.757143 28
3200 37 129 166 -0.554217 24
3201 45 134 179 -0.497207 31
3202 39 124 163 -0.521472 33
3203 17 143 160 -0.7875 28
3204 121 47 168 0.440476 32
3205 112 52 164 0.365854 36
3206 52 132 184 -0.434783 37
3207 35 93 128 -0.453125 33
3208 76 47 123 0.235772 31
3209 21 120 141 -0.702128 29
3210 27 149 176 -0.693182 29
3211 70 100 170 -0.176471 31
3212 46 74 120 -0.233333 28
3213 60 63 123 -0.0243902 30
3214 93 56 149 0.248322 35
3215 107 57 164 0.304878 34
3216 10 120 130 -0.846154 21
3217 139 10 149 0.865772 28
3218 120 27 147 0.632653 29
3219 120 5 125 0.92 23
3220 100 56 156 0.282051 31
3221 10 131 141 -0.858156 28
3222 73 106 179 -0.184358 38
3223 128 30 158 0.620253 27
3224 136 26 162 0.679012 27
3225 20 124 144 -0.722222 29
3226 14 130 144 -0.805556 25
3227 61 94 155 -0.212903 35
3228 28 158 186 -0.698925 30
3229 24 154 178 -0.730337 32
3230 43 151 194 -0.556701 33
3231 35 148 183 -0.617486 26
3232 61 95 156 -0.217949 34
3233 6 116 122 -0.901639 22
3234 108 50 158 0.367089 30
3235 60 88 148 -0.189189 32
3236 83 23 106 0.566038 23
3237 127 59 186 0.365591 35
3238 151 38 189 0.597884 32
3239 5 215 220 -0.954545 22
3240 65 91 156 -0.166667 33
3241 69 35 104 0.326923 30
3242 42 66 108 -0.222222 29
3243 164 13 177 0.853107 26
3244 109 46 155 0.406452 35
3245 108 35 143 0.51049 29
3246 10 161 171 -0.883041 24
3247 17 158 175 -0.805714 22
3248 24 95 119 -0.596639 28
3249 86 56 142 0.211268 32
3250 12 137 149 -0.838926 27
3251 91 29 120 0.516667 28
3252 142 19 161 0.763975 29
3253 41 64 105 -0.219048 28
3254 105 44 149 0.409396 29
3255 16 153 169 -0.810651 28
3256 156 21 177 0.762712 30
3257 23 158 181 -0.745856 27
3258 50 118 168 -0.404762 29
3259 5 180 185 -0.945946 22
3260 56 46 102 0.0980392 33
3261 18 136 154 -0.766234 30
3262 178 10 188 0.893617 20
3263 51 57 108 -0.0555556 24
3264 25 39 64 -0.21875 20
3265 100 34 134 0.492537 28
3266 77 46 123 0.252033 26
3267 119 23 142 0.676056 29
3268 133 9 142 0.873239 15
3269 157 30 187 0.679144 26
3270 104 17 121 0.719008 24
3271 52 76 128 -0.1875 34
3272 151 27 178 0.696629 33
3273 36 121 157 -0.541401 32
3274 17 134 151 -0.774834 27
3275 77 31 108 0.425926 26
3276 124 25 149 0.66443 30
3277 29 105 134 -0.567164 31
3278 94 68 162 0.160494 34
3279 12 208 220 -0.890909 28
3280 60 97 157 -0.235669 29
3281 72 53 125 0.152 29
3282 29 130 159 -0.63522 28
3283 35 92 127 -0.448819 28
3284 35 66 101 -0.306931 34
3285 135 8 143 0.888112 24
3286 53 65 118 -0.101695 31
3287 191 12 203 0.881773 26
3288 107 60 167 0.281437 31
3289 60 67 127 -0.0551181 33
3290 18 149 167 -0.784431 26
3291 10 97 107 -0.813084 27
3292 92 33 125 0.472 32
3293 62 83 145 -0.144828 35
3294 130 27 157 0.656051 28
3295 10 128 138 -0.855072 24
3296 14 146 160 -0.825 29
3297 25 107 132 -0.621212 30
3298 59 100 159 -0.257862 29
3299 6 171 177 -0.932203 17
3300 71 58 129 0.100775 31
3301 28 163 191 -0.706806 32
3302 40 136 176 -0.545455 26
3303 56 41 97 0.154639 32
3304 13 112 125 -0.792 26
3305 78 77 155 0.00645161 30
3306 114 15 129 0.767442 27
3307 60 61 121 -0.00826446 29
3308 76 97 173 -0.121387 35
3309 188 10 198 0.89899 23
3310 93 67 160 0.1625 34
3311 166 9 175 0.897143 22
3312 95 13 108 0.759259 27
3313 109 58 167 0.305389 31
3314 148 41 189 0.566138 25
3315 13 137 150 -0.826667 25
3316 14 130 144 -0.805556 30
3317 110 35 145 0.517241 31
3318 29 99 128 -0.546875 27
3319 141 34 175 0.611429 33
3320 101 8 109 0.853211 24
3321 41 143 184 -0.554348 26
3322 82 50 132 0.242424 33
3323 58 89 147 -0.210884 28
3324 37 143 180 -0.588889 35
3325 75 55 130 0.153846 34
3326 54 69 123 -0.121951 33
3327 112 29 141 0.588652 33
3328 58 90 148 -0.216216 32
3329 37 100 137 -0.459854 33
3330 133 13 146 0.821918 27
3331 17 188 205 -0.834146 32
3332 167 4 171 0.953216 23
3333 40 80 120 -0.333333 27
3334 118 57 175 0.348571 35
3335 7 188 195 -0.928205 20
3336 150 21 171 0.754386 29
3337 108 15 123 0.756098 26
3338 45 87 132 -0.318182 29
3339 55 63 118 -0.0677966 31
3340 111 53 164 0.353659 33
3341 164 31 195 0.682051 29
3342 16 40 56 -0.428571 23
3343 41 140 181 -0.546961 32
3344 123 55 178 0.382022 31
3345 13 152 165 -0.842424 28
3346 14 107 121 -0.768595 28
3347 93 65 158 0.177215 35
3348 115 32 147 0.564626 28
3349 88 53 141 0.248227 31
3350 111 24 135 0.644444 28
3351 99 61 160 0.2375 33
3352 81 23 104 0.557692 27
3353 84 61 145 0.158621 30
3354 16 96 112 -0.714286 27
3355 115 20 135 0.703704 26
3356 137 29 166 0.650602 31
3357 56 87 143 -0.216783 32
3358 7 144 151 -0.907285 25
3359 9 174 183 -0.901639 26
3360 183 19 202 0.811881 30
3361 8 89 97 -0.835052 25
3362 84 74 158 0.0632911 32
3363 65 70 135 -0.037037 37
3364 45 111 156 -0.423077 30
3365 18 158 176 -0.795455 29
3366 50 93 143 -0.300699 31
3367 28 117 145 -0.613793 31
3368 45 63 108 -0.166667 25
3369 84 69 153 0.0980392 30
3370 23 143 166 -0.722892 30
3371 101 57 158 0.278481 31
3372 185 24 209 0.770335 30
3373 151 24 175 0.725714 32
3374 25 101 126 -0.603175 32
3375 129 26 155 0.664516 29
3376 93 39 132 0.409091 31
3377 127 31 158 0.607595 30
3378 80 65 145 0.103448 31
3379 52 85 137 -0.240876 33
3380 90 52 142 0.267606 33
3381 137 15 152 0.802632 27
3382 114 20 134 0.701493 29
3383 81 58 139 0.165468 32
3384 206 8 214 0.925234 22
3385 86 74 160 0.075 31
3386 113 44 157 0.43949 30
3387 130 26 156 0.666667 27
3388 96 66 162 0.185185 35
3389 36 106 142 -0.492958 31
3390 62 43 105 0.180952 22
3391 46 98 144 -0.361111 28
3392 15 114 129 -0.767442 29
3393 105 24 129 0.627907 30
3394 41 110 151 -0.456954 30
3395 90 37 127 0.417323 30
3396 53 74 127 -0.165354 26
3397 95 77 172 0.104651 27
3398 73 63 136 0.0735294 26
3399 17 174 191 -0.82199 29
3400 51 136 187 -0.454545 31
3401 220 9 229 0.921397 21
3402 184 13 197 0.86802 24
3403 70 111 181 -0.226519 32
3404 24 98 122 -0.606557 29
3405 122 46 168 0.452381 33
3406 67 108 175 -0.234286 36
3407 8 111 119 -0.865546 25
3408 11 142 153 -0.856209 23
3409 68 74 142 -0.0422535 29
3410 79 61 140 0.128571 32
3411 168 28 196 0.714286 23
3412 17 128 145 -0.765517 27
3413 60 75 135 -0.111111 36
3414 83 5 88 0.886364 19
3415 40 97 137 -0.416058 29
3416 77 66 143 0.0769231 29
3417 59 79 138 -0.144928 27
3418 106 63 169 0.254438 28
3419 23 153 176 -0.738636 28
3420 56 95 151 -0.258278 31
3421 126 39 165 0.527273 30
3422 55 108 163 -0.325153 32
3423 104 29 133 0.56391 28
3424 73 53 126 0.15873 35
3425 41 79 120 -0.316667 29
3426 87 58 145 0.2 31
3427 44 108 152 -0.421053 28
3428 40 111 151 -0.470199 31
3429 52 77 129 -0.193798 27
3430 127 38 165 0.539394 32
3431 30 92 122 -0.508197 29
3432 171 3 174 0.965517 22
3433 31 148 179 -0.653631 32
3434 149 17 166 0.795181 31
3435 160 37 197 0.624365 34
3436 41 93 134 -0.38806 30
3437 81 53 134 0.208955 28
3438 51 96 147 -0.306122 30
3439 111 66 177 0.254237 33
3440 30 104 134 -0.552239 27
3441 154 4 158 0.949367 21
3442 59 117 176 -0.329545 31
3443 87 36 123 0.414634 26
3444 26 117 143 -0.636364 28
3445 66 84 150 -0.12 34
3446 146 10 156 0.871795 26
3447 103 38 141 0.460993 30
3448 77 79 156 -0.0128205 35
3449 94 71 165 0.139394 33
3450 115 38 153 0.503268 32
3451 184 10 194 0.896907 20
3452 86 65 151 0.139073 36
3453 71 72 143 -0.00699301 36
3454 86 58 144 0.194444 32
3455 24 121 145 -0.668966 31
3456 68 69 137 -0.00729927 30
3457 29 106 135 -0.57037 28
3458 84 72 156 0.0769231 32
3459 36 104 140 -0.485714 30
3460 64 44 108 0.185185 28
3461 42 99 141 -0.404255 33
3462 9 127 136 -0.867647 25
3463 195 13 208 0.875 20
3464 30 148 178 -0.662921 30
3465 115 15 130 0.769231 25
3466 108 54 162 0.333333 30
3467 72 86 158 -0.0886076 32
3468 87 83 170 0.0235294 34
3469 113 26 139 0.625899 25
3470 80 58 138 0.15942 32
3471 9 130 139 -0.870504 24
3472 118 8 126 0.873016 22
3473 105 76 181 0.160221 26
3474 73 68 141 0.035461 26
3475 71 88 159 -0.106918 26
3476 18 148 166 -0.783133 27
3477 80 77 157 0.0191083 35
3478 11 153 164 -0.865854 26
3479 89 17 106 0.679245 27
3480 111 31 142 0.56338 30
3481 166 6 172 0.930233 24
3482 48 135 183 -0.47541 29
3483 84 103 187 -0.101604 35
3484 86 61 147 0.170068 36
3485 114 47 161 0.416149 33
3486 55 64 119 -0.0756303 28
3487 73 81 154 -0.0519481 34
3488 94 56 150 0.253333 34
3489 22 126 148 -0.702703 29
3490 27 65 92 -0.413043 29
3491 19 114 133 -0.714286 30
3492 127 35 162 0.567901 33
3493 12 127 139 -0.827338 24
3494 40 142 182 -0.56044 34
3495 131 53 184 0.423913 27
3496 5 158 163 -0.93865 23
3497 86 64 150 0.146667 33
3498 45 124 169 -0.467456 30
3499 25 142 167 -0.700599 27
3500 20 120 140 -0.714286 30
3501 79 40 119 0.327731 29
3502 140 22 162 0.728395 32
3503 89 44 133 0.338346 30
3504 60 99 159 -0.245283 34
3505 52 100 152 -0.315789 30
3506 86 36 122 0.409836 26
3507 56 73 129 -0.131783 32
3508 33 63 96 -0.3125 24
3509 71 96 167 -0.149701 29
3510 67 73 140 -0.0428571 31
3511 47 95 142 -0.338028 30
3512 150 31 181 0.657459 31
3513 58 56 114 0.0175439 28
3514 59 87 146 -0.191781 26
3515 3 157 160 -0.9625 20
3516 181 10 191 0.895288 18
3517 97 59 156 0.24359 30
3518 142 29 171 0.660819 28
3519 29 94 123 -0.528455 19
3520 82 48 130 0.261538 29
3521 86 64 150 0.146667 30
3522 60 58 118 0.0169492 31
3523 57 98 155 -0.264516 33
3524 132 23 155 0.703226 28
3525 51 70 121 -0.157025 36
3526 38 35 73 0.0410959 23
3527 76 86 162 -0.0617284 30
3528 132 34 166 0.590361 31
3529 44 98 142 -0.380282 34
3530 16 171 187 -0.828877 23
3531 36 100 136 -0.470588 30
3532 66 68 134 -0.0149254 31
3533 167 23 190 0.757895 20
3534 28 159 187 -0.700535 31
3535 80 67 147 0.0884354 25
3536 32 83 115 -0.443478 29
3537 124 39 163 0.521472 30
3538 123 19 142 0.732394 21
3539 143 15 158 0.810127 31
3540 26 92 118 -0.559322 30
3541 60 69 129 -0.0697674 32
3542 92 35 127 0.448819 27
3543 85 39 124 0.370968 33
3544 19 186 205 -0.814634 24
3545 8 177 185 -0.913514 20
3546 29 160 189 -0.693122 33
3547 119 57 176 0.352273 32
3548 104 44 148 0.405405 35
3549 60 74 134 -0.104478 26
3550 71 68 139 0.0215827 27
3551 183 8 191 0.91623 25
3552 101 39 140 0.442857 31
3553 26 73 99 -0.474747 21
3554 134 10 144 0.861111 21
3555 82 43 125 0.312 29
3556 76 58 134 0.134328 31
3557 81 55 136 0.191176 31
3558 46 62 108 -0.148148 30
3559 10 139 149 -0.865772 25
3560 81 36 117 0.384615 30
3561 25 190 215 -0.767442 31
3562 107 10 117 0.82906 26
3563 7 139 146 -0.90411 24
3564 115 32 147 0.564626 34
3565 222 1 223 0.991031 14
3566 34 118 152 -0.552632 30
3567 35 156 191 -0.633508 27
3568 164 21 185 0.772973 24
3569 83 61 144 0.152778 30
3570 88 53 141 0.248227 32
3571 96 74 170 0.129412 36
3572 19 125 144 -0.736111 28
3573 53 100 153 -0.30719 29
3574 22 154 176 -0.75 26
3575 69 43 112 0.232143 31
3576 81 57 138 0.173913 29
3577 23 154 177 -0.740113 30
3578 14 158 172 -0.837209 25
3579 74 82 156 -0.0512821 29
3580 12 141 153 -0.843137 26
3581 33 7 40 0.65 13
3582 97 42 139 0.395683 23
3583 164 24 188 0.744681 24
3584 82 88 170 -0.0352941 36
3585 11 196 207 -0.89372 23
3586 77 56 133 0.157895 32
3587 107 59 166 0.289157 27
3588 25 123 148 -0.662162 27
3589 81 74 155 0.0451613 36
3590 94 46 140 0.342857 34
3591 90 57 147 0.22449 28
3592 47 120 167 -0.437126 29
3593 136 50 186 0.462366 32
3594 127 21 148 0.716216 31
3595 121 24 145 0.668966 30
3596 96 50 146 0.315068 33
3597 19 198 217 -0.824885 26
3598 87 43 130 0.338462 31
3599 103 35 138 0.492754 27
3600 21 112 133 -0.684211 28
3601 160 39 199 0.60804 31
3602 12 156 168 -0.857143 26
3603 91 51 142 0.28169 29
3604 77 66 143 0.0769231 35
3605 100 70 170 0.176471 31
3606 67 104 171 -0.216374 32
3607 41 106 147 -0.442177 31
3608 11 162 173 -0.872832 23
3609 75 40 115 0.304348 27
3610 43 102 145 -0.406897 31
3611 119 71 190 0.252632 32
3612 79 104 183 -0.136612 37
3613 135 41 176 0.534091 35
3614 5 130 135 -0.925926 22
3615 65 111 176 -0.261364 34
3616 79 65 144 0.0972222 33
3617 19 168 187 -0.796791 30
3618 72 86 158 -0.0886076 34
3619 173 8 181 0.911602 20
3620 95 17 112 0.696429 23
3621 16 122 138 -0.768116 31
3622 102 50 152 0.342105 28
3623 10 130 140 -0.857143 29
3624 80 71 151 0.0596026 32
3625 44 93 137 -0.357664 33
3626 151 22 173 0.745665 30
3627 63 70 133 -0.0526316 32
3628 24 124 148 -0.675676 31
3629 121 50 171 0.415205 31
3630 14 137 151 -0.81457 29
3631 122 8 130 0.876923 25
3632 134 43 177 0.514124 28
3633 108 44 152 0.421053 33
3634 43 79 122 -0.295082 27
3635 180 15 195 0.846154 26
3636 26 94 120 -0.566667 23
3637 95 52 147 0.292517 34
3638 155 10 165 0.878788 18
3639 116 55 171 0.356725 35
3640 94 21 115 0.634783 27
3641 82 93 175 -0.0628571 30
3642 52 72 124 -0.16129 33
3643 52 97 149 -0.302013 34
3644 57 51 108 0.0555556 32
3645 132 27 159 0.660377 28
3646 42 80 122 -0.311475 32
3647 79 47 126 0.253968 32
3648 113 39 152 0.486842 32
3649 167 9 176 0.897727 22
3650 174 7 181 0.922652 20
3651 176 16 192 0.833333 24
3652 71 74 145 -0.0206897 28
3653 22 131 153 -0.712418 30
3654 95 51 146 0.30137 28
3655 9 157 166 -0.891566 23
3656 13 191 204 -0.872549 29
3657 74 92 166 -0.108434 32
3658 193 3 196 0.969388 16
3659 38 99 137 -0.445255 32
3660 53 107 160 -0.3375 31
3661 213 1 214 0.990654 14
3662 118 33 151 0.562914 28
3663 33 108 141 -0.531915 28
3664 73 69 142 0.028169 30
3665 43 111 154 -0.441558 34
3666 23 181 204 -0.77451 33
3667 13 188 201 -0.870647 27
3668 54 76 130 -0.169231 30
3669 27 189 216 -0.75 32
3670 145 8 153 0.895425 26
3671 37 125 162 -0.54321 32
3672 47 88 135 -0.303704 32
3673 59 98 157 -0.248408 28
3674 50 79 129 -0.224806 31
3675 28 112 140 -0.6 30
3676 33 104 137 -0.518248 34
3677 96 75 171 0.122807 32
3678 147 11 158 0.860759 24
3679 124 37 161 0.540373 31
3680 16 173 189 -0.830688 24
3681 103 40 143 0.440559 27
3682 22 0 22 1 11
3683 89 61 150 0.186667 33
3684 123 39 162 0.518519 30
3685 113 48 161 0.403727 28
3686 37 146 183 -0.595628 34
3687 21 137 158 -0.734177 27
3688 196 16 212 0.849057 30
3689 27 79 106 -0.490566 28
3690 233 14 247 0.88664 24
3691 154 1 155 0.987097 6
3692 61 67 128 -0.046875 31
3693 98 10 108 0.814815 24
3694 144 20 164 0.756098 27
3695 38 116 154 -0.506494 28
3696 116 44 160 0.45 30
3697 61 85 146 -0.164384 29
3698 74 53 127 0.165354 27
3699 25 181 206 -0.757282 29
3700 99 54 153 0.294118 26
3701 54 90 144 -0.25 31
3702 59 104 163 -0.276074 30
3703 145 26 171 0.695906 31
3704 73 72 145 0.00689655 33
3705 38 118 156 -0.512821 27
3706 36 63 99 -0.272727 32
3707 64 90 154 -0.168831 32
3708 104 46 150 0.386667 28
3709 63 58 121 0.0413223 33
3710 72 65 137 0.0510949 32
3711 6 185 191 -0.937173 16
3712 10 146 156 -0.871795 28
3713 139 20 159 0.748428 29
3714 87 44 131 0.328244 27
3715 54 80 134 -0.19403 32
3716 83 61 144 0.152778 33
3717 104 80 184 0.130435 34
3718 10 129 139 -0.856115 26
3719 144 18 162 0.777778 29
3720 20 122 142 -0.71831 28
3721 89 41 130 0.369231 34
3722 55 102 157 -0.299363 34
3723 103 56 159 0.295597 37
3724 31 70 101 -0.386139 25
3725 14 141 155 -0.819355 29
3726 76 37 113 0.345133 25
3727 87 78 165 0.0545455 35
3728 49 105 154 -0.363636 30
3729 20 151 171 -0.766082 24
3730 18 148 166 -0.783133 28
3731 37 115 152 -0.513158 34
3732 206 12 218 0.889908 29
3733 126 24 150 0.68 23
3734 48 87 135 -0.288889 32
3735 28 113 141 -0.602837 26
3736 80 27 107 0.495327 20
3737 16 83 99 -0.676768 25
3738 80 32 112 0.428571 28
3739 108 26 134 0.61194 35
3740 15 146 161 -0.813665 24
3741 99 27 126 0.571429 30
3742 129 70 199 0.296482 34
3743 52 76 128 -0.1875 31
3744 94 30 124 0.516129 29
3745 71 71 142 0 36
3746 42 135 177 -0.525424 31
3747 91 41 132 0.378788 31
3748 29 112 141 -0.588652 29
3749 157 9 166 0.891566 24
3750 24 93 117 -0.589744 24
3751 36 95 131 -0.450382 32
3752 56 40 96 0.166667 25
3753 26 104 130 -0.6 27
3754 94 33 127 0.480315 33
3755 80 32 112 0.428571 33
3756 14 141 155 -0.819355 22
3757 86 77 163 0.0552147 29
3758 167 12 179 0.865922 25
3759 86 82 168 0.0238095 37
3760 91 44 135 0.348148 30
3761 38 35 73 0.0410959 31
3762 10 133 143 -0.86014 27
3763 65 76 141 -0.0780142 28
3764 45 124 169 -0.467456 29
3765 104 25 129 0.612403 31
3766 21 128 149 -0.718121 27
3767 25 111 136 -0.632353 26
3768 170 32 202 0.683168 23
3769 37 71 108 -0.314815 34
3770 157 23 180 0.744444 21
3771 164 11 175 0.874286 22
3772 60 91 151 -0.205298 30
3773 112 34 146 0.534247 29
3774 71 39 110 0.290909 28
3775 113 34 147 0.537415 33
3776 29 170 199 -0.708543 31
3777 119 20 139 0.71223 32
3778 11 153 164 -0.865854 26
3779 80 68 148 0.0810811 28
3780 85 64 149 0.14094 32
3781 7 57 64 -0.78125 23
3782 85 57 142 0.197183 31
3783 9 7 16 0.125 8
3784 6 139 145 -0.917241 24
3785 85 36 121 0.404959 28
3786 33 124 157 -0.579618 30
3787 53 101 154 -0.311688 32
3788 153 10 163 0.877301 18
3789 17 140 157 -0.783439 27
3790 148 8 156 0.897436 23
3791 105 71 176 0.193182 30
3792 35 59 94 -0.255319 28
3793 10 120 130 -0.846154 25
3794 133 19 152 0.75 26
3795 173 19 192 0.802083 27
3796 36 84 120 -0.4 30
3797 79 70 149 0.0604027 31
3798 52 104 156 -0.333333 30
3799 67 91 158 -0.151899 33
3800 93 38 131 0.419847 29
3801 72 76 148 -0.027027 36
3802 14 173 187 -0.850267 24
3803 144 43 187 0.540107 31
3804 49 97 146 -0.328767 26
3805 17 154 171 -0.80117 29
3806 98 37 135 0.451852 35
3807 13 132 145 -0.82069 29
3808 2 28 30 -0.866667 11
3809 19 162 181 -0.790055 28
3810 147 8 155 0.896774 24
3811 75 39 114 0.315789 30
3812 86 50 136 0.264706 34
3813 37 114 151 -0.509934 34
3814 73 73 146 0 31
3815 200 2 202 0.980198 19
3816 107 48 155 0.380645 33
3817 91 39 130 0.4 31
3818 44 110 154 -0.428571 33
3819 40 76 116 -0.310345 31
3820 17 159 176 -0.806818 27
3821 145 10 155 0.870968 25
3822 72 42 114 0.263158 29
3823 13 184 197 -0.86802 27
3824 143 9 152 0.881579 26
3825 124 26 150 0.653333 28
3826 52 94 146 -0.287671 31
3827 81 55 136 0.191176 26
3828 74 73 147 0.00680272 32
3829 17 124 141 -0.758865 27
3830 5 173 178 -0.94382 19
3831 153 28 181 0.690608 28
3832 68 63 131 0.0381679 30
3833 10 79 89 -0.775281 23
3834 152 33 185 0.643243 26
3835 3 148 151 -0.960265 22
3836 77 56 133 0.157895 27
3837 19 95 114 -0.666667 25
3838 44 89 133 -0.338346 31
3839 61 85 146 -0.164384 31
3840 108 49 157 0.375796 34
3841 109 6 115 0.895652 22
3842 34 94 128 -0.46875 29
3843 27 111 138 -0.608696 26
3844 59 66 125 -0.056 28
3845 48 105 153 -0.372549 29
3846 24 85 109 -0.559633 26
3847 83 60 143 0.160839 29
3848 23 129 152 -0.697368 28
3849 113 53 166 0.361446 27
3850 50 34 84 0.190476 25
3851 50 65 115 -0.130435 32
3852 96 14 110 0.745455 21
3853 122 40 162 0.506173 29
3854 44 86 130 -0.323077 25
3855 85 57 142 0.197183 33
3856 129 30 159 0.622642 24
3857 144 18 162 0.777778 26
3858 183 21 204 0.794118 28
3859 64 70 134 -0.0447761 32
3860 12 153 165 -0.854545 27
3861 139 14 153 0.816993 29
3862 137 7 144 0.902778 20
3863 66 65 131 0.00763359 28
3864 202 14 216 0.87037 25
3865 56 85 141 -0.205674 23
3866 80 55 135 0.185185 24
3867 45 77 122 -0.262295 31
3868 53 35 88 0.204545 28
3869 54 83 137 -0.211679 29
3870 19 133 152 -0.75 27
3871 130 12 142 0.830986 17
3872 28 160 188 -0.702128 29
3873 6 156 162 -0.925926 25
3874 101 30 131 0.541985 29
3875 90 55 145 0.241379 32
3876 68 138 206 -0.339806 33
3877 69 63 132 0.0454545 33
3878 64 86 150 -0.146667 32
3879 29 164 193 -0.699482 32
3880 197 14 211 0.867299 22
3881 140 28 168 0.666667 30
3882 12 158 170 -0.858824 28
3883 153 15 168 0.821429 22
3884 15 110 125 -0.76 21
3885 100 38 138 0.449275 28
3886 86 31 117 0.470085 26
3887 6 119 125 -0.904 23
3888 51 76 127 -0.19685 27
3889 69 76 145 -0.0482759 29
3890 97 41 138 0.405797 27
3891 59 86 145 -0.186207 34
3892 110 27 137 0.605839 29
3893 120 30 150 0.6 32
3894 21 82 103 -0.592233 24
3895 116 30 146 0.589041 27
3896 29 102 131 -0.557252 30
3897 27 4 31 0.741935 15
3898 48 74 122 -0.213115 30
3899 130 24 154 0.688312 31
3900 177 12 189 0.873016 24
3901 142 24 166 0.710843 32
3902 53 91 144 -0.263889 29
3903 14 121 135 -0.792593 27
3904 91 67 158 0.151899 29
3905 24 80 104 -0.538462 31
3906 46 105 151 -0.390728 30
3907 14 118 132 -0.787879 28
3908 63 111 174 -0.275862 29
3909 77 73 150 0.0266667 27
3910 8 108 116 -0.862069 24
3911 32 124 156 -0.589744 31
3912 128 10 138 0.855072 26
3913 23 7 30 0.533333 13
3914 7 101 108 -0.87037 25
3915 13 154 167 -0.844311 27
3916 32 101 133 -0.518797 30
3917 170 23 193 0.761658 24
3918 23 115 138 -0.666667 27
3919 31 64 95 -0.347368 31
3920 27 141 168 -0.678571 30
3921 47 74 121 -0.22314 30
3922 103 76 179 0.150838 34
3923 56 91 147 -0.238095 27
3924 123 34 157 0.566879 31
3925 54 71 125 -0.136 27
3926 12 182 194 -0.876289 23
3927 41 91 132 -0.378788 26
3928 78 87 165 -0.0545455 33
3929 82 49 131 0.251908 32
3930 4 161 165 -0.951515 22
3931 73 99 172 -0.151163 31
3932 10 115 125 -0.84 24
3933 43 67 110 -0.218182 32
3934 112 52 164 0.365854 33
3935 20 130 150 -0.733333 22
3936 86 71 157 0.0955414 30
3937 97 54 151 0.284768 37
3938 82 53 135 0.214815 28
3939 146 23 169 0.727811 27
3940 123 43 166 0.481928 34
3941 70 68 138 0.0144928 34
3942 33 125 158 -0.582278 27
3943 101 38 139 0.453237 34
3944 16 119 135 -0.762963 27
3945 59 69 128 -0.078125 32
3946 67 98 165 -0.187879 34
3947 144 5 149 0.932886 24
3948 55 98 153 -0.281046 33
3949 57 81 138 -0.173913 30
3950 84 64 148 0.135135 32
3951 63 77 140 -0.1 33
3952 64 83 147 -0.129252 28
3953 42 112 154 -0.454545 29
3954 10 152 162 -0.876543 28
3955 23 133 156 -0.705128 29
3956 20 157 177 -0.774011 30
3957 116 23 139 0.669065 26
3958 137 17 154 0.779221 31
3959 69 93 162 -0.148148 28
3960 54 89 143 -0.244755 35
3961 10 168 178 -0.88764 26
3962 111 67 178 0.247191 35
3963 46 117 163 -0.435583 30
3964 54 96 150 -0.28 35
3965 99 52 151 0.311258 29
3966 169 34 203 0.665025 27
3967 43 90 133 -0.353383 34
3968 3 153 156 -0.961538 20
3969 107 47 154 0.38961 34
3970 4 176 180 -0.955556 23
3971 150 22 172 0.744186 32
3972 103 62 165 0.248485 34
3973 22 93 115 -0.617391 28
3974 40 113 153 -0.477124 28
3975 37 90 127 -0.417323 29
3976 155 24 179 0.731844 30
3977 4 200 204 -0.960784 18
3978 34 129 163 -0.582822 29
3979 23 126 149 -0.691275 31
3980 58 112 170 -0.317647 33
3981 112 51 163 0.374233 34
3982 72 46 118 0.220339 28
3983 126 42 168 0.5 23
3984 56 20 76 0.473684 23
3985 114 51 165 0.381818 35
3986 27 76 103 -0.475728 30
3987 16 120 136 -0.764706 23
3988 102 29 131 0.557252 33
3989 16 56 72 -0.555556 26
3990 73 34 107 0.364486 28
3991 109 20 129 0.689922 27
3992 13 171 184 -0.858696 25
3993 169 30 199 0.698492 28
3994 63 71 134 -0.0597015 32
3995 62 62 124 0 29
3996 95 63 158 0.202532 34
3997 75 71 146 0.0273973 26
3998 35 104 139 -0.496403 34
3999 120 26 146 0.643836 33
4000 93 87 180 0.0333333 30
4001 69 53 122 0.131148 26
4002 77 76 153 0.00653595 27
4003 19 143 162 -0.765432 26
4004 117 39 156 0.5 24
4005 79 55 134 0.179104 32
4006 32 94 126 -0.492063 27
4007 110 26 136 0.617647 33
4008 36 109 145 -0.503448 31
4009 20 173 193 -0.792746 26
4010 76 103 179 -0.150838 29
4011 60 68 128 -0.0625 33
4012 75 64 139 0.0791367 28
4013 30 146 176 -0.659091 25
4014 190 5 195 0.948718 22
4015 59 51 110 0.0727273 28
4016 43 66 109 -0.211009 30
4017 63 81 144 -0.125 30
4018 139 25 164 0.695122 30
4019 6 193 199 -0.939698 24
4020 45 91 136 -0.338235 33
4021 194 8 202 0.920792 23
4022 177 13 190 0.863158 25
4023 11 27 38 -0.421053 14
4024 100 20 120 0.666667 22
4025 57 59 116 -0.0172414 32
4026 93 64 157 0.184713 33
4027 110 46 156 0.410256 32
4028 2 24 26 -0.846154 12
4029 76 35 111 0.369369 30
4030 15 154 169 -0.822485 29
4031 94 79 173 0.0867052 36
4032 6 173 179 -0.932961 25
4033 53 72 125 -0.152 28
4034 43 137 180 -0.522222 34
4035 121 43 164 0.47561 27
4036 57 68 125 -0.088 27
4037 30 122 152 -0.605263 29
4038 101 38 139 0.453237 31
4039 67 42 109 0.229358 28
4040 18 133 151 -0.761589 32
4041 79 26 105 0.504762 31
4042 34 186 220 -0.690909 31
4043 9 177 186 -0.903226 26
4044 45 71 116 -0.224138 32
4045 74 104 178 -0.168539 31
4046 38 120 158 -0.518987 36
4047 6 124 130 -0.907692 21
4048 59 56 115 0.026087 33
4049 88 75 163 0.0797546 34
4050 99 12 111 0.783784 24
4051 30 153 183 -0.672131 23
4052 46 92 138 -0.333333 26
4053 38 122 160 -0.525 32
4054 70 74 144 -0.0277778 32
4055 6 159 165 -0.927273 16
4056 64 74 138 -0.0724638 30
4057 4 134 138 -0.942029 22
4058 43 40 83 0.0361446 28
4059 14 94 108 -0.740741 25
4060 74 65 139 0.0647482 35
4061 66 68 134 -0.0149254 34
4062 131 39 170 0.541176 33
4063 147 23 170 0.729412 30
4064 78 94 172 -0.0930233 37
4065 54 51 105 0.0285714 31
4066 39 99 138 -0.434783 30
4067 193 19 212 0.820755 26
4068 172 8 180 0.911111 20
4069 102 46 148 0.378378 32
4070 75 75 150 0 33
4071 101 52 153 0.320261 24
4072 28 115 143 -0.608392 27
4073 83 59 142 0.169014 32
4074 101 54 155 0.303226 33
4075 125 28 153 0.633987 29
4076 21 138 159 -0.735849 25
4077 156 30 186 0.677419 32
4078 52 104 156 -0.333333 31
4079 7 119 126 -0.888889 23
4080 96 67 163 0.177914 32
4081 88 73 161 0.0931677 34
4082 203 19 222 0.828829 28
4083 44 86 130 -0.323077 29
4084 67 78 145 -0.0758621 31
4085 52 84 136 -0.235294 36
4086 91 44 135 0.348148 25
4087 70 32 102 0.372549 30
4088 13 134 147 -0.823129 26
4089 124 36 160 0.55 33
4090 49 73 122 -0.196721 25
4091 74 56 130 0.138462 33
4092 197 20 217 0.815668 27
4093 153 16 169 0.810651 25
4094 63 75 138 -0.0869565 29
4095 85 47 132 0.287879 33
4096 101 53 154 0.311688 27
4097 53 68 121 -0.123967 31
4098 8 227 235 -0.931915 25
4099 46 79 125 -0.264 27
4100 34 82 116 -0.413793 29
4101 31 154 185 -0.664865 33
4102 14 146 160 -0.825 23
4103 44 39 83 0.060241 24
4104 43 88 131 -0.343511 29
4105 5 227 232 -0.956897 19
4106 1 190 191 -0.989529 16
4107 78 84 162 -0.037037 32
4108 13 114 127 -0.795276 29
4109 59 108 167 -0.293413 21
4110 160 12 172 0.860465 24
4111 45 94 139 -0.352518 27
4112 33 103 136 -0.514706 31
4113 12 171 183 -0.868852 26
4114 133 40 173 0.537572 33
4115 178 5 183 0.945355 18
4116 89 79 168 0.0595238 29
4117 68 44 112 0.214286 29
4118 19 140 159 -0.761006 27
4119 13 177 190 -0.863158 28
4120 51 85 136 -0.25 33
4121 155 16 171 0.812865 29
4122 152 24 176 0.727273 31
4123 42 109 151 -0.443709 35
4124 16 98 114 -0.719298 24
4125 3 130 133 -0.954887 21
4126 38 88 126 -0.396825 33
4127 26 104 130 -0.6 33
4128 44 105 149 -0.409396 30
4129 158 22 180 0.755556 23
4130 144 51 195 0.476923 24
4131 93 34 127 0.464567 31
4132 11 94 105 -0.790476 26
4133 81 21 102 0.588235 29
4134 5 125 130 -0.923077 22
4135 27 142 169 -0.680473 28
4136 75 58 133 0.12782 29
4137 8 126 134 -0.880597 25
4138 48 124 172 -0.44186 31
4139 64 49 113 0.132743 31
4140 184 7 191 0.926702 23
4141 107 36 143 0.496503 29
4142 112 34 146 0.534247 34
4143 108 62 170 0.270588 30
4144 198 9 207 0.913043 23
4145 88 44 132 0.333333 30
4146 7 115 122 -0.885246 23
4147 123 10 133 0.849624 23
4148 5 137 142 -0.929577 22
4149 188 7 195 0.928205 23
4150 76 56 132 0.151515 33
4151 7 173 180 -0.922222 21
4152 11 160 171 -0.871345 29
4153 60 62 122 -0.0163934 25
4154 30 77 107 -0.439252 27
4155 44 83 127 -0.307087 28
4156 47 38 85 0.105882 24
4157 25 103 128 -0.609375 30
4158 81 75 156 0.0384615 36
4159 104 52 156 0.333333 29
4160 110 20 130 0.692308 29
4161 105 51 156 0.346154 30
4162 9 141 150 -0.88 23
4163 57 90 147 -0.22449 32
4164 156 31 187 0.668449 33
4165 98 45 143 0.370629 28
4166 28 132 160 -0.65 31
4167 17 185 202 -0.831683 29
4168 189 16 205 0.843902 28
4169 22 118 140 -0.685714 28
4170 70 79 149 -0.0604027 34
4171 120 13 133 0.804511 27
4172 126 51 177 0.423729 34
4173 43 114 157 -0.452229 35
4174 97 18 115 0.686957 29
4175 13 112 125 -0.792 26
4176 149 8 157 0.898089 24
4177 61 13 74 0.648649 22
4178 175 12 187 0.871658 25
4179 135 15 150 0.8 28
4180 94 75 169 0.112426 31
4181 199 17 216 0.842593 28
4182 12 150 162 -0.851852 27
4183 46 121 167 -0.449102 33
4184 58 113 171 -0.321637 34
4185 31 137 168 -0.630952 27
4186 17 139 156 -0.782051 30
4187 14 143 157 -0.821656 24
4188 33 148 181 -0.635359 29
4189 42 87 129 -0.348837 31
4190 106 67 173 0.225434 32
4191 76 78 154 -0.012987 30
4192 39 84 123 -0.365854 29
4193 139 12 151 0.84106 26
4194 100 5 105 0.904762 22
4195 8 124 132 -0.878788 26
4196 55 74 129 -0.147287 31
4197 116 37 153 0.51634 30
4198 133 10 143 0.86014 26
4199 7 43 50 -0.72 19
4200 56 113 169 -0.337278 31
4201 94 41 135 0.392593 31
4202 122 34 156 0.564103 25
4203 143 8 151 0.89404 24
4204 97 56 153 0.267974 29
4205 105 22 127 0.653543 29
4206 38 135 173 -0.560694 25
4207 130 29 159 0.63522 30
4208 55 88 143 -0.230769 29
4209 103 8 111 0.855856 24
4210 6 170 176 -0.931818 25
4211 153 4 157 0.949045 23
4212 74 67 141 0.0496454 31
4213 86 71 157 0.0955414 35
4214 21 137 158 -0.734177 24
4215 45 100 145 -0.37931 33
4216 76 56 132 0.151515 31
4217 114 3 117 0.948718 22
4218 124 34 158 0.56962 30
4219 53 106 159 -0.333333 32
4220 85 57 142 0.197183 31
4221 94 50 144 0.305556 31
4222 62 46 108 0.148148 26
4223 107 11 118 0.813559 23
4224 56 54 110 0.0181818 31
4225 37 91 128 -0.421875 30
4226 82 55 137 0.19708 31
4227 95 84 179 0.0614525 25
4228 41 100 141 -0.41844 34
4229 134 33 167 0.60479 32
4230 70 88 158 -0.113924 25
4231 143 30 173 0.653179 30
4232 24 116 140 -0.657143 29
4233 152 15 167 0.820359 27
4234 15 159 174 -0.827586 30
4235 75 72 147 0.0204082 30
4236 66 69 135 -0.0222222 27
4237 76 55 131 0.160305 34
4238 33 107 140 -0.528571 32
4239 15 198 213 -0.859155 23
4240 22 183 205 -0.785366 32
4241 9 122 131 -0.862595 26
4242 70 84 154 -0.0909091 28
4243 95 53 148 0.283784 35
4244 42 73 115 -0.269565 31
4245 43 108 151 -0.430464 31
4246 6 136 142 -0.915493 25
4247 87 78 165 0.0545455 29
4248 32 126 158 -0.594937 31
4249 31 140 171 -0.637427 30
4250 7 135 142 -0.901408 23
4251 68 84 152 -0.105263 31
4252 9 101 110 -0.836364 21
4253 93 67 160 0.1625 30
4254 106 32 138 0.536232 33
4255 94 7 101 0.861386 22
4256 125 10 135 0.851852 26
4257 86 75 161 0.068323 32
4258 20 122 142 -0.71831 32
4259 107 25 132 0.621212 31
4260 130 14 144 0.805556 25
4261 96 67 163 0.177914 34
4262 114 34 148 0.540541 33
4263 29 182 211 -0.725118 32
4264 20 19 39 0.025641 20
4265 25 121 146 -0.657534 30
4266 65 88 153 -0.150327 31
4267 102 43 145 0.406897 30
4268 12 141 153 -0.843137 26
4269 140 9 149 0.879195 24
4270 23 84 107 -0.570093 26
4271 144 9 153 0.882353 20
4272 53 73 126 -0.15873 32
4273 113 18 131 0.725191 28
4274 89 37 126 0.412698 28
4275 105 56 161 0.304348 32
4276 30 103 133 -0.548872 32
4277 105 26 131 0.603053 29
4278 116 18 134 0.731343 27
4279 55 90 145 -0.241379 32
4280 104 79 183 0.136612 29
4281 11 129 140 -0.842857 23
4282 72 73 145 -0.00689655 26
4283 33 107 140 -0.528571 31
4284 136 53 189 0.439153 31
4285 147 51 198 0.484848 29
4286 38 130 168 -0.547619 29
4287 75 62 137 0.0948905 34
4288 126 19 145 0.737931 24
4289 33 108 141 -0.531915 35
4290 17 122 139 -0.755396 27
4291 69 87 156 -0.115385 36
4292 25 167 192 -0.739583 29
4293 56 67 123 -0.0894309 29
4294 178 10 188 0.893617 26
4295 22 130 152 -0.710526 29
4296 68 81 149 -0.0872483 35
4297 94 60 154 0.220779 36
4298 150 6 156 0.923077 24
4299 86 81 167 0.0299401 31
4300 34 12 46 0.478261 15
4301 183 5 188 0.946809 22
4302 13 176 189 -0.862434 25
4303 119 22 141 0.687943 27
4304 22 123 145 -0.696552 32
4305 3 169 172 -0.965116 13
4306 9 174 183 -0.901639 24
4307 69 36 105 0.314286 29
4308 7 120 127 -0.889764 24
4309 153 5 158 0.936709 22
4310 95 25 120 0.583333 31
4311 88 52 140 0.257143 25
4312 194 23 217 0.788018 30
4313 38 134 172 -0.55814 32
4314 60 84 144 -0.166667 29
4315 121 14 135 0.792593 27
4316 86 84 170 0.0117647 35
4317 201 26 227 0.770925 27
4318 10 124 134 -0.850746 24
4319 151 5 156 0.935897 22
4320 52 5 57 0.824561 22
4321 144 15 159 0.811321 29
4322 126 57 183 0.377049 33
4323 36 95 131 -0.450382 33
4324 15 192 207 -0.855072 24
4325 121 19 140 0.728571 27
4326 84 37 121 0.38843 32
4327 124 24 148 0.675676 28
4328 18 122 140 -0.742857 27
4329 114 8 122 0.868852 25
4330 120 27 147 0.632653 29
4331 156 8 164 0.902439 25
4332 154 24 178 0.730337 29
4333 107 46 153 0.398693 34
4334 59 117 176 -0.329545 32
4335 10 140 150 -0.866667 27
4336 71 102 173 -0.179191 32
4337 66 63 129 0.0232558 35
4338 180 7 187 0.925134 18
4339 99 19 118 0.677966 29
4340 135 10 145 0.862069 27
4341 166 14 180 0.844444 28
4342 134 38 172 0.55814 31
4343 96 62 158 0.21519 30
4344 81 52 133 0.218045 29
4345 153 17 170 0.8 26
4346 20 94 114 -0.649123 27
4347 146 12 158 0.848101 22
4348 39 52 91 -0.142857 30
4349 69 18 87 0.586207 31
4350 135 23 158 0.708861 31
4351 84 82 166 0.0120482 32
4352 175 4 179 0.955307 20
4353 11 112 123 -0.821138 24
4354 17 123 140 -0.757143 27
4355 94 54 148 0.27027 32
4356 129 16 145 0.77931 28
4357 97 23 120 0.616667 31
4358 170 10 180 0.888889 26
4359 126 19 145 0.737931 29
4360 51 74 125 -0.184 29
4361 67 45 112 0.196429 30
4362 9 145 154 -0.883117 26
4363 6 157 163 -0.92638 21
4364 79 97 176 -0.102273 26
4365 9 167 176 -0.897727 27
4366 52 92 144 -0.277778 32
4367 117 25 142 0.647887 32
4368 73 63 136 0.0735294 34
4369 91 50 141 0.29078 28
4370 114 23 137 0.664234 28
4371 172 24 196 0.755102 29
4372 7 121 128 -0.890625 25
4373 90 35 125 0.44 33
4374 160 20 180 0.777778 30
4375 140 38 178 0.573034 27
4376 45 83 128 -0.296875 25
4377 60 78 138 -0.130435 32
4378 54 34 88 0.227273 28
4379 167 16 183 0.825137 22
4380 104 46 150 0.386667 31
4381 85 30 115 0.478261 28
4382 66 75 141 -0.0638298 32
4383 57 60 117 -0.025641 28
4384 41 110 151 -0.456954 21
4385 87 25 112 0.553571 29
4386 53 79 132 -0.19697 27
4387 22 143 165 -0.733333 29
4388 35 116 151 -0.536424 30
4389 114 18 132 0.727273 26
4390 125 42 167 0.497006 33
4391 14 179 193 -0.854922 28
4392 13 152 165 -0.842424 26
4393 125 44 169 0.47929 32
4394 26 126 152 -0.657895 31
4395 134 42 176 0.522727 32
4396 71 50 121 0.173554 29
4397 52 100 152 -0.315789 26
4398 66 87 153 -0.137255 28
4399 32 116 148 -0.567568 29
4400 186 9 195 0.907692 25
4401 81 42 123 0.317073 29
4402 115 21 136 0.691176 28
4403 32 140 172 -0.627907 23
4404 115 9 124 0.854839 23
4405 82 68 150 0.0933333 31
4406 61 99 160 -0.2375 31
4407 48 88 136 -0.294118 26
4408 19 128 147 -0.741497 27
4409 43 76 119 -0.277311 32
4410 57 104 161 -0.291925 32
4411 62 89 151 -0.178808 33
4412 76 62 138 0.101449 36
4413 79 36 115 0.373913 24
4414 155 38 193 0.606218 27
4415 121 25 146 0.657534 35
4416 55 81 136 -0.191176 32
4417 98 65 163 0.202454 28
4418 36 87 123 -0.414634 32
4419 78 62 140 0.114286 27
4420 60 96 156 -0.230769 27
4421 109 43 152 0.434211 29
4422 95 49 144 0.319444 27
4423 150 21 171 0.754386 29
4424 68 78 146 -0.0684932 31
4425 92 61 153 0.202614 24
4426 31 65 96 -0.354167 29
4427 89 81 170 0.0470588 34
4428 56 89 145 -0.227586 24
4429 143 10 153 0.869281 25
4430 25 102 127 -0.606299 28
4431 127 33 160 0.5875 34
4432 15 139 154 -0.805195 29
4433 7 169 176 -0.920455 16
4434 22 194 216 -0.796296 34
4435 163 12 175 0.862857 22
4436 59 113 172 -0.313953 35
4437 29 143 172 -0.662791 31
4438 80 70 150 0.0666667 25
4439 60 75 135 -0.111111 27
4440 24 118 142 -0.661972 25
4441 180 17 197 0.827411 19
4442 17 89 106 -0.679245 27
4443 40 152 192 -0.583333 32
4444 42 47 89 -0.0561798 27
4445 91 60 151 0.205298 26
4446 136 49 185 0.47027 34
4447 22 104 126 -0.650794 29
4448 119 53 172 0.383721 34
4449 74 59 133 0.112782 30
4450 68 87 155 -0.122581 29
4451 30 117 147 -0.591837 33
4452 159 3 162 0.962963 21
4453 151 23 174 0.735632 28
4454 60 74 134 -0.104478 32
4455 147 23 170 0.729412 30
4456 9 146 155 -0.883871 23
4457 58 85 143 -0.188811 34
4458 40 103 143 -0.440559 30
4459 25 140 165 -0.69697 30
4460 37 111 148 -0.5 34
4461 156 5 161 0.937888 16
4462 130 21 151 0.721854 31
4463 181 11 192 0.885417 27
4464 108 49 157 0.375796 35
4465 41 112 153 -0.464052 35
4466 92 58 150 0.226667 29
4467 28 109 137 -0.591241 31
4468 154 13 167 0.844311 28
4469 19 135 154 -0.753247 30
4470 2 234 236 -0.983051 12
4471 6 136 142 -0.915493 23
4472 14 110 124 -0.774194 24
4473 64 81 145 -0.117241 31
4474 40 94 134 -0.402985 34
4475 152 17 169 0.798817 27
4476 7 138 145 -0.903448 24
4477 159 9 168 0.892857 25
4478 35 81 116 -0.396552 29
4479 14 144 158 -0.822785 27
4480 105 34 139 0.510791 29
4481 136 20 156 0.74359 29
4482 114 25 139 0.640288 30
4483 59 126 185 -0.362162 29
4484 82 43 125 0.312 34
4485 38 90 128 -0.40625 25
4486 22 153 175 -0.748571 30
4487 52 49 101 0.029703 28
4488 52 111 163 -0.361963 30
4489 108 61 169 0.278107 33
4490 47 101 148 -0.364865 32
4491 171 14 185 0.848649 26
4492 31 97 128 -0.515625 30
4493 107 37 144 0.486111 35
4494 190 4 194 0.958763 20
4495 14 172 186 -0.849462 28
4496 24 126 150 -0.68 28
4497 133 26 159 0.672956 30
4498 103 12 115 0.791304 23
4499 17 47 64 -0.46875 21
4500 150 13 163 0.840491 25
4501 137 24 161 0.701863 28
4502 17 176 193 -0.823834 28
4503 65 88 153 -0.150327 34
4504 120 12 132 0.818182 28
4505 73 62 135 0.0814815 29
4506 102 43 145 0.406897 23
4507 129 22 151 0.708609 28
4508 72 97 169 -0.147929 34
4509 188 13 201 0.870647 28
4510 38 82 120 -0.366667 30
4511 75 71 146 0.0273973 30
4512 111 56 167 0.329341 32
4513 13 105 118 -0.779661 24
4514 22 91 113 -0.610619 28
4515 16 124 140 -0.771429 28
4516 98 48 146 0.342466 31
4517 137 13 150 0.826667 29
4518 29 99 128 -0.546875 30
4519 52 98 150 -0.306667 34
4520 15 120 135 -0.777778 27
4521 106 33 139 0.52518 24
4522 56 80 136 -0.176471 30
4523 76 36 112 0.357143 25
4524 16 117 133 -0.759398 28
4525 135 12 147 0.836735 24
4526 48 92 140 -0.314286 29
4527 3 136 139 -0.956835 17
4528 38 108 146 -0.479452 35
4529 39 100 139 -0.438849 23
4530 110 48 158 0.392405 34
4531 59 100 159 -0.257862 31
4532 51 112 163 -0.374233 33
4533 170 8 178 0.910112 24
4534 62 71 133 -0.0676692 25
4535 133 16 149 0.785235 26
4536 55 102 157 -0.299363 34
4537 86 32 118 0.457627 33
4538 19 143 162 -0.765432 22
4539 142 19 161 0.763975 26
4540 26 133 159 -0.672956 32
4541 57 101 158 -0.278481 28
4542 28 149 177 -0.683616 29
4543 87 41 128 0.359375 28
4544 72 20 92 0.565217 30
4545 115 25 140 0.642857 22
4546 105 47 152 0.381579 34
4547 137 5 142 0.929577 22
4548 127 43 170 0.494118 33
4549 8 91 99 -0.838384 24
4550 110 50 160 0.375 33
4551 111 24 135 0.644444 32
4552 31 31 62 0 24
4553 38 128 166 -0.542169 32
4554 124 48 172 0.44186 30
4555 85 98 183 -0.0710383 36
4556 177 22 199 0.778894 22
4557 38 96 134 -0.432836 28
4558 131 30 161 0.627329 32
4559 44 83 127 -0.307087 30
4560 155 4 159 0.949686 17
4561 85 87 172 -0.0116279 34
4562 19 151 170 -0.776471 29
4563 59 19 78 0.512821 25
4564 121 51 172 0.406977 30
4565 30 9 39 0.538462 17
4566 79 39 118 0.338983 29
4567 29 140 169 -0.656805 31
4568 42 54 96 -0.125 27
4569 168 20 188 0.787234 24
4570 119 9 128 0.859375 25
4571 154 11 165 0.866667 24
4572 10 122 132 -0.848485 23
4573 161 32 193 0.668394 29
4574 107 41 148 0.445946 35
4575 51 87 138 -0.26087 32
4576 21 103 124 -0.66129 28
4577 148 59 207 0.429952 27
4578 108 50 158 0.367089 29
4579 78 82 160 -0.025 30
4580 44 159 203 -0.566502 32
4581 8 144 152 -0.894737 23
4582 13 153 166 -0.843373 29
4583 168 6 174 0.931034 23
4584 37 95 132 -0.439394 27
4585 57 111 168 -0.321429 32
4586 48 61 109 -0.119266 28
4587 21 108 129 -0.674419 27
4588 96 35 131 0.465649 33
4589 172 30 202 0.70297 30
4590 55 78 133 -0.172932 34
4591 125 38 163 0.533742 33
4592 73 82 155 -0.0580645 30
4593 79 73 152 0.0394737 36
4594 154 30 184 0.673913 29
4595 39 84 123 -0.365854 34
4596 33 118 151 -0.562914 21
4597 58 133 191 -0.39267 28
4598 138 32 170 0.623529 28
4599 45 85 130 -0.307692 27
4600 187 19 206 0.815534 27
4601 175 42 217 0.612903 30
4602 56 84 140 -0.2 34
4603 7 113 120 -0.883333 26
4604 64 76 140 -0.0857143 30
4605 70 97 167 -0.161677 31
4606 119 35 154 0.545455 34
4607 26 140 166 -0.686747 25
4608 89 40 129 0.379845 29
4609 29 133 162 -0.641975 31
4610 29 91 120 -0.516667 21
4611 29 91 120 -0.516667 27
4612 83 54 137 0.211679 30
4613 114 29 143 0.594406 28
4614 93 35 128 0.453125 28
4615 205 14 219 0.872146 24
4616 41 25 66 0.242424 23
4617 121 54 175 0.382857 35
4618 70 64 134 0.0447761 31
4619 9 122 131 -0.862595 25
4620 68 71 139 -0.0215827 32
4621 14 175 189 -0.851852 23
4622 124 43 167 0.48503 27
4623 123 27 150 0.64 33
4624 59 114 173 -0.317919 36
4625 85 55 140 0.214286 36
4626 150 25 175 0.714286 32
4627 119 26 145 0.641379 32
4628 143 15 158 0.810127 23
4629 19 109 128 -0.703125 28
4630 95 39 134 0.41791 32
4631 131 14 145 0.806897 28
4632 59 86 145 -0.186207 35
4633 170 15 185 0.837838 21
4634 44 63 107 -0.17757 30
4635 168 29 197 0.705584 20
4636 43 75 118 -0.271186 32
4637 57 81 138 -0.173913 32
4638 116 25 141 0.64539 30
4639 10 92 102 -0.803922 26
4640 65 92 157 -0.171975 30
4641 116 34 150 0.546667 34
4642 66 59 125 0.056 32
4643 74 53 127 0.165354 30
4644 16 102 118 -0.728814 26
4645 126 60 186 0.354839 34
4646 116 46 162 0.432099 31
4647 117 13 130 0.8 27
4648 206 4 210 0.961905 20
4649 112 27 139 0.611511 32
4650 7 132 139 -0.899281 25
4651 13 133 146 -0.821918 27
4652 126 51 177 0.423729 29
4653 112 49 161 0.391304 32
4654 12 103 115 -0.791304 25
4655 24 137 161 -0.701863 29
4656 141 15 156 0.807692 27
4657 22 122 144 -0.694444 26
4658 62 64 126 -0.015873 35
4659 164 7 171 0.918129 23
4660 112 44 156 0.435897 29
4661 29 139 168 -0.654762 33
4662 30 100 130 -0.538462 32
4663 11 173 184 -0.880435 24
4664 122 31 153 0.594771 34
4665 67 88 155 -0.135484 29
4666 71 53 124 0.145161 24
4667 147 15 162 0.814815 24
4668 30 100 130 -0.538462 27
4669 13 170 183 -0.857923 25
4670 173 16 189 0.830688 29
4671 32 134 166 -0.614458 28
4672 13 156 169 -0.846154 26
4673 79 97 176 -0.102273 27
4674 42 93 135 -0.377778 28
4675 82 54 136 0.205882 33
4676 139 17 156 0.782051 27
4677 34 121 155 -0.56129 32
4678 142 27 169 0.680473 30
4679 44 37 81 0.0864198 21
4680 79 31 110 0.436364 31
4681 120 33 153 0.568627 32
4682 27 124 151 -0.642384 29
4683 43 99 142 -0.394366 31
4684 131 19 150 0.746667 32
4685 86 47 133 0.293233 29
4686 101 72 173 0.16763 34
4687 62 61 123 0.00813008 29
4688 45 118 163 -0.447853 32
4689 15 208 223 -0.865471 24
4690 12 117 129 -0.813953 27
4691 149 20 169 0.763314 31
4692 28 136 164 -0.658537 30
4693 48 87 135 -0.288889 28
4694 107 23 130 0.646154 31
4695 69 63 132 0.0454545 35
4696 69 47 116 0.189655 32
4697 51 115 166 -0.385542 35
4698 60 2 62 0.935484 18
4699 70 63 133 0.0526316 28
4700 14 150 164 -0.829268 20
4701 16 169 185 -0.827027 27
4702 66 53 119 0.109244 32
4703 146 5 151 0.933775 24
4704 23 27 50 -0.08 24
4705 86 73 159 0.081761 27
4706 45 134 179 -0.497207 36
4707 93 40 133 0.398496 34
4708 21 112 133 -0.684211 21
4709 56 51 107 0.046729 30
4710 12 176 188 -0.87234 26
4711 113 17 130 0.738462 28
4712 114 26 140 0.628571 31
4713 64 59 123 0.0406504 30
4714 44 105 149 -0.409396 31
4715 10 138 148 -0.864865 26
4716 30 132 162 -0.62963 31
4717 139 9 148 0.878378 26
4718 26 103 129 -0.596899 25
4719 75 85 160 -0.0625 32
4720 100 31 131 0.526718 28
4721 121 44 165 0.466667 29
4722 146 9 155 0.883871 27
4723 76 115 191 -0.204188 31
4724 137 34 171 0.602339 31
4725 9 107 116 -0.844828 25
4726 5 153 158 -0.936709 20
4727 90 47 137 0.313869 37
4728 28 128 156 -0.641026 28
4729 62 95 157 -0.210191 34
4730 95 41 136 0.397059 30
4731 115 16 131 0.755725 29
4732 66 71 137 -0.0364964 30
4733 104 60 164 0.268293 34
4734 147 27 174 0.689655 26
4735 47 101 148 -0.364865 33
4736 29 103 132 -0.560606 30
4737 139 25 164 0.695122 25
4738 2 172 174 -0.977011 19
4739 33 130 163 -0.595092 31
4740 84 97 181 -0.0718232 31
4741 193 18 211 0.829384 23
4742 75 50 125 0.2 33
4743 105 20 125 0.68 29
4744 163 13 176 0.852273 21
4745 88 52 140 0.257143 33
4746 8 127 135 -0.881481 22
4747 119 59 178 0.337079 31
4748 22 117 139 -0.683453 26
4749 17 142 159 -0.786164 23
4750 111 36 147 0.510204 31
4751 14 164 178 -0.842697 28
4752 36 125 161 -0.552795 26
4753 53 42 95 0.115789 32
4754 21 236 257 -0.836576 26
4755 94 47 141 0.333333 32
4756 83 61 144 0.152778 29
4757 104 75 179 0.162011 35
4758 10 125 135 -0.851852 21
4759 62 72 134 -0.0746269 31
4760 124 11 135 0.837037 22
4761 18 153 171 -0.789474 31
4762 102 56 158 0.291139 29
4763 41 60 101 -0.188119 30
4764 82 74 156 0.0512821 29
4765 118 45 163 0.447853 31
4766 64 74 138 -0.0724638 32
4767 76 65 141 0.0780142 32
4768 35 92 127 -0.448819 27
4769 61 52 113 0.079646 27
4770 69 79 148 -0.0675676 32
4771 62 67 129 -0.0387597 32
4772 141 11 152 0.855263 23
4773 134 44 178 0.505618 31
4774 23 125 148 -0.689189 30
4775 30 132 162 -0.62963 30
4776 149 21 170 0.752941 33
4777 25 126 151 -0.668874 29
4778 107 18 125 0.712 27
4779 38 109 147 -0.482993 29
4780 20 111 131 -0.694656 31
4781 91 51 142 0.28169 29
4782 90 38 128 0.40625 25
4783 114 27 141 0.617021 27
4784 66 64 130 0.0153846 27
4785 37 116 153 -0.51634 26
4786 45 103 148 -0.391892 31
4787 20 186 206 -0.805825 25
4788 9 158 167 -0.892216 19
4789 105 33 138 0.521739 33
4790 28 128 156 -0.641026 28
4791 82 58 140 0.171429 29
4792 83 49 132 0.257576 24
4793 15 112 127 -0.76378 25
4794 38 50 88 -0.136364 26
4795 46 94 140 -0.342857 24
4796 134 14 148 0.810811 26
4797 54 86 140 -0.228571 30
4798 179 5 184 0.945652 22
4799 188 8 196 0.918367 17
4800 98 32 130 0.507692 30
4801 64 61 125 0.024 32
4802 67 60 127 0.0551181 32
4803 96 39 135 0.422222 30
4804 139 26 165 0.684848 28
4805 58 81 139 -0.165468 32
4806 90 37 127 0.417323 32
4807 44 117 161 -0.453416 31
4808 115 37 152 0.513158 29
4809 10 184 194 -0.896907 19
4810 136 32 168 0.619048 31
4811 53 75 128 -0.171875 29
4812 103 47 150 0.373333 27
4813 53 90 143 -0.258741 25
4814 83 32 115 0.443478 29
4815 49 141 190 -0.484211 32
4816 150 7 157 0.910828 21
4817 56 83 139 -0.194245 35
4818 20 158 178 -0.775281 30
4819 35 86 121 -0.421488 23
4820 59 91 150 -0.213333 35
4821 132 21 153 0.72549 30
4822 78 39 117 0.333333 32
4823 12 179 191 -0.874346 24
4824 61 89 150 -0.186667 34
4825 139 5 144 0.930556 19
4826 9 181 190 -0.905263 18
4827 115 35 150 0.533333 27
4828 83 106 189 -0.121693 37
4829 145 23 168 0.72619 28
4830 135 31 166 0.626506 31
4831 126 12 138 0.826087 24
4832 38 114 152 -0.5 29
4833 110 48 158 0.392405 29
4834 25 151 176 -0.715909 32
4835 95 67 162 0.17284 35
4836 47 68 115 -0.182609 25
4837 7 167 174 -0.91954 25
4838 11 179 190 -0.884211 26
4839 13 165 178 -0.853933 23
4840 71 75 146 -0.0273973 31
4841 11 110 121 -0.818182 24
4842 124 22 146 0.69863 29
4843 39 142 181 -0.569061 34
4844 101 69 170 0.188235 24
4845 68 119 187 -0.272727 32
4846 49 96 145 -0.324138 29
4847 181 18 199 0.819095 27
4848 97 50 147 0.319728 34
4849 50 89 139 -0.280576 31
4850 90 69 159 0.132075 31
4851 18 174 192 -0.8125 26
4852 9 118 127 -0.858268 27
4853 171 10 181 0.889503 26
4854 102 54 156 0.307692 27
4855 112 19 131 0.709924 30
4856 51 138 189 -0.460317 37
4857 95 68 163 0.165644 30
4858 35 117 152 -0.539474 33
4859 170 7 177 0.920904 21
4860 60 91 151 -0.205298 31
4861 25 108 133 -0.62406 32
4862 15 149 164 -0.817073 26
4863 34 130 164 -0.585366 35
4864 89 45 134 0.328358 26
4865 57 103 160 -0.2875 36
4866 120 37 157 0.528662 33
4867 100 42 142 0.408451 30
4868 175 23 198 0.767677 27
4869 123 25 148 0.662162 28
4870 99 67 166 0.192771 28
4871 36 93 129 -0.44186 28
4872 107 46 153 0.398693 31
4873 50 100 150 -0.333333 29
4874 53 87 140 -0.242857 30
4875 126 26 152 0.657895 30
4876 16 139 155 -0.793548 30
4877 8 196 204 -0.921569 26
4878 4 182 186 -0.956989 22
4879 138 8 146 0.890411 25
4880 108 57 165 0.309091 28
4881 104 40 144 0.444444 28
4882 63 117 180 -0.3 31
4883 124 39 163 0.521472 31
4884 102 23 125 0.632 31
4885 30 105 135 -0.555556 24
4886 115 34 149 0.543624 33
4887 118 30 148 0.594595 27
4888 36 95 131 -0.450382 35
4889 47 151 198 -0.525253 26
4890 47 49 96 -0.0208333 31
4891 129 19 148 0.743243 29
4892 123 47 170 0.447059 31
4893 72 65 137 0.0510949 35
4894 52 82 134 -0.223881 31
4895 130 24 154 0.688312 30
4896 53 93 146 -0.273973 35
4897 121 26 147 0.646259 25
4898 32 82 114 -0.438596 25
4899 67 88 155 -0.135484 33
4900 69 82 151 -0.0860927 34
4901 8 165 173 -0.907514 23
4902 80 15 95 0.684211 28
4903 23 161 184 -0.75 31
4904 140 21 161 0.73913 26
4905 48 92 140 -0.314286 33
4906 74 46 120 0.233333 32
4907 62 68 130 -0.0461538 25
4908 89 56 145 0.227586 31
4909 124 27 151 0.642384 33
4910 26 165 191 -0.727749 30
4911 29 110 139 -0.582734 30
4912 62 60 122 0.0163934 33
4913 3 126 129 -0.953488 22
4914 119 21 140 0.7 27
4915 23 145 168 -0.72619 30
4916 37 133 170 -0.564706 33
4917 58 54 112 0.0357143 35
4918 68 120 188 -0.276596 33
4919 67 85 152 -0.118421 31
4920 160 40 200 0.6 26
4921 80 49 129 0.24031 28
4922 98 55 153 0.281046 32
4923 183 15 198 0.848485 21
4924 46 135 181 -0.491713 31
4925 21 108 129 -0.674419 31
4926 204 20 224 0.821429 21
4927 8 152 160 -0.9 26
4928 138 31 169 0.633136 27
4929 128 28 156 0.641026 33
4930 71 82 153 -0.0718954 32
4931 86 56 142 0.211268 33
4932 113 35 148 0.527027 32
4933 9 130 139 -0.870504 22
4934 6 155 161 -0.925466 23
4935 188 5 193 0.948187 19
4936 85 83 168 0.0119048 33
4937 98 61 159 0.232704 27
4938 106 48 154 0.376623 32
4939 32 110 142 -0.549296 27
4940 141 10 151 0.86755 25
4941 33 106 139 -0.52518 33
4942 68 56 124 0.0967742 37
4943 60 62 122 -0.0163934 30
4944 60 66 126 -0.047619 31
4945 126 17 143 0.762238 24
4946 158 33 191 0.65445 36
4947 20 179 199 -0.798995 31
4948 125 38 163 0.533742 32
4949 118 41 159 0.484277 35
4950 47 130 177 -0.468927 36
4951 91 72 163 0.116564 29
4952 15 193 208 -0.855769 28
4953 75 65 140 0.0714286 36
4954 114 47 161 0.416149 34
4955 55 112 167 -0.341317 34
4956 121 9 130 0.861538 21
4957 72 66 138 0.0434783 26
4958 19 106 125 -0.696 26
4959 23 171 194 -0.762887 27
4960 18 118 136 -0.735294 29
4961 57 79 136 -0.161765 35
4962 9 137 146 -0.876712 24
4963 40 88 128 -0.375 31
4964 43 140 183 -0.530055 33
4965 71 110 181 -0.21547 33
4966 30 121 151 -0.602649 34
4967 35 147 182 -0.615385 28
4968 90 28 118 0.525424 27
4969 29 97 126 -0.539683 31
4970 34 99 133 -0.488722 28
4971 54 47 101 0.0693069 34
4972 37 75 112 -0.339286 33
4973 62 73 135 -0.0814815 33
4974 24 136 160 -0.7 27
4975 80 25 105 0.52381 24
4976 64 82 146 -0.123288 35
4977 108 6 114 0.894737 23
4978 223 9 232 0.922414 20
4979 111 55 166 0.337349 30
4980 6 159 165 -0.927273 16
4981 9 138 147 -0.877551 24
4982 158 12 170 0.858824 23
4983 113 16 129 0.751938 23
4984 94 41 135 0.392593 34
4985 89 29 118 0.508475 32
4986 42 75 117 -0.282051 30
4987 52 75 127 -0.181102 32
4988 80 28 108 0.481481 28
4989 18 122 140 -0.742857 32
4990 27 88 115 -0.530435 31
4991 118 18 136 0.735294 29
4992 71 77 148 -0.0405405 28
4993 85 53 138 0.231884 29
4994 150 26 176 0.704545 30
4995 49 24 73 0.342466 27
4996 128 23 151 0.695364 33
4997 128 45 173 0.479769 31
4998 33 118 151 -0.562914 33
4999 15 125 140 -0.785714 26
5000 5 136 141 -0.929078 17
5001 154 30 184 0.673913 28
5002 90 44 134 0.343284 30
5003 121 30 151 0.602649 30
5004 77 51 128 0.203125 26
5005 25 130 155 -0.677419 32
5006 92 29 121 0.520661 30
5007 86 48 134 0.283582 29
5008 88 88 176 0 29
5009 66 97 163 -0.190184 34
5010 125 9 134 0.865672 18
5011 19 117 136 -0.720588 26
5012 60 85 145 -0.172414 32
5013 193 9 202 0.910891 16
5014 45 106 151 -0.403974 35
5015 138 27 165 0.672727 29
5016 116 39 155 0.496774 27
5017 123 49 172 0.430233 34
5018 103 55 158 0.303797 34
5019 137 39 176 0.556818 31
5020 8 124 132 -0.878788 19
5021 7 9 16 -0.125 10
5022 105 35 140 0.5 30
5023 157 13 170 0.847059 28
5024 74 52 126 0.174603 32
5025 113 32 145 0.558621 29
5026 68 95 163 -0.165644 30
5027 109 16 125 0.744 28
5028 80 67 147 0.0884354 28
5029 68 85 153 -0.111111 34
5030 172 34 206 0.669903 34
5031 31 93 124 -0.5 30
5032 35 99 134 -0.477612 32
5033 71 52 123 0.154472 31
5034 26 145 171 -0.695906 29
5035 33 93 126 -0.47619 32
5036 150 30 180 0.666667 30
5037 149 14 163 0.828221 29
5038 123 20 143 0.72028 31
5039 86 88 174 -0.0114943 35
5040 73 82 155 -0.0580645 33
5041 30 129 159 -0.622642 30
5042 106 10 116 0.827586 22
5043 190 11 201 0.890547 22
5044 188 11 199 0.889447 29
5045 22 73 95 -0.536842 31
5046 33 74 107 -0.383178 25
5047 53 56 109 -0.0275229 27
5048 141 48 189 0.492063 28
5049 45 85 130 -0.307692 27
5050 160 37 197 0.624365 33
5051 40 109 149 -0.463087 31
5052 188 14 202 0.861386 26
5053 79 79 158 0 32
5054 56 75 131 -0.145038 22
5055 20 138 158 -0.746835 29
5056 121 4 125 0.936 21
5057 68 70 138 -0.0144928 26
5058 86 32 118 0.457627 33
5059 49 96 145 -0.324138 31
5060 31 91 122 -0.491803 26
5061 94 47 141 0.333333 33
5062 7 175 182 -0.923077 19
5063 61 85 146 -0.164384 30
5064 140 12 152 0.842105 25
5065 134 40 174 0.54023 35
5066 91 55 146 0.246575 33
5067 18 99 117 -0.692308 25
5068 175 13 188 0.861702 18
5069 70 37 107 0.308411 26
5070 99 32 131 0.51145 29
5071 17 142 159 -0.786164 27
5072 15 88 103 -0.708738 25
5073 133 14 147 0.809524 27
5074 62 56 118 0.0508475 34
5075 54 136 190 -0.431579 37
5076 19 133 152 -0.75 30
5077 14 129 143 -0.804196 26
5078 194 17 211 0.838863 30
5079 115 7 122 0.885246 23
5080 75 37 112 0.339286 30
5081 30 144 174 -0.655172 26
5082 38 102 140 -0.457143 34
5083 142 3 145 0.958621 19
5084 122 33 155 0.574194 28
5085 15 121 136 -0.779412 26
5086 17 161 178 -0.808989 28
5087 38 123 161 -0.52795 31
5088 151 10 161 0.875776 25
5089 102 60 162 0.259259 32
5090 43 121 164 -0.47561 30
5091 7 134 141 -0.900709 25
5092 63 45 108 0.166667 32
5093 81 70 151 0.0728477 30
5094 4 162 166 -0.951807 20
5095 32 94 126 -0.492063 30
5096 76 53 129 0.178295 30
5097 15 133 148 -0.797297 28
5098 8 140 148 -0.891892 17
5099 121 44 165 0.466667 33
5100 14 168 182 -0.846154 27
5101 43 110 153 -0.437908 26
5102 116 30 146 0.589041 30
5103 17 161 178 -0.808989 29
5104 70 86 156 -0.102564 29
5105 73 59 132 0.106061 28
5106 92 30 122 0.508197 33
5107 153 40 193 0.585492 32
5108 52 115 167 -0.377246 36
5109 108 53 161 0.341615 33
5110 111 10 121 0.834711 23
5111 89 52 141 0.262411 29
5112 67 46 113 0.185841 29
5113 156 12 168 0.857143 27
5114 55 73 128 -0.140625 27
5115 60 107 167 -0.281437 32
5116 70 45 115 0.217391 26
5117 47 60 107 -0.121495 28
5118 31 96 127 -0.511811 28
5119 79 68 147 0.0748299 37
5120 57 77 134 -0.149254 30
5121 124 36 160 0.55 35
5122 91 32 123 0.479675 31
5123 104 53 157 0.324841 28
5124 16 123 139 -0.769784 29
5125 61 77 138 -0.115942 36
5126 175 16 191 0.832461 26
5127 111 30 141 0.574468 31
5128 62 68 130 -0.0461538 33
5129 174 18 192 0.8125 27
5130 82 52 134 0.223881 32
5131 135 7 142 0.901408 24
5132 107 37 144 0.486111 35
5133 121 44 165 0.466667 28
5134 27 118 145 -0.627586 32
5135 60 92 152 -0.210526 36
5136 9 143 152 -0.881579 24
5137 98 45 143 0.370629 30
5138 101 58 159 0.27044 34
5139 34 75 109 -0.376147 30
5140 228 6 234 0.948718 23
5141 32 44 76 -0.157895 30
5142 149 4 153 0.947712 23
5143 184 10 194 0.896907 28
5144 165 25 190 0.736842 31
5145 43 108 151 -0.430464 35
5146 96 57 153 0.254902 31
5147 21 54 75 -0.44 16
5148 21 128 149 -0.718121 22
5149 244 0 244 1 8
5150 36 159 195 -0.630769 33
5151 133 27 160 0.6625 32
5152 15 130 145 -0.793103 29
5153 120 55 175 0.371429 27
5154 99 45 144 0.375 25
5155 138 35 173 0.595376 28
5156 70 31 101 0.386139 30
5157 7 147 154 -0.909091 21
5158 84 85 169 -0.00591716 32
5159 100 50 150 0.333333 32
5160 60 76 136 -0.117647 34
5161 115 18 133 0.729323 27
5162 142 16 158 0.797468 25
5163 8 165 173 -0.907514 26
5164 19 159 178 -0.786517 31
5165 107 16 123 0.739837 27
5166 56 104 160 -0.3 31
5167 171 15 186 0.83871 20
5168 15 159 174 -0.827586 31
5169 14 200 214 -0.869159 27
5170 46 128 174 -0.471264 34
5171 9 131 140 -0.871429 26
5172 67 39 106 0.264151 25
5173 141 10 151 0.86755 25
5174 44 81 125 -0.296 35
5175 45 80 125 -0.28 29
5176 16 92 108 -0.703704 24
5177 118 6 124 0.903226 24
5178 83 59 142 0.169014 29
5179 19 196 215 -0.823256 23
5180 83 55 138 0.202899 29
5181 52 63 115 -0.0956522 33
5182 25 97 122 -0.590164 30
5183 101 34 135 0.496296 29
5184 76 62 138 0.101449 30
5185 30 148 178 -0.662921 30
5186 57 81 138 -0.173913 29
5187 77 50 127 0.212598 33
5188 50 122 172 -0.418605 32
5189 181 18 199 0.819095 29
5190 101 56 157 0.286624 32
5191 150 10 160 0.875 21
5192 21 30 51 -0.176471 23
5193 142 29 171 0.660819 33
5194 53 112 165 -0.357576 31
5195 58 84 142 -0.183099 31
5196 57 70 127 -0.102362 32
5197 73 28 101 0.445545 24
5198 59 112 171 -0.309942 33
5199 67 91 158 -0.151899 36
5200 48 83 131 -0.267176 32
5201 87 47 134 0.298507 32
5202 22 106 128 -0.65625 29
5203 108 31 139 0.553957 30
5204 64 58 122 0.0491803 28
5205 46 89 135 -0.318519 33
5206 79 51 130 0.215385 28
5207 43 66 109 -0.211009 29
5208 84 55 139 0.208633 30
5209 72 69 141 0.0212766 31
5210 47 131 178 -0.47191 35
5211 21 128 149 -0.718121 29
5212 6 170 176 -0.931818 21
5213 92 61 153 0.202614 26
5214 59 62 121 -0.0247934 30
5215 99 31 130 0.523077 30
5216 112 49 161 0.391304 35
5217 106 48 154 0.376623 25
5218 135 28 163 0.656442 32
5219 32 112 144 -0.555556 27
5220 150 17 167 0.796407 23
5221 59 89 148 -0.202703 32
5222 66 80 146 -0.0958904 32
5223 79 63 142 0.112676 29
5224 164 16 180 0.822222 28
5225 82 76 158 0.0379747 35
5226 113 24 137 0.649635 26
5227 23 97 120 -0.616667 27
5228 88 54 142 0.239437 31
5229 92 54 146 0.260274 32
5230 161 16 177 0.819209 24
5231 72 76 148 -0.027027 35
5232 59 40 99 0.191919 24
5233 79 77 156 0.0128205 30
5234 124 55 179 0.385475 33
5235 31 127 158 -0.607595 31
5236 40 97 137 -0.416058 32
5237 8 169 177 -0.909605 25
5238 136 26 162 0.679012 27
5239 82 26 108 0.518519 30
5240 99 19 118 0.677966 31
5241 84 19 103 0.631068 24
5242 66 82 148 -0.108108 31
5243 107 11 118 0.813559 26
5244 21 164 185 -0.772973 27
5245 88 59 147 0.197279 30
5246 54 110 164 -0.341463 30
5247 99 31 130 0.523077 31
5248 133 30 163 0.631902 28
5249 83 68 151 0.0993377 34
5250 127 30 157 0.617834 26
5251 61 104 165 -0.260606 29
5252 43 97 140 -0.385714 30
5253 92 60 152 0.210526 33
5254 117 35 152 0.539474 31
5255 131 15 146 0.794521 24
5256 59 93 152 -0.223684 28
5257 105 19 124 0.693548 27
5258 176 10 186 0.892473 19
5259 15 50 65 -0.538462 24
5260 17 132 149 -0.771812 24
5261 127 24 151 0.682119 27
5262 48 54 102 -0.0588235 29
5263 190 11 201 0.890547 24
5264 25 93 118 -0.576271 29
5265 7 157 164 -0.914634 25
5266 115 60 175 0.314286 33
5267 8 151 159 -0.899371 25
5268 95 41 136 0.397059 32
5269 37 94 131 -0.435115 28
5270 21 101 122 -0.655738 28
5271 35 72 107 -0.345794 26
5272 45 89 134 -0.328358 25
5273 15 161 176 -0.829545 29
5274 15 184 199 -0.849246 26
5275 87 51 138 0.26087 29
5276 49 101 150 -0.346667 26
5277 124 36 160 0.55 28
5278 35 83 118 -0.40678 26
5279 126 9 135 0.866667 24
5280 35 136 171 -0.590643 34
5281 80 84 164 -0.0243902 26
5282 71 86 157 -0.0955414 28
5283 23 134 157 -0.707006 31
5284 59 87 146 -0.191781 29
5285 115 8 123 0.869919 26
5286 114 41 155 0.470968 34
5287 61 47 108 0.12963 32
5288 90 74 164 0.097561 32
5289 189 8 197 0.918782 19
5290 60 69 129 -0.0697674 29
5291 17 89 106 -0.679245 28
5292 103 35 138 0.492754 30
5293 128 16 144 0.777778 29
5294 141 19 160 0.7625 24
5295 98 75 173 0.132948 34
5296 74 84 158 -0.0632911 33
5297 79 70 149 0.0604027 30
5298 7 203 210 -0.933333 21
5299 104 30 134 0.552239 31
5300 6 194 200 -0.94 21
5301 33 121 154 -0.571429 29
5302 36 100 136 -0.470588 28
5303 149 29 178 0.674157 26
5304 57 74 131 -0.129771 30
5305 79 77 156 0.0128205 26
5306 128 18 146 0.753425 26
5307 117 13 130 0.8 26
5308 124 48 172 0.44186 33
5309 144 28 172 0.674419 21
5310 8 122 130 -0.876923 26
5311 145 17 162 0.790123 27
5312 155 8 163 0.90184 24
5313 89 61 150 0.186667 32
5314 179 3 182 0.967033 22
5315 105 17 122 0.721311 27
5316 106 37 143 0.482517 29
5317 77 74 151 0.0198675 29
5318 143 18 161 0.776398 31
5319 26 139 165 -0.684848 29
5320 32 101 133 -0.518797 31
5321 9 172 181 -0.900552 21
5322 122 21 143 0.706294 28
5323 115 41 156 0.474359 33
5324 7 178 185 -0.924324 22
5325 15 103 118 -0.745763 28
5326 122 22 144 0.694444 29
5327 131 13 144 0.819444 28
5328 9 198 207 -0.913043 20
5329 105 19 124 0.693548 31
5330 34 105 139 -0.510791 35
5331 112 22 134 0.671642 24
5332 12 142 154 -0.844156 22
5333 158 30 188 0.680851 31
5334 20 168 188 -0.787234 26
5335 48 112 160 -0.4 33
5336 54 38 92 0.173913 27
5337 30 105 135 -0.555556 27
5338 149 24 173 0.722543 29
5339 153 18 171 0.789474 22
5340 104 35 139 0.496403 32
5341 150 34 184 0.630435 32
5342 19 1 20 0.9 7
5343 34 142 176 -0.613636 32
5344 48 106 154 -0.376623 34
5345 106 23 129 0.643411 28
5346 85 61 146 0.164384 35
5347 209 5 214 0.953271 14
5348 94 46 140 0.342857 33
5349 108 79 187 0.15508 33
5350 143 29 172 0.662791 30
5351 161 23 184 0.75 31
5352 83 67 150 0.106667 32
5353 16 87 103 -0.68932 28
5354 152 7 159 0.91195 25
5355 75 38 113 0.327434 28
5356 118 39 157 0.503185 28
5357 28 119 147 -0.619048 27
5358 117 64 181 0.292818 29
5359 220 15 235 0.87234 20
5360 133 12 145 0.834483 25
5361 104 50 154 0.350649 33
5362 94 87 181 0.038674 24
5363 42 110 152 -0.447368 29
5364 35 136 171 -0.590643 34
5365 40 77 117 -0.316239 31
5366 67 110 177 -0.242938 30
5367 12 165 177 -0.864407 21
5368 34 79 113 -0.39823 27
5369 61 60 121 0.00826446 31
5370 98 25 123 0.593496 30
5371 54 85 139 -0.223022 28
5372 71 41 112 0.267857 28
5373 100 44 144 0.388889 34
5374 184 5 189 0.94709 20
5375 16 153 169 -0.810651 26
5376 121 21 142 0.704225 27
5377 137 19 156 0.75641 23
5378 104 26 130 0.6 32
5379 92 75 167 0.101796 27
5380 94 51 145 0.296552 29
5381 90 49 139 0.294964 29
5382 140 32 172 0.627907 31
5383 16 121 137 -0.766423 27
5384 121 10 131 0.847328 23
5385 54 89 143 -0.244755 34
5386 66 86 152 -0.131579 31
5387 95 58 153 0.24183 33
5388 99 59 158 0.253165 33
5389 66 51 117 0.128205 30
5390 14 23 37 -0.243243 13
5391 36 82 118 -0.389831 32
5392 14 102 116 -0.758621 26
5393 72 73 145 -0.00689655 35
5394 37 77 114 -0.350877 26
5395 88 37 125 0.408 26
5396 11 151 162 -0.864198 27
5397 131 14 145 0.806897 28
5398 140 34 174 0.609195 32
5399 83 73 156 0.0641026 34
5400 16 179 195 -0.835897 32
5401 115 32 147 0.564626 30
5402 17 129 146 -0.767123 27
5403 66 88 154 -0.142857 35
5404 87 53 140 0.242857 28
5405 112 23 135 0.659259 31
5406 147 16 163 0.803681 30
5407 88 62 150 0.173333 33
5408 57 117 174 -0.344828 34
5409 57 100 157 -0.273885 29
5410 114 14 128 0.78125 28
5411 47 99 146 -0.356164 27
5412 84 72 156 0.0769231 31
5413 68 69 137 -0.00729927 30
5414 61 92 153 -0.202614 32
5415 138 20 158 0.746835 28
5416 68 70 138 -0.0144928 31
5417 47 110 157 -0.401274 29
5418 15 151 166 -0.819277 27
5419 111 33 144 0.541667 24
5420 127 79 206 0.23301 34
5421 25 117 142 -0.647887 33
5422 119 8 127 0.874016 24
5423 58 66 124 -0.0645161 29
5424 47 59 106 -0.113208 28
5425 65 88 153 -0.150327 33
5426 21 135 156 -0.730769 28
5427 101 47 148 0.364865 30
5428 45 72 117 -0.230769 26
5429 15 71 86 -0.651163 23
5430 155 20 175 0.771429 23
5431 71 84 155 -0.083871 32
5432 56 36 92 0.217391 27
5433 156 7 163 0.91411 25
5434 84 78 162 0.037037 35
5435 32 115 147 -0.564626 29
5436 20 122 142 -0.71831 25
5437 74 48 122 0.213115 33
5438 125 47 172 0.453488 34
5439 30 123 153 -0.607843 26
5440 87 51 138 0.26087 32
5441 28 196 224 -0.75 27
5442 33 113 146 -0.547945 26
5443 72 65 137 0.0510949 34
5444 133 50 183 0.453552 30
5445 158 17 175 0.805714 28
5446 43 97 140 -0.385714 33
5447 104 51 155 0.341935 25
5448 67 83 150 -0.106667 36
5449 72 56 128 0.125 34
5450 24 132 156 -0.692308 31
5451 48 118 166 -0.421687 33
5452 93 81 174 0.0689655 32
5453 122 47 169 0.443787 33
5454 93 70 163 0.141104 32
5455 79 48 127 0.244094 28
5456 107 62 169 0.266272 30
5457 120 9 129 0.860465 24
5458 91 23 114 0.596491 27
5459 70 66 136 0.0294118 32
5460 136 42 178 0.52809 32
5461 96 54 150 0.28 32
5462 130 52 182 0.428571 34
5463 139 22 161 0.726708 27
5464 43 41 84 0.0238095 21
5465 8 168 176 -0.909091 23
5466 83 29 112 0.482143 29
5467 12 207 219 -0.890411 21
5468 10 124 134 -0.850746 24
5469 19 153 172 -0.77907 27
5470 76 73 149 0.0201342 31
5471 45 66 111 -0.189189 30
5472 115 33 148 0.554054 29
5473 83 36 119 0.394958 26
5474 12 141 153 -0.843137 26
5475 86 27 113 0.522124 28
5476 93 30 123 0.512195 30
5477 127 24 151 0.682119 28
5478 38 118 156 -0.512821 30
5479 84 49 133 0.263158 30
5480 120 15 135 0.777778 26
5481 128 10 138 0.855072 21
5482 34 69 103 -0.339806 28
5483 143 9 152 0.881579 24
5484 134 10 144 0.861111 27
5485 149 6 155 0.922581 23
5486 21 114 135 -0.688889 28
5487 98 62 160 0.225 30
5488 88 56 144 0.222222 29
5489 193 12 205 0.882927 25
5490 147 63 210 0.4 34
5491 104 44 148 0.405405 31
5492 33 156 189 -0.650794 30
5493 50 62 112 -0.107143 33
5494 121 5 126 0.920635 23
5495 41 81 122 -0.327869 26
5496 100 22 122 0.639344 33
5497 70 98 168 -0.166667 37
5498 20 195 215 -0.813953 32
5499 116 12 128 0.8125 27
5500 11 70 81 -0.728395 24
5501 29 133 162 -0.641975 31
5502 8 192 200 -0.92 18
5503 49 80 129 -0.24031 35
5504 6 157 163 -0.92638 23
5505 41 120 161 -0.490683 35
5506 31 103 134 -0.537313 31
5507 22 150 172 -0.744186 33
5508 15 121 136 -0.779412 26
5509 53 77 130 -0.184615 33
5510 37 151 188 -0.606383 30
5511 9 175 184 -0.902174 26
5512 69 54 123 0.121951 28
5513 47 103 150 -0.373333 32
5514 14 185 199 -0.859296 25
5515 22 129 151 -0.708609 31
5516 12 150 162 -0.851852 23
5517 58 99 157 -0.261146 31
5518 124 31 155 0.6 30
5519 92 77 169 0.0887574 35
5520 37 83 120 -0.383333 24
5521 52 102 154 -0.324675 33
5522 40 144 184 -0.565217 31
5523 211 12 223 0.892377 22
5524 122 37 159 0.534591 29
5525 76 45 121 0.256198 29
5526 60 68 128 -0.0625 33
5527 63 83 146 -0.136986 29
5528 106 65 171 0.239766 33
5529 62 116 178 -0.303371 32
5530 138 18 156 0.769231 30
5531 31 87 118 -0.474576 27
5532 64 57 121 0.0578512 27
5533 79 67 146 0.0821918 30
5534 69 101 170 -0.188235 31
5535 77 74 151 0.0198675 32
5536 34 99 133 -0.488722 29
5537 105 38 143 0.468531 32
5538 42 96 138 -0.391304 29
5539 7 120 127 -0.889764 24
5540 33 102 135 -0.511111 32
5541 26 148 174 -0.701149 33
5542 18 84 102 -0.647059 27
5543 171 18 189 0.809524 24
5544 52 96 148 -0.297297 34
5545 49 140 189 -0.481481 33
5546 66 96 162 -0.185185 33
5547 90 36 126 0.428571 30
5548 87 44 131 0.328244 29
5549 88 65 153 0.150327 30
5550 16 145 161 -0.801242 30
5551 79 49 128 0.234375 34
5552 113 15 128 0.765625 27
5553 20 162 182 -0.78022 29
5554 80 51 131 0.221374 30
5555 114 29 143 0.594406 30
5556 13 137 150 -0.826667 26
5557 119 39 158 0.506329 31
5558 52 101 153 -0.320261 32
5559 12 131 143 -0.832168 28
5560 39 124 163 -0.521472 36
5561 28 155 183 -0.693989 29
5562 103 28 131 0.572519 29
5563 22 176 198 -0.777778 31
5564 77 57 134 0.149254 30
5565 54 95 149 -0.275168 36
5566 125 7 132 0.893939 25
5567 90 78 168 0.0714286 35
5568 77 71 148 0.0405405 30
5569 162 12 174 0.862069 26
5570 131 47 178 0.47191 36
5571 102 32 134 0.522388 32
5572 148 12 160 0.85 27
5573 86 26 112 0.535714 30
5574 24 150 174 -0.724138 31
5575 63 78 141 -0.106383 33
5576 20 186 206 -0.805825 25
5577 80 35 115 0.391304 27
5578 77 66 143 0.0769231 31
5579 65 81 146 -0.109589 27
5580 50 93 143 -0.300699 30
5581 11 184 195 -0.887179 26
5582 35 90 125 -0.44 30
5583 19 119 138 -0.724638 28
5584 40 102 142 -0.43662 33
5585 1 165 166 -0.987952 19
5586 68 111 179 -0.240223 35
5587 62 100 162 -0.234568 31
5588 64 75 139 -0.0791367 32
5589 83 66 149 0.114094 29
5590 20 129 149 -0.731544 32
5591 98 27 125 0.568 32
5592 162 35 197 0.64467 25
5593 99 50 149 0.328859 28
5594 63 84 147 -0.142857 32
5595 153 21 174 0.758621 26
5596 87 82 169 0.0295858 36
5597 78 71 149 0.0469799 31
5598 98 11 109 0.798165 26
5599 27 119 146 -0.630137 28
5600 122 62 184 0.326087 35
5601 135 7 142 0.901408 20
5602 5 140 145 -0.931034 18
5603 103 47 150 0.373333 32
5604 34 78 112 -0.392857 31
5605 60 89 149 -0.194631 30
5606 11 152 163 -0.865031 25
5607 72 82 154 -0.0649351 36
5608 67 87 154 -0.12987 34
5609 75 70 145 0.0344828 27
5610 106 83 189 0.121693 33
5611 198 12 210 0.885714 23
5612 90 81 171 0.0526316 35
5613 168 7 175 0.92 23
5614 17 112 129 -0.736434 25
5615 60 108 168 -0.285714 31
5616 138 3 141 0.957447 22
5617 48 115 163 -0.411043 33
5618 86 72 158 0.0886076 31
5619 61 65 126 -0.031746 29
5620 91 48 139 0.309353 29
5621 9 125 134 -0.865672 22
5622 109 14 123 0.772358 26
5623 41 74 115 -0.286957 29
5624 69 33 102 0.352941 28
5625 147 6 153 0.921569 23
5626 88 24 112 0.571429 27
5627 68 49 117 0.162393 28
5628 20 205 225 -0.822222 30
5629 70 57 127 0.102362 28
5630 86 49 135 0.274074 25
5631 46 95 141 -0.347518 25
5632 102 67 169 0.207101 34
5633 18 129 147 -0.755102 30
5634 32 129 161 -0.602484 25
5635 104 46 150 0.386667 31
5636 119 51 170 0.4 31
5637 48 83 131 -0.267176 28
5638 59 79 138 -0.144928 30
5639 12 131 143 -0.832168 26
5640 44 111 155 -0.432258 36
5641 95 37 132 0.439394 32
5642 56 68 124 -0.0967742 33
5643 82 60 142 0.15493 30
5644 138 20 158 0.746835 30
5645 120 18 138 0.73913 30
5646 157 13 170 0.847059 27
5647 18 84 102 -0.647059 24
5648 8 178 186 -0.913978 26
5649 18 125 143 -0.748252 31
5650 124 27 151 0.642384 26
5651 163 11 174 0.873563 28
5652 30 120 150 -0.6 30
5653 132 17 149 0.771812 24
5654 39 93 132 -0.409091 23
5655 16 153 169 -0.810651 28
5656 58 80 138 -0.15942 26
5657 25 172 197 -0.746193 33
5658 70 50 120 0.166667 25
5659 166 4 170 0.952941 19
5660 13 206 219 -0.881279 23
5661 73 85 158 -0.0759494 29
5662 19 148 167 -0.772455 22
5663 120 37 157 0.528662 34
5664 35 122 157 -0.55414 31
5665 113 26 139 0.625899 30
5666 145 15 160 0.8125 25
5667 122 24 146 0.671233 31
5668 24 206 230 -0.791304 29
5669 10 181 191 -0.895288 22
5670 130 37 167 0.556886 29
5671 154 7 161 0.913043 25
5672 34 125 159 -0.572327 26
5673 114 6 120 0.9 23
5674 59 79 138 -0.144928 31
5675 99 30 129 0.534884 33
5676 87 59 146 0.191781 30
5677 111 64 175 0.268571 30
5678 4 175 179 -0.955307 16
5679 113 17 130 0.738462 29
5680 20 109 129 -0.689922 29
5681 45 120 165 -0.454545 28
5682 8 175 183 -0.912568 24
5683 149 12 161 0.850932 27
5684 37 128 165 -0.551515 28
5685 104 24 128 0.625 28
5686 42 96 138 -0.391304 29
5687 37 83 120 -0.383333 23
5688 85 35 120 0.416667 29
5689 119 14 133 0.789474 26
5690 90 31 121 0.487603 30
5691 77 104 181 -0.149171 27
5692 16 129 145 -0.77931 28
5693 34 108 142 -0.521127 33
5694 164 16 180 0.822222 21
5695 19 117 136 -0.720588 30
5696 23 118 141 -0.673759 29
5697 50 109 159 -0.371069 34
5698 135 14 149 0.812081 26
5699 78 86 164 -0.0487805 32
5700 62 102 164 -0.243902 28
5701 11 154 165 -0.866667 21
5702 70 56 126 0.111111 29
5703 113 61 174 0.298851 31
5704 110 2 112 0.964286 20
5705 14 158 172 -0.837209 27
5706 135 20 155 0.741935 29
5707 86 47 133 0.293233 30
5708 107 54 161 0.329193 36
5709 54 91 145 -0.255172 30
5710 26 92 118 -0.559322 30
5711 60 39 99 0.212121 28
5712 11 135 146 -0.849315 18
5713 95 74 169 0.12426 33
5714 12 121 133 -0.819549 25
5715 44 36 80 0.1 25
5716 122 23 145 0.682759 25
5717 124 34 158 0.56962 36
5718 53 143 196 -0.459184 32
5719 103 47 150 0.373333 36
5720 67 84 151 -0.112583 33
5721 102 52 154 0.324675 28
5722 15 177 192 -0.84375 28
5723 128 29 157 0.630573 31
5724 126 16 142 0.774648 30
5725 64 78 142 -0.0985915 34
5726 61 68 129 -0.0542636 34
5727 35 125 160 -0.5625 32
5728 61 80 141 -0.134752 35
5729 145 5 150 0.933333 23
5730 102 19 121 0.68595 26
5731 110 49 159 0.383648 35
5732 140 21 161 0.73913 30
5733 43 73 116 -0.258621 31
5734 98 58 156 0.25641 25
5735 55 78 133 -0.172932 30
5736 112 75 187 0.197861 31
5737 8 125 133 -0.879699 25
5738 87 43 130 0.338462 30
5739 160 11 171 0.871345 28
5740 5 218 223 -0.955157 21
5741 30 87 117 -0.487179 33
5742 24 92 116 -0.586207 31
5743 31 90 121 -0.487603 31
5744 18 27 45 -0.2 19
5745 66 99 165 -0.2 35
5746 37 121 158 -0.531646 34
5747 118 23 141 0.673759 26
5748 14 184 198 -0.858586 23
5749 85 22 107 0.588785 27
5750 137 30 167 0.640719 34
5751 146 10 156 0.871795 26
5752 115 21 136 0.691176 28
5753 54 98 152 -0.289474 28
5754 68 72 140 -0.0285714 33
5755 139 20 159 0.748428 27
5756 66 80 146 -0.0958904 32
5757 53 85 138 -0.231884 29
5758 95 52 147 0.292517 33
5759 53 88 141 -0.248227 36
5760 30 112 142 -0.577465 28
5761 84 88 172 -0.0232558 35
5762 40 94 134 -0.402985 32
5763 58 90 148 -0.216216 31
5764 158 23 181 0.745856 22
5765 140 23 163 0.717791 31
5766 122 8 130 0.876923 23
5767 102 34 136 0.5 28
5768 163 10 173 0.884393 19
5769 103 9 112 0.839286 27
5770 30 142 172 -0.651163 23
5771 101 62 163 0.239264 31
5772 14 186 200 -0.86 26
5773 69 93 162 -0.148148 35
5774 44 86 130 -0.323077 36
5775 74 65 139 0.0647482 32
5776 27 136 163 -0.668712 34
5777 134 37 171 0.567251 33
5778 54 56 110 -0.0181818 31
5779 99 27 126 0.571429 23
5780 107 39 146 0.465753 27
5781 33 114 147 -0.55102 32
5782 38 89 127 -0.401575 34
5783 80 82 162 -0.0123457 35
5784 105 54 159 0.320755 35
5785 14 199 213 -0.868545 29
5786 109 16 125 0.744 24
5787 59 78 137 -0.138686 37
5788 82 57 139 0.179856 34
5789 9 134 143 -0.874126 24
5790 132 6 138 0.913043 21
5791 75 61 136 0.102941 29
5792 52 67 119 -0.12605 25
5793 1 132 133 -0.984962 20
5794 36 116 152 -0.526316 27
5795 131 11 142 0.84507 29
5796 45 78 123 -0.268293 26
5797 52 78 130 -0.2 32
5798 13 137 150 -0.826667 28
5799 127 37 164 0.54878 33
5800 30 134 164 -0.634146 33
5801 64 80 144 -0.111111 23
5802 89 39 128 0.390625 31
5803 58 84 142 -0.183099 33
5804 183 12 195 0.876923 28
5805 15 62 77 -0.61039 24
5806 26 93 119 -0.563025 25
5807 48 102 150 -0.36 26
5808 96 51 147 0.306122 28
5809 163 27 190 0.715789 33
5810 106 34 140 0.514286 27
5811 152 28 180 0.688889 28
5812 174 8 182 0.912088 25
5813 41 99 140 -0.414286 30
5814 44 118 162 -0.45679 30
5815 68 105 173 -0.213873 30
5816 32 151 183 -0.650273 24
5817 103 26 129 0.596899 30
5818 10 142 152 -0.868421 27
5819 78 43 121 0.289256 28
5820 28 128 156 -0.641026 28
5821 41 133 174 -0.528736 29
5822 88 77 165 0.0666667 37
5823 86 51 137 0.255474 32
5824 129 27 156 0.653846 31
5825 34 9 43 0.581395 16
5826 8 89 97 -0.835052 18
5827 8 164 172 -0.906977 26
5828 144 17 161 0.78882 30
5829 10 137 147 -0.863946 26
5830 146 5 151 0.933775 20
5831 92 25 117 0.57265 30
5832 72 47 119 0.210084 33
5833 138 19 157 0.757962 27
5834 139 30 169 0.64497 29
5835 56 89 145 -0.227586 32
5836 53 98 151 -0.298013 29
5837 4 171 175 -0.954286 16
5838 62 57 119 0.0420168 29
5839 153 9 162 0.888889 27
5840 83 63 146 0.136986 30
5841 42 154 196 -0.571429 34
5842 59 74 133 -0.112782 33
5843 133 15 148 0.797297 28
5844 66 36 102 0.294118 26
5845 126 20 146 0.726027 30
5846 92 44 136 0.352941 34
5847 259 6 265 0.954717 15
5848 193 4 197 0.959391 17
5849 92 57 149 0.234899 31
5850 65 101 166 -0.216867 34
5851 130 20 150 0.733333 30
5852 76 29 105 0.447619 25
5853 144 24 168 0.714286 30
5854 31 95 126 -0.507937 33
5855 16 151 167 -0.808383 22
5856 28 125 153 -0.633987 33
5857 62 73 135 -0.0814815 30
5858 47 88 135 -0.303704 24
5859 108 9 117 0.846154 24
5860 44 91 135 -0.348148 32
5861 14 187 201 -0.860697 26
5862 167 14 181 0.845304 28
5863 56 57 113 -0.00884956 31
5864 68 76 144 -0.0555556 33
5865 38 111 149 -0.489933 31
5866 123 29 152 0.618421 31
5867 58 83 141 -0.177305 27
5868 150 5 155 0.935484 22
5869 138 43 181 0.524862 31
5870 110 55 165 0.333333 31
5871 34 155 189 -0.640212 32
5872 46 70 116 -0.206897 30
5873 106 36 142 0.492958 29
5874 47 79 126 -0.253968 25
5875 74 97 171 -0.134503 32
5876 46 102 148 -0.378378 31
5877 198 10 208 0.903846 24
5878 155 17 172 0.802326 30
5879 102 42 144 0.416667 32
5880 42 112 154 -0.454545 32
5881 23 158 181 -0.745856 30
5882 54 94 148 -0.27027 31
5883 75 54 129 0.162791 37
5884 28 139 167 -0.664671 26
5885 75 65 140 0.0714286 33
5886 84 30 114 0.473684 27
5887 35 107 142 -0.507042 31
5888 68 79 147 -0.0748299 32
5889 32 105 137 -0.532847 31
5890 53 85 138 -0.231884 32
5891 68 76 144 -0.0555556 35
5892 150 28 178 0.685393 30
5893 25 107 132 -0.621212 23
5894 122 20 142 0.71831 30
5895 123 30 153 0.607843 34
5896 99 51 150 0.32 26
5897 74 78 152 -0.0263158 34
5898 45 88 133 -0.323308 31
5899 61 94 155 -0.212903 35
5900 91 52 143 0.272727 34
5901 109 45 154 0.415584 33
5902 73 57 130 0.123077 28
5903 111 20 131 0.694656 28
5904 169 8 177 0.909605 25
5905 9 132 141 -0.87234 25
5906 6 173 179 -0.932961 23
5907 32 140 172 -0.627907 27
5908 55 89 144 -0.236111 23
5909 25 164 189 -0.73545 31
5910 130 25 155 0.677419 30
5911 39 112 151 -0.483444 26
5912 37 55 92 -0.195652 32
5913 108 59 167 0.293413 30
5914 29 126 155 -0.625806 27
5915 132 28 160 0.65 33
5916 7 173 180 -0.922222 19
5917 4 5 9 -0.111111 6
5918 82 64 146 0.123288 33
5919 30 125 155 -0.612903 35
5920 76 71 147 0.0340136 29
5921 145 37 182 0.593407 32
5922 72 69 141 0.0212766 29
5923 10 178 188 -0.893617 23
5924 66 74 140 -0.0571429 32
5925 131 41 172 0.523256 36
5926 66 65 131 0.00763359 27
5927 187 11 198 0.888889 24
5928 186 24 210 0.771429 25
5929 108 20 128 0.6875 26
5930 48 74 122 -0.213115 30
5931 37 123 160 -0.5375 30
5932 34 161 195 -0.651282 31
5933 116 36 152 0.526316 30
5934 58 48 106 0.0943396 28
5935 7 212 219 -0.936073 23
5936 71 76 147 -0.0340136 35
5937 159 35 194 0.639175 32
5938 90 31 121 0.487603 30
5939 27 134 161 -0.664596 30
5940 208 7 215 0.934884 13
5941 99 59 158 0.253165 31
5942 74 75 149 -0.00671141 34
5943 17 137 154 -0.779221 30
5944 72 96 168 -0.142857 31
5945 178 11 189 0.883598 26
5946 76 98 174 -0.126437 29
5947 47 106 153 -0.385621 28
5948 83 36 119 0.394958 23
5949 28 111 139 -0.597122 33
5950 118 30 148 0.594595 25
5951 25 149 174 -0.712644 34
5952 16 130 146 -0.780822 27
5953 82 53 135 0.214815 29
5954 78 67 145 0.0758621 32
5955 19 134 153 -0.751634 25
5956 104 21 125 0.664 28
5957 65 81 146 -0.109589 31
5958 30 122 152 -0.605263 32
5959 48 68 116 -0.172414 32
5960 137 21 158 0.734177 28
5961 71 66 137 0.0364964 38
5962 15 125 140 -0.785714 29
5963 121 16 137 0.766423 27
5964 55 97 152 -0.276316 36
5965 72 56 128 0.125 27
5966 139 23 162 0.716049 26
5967 27 90 117 -0.538462 31
5968 119 32 151 0.576159 29
5969 21 131 152 -0.723684 29
5970 25 106 131 -0.618321 31
5971 64 56 120 0.0666667 30
5972 68 57 125 0.088 29
5973 123 29 152 0.618421 26
5974 26 104 130 -0.6 30
5975 13 99 112 -0.767857 22
5976 51 128 179 -0.430168 32
5977 36 120 156 -0.538462 30
5978 65 115 180 -0.277778 35
5979 146 36 182 0.604396 31
5980 181 14 195 0.85641 26
5981 21 183 204 -0.794118 28
5982 124 12 136 0.823529 26
5983 50 78 128 -0.21875 31
5984 178 17 195 0.825641 19
5985 17 93 110 -0.690909 22
5986 19 135 154 -0.753247 29
5987 78 62 140 0.114286 36
5988 9 138 147 -0.877551 23
5989 46 83 129 -0.286822 23
5990 97 65 162 0.197531 32
5991 34 93 127 -0.464567 29
5992 83 56 139 0.194245 32
5993 46 94 140 -0.342857 29
5994 63 78 141 -0.106383 32
5995 3 136 139 -0.956835 19
5996 73 58 131 0.114504 33
5997 36 162 198 -0.636364 25
5998 31 114 145 -0.572414 33
5999 52 114 166 -0.373494 29
6000 27 139 166 -0.674699 29
6001 113 18 131 0.725191 27
6002 51 88 139 -0.266187 29
6003 45 98 143 -0.370629 30
6004 93 75 168 0.107143 37
6005 172 14 186 0.849462 24
6006 46 103 149 -0.38255 33
6007 17 118 135 -0.748148 25
6008 155 16 171 0.812865 26
6009 168 7 175 0.92 22
6010 61 64 125 -0.024 30
6011 34 182 216 -0.685185 29
6012 76 62 138 0.101449 33
6013 61 84 145 -0.158621 34
6014 35 86 121 -0.421488 29
6015 147 10 157 0.872611 27
6016 56 107 163 -0.312883 29
6017 85 45 130 0.307692 31
6018 18 115 133 -0.729323 29
6019 52 85 137 -0.240876 28
6020 77 86 163 -0.0552147 32
6021 24 127 151 -0.682119 29
6022 102 44 146 0.39726 28
6023 24 128 152 -0.684211 33
6024 48 102 150 -0.36 35
6025 78 37 115 0.356522 31
6026 41 83 124 -0.33871 32
6027 10 127 137 -0.854015 25
6028 33 84 117 -0.435897 31
6029 24 141 165 -0.709091 26
6030 146 19 165 0.769697 30
6031 90 15 105 0.714286 27
6032 89 87 176 0.0113636 27
6033 187 24 211 0.772512 27
6034 16 133 149 -0.785235 30
6035 104 31 135 0.540741 32
6036 191 8 199 0.919598 25
6037 97 31 128 0.515625 25
6038 172 21 193 0.782383 28
6039 29 138 167 -0.652695 27
6040 114 38 152 0.5 26
6041 4 170 174 -0.954023 22
6042 139 33 172 0.616279 29
6043 54 87 141 -0.234043 31
6044 43 106 149 -0.422819 31
6045 120 32 152 0.578947 30
6046 90 38 128 0.40625 29
6047 93 57 150 0.24 32
6048 118 42 160 0.475 33
6049 164 15 179 0.832402 29
6050 98 57 155 0.264516 34
6051 129 21 150 0.72 22
6052 217 4 221 0.963801 22
6053 42 88 130 -0.353846 27
6054 113 26 139 0.625899 33
6055 8 201 209 -0.923445 21
6056 181 16 197 0.837563 28
6057 16 142 158 -0.797468 29
6058 44 61 105 -0.161905 26
6059 30 119 149 -0.597315 35
6060 142 34 176 0.613636 30
6061 83 60 143 0.160839 28
6062 75 65 140 0.0714286 30
6063 139 14 153 0.816993 22
6064 65 49 114 0.140351 29
6065 113 57 170 0.329412 34
6066 104 25 129 0.612403 32
6067 27 80 107 -0.495327 32
6068 12 144 156 -0.846154 28
6069 69 78 147 -0.0612245 27
6070 47 71 118 -0.20339 31
6071 119 43 162 0.469136 32
6072 18 113 131 -0.725191 23
6073 173 6 179 0.932961 20
6074 51 53 104 -0.0192308 29
6075 215 10 225 0.911111 22
6076 11 191 202 -0.891089 24
6077 120 44 164 0.463415 27
6078 35 120 155 -0.548387 32
6079 72 94 166 -0.13253 36
6080 109 44 153 0.424837 35
6081 61 76 137 -0.109489 32
6082 52 92 144 -0.277778 30
6083 110 25 135 0.62963 25
6084 110 15 125 0.76 24
6085 147 12 159 0.849057 27
6086 132 20 152 0.736842 26
6087 84 60 144 0.166667 34
6088 19 182 201 -0.810945 26
6089 85 85 170 0 34
6090 157 10 167 0.88024 19
6091 79 52 131 0.206107 34
6092 91 53 144 0.263889 31
6093 46 57 103 -0.106796 27
6094 139 6 145 0.917241 24
6095 98 72 170 0.152941 26
6096 73 63 136 0.0735294 32
6097 93 28 121 0.53719 28
6098 135 16 151 0.788079 29
6099 112 26 138 0.623188 28
6100 52 105 157 -0.33758 25
6101 64 79 143 -0.104895 33
6102 155 10 165 0.878788 23
6103 122 30 152 0.605263 25
6104 30 148 178 -0.662921 25
6105 15 167 182 -0.835165 28
6106 49 101 150 -0.346667 32
6107 149 3 152 0.960526 22
6108 80 80 160 0 32
6109 78 52 130 0.2 29
6110 145 11 156 0.858974 27
6111 5 176 181 -0.944751 22
6112 76 28 104 0.461538 23
6113 34 119 153 -0.555556 31
6114 84 78 162 0.037037 33
6115 4 174 178 -0.955056 22
6116 142 19 161 0.763975 31
6117 76 93 169 -0.100592 33
6118 69 71 140 -0.0142857 32
6119 77 71 148 0.0405405 32
6120 61 65 126 -0.031746 34
6121 103 65 168 0.22619 34
6122 98 38 136 0.441176 26
6123 27 97 124 -0.564516 29
6124 26 134 160 -0.675 27
6125 39 77 116 -0.327586 28
6126 141 53 194 0.453608 30
6127 9 182 191 -0.905759 24
6128 39 178 217 -0.640553 27
6129 62 101 163 -0.239264 33
6130 80 63 143 0.118881 34
6131 161 21 182 0.769231 31
6132 63 77 140 -0.1 28
6133 71 100 171 -0.169591 34
6134 85 56 141 0.205674 33
6135 39 110 149 -0.47651 36
6136 50 102 152 -0.342105 27
6137 83 84 167 -0.00598802 35
6138 26 135 161 -0.677019 30
6139 180 2 182 0.978022 17
6140 6 153 159 -0.924528 21
6141 175 14 189 0.851852 26
6142 38 113 151 -0.496689 31
6143 7 136 143 -0.902098 24
6144 80 23 103 0.553398 27
6145 14 138 152 -0.815789 30
6146 23 124 147 -0.687075 27
6147 150 19 169 0.775148 24
6148 92 68 160 0.15 35
6149 106 37 143 0.482517 31
6150 18 56 74 -0.513514 24
6151 151 21 172 0.755814 24
6152 112 20 132 0.69697 27
6153 60 120 180 -0.333333 35
6154 67 63 130 0.0307692 31
6155 40 77 117 -0.316239 31
6156 116 8 124 0.870968 20
6157 46 77 123 -0.252033 32
6158 7 183 190 -0.926316 24
6159 36 127 163 -0.558282 29
6160 13 153 166 -0.843373 28
6161 169 24 193 0.751295 31
6162 106 49 155 0.367742 26
6163 6 150 156 -0.923077 22
6164 25 93 118 -0.576271 31
6165 18 168 186 -0.806452 25
6166 73 69 142 0.028169 30
6167 92 35 127 0.448819 30
6168 42 107 149 -0.436242 34
6169 156 15 171 0.824561 22
6170 22 116 138 -0.681159 28
6171 124 26 150 0.653333 31
6172 23 102 125 -0.632 25
6173 122 13 135 0.807407 24
6174 104 43 147 0.414966 30
6175 13 198 211 -0.876777 20
6176 118 42 160 0.475 31
6177 139 42 181 0.535912 23
6178 50 82 132 -0.242424 31
6179 32 97 129 -0.503876 32
6180 9 174 183 -0.901639 20
6181 196 18 214 0.831776 28
6182 70 78 148 -0.0540541 23
6183 52 38 90 0.155556 28
6184 78 40 118 0.322034 30
6185 64 76 140 -0.0857143 26
6186 54 99 153 -0.294118 28
6187 62 51 113 0.0973451 25
6188 115 9 124 0.854839 25
6189 9 203 212 -0.915094 18
6190 11 206 217 -0.898618 22
6191 135 10 145 0.862069 22
6192 95 61 156 0.217949 31
6193 103 49 152 0.355263 29
6194 114 36 150 0.52 31
6195 72 76 148 -0.027027 31
6196 68 48 116 0.172414 35
6197 76 85 161 -0.0559006 33
6198 111 50 161 0.378882 31
6199 76 69 145 0.0482759 33
6200 23 83 106 -0.566038 27
6201 51 80 131 -0.221374 34
6202 5 241 246 -0.95935 20
6203 153 15 168 0.821429 29
6204 105 50 155 0.354839 30
6205 122 25 147 0.659864 29
6206 120 9 129 0.860465 24
6207 103 25 128 0.609375 27
6208 8 214 222 -0.927928 21
6209 115 39 154 0.493506 26
6210 96 43 139 0.381295 33
6211 60 78 138 -0.130435 32
6212 28 106 134 -0.58209 28
6213 52 76 128 -0.1875 32
6214 80 61 141 0.134752 31
6215 120 35 155 0.548387 31
6216 27 116 143 -0.622378 27
6217 14 138 152 -0.815789 24
6218 70 58 128 0.09375 35
6219 86 58 144 0.194444 33
6220 0 0 0 0 0
6221 69 74 143 -0.034965 26
6222 164 20 184 0.782609 34
6223 82 91 173 -0.0520231 33
6224 79 71 150 0.0533333 32
6225 113 64 177 0.276836 32
6226 187 13 200 0.87 26
6227 22 83 105 -0.580952 29
6228 15 143 158 -0.810127 28
6229 145 31 176 0.647727 33
6230 51 113 164 -0.378049 34
6231 87 19 106 0.641509 32
6232 49 115 164 -0.402439 32
6233 88 33 121 0.454545 30
6234 54 112 166 -0.349398 29
6235 31 169 200 -0.69 28
6236 55 52 107 0.0280374 26
6237 156 4 160 0.95 23
6238 115 15 130 0.769231 28
6239 19 191 210 -0.819048 27
6240 91 63 154 0.181818 30
6241 68 47 115 0.182609 32
6242 21 110 131 -0.679389 26
6243 108 24 132 0.636364 27
6244 98 11 109 0.798165 25
6245 138 30 168 0.642857 35
6246 64 90 154 -0.168831 32
6247 90 85 175 0.0285714 35
6248 39 105 144 -0.458333 30
6249 139 5 144 0.930556 23
6250 30 110 140 -0.571429 24
6251 16 118 134 -0.761194 28
6252 17 146 163 -0.791411 28
6253 57 72 129 -0.116279 34
6254 67 107 174 -0.229885 28
6255 84 74 158 0.0632911 33
6256 53 103 156 -0.320513 35
6257 34 110 144 -0.527778 30
6258 44 111 155 -0.432258 31
6259 93 46 139 0.338129 32
6260 58 59 117 -0.00854701 30
6261 6 13 19 -0.368421 13
6262 10 210 220 -0.909091 20
6263 61 60 121 0.00826446 32
6264 10 64 74 -0.72973 25
6265 22 141 163 -0.730061 31
6266 85 69 154 0.103896 32
6267 107 53 160 0.3375 37
6268 89 59 148 0.202703 32
6269 183 6 189 0.936508 23
6270 46 85 131 -0.29771 34
6271 103 53 156 0.320513 31
6272 112 24 136 0.647059 28
6273 143 12 155 0.845161 25
6274 40 157 197 -0.593909 33
6275 44 5 49 0.795918 18
6276 143 6 149 0.919463 25
6277 54 91 145 -0.255172 33
6278 84 53 137 0.226277 34
6279 16 127 143 -0.776224 29
6280 39 72 111 -0.297297 27
6281 124 40 164 0.512195 27
6282 35 95 130 -0.461538 29
6283 149 10 159 0.874214 27
6284 27 110 137 -0.605839 28
6285 109 21 130 0.676923 30
6286 14 100 114 -0.754386 29
6287 118 21 139 0.697842 27
6288 38 135 173 -0.560694 30
6289 52 71 123 -0.154472 32
6290 16 133 149 -0.785235 26
6291 111 36 147 0.510204 31
6292 135 37 172 0.569767 33
6293 57 104 161 -0.291925 36
6294 22 157 179 -0.75419 23
6295 27 124 151 -0.642384 31
6296 52 80 132 -0.212121 30
6297 51 70 121 -0.157025 28
6298 40 183 223 -0.641256 34
6299 3 130 133 -0.954887 20
6300 100 25 125 0.6 28
6301 24 117 141 -0.659574 29
6302 153 13 166 0.843373 25
6303 123 19 142 0.732394 32
6304 109 23 132 0.651515 29
6305 139 33 172 0.616279 28
6306 34 95 129 -0.472868 33
6307 105 75 180 0.166667 27
6308 156 25 181 0.723757 27
6309 2 154 156 -0.974359 21
6310 22 146 168 -0.738095 30
6311 134 9 143 0.874126 24
6312 106 54 160 0.325 30
6313 23 131 154 -0.701299 29
6314 20 141 161 -0.751553 28
6315 114 30 144 0.583333 32
6316 124 23 147 0.687075 27
6317 8 168 176 -0.909091 25
6318 181 7 188 0.925532 18
6319 39 132 171 -0.54386 30
6320 37 103 140 -0.471429 30
6321 29 92 121 -0.520661 27
6322 44 124 168 -0.47619 25
6323 11 198 209 -0.894737 24
6324 22 175 197 -0.77665 25
6325 134 19 153 0.751634 32
6326 12 153 165 -0.854545 26
6327 67 57 124 0.0806452 28
6328 61 77 138 -0.115942 35
6329 61 94 155 -0.212903 32
6330 12 160 172 -0.860465 25
6331 57 79 136 -0.161765 30
6332 74 62 136 0.0882353 30
6333 61 110 171 -0.28655 32
6334 97 51 148 0.310811 30
6335 41 133 174 -0.528736 34
6336 99 50 149 0.328859 28
6337 93 19 112 0.660714 24
6338 33 87 120 -0.45 27
6339 135 30 165 0.636364 30
6340 97 42 139 0.395683 32
6341 102 31 133 0.533835 29
6342 10 139 149 -0.865772 24
6343 114 54 168 0.357143 32
6344 45 87 132 -0.318182 27
6345 146 10 156 0.871795 24
6346 69 78 147 -0.0612245 32
6347 42 56 98 -0.142857 28
6348 66 49 115 0.147826 32
6349 131 44 175 0.497143 33
6350 39 160 199 -0.60804 29
6351 21 106 127 -0.669291 26
6352 30 81 111 -0.459459 33
6353 28 116 144 -0.611111 33
6354 58 97 155 -0.251613 34
6355 72 23 95 0.515789 25
6356 25 188 213 -0.765258 32
6357 97 22 119 0.630252 31
6358 31 89 120 -0.483333 28
6359 45 87 132 -0.318182 29
6360 25 138 163 -0.693252 24
6361 82 78 160 0.025 33
6362 81 42 123 0.317073 32
6363 56 107 163 -0.312883 31
6364 50 75 125 -0.2 34
6365 197 12 209 0.885167 21
6366 90 63 153 0.176471 30
6367 206 5 211 0.952607 23
6368 50 122 172 -0.418605 32
6369 11 175 186 -0.88172 22
6370 36 106 142 -0.492958 28
6371 47 64 111 -0.153153 28
6372 13 195 208 -0.875 23
6373 20 122 142 -0.71831 33
6374 199 14 213 0.868545 25
6375 97 91 188 0.0319149 35
6376 8 176 184 -0.913043 26
6377 29 133 162 -0.641975 30
6378 53 120 173 -0.387283 34
6379 86 85 171 0.00584795 34
6380 47 104 151 -0.377483 33
6381 87 51 138 0.26087 31
6382 27 84 111 -0.513514 27
6383 18 122 140 -0.742857 25
6384 112 28 140 0.6 32
6385 97 33 130 0.492308 29
6386 91 47 138 0.318841 30
6387 54 82 136 -0.205882 32
6388 99 40 139 0.42446 25
6389 71 36 107 0.327103 32
6390 120 47 167 0.437126 25
6391 127 25 152 0.671053 29
6392 62 34 96 0.291667 25
6393 65 57 122 0.0655738 25
6394 61 88 149 -0.181208 32
6395 55 70 125 -0.12 28
6396 76 68 144 0.0555556 34
6397 143 18 161 0.776398 21
6398 16 135 151 -0.788079 21
6399 58 6 64 0.8125 22
6400 88 43 131 0.343511 34
6401 108 48 156 0.384615 34
6402 104 21 125 0.664 31
6403 31 109 140 -0.557143 33
6404 56 6 62 0.806452 22
6405 1 183 184 -0.98913 18
6406 73 83 156 -0.0641026 30
6407 80 57 137 0.167883 30
6408 34 115 149 -0.543624 33
6409 71 27 98 0.44898 31
6410 72 84 156 -0.0769231 35
6411 36 77 113 -0.362832 23
6412 8 128 136 -0.882353 26
6413 91 74 165 0.10303 33
6414 116 17 133 0.744361 28
6415 42 106 148 -0.432432 27
6416 96 28 124 0.548387 30
6417 66 79 145 -0.0896552 29
6418 66 66 132 0 32
6419 5 128 133 -0.924812 17
6420 65 59 124 0.0483871 25
6421 19 38 57 -0.333333 15
6422 27 120 147 -0.632653 26
6423 60 122 182 -0.340659 33
6424 36 120 156 -0.538462 25
6425 34 124 158 -0.56962 31
6426 15 118 133 -0.774436 25
6427 173 12 185 0.87027 23
6428 35 57 92 -0.23913 29
6429 102 42 144 0.416667 33
6430 58 79 137 -0.153285 32
6431 125 23 148 0.689189 27
6432 35 103 138 -0.492754 31
6433 8 86 94 -0.829787 20
6434 97 41 138 0.405797 32
6435 11 106 117 -0.811966 24
6436 80 104 184 -0.130435 33
6437 164 24 188 0.744681 28
6438 89 30 119 0.495798 33
6439 61 41 102 0.196078 27
6440 58 53 111 0.045045 26
6441 58 103 161 -0.279503 33
6442 72 69 141 0.0212766 28
6443 11 254 265 -0.916981 26
6444 64 67 131 -0.0229008 25
6445 70 89 159 -0.119497 33
6446 109 29 138 0.57971 31
6447 114 46 160 0.425 27
6448 18 119 137 -0.737226 25
6449 94 44 138 0.362319 29
6450 98 27 125 0.568 22
6451 120 34 154 0.558442 32
6452 80 84 164 -0.0243902 30
6453 129 48 177 0.457627 33
6454 79 47 126 0.253968 26
6455 64 37 101 0.267327 31
6456 45 93 138 -0.347826 32
6457 84 68 152 0.105263 34
6458 7 119 126 -0.888889 23
6459 34 71 105 -0.352381 28
6460 83 37 120 0.383333 24
6461 16 114 130 -0.753846 28
6462 50 73 123 -0.186992 31
6463 184 6 190 0.936842 23
6464 89 80 169 0.0532544 32
6465 80 55 135 0.185185 30
6466 106 89 195 0.0871795 36
6467 54 49 103 0.0485437 21
6468 59 62 121 -0.0247934 29
6469 18 96 114 -0.684211 22
6470 20 114 134 -0.701493 25
6471 63 73 136 -0.0735294 30
6472 52 62 114 -0.0877193 26
6473 196 5 201 0.950249 24
6474 8 140 148 -0.891892 24
6475 79 52 131 0.206107 29
6476 46 76 122 -0.245902 27
6477 48 92 140 -0.314286 27
6478 29 145 174 -0.666667 26
6479 81 38 119 0.361345 32
6480 31 80 111 -0.441441 23
6481 49 112 161 -0.391304 33
6482 86 76 162 0.0617284 36
6483 85 78 163 0.0429448 33
6484 42 133 175 -0.52 31
6485 125 45 170 0.470588 34
6486 17 152 169 -0.798817 29
6487 82 48 130 0.261538 30
6488 6 248 254 -0.952756 19
6489 38 113 151 -0.496689 29
6490 44 110 154 -0.428571 35
6491 16 125 141 -0.77305 27
6492 214 14 228 0.877193 23
6493 42 117 159 -0.471698 35
6494 68 110 178 -0.235955 29
6495 97 26 123 0.577236 33
6496 26 152 178 -0.707865 24
6497 31 81 112 -0.446429 32
6498 9 202 211 -0.914692 24
6499 93 32 125 0.488 29
6500 36 151 187 -0.614973 32
6501 68 51 119 0.142857 31
6502 60 76 136 -0.117647 28
6503 38 79 117 -0.350427 25
6504 124 30 154 0.61039 27
6505 50 64 114 -0.122807 29
6506 110 50 160 0.375 30
6507 4 157 161 -0.950311 23
6508 22 107 129 -0.658915 29
6509 104 29 133 0.56391 28
6510 99 42 141 0.404255 34
6511 92 82 174 0.0574713 26
6512 133 45 178 0.494382 32
6513 127 36 163 0.558282 27
6514 54 106 160 -0.325 32
6515 126 38 164 0.536585 26
6516 192 9 201 0.910448 25
6517 135 14 149 0.812081 25
6518 59 5 64 0.84375 12
6519 96 60 156 0.230769 35
6520 108 20 128 0.6875 31
6521 33 109 142 -0.535211 25
6522 135 26 161 0.677019 30
6523 17 91 108 -0.685185 30
6524 82 74 156 0.0512821 33
6525 88 58 146 0.205479 35
6526 78 87 165 -0.0545455 31
6527 24 102 126 -0.619048 32
6528 40 123 163 -0.509202 32
6529 134 31 165 0.624242 33
6530 22 145 167 -0.736527 29
6531 15 159 174 -0.827586 23
6532 84 70 154 0.0909091 31
6533 41 82 123 -0.333333 32
6534 54 101 155 -0.303226 30
6535 86 63 149 0.154362 32
6536 53 74 127 -0.165354 29
6537 52 117 169 -0.384615 30
6538 175 22 197 0.77665 33
6539 106 57 163 0.300613 36
6540 91 24 115 0.582609 32
6541 122 52 174 0.402299 32
6542 100 63 163 0.226994 30
6543 70 82 152 -0.0789474 32
6544 144 22 166 0.73494 29
6545 60 56 116 0.0344828 33
6546 18 103 121 -0.702479 28
6547 37 138 175 -0.577143 31
6548 20 119 139 -0.71223 24
6549 122 57 179 0.363128 31
6550 121 2 123 0.96748 21
6551 56 105 161 -0.304348 35
6552 35 129 164 -0.573171 31
6553 39 82 121 -0.355372 28
6554 52 81 133 -0.218045 33
6555 130 11 141 0.843972 26
6556 119 24 143 0.664336 30
6557 73 56 129 0.131783 27
6558 130 41 171 0.520468 28
6559 55 74 129 -0.147287 34
6560 5 177 182 -0.945055 21
6561 107 50 157 0.363057 26
6562 127 30 157 0.617834 29
6563 146 31 177 0.649718 30
6564 167 30 197 0.695431 32
6565 134 50 184 0.456522 34
6566 33 143 176 -0.625 33
6567 38 138 176 -0.568182 31
6568 45 109 154 -0.415584 31
6569 139 57 196 0.418367 31
6570 22 132 154 -0.714286 24
6571 64 78 142 -0.0985915 29
6572 81 82 163 -0.00613497 32
6573 27 121 148 -0.635135 31
6574 153 31 184 0.663043 29
6575 131 15 146 0.794521 29
6576 143 18 161 0.776398 29
6577 16 150 166 -0.807229 29
6578 87 43 130 0.338462 31
6579 29 110 139 -0.582734 29
6580 84 8 92 0.826087 22
6581 15 205 220 -0.863636 21
6582 72 73 145 -0.00689655 26
6583 22 114 136 -0.676471 26
6584 21 144 165 -0.745455 25
6585 35 111 146 -0.520548 30
6586 134 4 138 0.942029 23
6587 77 85 162 -0.0493827 32
6588 89 59 148 0.202703 26
6589 63 107 170 -0.258824 28
6590 73 79 152 -0.0394737 29
6591 30 125 155 -0.612903 27
6592 55 73 128 -0.140625 31
6593 65 73 138 -0.057971 30
6594 110 45 155 0.419355 29
6595 37 120 157 -0.528662 30
6596 111 42 153 0.45098 32
6597 83 67 150 0.106667 31
6598 14 105 119 -0.764706 25
6599 54 90 144 -0.25 26
6600 89 47 136 0.308824 35
6601 88 87 175 0.00571429 31
6602 85 56 141 0.205674 36
6603 64 58 122 0.0491803 31
6604 8 184 192 -0.916667 20
6605 61 59 120 0.0166667 29
6606 2 61 63 -0.936508 18
6607 37 114 151 -0.509934 29
6608 43 118 161 -0.465839 31
6609 87 46 133 0.308271 33
6610 44 58 102 -0.137255 30
6611 51 126 177 -0.423729 34
6612 159 25 184 0.728261 31
6613 86 25 111 0.54955 29
6614 13 120 133 -0.804511 22
6615 86 93 179 -0.0391061 34
6616 79 61 140 0.128571 34
6617 104 30 134 0.552239 29
6618 111 59 170 0.305882 31
6619 63 103 166 -0.240964 32
6620 180 4 184 0.956522 19
6621 22 114 136 -0.676471 31
6622 16 193 209 -0.84689 24
6623 72 63 135 0.0666667 30
6624 83 30 113 0.469027 25
6625 17 156 173 -0.803468 29
6626 29 104 133 -0.56391 28
6627 68 64 132 0.030303 27
6628 29 126 155 -0.625806 31
6629 85 41 126 0.349206 33
6630 91 35 126 0.444444 33
6631 257 5 262 0.961832 22
6632 111 58 169 0.313609 31
6633 79 69 148 0.0675676 33
6634 53 119 172 -0.383721 37
6635 152 14 166 0.831325 23
6636 25 147 172 -0.709302 32
6637 58 83 141 -0.177305 32
6638 84 68 152 0.105263 31
6639 108 37 145 0.489655 25
6640 208 9 217 0.917051 19
6641 73 98 171 -0.146199 36
6642 160 17 177 0.80791 29
6643 110 28 138 0.594203 30
6644 130 47 177 0.468927 33
6645 57 95 152 -0.25 34
6646 27 92 119 -0.546218 36
6647 49 90 139 -0.294964 29
6648 112 48 160 0.4 32
6649 69 83 152 -0.0921053 28
6650 66 105 171 -0.22807 28
6651 154 3 157 0.961783 20
6652 94 45 139 0.352518 30
6653 93 70 163 0.141104 29
6654 24 67 91 -0.472527 24
6655 24 136 160 -0.7 29
6656 86 55 141 0.219858 26
6657 22 143 165 -0.733333 23
6658 3 198 201 -0.970149 20
6659 15 118 133 -0.774436 25
6660 139 17 156 0.782051 28
6661 63 92 155 -0.187097 29
6662 84 59 143 0.174825 31
6663 56 65 121 -0.0743802 24
6664 80 66 146 0.0958904 32
6665 130 38 168 0.547619 31
6666 67 69 136 -0.0147059 30
6667 42 118 160 -0.475 28
6668 61 55 116 0.0517241 33
6669 149 56 205 0.453659 33
6670 74 61 135 0.0962963 33
6671 87 77 164 0.0609756 29
6672 27 144 171 -0.684211 28
6673 91 34 125 0.456 27
6674 196 16 212 0.849057 26
6675 35 105 140 -0.5 32
6676 81 47 128 0.265625 30
6677 108 23 131 0.648855 30
6678 93 75 168 0.107143 30
6679 43 115 158 -0.455696 33
6680 64 47 111 0.153153 37
6681 93 50 143 0.300699 32
6682 7 168 175 -0.92 24
6683 152 32 184 0.652174 30
6684 71 59 130 0.0923077 32
6685 53 67 120 -0.116667 28
6686 140 47 187 0.497326 30
6687 45 77 122 -0.262295 30
6688 37 69 106 -0.301887 29
6689 79 71 150 0.0533333 31
6690 14 161 175 -0.84 25
6691 50 112 162 -0.382716 25
6692 59 119 178 -0.337079 36
6693 86 52 138 0.246377 29
6694 79 47 126 0.253968 29
6695 136 17 153 0.777778 26
6696 72 103 175 -0.177143 33
6697 80 86 166 -0.0361446 35
6698 60 69 129 -0.0697674 26
6699 66 36 102 0.294118 26
6700 113 53 166 0.361446 32
6701 54 80 134 -0.19403 32
6702 24 142 166 -0.710843 31
6703 36 75 111 -0.351351 30
6704 8 225 233 -0.93133 18
6705 69 96 165 -0.163636 35
6706 9 158 167 -0.892216 26
6707 13 129 142 -0.816901 29
6708 99 39 138 0.434783 28
6709 76 75 151 0.00662252 34
6710 135 15 150 0.8 28
6711 113 30 143 0.58042 30
6712 171 26 197 0.736041 23
6713 8 134 142 -0.887324 22
6714 130 3 133 0.954887 21
6715 139 25 164 0.695122 25
6716 82 38 120 0.366667 30
6717 134 41 175 0.531429 31
6718 35 105 140 -0.5 30
6719 18 134 152 -0.763158 26
6720 83 30 113 0.469027 29
6721 31 111 142 -0.56338 30
6722 198 4 202 0.960396 23
6723 122 18 140 0.742857 27
6724 74 63 137 0.080292 32
6725 11 122 133 -0.834586 27
6726 114 48 162 0.407407 28
6727 189 9 198 0.909091 25
6728 90 68 158 0.139241 31
6729 34 37 71 -0.0422535 15
6730 58 85 143 -0.188811 27
6731 98 27 125 0.568 31
6732 34 115 149 -0.543624 26
6733 22 101 123 -0.642276 30
6734 103 69 172 0.197674 27
6735 48 107 155 -0.380645 33
6736 76 38 114 0.333333 31
6737 48 90 138 -0.304348 35
6738 36 95 131 -0.450382 33
6739 56 116 172 -0.348837 32
6740 149 18 167 0.784431 26
6741 31 141 172 -0.639535 32
6742 83 39 122 0.360656 21
6743 27 143 170 -0.682353 29
6744 38 61 99 -0.232323 29
6745 200 3 203 0.970443 16
6746 135 47 182 0.483516 29
6747 5 127 132 -0.924242 16
6748 63 99 162 -0.222222 34
6749 122 41 163 0.496933 32
6750 183 3 186 0.967742 20
6751 15 168 183 -0.836066 31
6752 121 40 161 0.503106 25
6753 61 101 162 -0.246914 32
6754 166 9 175 0.897143 16
6755 83 63 146 0.136986 33
6756 101 43 144 0.402778 26
6757 38 107 145 -0.475862 26
6758 126 45 171 0.473684 34
6759 117 46 163 0.435583 35
6760 160 39 199 0.60804 34
6761 39 133 172 -0.546512 35
6762 109 60 169 0.289941 27
6763 23 126 149 -0.691275 29
6764 7 149 156 -0.910256 24
6765 111 12 123 0.804878 24
6766 131 34 165 0.587879 30
6767 78 48 126 0.238095 29
6768 82 83 165 -0.00606061 28
6769 28 132 160 -0.65 31
6770 29 106 135 -0.57037 26
6771 97 33 130 0.492308 31
6772 24 153 177 -0.728814 27
6773 11 184 195 -0.887179 27
6774 168 11 179 0.877095 25
6775 68 69 137 -0.00729927 29
6776 58 110 168 -0.309524 33
6777 165 6 171 0.929825 19
6778 10 189 199 -0.899497 27
6779 151 28 179 0.687151 28
6780 59 67 126 -0.0634921 28
6781 33 98 131 -0.496183 30
6782 86 72 158 0.0886076 32
6783 116 25 141 0.64539 31
6784 85 42 127 0.338583 34
6785 63 78 141 -0.106383 33
6786 66 118 184 -0.282609 34
6787 40 116 156 -0.487179 32
6788 25 152 177 -0.717514 27
6789 119 30 149 0.597315 30
6790 161 16 177 0.819209 24
6791 22 138 160 -0.725 33
6792 81 59 140 0.157143 28
6793 15 136 151 -0.801325 27
6794 78 93 171 -0.0877193 32
6795 121 19 140 0.728571 22
6796 59 93 152 -0.223684 30
6797 105 46 151 0.390728 32
6798 136 14 150 0.813333 28
6799 15 106 121 -0.752066 27
6800 15 109 124 -0.758065 24
6801 138 26 164 0.682927 27
6802 38 103 141 -0.460993 32
6803 130 26 156 0.666667 24
6804 111 31 142 0.56338 29
6805 75 70 145 0.0344828 28
6806 64 65 129 -0.00775194 32
6807 20 173 193 -0.792746 30
6808 34 116 150 -0.546667 29
6809 20 111 131 -0.694656 27
6810 111 32 143 0.552448 28
6811 23 127 150 -0.693333 28
6812 78 87 165 -0.0545455 30
6813 86 46 132 0.30303 29
6814 32 135 167 -0.616766 27
6815 130 8 138 0.884058 23
6816 50 49 99 0.010101 30
6817 29 89 118 -0.508475 27
6818 206 5 211 0.952607 17
6819 70 101 171 -0.181287 29
6820 37 99 136 -0.455882 31
6821 84 55 139 0.208633 32
6822 40 114 154 -0.480519 31
6823 18 125 143 -0.748252 27
6824 49 108 157 -0.375796 30
6825 64 57 121 0.0578512 32
6826 150 18 168 0.785714 24
6827 108 39 147 0.469388 32
6828 11 228 239 -0.90795 21
6829 47 122 169 -0.443787 28
6830 33 110 143 -0.538462 31
6831 45 66 111 -0.189189 32
6832 19 137 156 -0.75641 26
6833 85 63 148 0.148649 32
6834 12 95 107 -0.775701 23
6835 58 90 148 -0.216216 34
6836 11 187 198 -0.888889 22
6837 154 13 167 0.844311 23
6838 57 54 111 0.027027 24
6839 82 68 150 0.0933333 32
6840 21 125 146 -0.712329 29
6841 160 11 171 0.871345 25
6842 111 34 145 0.531034 30
6843 127 37 164 0.54878 31
6844 42 123 165 -0.490909 31
6845 11 184 195 -0.887179 24
6846 210 17 227 0.85022 25
6847 141 15 156 0.807692 24
6848 84 58 142 0.183099 30
6849 44 76 120 -0.266667 27
6850 27 92 119 -0.546218 28
6851 211 9 220 0.918182 18
6852 54 96 150 -0.28 32
6853 73 54 127 0.149606 31
6854 31 122 153 -0.594771 29
6855 46 37 83 0.108434 27
6856 109 32 141 0.546099 29
6857 21 109 130 -0.676923 31
6858 120 23 143 0.678322 23
6859 38 103 141 -0.460993 33
6860 175 9 184 0.902174 18
6861 18 146 164 -0.780488 28
6862 96 52 148 0.297297 35
6863 81 69 150 0.08 31
6864 22 65 87 -0.494253 32
6865 10 122 132 -0.848485 24
6866 95 60 155 0.225806 29
6867 65 72 137 -0.0510949 34
6868 3 132 135 -0.955556 14
6869 111 25 136 0.632353 29
6870 164 15 179 0.832402 26
6871 27 75 102 -0.470588 26
6872 149 18 167 0.784431 25
6873 158 3 161 0.962733 15
6874 151 21 172 0.755814 28
6875 108 24 132 0.636364 31
6876 73 103 176 -0.170455 29
6877 5 144 149 -0.932886 14
6878 11 154 165 -0.866667 25
6879 5 106 111 -0.90991 21
6880 67 82 149 -0.100671 31
6881 6 137 143 -0.916084 23
6882 14 143 157 -0.821656 30
6883 30 82 112 -0.464286 30
6884 13 207 220 -0.881818 24
6885 81 65 146 0.109589 33
6886 81 63 144 0.125 28
6887 154 15 169 0.822485 28
6888 13 109 122 -0.786885 24
6889 28 113 141 -0.602837 31
6890 89 52 141 0.262411 27
6891 57 98 155 -0.264516 34
6892 86 72 158 0.0886076 30
6893 121 36 157 0.541401 35
6894 136 39 175 0.554286 31
6895 33 110 143 -0.538462 31
6896 85 51 136 0.25 33
6897 6 166 172 -0.930233 18
6898 185 7 192 0.927083 14
6899 60 55 115 0.0434783 30
6900 123 39 162 0.518519 34
6901 29 91 120 -0.516667 28
6902 43 86 129 -0.333333 31
6903 82 62 144 0.138889 31
6904 104 69 173 0.202312 28
6905 29 128 157 -0.630573 25
6906 156 20 176 0.772727 28
6907 96 52 148 0.297297 36
6908 6 21 27 -0.555556 17
6909 42 99 141 -0.404255 28
6910 106 60 166 0.277108 34
6911 79 74 153 0.0326797 33
6912 44 126 170 -0.482353 30
6913 76 8 84 0.809524 25
6914 145 44 189 0.534392 24
6915 141 5 146 0.931507 22
6916 60 85 145 -0.172414 30
6917 58 49 107 0.0841121 28
6918 1 162 163 -0.98773 19
6919 12 216 228 -0.894737 26
6920 96 48 144 0.333333 29
6921 44 67 111 -0.207207 26
6922 70 63 133 0.0526316 35
6923 99 46 145 0.365517 28
6924 57 111 168 -0.321429 31
6925 97 58 155 0.251613 31
6926 91 59 150 0.213333 31
6927 72 73 145 -0.00689655 28
6928 155 38 193 0.606218 33
6929 44 91 135 -0.348148 28
6930 104 50 154 0.350649 32
6931 86 31 117 0.470085 29
6932 57 57 114 0 29
6933 49 86 135 -0.274074 32
6934 19 147 166 -0.771084 28
6935 80 47 127 0.259843 29
6936 69 49 118 0.169492 30
6937 47 91 138 -0.318841 32
6938 28 123 151 -0.629139 30
6939 129 30 159 0.622642 28
6940 22 163 185 -0.762162 25
6941 72 44 116 0.241379 24
6942 74 70 144 0.0277778 32
6943 126 8 134 0.880597 25
6944 37 131 168 -0.559524 29
6945 50 133 183 -0.453552 29
6946 56 82 138 -0.188406 30
6947 42 138 180 -0.533333 31
6948 47 69 116 -0.189655 31
6949 117 12 129 0.813953 26
6950 73 91 164 -0.109756 32
6951 54 89 143 -0.244755 32
6952 140 5 145 0.931034 24
6953 138 16 154 0.792208 25
6954 4 140 144 -0.944444 15
6955 86 63 149 0.154362 32
6956 173 43 216 0.601852 34
6957 24 127 151 -0.682119 30
6958 6 181 187 -0.935829 22
6959 126 19 145 0.737931 30
6960 110 22 132 0.666667 30
6961 24 110 134 -0.641791 30
6962 76 71 147 0.0340136 34
6963 49 115 164 -0.402439 35
6964 15 185 200 -0.85 30
6965 169 20 189 0.78836 29
6966 57 105 162 -0.296296 34
6967 67 58 125 0.072 25
6968 146 23 169 0.727811 30
6969 127 29 156 0.628205 34
6970 41 134 175 -0.531429 28
6971 45 107 152 -0.407895 30
6972 206 8 214 0.925234 17
6973 20 133 153 -0.738562 31
6974 155 10 165 0.878788 26
6975 50 62 112 -0.107143 31
6976 33 71 104 -0.365385 29
6977 48 88 136 -0.294118 36
6978 75 93 168 -0.107143 34
6979 42 70 112 -0.25 31
6980 96 32 128 0.5 31
6981 31 125 156 -0.602564 29
6982 82 58 140 0.171429 32
6983 93 41 134 0.38806 30
6984 5 215 220 -0.954545 24
6985 13 192 205 -0.873171 23
6986 81 71 152 0.0657895 31
6987 59 110 169 -0.301775 32
6988 53 78 131 -0.19084 36
6989 90 7 97 0.85567 25
6990 8 153 161 -0.900621 26
6991 36 109 145 -0.503448 31
6992 61 85 146 -0.164384 34
6993 63 70 133 -0.0526316 28
6994 56 103 159 -0.295597 27
6995 178 10 188 0.893617 18
6996 102 26 128 0.59375 28
6997 23 162 185 -0.751351 27
6998 87 62 149 0.167785 34
6999 153 22 175 0.748571 29
7000 157 14 171 0.836257 22
7001 46 55 101 -0.0891089 26
7002 71 27 98 0.44898 30
7003 26 135 161 -0.677019 28
7004 129 35 164 0.573171 31
7005 65 115 180 -0.277778 31
7006 199 6 205 0.941463 23
7007 95 48 143 0.328671 30
7008 55 70 125 -0.12 34
7009 159 29 188 0.691489 28
7010 163 8 171 0.906433 24
7011 81 74 155 0.0451613 34
7012 102 51 153 0.333333 31
7013 98 49 147 0.333333 31
7014 136 12 148 0.837838 26
7015 22 118 140 -0.685714 33
7016 26 120 146 -0.643836 33
7017 13 150 163 -0.840491 27
7018 50 94 144 -0.305556 31
7019 14 95 109 -0.743119 27
7020 16 182 198 -0.838384 30
7021 87 60 147 0.183673 30
7022 12 150 162 -0.851852 26
7023 26 146 172 -0.697674 29
7024 177 20 197 0.796954 31
7025 102 56 158 0.291139 25
7026 92 31 123 0.495935 30
7027 63 57 120 0.05 29
7028 209 8 217 0.926267 20
7029 72 76 148 -0.027027 29
7030 130 20 150 0.733333 28
7031 108 56 164 0.317073 36
7032 41 50 91 -0.0989011 32
7033 51 88 139 -0.266187 31
7034 111 15 126 0.761905 26
7035 113 28 141 0.602837 28
7036 162 35 197 0.64467 26
7037 115 37 152 0.513158 27
7038 34 165 199 -0.658291 26
7039 105 20 125 0.68 22
7040 114 6 120 0.9 23
7041 56 89 145 -0.227586 32
7042 75 66 141 0.0638298 31
7043 82 36 118 0.389831 31
7044 30 62 92 -0.347826 26
7045 125 5 130 0.923077 20
7046 72 68 140 0.0285714 35
7047 23 133 156 -0.705128 29
7048 93 44 137 0.357664 33
7049 66 68 134 -0.0149254 33
7050 54 88 142 -0.239437 35
7051 49 112 161 -0.391304 33
7052 140 10 150 0.866667 21
7053 15 141 156 -0.807692 29
7054 7 216 223 -0.93722 19
7055 145 14 159 0.823899 29
7056 122 40 162 0.506173 32
7057 90 50 140 0.285714 27
7058 178 15 193 0.84456 28
7059 129 17 146 0.767123 27
7060 4 196 200 -0.96 15
7061 91 69 160 0.1375 31
7062 18 46 64 -0.4375 18
7063 121 11 132 0.833333 26
7064 150 18 168 0.785714 28
7065 33 124 157 -0.579618 25
7066 37 121 158 -0.531646 28
7067 24 155 179 -0.731844 31
7068 77 51 128 0.203125 26
7069 42 97 139 -0.395683 25
7070 99 21 120 0.65 28
7071 52 128 180 -0.422222 28
7072 119 31 150 0.586667 29
7073 127 41 168 0.511905 35
7074 58 98 156 -0.25641 27
7075 53 50 103 0.0291262 30
7076 24 84 108 -0.555556 28
7077 47 68 115 -0.182609 30
7078 42 111 153 -0.45098 29
7079 38 121 159 -0.522013 31
7080 31 109 140 -0.557143 30
7081 44 93 137 -0.357664 32
7082 20 105 125 -0.68 30
7083 56 64 120 -0.0666667 29
7084 25 174 199 -0.748744 26
7085 116 8 124 0.870968 23
7086 49 79 128 -0.234375 32
7087 44 81 125 -0.296 29
7088 99 49 148 0.337838 28
7089 135 33 168 0.607143 34
7090 66 24 90 0.466667 23
7091 114 11 125 0.824 26
7092 66 65 131 0.00763359 30
7093 131 22 153 0.712418 22
7094 40 70 110 -0.272727 33
7095 156 9 165 0.890909 27
7096 63 77 140 -0.1 31
7097 82 44 126 0.301587 28
7098 68 90 158 -0.139241 34
7099 60 119 179 -0.329609 35
7100 40 77 117 -0.316239 28
7101 34 84 118 -0.423729 28
7102 102 63 165 0.236364 28
7103 50 97 147 -0.319728 26
7104 46 79 125 -0.264 27
7105 82 53 135 0.214815 28
7106 73 54 127 0.149606 24
7107 87 91 178 -0.0224719 29
7108 140 11 151 0.854305 25
7109 3 147 150 -0.96 21
7110 142 24 166 0.710843 24
7111 160 31 191 0.675393 28
7112 76 43 119 0.277311 34
7113 126 27 153 0.647059 31
7114 8 125 133 -0.879699 24
7115 118 45 163 0.447853 27
7116 95 69 164 0.158537 28
7117 131 22 153 0.712418 31
7118 97 32 129 0.503876 31
7119 91 36 127 0.433071 29
7120 115 25 140 0.642857 27
7121 38 99 137 -0.445255 22
7122 61 86 147 -0.170068 30
7123 59 45 104 0.134615 28
7124 7 143 150 -0.906667 25
7125 17 130 147 -0.768707 22
7126 70 88 158 -0.113924 32
7127 40 111 151 -0.470199 28
7128 55 91 146 -0.246575 34
7129 127 19 146 0.739726 28
7130 83 74 157 0.0573248 32
7131 12 128 140 -0.828571 28
7132 6 202 208 -0.942308 19
7133 28 147 175 -0.68 26
7134 100 15 115 0.73913 26
7135 32 98 130 -0.507692 27
7136 52 129 181 -0.425414 33
7137 77 80 157 -0.0191083 30
7138 57 92 149 -0.234899 30
7139 175 11 186 0.88172 24
7140 117 8 125 0.872 24
7141 21 94 115 -0.634783 27
7142 60 76 136 -0.117647 30
7143 69 107 176 -0.215909 36
7144 70 65 135 0.037037 28
7145 19 193 212 -0.820755 30
7146 69 112 181 -0.237569 34
7147 32 137 169 -0.621302 30
7148 16 188 204 -0.843137 23
7149 32 134 166 -0.614458 26
7150 72 65 137 0.0510949 29
7151 20 106 126 -0.68254 32
7152 4 141 145 -0.944828 23
7153 102 26 128 0.59375 30
7154 13 143 156 -0.833333 28
7155 144 23 167 0.724551 26
7156 49 82 131 -0.251908 33
7157 18 149 167 -0.784431 25
7158 27 122 149 -0.637584 31
7159 80 68 148 0.0810811 31
7160 117 39 156 0.5 28
7161 136 24 160 0.7 32
7162 21 146 167 -0.748503 32
7163 5 210 215 -0.953488 24
7164 11 182 193 -0.88601 21
7165 142 21 163 0.742331 28
7166 17 216 233 -0.854077 22
7167 115 59 174 0.321839 34
7168 42 96 138 -0.391304 24
7169 99 71 170 0.164706 33
7170 35 108 143 -0.51049 27
7171 50 24 74 0.351351 21
7172 118 36 154 0.532468 27
7173 87 41 128 0.359375 26
7174 106 62 168 0.261905 28
7175 26 137 163 -0.680982 29
7176 186 9 195 0.907692 24
7177 193 10 203 0.901478 24
7178 111 48 159 0.396226 35
7179 65 97 162 -0.197531 36
7180 81 32 113 0.433628 32
7181 158 9 167 0.892216 24
7182 46 123 169 -0.455621 35
7183 169 6 175 0.931429 23
7184 9 134 143 -0.874126 26
7185 113 35 148 0.527027 33
7186 78 60 138 0.130435 33
7187 29 99 128 -0.546875 29
7188 82 42 124 0.322581 32
7189 135 11 146 0.849315 27
7190 63 89 152 -0.171053 36
7191 86 54 140 0.228571 32
7192 22 136 158 -0.721519 29
7193 53 130 183 -0.420765 36
7194 14 124 138 -0.797101 29
7195 147 17 164 0.792683 26
7196 48 108 156 -0.384615 32
7197 86 64 150 0.146667 33
7198 77 48 125 0.232 28
7199 6 86 92 -0.869565 23
7200 98 90 188 0.0425532 34
7201 10 173 183 -0.89071 19
7202 115 12 127 0.811024 28
7203 87 25 112 0.553571 29
7204 14 149 163 -0.828221 26
7205 173 10 183 0.89071 23
7206 24 106 130 -0.630769 30
7207 151 17 168 0.797619 26
7208 16 128 144 -0.777778 27
7209 125 21 146 0.712329 29
7210 56 76 132 -0.151515 31
7211 36 80 116 -0.37931 32
7212 68 45 113 0.20354 28
7213 20 112 132 -0.69697 26
7214 12 151 163 -0.852761 23
7215 19 11 30 0.266667 20
7216 4 175 179 -0.955307 22
7217 194 10 204 0.901961 20
7218 148 15 163 0.815951 28
7219 77 77 154 0 32
7220 51 73 124 -0.177419 29
7221 112 39 151 0.483444 28
7222 40 134 174 -0.54023 32
7223 88 58 146 0.205479 25
7224 9 171 180 -0.9 23
7225 82 22 104 0.576923 22
7226 96 48 144 0.333333 25
7227 115 42 157 0.464968 28
7228 73 92 165 -0.115152 31
7229 92 72 164 0.121951 30
7230 56 59 115 -0.026087 27
7231 9 187 196 -0.908163 18
7232 131 20 151 0.735099 30
7233 64 96 160 -0.2 31
7234 41 74 115 -0.286957 31
7235 55 40 95 0.157895 27
7236 128 30 158 0.620253 30
7237 35 72 107 -0.345794 31
7238 87 76 163 0.0674847 28
7239 5 163 168 -0.940476 22
7240 111 52 163 0.361963 29
7241 101 27 128 0.578125 30
7242 39 85 124 -0.370968 33
7243 48 116 164 -0.414634 35
7244 124 35 159 0.559748 29
7245 148 6 154 0.922078 24
7246 41 79 120 -0.316667 31
7247 14 169 183 -0.846995 26
7248 10 100 110 -0.818182 24
7249 94 48 142 0.323944 31
7250 114 26 140 0.628571 29
7251 157 22 179 0.75419 30
7252 29 115 144 -0.597222 34
7253 104 48 152 0.368421 34
7254 132 20 152 0.736842 26
7255 66 82 148 -0.108108 31
7256 54 113 167 -0.353293 23
7257 54 84 138 -0.217391 31
7258 11 203 214 -0.897196 25
7259 74 31 105 0.409524 27
7260 64 51 115 0.113043 33
7261 28 140 168 -0.666667 29
7262 74 78 152 -0.0263158 29
7263 62 39 101 0.227723 29
7264 53 52 105 0.00952381 29
7265 18 125 143 -0.748252 30
7266 57 99 156 -0.269231 28
7267 73 71 144 0.0138889 36
7268 9 167 176 -0.897727 26
7269 32 131 163 -0.607362 33
7270 20 166 186 -0.784946 29
7271 94 59 153 0.228758 33
7272 19 116 135 -0.718519 26
7273 14 128 142 -0.802817 28
7274 33 119 152 -0.565789 23
7275 84 69 153 0.0980392 35
7276 41 81 122 -0.327869 27
7277 125 6 131 0.908397 21
7278 93 17 110 0.690909 26
7279 9 149 158 -0.886076 25
7280 176 8 184 0.913043 25
7281 55 97 152 -0.276316 30
7282 51 73 124 -0.177419 30
7283 117 19 136 0.720588 29
7284 119 41 160 0.4875 27
7285 74 110 184 -0.195652 33
7286 134 18 152 0.763158 29
7287 38 137 175 -0.565714 33
7288 16 126 142 -0.774648 26
7289 36 108 144 -0.5 30
7290 90 59 149 0.208054 27
7291 86 68 154 0.116883 35
7292 80 55 135 0.185185 31
7293 119 19 138 0.724638 26
7294 63 124 187 -0.326203 35
7295 135 26 161 0.677019 28
7296 101 47 148 0.364865 35
7297 62 92 154 -0.194805 35
7298 116 43 159 0.459119 28
7299 118 21 139 0.697842 32
7300 77 35 112 0.375 27
7301 39 125 164 -0.52439 31
7302 79 64 143 0.104895 34
7303 34 94 128 -0.46875 31
7304 71 66 137 0.0364964 33
7305 5 164 169 -0.940828 24
7306 78 63 141 0.106383 31
7307 52 83 135 -0.22963 31
7308 20 163 183 -0.781421 27
7309 108 37 145 0.489655 28
7310 10 152 162 -0.876543 22
7311 94 39 133 0.413534 26
7312 7 199 206 -0.932039 21
7313 178 7 185 0.924324 25
7314 122 15 137 0.781022 28
7315 10 129 139 -0.856115 24
7316 137 46 183 0.497268 26
7317 197 6 203 0.940887 17
7318 76 46 122 0.245902 30
7319 13 168 181 -0.856354 23
7320 108 52 160 0.35 34
7321 60 123 183 -0.344262 34
7322 116 36 152 0.526316 28
7323 12 83 95 -0.747368 25
7324 38 114 152 -0.5 25
7325 90 72 162 0.111111 30
7326 38 86 124 -0.387097 30
7327 58 106 164 -0.292683 33
7328 130 7 137 0.89781 23
7329 3 165 168 -0.964286 21
7330 133 40 173 0.537572 28
7331 42 116 158 -0.468354 32
7332 56 110 166 -0.325301 32
7333 96 56 152 0.263158 26
7334 145 32 177 0.638418 25
7335 66 44 110 0.2 28
7336 78 29 107 0.457944 29
7337 156 10 166 0.879518 27
7338 21 159 180 -0.766667 26
7339 48 80 128 -0.25 34
7340 43 95 138 -0.376812 33
7341 43 128 171 -0.497076 33
7342 99 65 164 0.207317 34
7343 111 8 119 0.865546 21
7344 58 58 116 0 30
7345 50 105 155 -0.354839 31
7346 63 74 137 -0.080292 33
7347 11 104 115 -0.808696 26
7348 29 146 175 -0.668571 29
7349 11 139 150 -0.853333 24
7350 61 72 133 -0.0827068 33
7351 104 18 122 0.704918 29
7352 56 98 154 -0.272727 32
7353 26 117 143 -0.636364 23
7354 42 123 165 -0.490909 29
7355 60 55 115 0.0434783 24
7356 11 173 184 -0.880435 28
7357 131 36 167 0.568862 34
7358 18 158 176 -0.795455 26
7359 158 6 164 0.926829 20
7360 26 128 154 -0.662338 26
7361 8 157 165 -0.90303 24
7362 54 113 167 -0.353293 33
7363 118 24 142 0.661972 23
7364 91 64 155 0.174194 33
7365 30 105 135 -0.555556 33
7366 106 13 119 0.781513 24
7367 40 134 174 -0.54023 29
7368 34 110 144 -0.527778 30
7369 19 114 133 -0.714286 29
7370 58 96 154 -0.246753 34
7371 118 45 163 0.447853 35
7372 90 85 175 0.0285714 37
7373 5 156 161 -0.937888 24
7374 6 100 106 -0.886792 24
7375 98 83 181 0.0828729 36
7376 115 28 143 0.608392 31
7377 54 65 119 -0.092437 25
7378 48 84 132 -0.272727 28
7379 131 15 146 0.794521 25
7380 94 47 141 0.333333 35
7381 50 85 135 -0.259259 31
7382 31 92 123 -0.495935 27
7383 76 52 128 0.1875 32
7384 8 107 115 -0.86087 24
7385 112 33 145 0.544828 32
7386 10 140 150 -0.866667 15
7387 18 149 167 -0.784431 25
7388 115 60 175 0.314286 31
7389 146 9 155 0.883871 26
7390 87 37 124 0.403226 24
7391 72 71 143 0.00699301 27
7392 126 30 156 0.615385 32
7393 38 114 152 -0.5 27
7394 15 62 77 -0.61039 16
7395 18 153 171 -0.789474 28
7396 31 158 189 -0.671958 29
7397 66 71 137 -0.0364964 28
7398 61 102 163 -0.251534 31
7399 70 77 147 -0.047619 32
7400 115 13 128 0.796875 25
7401 97 66 163 0.190184 29
7402 83 47 130 0.276923 35
7403 78 71 149 0.0469799 34
7404 24 114 138 -0.652174 30
7405 57 88 145 -0.213793 26
7406 17 168 185 -0.816216 23
7407 120 22 142 0.690141 27
7408 6 84 90 -0.866667 22
7409 174 11 185 0.881081 18
7410 109 30 139 0.568345 29
7411 31 119 150 -0.586667 30
7412 60 102 162 -0.259259 33
7413 26 127 153 -0.660131 32
7414 102 53 155 0.316129 31
7415 41 90 131 -0.374046 35
7416 141 44 185 0.524324 27
7417 16 155 171 -0.812865 31
7418 141 40 181 0.558011 32
7419 188 4 192 0.958333 10
7420 98 56 154 0.272727 36
7421 189 9 198 0.909091 23
7422 26 61 87 -0.402299 32
7423 158 11 169 0.869822 27
7424 11 133 144 -0.847222 27
7425 111 37 148 0.5 33
7426 18 107 125 -0.712 24
7427 89 61 150 0.186667 35
7428 50 89 139 -0.280576 34
7429 104 66 170 0.223529 30
7430 115 9 124 0.854839 21
7431 75 85 160 -0.0625 29
7432 66 90 156 -0.153846 29
7433 187 22 209 0.789474 30
7434 107 53 160 0.3375 30
7435 20 138 158 -0.746835 27
7436 31 64 95 -0.347368 26
7437 60 46 106 0.132075 25
7438 55 66 121 -0.0909091 27
7439 42 75 117 -0.282051 25
7440 192 5 197 0.949239 22
7441 68 83 151 -0.0993377 34
7442 99 55 154 0.285714 26
7443 140 11 151 0.854305 24
7444 115 29 144 0.597222 31
7445 16 82 98 -0.673469 24
7446 99 9 108 0.833333 25
7447 79 85 164 -0.0365854 32
7448 81 37 118 0.372881 29
7449 102 49 151 0.350993 30
7450 128 17 145 0.765517 31
7451 123 47 170 0.447059 32
7452 112 11 123 0.821138 29
7453 50 145 195 -0.487179 33
7454 15 115 130 -0.769231 25
7455 36 118 154 -0.532468 33
7456 18 100 118 -0.694915 28
7457 85 59 144 0.180556 29
7458 7 131 138 -0.898551 22
7459 3 110 113 -0.946903 15
7460 68 63 131 0.0381679 29
7461 55 97 152 -0.276316 34
7462 35 114 149 -0.530201 26
7463 111 32 143 0.552448 33
7464 70 83 153 -0.0849673 32
7465 53 68 121 -0.123967 29
7466 91 75 166 0.0963855 32
7467 25 138 163 -0.693252 30
7468 124 46 170 0.458824 34
7469 96 33 129 0.488372 34
7470 8 133 141 -0.886525 24
7471 46 51 97 -0.0515464 25
7472 126 17 143 0.762238 30
7473 59 55 114 0.0350877 28
7474 142 15 157 0.808917 20
7475 102 11 113 0.80531 22
7476 23 158 181 -0.745856 32
7477 68 63 131 0.0381679 35
7478 160 13 173 0.849711 26
7479 169 12 181 0.867403 24
7480 89 51 140 0.271429 27
7481 138 5 143 0.93007 23
7482 122 10 132 0.848485 26
7483 125 27 152 0.644737 33
7484 90 61 151 0.192053 28
7485 52 69 121 -0.140496 31
7486 76 67 143 0.0629371 33
7487 91 65 156 0.166667 33
7488 73 63 136 0.0735294 28
7489 15 35 50 -0.4 21
7490 129 33 162 0.592593 29
7491 68 62 130 0.0461538 34
7492 116 51 167 0.389222 33
7493 43 128 171 -0.497076 31
7494 147 18 165 0.781818 27
7495 45 121 166 -0.457831 30
7496 156 13 169 0.846154 25
7497 97 54 151 0.284768 34
7498 54 103 157 -0.312102 35
7499 20 172 192 -0.791667 26
7500 6 97 103 -0.883495 23
7501 75 59 134 0.119403 33
7502 108 84 192 0.125 30
7503 96 72 168 0.142857 28
7504 66 63 129 0.0232558 27
7505 60 70 130 -0.0769231 29
7506 162 5 167 0.94012 21
7507 146 16 162 0.802469 25
7508 101 31 132 0.530303 29
7509 35 82 117 -0.401709 30
7510 143 11 154 0.857143 25
7511 15 118 133 -0.774436 24
7512 61 83 144 -0.152778 32
7513 144 15 159 0.811321 28
7514 83 42 125 0.328 33
7515 75 72 147 0.0204082 33
7516 212 9 221 0.918552 20
7517 68 68 136 0 31
7518 18 168 186 -0.806452 27
7519 7 104 111 -0.873874 23
7520 28 78 106 -0.471698 32
7521 103 43 146 0.410959 36
7522 24 104 128 -0.625 29
7523 109 14 123 0.772358 25
7524 171 8 179 0.910615 22
7525 78 47 125 0.248 28
7526 100 79 179 0.117318 33
7527 96 43 139 0.381295 28
7528 39 88 127 -0.385827 28
7529 114 72 186 0.225806 37
7530 8 77 85 -0.811765 23
7531 22 103 125 -0.648 29
7532 148 8 156 0.897436 24
7533 102 32 134 0.522388 30
7534 121 25 146 0.657534 26
7535 38 119 157 -0.515924 35
7536 11 148 159 -0.861635 26
7537 84 37 121 0.38843 29
7538 122 18 140 0.742857 25
7539 55 87 142 -0.225352 26
7540 58 65 123 -0.0569106 30
7541 10 120 130 -0.846154 25
7542 4 187 191 -0.958115 12
7543 71 2 73 0.945205 18
7544 23 99 122 -0.622951 30
7545 27 127 154 -0.649351 33
7546 59 104 163 -0.276074 33
7547 61 98 159 -0.232704 36
7548 47 106 153 -0.385621 29
7549 189 5 194 0.948454 21
7550 115 12 127 0.811024 23
7551 98 68 166 0.180723 38
7552 143 37 180 0.588889 26
7553 59 134 193 -0.388601 31
7554 133 9 142 0.873239 26
7555 10 121 131 -0.847328 26
7556 10 200 210 -0.904762 26
7557 64 48 112 0.142857 32
7558 148 16 164 0.804878 28
7559 134 31 165 0.624242 28
7560 43 93 136 -0.367647 31
7561 47 96 143 -0.342657 28
7562 99 63 162 0.222222 28
7563 95 84 179 0.0614525 33
7564 53 115 168 -0.369048 30
7565 27 101 128 -0.578125 32
7566 123 29 152 0.618421 31
7567 152 10 162 0.876543 27
7568 20 94 114 -0.649123 25
7569 44 112 156 -0.435897 33
7570 130 20 150 0.733333 28
7571 69 83 152 -0.0921053 33
7572 31 130 161 -0.614907 27
7573 26 127 153 -0.660131 30
7574 162 18 180 0.8 29
7575 18 147 165 -0.781818 28
7576 53 70 123 -0.138211 32
7577 33 108 141 -0.531915 33
7578 7 144 151 -0.907285 26
7579 71 62 133 0.0676692 32
7580 34 109 143 -0.524476 30
7581 89 77 166 0.0722892 35
7582 43 108 151 -0.430464 28
7583 160 10 170 0.882353 24
7584 29 111 140 -0.585714 32
7585 51 86 137 -0.255474 28
7586 106 64 170 0.247059 29
7587 129 57 186 0.387097 31
7588 64 72 136 -0.0588235 29
7589 104 42 146 0.424658 35
7590 124 21 145 0.710345 33
7591 66 54 120 0.1 31
7592 63 94 157 -0.197452 29
7593 1 168 169 -0.988166 12
7594 62 101 163 -0.239264 32
7595 9 147 156 -0.884615 28
7596 48 75 123 -0.219512 33
7597 60 84 144 -0.166667 33
7598 4 193 197 -0.959391 21
7599 20 130 150 -0.733333 25
7600 48 95 143 -0.328671 34
7601 107 26 133 0.609023 32
7602 30 91 121 -0.504132 34
7603 142 43 185 0.535135 29
7604 7 146 153 -0.908497 25
7605 29 113 142 -0.591549 28
7606 36 91 127 -0.433071 32
7607 79 53 132 0.19697 28
7608 111 28 139 0.597122 28
7609 80 64 144 0.111111 27
7610 73 55 128 0.140625 29
7611 105 12 117 0.794872 17
7612 43 103 146 -0.410959 33
7613 114 21 135 0.688889 30
7614 157 8 165 0.90303 25
7615 88 22 110 0.6 30
7616 86 86 172 0 32
7617 90 68 158 0.139241 35
7618 110 41 151 0.456954 28
7619 26 104 130 -0.6 30
7620 53 96 149 -0.288591 32
7621 29 130 159 -0.63522 32
7622 45 86 131 -0.312977 34
7623 58 59 117 -0.00854701 29
7624 88 70 158 0.113924 35
7625 43 51 94 -0.0851064 32
7626 32 172 204 -0.686275 28
7627 107 9 116 0.844828 24
7628 21 141 162 -0.740741 28
7629 107 71 178 0.202247 24
7630 11 145 156 -0.858974 25
7631 8 205 213 -0.924883 23
7632 39 151 190 -0.589474 32
7633 90 46 136 0.323529 33
7634 11 169 180 -0.877778 22
7635 124 26 150 0.653333 27
7636 33 162 195 -0.661538 35
7637 95 37 132 0.439394 28
7638 66 97 163 -0.190184 29
7639 52 97 149 -0.302013 27
7640 88 77 165 0.0666667 32
7641 70 77 147 -0.047619 34
7642 52 98 150 -0.306667 27
7643 89 64 153 0.163399 33
7644 77 62 139 0.107914 31
7645 134 26 160 0.675 28
7646 93 68 161 0.15528 31
7647 132 16 148 0.783784 26
7648 89 69 158 0.126582 31
7649 160 20 180 0.777778 29
7650 172 17 189 0.820106 30
7651 136 31 167 0.628743 32
7652 66 56 122 0.0819672 31
7653 171 14 185 0.848649 24
7654 55 105 160 -0.3125 34
7655 158 8 166 0.903614 23
7656 128 12 140 0.828571 28
7657 91 54 145 0.255172 31
7658 72 114 186 -0.225806 28
7659 132 26 158 0.670886 28
7660 85 36 121 0.404959 34
7661 14 136 150 -0.813333 28
7662 168 19 187 0.796791 30
7663 31 88 119 -0.478992 33
7664 44 107 151 -0.417219 35
7665 36 92 128 -0.4375 31
7666 73 47 120 0.216667 28
7667 58 107 165 -0.29697 36
7668 29 100 129 -0.550388 29
7669 15 121 136 -0.779412 22
7670 97 35 132 0.469697 29
7671 72 88 160 -0.1 35
7672 54 55 109 -0.00917431 29
7673 126 17 143 0.762238 28
7674 67 86 153 -0.124183 31
7675 129 20 149 0.731544 30
7676 79 71 150 0.0533333 30
7677 73 62 135 0.0814815 33
7678 49 67 116 -0.155172 29
7679 116 32 148 0.567568 34
7680 96 48 144 0.333333 27
7681 139 13 152 0.828947 27
7682 49 76 125 -0.216 34
7683 18 121 139 -0.741007 27
7684 20 128 148 -0.72973 28
7685 144 15 159 0.811321 28
7686 127 50 177 0.435028 35
7687 56 128 184 -0.391304 30
7688 44 96 140 -0.371429 30
7689 66 77 143 -0.0769231 24
7690 81 43 124 0.306452 36
7691 107 37 144 0.486111 28
7692 67 43 110 0.218182 28
7693 25 174 199 -0.748744 29
7694 81 56 137 0.182482 32
7695 125 18 143 0.748252 32
7696 37 91 128 -0.421875 29
7697 156 14 170 0.835294 21
7698 89 36 125 0.424 25
7699 124 70 194 0.278351 32
7700 201 10 211 0.905213 22
7701 30 145 175 -0.657143 29
7702 14 111 125 -0.776 26
7703 104 24 128 0.625 26
7704 6 169 175 -0.931429 23
7705 14 108 122 -0.770492 25
7706 46 126 172 -0.465116 32
7707 38 90 128 -0.40625 34
7708 38 108 146 -0.479452 29
7709 63 96 159 -0.207547 30
7710 31 40 71 -0.126761 23
7711 77 99 176 -0.125 35
7712 36 119 155 -0.535484 31
7713 89 54 143 0.244755 34
7714 37 102 139 -0.467626 27
7715 12 197 209 -0.885167 23
7716 17 113 130 -0.738462 26
7717 12 131 143 -0.832168 29
7718 127 29 156 0.628205 31
7719 51 58 109 -0.0642202 28
7720 80 65 145 0.103448 34
7721 26 138 164 -0.682927 29
7722 1 35 36 -0.944444 15
7723 41 89 130 -0.369231 34
7724 94 54 148 0.27027 34
7725 15 77 92 -0.673913 24
7726 15 112 127 -0.76378 24
7727 101 37 138 0.463768 28
7728 150 25 175 0.714286 31
7729 146 40 186 0.569892 31
7730 78 53 131 0.19084 34
7731 152 4 156 0.948718 23
7732 12 111 123 -0.804878 26
7733 90 57 147 0.22449 25
7734 106 29 135 0.57037 27
7735 25 163 188 -0.734043 27
7736 8 146 154 -0.896104 24
7737 67 75 142 -0.056338 35
7738 78 45 123 0.268293 33
7739 52 72 124 -0.16129 30
7740 114 40 154 0.480519 33
7741 10 144 154 -0.87013 24
7742 114 7 121 0.884298 24
7743 86 68 154 0.116883 36
7744 132 11 143 0.846154 29
7745 14 197 211 -0.867299 23
7746 90 33 123 0.463415 31
7747 49 140 189 -0.481481 34
7748 117 31 148 0.581081 32
7749 69 92 161 -0.142857 30
7750 100 27 127 0.574803 27
7751 50 70 120 -0.166667 32
7752 33 104 137 -0.518248 33
7753 6 206 212 -0.943396 23
7754 128 46 174 0.471264 31
7755 190 10 200 0.9 25
7756 26 142 168 -0.690476 25
7757 108 51 159 0.358491 32
7758 56 102 158 -0.291139 31
7759 6 109 115 -0.895652 23
7760 36 127 163 -0.558282 31
7761 18 157 175 -0.794286 29
7762 195 10 205 0.902439 28
7763 120 31 151 0.589404 34
7764 93 26 119 0.563025 27
7765 170 10 180 0.888889 25
7766 98 39 137 0.430657 23
7767 133 35 168 0.583333 32
7768 127 31 158 0.607595 31
7769 6 147 153 -0.921569 25
7770 33 95 128 -0.484375 33
7771 114 46 160 0.425 29
7772 104 20 124 0.677419 22
7773 21 113 134 -0.686567 27
7774 35 41 76 -0.0789474 21
7775 105 45 150 0.4 31
7776 25 186 211 -0.763033 31
7777 30 89 119 -0.495798 34
7778 41 120 161 -0.490683 29
7779 36 108 144 -0.5 29
7780 85 95 180 -0.0555556 34
7781 142 29 171 0.660819 31
7782 54 67 121 -0.107438 25
7783 129 47 176 0.465909 34
7784 186 14 200 0.86 23
7785 74 58 132 0.121212 30
7786 17 118 135 -0.748148 28
7787 21 75 96 -0.5625 26
7788 159 3 162 0.962963 21
7789 137 24 161 0.701863 26
7790 127 14 141 0.801418 27
7791 44 130 174 -0.494253 30
7792 59 109 168 -0.297619 29
7793 95 75 170 0.117647 33
7794 47 92 139 -0.323741 31
7795 18 117 135 -0.733333 32
7796 50 90 140 -0.285714 30
7797 7 161 168 -0.916667 25
7798 64 62 126 0.015873 33
7799 31 129 160 -0.6125 29
7800 28 98 126 -0.555556 31
7801 30 64 94 -0.361702 26
7802 115 37 152 0.513158 30
7803 54 22 76 0.421053 27
7804 129 37 166 0.554217 35
7805 75 52 127 0.181102 26
7806 139 34 173 0.606936 36
7807 32 121 153 -0.581699 31
7808 91 77 168 0.0833333 33
7809 4 122 126 -0.936508 22
7810 155 13 168 0.845238 24
7811 141 18 159 0.773585 26
7812 65 117 182 -0.285714 34
7813 93 25 118 0.576271 24
7814 55 93 148 -0.256757 32
7815 48 38 86 0.116279 27
7816 35 96 131 -0.465649 24
7817 137 25 162 0.691358 32
7818 21 94 115 -0.634783 29
7819 129 10 139 0.856115 26
7820 106 39 145 0.462069 28
7821 65 52 117 0.111111 27
7822 63 83 146 -0.136986 31
7823 119 17 136 0.75 29
7824 15 168 183 -0.836066 27
7825 41 94 135 -0.392593 32
7826 98 68 166 0.180723 32
7827 71 47 118 0.20339 35
7828 50 78 128 -0.21875 29
7829 32 87 119 -0.462185 30
7830 77 85 162 -0.0493827 34
7831 88 62 150 0.173333 33
7832 133 17 150 0.773333 30
7833 32 110 142 -0.549296 28
7834 0 2 2 -1 2
7835 20 93 113 -0.646018 27
7836 7 129 136 -0.897059 24
7837 139 22 161 0.726708 30
7838 39 57 96 -0.1875 29
7839 176 21 197 0.786802 29
7840 77 61 138 0.115942 28
7841 15 107 122 -0.754098 27
7842 38 73 111 -0.315315 32
7843 11 193 204 -0.892157 25
7844 51 49 100 0.02 25
7845 77 82 159 -0.0314465 32
7846 61 75 136 -0.102941 32
7847 134 46 180 0.488889 24
7848 163 20 183 0.781421 31
7849 101 12 113 0.787611 27
7850 93 25 118 0.576271 29
7851 41 62 103 -0.203883 23
7852 18 146 164 -0.780488 27
7853 77 37 114 0.350877 31
7854 13 162 175 -0.851429 27
7855 116 20 136 0.705882 28
7856 22 151 173 -0.745665 29
7857 58 112 170 -0.317647 36
7858 68 63 131 0.0381679 25
7859 126 25 151 0.668874 29
7860 70 63 133 0.0526316 28
7861 79 73 152 0.0394737 35
7862 68 57 125 0.088 29
7863 69 100 169 -0.183432 29
7864 63 63 126 0 32
7865 81 63 144 0.125 32
7866 126 12 138 0.826087 23
7867 8 145 153 -0.895425 24
7868 5 174 179 -0.944134 23
7869 118 30 148 0.594595 31
7870 38 156 194 -0.608247 25
7871 7 188 195 -0.928205 23
7872 12 130 142 -0.830986 24
7873 41 102 143 -0.426573 35
7874 74 66 140 0.0571429 31
7875 7 208 215 -0.934884 23
7876 114 10 124 0.83871 26
7877 44 113 157 -0.43949 31
7878 83 52 135 0.22963 32
7879 61 71 132 -0.0757576 21
7880 52 78 130 -0.2 27
7881 165 8 173 0.907514 22
7882 103 47 150 0.373333 32
7883 58 54 112 0.0357143 27
7884 23 129 152 -0.697368 29
7885 131 42 173 0.514451 28
7886 50 85 135 -0.259259 27
7887 84 57 141 0.191489 31
7888 80 63 143 0.118881 31
7889 115 34 149 0.543624 27
7890 15 143 158 -0.810127 27
7891 106 51 157 0.350318 33
7892 9 166 175 -0.897143 24
7893 140 17 157 0.783439 30
7894 37 104 141 -0.475177 23
7895 29 114 143 -0.594406 27
7896 224 7 231 0.939394 16
7897 75 85 160 -0.0625 28
7898 138 20 158 0.746835 21
7899 10 1 11 0.818182 9
7900 37 118 155 -0.522581 31
7901 48 111 159 -0.396226 32
7902 59 78 137 -0.138686 30
7903 14 112 126 -0.777778 28
7904 23 122 145 -0.682759 26
7905 158 10 168 0.880952 23
7906 91 56 147 0.238095 29
7907 24 132 156 -0.692308 29
7908 10 170 180 -0.888889 23
7909 9 165 174 -0.896552 24
7910 79 44 123 0.284553 31
7911 21 40 61 -0.311475 23
7912 119 46 165 0.442424 30
7913 110 39 149 0.47651 30
7914 28 88 116 -0.517241 25
7915 51 107 158 -0.35443 30
7916 165 39 204 0.617647 32
7917 40 131 171 -0.532164 23
7918 88 27 115 0.530435 32
7919 174 6 180 0.933333 23
7920 89 41 130 0.369231 33
7921 26 132 158 -0.670886 29
7922 104 34 138 0.507246 29
7923 74 66 140 0.0571429 30
7924 41 122 163 -0.496933 35
7925 72 68 140 0.0285714 28
7926 5 213 218 -0.954128 16
7927 162 8 170 0.905882 25
7928 135 31 166 0.626506 29
7929 13 161 174 -0.850575 27
7930 6 176 182 -0.934066 22
7931 2 26 28 -0.857143 8
7932 114 45 159 0.433962 28
7933 101 34 135 0.496296 32
7934 97 23 120 0.616667 21
7935 153 15 168 0.821429 29
7936 143 10 153 0.869281 28
7937 181 17 198 0.828283 22
7938 215 8 223 0.928251 25
7939 63 84 147 -0.142857 28
7940 69 23 92 0.5 25
7941 133 49 182 0.461538 27
7942 62 72 134 -0.0746269 29
7943 100 38 138 0.449275 30
7944 47 62 109 -0.137615 25
7945 136 16 152 0.789474 25
7946 73 36 109 0.33945 32
7947 26 169 195 -0.733333 31
7948 119 4 123 0.934959 21
7949 42 118 160 -0.475 28
7950 78 29 107 0.457944 31
7951 147 38 185 0.589189 34
7952 89 71 160 0.1125 33
7953 10 217 227 -0.911894 25
7954 33 87 120 -0.45 27
7955 130 21 151 0.721854 27
7956 32 179 211 -0.696682 26
7957 108 41 149 0.449664 31
7958 73 87 160 -0.0875 34
7959 35 62 97 -0.278351 26
7960 13 118 131 -0.801527 28
7961 83 23 106 0.566038 22
7962 130 22 152 0.710526 31
7963 16 123 139 -0.769784 26
7964 40 106 146 -0.452055 32
7965 12 0 12 1 8
7966 28 88 116 -0.517241 28
7967 68 54 122 0.114754 23
7968 121 28 149 0.624161 27
7969 41 133 174 -0.528736 29
7970 72 80 152 -0.0526316 29
7971 53 70 123 -0.138211 32
7972 30 55 85 -0.294118 21
7973 54 98 152 -0.289474 26
7974 61 91 152 -0.197368 33
7975 86 25 111 0.54955 25
7976 102 32 134 0.522388 29
7977 22 125 147 -0.70068 28
7978 58 99 157 -0.261146 34
7979 133 14 147 0.809524 26
7980 54 102 156 -0.307692 31
7981 47 106 153 -0.385621 27
7982 103 51 154 0.337662 35
7983 59 68 127 -0.0708661 35
7984 66 112 178 -0.258427 32
7985 22 85 107 -0.588785 28
7986 66 60 126 0.047619 28
7987 50 92 142 -0.295775 34
7988 104 45 149 0.395973 29
7989 53 95 148 -0.283784 34
7990 61 83 144 -0.152778 26
7991 92 46 138 0.333333 32
7992 74 69 143 0.034965 26
7993 7 122 129 -0.891473 21
7994 71 32 103 0.378641 25
7995 87 71 158 0.101266 32
7996 21 129 150 -0.72 29
7997 65 69 134 -0.0298507 30
7998 7 176 183 -0.923497 19
7999 54 96 150 -0.28 29
8000 14 148 162 -0.82716 21
8001 91 39 130 0.4 31
8002 152 19 171 0.777778 28
8003 119 17 136 0.75 31
8004 106 61 167 0.269461 30
8005 107 41 148 0.445946 34
8006 57 12 69 0.652174 22
8007 17 160 177 -0.80791 21
8008 89 58 147 0.210884 33
8009 113 16 129 0.751938 26
8010 99 50 149 0.328859 34
8011 129 50 179 0.441341 27
8012 139 18 157 0.770701 28
8013 5 225 230 -0.956522 19
8014 25 105 130 -0.615385 26
8015 79 77 156 0.0128205 38
8016 9 121 130 -0.861538 22
8017 67 76 143 -0.0629371 33
8018 165 10 175 0.885714 26
8019 103 42 145 0.42069 32
8020 112 39 151 0.483444 33
8021 132 8 140 0.885714 23
8022 40 120 160 -0.5 33
8023 97 81 178 0.0898876 36
8024 19 122 141 -0.730496 28
8025 111 55 166 0.337349 30
8026 106 39 145 0.462069 33
8027 36 127 163 -0.558282 26
8028 35 81 116 -0.396552 32
8029 52 93 145 -0.282759 35
8030 126 18 144 0.75 29
8031 117 26 143 0.636364 31
8032 42 106 148 -0.432432 32
8033 127 22 149 0.704698 28
8034 154 18 172 0.790698 29
8035 85 25 110 0.545455 25
8036 57 53 110 0.0363636 30
8037 148 13 161 0.838509 22
8038 30 94 124 -0.516129 31
8039 17 94 111 -0.693694 29
8040 8 167 175 -0.908571 24
8041 81 63 144 0.125 32
8042 84 56 140 0.2 31
8043 157 24 181 0.734807 29
8044 77 56 133 0.157895 33
8045 95 60 155 0.225806 27
8046 92 49 141 0.304965 32
8047 106 9 115 0.843478 25
8048 12 132 144 -0.833333 28
8049 89 64 153 0.163399 32
8050 173 10 183 0.89071 23
8051 90 58 148 0.216216 24
8052 29 114 143 -0.594406 32
8053 17 184 201 -0.830846 27
8054 99 47 146 0.356164 31
8055 192 19 211 0.819905 29
8056 5 133 138 -0.927536 23
8057 204 5 209 0.952153 18
8058 39 122 161 -0.515528 30
8059 65 37 102 0.27451 31
8060 59 78 137 -0.138686 32
8061 11 146 157 -0.859873 27
8062 192 12 204 0.882353 22
8063 80 55 135 0.185185 33
8064 88 43 131 0.343511 26
8065 29 85 114 -0.491228 31
8066 90 31 121 0.487603 28
8067 6 82 88 -0.863636 21
8068 63 48 111 0.135135 29
8069 4 140 144 -0.944444 23
8070 106 57 163 0.300613 30
8071 67 64 131 0.0229008 28
8072 35 101 136 -0.485294 26
8073 61 82 143 -0.146853 34
8074 73 68 141 0.035461 29
8075 192 13 205 0.873171 23
8076 36 111 147 -0.510204 29
8077 129 11 140 0.842857 27
8078 49 87 136 -0.279412 36
8079 67 90 157 -0.146497 33
8080 94 33 127 0.480315 30
8081 137 23 160 0.7125 32
8082 162 15 177 0.830508 24
8083 19 115 134 -0.716418 23
8084 104 49 153 0.359477 21
8085 14 161 175 -0.84 25
8086 43 74 117 -0.264957 30
8087 90 52 142 0.267606 35
8088 54 97 151 -0.284768 27
8089 23 157 180 -0.744444 30
8090 151 32 183 0.650273 30
8091 7 180 187 -0.925134 24
8092 20 189 209 -0.808612 26
8093 127 27 154 0.649351 30
8094 63 83 146 -0.136986 34
8095 133 30 163 0.631902 31
8096 38 113 151 -0.496689 28
8097 2 240 242 -0.983471 15
8098 122 17 139 0.755396 24
8099 49 88 137 -0.284672 22
8100 80 73 153 0.0457516 31
8101 17 135 152 -0.776316 26
8102 95 88 183 0.0382514 31
8103 66 88 154 -0.142857 32
8104 39 37 76 0.0263158 25
8105 111 7 118 0.881356 26
8106 87 84 171 0.0175439 30
8107 134 15 149 0.798658 26
8108 33 100 133 -0.503759 29
8109 33 92 125 -0.472 26
8110 27 151 178 -0.696629 31
8111 80 102 182 -0.120879 34
8112 115 18 133 0.729323 21
8113 62 76 138 -0.101449 33
8114 25 102 127 -0.606299 29
8115 156 31 187 0.668449 31
8116 113 16 129 0.751938 28
8117 159 4 163 0.95092 20
8118 13 175 188 -0.861702 27
8119 6 150 156 -0.923077 23
8120 80 27 107 0.495327 30
8121 8 161 169 -0.905325 26
8122 39 105 144 -0.458333 28
8123 117 41 158 0.481013 34
8124 24 110 134 -0.641791 19
8125 104 15 119 0.747899 27
8126 93 23 116 0.603448 30
8127 5 131 136 -0.926471 20
8128 21 98 119 -0.647059 26
8129 10 123 133 -0.849624 27
8130 84 81 165 0.0181818 32
8131 32 150 182 -0.648352 29
8132 114 53 167 0.365269 31
8133 98 25 123 0.593496 29
8134 92 48 140 0.314286 25
8135 14 211 225 -0.875556 27
8136 132 49 181 0.458564 33
8137 60 73 133 -0.0977444 30
8138 15 140 155 -0.806452 26
8139 43 24 67 0.283582 25
8140 174 21 195 0.784615 30
8141 57 128 185 -0.383784 33
8142 45 89 134 -0.328358 33
8143 124 23 147 0.687075 31
8144 11 110 121 -0.818182 26
8145 147 7 154 0.909091 24
8146 135 19 154 0.753247 22
8147 38 107 145 -0.475862 33
8148 22 110 132 -0.666667 29
8149 145 5 150 0.933333 23
8150 39 132 171 -0.54386 33
8151 103 62 165 0.248485 31
8152 42 59 101 -0.168317 29
8153 50 66 116 -0.137931 27
8154 11 98 109 -0.798165 26
8155 5 153 158 -0.936709 22
8156 64 91 155 -0.174194 32
8157 16 159 175 -0.817143 26
8158 65 12 77 0.688312 18
8159 43 107 150 -0.426667 31
8160 143 17 160 0.7875 29
8161 72 40 112 0.285714 30
8162 19 196 215 -0.823256 26
8163 71 33 104 0.365385 26
8164 162 14 176 0.840909 29
8165 136 4 140 0.942857 23
8166 106 59 165 0.284848 33
8167 91 33 124 0.467742 25
8168 74 54 128 0.15625 33
8169 21 66 87 -0.517241 26
8170 141 20 161 0.751553 29
8171 66 83 149 -0.114094 33
8172 31 88 119 -0.478992 30
8173 85 56 141 0.205674 29
8174 13 136 149 -0.825503 27
8175 43 83 126 -0.31746 31
8176 59 80 139 -0.151079 29
8177 78 110 188 -0.170213 36
8178 206 4 210 0.961905 18
8179 17 168 185 -0.816216 23
8180 41 94 135 -0.392593 31
8181 89 43 132 0.348485 28
8182 37 102 139 -0.467626 28
8183 59 56 115 0.026087 32
8184 37 127 164 -0.54878 26
8185 92 57 149 0.234899 31
8186 149 43 192 0.552083 28
8187 35 148 183 -0.617486 33
8188 83 56 139 0.194245 34
8189 78 45 123 0.268293 28
8190 3 152 155 -0.96129 22
8191 70 78 148 -0.0540541 32
8192 77 32 109 0.412844 29
8193 13 84 97 -0.731959 15
8194 49 77 126 -0.222222 27
8195 186 15 201 0.850746 27
8196 31 153 184 -0.663043 28
8197 60 93 153 -0.215686 34
8198 46 135 181 -0.491713 30
8199 64 102 166 -0.228916 30
8200 117 29 146 0.60274 30
8201 71 89 160 -0.1125 31
8202 10 159 169 -0.881657 24
8203 169 3 172 0.965116 21
8204 145 54 199 0.457286 31
8205 191 23 214 0.785047 25
8206 65 104 169 -0.230769 35
8207 71 96 167 -0.149701 34
8208 54 61 115 -0.0608696 28
8209 71 65 136 0.0441176 36
8210 100 38 138 0.449275 30
8211 66 54 120 0.1 27
8212 148 32 180 0.644444 30
8213 54 76 130 -0.169231 35
8214 56 126 182 -0.384615 31
8215 62 108 170 -0.270588 32
8216 10 127 137 -0.854015 27
8217 53 80 133 -0.203008 30
8218 37 59 96 -0.229167 18
8219 122 37 159 0.534591 23
8220 129 26 155 0.664516 28
8221 39 142 181 -0.569061 34
8222 110 40 150 0.466667 28
8223 122 33 155 0.574194 31
8224 97 43 140 0.385714 35
8225 95 31 126 0.507937 27
8226 70 99 169 -0.171598 31
8227 54 58 112 -0.0357143 23
8228 68 89 157 -0.133758 30
8229 56 77 133 -0.157895 36
8230 89 65 154 0.155844 28
8231 136 56 192 0.416667 34
8232 40 64 104 -0.230769 31
8233 64 76 140 -0.0857143 37
8234 115 52 167 0.377246 29
8235 34 97 131 -0.480916 33
8236 47 119 166 -0.433735 33
8237 81 49 130 0.246154 29
8238 69 83 152 -0.0921053 34
8239 30 109 139 -0.568345 27
8240 22 125 147 -0.70068 29
8241 37 41 78 -0.0512821 30
8242 107 50 157 0.363057 31
8243 26 129 155 -0.664516 32
8244 9 124 133 -0.864662 26
8245 57 41 98 0.163265 25
8246 106 37 143 0.482517 32
8247 58 88 146 -0.205479 29
8248 111 22 133 0.669173 27
8249 12 104 116 -0.793103 26
8250 67 83 150 -0.106667 28
8251 82 87 169 -0.0295858 35
8252 121 64 185 0.308108 35
8253 155 13 168 0.845238 24
8254 140 11 151 0.854305 24
8255 31 104 135 -0.540741 30
8256 151 13 164 0.841463 29
8257 90 74 164 0.097561 33
8258 87 37 124 0.403226 30
8259 22 119 141 -0.687943 26
8260 101 43 144 0.402778 34
8261 30 87 117 -0.487179 28
8262 27 109 136 -0.602941 32
8263 120 29 149 0.610738 30
8264 94 19 113 0.663717 30
8265 26 147 173 -0.699422 32
8266 46 75 121 -0.239669 24
8267 39 86 125 -0.376 26
8268 160 33 193 0.658031 30
8269 81 57 138 0.173913 33
8270 48 134 182 -0.472527 35
8271 47 89 136 -0.308824 29
8272 123 63 186 0.322581 33
8273 65 64 129 0.00775194 26
8274 57 79 136 -0.161765 32
8275 124 36 160 0.55 34
8276 48 127 175 -0.451429 27
8277 36 93 129 -0.44186 32
8278 93 69 162 0.148148 32
8279 26 121 147 -0.646259 30
8280 55 107 162 -0.320988 33
8281 71 80 151 -0.0596026 33
8282 39 89 128 -0.390625 29
8283 56 74 130 -0.138462 26
8284 26 128 154 -0.662338 24
8285 102 49 151 0.350993 31
8286 113 8 121 0.867769 23
8287 75 42 117 0.282051 24
8288 11 167 178 -0.876404 25
8289 27 155 182 -0.703297 31
8290 10 190 200 -0.9 24
8291 13 155 168 -0.845238 25
8292 8 160 168 -0.904762 26
8293 7 199 206 -0.932039 19
8294 132 13 145 0.82069 24
8295 80 27 107 0.495327 27
8296 111 59 170 0.305882 29
8297 98 31 129 0.51938 25
8298 61 86 147 -0.170068 30
8299 94 11 105 0.790476 23
8300 116 50 166 0.39759 32
8301 92 38 130 0.415385 29
8302 83 89 172 -0.0348837 32
8303 30 186 216 -0.722222 34
8304 50 150 200 -0.5 36
8305 27 112 139 -0.611511 32
8306 126 50 176 0.431818 34
8307 70 74 144 -0.0277778 27
8308 21 120 141 -0.702128 27
8309 40 60 100 -0.2 26
8310 49 81 130 -0.246154 34
8311 102 25 127 0.606299 30
8312 8 138 146 -0.890411 23
8313 59 84 143 -0.174825 28
8314 12 113 125 -0.808 26
8315 89 43 132 0.348485 33
8316 240 6 246 0.95122 21
8317 50 121 171 -0.415205 29
8318 106 21 127 0.669291 29
8319 33 109 142 -0.535211 30
8320 102 74 176 0.159091 33
8321 59 36 95 0.242105 27
8322 48 96 144 -0.333333 29
8323 117 49 166 0.409639 37
8324 62 83 145 -0.144828 35
8325 70 61 131 0.0687023 26
8326 62 44 106 0.169811 32
8327 166 16 182 0.824176 27
8328 78 37 115 0.356522 31
8329 56 60 116 -0.0344828 31
8330 39 93 132 -0.409091 30
8331 6 192 198 -0.939394 19
8332 16 129 145 -0.77931 21
8333 49 100 149 -0.342282 30
8334 13 55 68 -0.617647 25
8335 52 49 101 0.029703 24
8336 158 18 176 0.795455 25
8337 126 28 154 0.636364 27
8338 129 15 144 0.791667 27
8339 76 65 141 0.0780142 31
8340 8 191 199 -0.919598 27
8341 33 74 107 -0.383178 33
8342 103 30 133 0.548872 29
8343 88 42 130 0.353846 31
8344 89 55 144 0.236111 30
8345 91 52 143 0.272727 34
8346 56 129 185 -0.394595 34
8347 44 131 175 -0.497143 33
8348 52 132 184 -0.434783 30
8349 99 4 103 0.92233 20
8350 84 44 128 0.3125 29
8351 59 75 134 -0.119403 29
8352 38 137 175 -0.565714 33
8353 78 61 139 0.122302 32
8354 133 39 172 0.546512 28
8355 96 24 120 0.6 28
8356 6 163 169 -0.928994 22
8357 61 96 157 -0.22293 33
8358 34 84 118 -0.423729 31
8359 59 155 214 -0.448598 30
8360 45 53 98 -0.0816327 21
8361 94 22 116 0.62069 26
8362 81 38 119 0.361345 27
8363 92 68 160 0.15 34
8364 66 62 128 0.03125 34
8365 18 151 169 -0.786982 28
8366 95 41 136 0.397059 34
8367 84 54 138 0.217391 30
8368 95 67 162 0.17284 34
8369 118 26 144 0.638889 29
8370 56 71 127 -0.11811 27
8371 17 160 177 -0.80791 26
8372 64 82 146 -0.123288 29
8373 118 17 135 0.748148 29
8374 117 54 171 0.368421 36
8375 113 45 158 0.43038 32
8376 64 106 170 -0.247059 35
8377 5 148 153 -0.934641 21
8378 6 159 165 -0.927273 24
8379 68 109 177 -0.231638 36
8380 89 71 160 0.1125 31
8381 53 87 140 -0.242857 31
8382 32 142 174 -0.632184 32
8383 116 26 142 0.633803 30
8384 114 45 159 0.433962 33
8385 118 30 148 0.594595 28
8386 81 66 147 0.102041 31
8387 10 143 153 -0.869281 24
8388 133 18 151 0.761589 24
8389 20 140 160 -0.75 29
8390 13 107 120 -0.783333 27
8391 61 58 119 0.0252101 28
8392 131 35 166 0.578313 34
8393 13 79 92 -0.717391 28
8394 256 11 267 0.917603 18
8395 86 81 167 0.0299401 32
8396 127 24 151 0.682119 32
8397 20 137 157 -0.745223 26
8398 20 122 142 -0.71831 30
8399 38 151 189 -0.597884 32
8400 5 0 5 1 3
8401 127 18 145 0.751724 29
8402 132 29 161 0.639752 28
8403 218 17 235 0.855319 22
8404 183 4 187 0.957219 20
8405 120 16 136 0.764706 27
8406 11 170 181 -0.878453 27
8407 102 32 134 0.522388 33
8408 27 110 137 -0.605839 26
8409 21 109 130 -0.676923 28
8410 154 16 170 0.811765 29
8411 88 77 165 0.0666667 34
8412 49 106 155 -0.367742 29
8413 51 89 140 -0.271429 33
8414 92 78 170 0.0823529 33
8415 23 188 211 -0.781991 21
8416 51 125 176 -0.420455 30
8417 134 31 165 0.624242 27
8418 105 46 151 0.390728 31
8419 85 36 121 0.404959 32
8420 33 108 141 -0.531915 27
8421 55 79 134 -0.179104 33
8422 58 71 129 -0.100775 27
8423 54 77 131 -0.175573 34
8424 22 111 133 -0.669173 27
8425 54 94 148 -0.27027 31
8426 53 90 143 -0.258741 33
8427 146 7 153 0.908497 25
8428 46 96 142 -0.352113 31
8429 77 58 135 0.140741 26
8430 24 76 100 -0.52 25
8431 61 83 144 -0.152778 32
8432 151 18 169 0.786982 26
8433 62 68 130 -0.0461538 28
8434 141 9 150 0.88 25
8435 18 152 170 -0.788235 29
8436 87 86 173 0.00578035 35
8437 45 102 147 -0.387755 34
8438 20 122 142 -0.71831 30
8439 36 126 162 -0.555556 31
8440 53 50 103 0.0291262 28
8441 66 50 116 0.137931 34
8442 35 102 137 -0.489051 31
8443 154 11 165 0.866667 23
8444 8 3 11 0.454545 6
8445 40 127 167 -0.520958 34
8446 122 20 142 0.71831 28
8447 189 8 197 0.918782 17
8448 12 87 99 -0.757576 30
8449 55 63 118 -0.0677966 34
8450 106 20 126 0.68254 29
8451 119 25 144 0.652778 33
8452 65 67 132 -0.0151515 31
8453 65 24 89 0.460674 24
8454 47 101 148 -0.364865 29
8455 7 86 93 -0.849462 14
8456 2 150 152 -0.973684 21
8457 81 55 136 0.191176 30
8458 78 51 129 0.209302 23
8459 6 151 157 -0.923567 17
8460 43 59 102 -0.156863 26
8461 22 201 223 -0.802691 25
8462 79 69 148 0.0675676 33
8463 32 181 213 -0.699531 33
8464 14 100 114 -0.754386 28
8465 9 138 147 -0.877551 27
8466 129 72 201 0.283582 30
8467 5 148 153 -0.934641 23
8468 64 71 135 -0.0518519 22
8469 77 93 170 -0.0941176 36
8470 76 74 150 0.0133333 28
8471 46 99 145 -0.365517 28
8472 145 6 151 0.92053 24
8473 45 117 162 -0.444444 31
8474 25 111 136 -0.632353 27
8475 50 72 122 -0.180328 27
8476 21 107 128 -0.671875 31
8477 63 77 140 -0.1 33
8478 13 149 162 -0.839506 27
8479 20 142 162 -0.753086 26
8480 140 7 147 0.904762 24
8481 79 80 159 -0.00628931 26
8482 205 10 215 0.906977 23
8483 32 158 190 -0.663158 32
8484 79 60 139 0.136691 29
8485 21 132 153 -0.72549 32
8486 25 128 153 -0.673203 26
8487 56 104 160 -0.3 31
8488 0 26 26 -1 14
8489 19 182 201 -0.810945 22
8490 26 56 82 -0.365854 29
8491 68 93 161 -0.15528 31
8492 123 15 138 0.782609 27
8493 153 13 166 0.843373 28
8494 157 15 172 0.825581 30
8495 31 122 153 -0.594771 36
8496 127 8 135 0.881481 25
8497 60 59 119 0.00840336 29
8498 33 79 112 -0.410714 26
8499 154 35 189 0.62963 33
8500 72 55 127 0.133858 32
8501 126 30 156 0.615385 32
8502 92 58 150 0.226667 36
8503 59 97 156 -0.24359 32
8504 80 94 174 -0.0804598 31
8505 27 152 179 -0.698324 31
8506 6 147 153 -0.921569 25
8507 12 175 187 -0.871658 28
8508 53 108 161 -0.341615 34
8509 62 123 185 -0.32973 33
8510 169 8 177 0.909605 25
8511 96 30 126 0.52381 30
8512 141 35 176 0.602273 33
8513 108 49 157 0.375796 30
8514 91 45 136 0.338235 29
8515 39 79 118 -0.338983 22
8516 82 44 126 0.301587 27
8517 83 50 133 0.24812 25
8518 56 102 158 -0.291139 36
8519 52 74 126 -0.174603 28
8520 75 31 106 0.415094 28
8521 53 88 141 -0.248227 32
8522 8 184 192 -0.916667 15
8523 44 95 139 -0.366906 31
8524 121 23 144 0.680556 27
8525 14 104 118 -0.762712 27
8526 172 13 185 0.859459 24
8527 96 59 155 0.23871 25
8528 73 103 176 -0.170455 32
8529 60 86 146 -0.178082 29
8530 128 60 188 0.361702 30
8531 35 106 141 -0.503546 34
8532 8 202 210 -0.92381 20
8533 39 105 144 -0.458333 32
8534 83 42 125 0.328 26
8535 112 34 146 0.534247 29
8536 145 20 165 0.757576 27
8537 33 66 99 -0.333333 24
8538 110 18 128 0.71875 25
8539 38 92 130 -0.415385 31
8540 22 101 123 -0.642276 27
8541 87 56 143 0.216783 26
8542 142 5 147 0.931973 23
8543 70 122 192 -0.270833 30
8544 40 111 151 -0.470199 26
8545 84 40 124 0.354839 23
8546 29 113 142 -0.591549 23
8547 83 38 121 0.371901 27
8548 115 22 137 0.678832 32
8549 72 53 125 0.152 28
8550 133 13 146 0.821918 23
8551 138 8 146 0.890411 22
8552 94 47 141 0.333333 30
8553 164 21 185 0.772973 24
8554 59 58 117 0.00854701 35
8555 90 67 157 0.146497 34
8556 8 136 144 -0.888889 23
8557 15 165 180 -0.833333 26
8558 15 159 174 -0.827586 25
8559 74 43 117 0.264957 28
8560 78 63 141 0.106383 32
8561 78 80 158 -0.0126582 25
8562 82 65 147 0.115646 32
8563 74 42 116 0.275862 33
8564 120 23 143 0.678322 28
8565 31 62 93 -0.333333 28
8566 134 36 170 0.576471 32
8567 3 176 179 -0.96648 22
8568 22 134 156 -0.717949 26
8569 44 79 123 -0.284553 34
8570 32 116 148 -0.567568 30
8571 126 6 132 0.909091 23
8572 47 65 112 -0.160714 33
8573 26 164 190 -0.726316 22
8574 147 32 179 0.642458 31
8575 122 17 139 0.755396 24
8576 89 44 133 0.338346 24
8577 18 79 97 -0.628866 21
8578 57 90 147 -0.22449 31
8579 54 98 152 -0.289474 30
8580 38 94 132 -0.424242 32
8581 121 23 144 0.680556 25
8582 93 34 127 0.464567 27
8583 51 105 156 -0.346154 35
8584 9 137 146 -0.876712 26
8585 4 71 75 -0.893333 21
8586 6 144 150 -0.92 20
8587 74 95 169 -0.12426 31
8588 60 80 140 -0.142857 34
8589 50 96 146 -0.315068 30
8590 102 52 154 0.324675 32
8591 89 42 131 0.358779 27
8592 55 90 145 -0.241379 36
8593 137 22 159 0.72327 29
8594 71 24 95 0.494737 31
8595 175 7 182 0.923077 19
8596 144 24 168 0.714286 26
8597 26 146 172 -0.697674 32
8598 41 91 132 -0.378788 30
8599 64 73 137 -0.0656934 26
8600 30 105 135 -0.555556 29
8601 46 88 134 -0.313433 28
8602 132 31 163 0.619632 33
8603 25 158 183 -0.726776 30
8604 105 15 120 0.75 28
8605 46 125 171 -0.461988 29
8606 131 13 144 0.819444 26
8607 136 17 153 0.777778 25
8608 32 65 97 -0.340206 30
8609 59 75 134 -0.119403 29
8610 145 7 152 0.907895 24
8611 78 54 132 0.181818 30
8612 46 29 75 0.226667 24
8613 31 141 172 -0.639535 32
8614 11 169 180 -0.877778 23
8615 98 51 149 0.315436 28
8616 127 18 145 0.751724 26
8617 104 58 162 0.283951 34
8618 141 22 163 0.730061 22
8619 68 106 174 -0.218391 35
8620 29 114 143 -0.594406 31
8621 29 109 138 -0.57971 32
8622 42 79 121 -0.305785 33
8623 117 21 138 0.695652 34
8624 103 26 129 0.596899 31
8625 37 63 100 -0.26 29
8626 5 218 223 -0.955157 17
8627 39 114 153 -0.490196 31
8628 79 86 165 -0.0424242 38
8629 70 96 166 -0.156627 35
8630 19 124 143 -0.734266 26
8631 17 119 136 -0.75 28
8632 13 152 165 -0.842424 22
8633 136 35 171 0.590643 27
8634 102 50 152 0.342105 26
8635 39 75 114 -0.315789 24
8636 25 205 230 -0.782609 25
8637 96 22 118 0.627119 28
8638 161 9 170 0.894118 22
8639 12 194 206 -0.883495 23
8640 52 67 119 -0.12605 24
8641 37 113 150 -0.506667 32
8642 117 23 140 0.671429 25
8643 30 118 148 -0.594595 33
8644 29 111 140 -0.585714 32
8645 79 57 136 0.161765 34
8646 68 88 156 -0.128205 34
8647 161 14 175 0.84 26
8648 24 125 149 -0.677852 26
8649 33 32 65 0.0153846 25
8650 97 74 171 0.134503 25
8651 65 58 123 0.0569106 32
8652 223 13 236 0.889831 25
8653 153 11 164 0.865854 26
8654 63 86 149 -0.154362 27
8655 119 12 131 0.816794 27
8656 62 108 170 -0.270588 34
8657 72 55 127 0.133858 25
8658 31 128 159 -0.610063 29
8659 78 59 137 0.138686 29
8660 23 130 153 -0.699346 22
8661 151 32 183 0.650273 32
8662 61 90 151 -0.192053 34
8663 2 132 134 -0.970149 20
8664 85 69 154 0.103896 30
8665 28 119 147 -0.619048 32
8666 67 23 90 0.488889 24
8667 28 139 167 -0.664671 30
8668 92 69 161 0.142857 34
8669 72 92 164 -0.121951 32
8670 104 71 175 0.188571 33
8671 76 46 122 0.245902 31
8672 47 94 141 -0.333333 31
8673 72 78 150 -0.04 34
8674 154 25 179 0.72067 32
8675 26 79 105 -0.504762 30
8676 37 94 131 -0.435115 33
8677 103 39 142 0.450704 32
8678 36 94 130 -0.446154 37
8679 62 90 152 -0.184211 34
8680 125 24 149 0.677852 32
8681 72 56 128 0.125 26
8682 43 2 45 0.911111 15
8683 103 33 136 0.514706 32
8684 56 103 159 -0.295597 27
8685 76 37 113 0.345133 27
8686 131 38 169 0.550296 29
8687 102 21 123 0.658537 29
8688 21 138 159 -0.735849 31
8689 160 13 173 0.849711 28
8690 37 101 138 -0.463768 31
8691 27 102 129 -0.581395 32
8692 44 56 100 -0.12 27
8693 2 243 245 -0.983673 17
8694 108 17 125 0.728 27
8695 93 67 160 0.1625 29
8696 6 136 142 -0.915493 24
8697 59 97 156 -0.24359 32
8698 63 71 134 -0.0597015 33
8699 168 25 193 0.740933 31
8700 57 88 145 -0.213793 30
8701 68 78 146 -0.0684932 30
8702 72 42 114 0.263158 29
8703 129 9 138 0.869565 23
8704 154 18 172 0.790698 29
8705 16 102 118 -0.728814 28
8706 44 119 163 -0.460123 32
8707 25 94 119 -0.579832 28
8708 93 72 165 0.127273 37
8709 134 22 156 0.717949 26
8710 35 36 71 -0.0140845 23
8711 56 121 177 -0.367232 30
8712 51 35 86 0.186047 26
8713 4 100 104 -0.923077 21
8714 72 51 123 0.170732 29
8715 130 28 158 0.64557 33
8716 65 56 121 0.0743802 31
8717 187 16 203 0.842365 26
8718 59 50 109 0.0825688 33
8719 121 44 165 0.466667 29
8720 58 111 169 -0.313609 34
8721 34 44 78 -0.128205 24
8722 84 33 117 0.435897 27
8723 23 164 187 -0.754011 28
8724 53 112 165 -0.357576 30
8725 158 13 171 0.847953 26
8726 92 44 136 0.352941 30
8727 58 68 126 -0.0793651 34
8728 29 72 101 -0.425743 29
8729 7 92 99 -0.858586 19
8730 160 6 166 0.927711 24
8731 65 63 128 0.015625 29
8732 174 9 183 0.901639 26
8733 39 100 139 -0.438849 32
8734 44 96 140 -0.371429 30
8735 15 196 211 -0.85782 22
8736 58 74 132 -0.121212 28
8737 123 35 158 0.556962 32
8738 49 73 122 -0.196721 29
8739 155 23 178 0.741573 30
8740 82 87 169 -0.0295858 30
8741 163 5 168 0.940476 23
8742 59 106 165 -0.284848 29
8743 171 25 196 0.744898 29
8744 82 66 148 0.108108 28
8745 64 73 137 -0.0656934 26
8746 44 48 92 -0.0434783 18
8747 140 15 155 0.806452 26
8748 87 28 115 0.513043 29
8749 125 28 153 0.633987 32
8750 84 46 130 0.292308 34
8751 24 98 122 -0.606557 29
8752 120 32 152 0.578947 26
8753 59 64 123 -0.0406504 34
8754 65 90 155 -0.16129 33
8755 84 44 128 0.3125 28
8756 14 210 224 -0.875 25
8757 96 30 126 0.52381 28
8758 61 69 130 -0.0615385 34
8759 114 28 142 0.605634 31
8760 29 90 119 -0.512605 27
8761 116 33 149 0.557047 31
8762 29 92 121 -0.520661 29
8763 26 125 151 -0.655629 31
8764 82 52 134 0.223881 32
8765 133 43 176 0.511364 33
8766 52 119 171 -0.391813 26
8767 119 53 172 0.383721 33
8768 60 97 157 -0.235669 34
8769 101 16 117 0.726496 27
8770 153 11 164 0.865854 27
8771 157 19 176 0.784091 21
8772 21 141 162 -0.740741 28
8773 85 66 151 0.125828 33
8774 18 114 132 -0.727273 30
8775 26 28 54 -0.037037 20
8776 143 26 169 0.692308 30
8777 81 78 159 0.0188679 36
8778 52 73 125 -0.168 29
8779 131 11 142 0.84507 27
8780 61 67 128 -0.046875 30
8781 3 50 53 -0.886792 17
8782 38 130 168 -0.547619 31
8783 84 69 153 0.0980392 30
8784 80 83 163 -0.0184049 33
8785 18 154 172 -0.790698 26
8786 183 26 209 0.751196 26
8787 114 24 138 0.652174 27
8788 69 75 144 -0.0416667 30
8789 90 65 155 0.16129 36
8790 99 29 128 0.546875 34
8791 98 52 150 0.306667 30
8792 59 92 151 -0.218543 28
8793 119 37 156 0.525641 32
8794 18 120 138 -0.73913 29
8795 61 106 167 -0.269461 34
8796 55 97 152 -0.276316 30
8797 44 64 108 -0.185185 31
8798 174 7 181 0.922652 15
8799 25 116 141 -0.64539 31
8800 106 32 138 0.536232 30
8801 131 40 171 0.532164 26
8802 68 53 121 0.123967 29
8803 79 77 156 0.0128205 37
8804 156 12 168 0.857143 26
8805 133 15 148 0.797297 26
8806 182 12 194 0.876289 26
8807 15 109 124 -0.758065 24
8808 50 87 137 -0.270073 34
8809 171 9 180 0.9 23
8810 51 73 124 -0.177419 36
8811 45 111 156 -0.423077 26
8812 121 19 140 0.728571 27
8813 77 70 147 0.047619 32
8814 76 53 129 0.178295 30
8815 15 128 143 -0.79021 25
8816 53 116 169 -0.372781 30
8817 110 30 140 0.571429 27
8818 129 21 150 0.72 24
8819 14 197 211 -0.867299 27
8820 93 78 171 0.0877193 33
8821 83 34 117 0.418803 29
8822 121 18 139 0.741007 28
8823 36 128 164 -0.560976 34
8824 31 85 116 -0.465517 32
8825 118 34 152 0.552632 31
8826 135 37 172 0.569767 30
8827 140 4 144 0.944444 23
8828 158 10 168 0.880952 26
8829 51 82 133 -0.233083 34
8830 25 156 181 -0.723757 27
8831 142 23 165 0.721212 28
8832 17 9 26 0.307692 10
8833 100 46 146 0.369863 29
8834 106 35 141 0.503546 33
8835 26 119 145 -0.641379 31
8836 103 68 171 0.204678 30
8837 25 167 192 -0.739583 28
8838 188 3 191 0.968586 20
8839 11 132 143 -0.846154 28
8840 8 176 184 -0.913043 24
8841 65 88 153 -0.150327 24
8842 60 82 142 -0.15493 29
8843 186 16 202 0.841584 26
8844 9 157 166 -0.891566 25
8845 55 64 119 -0.0756303 22
8846 29 127 156 -0.628205 28
8847 80 80 160 0 32
8848 105 25 130 0.615385 32
8849 126 53 179 0.407821 35
8850 21 91 112 -0.625 34
8851 86 62 148 0.162162 29
8852 47 114 161 -0.416149 32
8853 10 75 85 -0.764706 19
8854 6 165 171 -0.929825 22
8855 7 164 171 -0.918129 23
8856 120 7 127 0.889764 23
8857 14 178 192 -0.854167 22
8858 81 76 157 0.0318471 34
8859 6 178 184 -0.934783 19
8860 62 86 148 -0.162162 29
8861 19 103 122 -0.688525 29
8862 15 201 216 -0.861111 27
8863 149 30 179 0.664804 28
8864 48 96 144 -0.333333 31
8865 25 137 162 -0.691358 29
8866 74 55 129 0.147287 27
8867 106 53 159 0.333333 36
8868 117 56 173 0.352601 35
8869 82 72 154 0.0649351 28
8870 136 23 159 0.710692 24
8871 170 18 188 0.808511 30
8872 8 157 165 -0.90303 25
8873 10 31 41 -0.512195 17
8874 45 130 175 -0.485714 32
8875 33 125 158 -0.582278 29
8876 32 137 169 -0.621302 27
8877 121 5 126 0.920635 23
8878 69 86 155 -0.109677 28
8879 128 44 172 0.488372 32
8880 99 15 114 0.736842 30
8881 117 33 150 0.56 28
8882 195 20 215 0.813953 29
8883 111 48 159 0.396226 32
8884 94 49 143 0.314685 30
8885 7 98 105 -0.866667 18
8886 107 39 146 0.465753 32
8887 142 20 162 0.753086 30
8888 67 73 140 -0.0428571 35
8889 29 112 141 -0.588652 29
8890 25 52 77 -0.350649 24
8891 84 54 138 0.217391 35
8892 174 50 224 0.553571 31
8893 92 37 129 0.426357 29
8894 16 147 163 -0.803681 22
8895 135 43 178 0.516854 34
8896 39 155 194 -0.597938 33
8897 9 149 158 -0.886076 24
8898 18 143 161 -0.776398 27
8899 75 75 150 0 27
8900 138 5 143 0.93007 24
8901 28 169 197 -0.715736 27
8902 57 98 155 -0.264516 32
8903 53 76 129 -0.178295 27
8904 111 22 133 0.669173 24
8905 41 121 162 -0.493827 32
8906 191 25 216 0.768519 26
8907 57 58 115 -0.00869565 29
8908 101 84 185 0.0918919 31
8909 135 31 166 0.626506 30
8910 56 90 146 -0.232877 30
8911 121 29 150 0.613333 30
8912 158 12 170 0.858824 23
8913 9 174 183 -0.901639 25
8914 62 77 139 -0.107914 32
8915 62 68 130 -0.0461538 33
8916 58 59 117 -0.00854701 31
8917 138 19 157 0.757962 26
8918 88 41 129 0.364341 32
8919 71 60 131 0.0839695 33
8920 55 126 181 -0.392265 31
8921 141 13 154 0.831169 27
8922 29 112 141 -0.588652 30
8923 89 48 137 0.29927 30
8924 75 85 160 -0.0625 33
8925 17 172 189 -0.820106 31
8926 101 66 167 0.209581 29
8927 11 188 199 -0.889447 27
8928 39 22 61 0.278689 25
8929 131 15 146 0.794521 24
8930 101 28 129 0.565891 27
8931 64 69 133 -0.037594 28
8932 136 14 150 0.813333 27
8933 36 137 173 -0.583815 30
8934 63 81 144 -0.125 28
8935 32 105 137 -0.532847 31
8936 222 14 236 0.881356 27
8937 91 49 140 0.3 34
8938 114 25 139 0.640288 34
8939 12 36 48 -0.5 18
8940 65 94 159 -0.18239 36
8941 54 96 150 -0.28 33
8942 78 78 156 0 33
8943 150 32 182 0.648352 32
8944 192 12 204 0.882353 26
8945 69 46 115 0.2 29
8946 38 91 129 -0.410853 21
8947 147 11 158 0.860759 21
8948 58 98 156 -0.25641 36
8949 16 198 214 -0.850467 25
8950 32 141 173 -0.630058 27
8951 52 123 175 -0.405714 35
8952 41 110 151 -0.456954 26
8953 27 170 197 -0.725888 29
8954 53 76 129 -0.178295 25
8955 27 140 167 -0.676647 33
8956 123 9 132 0.863636 26
8957 110 34 144 0.527778 31
8958 11 159 170 -0.870588 19
8959 90 47 137 0.313869 31
8960 72 61 133 0.0827068 32
8961 45 106 151 -0.403974 34
8962 83 70 153 0.0849673 36
8963 45 92 137 -0.343066 32
8964 63 121 184 -0.315217 37
8965 128 38 166 0.542169 25
8966 46 71 117 -0.213675 29
8967 143 26 169 0.692308 30
8968 93 73 166 0.120482 33
8969 120 44 164 0.463415 32
8970 84 56 140 0.2 36
8971 168 23 191 0.759162 26
8972 26 150 176 -0.704545 30
8973 143 11 154 0.857143 25
8974 17 155 172 -0.802326 30
8975 69 74 143 -0.034965 35
8976 109 41 150 0.453333 36
8977 113 52 165 0.369697 32
8978 152 9 161 0.888199 26
8979 12 117 129 -0.813953 28
8980 69 91 160 -0.1375 32
8981 204 12 216 0.888889 19
8982 122 29 151 0.615894 30
8983 22 142 164 -0.731707 22
8984 112 52 164 0.365854 37
8985 117 40 157 0.490446 26
8986 11 165 176 -0.875 26
8987 157 16 173 0.815029 26
8988 59 68 127 -0.0708661 26
8989 12 95 107 -0.775701 26
8990 43 111 154 -0.441558 26
8991 116 23 139 0.669065 27
8992 95 50 145 0.310345 25
8993 86 60 146 0.178082 28
8994 18 200 218 -0.834862 26
8995 48 52 100 -0.04 28
8996 22 136 158 -0.721519 33
8997 2 174 176 -0.977273 20
8998 11 209 220 -0.9 23
8999 84 56 140 0.2 29
9000 101 23 124 0.629032 30
9001 46 108 154 -0.402597 31
9002 129 18 147 0.755102 31
9003 125 49 174 0.436782 32
9004 221 11 232 0.905172 21
9005 78 77 155 0.00645161 29
9006 219 8 227 0.929515 21
9007 113 36 149 0.516779 35
9008 113 33 146 0.547945 32
9009 5 178 183 -0.945355 14
9010 99 52 151 0.311258 31
9011 40 121 161 -0.503106 27
9012 26 149 175 -0.702857 33
9013 69 84 153 -0.0980392 23
9014 52 108 160 -0.35 33
9015 140 21 161 0.73913 27
9016 148 18 166 0.783133 31
9017 12 185 197 -0.878173 23
9018 90 69 159 0.132075 31
9019 173 14 187 0.850267 26
9020 58 129 187 -0.379679 31
9021 56 87 143 -0.216783 34
9022 54 62 116 -0.0689655 28
9023 140 24 164 0.707317 28
9024 34 116 150 -0.546667 32
9025 121 26 147 0.646259 32
9026 70 114 184 -0.23913 34
9027 29 132 161 -0.639752 29
9028 140 22 162 0.728395 28
9029 203 23 226 0.79646 30
9030 17 138 155 -0.780645 27
9031 28 124 152 -0.631579 31
9032 88 58 146 0.205479 32
9033 9 152 161 -0.888199 27
9034 94 81 175 0.0742857 34
9035 200 9 209 0.913876 21
9036 44 99 143 -0.384615 27
9037 102 39 141 0.446809 33
9038 84 43 127 0.322835 31
9039 76 51 127 0.19685 28
9040 44 86 130 -0.323077 29
9041 142 11 153 0.856209 26
9042 147 7 154 0.909091 26
9043 111 52 163 0.361963 34
9044 135 11 146 0.849315 23
9045 37 122 159 -0.534591 27
9046 47 131 178 -0.47191 36
9047 14 127 141 -0.801418 23
9048 73 31 104 0.403846 25
9049 118 20 138 0.710145 25
9050 8 146 154 -0.896104 23
9051 56 87 143 -0.216783 36
9052 89 51 140 0.271429 32
9053 63 17 80 0.575 28
9054 85 40 125 0.36 31
9055 23 83 106 -0.566038 32
9056 106 47 153 0.385621 27
9057 30 166 196 -0.693878 24
9058 34 73 107 -0.364486 27
9059 51 107 158 -0.35443 29
9060 39 149 188 -0.585106 34
9061 33 127 160 -0.5875 28
9062 64 103 167 -0.233533 26
9063 71 55 126 0.126984 27
9064 92 66 158 0.164557 34
9065 14 151 165 -0.830303 29
9066 100 52 152 0.315789 27
9067 64 26 90 0.422222 31
9068 62 76 138 -0.101449 32
9069 37 132 169 -0.56213 32
9070 63 109 172 -0.267442 34
9071 62 78 140 -0.114286 31
9072 105 34 139 0.510791 33
9073 91 66 157 0.159236 33
9074 140 21 161 0.73913 29
9075 129 31 160 0.6125 32
9076 36 96 132 -0.454545 31
9077 138 9 147 0.877551 23
9078 7 131 138 -0.898551 25
9079 160 10 170 0.882353 24
9080 49 95 144 -0.319444 32
9081 166 13 179 0.854749 22
9082 10 123 133 -0.849624 26
9083 93 5 98 0.897959 21
9084 84 71 155 0.083871 33
9085 117 20 137 0.708029 29
9086 24 163 187 -0.743316 28
9087 22 125 147 -0.70068 30
9088 164 21 185 0.772973 28
9089 160 5 165 0.939394 24
9090 90 55 145 0.241379 34
9091 51 90 141 -0.276596 32
9092 44 72 116 -0.241379 32
9093 45 96 141 -0.361702 33
9094 61 74 135 -0.0962963 33
9095 138 22 160 0.725 30
9096 87 59 146 0.191781 31
9097 86 61 147 0.170068 29
9098 63 82 145 -0.131034 34
9099 112 42 154 0.454545 35
9100 93 36 129 0.44186 26
9101 70 74 144 -0.0277778 31
9102 54 87 141 -0.234043 29
9103 121 28 149 0.624161 30
9104 198 6 204 0.941176 23
9105 22 145 167 -0.736527 23
9106 153 52 205 0.492683 29
9107 12 142 154 -0.844156 30
9108 134 32 166 0.614458 30
9109 73 66 139 0.0503597 34
9110 59 83 142 -0.169014 32
9111 38 102 140 -0.457143 31
9112 28 128 156 -0.641026 30
9113 9 168 177 -0.898305 25
9114 64 78 142 -0.0985915 29
9115 29 160 189 -0.693122 28
9116 31 82 113 -0.451327 30
9117 11 142 153 -0.856209 24
9118 67 86 153 -0.124183 29
9119 41 143 184 -0.554348 31
9120 33 142 175 -0.622857 30
9121 177 8 185 0.913514 21
9122 91 42 133 0.368421 31
9123 114 18 132 0.727273 32
9124 46 83 129 -0.286822 29
9125 6 156 162 -0.925926 24
9126 25 141 166 -0.698795 29
9127 92 55 147 0.251701 30
9128 143 17 160 0.7875 28
9129 48 99 147 -0.346939 30
9130 152 14 166 0.831325 29
9131 12 93 105 -0.771429 23
9132 132 52 184 0.434783 34
9133 66 119 185 -0.286486 34
9134 25 129 154 -0.675325 26
9135 29 111 140 -0.585714 28
9136 30 86 116 -0.482759 23
9137 54 77 131 -0.175573 30
9138 40 119 159 -0.496855 29
9139 70 88 158 -0.113924 34
9140 51 91 142 -0.28169 32
9141 197 20 217 0.815668 24
9142 28 129 157 -0.643312 29
9143 5 167 172 -0.94186 24
9144 16 174 190 -0.831579 30
9145 45 87 132 -0.318182 34
9146 132 6 138 0.913043 25
9147 116 50 166 0.39759 28
9148 14 98 112 -0.75 26
9149 39 145 184 -0.576087 33
9150 83 47 130 0.276923 29
9151 26 79 105 -0.504762 26
9152 79 40 119 0.327731 27
9153 100 24 124 0.612903 30
9154 57 76 133 -0.142857 30
9155 119 24 143 0.664336 26
9156 8 104 112 -0.857143 25
9157 42 107 149 -0.436242 32
9158 38 132 170 -0.552941 30
9159 18 133 151 -0.761589 23
9160 19 164 183 -0.79235 26
9161 93 35 128 0.453125 28
9162 99 25 124 0.596774 30
9163 52 56 108 -0.037037 33
9164 46 82 128 -0.28125 33
9165 82 102 184 -0.108696 34
9166 21 119 140 -0.7 27
9167 95 67 162 0.17284 31
9168 109 17 126 0.730159 30
9169 113 10 123 0.837398 25
9170 7 188 195 -0.928205 23
9171 30 139 169 -0.64497 34
9172 5 108 113 -0.911504 21
9173 36 99 135 -0.466667 29
9174 38 89 127 -0.401575 30
9175 44 86 130 -0.323077 33
9176 126 39 165 0.527273 35
9177 153 20 173 0.768786 26
9178 73 44 117 0.247863 35
9179 100 60 160 0.25 26
9180 13 156 169 -0.846154 27
9181 21 103 124 -0.66129 32
9182 11 140 151 -0.854305 28
9183 86 79 165 0.0424242 30
9184 209 10 219 0.908676 26
9185 128 30 158 0.620253 33
9186 102 48 150 0.36 34
9187 61 56 117 0.042735 29
9188 20 66 86 -0.534884 28
9189 39 102 141 -0.446809 29
9190 112 21 133 0.684211 27
9191 76 70 146 0.0410959 31
9192 13 124 137 -0.810219 28
9193 28 130 158 -0.64557 28
9194 126 43 169 0.491124 32
9195 14 130 144 -0.805556 22
9196 128 25 153 0.673203 32
9197 105 63 168 0.25 26
9198 30 67 97 -0.381443 28
9199 96 6 102 0.882353 22
9200 110 25 135 0.62963 31
9201 29 139 168 -0.654762 29
9202 73 89 162 -0.0987654 31
9203 101 44 145 0.393103 25
9204 3 147 150 -0.96 22
9205 99 33 132 0.5 29
9206 77 20 97 0.587629 25
9207 28 100 128 -0.5625 30
9208 17 159 176 -0.806818 25
9209 83 54 137 0.211679 31
9210 76 58 134 0.134328 34
9211 36 106 142 -0.492958 34
9212 64 83 147 -0.129252 32
9213 13 119 132 -0.80303 24
9214 132 18 150 0.76 27
9215 40 69 109 -0.266055 25
9216 115 31 146 0.575342 29
9217 93 39 132 0.409091 31
9218 39 69 108 -0.277778 25
9219 132 43 175 0.508571 32
9220 113 21 134 0.686567 29
9221 90 54 144 0.25 33
9222 211 5 216 0.953704 13
9223 12 162 174 -0.862069 28
9224 79 35 114 0.385965 27
9225 156 13 169 0.846154 23
9226 150 16 166 0.807229 30
9227 35 127 162 -0.567901 32
9228 51 86 137 -0.255474 27
9229 112 51 163 0.374233 34
9230 99 54 153 0.294118 32
9231 60 106 166 -0.277108 33
9232 40 91 131 -0.389313 26
9233 35 116 151 -0.536424 31
9234 30 149 179 -0.664804 30
9235 138 20 158 0.746835 30
9236 65 9 74 0.756757 26
9237 149 25 174 0.712644 24
9238 17 197 214 -0.841121 20
9239 54 79 133 -0.18797 33
9240 76 35 111 0.369369 29
9241 38 137 175 -0.565714 28
9242 161 8 169 0.905325 20
9243 61 82 143 -0.146853 32
9244 71 79 150 -0.0533333 35
9245 70 84 154 -0.0909091 33
9246 38 132 170 -0.552941 29
9247 51 99 150 -0.32 32
9248 15 174 189 -0.84127 22
9249 23 157 180 -0.744444 32
9250 9 112 121 -0.85124 27
9251 62 61 123 0.00813008 31
9252 58 62 120 -0.0333333 34
9253 19 109 128 -0.703125 30
9254 18 66 84 -0.571429 26
9255 13 187 200 -0.87 30
9256 39 87 126 -0.380952 21
9257 128 24 152 0.684211 32
9258 117 21 138 0.695652 29
9259 65 58 123 0.0569106 32
9260 36 144 180 -0.6 28
9261 38 96 134 -0.432836 33
9262 121 11 132 0.833333 22
9263 143 6 149 0.919463 23
9264 154 16 170 0.811765 28
9265 77 73 150 0.0266667 32
9266 180 16 196 0.836735 25
9267 127 19 146 0.739726 28
9268 40 79 119 -0.327731 31
9269 110 52 162 0.358025 33
9270 62 65 127 -0.023622 29
9271 23 86 109 -0.577982 30
9272 58 82 140 -0.171429 29
9273 57 89 146 -0.219178 33
9274 71 63 134 0.0597015 31
9275 101 46 147 0.37415 34
9276 41 97 138 -0.405797 33
9277 4 183 187 -0.957219 21
9278 40 84 124 -0.354839 27
9279 162 37 199 0.628141 31
9280 29 86 115 -0.495652 29
9281 73 66 139 0.0503597 30
9282 202 8 210 0.92381 23
9283 93 72 165 0.127273 31
9284 46 91 137 -0.328467 32
9285 114 26 140 0.628571 31
9286 126 16 142 0.774648 29
9287 18 138 156 -0.769231 20
9288 18 130 148 -0.756757 29
9289 124 51 175 0.417143 35
9290 57 72 129 -0.116279 28
9291 36 109 145 -0.503448 29
9292 32 94 126 -0.492063 32
9293 11 224 235 -0.906383 24
9294 75 76 151 -0.00662252 26
9295 85 65 150 0.133333 34
9296 17 112 129 -0.736434 31
9297 66 74 140 -0.0571429 28
9298 56 57 113 -0.00884956 30
9299 72 43 115 0.252174 33
9300 62 115 177 -0.299435 30
9301 61 61 122 0 31
9302 1 135 136 -0.985294 20
9303 132 40 172 0.534884 31
9304 15 113 128 -0.765625 25
9305 13 125 138 -0.811594 27
9306 54 118 172 -0.372093 31
9307 115 51 166 0.385542 29
9308 86 69 155 0.109677 33
9309 99 49 148 0.337838 34
9310 52 86 138 -0.246377 36
9311 40 106 146 -0.452055 35
9312 81 70 151 0.0728477 35
9313 64 86 150 -0.146667 24
9314 109 50 159 0.371069 32
9315 7 149 156 -0.910256 25
9316 69 108 177 -0.220339 31
9317 76 48 124 0.225806 30
9318 7 142 149 -0.90604 24
9319 56 58 114 -0.0175439 29
9320 136 9 145 0.875862 26
9321 123 5 128 0.921875 24
9322 87 49 136 0.279412 34
9323 33 69 102 -0.352941 29
9324 83 70 153 0.0849673 31
9325 113 39 152 0.486842 29
9326 28 145 173 -0.676301 28
9327 5 114 119 -0.915966 22
9328 43 137 180 -0.522222 29
9329 75 115 190 -0.210526 37
9330 137 18 155 0.767742 27
9331 117 12 129 0.813953 27
9332 53 57 110 -0.0363636 25
9333 68 64 132 0.030303 28
9334 62 69 131 -0.0534351 30
9335 141 10 151 0.86755 26
9336 1 153 154 -0.987013 18
9337 151 23 174 0.735632 31
9338 22 102 124 -0.645161 22
9339 121 16 137 0.766423 26
9340 75 92 167 -0.101796 28
9341 138 11 149 0.852349 27
9342 52 84 136 -0.235294 33
9343 39 103 142 -0.450704 28
9344 14 116 130 -0.784615 24
9345 50 121 171 -0.415205 29
9346 103 25 128 0.609375 25
9347 33 106 139 -0.52518 32
9348 128 36 164 0.560976 30
9349 31 154 185 -0.664865 28
9350 15 108 123 -0.756098 26
9351 80 65 145 0.103448 35
9352 21 19 40 0.05 15
9353 81 67 148 0.0945946 33
9354 125 25 150 0.666667 32
9355 21 98 119 -0.647059 20
9356 95 42 137 0.386861 33
9357 90 78 168 0.0714286 32
9358 75 65 140 0.0714286 34
9359 155 6 161 0.925466 22
9360 104 49 153 0.359477 34
9361 125 44 169 0.47929 31
9362 50 61 111 -0.0990991 25
9363 11 210 221 -0.900452 22
9364 55 91 146 -0.246575 33
9365 29 197 226 -0.743363 30
9366 57 97 154 -0.25974 35
9367 30 96 126 -0.52381 24
9368 91 31 122 0.491803 29
9369 21 110 131 -0.679389 31
9370 27 82 109 -0.504587 30
9371 84 50 134 0.253731 31
9372 28 126 154 -0.636364 30
9373 98 54 152 0.289474 32
9374 193 9 202 0.910891 21
9375 91 41 132 0.378788 32
9376 34 118 152 -0.552632 29
9377 89 71 160 0.1125 31
9378 169 21 190 0.778947 20
9379 179 5 184 0.945652 22
9380 31 119 150 -0.586667 29
9381 50 70 120 -0.166667 30
9382 86 76 162 0.0617284 35
9383 144 28 172 0.674419 29
9384 132 21 153 0.72549 23
9385 8 161 169 -0.905325 24
9386 133 45 178 0.494382 33
9387 124 46 170 0.458824 32
9388 20 98 118 -0.661017 28
9389 76 67 143 0.0629371 33
9390 33 142 175 -0.622857 35
9391 32 109 141 -0.546099 31
9392 64 67 131 -0.0229008 27
9393 110 38 148 0.486486 31
9394 12 94 106 -0.773585 29
9395 201 15 216 0.861111 27
9396 30 94 124 -0.516129 25
9397 73 45 118 0.237288 31
9398 183 4 187 0.957219 22
9399 76 69 145 0.0482759 32
9400 110 49 159 0.383648 32
9401 51 101 152 -0.328947 33
9402 22 133 155 -0.716129 24
9403 23 117 140 -0.671429 28
9404 4 147 151 -0.94702 21
9405 43 115 158 -0.455696 30
9406 109 39 148 0.472973 36
9407 183 23 206 0.776699 25
9408 118 21 139 0.697842 28
9409 23 10 33 0.393939 15
9410 10 128 138 -0.855072 25
9411 32 132 164 -0.609756 33
9412 82 53 135 0.214815 34
9413 55 59 114 -0.0350877 32
9414 30 37 67 -0.104478 21
9415 71 45 116 0.224138 30
9416 31 180 211 -0.706161 30
9417 40 123 163 -0.509202 32
9418 72 103 175 -0.177143 30
9419 178 19 197 0.807107 29
9420 24 159 183 -0.737705 30
9421 125 63 188 0.329787 33
9422 198 7 205 0.931707 24
9423 108 45 153 0.411765 29
9424 51 103 154 -0.337662 33
9425 10 176 186 -0.892473 24
9426 27 84 111 -0.513514 28
9427 83 50 133 0.24812 31
9428 118 60 178 0.325843 36
9429 72 94 166 -0.13253 33
9430 8 140 148 -0.891892 21
9431 41 65 106 -0.226415 24
9432 34 113 147 -0.537415 27
9433 15 172 187 -0.839572 29
9434 25 122 147 -0.659864 32
9435 143 38 181 0.58011 32
9436 123 11 134 0.835821 25
9437 92 61 153 0.202614 27
9438 6 230 236 -0.949153 19
9439 112 34 146 0.534247 29
9440 27 88 115 -0.530435 32
9441 101 16 117 0.726496 26
9442 14 137 151 -0.81457 26
9443 13 151 164 -0.841463 26
9444 43 97 140 -0.385714 34
9445 33 65 98 -0.326531 30
9446 20 130 150 -0.733333 29
9447 73 87 160 -0.0875 30
9448 27 133 160 -0.6625 29
9449 138 36 174 0.586207 29
9450 159 6 165 0.927273 20
9451 51 83 134 -0.238806 33
9452 50 54 104 -0.0384615 28
9453 84 63 147 0.142857 31
9454 81 58 139 0.165468 28
9455 195 14 209 0.866029 26
9456 29 70 99 -0.414141 29
9457 89 50 139 0.280576 35
9458 44 68 112 -0.214286 28
9459 129 8 137 0.883212 22
9460 170 20 190 0.789474 27
9461 57 66 123 -0.0731707 33
9462 109 42 151 0.443709 36
9463 54 103 157 -0.312102 33
9464 22 100 122 -0.639344 31
9465 22 145 167 -0.736527 30
9466 113 11 124 0.822581 26
9467 27 145 172 -0.686047 29
9468 183 10 193 0.896373 27
9469 153 18 171 0.789474 24
9470 26 89 115 -0.547826 27
9471 9 123 132 -0.863636 22
9472 86 25 111 0.54955 30
9473 54 55 109 -0.00917431 30
9474 49 75 124 -0.209677 30
9475 15 126 141 -0.787234 30
9476 50 94 144 -0.305556 31
9477 44 74 118 -0.254237 30
9478 4 140 144 -0.944444 21
9479 102 65 167 0.221557 27
9480 67 59 126 0.0634921 32
9481 157 21 178 0.764045 23
9482 6 178 184 -0.934783 20
9483 106 58 164 0.292683 30
9484 119 34 153 0.555556 33
9485 100 25 125 0.6 30
9486 70 82 152 -0.0789474 32
9487 100 49 149 0.342282 30
9488 15 191 206 -0.854369 24
9489 21 110 131 -0.679389 26
9490 18 92 110 -0.672727 29
9491 57 80 137 -0.167883 34
9492 194 10 204 0.901961 23
9493 82 42 124 0.322581 30
9494 83 37 120 0.383333 29
9495 39 94 133 -0.413534 30
9496 14 117 131 -0.78626 29
9497 14 134 148 -0.810811 24
9498 83 81 164 0.0121951 29
9499 83 64 147 0.129252 35
9500 25 128 153 -0.673203 28
9501 56 65 121 -0.0743802 32
9502 68 131 199 -0.316583 33
9503 26 87 113 -0.539823 33
9504 11 122 133 -0.834586 22
9505 179 19 198 0.808081 23
9506 10 185 195 -0.897436 27
9507 71 70 141 0.0070922 36
9508 28 99 127 -0.559055 31
9509 4 208 212 -0.962264 23
9510 20 131 151 -0.735099 30
9511 94 27 121 0.553719 31
9512 88 49 137 0.284672 27
9513 123 21 144 0.708333 27
9514 103 41 144 0.430556 25
9515 119 40 159 0.496855 32
9516 137 38 175 0.565714 31
9517 56 92 148 -0.243243 28
9518 106 11 117 0.811966 24
9519 110 44 154 0.428571 33
9520 65 118 183 -0.289617 36
9521 30 125 155 -0.612903 30
9522 96 66 162 0.185185 30
9523 86 73 159 0.081761 34
9524 20 131 151 -0.735099 31
9525 116 34 150 0.546667 29
9526 152 27 179 0.698324 34
9527 175 4 179 0.955307 20
9528 60 41 101 0.188119 30
9529 146 31 177 0.649718 32
9530 106 90 196 0.0816327 33
9531 100 14 114 0.754386 27
9532 41 95 136 -0.397059 30
9533 122 26 148 0.648649 26
9534 14 122 136 -0.794118 28
9535 94 65 159 0.18239 32
9536 141 22 163 0.730061 28
9537 34 164 198 -0.656566 29
9538 108 21 129 0.674419 33
9539 18 100 118 -0.694915 26
9540 127 21 148 0.716216 29
9541 164 6 170 0.929412 19
9542 12 218 230 -0.895652 19
9543 6 135 141 -0.914894 25
9544 38 67 105 -0.27619 27
9545 169 21 190 0.778947 30
9546 36 46 82 -0.121951 28
9547 67 82 149 -0.100671 31
9548 126 17 143 0.762238 29
9549 60 87 147 -0.183673 31
9550 13 135 148 -0.824324 25
9551 136 17 153 0.777778 26
9552 32 105 137 -0.532847 31
9553 78 51 129 0.209302 30
9554 159 9 168 0.892857 22
9555 47 107 154 -0.38961 31
9556 126 34 160 0.575 31
9557 64 73 137 -0.0656934 33
9558 27 104 131 -0.587786 30
9559 87 77 164 0.0609756 33
9560 17 178 195 -0.825641 30
9561 62 83 145 -0.144828 30
9562 93 55 148 0.256757 31
9563 108 66 174 0.241379 28
9564 110 44 154 0.428571 30
9565 104 30 134 0.552239 28
9566 7 157 164 -0.914634 21
9567 61 78 139 -0.122302 29
9568 153 6 159 0.924528 23
9569 178 15 193 0.84456 28
9570 42 104 146 -0.424658 29
9571 19 191 210 -0.819048 27
9572 77 59 136 0.132353 30
9573 46 81 127 -0.275591 30
9574 104 43 147 0.414966 30
9575 45 80 125 -0.28 28
9576 70 73 143 -0.020979 33
9577 27 108 135 -0.6 29
9578 58 85 143 -0.188811 30
9579 101 25 126 0.603175 28
9580 37 115 152 -0.513158 25
9581 74 57 131 0.129771 34
9582 56 72 128 -0.125 27
9583 112 18 130 0.723077 27
9584 6 103 109 -0.889908 24
9585 61 107 168 -0.27381 25
9586 175 9 184 0.902174 25
9587 158 6 164 0.926829 21
9588 81 83 164 -0.0121951 38
9589 180 15 195 0.846154 28
9590 8 123 131 -0.877863 26
9591 130 34 164 0.585366 31
9592 50 86 136 -0.264706 29
9593 71 75 146 -0.0273973 31
9594 34 122 156 -0.564103 32
9595 197 17 214 0.841121 25
9596 16 137 153 -0.79085 30
9597 7 127 134 -0.895522 24
9598 14 159 173 -0.83815 24
9599 65 73 138 -0.057971 33
9600 98 55 153 0.281046 33
9601 119 15 134 0.776119 23
9602 99 23 122 0.622951 30
9603 60 75 135 -0.111111 26
9604 90 64 154 0.168831 30
9605 170 25 195 0.74359 19
9606 120 17 137 0.751825 28
9607 62 63 125 -0.008 32
9608 54 72 126 -0.142857 34
9609 68 107 175 -0.222857 34
9610 14 180 194 -0.85567 26
9611 50 102 152 -0.342105 33
9612 128 63 191 0.340314 31
9613 33 90 123 -0.463415 31
9614 127 20 147 0.727891 24
9615 53 113 166 -0.361446 30
9616 45 87 132 -0.318182 29
9617 93 50 143 0.300699 27
9618 148 18 166 0.783133 30
9619 13 141 154 -0.831169 26
9620 54 68 122 -0.114754 26
9621 116 75 191 0.21466 32
9622 97 60 157 0.235669 27
9623 88 10 98 0.795918 24
9624 47 99 146 -0.356164 29
9625 131 25 156 0.679487 22
9626 102 31 133 0.533835 31
9627 72 83 155 -0.0709677 27
9628 55 60 115 -0.0434783 31
9629 111 14 125 0.776 26
9630 23 133 156 -0.705128 27
9631 36 109 145 -0.503448 25
9632 59 78 137 -0.138686 27
9633 39 111 150 -0.48 24
9634 27 143 170 -0.682353 29
9635 11 169 180 -0.877778 29
9636 71 51 122 0.163934 31
9637 70 62 132 0.0606061 32
9638 147 19 166 0.771084 27
9639 76 45 121 0.256198 32
9640 77 75 152 0.0131579 31
9641 17 112 129 -0.736434 31
9642 41 143 184 -0.554348 30
9643 47 101 148 -0.364865 28
9644 23 63 86 -0.465116 26
9645 38 101 139 -0.453237 30
9646 52 77 129 -0.193798 31
9647 92 9 101 0.821782 23
9648 10 201 211 -0.905213 24
9649 11 164 175 -0.874286 26
9650 95 59 154 0.233766 30
9651 114 21 135 0.688889 32
9652 90 46 136 0.323529 31
9653 36 86 122 -0.409836 32
9654 41 104 145 -0.434483 29
9655 36 123 159 -0.54717 35
9656 77 75 152 0.0131579 30
9657 152 19 171 0.777778 27
9658 226 8 234 0.931624 24
9659 9 224 233 -0.922747 24
9660 158 23 181 0.745856 27
9661 47 100 147 -0.360544 33
9662 65 110 175 -0.257143 33
9663 104 8 112 0.857143 25
9664 37 128 165 -0.551515 29
9665 45 106 151 -0.403974 31
9666 24 69 93 -0.483871 24
9667 65 89 154 -0.155844 32
9668 94 81 175 0.0742857 27
9669 14 122 136 -0.794118 28
9670 116 39 155 0.496774 32
9671 87 52 139 0.251799 27
9672 14 113 127 -0.779528 26
9673 44 112 156 -0.435897 29
9674 77 76 153 0.00653595 28
9675 157 23 180 0.744444 28
9676 157 9 166 0.891566 26
9677 47 130 177 -0.468927 27
9678 13 123 136 -0.808824 27
9679 48 111 159 -0.396226 35
9680 82 62 144 0.138889 31
9681 69 59 128 0.078125 30
9682 34 103 137 -0.50365 28
9683 99 56 155 0.277419 26
9684 56 114 170 -0.341176 33
9685 100 50 150 0.333333 34
9686 100 38 138 0.449275 33
9687 115 13 128 0.796875 28
9688 91 73 164 0.109756 27
9689 17 160 177 -0.80791 25
9690 77 78 155 -0.00645161 30
9691 112 63 175 0.28 35
9692 139 30 169 0.64497 30
9693 33 122 155 -0.574194 27
9694 10 167 177 -0.887006 26
9695 141 17 158 0.78481 28
9696 85 37 122 0.393443 29
9697 63 68 131 -0.0381679 35
9698 112 51 163 0.374233 27
9699 105 34 139 0.510791 31
9700 56 96 152 -0.263158 35
9701 75 55 130 0.153846 30
9702 64 53 117 0.0940171 31
9703 30 116 146 -0.589041 33
9704 11 196 207 -0.89372 21
9705 64 54 118 0.0847458 34
9706 10 173 183 -0.89071 25
9707 67 75 142 -0.056338 31
9708 87 39 126 0.380952 31
9709 11 137 148 -0.851351 26
9710 86 10 96 0.791667 25
9711 133 48 181 0.469613 27
9712 159 8 167 0.904192 20
9713 155 16 171 0.812865 28
9714 104 40 144 0.444444 35
9715 123 17 140 0.757143 28
9716 3 190 193 -0.968912 17
9717 73 86 159 -0.081761 34
9718 69 71 140 -0.0142857 30
9719 122 21 143 0.706294 29
9720 201 8 209 0.923445 24
9721 47 150 197 -0.522843 34
9722 10 130 140 -0.857143 27
9723 73 47 120 0.216667 34
9724 116 27 143 0.622378 31
9725 34 62 96 -0.291667 26
9726 82 61 143 0.146853 31
9727 88 95 183 -0.0382514 35
9728 86 71 157 0.0955414 25
9729 147 8 155 0.896774 25
9730 100 45 145 0.37931 33
9731 74 31 105 0.409524 25
9732 29 115 144 -0.597222 27
9733 173 19 192 0.802083 29
9734 12 256 268 -0.910448 24
9735 150 12 162 0.851852 26
9736 48 85 133 -0.278195 30
9737 25 0 25 1 12
9738 86 88 174 -0.0114943 30
9739 97 36 133 0.458647 28
9740 185 21 206 0.796117 29
9741 77 84 161 -0.0434783 31
9742 60 68 128 -0.0625 32
9743 34 161 195 -0.651282 34
9744 95 65 160 0.1875 35
9745 62 88 150 -0.173333 26
9746 83 76 159 0.0440252 34
9747 119 17 136 0.75 29
9748 22 105 127 -0.653543 28
9749 2 51 53 -0.924528 5
9750 142 32 174 0.632184 34
9751 67 50 117 0.145299 32
9752 169 8 177 0.909605 21
9753 99 59 158 0.253165 28
9754 8 93 101 -0.841584 23
9755 133 54 187 0.42246 29
9756 168 17 185 0.816216 29
9757 180 11 191 0.884817 25
9758 137 6 143 0.916084 24
9759 30 94 124 -0.516129 32
9760 80 57 137 0.167883 33
9761 32 74 106 -0.396226 30
9762 53 85 138 -0.231884 29
9763 96 26 122 0.57377 32
9764 14 136 150 -0.813333 26
9765 98 32 130 0.507692 24
9766 64 114 178 -0.280899 30
9767 92 35 127 0.448819 26
9768 147 6 153 0.921569 22
9769 68 35 103 0.320388 24
9770 37 95 132 -0.439394 35
9771 31 116 147 -0.578231 33
9772 100 10 110 0.818182 27
9773 43 130 173 -0.50289 32
9774 34 3 37 0.837838 11
9775 157 25 182 0.725275 32
9776 111 37 148 0.5 32
9777 18 158 176 -0.795455 24
9778 118 53 171 0.380117 29
9779 36 108 144 -0.5 33
9780 114 31 145 0.572414 29
9781 141 1 142 0.985915 18
9782 10 167 177 -0.887006 27
9783 46 81 127 -0.275591 28
9784 216 13 229 0.886463 23
9785 38 74 112 -0.321429 34
9786 118 34 152 0.552632 34
9787 110 35 145 0.517241 30
9788 85 57 142 0.197183 33
9789 95 47 142 0.338028 34
9790 5 128 133 -0.924812 20
9791 75 100 175 -0.142857 32
9792 79 98 177 -0.107345 30
9793 41 136 177 -0.536723 36
9794 73 84 157 -0.0700637 34
9795 98 53 151 0.298013 31
9796 112 35 147 0.52381 31
9797 40 130 170 -0.529412 25
9798 187 5 192 0.947917 23
9799 49 89 138 -0.289855 36
9800 33 107 140 -0.528571 32
9801 47 51 98 -0.0408163 24
9802 165 9 174 0.896552 24
9803 61 27 88 0.386364 26
9804 153 19 172 0.77907 31
9805 24 93 117 -0.589744 29
9806 69 72 141 -0.0212766 32
9807 44 102 146 -0.39726 30
9808 99 66 165 0.2 25
9809 154 14 168 0.833333 28
9810 29 152 181 -0.679558 29
9811 55 86 141 -0.219858 25
9812 55 98 153 -0.281046 30
9813 66 77 143 -0.0769231 29
9814 164 11 175 0.874286 27
9815 132 25 157 0.681529 29
9816 72 71 143 0.00699301 31
9817 95 71 166 0.144578 32
9818 95 15 110 0.727273 27
9819 36 112 148 -0.513514 32
9820 49 85 134 -0.268657 30
9821 37 123 160 -0.5375 33
9822 46 94 140 -0.342857 30
9823 133 4 137 0.941606 23
9824 83 70 153 0.0849673 33
9825 85 29 114 0.491228 31
9826 89 82 171 0.0409357 33
9827 149 19 168 0.77381 31
9828 140 30 170 0.647059 29
9829 90 47 137 0.313869 25
9830 91 44 135 0.348148 24
9831 158 24 182 0.736264 31
9832 87 65 152 0.144737 35
9833 5 121 126 -0.920635 23
9834 54 71 125 -0.136 25
9835 124 38 162 0.530864 27
9836 34 90 124 -0.451613 24
9837 73 53 126 0.15873 27
9838 32 125 157 -0.592357 34
9839 90 73 163 0.104294 31
9840 140 22 162 0.728395 31
9841 38 94 132 -0.424242 34
9842 186 18 204 0.823529 27
9843 82 53 135 0.214815 27
9844 76 64 140 0.0857143 31
9845 71 81 152 -0.0657895 24
9846 90 31 121 0.487603 24
9847 69 75 144 -0.0416667 35
9848 114 62 176 0.295455 31
9849 20 120 140 -0.714286 29
9850 120 40 160 0.5 28
9851 207 22 229 0.80786 20
9852 94 57 151 0.245033 32
9853 72 81 153 -0.0588235 35
9854 27 142 169 -0.680473 34
9855 9 133 142 -0.873239 25
9856 39 134 173 -0.549133 32
9857 48 55 103 -0.0679612 27
9858 20 126 146 -0.726027 30
9859 46 78 124 -0.258065 34
9860 155 33 188 0.648936 33
9861 149 35 184 0.619565 28
9862 99 26 125 0.584 32
9863 22 170 192 -0.770833 31
9864 157 3 160 0.9625 17
9865 155 22 177 0.751412 32
9866 76 77 153 -0.00653595 29
9867 65 60 125 0.04 32
9868 101 25 126 0.603175 31
9869 127 7 134 0.895522 24
9870 104 7 111 0.873874 25
9871 10 175 185 -0.891892 21
9872 113 56 169 0.337278 32
9873 27 144 171 -0.684211 30
9874 44 93 137 -0.357664 32
9875 123 26 149 0.651007 30
9876 12 142 154 -0.844156 26
9877 227 3 230 0.973913 20
9878 107 69 176 0.215909 35
9879 135 21 156 0.730769 28
9880 28 98 126 -0.555556 24
9881 52 99 151 -0.311258 31
9882 55 76 131 -0.160305 27
9883 87 35 122 0.42623 32
9884 102 48 150 0.36 33
9885 137 21 158 0.734177 30
9886 144 18 162 0.777778 30
9887 96 56 152 0.263158 35
9888 87 73 160 0.0875 31
9889 22 41 63 -0.301587 21
9890 19 114 133 -0.714286 30
9891 71 57 128 0.109375 26
9892 110 16 126 0.746032 25
9893 43 117 160 -0.4625 33
9894 64 83 147 -0.129252 31
9895 63 94 157 -0.197452 35
9896 21 134 155 -0.729032 24
9897 69 56 125 0.104 29
9898 75 94 169 -0.112426 32
9899 50 60 110 -0.0909091 21
9900 33 46 79 -0.164557 29
9901 84 52 136 0.235294 31
9902 139 13 152 0.828947 26
9903 27 139 166 -0.674699 28
9904 127 16 143 0.776224 28
9905 26 104 130 -0.6 29
9906 93 28 121 0.53719 31
9907 99 43 142 0.394366 33
9908 94 42 136 0.382353 25
9909 91 50 141 0.29078 28
9910 25 117 142 -0.647887 31
9911 159 31 190 0.673684 26
9912 87 23 110 0.581818 26
9913 36 151 187 -0.614973 34
9914 186 13 199 0.869347 22
9915 141 18 159 0.773585 31
9916 78 74 152 0.0263158 35
9917 120 30 150 0.6 28
9918 123 26 149 0.651007 27
9919 104 40 144 0.444444 28
9920 78 60 138 0.130435 34
9921 67 46 113 0.185841 32
9922 41 113 154 -0.467532 30
9923 84 66 150 0.12 30
9924 103 46 149 0.38255 31
9925 52 72 124 -0.16129 27
9926 38 73 111 -0.315315 29
9927 113 19 132 0.712121 32
9928 81 37 118 0.372881 32
9929 132 37 169 0.56213 26
9930 82 65 147 0.115646 29
9931 145 31 176 0.647727 30
9932 9 127 136 -0.867647 25
9933 21 124 145 -0.710345 31
9934 70 70 140 0 36
9935 5 142 147 -0.931973 17
9936 163 21 184 0.771739 28
9937 81 66 147 0.102041 35
9938 47 90 137 -0.313869 32
9939 43 87 130 -0.338462 32
9940 190 22 212 0.792453 28
9941 133 19 152 0.75 25
9942 78 73 151 0.0331126 27
9943 33 105 138 -0.521739 26
9944 25 112 137 -0.635036 26
9945 84 99 183 -0.0819672 33
9946 134 38 172 0.55814 28
9947 71 85 156 -0.0897436 32
9948 100 47 147 0.360544 33
9949 111 19 130 0.707692 26
9950 34 132 166 -0.590361 34
9951 49 58 107 -0.0841121 33
9952 127 26 153 0.660131 28
9953 16 200 216 -0.851852 21
9954 108 48 156 0.384615 33
9955 38 113 151 -0.496689 32
9956 33 114 147 -0.55102 28
9957 63 62 125 0.008 33
9958 33 97 130 -0.492308 27
9959 29 113 142 -0.591549 28
9960 110 44 154 0.428571 34
9961 38 133 171 -0.555556 27
9962 37 47 84 -0.119048 29
9963 132 31 163 0.619632 33
9964 40 96 136 -0.411765 28
9965 109 23 132 0.651515 31
9966 65 52 117 0.111111 27
9967 59 46 105 0.12381 35
9968 26 139 165 -0.684848 29
9969 9 229 238 -0.92437 18
9970 41 88 129 -0.364341 29
9971 47 78 125 -0.248 35
9972 126 42 168 0.5 28
9973 36 91 127 -0.433071 28
9974 17 107 124 -0.725806 29
9975 52 95 147 -0.292517 30
9976 62 61 123 0.00813008 27
9977 143 32 175 0.634286 23
9978 46 70 116 -0.206897 32
9979 86 58 144 0.194444 33
9980 89 47 136 0.308824 33
9981 20 118 138 -0.710145 26
9982 13 153 166 -0.843373 26
9983 97 66 163 0.190184 31
9984 113 31 144 0.569444 28
9985 39 130 169 -0.538462 31
9986 110 10 120 0.833333 26
9987 40 66 106 -0.245283 27
9988 126 28 154 0.636364 21
9989 132 9 141 0.87234 24
9990 87 49 136 0.279412 33
9991 127 38 165 0.539394 28
9992 114 43 157 0.452229 30
9993 53 33 86 0.232558 31
9994 109 49 158 0.379747 33
9995 76 90 166 -0.0843373 31
9996 55 65 120 -0.0833333 28
9997 34 104 138 -0.507246 34
9998 101 31 132 0.530303 26
9999 76 91 167 -0.0898204 31
10000 190 5 195 0.948718 22
10001 72 52 124 0.16129 33
10002 171 13 184 0.858696 27
10003 106 68 174 0.218391 32
10004 116 39 155 0.496774 31
10005 75 42 117 0.282051 25
10006 86 69 155 0.109677 36
10007 10 86 96 -0.791667 22
10008 84 45 129 0.302326 34
10009 197 16 213 0.849765 21
10010 85 48 133 0.278195 28
10011 92 53 145 0.268966 29
10012 107 34 141 0.51773 33
10013 33 101 134 -0.507463 31
10014 22 148 170 -0.741176 26
10015 91 60 151 0.205298 28
10016 12 95 107 -0.775701 25
10017 35 77 112 -0.375 29
10018 61 65 126 -0.031746 26
10019 75 94 169 -0.112426 31
10020 77 40 117 0.316239 31
10021 106 91 197 0.0761421 31
10022 149 23 172 0.732558 29
10023 75 50 125 0.2 33
10024 43 78 121 -0.289256 26
10025 9 129 138 -0.869565 26
10026 59 46 105 0.12381 25
10027 5 194 199 -0.949749 22
10028 34 161 195 -0.651282 33
10029 96 66 162 0.185185 36
10030 28 89 117 -0.521368 27
10031 102 30 132 0.545455 27
10032 41 91 132 -0.378788 31
10033 106 74 180 0.177778 30
10034 24 126 150 -0.68 29
10035 50 49 99 0.010101 30
10036 11 144 155 -0.858065 26
10037 83 58 141 0.177305 28
10038 105 4 109 0.926606 22
10039 26 145 171 -0.695906 24
10040 29 144 173 -0.66474 28
10041 103 59 162 0.271605 31
10042 88 69 157 0.121019 27
10043 57 79 136 -0.161765 25
10044 76 46 122 0.245902 30
10045 127 10 137 0.854015 25
10046 69 95 164 -0.158537 33
10047 127 28 155 0.63871 33
10048 82 54 136 0.205882 29
10049 32 86 118 -0.457627 27
10050 9 172 181 -0.900552 27
10051 35 98 133 -0.473684 31
10052 174 2 176 0.977273 21
10053 36 85 121 -0.404959 33
10054 27 122 149 -0.637584 24
10055 86 90 176 -0.0227273 34
10056 10 191 201 -0.900498 25
10057 141 14 155 0.819355 27
10058 95 3 98 0.938776 11
10059 84 55 139 0.208633 32
10060 51 103 154 -0.337662 32
10061 137 22 159 0.72327 28
10062 36 125 161 -0.552795 33
10063 27 93 120 -0.55 27
10064 36 110 146 -0.506849 33
10065 36 114 150 -0.52 32
10066 16 133 149 -0.785235 29
10067 54 85 139 -0.223022 30
10068 44 136 180 -0.511111 28
10069 39 110 149 -0.47651 29
10070 72 99 171 -0.157895 36
10071 34 93 127 -0.464567 30
10072 40 59 99 -0.191919 32
10073 97 72 169 0.147929 31
10074 132 21 153 0.72549 28
10075 16 29 45 -0.288889 24
10076 31 107 138 -0.550725 33
10077 98 61 159 0.232704 32
10078 18 106 124 -0.709677 26
10079 56 139 195 -0.425641 35
10080 143 35 178 0.606742 32
10081 38 82 120 -0.366667 28
10082 32 140 172 -0.627907 32
10083 114 30 144 0.583333 28
10084 41 91 132 -0.378788 33
10085 63 62 125 0.008 33
10086 121 54 175 0.382857 33
10087 34 67 101 -0.326733 29
10088 83 29 112 0.482143 28
10089 63 90 153 -0.176471 31
10090 6 114 120 -0.9 21
10091 29 166 195 -0.702564 24
10092 10 147 157 -0.872611 27
10093 116 12 128 0.8125 23
10094 92 34 126 0.460317 28
10095 33 145 178 -0.629213 34
10096 105 46 151 0.390728 33
10097 20 140 160 -0.75 28
10098 26 143 169 -0.692308 30
10099 120 4 124 0.935484 20
10100 14 147 161 -0.826087 28
10101 158 15 173 0.82659 25
10102 146 29 175 0.668571 26
10103 83 69 152 0.0921053 28
10104 78 75 153 0.0196078 36
10105 84 88 172 -0.0232558 36
10106 133 15 148 0.797297 29
10107 88 63 151 0.165563 36
10108 60 100 160 -0.25 36
10109 31 110 141 -0.560284 31
10110 33 112 145 -0.544828 29
10111 41 129 170 -0.517647 29
10112 156 33 189 0.650794 27
10113 17 138 155 -0.780645 29
10114 132 11 143 0.846154 27
10115 17 157 174 -0.804598 32
10116 198 8 206 0.92233 26
10117 58 103 161 -0.279503 32
10118 128 4 132 0.939394 23
10119 43 94 137 -0.372263 29
10120 86 78 164 0.0487805 23
10121 25 122 147 -0.659864 30
10122 219 13 232 0.887931 20
10123 20 155 175 -0.771429 26
10124 83 46 129 0.286822 31
10125 17 98 115 -0.704348 28
10126 20 107 127 -0.685039 20
10127 103 63 166 0.240964 37
10128 153 26 179 0.709497 26
10129 87 80 167 0.0419162 30
10130 80 90 170 -0.0588235 31
10131 68 32 100 0.36 28
10132 41 108 149 -0.449664 33
10133 101 29 130 0.553846 31
10134 59 20 79 0.493671 26
10135 2 144 146 -0.972603 12
10136 173 18 191 0.811518 30
10137 134 18 152 0.763158 26
10138 52 51 103 0.00970874 31
10139 38 147 185 -0.589189 31
10140 8 233 241 -0.93361 23
10141 126 19 145 0.737931 25
10142 105 16 121 0.735537 31
10143 65 90 155 -0.16129 32
10144 44 76 120 -0.266667 25
10145 108 16 124 0.741935 24
10146 40 107 147 -0.455782 24
10147 30 119 149 -0.597315 30
10148 89 52 141 0.262411 27
10149 18 42 60 -0.4 24
10150 9 139 148 -0.878378 24
10151 40 84 124 -0.354839 28
10152 55 90 145 -0.241379 31
10153 10 146 156 -0.871795 28
10154 28 120 148 -0.621622 25
10155 68 132 200 -0.32 33
10156 56 96 152 -0.263158 30
10157 25 116 141 -0.64539 29
10158 66 107 173 -0.236994 32
10159 56 73 129 -0.131783 28
10160 119 31 150 0.586667 29
10161 75 66 141 0.0638298 30
10162 111 36 147 0.510204 32
10163 49 104 153 -0.359477 32
10164 33 106 139 -0.52518 30
10165 104 61 165 0.260606 29
10166 98 40 138 0.42029 29
10167 32 134 166 -0.614458 32
10168 6 151 157 -0.923567 22
10169 172 10 182 0.89011 22
10170 65 90 155 -0.16129 31
10171 51 104 155 -0.341935 30
10172 88 55 143 0.230769 36
10173 85 51 136 0.25 30
10174 112 47 159 0.408805 37
10175 59 56 115 0.026087 26
10176 26 132 158 -0.670886 32
10177 33 103 136 -0.514706 31
10178 53 123 176 -0.397727 29
10179 25 115 140 -0.642857 29
10180 122 28 150 0.626667 32
10181 43 110 153 -0.437908 30
10182 96 37 133 0.443609 30
10183 47 120 167 -0.437126 33
10184 7 122 129 -0.891473 24
10185 153 24 177 0.728814 28
10186 44 101 145 -0.393103 30
10187 173 9 182 0.901099 26
10188 32 138 170 -0.623529 31
10189 135 3 138 0.956522 19
10190 128 28 156 0.641026 21
10191 117 72 189 0.238095 33
10192 20 140 160 -0.75 29
10193 94 44 138 0.362319 32
10194 149 6 155 0.922581 23
10195 48 80 128 -0.25 30
10196 87 66 153 0.137255 33
10197 77 73 150 0.0266667 29
10198 30 111 141 -0.574468 35
10199 31 151 182 -0.659341 29
10200 97 36 133 0.458647 32
10201 89 26 115 0.547826 31
10202 70 90 160 -0.125 30
10203 21 200 221 -0.809955 25
10204 153 23 176 0.738636 32
10205 114 16 130 0.753846 26
10206 79 68 147 0.0748299 33
10207 14 116 130 -0.784615 24
10208 46 1 47 0.957447 13
10209 39 108 147 -0.469388 29
10210 20 146 166 -0.759036 28
10211 17 184 201 -0.830846 23
10212 4 139 143 -0.944056 22
10213 36 105 141 -0.489362 30
10214 84 63 147 0.142857 32
10215 101 33 134 0.507463 27
10216 10 159 169 -0.881657 21
10217 75 107 182 -0.175824 31
10218 216 14 230 0.878261 24
10219 142 20 162 0.753086 30
10220 59 72 131 -0.0992366 27
10221 47 91 138 -0.318841 31
10222 35 160 195 -0.641026 30
10223 105 32 137 0.532847 28
10224 49 116 165 -0.406061 35
10225 110 36 146 0.506849 30
10226 144 23 167 0.724551 30
10227 31 149 180 -0.655556 28
10228 189 10 199 0.899497 25
10229 36 124 160 -0.55 29
10230 115 29 144 0.597222 32
10231 37 125 162 -0.54321 32
10232 125 17 142 0.760563 27
10233 108 62 170 0.270588 35
10234 7 148 155 -0.909677 21
10235 10 143 153 -0.869281 26
10236 118 29 147 0.605442 30
10237 11 58 69 -0.681159 18
10238 37 133 170 -0.564706 32
10239 82 106 188 -0.12766 36
10240 54 62 116 -0.0689655 32
10241 51 81 132 -0.227273 34
10242 51 94 145 -0.296552 33
10243 22 115 137 -0.678832 30
10244 43 48 91 -0.0549451 26
10245 52 99 151 -0.311258 33
10246 63 55 118 0.0677966 33
10247 119 27 146 0.630137 30
10248 144 16 160 0.8 26
10249 60 72 132 -0.0909091 30
10250 106 31 137 0.547445 31
10251 13 106 119 -0.781513 25
10252 32 104 136 -0.529412 33
10253 83 103 186 -0.107527 37
10254 159 34 193 0.647668 31
10255 35 108 143 -0.51049 30
10256 55 79 134 -0.179104 29
10257 27 152 179 -0.698324 24
10258 31 175 206 -0.699029 28
10259 173 18 191 0.811518 26
10260 116 38 154 0.506494 32
10261 45 72 117 -0.230769 27
10262 61 36 97 0.257732 31
10263 122 21 143 0.706294 27
10264 78 51 129 0.209302 29
10265 98 41 139 0.410072 32
10266 94 28 122 0.540984 33
10267 140 35 175 0.6 30
10268 102 26 128 0.59375 31
10269 5 89 94 -0.893617 24
10270 86 13 99 0.737374 27
10271 56 84 140 -0.2 30
10272 28 131 159 -0.647799 30
10273 134 34 168 0.595238 33
10274 41 95 136 -0.397059 28
10275 51 95 146 -0.30137 36
10276 76 77 153 -0.00653595 30
10277 77 85 162 -0.0493827 34
10278 56 90 146 -0.232877 30
10279 80 66 146 0.0958904 26
10280 36 95 131 -0.450382 34
10281 137 35 172 0.593023 33
10282 102 24 126 0.619048 28
10283 47 93 140 -0.328571 29
10284 28 106 134 -0.58209 32
10285 19 153 172 -0.77907 29
10286 54 85 139 -0.223022 31
10287 105 57 162 0.296296 31
10288 6 175 181 -0.933702 15
10289 31 202 233 -0.733906 32
10290 56 84 140 -0.2 25
10291 55 106 161 -0.31677 35
10292 97 24 121 0.603306 29
10293 23 80 103 -0.553398 30
10294 141 5 146 0.931507 23
10295 53 86 139 -0.23741 31
10296 143 15 158 0.810127 26
10297 4 6 10 -0.2 7
10298 103 40 143 0.440559 27
10299 160 19 179 0.787709 31
10300 114 7 121 0.884298 24
10301 17 110 127 -0.732283 27
10302 100 44 144 0.388889 33
10303 53 92 145 -0.268966 29
10304 52 82 134 -0.223881 29
10305 123 41 164 0.5 31
10306 106 67 173 0.225434 32
10307 15 185 200 -0.85 30
10308 11 141 152 -0.855263 28
10309 42 94 136 -0.382353 31
10310 81 61 142 0.140845 28
10311 130 26 156 0.666667 28
10312 48 56 104 -0.0769231 28
10313 125 16 141 0.77305 25
10314 108 37 145 0.489655 32
10315 2 118 120 -0.966667 8
10316 16 133 149 -0.785235 29
10317 9 178 187 -0.903743 24
10318 60 93 153 -0.215686 35
10319 102 55 157 0.299363 31
10320 12 137 149 -0.838926 26
10321 188 12 200 0.88 26
10322 80 32 112 0.428571 28
10323 57 99 156 -0.269231 31
10324 34 123 157 -0.566879 33
10325 73 64 137 0.0656934 31
10326 28 88 116 -0.517241 31
10327 118 34 152 0.552632 32
10328 21 142 163 -0.742331 32
10329 29 105 134 -0.567164 33
10330 126 7 133 0.894737 23
10331 61 141 202 -0.39604 36
10332 185 11 196 0.887755 27
10333 4 156 160 -0.95 15
10334 140 12 152 0.842105 24
10335 52 117 169 -0.384615 30
10336 44 66 110 -0.2 32
10337 26 88 114 -0.54386 26
10338 54 96 150 -0.28 33
10339 35 92 127 -0.448819 31
10340 19 84 103 -0.631068 30
10341 156 15 171 0.824561 27
10342 46 103 149 -0.38255 30
10343 59 124 183 -0.355191 26
10344 164 13 177 0.853107 27
10345 104 24 128 0.625 31
10346 47 98 145 -0.351724 29
10347 24 162 186 -0.741935 34
10348 35 93 128 -0.453125 35
10349 169 10 179 0.888268 26
10350 108 36 144 0.5 31
10351 13 128 141 -0.815603 27
10352 50 103 153 -0.346405 31
10353 111 17 128 0.734375 30
10354 106 58 164 0.292683 35
10355 47 99 146 -0.356164 33
10356 116 31 147 0.578231 32
10357 61 100 161 -0.242236 33
10358 151 15 166 0.819277 26
10359 43 130 173 -0.50289 27
10360 129 32 161 0.602484 32
10361 11 173 184 -0.880435 21
10362 18 117 135 -0.733333 28
10363 35 161 196 -0.642857 29
10364 31 116 147 -0.578231 25
10365 38 142 180 -0.577778 27
10366 112 59 171 0.309942 30
10367 92 39 131 0.40458 30
10368 48 115 163 -0.411043 32
10369 166 13 179 0.854749 25
10370 118 3 121 0.950413 22
10371 22 114 136 -0.676471 31
10372 75 45 120 0.25 23
10373 189 9 198 0.909091 26
10374 63 83 146 -0.136986 33
10375 41 75 116 -0.293103 30
10376 63 68 131 -0.0381679 35
10377 115 61 176 0.306818 33
10378 53 117 170 -0.376471 31
10379 176 19 195 0.805128 29
10380 64 75 139 -0.0791367 31
10381 21 112 133 -0.684211 24
10382 210 5 215 0.953488 17
10383 43 60 103 -0.165049 26
10384 60 58 118 0.0169492 29
10385 54 74 128 -0.15625 29
10386 56 122 178 -0.370787 33
10387 55 82 137 -0.19708 29
10388 106 36 142 0.492958 32
10389 155 43 198 0.565657 32
10390 14 132 146 -0.808219 28
10391 104 42 146 0.424658 31
10392 74 13 87 0.701149 17
10393 8 172 180 -0.911111 25
10394 96 60 156 0.230769 36
10395 6 135 141 -0.914894 22
10396 66 69 135 -0.0222222 36
10397 69 100 169 -0.183432 34
10398 14 103 117 -0.760684 23
10399 11 18 29 -0.241379 14
10400 79 60 139 0.136691 30
10401 61 93 154 -0.207792 31
10402 114 31 145 0.572414 28
10403 167 4 171 0.953216 22
10404 70 62 132 0.0606061 34
10405 7 184 191 -0.926702 24
10406 18 175 193 -0.813472 27
10407 21 121 142 -0.704225 28
10408 29 112 141 -0.588652 30
10409 106 3 109 0.944954 18
10410 59 117 176 -0.329545 28
10411 15 191 206 -0.854369 24
10412 194 15 209 0.856459 22
10413 78 71 149 0.0469799 29
10414 36 119 155 -0.535484 31
10415 12 154 166 -0.855422 23
10416 68 77 145 -0.062069 35
10417 60 84 144 -0.166667 32
10418 100 30 130 0.538462 27
10419 27 140 167 -0.676647 27
10420 80 80 160 0 29
10421 46 102 148 -0.378378 28
10422 69 63 132 0.0454545 29
10423 87 49 136 0.279412 22
10424 96 50 146 0.315068 29
10425 80 32 112 0.428571 27
10426 50 99 149 -0.328859 32
10427 9 158 167 -0.892216 18
10428 69 76 145 -0.0482759 36
10429 39 81 120 -0.35 24
10430 98 50 148 0.324324 35
10431 13 172 185 -0.859459 24
10432 122 34 156 0.564103 31
10433 26 118 144 -0.638889 33
10434 9 99 108 -0.833333 25
10435 19 118 137 -0.722628 28
10436 91 43 134 0.358209 30
10437 83 59 142 0.169014 32
10438 159 14 173 0.83815 28
10439 29 103 132 -0.560606 26
10440 136 12 148 0.837838 25
10441 99 27 126 0.571429 29
10442 112 66 178 0.258427 28
10443 69 90 159 -0.132075 27
10444 70 74 144 -0.0277778 28
10445 27 113 140 -0.614286 29
10446 57 47 104 0.0961538 30
10447 175 22 197 0.77665 25
10448 45 92 137 -0.343066 32
10449 37 109 146 -0.493151 30
10450 31 85 116 -0.465517 34
10451 25 112 137 -0.635036 30
10452 123 18 141 0.744681 26
10453 10 168 178 -0.88764 23
10454 40 89 129 -0.379845 31
10455 99 41 140 0.414286 32
10456 225 14 239 0.882845 18
10457 109 25 134 0.626866 27
10458 144 17 161 0.78882 32
10459 106 33 139 0.52518 30
10460 22 139 161 -0.726708 29
10461 2 174 176 -0.977273 12
10462 9 119 128 -0.859375 26
10463 181 12 193 0.875648 27
10464 53 102 155 -0.316129 31
10465 112 28 140 0.6 28
10466 61 67 128 -0.046875 31
10467 78 34 112 0.392857 32
10468 76 34 110 0.381818 34
10469 52 61 113 -0.079646 33
10470 5 156 161 -0.937888 23
10471 36 102 138 -0.478261 28
10472 219 14 233 0.879828 22
10473 61 65 126 -0.031746 35
10474 153 9 162 0.888889 26
10475 52 82 134 -0.223881 32
10476 74 62 136 0.0882353 32
10477 184 8 192 0.916667 17
10478 137 20 157 0.745223 30
10479 46 82 128 -0.28125 24
10480 33 32 65 0.0153846 27
10481 121 66 187 0.294118 33
10482 40 53 93 -0.139785 29
10483 114 39 153 0.490196 29
10484 28 156 184 -0.695652 28
10485 160 10 170 0.882353 23
10486 66 96 162 -0.185185 32
10487 17 116 133 -0.744361 28
10488 38 143 181 -0.58011 30
10489 130 25 155 0.677419 24
10490 112 55 167 0.341317 30
10491 16 151 167 -0.808383 28
10492 185 18 203 0.82266 26
10493 57 94 151 -0.245033 36
10494 51 100 151 -0.324503 28
10495 6 132 138 -0.913043 23
10496 108 5 113 0.911504 21
10497 42 139 181 -0.535912 29
10498 94 61 155 0.212903 32
10499 12 141 153 -0.843137 27
10500 108 16 124 0.741935 28
10501 17 188 205 -0.834146 22
10502 165 8 173 0.907514 22
10503 30 85 115 -0.478261 30
10504 128 43 171 0.497076 31
10505 208 15 223 0.865471 21
10506 50 57 107 -0.0654206 33
10507 34 92 126 -0.460317 32
10508 146 13 159 0.836478 28
10509 6 121 127 -0.905512 24
10510 7 191 198 -0.929293 23
10511 65 55 120 0.0833333 24
10512 44 97 141 -0.375887 34
10513 15 117 132 -0.772727 29
10514 22 62 84 -0.47619 27
10515 19 96 115 -0.669565 27
10516 69 49 118 0.169492 26
10517 58 98 156 -0.25641 36
10518 52 92 144 -0.277778 29
10519 20 83 103 -0.61165 23
10520 81 63 144 0.125 28
10521 35 130 165 -0.575758 32
10522 4 148 152 -0.947368 20
10523 47 89 136 -0.308824 31
10524 75 97 172 -0.127907 33
10525 43 60 103 -0.165049 30
10526 78 52 130 0.2 30
10527 13 118 131 -0.801527 26
10528 173 35 208 0.663462 32
10529 32 97 129 -0.503876 30
10530 58 58 116 0 27
10531 114 27 141 0.617021 33
10532 7 128 135 -0.896296 25
10533 15 174 189 -0.84127 29
10534 73 47 120 0.216667 31
10535 135 24 159 0.698113 28
10536 52 94 146 -0.287671 32
10537 78 41 119 0.310924 29
10538 104 98 202 0.029703 35
10539 36 100 136 -0.470588 28
10540 164 21 185 0.772973 27
10541 47 73 120 -0.216667 30
10542 172 2 174 0.977011 17
10543 88 56 144 0.222222 32
10544 70 79 149 -0.0604027 32
10545 65 99 164 -0.207317 25
10546 12 159 171 -0.859649 27
10547 76 58 134 0.134328 29
10548 29 93 122 -0.52459 29
10549 56 91 147 -0.238095 32
10550 48 75 123 -0.219512 27
10551 79 52 131 0.206107 32
10552 14 133 147 -0.809524 23
10553 11 161 172 -0.872093 18
10554 71 86 157 -0.0955414 33
10555 158 24 182 0.736264 26
10556 31 135 166 -0.626506 31
10557 104 31 135 0.540741 30
10558 20 117 137 -0.708029 28
10559 41 76 117 -0.299145 35
10560 142 30 172 0.651163 27
10561 30 119 149 -0.597315 29
10562 8 121 129 -0.875969 25
10563 137 24 161 0.701863 27
10564 91 57 148 0.22973 36
10565 78 25 103 0.514563 31
10566 72 73 145 -0.00689655 32
10567 5 123 128 -0.921875 24
10568 20 129 149 -0.731544 28
10569 18 135 153 -0.764706 28
10570 62 74 136 -0.0882353 34
10571 75 28 103 0.456311 28
10572 127 15 142 0.788732 24
10573 46 19 65 0.415385 26
10574 135 25 160 0.6875 33
10575 103 55 158 0.303797 32
10576 60 71 131 -0.0839695 30
10577 16 147 163 -0.803681 27
10578 77 42 119 0.294118 27
10579 41 151 192 -0.572917 31
10580 86 40 126 0.365079 29
10581 112 39 151 0.483444 31
10582 113 57 170 0.329412 34
10583 111 36 147 0.510204 33
10584 76 77 153 -0.00653595 37
10585 23 176 199 -0.768844 27
10586 51 99 150 -0.32 36
10587 82 39 121 0.355372 30
10588 113 45 158 0.43038 28
10589 108 27 135 0.6 33
10590 22 173 195 -0.774359 31
10591 106 20 126 0.68254 30
10592 65 104 169 -0.230769 32
10593 49 113 162 -0.395062 35
10594 7 172 179 -0.921788 23
10595 72 88 160 -0.1 31
10596 42 19 61 0.377049 21
10597 41 97 138 -0.405797 28
10598 25 144 169 -0.704142 30
10599 112 43 155 0.445161 32
10600 25 107 132 -0.621212 27
10601 108 47 155 0.393548 30
10602 81 69 150 0.08 30
10603 13 122 135 -0.807407 26
10604 105 57 162 0.296296 30
10605 120 23 143 0.678322 29
10606 38 69 107 -0.28972 29
10607 60 96 156 -0.230769 28
10608 128 42 170 0.505882 32
10609 72 62 134 0.0746269 28
10610 216 25 241 0.792531 32
10611 44 81 125 -0.296 32
10612 50 77 127 -0.212598 28
10613 97 30 127 0.527559 28
10614 153 14 167 0.832335 29
10615 29 130 159 -0.63522 29
10616 96 28 124 0.548387 31
10617 128 25 153 0.673203 28
10618 15 176 191 -0.842932 28
10619 99 54 153 0.294118 30
10620 6 115 121 -0.900826 23
10621 140 14 154 0.818182 28
10622 62 52 114 0.0877193 31
10623 71 41 112 0.267857 28
10624 75 62 137 0.0948905 25
10625 135 4 139 0.942446 18
10626 68 52 120 0.133333 29
10627 45 96 141 -0.361702 34
10628 102 46 148 0.378378 26
10629 87 71 158 0.101266 33
10630 69 60 129 0.0697674 25
10631 53 85 138 -0.231884 29
10632 51 90 141 -0.276596 33
10633 65 79 144 -0.0972222 31
10634 50 86 136 -0.264706 33
10635 59 70 129 -0.0852713 32
10636 111 2 113 0.964602 18
10637 56 98 154 -0.272727 26
10638 65 45 110 0.181818 28
10639 59 86 145 -0.186207 30
10640 90 37 127 0.417323 26
10641 93 27 120 0.55 26
10642 74 69 143 0.034965 36
10643 5 136 141 -0.929078 22
10644 6 189 195 -0.938462 22
10645 24 140 164 -0.707317 21
10646 26 169 195 -0.733333 31
10647 25 110 135 -0.62963 29
10648 33 142 175 -0.622857 26
10649 13 103 116 -0.775862 24
10650 200 3 203 0.970443 16
10651 34 127 161 -0.57764 32
10652 21 159 180 -0.766667 28
10653 4 198 202 -0.960396 14
10654 23 94 117 -0.606838 30
10655 21 171 192 -0.78125 25
10656 23 147 170 -0.729412 31
10657 213 18 231 0.844156 28
10658 129 51 180 0.433333 35
10659 74 64 138 0.0724638 29
10660 84 32 116 0.448276 31
10661 131 27 158 0.658228 25
10662 123 30 153 0.607843 33
10663 22 140 162 -0.728395 29
10664 147 7 154 0.909091 22
10665 61 89 150 -0.186667 31
10666 23 170 193 -0.761658 25
10667 149 15 164 0.817073 26
10668 64 92 156 -0.179487 33
10669 106 26 132 0.606061 29
10670 28 150 178 -0.685393 27
10671 63 101 164 -0.231707 34
10672 117 12 129 0.813953 28
10673 126 37 163 0.546012 26
10674 65 61 126 0.031746 28
10675 67 95 162 -0.17284 33
10676 19 120 139 -0.726619 30
10677 8 139 147 -0.891156 23
10678 50 15 65 0.538462 24
10679 44 98 142 -0.380282 30
10680 93 31 124 0.5 26
10681 117 28 145 0.613793 28
10682 20 73 93 -0.569892 25
10683 78 45 123 0.268293 32
10684 66 56 122 0.0819672 33
10685 33 123 156 -0.576923 33
10686 15 127 142 -0.788732 26
10687 12 186 198 -0.878788 25
10688 166 17 183 0.814208 31
10689 92 68 160 0.15 31
10690 105 58 163 0.288344 29
10691 23 156 179 -0.743017 29
10692 133 21 154 0.727273 29
10693 174 11 185 0.881081 24
10694 83 73 156 0.0641026 32
10695 40 89 129 -0.379845 28
10696 14 125 139 -0.798561 28
10697 147 10 157 0.872611 27
10698 55 65 120 -0.0833333 35
10699 47 76 123 -0.235772 31
10700 75 41 116 0.293103 28
10701 16 178 194 -0.835052 26
10702 72 50 122 0.180328 26
10703 89 58 147 0.210884 33
10704 31 128 159 -0.610063 31
10705 154 13 167 0.844311 23
10706 75 79 154 -0.025974 28
10707 23 75 98 -0.530612 28
10708 24 105 129 -0.627907 25
10709 138 71 209 0.320574 32
10710 39 146 185 -0.578378 29
10711 33 107 140 -0.528571 32
10712 121 62 183 0.322404 35
10713 25 151 176 -0.715909 32
10714 33 137 170 -0.611765 26
10715 66 111 177 -0.254237 35
10716 159 16 175 0.817143 23
10717 86 47 133 0.293233 30
10718 99 68 167 0.185629 34
10719 42 86 128 -0.34375 33
10720 33 132 165 -0.6 31
10721 70 67 137 0.0218978 29
10722 15 131 146 -0.794521 26
10723 105 34 139 0.510791 32
10724 95 48 143 0.328671 34
10725 185 15 200 0.85 25
10726 105 15 120 0.75 28
10727 72 81 153 -0.0588235 36
10728 51 103 154 -0.337662 29
10729 37 116 153 -0.51634 32
10730 16 106 122 -0.737705 29
10731 37 111 148 -0.5 32
10732 11 133 144 -0.847222 26
10733 64 89 153 -0.163399 28
10734 113 49 162 0.395062 33
10735 36 108 144 -0.5 30
10736 151 6 157 0.923567 22
10737 64 72 136 -0.0588235 26
10738 126 20 146 0.726027 29
10739 4 205 209 -0.961722 19
10740 105 76 181 0.160221 31
10741 14 198 212 -0.867925 23
10742 149 18 167 0.784431 25
10743 118 32 150 0.573333 25
10744 38 148 186 -0.591398 31
10745 14 180 194 -0.85567 23
10746 30 127 157 -0.617834 29
10747 135 55 190 0.421053 32
10748 53 93 146 -0.273973 31
10749 40 90 130 -0.384615 32
10750 35 64 99 -0.292929 35
10751 93 32 125 0.488 28
10752 144 9 153 0.882353 27
10753 50 88 138 -0.275362 31
10754 24 134 158 -0.696203 27
10755 43 121 164 -0.47561 33
10756 127 67 194 0.309278 24
10757 10 148 158 -0.873418 25
10758 223 4 227 0.964758 20
10759 84 49 133 0.263158 30
10760 126 13 139 0.81295 24
10761 43 86 129 -0.333333 32
10762 53 87 140 -0.242857 29
10763 142 10 152 0.868421 24
10764 115 34 149 0.543624 31
10765 42 35 77 0.0909091 31
10766 50 28 78 0.282051 19
10767 65 69 134 -0.0298507 31
10768 10 159 169 -0.881657 25
10769 143 29 172 0.662791 27
10770 81 51 132 0.227273 35
10771 7 144 151 -0.907285 25
10772 120 19 139 0.726619 29
10773 83 73 156 0.0641026 32
10774 145 25 170 0.705882 28
10775 16 112 128 -0.75 30
10776 133 24 157 0.694268 31
10777 137 26 163 0.680982 31
10778 95 42 137 0.386861 30
10779 99 21 120 0.65 27
10780 36 108 144 -0.5 32
10781 47 80 127 -0.259843 31
10782 97 62 159 0.220126 31
10783 155 20 175 0.771429 29
10784 67 112 179 -0.251397 31
10785 21 46 67 -0.373134 24
10786 52 121 173 -0.398844 34
10787 54 59 113 -0.0442478 33
10788 99 74 173 0.144509 34
10789 123 45 168 0.464286 33
10790 63 63 126 0 30
10791 129 43 172 0.5 22
10792 12 148 160 -0.85 27
10793 52 117 169 -0.384615 33
10794 10 158 168 -0.880952 26
10795 71 65 136 0.0441176 34
10796 52 108 160 -0.35 29
10797 67 73 140 -0.0428571 35
10798 89 61 150 0.186667 34
10799 14 124 138 -0.797101 25
10800 103 24 127 0.622047 28
10801 29 91 120 -0.516667 27
10802 62 101 163 -0.239264 30
10803 28 131 159 -0.647799 29
10804 36 66 102 -0.294118 30
10805 150 19 169 0.775148 28
10806 24 109 133 -0.639098 25
10807 41 128 169 -0.514793 31
10808 17 75 92 -0.630435 26
10809 55 98 153 -0.281046 29
10810 78 44 122 0.278689 35
10811 92 50 142 0.295775 34
10812 19 106 125 -0.696 29
10813 96 64 160 0.2 34
10814 57 77 134 -0.149254 31
10815 29 137 166 -0.650602 27
10816 96 21 117 0.641026 31
10817 110 19 129 0.705426 26
10818 44 105 149 -0.409396 30
10819 32 141 173 -0.630058 31
10820 132 25 157 0.681529 32
10821 110 29 139 0.582734 30
10822 44 83 127 -0.307087 26
10823 57 91 148 -0.22973 32
10824 132 11 143 0.846154 20
10825 31 89 120 -0.483333 28
10826 25 126 151 -0.668874 31
10827 46 82 128 -0.28125 31
10828 115 49 164 0.402439 33
10829 38 155 193 -0.606218 28
10830 96 74 170 0.129412 34
10831 102 18 120 0.7 25
10832 62 74 136 -0.0882353 32
10833 97 25 122 0.590164 26
10834 102 81 183 0.114754 35
10835 7 88 95 -0.852632 22
10836 158 58 216 0.462963 36
10837 81 73 154 0.0519481 33
10838 111 36 147 0.510204 32
10839 76 69 145 0.0482759 32
10840 82 77 159 0.0314465 36
10841 55 81 136 -0.191176 32
10842 35 95 130 -0.461538 28
10843 107 28 135 0.585185 25
10844 32 96 128 -0.5 26
10845 88 56 144 0.222222 36
10846 51 74 125 -0.184 29
10847 26 133 159 -0.672956 31
10848 106 31 137 0.547445 28
10849 40 114 154 -0.480519 28
10850 173 34 207 0.671498 26
10851 72 56 128 0.125 27
10852 74 68 142 0.0422535 32
10853 112 6 118 0.898305 23
10854 50 54 104 -0.0384615 34
10855 9 144 153 -0.882353 22
10856 96 24 120 0.6 31
10857 7 168 175 -0.92 25
10858 79 54 133 0.18797 28
10859 42 98 140 -0.4 30
10860 160 5 165 0.939394 24
10861 69 60 129 0.0697674 33
10862 95 53 148 0.283784 35
10863 71 82 153 -0.0718954 33
10864 91 62 153 0.189542 32
10865 96 13 109 0.761468 25
10866 90 89 179 0.00558659 31
10867 119 39 158 0.506329 33
10868 57 75 132 -0.136364 23
10869 27 99 126 -0.571429 30
10870 74 61 135 0.0962963 27
10871 145 11 156 0.858974 25
10872 26 146 172 -0.697674 27
10873 42 96 138 -0.391304 30
10874 15 99 114 -0.736842 26
10875 122 46 168 0.452381 24
10876 10 123 133 -0.849624 26
10877 70 75 145 -0.0344828 28
10878 83 79 162 0.0246914 34
10879 13 104 117 -0.777778 27
10880 84 42 126 0.333333 28
10881 172 16 188 0.829787 27
10882 102 29 131 0.557252 26
10883 26 101 127 -0.590551 27
10884 107 47 154 0.38961 34
10885 89 48 137 0.29927 25
10886 136 26 162 0.679012 29
10887 116 43 159 0.459119 26
10888 72 66 138 0.0434783 34
10889 17 133 150 -0.773333 24
10890 128 7 135 0.896296 25
10891 116 38 154 0.506494 30
10892 7 158 165 -0.915152 26
10893 86 12 98 0.755102 28
10894 135 28 163 0.656442 30
10895 62 91 153 -0.189542 31
10896 152 8 160 0.9 23
10897 210 9 219 0.917808 26
10898 4 179 183 -0.956284 23
10899 62 79 141 -0.120567 31
10900 59 86 145 -0.186207 34
10901 37 140 177 -0.581921 31
10902 183 8 191 0.91623 21
10903 59 70 129 -0.0852713 24
10904 6 88 94 -0.87234 22
10905 52 111 163 -0.361963 24
10906 69 106 175 -0.211429 35
10907 150 15 165 0.818182 28
10908 107 6 113 0.893805 24
10909 30 143 173 -0.653179 29
10910 154 13 167 0.844311 24
10911 75 50 125 0.2 35
10912 15 166 181 -0.834254 28
10913 113 18 131 0.725191 27
10914 43 95 138 -0.376812 33
10915 66 70 136 -0.0294118 28
10916 69 58 127 0.0866142 30
10917 145 14 159 0.823899 29
10918 116 25 141 0.64539 32
10919 60 84 144 -0.166667 29
10920 11 126 137 -0.839416 26
10921 28 17 45 0.244444 25
10922 12 190 202 -0.881188 27
10923 62 93 155 -0.2 29
10924 98 71 169 0.159763 34
10925 55 94 149 -0.261745 33
10926 36 144 180 -0.6 27
10927 58 69 127 -0.0866142 34
10928 140 12 152 0.842105 26
10929 54 75 129 -0.162791 33
10930 46 119 165 -0.442424 29
10931 26 107 133 -0.609023 30
10932 13 136 149 -0.825503 25
10933 105 70 175 0.2 36
10934 76 71 147 0.0340136 31
10935 122 29 151 0.615894 33
10936 65 47 112 0.160714 29
10937 23 125 148 -0.689189 28
10938 95 30 125 0.52 27
10939 63 93 156 -0.192308 32
10940 112 67 179 0.251397 31
10941 13 114 127 -0.795276 30
10942 132 41 173 0.526012 36
10943 54 108 162 -0.333333 33
10944 32 118 150 -0.573333 31
10945 85 71 156 0.0897436 29
10946 84 16 100 0.68 26
10947 105 49 154 0.363636 33
10948 13 141 154 -0.831169 29
10949 128 54 182 0.406593 33
10950 99 12 111 0.783784 24
10951 28 132 160 -0.65 31
10952 73 61 134 0.0895522 33
10953 21 153 174 -0.758621 29
10954 43 82 125 -0.312 32
10955 140 24 164 0.707317 29
10956 110 47 157 0.401274 32
10957 89 46 135 0.318519 30
10958 44 73 117 -0.247863 29
10959 54 69 123 -0.121951 29
10960 105 46 151 0.390728 31
10961 183 8 191 0.91623 23
10962 30 108 138 -0.565217 30
10963 19 169 188 -0.797872 25
10964 74 67 141 0.0496454 34
10965 130 37 167 0.556886 29
10966 8 141 149 -0.892617 26
10967 93 58 151 0.231788 35
10968 119 50 169 0.408284 30
10969 97 63 160 0.2125 30
10970 86 58 144 0.194444 35
10971 52 125 177 -0.412429 34
10972 29 90 119 -0.512605 31
10973 13 138 151 -0.827815 26
10974 73 76 149 -0.0201342 36
10975 70 81 151 -0.0728477 34
10976 15 126 141 -0.787234 26
10977 106 14 120 0.766667 28
10978 37 100 137 -0.459854 31
10979 58 42 100 0.16 28
10980 55 72 127 -0.133858 33
10981 36 118 154 -0.532468 28
10982 61 84 145 -0.158621 36
10983 178 7 185 0.924324 21
10984 56 51 107 0.046729 27
10985 92 31 123 0.495935 27
10986 47 77 124 -0.241935 29
10987 47 51 98 -0.0408163 29
10988 42 86 128 -0.34375 28
10989 122 11 133 0.834586 24
10990 47 63 110 -0.145455 33
10991 164 6 170 0.929412 23
10992 13 144 157 -0.834395 22
10993 106 43 149 0.422819 29
10994 132 16 148 0.783784 29
10995 156 31 187 0.668449 28
10996 137 11 148 0.851351 26
10997 126 6 132 0.909091 24
10998 41 114 155 -0.470968 30
10999 59 78 137 -0.138686 22
11000 63 90 153 -0.176471 32
11001 70 65 135 0.037037 31
11002 30 109 139 -0.568345 28
11003 124 43 167 0.48503 29
11004 4 204 208 -0.961538 18
11005 138 17 155 0.780645 26
11006 120 24 144 0.666667 28
11007 18 100 118 -0.694915 32
11008 173 6 179 0.932961 25
11009 177 20 197 0.796954 28
11010 13 150 163 -0.840491 29
11011 31 95 126 -0.507937 27
11012 135 21 156 0.730769 30
11013 130 15 145 0.793103 28
11014 54 82 136 -0.205882 36
11015 107 29 136 0.573529 26
11016 138 41 179 0.541899 30
11017 71 66 137 0.0364964 34
11018 32 103 135 -0.525926 27
11019 113 47 160 0.4125 30
11020 27 127 154 -0.649351 29
11021 105 22 127 0.653543 28
11022 9 218 227 -0.920705 24
11023 70 45 115 0.217391 31
11024 50 109 159 -0.371069 31
11025 80 46 126 0.269841 25
11026 31 143 174 -0.643678 32
11027 27 157 184 -0.706522 31
11028 20 175 195 -0.794872 28
11029 65 97 162 -0.197531 30
11030 48 126 174 -0.448276 34
11031 9 177 186 -0.903226 22
11032 98 25 123 0.593496 32
11033 161 18 179 0.798883 29
11034 99 15 114 0.736842 28
11035 69 40 109 0.266055 29
11036 18 152 170 -0.788235 29
11037 102 54 156 0.307692 26
11038 46 94 140 -0.342857 34
11039 38 167 205 -0.629268 28
11040 61 83 144 -0.152778 29
11041 7 134 141 -0.900709 25
11042 49 63 112 -0.125 29
11043 81 37 118 0.372881 32
11044 52 75 127 -0.181102 34
11045 72 61 133 0.0827068 31
11046 159 24 183 0.737705 30
11047 4 120 124 -0.935484 18
11048 134 23 157 0.707006 29
11049 43 98 141 -0.390071 28
11050 123 40 163 0.509202 31
11051 102 70 172 0.186047 29
11052 40 90 130 -0.384615 26
11053 113 19 132 0.712121 31
11054 152 19 171 0.777778 31
11055 83 68 151 0.0993377 26
11056 126 48 174 0.448276 31
11057 140 21 161 0.73913 29
11058 10 199 209 -0.904306 24
11059 77 64 141 0.0921986 29
11060 24 159 183 -0.737705 28
11061 89 64 153 0.163399 33
11062 184 15 199 0.849246 27
11063 18 104 122 -0.704918 28
11064 87 19 106 0.641509 27
11065 122 63 185 0.318919 31
11066 27 96 123 -0.560976 31
11067 87 62 149 0.167785 31
11068 71 98 169 -0.159763 29
11069 67 63 130 0.0307692 33
11070 15 109 124 -0.758065 27
11071 9 179 188 -0.904255 21
11072 123 27 150 0.64 32
11073 99 56 155 0.277419 24
11074 25 112 137 -0.635036 33
11075 21 95 116 -0.637931 28
11076 0 8 8 -1 6
11077 102 42 144 0.416667 33
11078 63 60 123 0.0243902 30
11079 8 151 159 -0.899371 24
11080 14 63 77 -0.636364 25
11081 119 15 134 0.776119 25
11082 157 14 171 0.836257 23
11083 31 89 120 -0.483333 24
11084 39 87 126 -0.380952 31
11085 76 110 186 -0.182796 31
11086 46 134 180 -0.488889 36
11087 72 113 185 -0.221622 35
11088 154 28 182 0.692308 31
11089 28 122 150 -0.626667 24
11090 151 4 155 0.948387 18
11091 106 45 151 0.403974 36
11092 39 67 106 -0.264151 30
11093 109 28 137 0.591241 30
11094 37 53 90 -0.177778 31
11095 92 60 152 0.210526 33
11096 99 55 154 0.285714 26
11097 33 81 114 -0.421053 29
11098 104 45 149 0.395973 31
11099 62 65 127 -0.023622 30
11100 70 71 141 -0.0070922 34
11101 84 87 171 -0.0175439 34
11102 189 4 193 0.958549 21
11103 39 100 139 -0.438849 32
11104 165 12 177 0.864407 28
11105 84 49 133 0.263158 28
11106 113 19 132 0.712121 29
11107 73 71 144 0.0138889 35
11108 144 19 163 0.766871 30
11109 21 137 158 -0.734177 29
11110 98 63 161 0.217391 31
11111 124 40 164 0.512195 27
11112 93 46 139 0.338129 29
11113 41 145 186 -0.55914 33
11114 61 54 115 0.0608696 29
11115 77 44 121 0.272727 33
11116 131 19 150 0.746667 25
11117 115 59 174 0.321839 34
11118 98 17 115 0.704348 24
11119 141 12 153 0.843137 27
11120 124 21 145 0.710345 26
11121 48 100 148 -0.351351 33
11122 31 121 152 -0.592105 31
11123 101 21 122 0.655738 27
11124 87 74 161 0.0807453 29
11125 127 1 128 0.984375 17
11126 120 26 146 0.643836 28
11127 42 62 104 -0.192308 30
11128 21 129 150 -0.72 29
11129 169 19 188 0.797872 22
11130 10 144 154 -0.87013 27
11131 109 43 152 0.434211 28
11132 63 88 151 -0.165563 28
11133 117 24 141 0.659574 30
11134 49 95 144 -0.319444 35
11135 113 50 163 0.386503 24
11136 47 97 144 -0.347222 29
11137 15 195 210 -0.857143 23
11138 70 72 142 -0.0140845 36
11139 89 46 135 0.318519 31
11140 58 105 163 -0.288344 33
11141 86 33 119 0.445378 28
11142 73 74 147 -0.00680272 33
11143 25 107 132 -0.621212 28
11144 74 59 133 0.112782 33
11145 30 165 195 -0.692308 29
11146 58 88 146 -0.205479 30
11147 30 53 83 -0.277108 29
11148 45 91 136 -0.338235 29
11149 26 92 118 -0.559322 29
11150 64 70 134 -0.0447761 33
11151 109 10 119 0.831933 26
11152 34 99 133 -0.488722 29
11153 51 118 169 -0.39645 28
11154 135 34 169 0.597633 30
11155 90 77 167 0.0778443 32
11156 17 178 195 -0.825641 29
11157 109 12 121 0.801653 25
11158 72 71 143 0.00699301 30
11159 56 87 143 -0.216783 31
11160 119 10 129 0.844961 26
11161 43 56 99 -0.131313 28
11162 152 9 161 0.888199 25
11163 106 43 149 0.422819 35
11164 91 56 147 0.238095 29
11165 120 28 148 0.621622 30
11166 14 115 129 -0.782946 29
11167 132 17 149 0.771812 29
11168 106 43 149 0.422819 35
11169 92 96 188 -0.0212766 32
11170 143 22 165 0.733333 27
11171 59 97 156 -0.24359 28
11172 210 6 216 0.944444 24
11173 81 22 103 0.572816 32
11174 6 177 183 -0.934426 15
11175 33 135 168 -0.607143 33
11176 28 68 96 -0.416667 26
11177 100 46 146 0.369863 32
11178 74 79 153 -0.0326797 32
11179 44 96 140 -0.371429 29
11180 207 2 209 0.980861 17
11181 49 141 190 -0.484211 30
11182 171 24 195 0.753846 25
11183 25 91 116 -0.568966 25
11184 149 13 162 0.839506 28
11185 38 81 119 -0.361345 31
11186 49 102 151 -0.350993 29
11187 79 58 137 0.153285 29
11188 138 29 167 0.652695 31
11189 93 74 167 0.113772 34
11190 125 12 137 0.824818 27
11191 52 76 128 -0.1875 26
11192 159 35 194 0.639175 32
11193 69 83 152 -0.0921053 34
11194 18 122 140 -0.742857 27
11195 98 9 107 0.831776 25
11196 111 12 123 0.804878 28
11197 67 54 121 0.107438 32
11198 45 121 166 -0.457831 31
11199 13 134 147 -0.823129 22
11200 78 21 99 0.575758 22
11201 117 34 151 0.549669 29
11202 2 159 161 -0.975155 21
11203 39 117 156 -0.5 33
11204 172 14 186 0.849462 20
11205 13 157 170 -0.847059 28
11206 94 49 143 0.314685 27
11207 2 28 30 -0.866667 16
11208 36 148 184 -0.608696 28
11209 34 99 133 -0.488722 30
11210 43 107 150 -0.426667 30
11211 139 22 161 0.726708 28
11212 10 110 120 -0.833333 23
11213 113 33 146 0.547945 29
11214 23 145 168 -0.72619 24
11215 36 97 133 -0.458647 31
11216 31 103 134 -0.537313 33
11217 75 57 132 0.136364 34
11218 130 31 161 0.614907 23
11219 25 137 162 -0.691358 27
11220 34 116 150 -0.546667 31
11221 93 50 143 0.300699 32
11222 29 105 134 -0.567164 26
11223 173 12 185 0.87027 18
11224 38 106 144 -0.472222 29
11225 27 131 158 -0.658228 28
11226 166 11 177 0.875706 24
11227 61 79 140 -0.128571 32
11228 51 101 152 -0.328947 25
11229 36 75 111 -0.351351 26
11230 105 24 129 0.627907 28
11231 5 222 227 -0.955947 19
11232 90 22 112 0.607143 25
11233 56 80 136 -0.176471 24
11234 55 12 67 0.641791 22
11235 138 36 174 0.586207 25
11236 79 69 148 0.0675676 30
11237 151 5 156 0.935897 22
11238 28 138 166 -0.662651 30
11239 96 40 136 0.411765 34
11240 104 51 155 0.341935 32
11241 207 7 214 0.934579 20
11242 47 116 163 -0.423313 32
11243 56 81 137 -0.182482 37
11244 116 18 134 0.731343 30
11245 157 8 165 0.90303 21
11246 123 48 171 0.438596 33
11247 166 9 175 0.897143 22
11248 153 15 168 0.821429 26
11249 91 54 145 0.255172 27
11250 37 100 137 -0.459854 26
11251 4 208 212 -0.962264 20
11252 91 45 136 0.338235 34
11253 149 26 175 0.702857 27
11254 187 25 212 0.764151 28
11255 94 45 139 0.352518 29
11256 122 14 136 0.794118 23
11257 125 54 179 0.396648 27
11258 193 20 213 0.812207 26
11259 48 124 172 -0.44186 28
11260 55 68 123 -0.105691 27
11261 49 93 142 -0.309859 32
11262 214 4 218 0.963303 16
11263 136 46 182 0.494505 31
11264 11 149 160 -0.8625 24
11265 64 77 141 -0.0921986 22
11266 35 136 171 -0.590643 31
11267 65 69 134 -0.0298507 27
11268 64 72 136 -0.0588235 31
11269 21 105 126 -0.666667 29
11270 63 87 150 -0.16 31
11271 117 27 144 0.625 24
11272 61 63 124 -0.016129 31
11273 137 28 165 0.660606 32
11274 9 150 159 -0.886792 19
11275 55 52 107 0.0280374 29
11276 24 161 185 -0.740541 33
11277 158 16 174 0.816092 27
11278 8 178 186 -0.913978 21
11279 106 37 143 0.482517 34
11280 137 36 173 0.583815 30
11281 65 94 159 -0.18239 33
11282 35 139 174 -0.597701 31
11283 91 22 113 0.610619 28
11284 35 73 108 -0.351852 28
11285 171 11 182 0.879121 23
11286 93 66 159 0.169811 29
11287 30 115 145 -0.586207 26
11288 12 212 224 -0.892857 22
11289 125 22 147 0.70068 28
11290 137 5 142 0.929577 23
11291 35 79 114 -0.385965 32
11292 94 40 134 0.402985 29
11293 157 4 161 0.950311 21
11294 113 8 121 0.867769 26
11295 63 64 127 -0.00787402 33
11296 164 30 194 0.690722 28
11297 43 104 147 -0.414966 30
11298 33 132 165 -0.6 25
11299 26 92 118 -0.559322 32
11300 42 95 137 -0.386861 29
11301 46 83 129 -0.286822 34
11302 150 16 166 0.807229 28
11303 60 97 157 -0.235669 34
11304 112 29 141 0.588652 24
11305 98 58 156 0.25641 36
11306 162 23 185 0.751351 32
11307 27 134 161 -0.664596 32
11308 82 87 169 -0.0295858 30
11309 45 61 106 -0.150943 24
11310 31 126 157 -0.605096 33
11311 18 144 162 -0.777778 30
11312 18 143 161 -0.776398 27
11313 103 51 154 0.337662 31
11314 60 92 152 -0.210526 30
11315 31 105 136 -0.544118 28
11316 131 28 159 0.647799 29
11317 26 88 114 -0.54386 32
11318 111 30 141 0.574468 34
11319 31 124 155 -0.6 33
11320 108 21 129 0.674419 29
11321 185 15 200 0.85 22
11322 29 103 132 -0.560606 22
11323 155 28 183 0.693989 27
11324 165 21 186 0.774194 22
11325 6 154 160 -0.925 25
11326 31 152 183 -0.661202 32
11327 87 55 142 0.225352 31
11328 103 11 114 0.807018 26
11329 161 11 172 0.872093 22
11330 22 107 129 -0.658915 28
11331 80 15 95 0.684211 25
11332 7 167 174 -0.91954 24
11333 9 142 151 -0.880795 26
11334 77 57 134 0.149254 31
11335 99 17 116 0.706897 25
11336 105 36 141 0.489362 30
11337 3 187 190 -0.968421 18
11338 113 20 133 0.699248 25
11339 115 14 129 0.782946 26
11340 103 73 176 0.170455 31
11341 172 7 179 0.921788 23
11342 76 66 142 0.0704225 32
11343 36 167 203 -0.64532 28
11344 47 125 172 -0.453488 26
11345 121 14 135 0.792593 27
11346 22 123 145 -0.696552 31
11347 39 78 117 -0.333333 31
11348 5 153 158 -0.936709 22
11349 63 80 143 -0.118881 27
11350 29 102 131 -0.557252 28
11351 24 136 160 -0.7 29
11352 80 22 102 0.568627 30
11353 41 91 132 -0.378788 33
11354 55 70 125 -0.12 33
11355 132 36 168 0.571429 33
11356 16 104 120 -0.733333 30
11357 131 40 171 0.532164 34
11358 71 54 125 0.136 28
11359 135 39 174 0.551724 36
11360 16 173 189 -0.830688 27
11361 50 110 160 -0.375 36
11362 122 51 173 0.410405 34
11363 10 141 151 -0.86755 27
11364 158 26 184 0.717391 29
11365 14 145 159 -0.823899 31
11366 129 66 195 0.323077 31
11367 40 124 164 -0.512195 34
11368 35 110 145 -0.517241 28
11369 43 60 103 -0.165049 29
11370 109 28 137 0.591241 31
11371 103 40 143 0.440559 31
11372 7 171 178 -0.921348 21
11373 60 104 164 -0.268293 30
11374 93 60 153 0.215686 30
11375 6 135 141 -0.914894 24
11376 66 110 176 -0.25 32
11377 103 37 140 0.471429 29
11378 51 83 134 -0.238806 33
11379 142 40 182 0.56044 33
11380 6 156 162 -0.925926 24
11381 116 21 137 0.693431 29
11382 189 12 201 0.880597 22
11383 120 41 161 0.490683 29
11384 21 89 110 -0.618182 30
11385 70 85 155 -0.0967742 33
11386 26 129 155 -0.664516 27
11387 163 15 178 0.831461 28
11388 109 29 138 0.57971 30
11389 25 156 181 -0.723757 31
11390 88 47 135 0.303704 28
11391 15 173 188 -0.840426 25
11392 36 93 129 -0.44186 31
11393 26 141 167 -0.688623 30
11394 144 8 152 0.894737 26
11395 47 49 96 -0.0208333 28
11396 97 81 178 0.0898876 31
11397 41 76 117 -0.299145 33
11398 45 86 131 -0.312977 26
11399 61 39 100 0.22 22
11400 10 132 142 -0.859155 28
11401 26 97 123 -0.577236 28
11402 144 15 159 0.811321 27
11403 130 12 142 0.830986 26
11404 76 119 195 -0.220513 31
11405 48 64 112 -0.142857 33
11406 76 31 107 0.420561 28
11407 87 73 160 0.0875 36
11408 107 18 125 0.712 30
11409 63 70 133 -0.0526316 31
11410 73 9 82 0.780488 22
11411 167 13 180 0.855556 29
11412 63 50 113 0.115044 34
11413 99 63 162 0.222222 31
11414 42 111 153 -0.45098 32
11415 147 6 153 0.921569 24
11416 74 76 150 -0.0133333 34
11417 24 120 144 -0.666667 23
11418 49 82 131 -0.251908 27
11419 132 20 152 0.736842 28
11420 41 7 48 0.708333 19
11421 130 48 178 0.460674 27
11422 38 110 148 -0.486486 27
11423 31 110 141 -0.560284 34
11424 20 129 149 -0.731544 25
11425 30 155 185 -0.675676 31
11426 124 17 141 0.758865 31
11427 145 28 173 0.676301 33
11428 143 28 171 0.672515 30
11429 91 66 157 0.159236 34
11430 41 83 124 -0.33871 29
11431 50 113 163 -0.386503 28
11432 34 46 80 -0.15 24
11433 41 75 116 -0.293103 32
11434 17 125 142 -0.760563 26
11435 138 26 164 0.682927 32
11436 19 114 133 -0.714286 30
11437 11 165 176 -0.875 21
11438 27 121 148 -0.635135 32
11439 18 158 176 -0.795455 31
11440 84 55 139 0.208633 33
11441 4 192 196 -0.959184 20
11442 106 35 141 0.503546 34
11443 16 94 110 -0.709091 26
11444 66 36 102 0.294118 24
11445 10 137 147 -0.863946 25
11446 53 96 149 -0.288591 31
11447 60 114 174 -0.310345 35
11448 62 61 123 0.00813008 33
11449 87 68 155 0.122581 34
11450 135 17 152 0.776316 28
11451 9 197 206 -0.912621 21
11452 188 8 196 0.918367 26
11453 76 85 161 -0.0559006 30
11454 62 73 135 -0.0814815 30
11455 135 20 155 0.741935 28
11456 23 118 141 -0.673759 30
11457 131 24 155 0.690323 31
11458 76 79 155 -0.0193548 32
11459 23 150 173 -0.734104 28
11460 86 46 132 0.30303 33
11461 165 5 170 0.941176 19
11462 171 18 189 0.809524 27
11463 61 85 146 -0.164384 32
11464 20 125 145 -0.724138 29
11465 98 54 152 0.289474 33
11466 22 157 179 -0.75419 30
11467 17 108 125 -0.728 28
11468 9 36 45 -0.6 15
11469 72 63 135 0.0666667 27
11470 77 58 135 0.140741 33
11471 73 43 116 0.258621 32
11472 62 84 146 -0.150685 36
11473 94 15 109 0.724771 24
11474 126 32 158 0.594937 31
11475 135 27 162 0.666667 29
11476 142 12 154 0.844156 22
11477 72 62 134 0.0746269 26
11478 9 145 154 -0.883117 27
11479 6 115 121 -0.900826 20
11480 51 57 108 -0.0555556 26
11481 58 140 198 -0.414141 34
11482 8 161 169 -0.905325 24
11483 23 165 188 -0.755319 26
11484 164 16 180 0.822222 26
11485 23 91 114 -0.596491 30
11486 22 116 138 -0.681159 29
11487 108 27 135 0.6 31
11488 109 46 155 0.406452 34
11489 4 162 166 -0.951807 21
11490 30 96 126 -0.52381 33
11491 181 6 187 0.935829 22
11492 171 11 182 0.879121 28
11493 99 59 158 0.253165 34
11494 73 108 181 -0.19337 30
11495 99 21 120 0.65 28
11496 51 80 131 -0.221374 23
11497 162 9 171 0.894737 26
11498 66 51 117 0.128205 30
11499 84 81 165 0.0181818 31
11500 135 29 164 0.646341 28
11501 73 81 154 -0.0519481 30
11502 139 19 158 0.759494 29
11503 78 73 151 0.0331126 28
11504 76 84 160 -0.05 24
11505 161 29 190 0.694737 26
11506 182 23 205 0.77561 31
11507 13 145 158 -0.835443 26
11508 87 69 156 0.115385 31
11509 107 55 162 0.320988 34
11510 75 55 130 0.153846 25
11511 102 54 156 0.307692 27
11512 99 64 163 0.214724 25
11513 116 60 176 0.318182 29
11514 106 31 137 0.547445 30
11515 17 104 121 -0.719008 19
11516 93 73 166 0.120482 34
11517 14 165 179 -0.843575 25
11518 180 13 193 0.865285 23
11519 20 137 157 -0.745223 30
11520 27 100 127 -0.574803 30
11521 44 127 171 -0.48538 35
11522 131 16 147 0.782313 27
11523 127 32 159 0.597484 32
11524 45 69 114 -0.210526 31
11525 47 82 129 -0.271318 30
11526 97 51 148 0.310811 26
11527 118 13 131 0.801527 24
11528 18 116 134 -0.731343 29
11529 108 31 139 0.553957 27
11530 93 46 139 0.338129 31
11531 27 130 157 -0.656051 29
11532 160 10 170 0.882353 27
11533 125 58 183 0.36612 31
11534 169 26 195 0.733333 31
11535 66 69 135 -0.0222222 35
11536 65 71 136 -0.0441176 28
11537 225 8 233 0.93133 20
11538 62 99 161 -0.229814 30
11539 90 69 159 0.132075 33
11540 16 164 180 -0.822222 30
11541 78 78 156 0 26
11542 32 98 130 -0.507692 28
11543 29 136 165 -0.648485 32
11544 200 22 222 0.801802 24
11545 36 106 142 -0.492958 30
11546 65 77 142 -0.084507 32
11547 117 53 170 0.376471 30
11548 3 174 177 -0.966102 20
11549 135 26 161 0.677019 32
11550 110 58 168 0.309524 25
11551 49 101 150 -0.346667 32
11552 49 63 112 -0.125 34
11553 61 84 145 -0.158621 35
11554 159 11 170 0.870588 29
11555 61 83 144 -0.152778 31
11556 133 39 172 0.546512 26
11557 55 60 115 -0.0434783 32
11558 94 53 147 0.278912 34
11559 113 24 137 0.649635 33
11560 15 160 175 -0.828571 28
11561 29 110 139 -0.582734 31
11562 66 89 155 -0.148387 32
11563 83 73 156 0.0641026 34
11564 81 70 151 0.0728477 29
11565 22 152 174 -0.747126 25
11566 152 12 164 0.853659 25
11567 107 28 135 0.585185 31
11568 116 10 126 0.84127 22
11569 91 51 142 0.28169 27
11570 43 112 155 -0.445161 35
11571 131 27 158 0.658228 31
11572 93 21 114 0.631579 26
11573 33 145 178 -0.629213 27
11574 33 148 181 -0.635359 30
11575 147 32 179 0.642458 27
11576 41 126 167 -0.508982 35
11577 138 25 163 0.693252 25
11578 86 69 155 0.109677 31
11579 12 121 133 -0.819549 26
11580 44 109 153 -0.424837 31
11581 165 8 173 0.907514 26
11582 115 44 159 0.446541 31
11583 11 120 131 -0.832061 27
11584 115 23 138 0.666667 28
11585 20 175 195 -0.794872 27
11586 76 56 132 0.151515 29
11587 116 33 149 0.557047 28
11588 138 23 161 0.714286 27
11589 14 171 185 -0.848649 24
11590 111 5 116 0.913793 18
11591 118 40 158 0.493671 30
11592 76 73 149 0.0201342 35
11593 71 26 97 0.463918 29
11594 101 26 127 0.590551 22
11595 18 145 163 -0.779141 28
11596 51 78 129 -0.209302 34
11597 86 15 101 0.70297 24
11598 65 93 158 -0.177215 31
11599 32 117 149 -0.57047 32
11600 82 61 143 0.146853 27
11601 86 63 149 0.154362 33
11602 167 11 178 0.876404 19
11603 56 145 201 -0.442786 32
11604 4 143 147 -0.945578 21
11605 36 65 101 -0.287129 26
11606 30 152 182 -0.67033 31
11607 81 87 168 -0.0357143 26
11608 118 40 158 0.493671 35
11609 42 127 169 -0.502959 30
11610 31 152 183 -0.661202 31
11611 62 77 139 -0.107914 32
11612 119 47 166 0.433735 35
11613 103 33 136 0.514706 28
11614 129 14 143 0.804196 28
11615 130 20 150 0.733333 28
11616 122 16 138 0.768116 32
11617 130 33 163 0.595092 34
11618 71 69 140 0.0142857 27
11619 210 6 216 0.944444 20
11620 123 58 181 0.359116 31
11621 45 115 160 -0.4375 26
11622 109 46 155 0.406452 32
11623 106 34 140 0.514286 34
11624 89 20 109 0.633028 27
11625 112 27 139 0.611511 29
11626 92 27 119 0.546218 29
11627 79 43 122 0.295082 27
11628 47 106 153 -0.385621 33
11629 29 105 134 -0.567164 24
11630 161 21 182 0.769231 24
11631 29 93 122 -0.52459 31
11632 157 26 183 0.715847 29
11633 74 90 164 -0.097561 34
11634 127 24 151 0.682119 26
11635 57 97 154 -0.25974 31
11636 59 84 143 -0.174825 28
11637 35 124 159 -0.559748 30
11638 48 108 156 -0.384615 28
11639 149 19 168 0.77381 28
11640 90 44 134 0.343284 32
11641 27 78 105 -0.485714 25
11642 160 18 178 0.797753 27
11643 116 26 142 0.633803 32
11644 29 123 152 -0.618421 29
11645 108 57 165 0.309091 29
11646 58 113 171 -0.321637 31
11647 116 52 168 0.380952 29
11648 132 4 136 0.941176 21
11649 23 125 148 -0.689189 29
11650 68 56 124 0.0967742 29
11651 143 36 179 0.597765 33
11652 100 75 175 0.142857 30
11653 110 51 161 0.36646 33
11654 153 18 171 0.789474 31
11655 37 81 118 -0.372881 27
11656 41 102 143 -0.426573 31
11657 167 6 173 0.930636 21
11658 64 83 147 -0.129252 35
11659 196 9 205 0.912195 21
11660 54 87 141 -0.234043 32
11661 76 64 140 0.0857143 31
11662 100 45 145 0.37931 34
11663 19 93 112 -0.660714 27
11664 23 130 153 -0.699346 30
11665 15 178 193 -0.84456 28
11666 65 98 163 -0.202454 29
11667 15 203 218 -0.862385 21
11668 52 82 134 -0.223881 33
11669 172 6 178 0.932584 21
11670 102 47 149 0.369128 34
11671 117 18 135 0.733333 23
11672 40 104 144 -0.444444 30
11673 140 14 154 0.818182 25
11674 97 31 128 0.515625 29
11675 76 46 122 0.245902 27
11676 130 8 138 0.884058 23
11677 53 107 160 -0.3375 30
11678 60 90 150 -0.2 33
11679 115 25 140 0.642857 33
11680 8 204 212 -0.924528 20
11681 30 100 130 -0.538462 30
11682 47 65 112 -0.160714 33
11683 61 97 158 -0.227848 35
11684 91 26 117 0.555556 30
11685 143 51 194 0.474227 30
11686 14 129 143 -0.804196 26
11687 54 130 184 -0.413043 33
11688 106 49 155 0.367742 30
11689 45 117 162 -0.444444 31
11690 47 84 131 -0.282443 27
11691 50 104 154 -0.350649 29
11692 67 89 156 -0.141026 30
11693 39 95 134 -0.41791 27
11694 29 127 156 -0.628205 32
11695 103 32 135 0.525926 32
11696 143 34 177 0.615819 30
11697 42 90 132 -0.363636 29
11698 118 27 145 0.627586 31
11699 61 62 123 -0.00813008 34
11700 57 116 173 -0.34104 26
11701 11 148 159 -0.861635 27
11702 51 113 164 -0.378049 34
11703 65 67 132 -0.0151515 35
11704 65 84 149 -0.127517 29
11705 116 5 121 0.917355 22
11706 85 61 146 0.164384 35
11707 10 148 158 -0.873418 23
11708 164 11 175 0.874286 21
11709 58 123 181 -0.359116 30
11710 8 131 139 -0.884892 22
11711 97 12 109 0.779817 26
11712 48 122 170 -0.435294 35
11713 139 15 154 0.805195 28
11714 10 151 161 -0.875776 27
11715 29 92 121 -0.520661 27
11716 63 84 147 -0.142857 30
11717 62 89 151 -0.178808 36
11718 9 129 138 -0.869565 24
11719 83 68 151 0.0993377 35
11720 3 162 165 -0.963636 20
11721 169 13 182 0.857143 22
11722 38 100 138 -0.449275 33
11723 3 156 159 -0.962264 12
11724 32 146 178 -0.640449 31
11725 29 45 74 -0.216216 25
11726 67 48 115 0.165217 32
11727 80 61 141 0.134752 27
11728 16 112 128 -0.75 28
11729 77 79 156 -0.0128205 29
11730 53 84 137 -0.226277 33
11731 90 25 115 0.565217 31
11732 57 63 120 -0.05 36
11733 58 104 162 -0.283951 27
11734 110 21 131 0.679389 31
11735 139 10 149 0.865772 24
11736 51 101 152 -0.328947 33
11737 36 131 167 -0.568862 28
11738 73 29 102 0.431373 30
11739 24 123 147 -0.673469 28
11740 67 102 169 -0.207101 34
11741 53 80 133 -0.203008 35
11742 115 31 146 0.575342 31
11743 73 30 103 0.417476 24
11744 22 136 158 -0.721519 26
11745 87 37 124 0.403226 31
11746 49 95 144 -0.319444 30
11747 78 93 171 -0.0877193 31
11748 71 46 117 0.213675 31
11749 44 97 141 -0.375887 27
11750 9 155 164 -0.890244 23
11751 89 45 134 0.328358 31
11752 110 32 142 0.549296 29
11753 106 11 117 0.811966 26
11754 30 108 138 -0.565217 31
11755 28 135 163 -0.656442 28
11756 37 88 125 -0.408 27
11757 39 134 173 -0.549133 25
11758 81 29 110 0.472727 28
11759 20 123 143 -0.72028 29
11760 38 121 159 -0.522013 28
11761 62 77 139 -0.107914 27
11762 100 40 140 0.428571 30
11763 79 52 131 0.206107 31
11764 11 99 110 -0.8 26
11765 45 117 162 -0.444444 31
11766 26 137 163 -0.680982 29
11767 153 11 164 0.865854 24
11768 37 118 155 -0.522581 27
11769 31 114 145 -0.572414 29
11770 68 85 153 -0.111111 26
11771 154 10 164 0.878049 25
11772 83 46 129 0.286822 21
11773 28 120 148 -0.621622 29
11774 19 139 158 -0.759494 30
11775 59 79 138 -0.144928 35
11776 27 116 143 -0.622378 28
11777 23 38 61 -0.245902 22
11778 83 73 156 0.0641026 30
11779 92 32 124 0.483871 35
11780 7 178 185 -0.924324 23
11781 18 137 155 -0.767742 30
11782 129 46 175 0.474286 31
11783 45 90 135 -0.333333 33
11784 102 49 151 0.350993 32
11785 41 67 108 -0.240741 29
11786 15 9 24 0.25 11
11787 5 53 58 -0.827586 15
11788 49 85 134 -0.268657 26
11789 180 9 189 0.904762 23
11790 66 57 123 0.0731707 26
11791 51 83 134 -0.238806 27
11792 16 96 112 -0.714286 29
11793 60 53 113 0.0619469 31
11794 132 37 169 0.56213 27
11795 16 118 134 -0.761194 29
11796 43 148 191 -0.549738 34
11797 98 59 157 0.248408 25
11798 45 84 129 -0.302326 33
11799 53 53 106 0 30
11800 69 60 129 0.0697674 30
11801 17 136 153 -0.777778 28
11802 122 28 150 0.626667 30
11803 86 69 155 0.109677 32
11804 111 49 160 0.3875 30
11805 23 127 150 -0.693333 26
11806 69 73 142 -0.028169 31
11807 8 15 23 -0.304348 13
11808 34 94 128 -0.46875 26
11809 38 75 113 -0.327434 34
11810 73 68 141 0.035461 31
11811 160 20 180 0.777778 22
11812 12 150 162 -0.851852 27
11813 24 157 181 -0.734807 25
11814 92 40 132 0.393939 27
11815 101 76 177 0.141243 31
11816 127 35 162 0.567901 31
11817 147 17 164 0.792683 29
11818 40 73 113 -0.292035 31
11819 121 43 164 0.47561 34
11820 86 63 149 0.154362 32
11821 79 44 123 0.284553 35
11822 94 75 169 0.112426 33
11823 166 23 189 0.756614 30
11824 23 111 134 -0.656716 29
11825 97 84 181 0.0718232 30
11826 78 59 137 0.138686 33
11827 63 63 126 0 29
11828 6 128 134 -0.910448 23
11829 119 50 169 0.408284 32
11830 49 104 153 -0.359477 34
11831 46 98 144 -0.361111 28
11832 79 46 125 0.264 30
11833 8 144 152 -0.894737 26
11834 66 75 141 -0.0638298 30
11835 9 150 159 -0.886792 24
11836 175 3 178 0.966292 18
11837 112 15 127 0.76378 23
11838 62 56 118 0.0508475 33
11839 93 49 142 0.309859 28
11840 122 19 141 0.730496 29
11841 125 15 140 0.785714 28
11842 20 116 136 -0.705882 27
11843 87 29 116 0.5 26
11844 123 27 150 0.64 28
11845 97 46 143 0.356643 32
11846 90 62 152 0.184211 31
11847 58 154 212 -0.45283 36
11848 65 63 128 0.015625 28
11849 27 178 205 -0.736585 30
11850 148 9 157 0.88535 25
11851 86 30 116 0.482759 29
11852 90 63 153 0.176471 32
11853 139 3 142 0.957746 19
11854 15 104 119 -0.747899 25
11855 22 135 157 -0.719745 25
11856 35 103 138 -0.492754 36
11857 9 123 132 -0.863636 25
11858 58 40 98 0.183673 23
11859 63 84 147 -0.142857 35
11860 66 87 153 -0.137255 27
11861 91 43 134 0.358209 33
11862 121 40 161 0.503106 31
11863 143 6 149 0.919463 18
11864 147 25 172 0.709302 31
11865 37 133 170 -0.564706 28
11866 108 20 128 0.6875 29
11867 87 51 138 0.26087 29
11868 74 71 145 0.0206897 26
11869 72 85 157 -0.0828025 36
11870 19 148 167 -0.772455 24
11871 128 34 162 0.580247 30
11872 34 96 130 -0.476923 33
11873 153 10 163 0.877301 24
11874 70 81 151 -0.0728477 30
11875 79 70 149 0.0604027 35
11876 102 60 162 0.259259 31
11877 96 17 113 0.699115 28
11878 50 78 128 -0.21875 30
11879 128 25 153 0.673203 26
11880 52 64 116 -0.103448 31
11881 40 98 138 -0.42029 33
11882 37 86 123 -0.398374 29
11883 87 60 147 0.183673 35
11884 146 18 164 0.780488 28
11885 74 67 141 0.0496454 31
11886 72 71 143 0.00699301 31
11887 98 66 164 0.195122 35
11888 33 74 107 -0.383178 33
11889 5 104 109 -0.908257 18
11890 118 24 142 0.661972 30
11891 115 12 127 0.811024 29
11892 108 46 154 0.402597 29
11893 14 117 131 -0.78626 26
11894 125 24 149 0.677852 31
11895 141 16 157 0.796178 27
11896 57 92 149 -0.234899 28
11897 128 8 136 0.882353 23
11898 78 100 178 -0.123596 35
11899 76 30 106 0.433962 30
11900 138 9 147 0.877551 27
11901 61 127 188 -0.351064 33
11902 35 134 169 -0.585799 23
11903 9 199 208 -0.913462 26
11904 72 75 147 -0.0204082 35
11905 53 153 206 -0.485437 33
11906 110 68 178 0.235955 37
11907 19 147 166 -0.771084 28
11908 38 106 144 -0.472222 31
11909 84 103 187 -0.101604 33
11910 5 152 157 -0.936306 22
11911 23 134 157 -0.707006 31
11912 191 2 193 0.979275 20
11913 7 124 131 -0.89313 23
11914 103 75 178 0.157303 30
11915 21 124 145 -0.710345 30
11916 80 59 139 0.151079 28
11917 54 82 136 -0.205882 29
11918 144 31 175 0.645714 29
11919 39 112 151 -0.483444 31
11920 87 66 153 0.137255 26
11921 117 44 161 0.453416 30
11922 74 67 141 0.0496454 32
11923 56 63 119 -0.0588235 29
11924 17 107 124 -0.725806 24
11925 23 163 186 -0.752688 31
11926 67 77 144 -0.0694444 35
11927 128 13 141 0.815603 27
11928 61 117 178 -0.314607 33
11929 62 93 155 -0.2 35
11930 118 62 180 0.311111 28
11931 33 64 97 -0.319588 31
11932 11 139 150 -0.853333 26
11933 98 40 138 0.42029 35
11934 70 102 172 -0.186047 32
11935 18 149 167 -0.784431 24
11936 139 20 159 0.748428 27
11937 21 133 154 -0.727273 28
11938 179 9 188 0.904255 23
11939 107 20 127 0.685039 30
11940 38 66 104 -0.269231 29
11941 155 7 162 0.91358 22
11942 154 31 185 0.664865 31
11943 79 68 147 0.0748299 30
11944 85 59 144 0.180556 36
11945 43 113 156 -0.448718 30
11946 16 94 110 -0.709091 28
11947 55 78 133 -0.172932 30
11948 81 82 163 -0.00613497 33
11949 64 66 130 -0.0153846 35
11950 60 61 121 -0.00826446 27
11951 119 26 145 0.641379 31
11952 145 26 171 0.695906 31
11953 32 119 151 -0.576159 34
11954 133 16 149 0.785235 28
11955 33 96 129 -0.488372 31
11956 16 181 197 -0.837563 20
11957 73 56 129 0.131783 28
11958 38 84 122 -0.377049 28
11959 143 15 158 0.810127 27
11960 115 49 164 0.402439 33
11961 95 52 147 0.292517 35
11962 157 27 184 0.706522 31
11963 80 34 114 0.403509 30
11964 159 29 188 0.691489 32
11965 131 34 165 0.587879 33
11966 107 20 127 0.685039 29
11967 107 28 135 0.585185 29
11968 51 91 142 -0.28169 31
11969 58 81 139 -0.165468 29
11970 55 71 126 -0.126984 29
11971 111 28 139 0.597122 30
11972 28 112 140 -0.6 30
11973 67 76 143 -0.0629371 30
11974 14 212 226 -0.876106 26
11975 85 93 178 -0.0449438 35
11976 34 95 129 -0.472868 30
11977 82 71 153 0.0718954 35
11978 100 1 101 0.980198 7
11979 10 142 152 -0.868421 22
11980 69 80 149 -0.0738255 29
11981 33 65 98 -0.326531 31
11982 132 47 179 0.47486 31
11983 156 9 165 0.890909 23
11984 93 41 134 0.38806 32
11985 15 197 212 -0.858491 25
11986 77 55 132 0.166667 32
11987 44 117 161 -0.453416 30
11988 17 130 147 -0.768707 29
11989 68 87 155 -0.122581 31
11990 59 54 113 0.0442478 34
11991 33 107 140 -0.528571 26
11992 46 116 162 -0.432099 27
11993 158 13 171 0.847953 21
11994 35 109 144 -0.513889 27
11995 6 182 188 -0.93617 25
11996 41 94 135 -0.392593 31
11997 136 30 166 0.638554 33
11998 147 19 166 0.771084 30
11999 16 140 156 -0.794872 25
12000 37 64 101 -0.267327 29
12001 103 23 126 0.634921 26
12002 47 42 89 0.0561798 25
12003 168 22 190 0.768421 29
12004 31 108 139 -0.553957 32
12005 106 15 121 0.752066 27
12006 115 54 169 0.360947 36
12007 131 22 153 0.712418 29
12008 44 141 185 -0.524324 25
12009 108 39 147 0.469388 34
12010 60 65 125 -0.04 29
12011 155 15 170 0.823529 28
12012 29 162 191 -0.696335 31
12013 65 36 101 0.287129 26
12014 129 3 132 0.954545 21
12015 67 44 111 0.207207 31
12016 44 108 152 -0.421053 32
12017 63 70 133 -0.0526316 34
12018 60 50 110 0.0909091 31
12019 114 24 138 0.652174 27
12020 119 43 162 0.469136 31
12021 40 109 149 -0.463087 29
12022 105 63 168 0.25 31
12023 69 84 153 -0.0980392 33
12024 62 46 108 0.148148 29
12025 66 26 92 0.434783 27
12026 10 156 166 -0.879518 21
12027 10 176 186 -0.892473 27
12028 13 140 153 -0.830065 19
12029 107 44 151 0.417219 33
12030 17 95 112 -0.696429 21
12031 57 83 140 -0.185714 30
12032 52 83 135 -0.22963 32
12033 158 2 160 0.975 21
12034 48 85 133 -0.278195 29
12035 119 16 135 0.762963 24
12036 69 23 92 0.5 23
12037 31 32 63 -0.015873 22
12038 27 126 153 -0.647059 29
12039 116 35 151 0.536424 29
12040 133 8 141 0.886525 25
12041 104 40 144 0.444444 32
12042 85 70 155 0.0967742 32
12043 17 120 137 -0.751825 27
12044 34 56 90 -0.244444 22
12045 92 25 117 0.57265 30
12046 100 56 156 0.282051 36
12047 90 28 118 0.525424 26
12048 76 98 174 -0.126437 29
12049 124 30 154 0.61039 30
12050 1 183 184 -0.98913 19
12051 112 71 183 0.224044 34
12052 37 98 135 -0.451852 24
12053 68 73 141 -0.035461 34
12054 40 99 139 -0.42446 36
12055 77 67 144 0.0694444 27
12056 112 22 134 0.671642 29
12057 112 30 142 0.577465 29
12058 120 37 157 0.528662 30
12059 83 87 170 -0.0235294 33
12060 204 26 230 0.773913 30
12061 135 52 187 0.44385 32
12062 84 27 111 0.513514 32
12063 34 101 135 -0.496296 34
12064 22 138 160 -0.725 27
12065 29 138 167 -0.652695 31
12066 16 196 212 -0.849057 27
12067 149 5 154 0.935065 23
12068 92 59 151 0.218543 31
12069 90 27 117 0.538462 26
12070 9 133 142 -0.873239 23
12071 93 28 121 0.53719 32
12072 107 52 159 0.345912 35
12073 76 64 140 0.0857143 30
12074 77 69 146 0.0547945 30
12075 42 75 117 -0.282051 32
12076 89 60 149 0.194631 34
12077 95 43 138 0.376812 26
12078 158 5 163 0.93865 22
12079 16 110 126 -0.746032 25
12080 66 39 105 0.257143 31
12081 160 1 161 0.987578 20
12082 129 54 183 0.409836 35
12083 1 50 51 -0.960784 11
12084 45 87 132 -0.318182 31
12085 15 179 194 -0.845361 29
12086 131 40 171 0.532164 33
12087 104 45 149 0.395973 31
12088 69 83 152 -0.0921053 30
12089 140 21 161 0.73913 26
12090 113 10 123 0.837398 27
12091 33 142 175 -0.622857 28
12092 76 98 174 -0.126437 36
12093 15 110 125 -0.76 27
12094 32 101 133 -0.518797 31
12095 95 55 150 0.266667 27
12096 35 119 154 -0.545455 36
12097 30 73 103 -0.417476 32
12098 20 116 136 -0.705882 30
12099 100 10 110 0.818182 24
12100 29 107 136 -0.573529 25
12101 74 102 176 -0.159091 33
12102 35 145 180 -0.611111 34
12103 124 27 151 0.642384 31
12104 94 36 130 0.446154 34
12105 32 113 145 -0.558621 34
12106 157 14 171 0.836257 27
12107 180 19 199 0.809045 25
12108 170 33 203 0.674877 29
12109 60 109 169 -0.289941 28
12110 47 140 187 -0.497326 28
12111 4 159 163 -0.95092 23
12112 104 65 169 0.230769 28
12113 96 45 141 0.361702 29
12114 47 100 147 -0.360544 28
12115 75 39 114 0.315789 35
12116 98 59 157 0.248408 31
12117 131 13 144 0.819444 26
12118 49 135 184 -0.467391 28
12119 134 26 160 0.675 22
12120 69 4 73 0.890411 13
12121 46 98 144 -0.361111 33
12122 210 14 224 0.875 22
12123 79 38 117 0.350427 31
12124 99 68 167 0.185629 34
12125 20 122 142 -0.71831 22
12126 136 28 164 0.658537 26
12127 87 51 138 0.26087 26
12128 75 12 87 0.724138 22
12129 38 115 153 -0.503268 32
12130 45 121 166 -0.457831 26
12131 32 95 127 -0.496063 27
12132 61 122 183 -0.333333 35
12133 48 112 160 -0.4 27
12134 10 165 175 -0.885714 23
12135 13 118 131 -0.801527 29
12136 78 53 131 0.19084 33
12137 113 52 165 0.369697 31
12138 200 23 223 0.793722 22
12139 8 138 146 -0.890411 25
12140 151 8 159 0.899371 24
12141 53 103 156 -0.320513 32
12142 164 5 169 0.940828 22
12143 32 120 152 -0.578947 27
12144 151 5 156 0.935897 21
12145 45 79 124 -0.274194 29
12146 32 117 149 -0.57047 32
12147 11 175 186 -0.88172 23
12148 6 13 19 -0.368421 15
12149 27 108 135 -0.6 28
12150 24 140 164 -0.707317 34
12151 57 81 138 -0.173913 27
12152 144 22 166 0.73494 27
12153 44 83 127 -0.307087 33
12154 89 53 142 0.253521 36
12155 42 89 131 -0.358779 28
12156 34 95 129 -0.472868 28
12157 94 70 164 0.146341 26
12158 7 165 172 -0.918605 21
12159 68 35 103 0.320388 32
12160 133 33 166 0.60241 31
12161 151 13 164 0.841463 27
12162 79 6 85 0.858824 25
12163 47 73 120 -0.216667 28
12164 62 108 170 -0.270588 35
12165 75 51 126 0.190476 34
12166 14 150 164 -0.829268 24
12167 8 150 158 -0.898734 25
12168 137 28 165 0.660606 28
12169 81 47 128 0.265625 30
12170 27 181 208 -0.740385 30
12171 31 104 135 -0.540741 31
12172 161 23 184 0.75 21
12173 82 34 116 0.413793 27
12174 159 15 174 0.827586 26
12175 29 105 134 -0.567164 28
12176 13 137 150 -0.826667 27
12177 203 9 212 0.915094 19
12178 50 46 96 0.0416667 27
12179 93 66 159 0.169811 27
12180 153 16 169 0.810651 24
12181 81 76 157 0.0318471 37
12182 47 130 177 -0.468927 28
12183 51 106 157 -0.350318 28
12184 124 17 141 0.758865 24
12185 56 87 143 -0.216783 32
12186 72 37 109 0.321101 24
12187 57 122 179 -0.363128 28
12188 133 21 154 0.727273 29
12189 80 85 165 -0.030303 34
12190 78 42 120 0.3 29
12191 49 84 133 -0.263158 35
12192 61 98 159 -0.232704 32
12193 80 63 143 0.118881 31
12194 39 75 114 -0.315789 25
12195 48 61 109 -0.119266 35
12196 28 140 168 -0.666667 30
12197 8 143 151 -0.89404 25
12198 134 11 145 0.848276 27
12199 19 108 127 -0.700787 26
12200 49 100 149 -0.342282 31
12201 52 63 115 -0.0956522 25
12202 80 25 105 0.52381 24
12203 54 93 147 -0.265306 29
12204 95 40 135 0.407407 28
12205 47 90 137 -0.313869 29
12206 22 126 148 -0.702703 29
12207 85 107 192 -0.114583 32
12208 147 35 182 0.615385 32
12209 49 104 153 -0.359477 28
12210 190 33 223 0.704036 31
12211 162 12 174 0.862069 22
12212 10 176 186 -0.892473 23
12213 127 51 178 0.426966 35
12214 18 2 20 0.8 14
12215 66 62 128 0.03125 35
12216 55 115 170 -0.352941 36
12217 81 60 141 0.148936 37
12218 55 74 129 -0.147287 28
12219 77 5 82 0.878049 24
12220 75 87 162 -0.0740741 34
12221 47 60 107 -0.121495 29
12222 154 39 193 0.595855 30
12223 60 91 151 -0.205298 35
12224 69 89 158 -0.126582 29
12225 74 63 137 0.080292 36
12226 19 108 127 -0.700787 25
12227 135 17 152 0.776316 28
12228 6 189 195 -0.938462 21
12229 75 53 128 0.171875 30
12230 25 44 69 -0.275362 28
12231 62 66 128 -0.03125 27
12232 165 5 170 0.941176 23
12233 28 187 215 -0.739535 28
12234 103 42 145 0.42069 33
12235 94 31 125 0.504 27
12236 18 77 95 -0.621053 29
12237 112 42 154 0.454545 34
12238 64 68 132 -0.030303 36
12239 78 73 151 0.0331126 28
12240 125 48 173 0.445087 35
12241 24 105 129 -0.627907 31
12242 59 78 137 -0.138686 29
12243 53 126 179 -0.407821 31
12244 7 122 129 -0.891473 21
12245 43 110 153 -0.437908 27
12246 57 73 130 -0.123077 25
12247 111 35 146 0.520548 32
12248 57 65 122 -0.0655738 33
12249 65 83 148 -0.121622 27
12250 61 149 210 -0.419048 34
12251 76 93 169 -0.100592 37
12252 175 10 185 0.891892 20
12253 69 92 161 -0.142857 32
12254 87 64 151 0.152318 33
12255 110 22 132 0.666667 31
12256 39 98 137 -0.430657 27
12257 17 101 118 -0.711864 26
12258 125 8 133 0.879699 22
12259 136 39 175 0.554286 34
12260 36 101 137 -0.474453 29
12261 9 130 139 -0.870504 27
12262 78 64 142 0.0985915 29
12263 21 135 156 -0.730769 32
12264 77 29 106 0.45283 34
12265 62 80 142 -0.126761 34
12266 63 79 142 -0.112676 27
12267 10 173 183 -0.89071 22
12268 81 79 160 0.0125 30
12269 49 130 179 -0.452514 32
12270 88 51 139 0.266187 26
12271 21 155 176 -0.761364 30
12272 91 62 153 0.189542 33
12273 149 24 173 0.722543 28
12274 117 23 140 0.671429 24
12275 120 19 139 0.726619 31
12276 119 18 137 0.737226 27
12277 141 12 153 0.843137 24
12278 45 103 148 -0.391892 37
12279 22 120 142 -0.690141 24
12280 64 79 143 -0.104895 34
12281 64 84 148 -0.135135 36
12282 46 77 123 -0.252033 24
12283 12 173 185 -0.87027 22
12284 24 156 180 -0.733333 26
12285 12 184 196 -0.877551 27
12286 86 46 132 0.30303 33
12287 55 83 138 -0.202899 34
12288 13 105 118 -0.779661 22
12289 37 63 100 -0.26 33
12290 116 33 149 0.557047 26
12291 43 120 163 -0.472393 33
12292 20 78 98 -0.591837 26
12293 78 97 175 -0.108571 32
12294 74 35 109 0.357798 32
12295 117 37 154 0.519481 31
12296 33 96 129 -0.488372 30
12297 73 54 127 0.149606 32
12298 88 75 163 0.0797546 32
12299 7 53 60 -0.766667 20
12300 36 83 119 -0.394958 33
12301 126 9 135 0.866667 17
12302 98 36 134 0.462687 32
12303 122 15 137 0.781022 26
12304 27 141 168 -0.678571 31
12305 77 62 139 0.107914 32
12306 70 50 120 0.166667 22
12307 64 77 141 -0.0921986 29
12308 64 61 125 0.024 31
12309 37 110 147 -0.496599 28
12310 43 106 149 -0.422819 34
12311 110 10 120 0.833333 26
12312 73 90 163 -0.104294 36
12313 121 26 147 0.646259 27
12314 130 21 151 0.721854 29
12315 42 119 161 -0.478261 28
12316 50 68 118 -0.152542 26
12317 32 125 157 -0.592357 33
12318 95 47 142 0.338028 32
12319 8 156 164 -0.902439 25
12320 88 40 128 0.375 30
12321 119 20 139 0.71223 30
12322 63 74 137 -0.080292 26
12323 68 82 150 -0.0933333 32
12324 44 82 126 -0.301587 27
12325 18 107 125 -0.712 27
12326 25 134 159 -0.685535 22
12327 96 64 160 0.2 27
12328 76 18 94 0.617021 21
12329 74 82 156 -0.0512821 32
12330 63 69 132 -0.0454545 36
12331 99 61 160 0.2375 31
12332 27 119 146 -0.630137 28
12333 122 35 157 0.55414 33
12334 50 82 132 -0.242424 33
12335 8 163 171 -0.906433 25
12336 83 64 147 0.129252 30
12337 28 65 93 -0.397849 24
12338 30 120 150 -0.6 32
12339 82 32 114 0.438596 30
12340 167 15 182 0.835165 26
12341 73 66 139 0.0503597 33
12342 140 13 153 0.830065 22
12343 77 80 157 -0.0191083 33
12344 100 17 117 0.709402 27
12345 71 55 126 0.126984 30
12346 21 125 146 -0.712329 23
12347 27 125 152 -0.644737 29
12348 17 116 133 -0.744361 28
12349 68 59 127 0.0708661 36
12350 93 54 147 0.265306 26
12351 113 71 184 0.228261 28
12352 73 35 108 0.351852 29
12353 128 28 156 0.641026 35
12354 83 86 169 -0.0177515 36
12355 27 167 194 -0.721649 31
12356 31 119 150 -0.586667 28
12357 41 84 125 -0.344 31
12358 90 74 164 0.097561 28
12359 141 19 160 0.7625 30
12360 18 126 144 -0.75 31
12361 35 87 122 -0.42623 28
12362 11 144 155 -0.858065 22
12363 141 35 176 0.602273 23
12364 118 27 145 0.627586 25
12365 170 16 186 0.827957 24
12366 56 87 143 -0.216783 23
12367 141 26 167 0.688623 29
12368 14 104 118 -0.762712 27
12369 16 110 126 -0.746032 26
12370 17 157 174 -0.804598 27
12371 169 9 178 0.898876 19
12372 93 41 134 0.38806 24
12373 34 136 170 -0.6 33
12374 60 76 136 -0.117647 32
12375 50 132 182 -0.450549 32
12376 134 26 160 0.675 31
12377 52 117 169 -0.384615 34
12378 29 92 121 -0.520661 30
12379 13 201 214 -0.878505 26
12380 49 112 161 -0.391304 33
12381 132 38 170 0.552941 28
12382 58 95 153 -0.24183 31
12383 12 134 146 -0.835616 22
12384 59 62 121 -0.0247934 28
12385 75 81 156 -0.0384615 33
12386 104 21 125 0.664 24
12387 74 116 190 -0.221053 36
12388 71 69 140 0.0142857 33
12389 116 32 148 0.567568 28
12390 78 58 136 0.147059 33
12391 196 5 201 0.950249 12
12392 117 25 142 0.647887 28
12393 10 162 172 -0.883721 25
12394 89 32 121 0.471074 31
12395 161 5 166 0.939759 22
12396 19 111 130 -0.707692 28
12397 17 166 183 -0.814208 25
12398 83 60 143 0.160839 28
12399 169 9 178 0.898876 22
12400 156 7 163 0.91411 21
12401 107 20 127 0.685039 28
12402 31 122 153 -0.594771 24
12403 21 146 167 -0.748503 29
12404 6 183 189 -0.936508 23
12405 31 139 170 -0.635294 29
12406 28 111 139 -0.597122 25
12407 22 180 202 -0.782178 27
12408 38 134 172 -0.55814 26
12409 54 59 113 -0.0442478 31
12410 129 39 168 0.535714 29
12411 46 28 74 0.243243 29
12412 93 53 146 0.273973 35
12413 120 52 172 0.395349 33
12414 19 115 134 -0.716418 27
12415 14 177 191 -0.853403 23
12416 33 86 119 -0.445378 30
12417 30 113 143 -0.58042 33
12418 2 208 210 -0.980952 17
12419 110 26 136 0.617647 31
12420 148 26 174 0.701149 28
12421 63 56 119 0.0588235 28
12422 114 28 142 0.605634 29
12423 6 124 130 -0.907692 18
12424 92 61 153 0.202614 32
12425 18 101 119 -0.697479 29
12426 151 24 175 0.725714 32
12427 96 58 154 0.246753 33
12428 60 51 111 0.0810811 24
12429 48 66 114 -0.157895 28
12430 87 86 173 0.00578035 25
12431 14 168 182 -0.846154 26
12432 83 45 128 0.296875 34
12433 97 46 143 0.356643 36
12434 52 137 189 -0.449735 28
12435 20 141 161 -0.751553 23
12436 62 87 149 -0.167785 26
12437 126 6 132 0.909091 25
12438 25 70 95 -0.473684 26
12439 30 116 146 -0.589041 31
12440 108 17 125 0.728 29
12441 103 58 161 0.279503 33
12442 47 67 114 -0.175439 28
12443 50 102 152 -0.342105 28
12444 65 76 141 -0.0780142 32
12445 25 165 190 -0.736842 27
12446 84 67 151 0.112583 32
12447 61 96 157 -0.22293 28
12448 18 159 177 -0.79661 30
12449 77 92 169 -0.0887574 29
12450 18 112 130 -0.723077 27
12451 38 93 131 -0.419847 33
12452 28 182 210 -0.733333 29
12453 47 107 154 -0.38961 30
12454 93 51 144 0.291667 32
12455 155 27 182 0.703297 32
12456 49 140 189 -0.481481 29
12457 138 11 149 0.852349 27
12458 86 54 140 0.228571 29
12459 50 95 145 -0.310345 34
12460 17 145 162 -0.790123 30
12461 70 95 165 -0.151515 32
12462 8 144 152 -0.894737 22
12463 72 78 150 -0.04 30
12464 36 110 146 -0.506849 30
12465 115 19 134 0.716418 26
12466 10 166 176 -0.886364 25
12467 117 31 148 0.581081 29
12468 31 105 136 -0.544118 29
12469 54 75 129 -0.162791 31
12470 20 88 108 -0.62963 24
12471 79 67 146 0.0821918 30
12472 191 12 203 0.881773 20
12473 47 88 135 -0.303704 31
12474 87 70 157 0.10828 27
12475 94 63 157 0.197452 30
12476 23 114 137 -0.664234 29
12477 83 73 156 0.0641026 34
12478 164 21 185 0.772973 31
12479 107 43 150 0.426667 31
12480 81 58 139 0.165468 28
12481 42 134 176 -0.522727 26
12482 23 28 51 -0.0980392 27
12483 72 32 104 0.384615 22
12484 40 47 87 -0.0804598 28
12485 6 156 162 -0.925926 24
12486 139 22 161 0.726708 26
12487 9 167 176 -0.897727 16
12488 37 114 151 -0.509934 31
12489 19 120 139 -0.726619 25
12490 132 10 142 0.859155 25
12491 80 46 126 0.269841 34
12492 124 34 158 0.56962 28
12493 71 43 114 0.245614 32
12494 171 20 191 0.790576 26
12495 87 82 169 0.0295858 28
12496 4 124 128 -0.9375 22
12497 128 23 151 0.695364 25
12498 19 181 200 -0.81 29
12499 126 42 168 0.5 29
12500 113 30 143 0.58042 29
12501 154 13 167 0.844311 26
12502 39 122 161 -0.515528 32
12503 144 25 169 0.704142 33
12504 109 12 121 0.801653 27
12505 124 35 159 0.559748 31
12506 91 69 160 0.1375 28
12507 17 165 182 -0.813187 28
12508 153 27 180 0.7 29
12509 66 90 156 -0.153846 34
12510 10 160 170 -0.882353 28
12511 94 72 166 0.13253 30
12512 168 12 180 0.866667 26
12513 13 175 188 -0.861702 27
12514 57 104 161 -0.291925 25
12515 34 104 138 -0.507246 32
12516 161 21 182 0.769231 28
12517 138 44 182 0.516484 28
12518 15 137 152 -0.802632 28
12519 27 74 101 -0.465347 23
12520 142 38 180 0.577778 32
12521 10 96 106 -0.811321 23
12522 12 137 149 -0.838926 27
12523 47 91 138 -0.318841 29
12524 54 75 129 -0.162791 33
12525 68 73 141 -0.035461 26
12526 1 3 4 -0.5 3
12527 91 24 115 0.582609 31
12528 18 159 177 -0.79661 28
12529 60 84 144 -0.166667 35
12530 122 11 133 0.834586 26
12531 62 87 149 -0.167785 34
12532 163 26 189 0.724868 31
12533 182 9 191 0.905759 26
12534 168 14 182 0.846154 27
12535 47 92 139 -0.323741 35
12536 48 118 166 -0.421687 32
12537 133 36 169 0.573964 31
12538 9 174 183 -0.901639 18
12539 108 33 141 0.531915 27
12540 19 165 184 -0.793478 26
12541 79 80 159 -0.00628931 32
12542 125 18 143 0.748252 27
12543 84 70 154 0.0909091 32
12544 146 9 155 0.883871 27
12545 183 31 214 0.71028 25
12546 20 132 152 -0.736842 25
12547 13 148 161 -0.838509 27
12548 39 128 167 -0.532934 32
12549 49 114 163 -0.398773 34
12550 109 11 120 0.816667 26
12551 31 122 153 -0.594771 27
12552 20 190 210 -0.809524 24
12553 20 177 197 -0.796954 23
12554 118 30 148 0.594595 23
12555 161 11 172 0.872093 25
12556 86 33 119 0.445378 24
12557 10 151 161 -0.875776 25
12558 131 32 163 0.607362 26
12559 87 71 158 0.101266 32
12560 109 8 117 0.863248 24
12561 17 156 173 -0.803468 27
12562 24 125 149 -0.677852 28
12563 51 112 163 -0.374233 32
12564 103 63 166 0.240964 24
12565 14 126 140 -0.8 28
12566 160 12 172 0.860465 27
12567 18 141 159 -0.773585 28
12568 16 175 191 -0.832461 28
12569 51 94 145 -0.296552 34
12570 8 98 106 -0.849057 22
12571 76 77 153 -0.00653595 36
12572 58 78 136 -0.147059 27
12573 68 81 149 -0.0872483 26
12574 53 96 149 -0.288591 31
12575 5 151 156 -0.935897 22
12576 65 62 127 0.023622 30
12577 47 103 150 -0.373333 36
12578 3 26 29 -0.793103 11
12579 121 35 156 0.551282 27
12580 39 101 140 -0.442857 29
12581 50 91 141 -0.29078 31
12582 46 68 114 -0.192982 28
12583 4 148 152 -0.947368 20
12584 52 72 124 -0.16129 25
12585 167 27 194 0.721649 29
12586 21 187 208 -0.798077 26
12587 18 131 149 -0.758389 26
12588 149 29 178 0.674157 28
12589 33 142 175 -0.622857 27
12590 85 85 170 0 34
12591 58 84 142 -0.183099 32
12592 65 68 133 -0.0225564 29
12593 97 5 102 0.901961 19
12594 109 62 171 0.274854 30
12595 77 65 142 0.084507 30
12596 169 18 187 0.807487 24
12597 26 121 147 -0.646259 29
12598 76 55 131 0.160305 35
12599 12 189 201 -0.880597 26
12600 85 57 142 0.197183 30
12601 105 34 139 0.510791 33
12602 149 14 163 0.828221 26
12603 59 82 141 -0.163121 26
12604 119 18 137 0.737226 28
12605 163 7 170 0.917647 25
12606 39 92 131 -0.40458 34
12607 99 59 158 0.253165 32
12608 151 56 207 0.458937 33
12609 52 95 147 -0.292517 34
12610 79 36 115 0.373913 27
12611 73 90 163 -0.104294 32
12612 132 30 162 0.62963 29
12613 139 57 196 0.418367 28
12614 38 87 125 -0.392 28
12615 59 135 194 -0.391753 31
12616 76 31 107 0.420561 33
12617 132 26 158 0.670886 25
12618 156 10 166 0.879518 27
12619 195 10 205 0.902439 23
12620 174 21 195 0.784615 29
12621 129 17 146 0.767123 29
12622 12 135 147 -0.836735 25
12623 69 79 148 -0.0675676 27
12624 201 6 207 0.942029 18
12625 95 30 125 0.52 32
12626 55 91 146 -0.246575 33
12627 87 42 129 0.348837 34
12628 35 120 155 -0.548387 29
12629 174 37 211 0.649289 34
12630 111 14 125 0.776 28
12631 150 4 154 0.948052 21
12632 70 75 145 -0.0344828 30
12633 14 123 137 -0.79562 28
12634 142 29 171 0.660819 31
12635 79 69 148 0.0675676 35
12636 74 63 137 0.080292 32
12637 46 80 126 -0.269841 31
12638 99 69 168 0.178571 33
12639 95 82 177 0.0734463 30
12640 121 38 159 0.522013 28
12641 82 45 127 0.291339 35
12642 119 17 136 0.75 28
12643 100 54 154 0.298701 29
12644 19 112 131 -0.709924 24
12645 69 1 70 0.971429 20
12646 9 178 187 -0.903743 23
12647 66 76 142 -0.0704225 29
12648 13 145 158 -0.835443 24
12649 45 111 156 -0.423077 29
12650 16 97 113 -0.716814 28
12651 24 138 162 -0.703704 29
12652 24 126 150 -0.68 30
12653 19 133 152 -0.75 27
12654 49 86 135 -0.274074 34
12655 41 120 161 -0.490683 33
12656 37 88 125 -0.408 32
12657 53 109 162 -0.345679 30
12658 216 14 230 0.878261 24
12659 138 40 178 0.550562 25
12660 67 78 145 -0.0758621 27
12661 77 48 125 0.232 35
12662 57 62 119 -0.0420168 24
12663 148 21 169 0.751479 22
12664 25 125 150 -0.666667 29
12665 18 128 146 -0.753425 30
12666 50 91 141 -0.29078 36
12667 80 47 127 0.259843 23
12668 78 61 139 0.122302 28
12669 127 18 145 0.751724 30
12670 157 10 167 0.88024 25
12671 105 34 139 0.510791 28
12672 41 60 101 -0.188119 28
12673 107 34 141 0.51773 33
12674 113 47 160 0.4125 32
12675 53 82 135 -0.214815 33
12676 130 31 161 0.614907 27
12677 67 67 134 0 36
12678 58 83 141 -0.177305 35
12679 192 13 205 0.873171 22
12680 21 115 136 -0.691176 27
12681 94 28 122 0.540984 28
12682 120 16 136 0.764706 30
12683 56 62 118 -0.0508475 27
12684 115 53 168 0.369048 30
12685 170 4 174 0.954023 20
12686 179 17 196 0.826531 22
12687 80 47 127 0.259843 31
12688 18 159 177 -0.79661 27
12689 31 126 157 -0.605096 30
12690 50 85 135 -0.259259 30
12691 64 58 122 0.0491803 31
12692 124 32 156 0.589744 26
12693 107 28 135 0.585185 26
12694 82 68 150 0.0933333 31
12695 46 140 186 -0.505376 34
12696 73 63 136 0.0735294 35
12697 99 44 143 0.384615 26
12698 19 149 168 -0.77381 30
12699 60 76 136 -0.117647 36
12700 25 166 191 -0.73822 31
12701 129 29 158 0.632911 29
12702 49 81 130 -0.246154 30
12703 76 70 146 0.0410959 31
12704 30 64 94 -0.361702 30
12705 92 70 162 0.135802 26
12706 94 54 148 0.27027 29
12707 19 66 85 -0.552941 28
12708 164 10 174 0.885057 26
12709 82 54 136 0.205882 36
12710 76 63 139 0.0935252 29
12711 45 94 139 -0.352518 28
12712 116 28 144 0.611111 31
12713 14 217 231 -0.878788 24
12714 161 15 176 0.829545 27
12715 129 24 153 0.686275 29
12716 17 113 130 -0.738462 23
12717 41 116 157 -0.477707 34
12718 102 37 139 0.467626 34
12719 89 65 154 0.155844 36
12720 19 115 134 -0.716418 25
12721 53 92 145 -0.268966 26
12722 56 24 80 0.4 26
12723 22 82 104 -0.576923 22
12724 202 11 213 0.896714 19
12725 156 8 164 0.902439 23
12726 29 103 132 -0.560606 30
12727 60 90 150 -0.2 29
12728 109 42 151 0.443709 34
12729 16 124 140 -0.771429 25
12730 101 26 127 0.590551 31
12731 129 62 191 0.350785 29
12732 139 23 162 0.716049 28
12733 63 45 108 0.166667 29
12734 58 59 117 -0.00854701 30
12735 69 79 148 -0.0675676 28
12736 35 116 151 -0.536424 21
12737 54 77 131 -0.175573 32
12738 104 33 137 0.518248 20
12739 69 59 128 0.078125 28
12740 33 132 165 -0.6 33
12741 97 57 154 0.25974 29
12742 24 86 110 -0.563636 30
12743 61 111 172 -0.290698 33
12744 21 153 174 -0.758621 29
12745 77 77 154 0 31
12746 16 135 151 -0.788079 29
12747 26 99 125 -0.584 30
12748 8 167 175 -0.908571 15
12749 153 14 167 0.832335 26
12750 109 28 137 0.591241 28
12751 148 24 172 0.72093 30
12752 126 30 156 0.615385 28
12753 30 147 177 -0.661017 31
12754 59 45 104 0.134615 34
12755 4 171 175 -0.954286 23
12756 108 9 117 0.846154 25
12757 143 14 157 0.821656 29
12758 139 30 169 0.64497 34
12759 71 108 179 -0.206704 34
12760 73 70 143 0.020979 23
12761 101 61 162 0.246914 34
12762 41 104 145 -0.434483 34
12763 106 29 135 0.57037 32
12764 39 109 148 -0.472973 32
12765 89 48 137 0.29927 27
12766 22 146 168 -0.738095 31
12767 0 244 244 -1 15
12768 84 27 111 0.513514 29
12769 17 138 155 -0.780645 27
12770 113 34 147 0.537415 30
12771 9 86 95 -0.810526 19
12772 77 74 151 0.0198675 33
12773 83 85 168 -0.0119048 32
12774 87 9 96 0.8125 25
12775 193 2 195 0.979487 16
12776 118 25 143 0.65035 27
12777 215 11 226 0.902655 22
12778 7 147 154 -0.909091 20
12779 114 8 122 0.868852 21
12780 169 24 193 0.751295 26
12781 33 110 143 -0.538462 26
12782 17 130 147 -0.768707 29
12783 4 113 117 -0.931624 19
12784 123 54 177 0.389831 25
12785 63 35 98 0.285714 29
12786 31 107 138 -0.550725 30
12787 96 47 143 0.342657 27
12788 63 98 161 -0.217391 26
12789 71 94 165 -0.139394 31
12790 73 86 159 -0.081761 30
12791 73 103 176 -0.170455 32
12792 180 5 185 0.945946 22
12793 26 85 111 -0.531532 29
12794 57 117 174 -0.344828 37
12795 40 83 123 -0.349593 28
12796 105 40 145 0.448276 30
12797 118 24 142 0.661972 30
12798 27 105 132 -0.590909 28
12799 59 78 137 -0.138686 34
12800 19 113 132 -0.712121 30
12801 34 86 120 -0.433333 29
12802 79 84 163 -0.0306748 30
12803 122 16 138 0.768116 29
12804 94 35 129 0.457364 33
12805 15 180 195 -0.846154 30
12806 25 143 168 -0.702381 27
12807 179 15 194 0.845361 21
12808 82 65 147 0.115646 31
12809 56 70 126 -0.111111 35
12810 173 16 189 0.830688 23
12811 98 46 144 0.361111 31
12812 118 21 139 0.697842 27
12813 35 76 111 -0.369369 30
12814 63 86 149 -0.154362 26
12815 184 13 197 0.86802 25
12816 4 147 151 -0.94702 21
12817 145 33 178 0.629213 28
12818 100 43 143 0.398601 31
12819 42 69 111 -0.243243 27
12820 16 123 139 -0.769784 29
12821 58 87 145 -0.2 25
12822 96 38 134 0.432836 33
12823 27 108 135 -0.6 29
12824 21 134 155 -0.729032 30
12825 23 164 187 -0.754011 24
12826 40 79 119 -0.327731 24
12827 23 129 152 -0.697368 26
12828 122 27 149 0.637584 26
12829 65 81 146 -0.109589 35
12830 82 64 146 0.123288 31
12831 122 14 136 0.794118 27
12832 88 55 143 0.230769 31
12833 131 56 187 0.40107 32
12834 81 56 137 0.182482 32
12835 28 138 166 -0.662651 31
12836 149 26 175 0.702857 24
12837 92 63 155 0.187097 36
12838 54 76 130 -0.169231 26
12839 54 87 141 -0.234043 26
12840 61 71 132 -0.0757576 30
12841 69 60 129 0.0697674 31
12842 75 47 122 0.229508 26
12843 8 136 144 -0.888889 25
12844 87 45 132 0.318182 26
12845 27 115 142 -0.619718 30
12846 169 16 185 0.827027 27
12847 37 131 168 -0.559524 27
12848 36 117 153 -0.529412 29
12849 100 61 161 0.242236 36
12850 87 1 88 0.977273 20
12851 104 37 141 0.475177 33
12852 10 150 160 -0.875 21
12853 7 145 152 -0.907895 25
12854 118 14 132 0.787879 29
12855 50 108 158 -0.367089 31
12856 73 73 146 0 31
12857 202 8 210 0.92381 17
12858 16 105 121 -0.735537 28
12859 97 47 144 0.347222 30
12860 124 17 141 0.758865 28
12861 25 69 94 -0.468085 25
12862 34 130 164 -0.585366 30
12863 54 69 123 -0.121951 31
12864 24 142 166 -0.710843 31
12865 11 182 193 -0.88601 24
12866 95 61 156 0.217949 32
12867 74 48 122 0.213115 35
12868 57 86 143 -0.202797 31
12869 24 134 158 -0.696203 32
12870 150 10 160 0.875 25
12871 20 146 166 -0.759036 31
12872 72 79 151 -0.0463576 33
12873 117 48 165 0.418182 31
12874 5 130 135 -0.925926 23
12875 125 5 130 0.923077 24
12876 13 187 200 -0.87 25
12877 37 94 131 -0.435115 32
12878 86 63 149 0.154362 34
12879 99 31 130 0.523077 31
12880 65 104 169 -0.230769 36
12881 16 101 117 -0.726496 26
12882 91 45 136 0.338235 32
12883 51 72 123 -0.170732 29
12884 24 82 106 -0.54717 28
12885 173 20 193 0.792746 22
12886 56 92 148 -0.243243 29
12887 112 22 134 0.671642 27
12888 143 30 173 0.653179 35
12889 124 4 128 0.9375 23
12890 32 127 159 -0.597484 33
12891 45 74 119 -0.243697 30
12892 92 73 165 0.115152 28
12893 76 32 108 0.407407 27
12894 27 72 99 -0.454545 23
12895 129 28 157 0.643312 31
12896 61 78 139 -0.122302 28
12897 8 205 213 -0.924883 26
12898 27 87 114 -0.526316 29
12899 41 116 157 -0.477707 30
12900 33 139 172 -0.616279 31
12901 19 141 160 -0.7625 25
12902 81 53 134 0.208955 30
12903 132 36 168 0.571429 31
12904 29 106 135 -0.57037 29
12905 158 10 168 0.880952 25
12906 101 52 153 0.320261 29
12907 30 142 172 -0.651163 31
12908 132 26 158 0.670886 32
12909 36 99 135 -0.466667 34
12910 15 151 166 -0.819277 18
12911 65 81 146 -0.109589 34
12912 62 92 154 -0.194805 36
12913 34 123 157 -0.566879 33
12914 36 135 171 -0.578947 31
12915 116 41 157 0.477707 34
12916 37 77 114 -0.350877 31
12917 46 103 149 -0.38255 31
12918 12 148 160 -0.85 25
12919 18 151 169 -0.786982 29
12920 23 131 154 -0.701299 30
12921 58 92 150 -0.226667 31
12922 79 68 147 0.0748299 33
12923 107 19 126 0.698413 27
12924 81 74 155 0.0451613 28
12925 35 81 116 -0.396552 31
12926 205 14 219 0.872146 18
12927 50 111 161 -0.378882 28
12928 83 52 135 0.22963 30
12929 187 4 191 0.958115 16
12930 151 8 159 0.899371 25
12931 62 77 139 -0.107914 33
12932 110 54 164 0.341463 35
12933 11 162 173 -0.872832 21
12934 48 83 131 -0.267176 34
12935 27 97 124 -0.564516 28
12936 200 6 206 0.941748 23
12937 99 50 149 0.328859 35
12938 175 4 179 0.955307 17
12939 78 1 79 0.974684 19
12940 129 21 150 0.72 27
12941 91 56 147 0.238095 35
12942 14 2 16 0.75 8
12943 41 129 170 -0.517647 30
12944 96 67 163 0.177914 34
12945 48 94 142 -0.323944 32
12946 105 27 132 0.590909 21
12947 52 75 127 -0.181102 34
12948 184 4 188 0.957447 23
12949 45 102 147 -0.387755 34
12950 66 59 125 0.056 32
12951 52 133 185 -0.437838 33
12952 19 118 137 -0.722628 26
12953 64 58 122 0.0491803 29
12954 125 23 148 0.689189 25
12955 18 116 134 -0.731343 24
12956 135 29 164 0.646341 27
12957 36 66 102 -0.294118 28
12958 15 191 206 -0.854369 20
12959 25 146 171 -0.707602 31
12960 107 34 141 0.51773 32
12961 117 33 150 0.56 31
12962 146 14 160 0.825 26
12963 133 51 184 0.445652 32
12964 165 26 191 0.727749 25
12965 42 112 154 -0.454545 34
12966 15 160 175 -0.828571 25
12967 74 75 149 -0.00671141 32
12968 159 16 175 0.817143 26
12969 99 52 151 0.311258 35
12970 96 44 140 0.371429 31
12971 51 109 160 -0.3625 28
12972 83 99 182 -0.0879121 30
12973 115 58 173 0.32948 30
12974 42 97 139 -0.395683 31
12975 212 4 216 0.962963 22
12976 25 142 167 -0.700599 25
12977 16 126 142 -0.774648 27
12978 87 36 123 0.414634 24
12979 197 13 210 0.87619 24
12980 36 124 160 -0.55 28
12981 51 70 121 -0.157025 35
12982 37 117 154 -0.519481 34
12983 54 77 131 -0.175573 29
12984 41 117 158 -0.481013 33
12985 160 17 177 0.80791 25
12986 118 9 127 0.858268 21
12987 135 25 160 0.6875 29
12988 88 35 123 0.430894 30
12989 21 81 102 -0.588235 25
12990 51 49 100 0.02 30
12991 66 81 147 -0.102041 29
12992 60 97 157 -0.235669 34
12993 26 116 142 -0.633803 28
12994 134 30 164 0.634146 27
12995 80 96 176 -0.0909091 28
12996 74 42 116 0.275862 28
12997 109 70 179 0.217877 34
12998 44 112 156 -0.435897 32
12999 116 54 170 0.364706 34
13000 61 111 172 -0.290698 28
13001 35 116 151 -0.536424 25
13002 84 70 154 0.0909091 34
13003 71 38 109 0.302752 29
13004 49 111 160 -0.3875 34
13005 66 57 123 0.0731707 27
13006 0 13 13 -1 7
13007 115 37 152 0.513158 31
13008 139 7 146 0.90411 23
13009 134 2 136 0.970588 21
13010 114 25 139 0.640288 32
13011 22 141 163 -0.730061 30
13012 29 141 170 -0.658824 29
13013 87 64 151 0.152318 34
13014 87 55 142 0.225352 30
13015 99 50 149 0.328859 31
13016 64 87 151 -0.152318 29
13017 150 20 170 0.764706 26
13018 74 77 151 -0.0198675 36
13019 95 32 127 0.496063 25
13020 78 78 156 0 31
13021 22 126 148 -0.702703 27
13022 35 102 137 -0.489051 25
13023 11 138 149 -0.852349 24
13024 61 104 165 -0.260606 30
13025 145 4 149 0.946309 23
13026 83 97 180 -0.0777778 35
13027 89 59 148 0.202703 34
13028 38 96 134 -0.432836 30
13029 57 108 165 -0.309091 32
13030 142 12 154 0.844156 22
13031 6 134 140 -0.914286 25
13032 75 50 125 0.2 31
13033 12 137 149 -0.838926 27
13034 60 78 138 -0.130435 34
13035 75 65 140 0.0714286 31
13036 31 151 182 -0.659341 27
13037 106 46 152 0.394737 26
13038 45 95 140 -0.357143 30
13039 91 31 122 0.491803 30
13040 200 5 205 0.95122 18
13041 73 116 189 -0.227513 26
13042 19 126 145 -0.737931 26
13043 86 88 174 -0.0114943 29
13044 150 21 171 0.754386 25
13045 42 106 148 -0.432432 31
13046 75 66 141 0.0638298 37
13047 86 55 141 0.219858 34
13048 104 35 139 0.496403 24
13049 19 152 171 -0.777778 30
13050 89 25 114 0.561404 27
13051 29 121 150 -0.613333 26
13052 108 18 126 0.714286 30
13053 9 155 164 -0.890244 23
13054 16 87 103 -0.68932 28
13055 117 48 165 0.418182 33
13056 23 142 165 -0.721212 28
13057 43 73 116 -0.258621 28
13058 26 127 153 -0.660131 27
13059 46 93 139 -0.338129 28
13060 143 24 167 0.712575 28
13061 9 116 125 -0.856 26
13062 95 27 122 0.557377 28
13063 222 3 225 0.973333 12
13064 10 200 210 -0.904762 25
13065 12 139 151 -0.84106 28
13066 71 102 173 -0.179191 35
13067 95 34 129 0.472868 31
13068 89 66 155 0.148387 30
13069 91 38 129 0.410853 26
13070 94 67 161 0.167702 37
13071 129 3 132 0.954545 19
13072 154 10 164 0.878049 25
13073 68 66 134 0.0149254 31
13074 32 109 141 -0.546099 30
13075 45 90 135 -0.333333 30
13076 55 76 131 -0.160305 31
13077 130 9 139 0.870504 26
13078 2 175 177 -0.977401 20
13079 18 104 122 -0.704918 30
13080 23 131 154 -0.701299 25
13081 91 22 113 0.610619 31
13082 28 125 153 -0.633987 35
13083 102 31 133 0.533835 32
13084 11 94 105 -0.790476 23
13085 68 108 176 -0.227273 33
13086 127 10 137 0.854015 22
13087 90 39 129 0.395349 34
13088 86 38 124 0.387097 31
13089 139 26 165 0.684848 30
13090 14 92 106 -0.735849 29
13091 63 85 148 -0.148649 27
13092 81 80 161 0.00621118 32
13093 73 34 107 0.364486 29
13094 48 101 149 -0.355705 31
13095 133 26 159 0.672956 34
13096 166 6 172 0.930233 23
13097 186 7 193 0.927461 24
13098 142 20 162 0.753086 27
13099 108 29 137 0.576642 28
13100 34 105 139 -0.510791 32
13101 93 38 131 0.419847 26
13102 54 81 135 -0.2 33
13103 105 25 130 0.615385 25
13104 26 148 174 -0.701149 33
13105 142 7 149 0.90604 23
13106 125 35 160 0.5625 33
13107 40 46 86 -0.0697674 23
13108 52 86 138 -0.246377 27
13109 62 49 111 0.117117 34
13110 149 19 168 0.77381 28
13111 70 31 101 0.386139 32
13112 42 94 136 -0.382353 31
13113 80 49 129 0.24031 32
13114 55 48 103 0.0679612 29
13115 131 8 139 0.884892 25
13116 77 81 158 -0.0253165 30
13117 25 165 190 -0.736842 23
13118 69 64 133 0.037594 34
13119 103 28 131 0.572519 29
13120 44 83 127 -0.307087 35
13121 130 10 140 0.857143 28
13122 98 41 139 0.410072 28
13123 26 97 123 -0.577236 25
13124 148 9 157 0.88535 25
13125 36 94 130 -0.446154 32
13126 129 21 150 0.72 29
13127 7 164 171 -0.918129 24
13128 193 6 199 0.939698 21
13129 48 74 122 -0.213115 28
13130 28 116 144 -0.611111 31
13131 106 15 121 0.752066 29
13132 47 112 159 -0.408805 36
13133 111 42 153 0.45098 32
13134 62 79 141 -0.120567 31
13135 123 49 172 0.430233 26
13136 55 80 135 -0.185185 36
13137 90 48 138 0.304348 32
13138 94 6 100 0.88 22
13139 154 21 175 0.76 29
13140 3 194 197 -0.969543 18
13141 6 90 96 -0.875 24
13142 148 26 174 0.701149 27
13143 63 92 155 -0.187097 30
13144 48 100 148 -0.351351 32
13145 8 153 161 -0.900621 26
13146 145 3 148 0.959459 22
13147 50 50 100 0 29
13148 34 53 87 -0.218391 31
13149 111 58 169 0.313609 31
13150 153 36 189 0.619048 31
13151 114 25 139 0.640288 34
13152 166 12 178 0.865169 23
13153 6 154 160 -0.925 24
13154 167 21 188 0.776596 26
13155 6 5 11 0.0909091 8
13156 120 43 163 0.472393 28
13157 75 65 140 0.0714286 34
13158 66 69 135 -0.0222222 28
13159 3 179 182 -0.967033 19
13160 123 15 138 0.782609 28
13161 40 109 149 -0.463087 27
13162 84 51 135 0.244444 27
13163 15 155 170 -0.823529 30
13164 110 36 146 0.506849 29
13165 79 58 137 0.153285 36
13166 34 68 102 -0.333333 31
13167 108 47 155 0.393548 33
13168 132 13 145 0.82069 26
13169 26 82 108 -0.518519 26
13170 61 72 133 -0.0827068 35
13171 166 25 191 0.73822 27
13172 70 57 127 0.102362 28
13173 95 31 126 0.507937 32
13174 28 135 163 -0.656442 29
13175 115 44 159 0.446541 29
13176 119 7 126 0.888889 22
13177 65 54 119 0.092437 31
13178 182 9 191 0.905759 20
13179 145 42 187 0.550802 28
13180 84 34 118 0.423729 31
13181 47 87 134 -0.298507 33
13182 22 92 114 -0.614035 23
13183 105 31 136 0.544118 34
13184 58 50 108 0.0740741 31
13185 25 84 109 -0.541284 29
13186 63 48 111 0.135135 28
13187 121 47 168 0.440476 31
13188 13 113 126 -0.793651 25
13189 16 182 198 -0.838384 24
13190 76 66 142 0.0704225 29
13191 34 84 118 -0.423729 29
13192 93 54 147 0.265306 27
13193 70 51 121 0.157025 30
13194 115 33 148 0.554054 29
13195 12 71 83 -0.710843 22
13196 90 60 150 0.2 33
13197 115 62 177 0.299435 32
13198 125 18 143 0.748252 31
13199 55 71 126 -0.126984 30
13200 72 60 132 0.0909091 30
13201 151 32 183 0.650273 30
13202 118 12 130 0.815385 21
13203 79 57 136 0.161765 26
13204 48 110 158 -0.392405 33
13205 113 54 167 0.353293 33
13206 151 24 175 0.725714 25
13207 69 79 148 -0.0675676 33
13208 115 14 129 0.782946 25
13209 27 146 173 -0.687861 30
13210 17 136 153 -0.777778 24
13211 35 101 136 -0.485294 23
13212 10 151 161 -0.875776 22
13213 23 96 119 -0.613445 30
13214 6 175 181 -0.933702 24
13215 70 60 130 0.0769231 30
13216 71 57 128 0.109375 32
13217 115 50 165 0.393939 31
13218 126 33 159 0.584906 33
13219 146 8 154 0.896104 24
13220 46 100 146 -0.369863 27
13221 75 74 149 0.00671141 31
13222 110 48 158 0.392405 33
13223 114 20 134 0.701493 25
13224 104 39 143 0.454545 25
13225 59 92 151 -0.218543 29
13226 17 114 131 -0.740458 25
13227 47 99 146 -0.356164 33
13228 32 97 129 -0.503876 29
13229 68 96 164 -0.170732 34
13230 98 81 179 0.0949721 34
13231 102 37 139 0.467626 23
13232 98 34 132 0.484848 26
13233 133 42 175 0.52 26
13234 189 14 203 0.862069 28
13235 104 47 151 0.377483 31
13236 113 6 119 0.89916 25
13237 107 57 164 0.304878 28
13238 29 125 154 -0.623377 29
13239 47 78 125 -0.248 26
13240 65 93 158 -0.177215 35
13241 80 8 88 0.818182 22
13242 20 113 133 -0.699248 24
13243 84 76 160 0.05 32
13244 95 66 161 0.180124 37
13245 63 65 128 -0.015625 25
13246 73 47 120 0.216667 25
13247 130 31 161 0.614907 28
13248 58 95 153 -0.24183 29
13249 76 42 118 0.288136 28
13250 90 77 167 0.0778443 33
13251 100 51 151 0.324503 35
13252 144 20 164 0.756098 29
13253 86 34 120 0.433333 27
13254 26 121 147 -0.646259 28
13255 3 118 121 -0.950413 21
13256 60 108 168 -0.285714 31
13257 28 107 135 -0.585185 29
13258 41 123 164 -0.5 34
13259 138 26 164 0.682927 32
13260 79 49 128 0.234375 30
13261 82 38 120 0.366667 28
13262 100 35 135 0.481481 32
13263 20 158 178 -0.775281 29
13264 114 45 159 0.433962 37
13265 48 51 99 -0.030303 33
13266 65 105 170 -0.235294 31
13267 39 101 140 -0.442857 27
13268 13 118 131 -0.801527 26
13269 67 82 149 -0.100671 35
13270 98 73 171 0.146199 32
13271 7 173 180 -0.922222 23
13272 93 72 165 0.127273 32
13273 114 53 167 0.365269 32
13274 59 81 140 -0.157143 31
13275 65 96 161 -0.192547 34
13276 71 91 162 -0.123457 36
13277 108 50 158 0.367089 27
13278 149 19 168 0.77381 24
13279 5 117 122 -0.918033 24
13280 92 20 112 0.642857 26
13281 112 29 141 0.588652 32
13282 22 107 129 -0.658915 26
13283 62 68 130 -0.0461538 24
13284 66 83 149 -0.114094 30
13285 102 17 119 0.714286 31
13286 6 180 186 -0.935484 23
13287 95 72 167 0.137725 26
13288 130 42 172 0.511628 30
13289 79 39 118 0.338983 31
13290 61 90 151 -0.192053 28
13291 29 80 109 -0.46789 27
13292 110 8 118 0.864407 25
13293 92 57 149 0.234899 36
13294 0 109 109 -1 15
13295 56 86 142 -0.211268 30
13296 162 8 170 0.905882 18
13297 117 15 132 0.772727 27
13298 12 183 195 -0.876923 24
13299 15 42 57 -0.473684 21
13300 26 76 102 -0.490196 30
13301 91 57 148 0.22973 31
13302 6 121 127 -0.905512 23
13303 33 81 114 -0.421053 31
13304 28 178 206 -0.728155 31
13305 172 8 180 0.911111 24
13306 15 114 129 -0.767442 27
13307 76 81 157 -0.0318471 30
13308 116 25 141 0.64539 28
13309 76 34 110 0.381818 31
13310 62 48 110 0.127273 32
13311 92 21 113 0.628319 27
13312 111 22 133 0.669173 30
13313 142 14 156 0.820513 28
13314 73 47 120 0.216667 23
13315 69 80 149 -0.0738255 30
13316 28 203 231 -0.757576 29
13317 92 30 122 0.508197 28
13318 13 182 195 -0.866667 22
13319 134 30 164 0.634146 30
13320 38 119 157 -0.515924 32
13321 112 14 126 0.777778 29
13322 91 57 148 0.22973 34
13323 13 92 105 -0.752381 22
13324 121 38 159 0.522013 27
13325 96 47 143 0.342657 27
13326 79 79 158 0 32
13327 21 96 117 -0.641026 30
13328 61 66 127 -0.0393701 34
13329 14 98 112 -0.75 29
13330 10 141 151 -0.86755 24
13331 45 84 129 -0.302326 24
13332 66 3 69 0.913043 13
13333 81 91 172 -0.0581395 30
13334 101 70 171 0.181287 34
13335 160 21 181 0.767956 28
13336 23 132 155 -0.703226 30
13337 183 8 191 0.91623 25
13338 25 116 141 -0.64539 27
13339 65 76 141 -0.0780142 34
13340 24 98 122 -0.606557 31
13341 50 99 149 -0.328859 30
13342 147 18 165 0.781818 25
13343 114 55 169 0.349112 36
13344 57 89 146 -0.219178 31
13345 66 53 119 0.109244 34
13346 63 126 189 -0.333333 29
13347 14 166 180 -0.844444 27
13348 162 15 177 0.830508 20
13349 30 101 131 -0.541985 30
13350 142 19 161 0.763975 27
13351 70 84 154 -0.0909091 31
13352 16 179 195 -0.835897 29
13353 13 224 237 -0.890295 24
13354 61 65 126 -0.031746 28
13355 76 81 157 -0.0318471 30
13356 20 121 141 -0.716312 27
13357 75 73 148 0.0135135 33
13358 50 88 138 -0.275362 35
13359 130 7 137 0.89781 23
13360 90 56 146 0.232877 30
13361 159 19 178 0.786517 30
13362 105 39 144 0.458333 30
13363 92 60 152 0.210526 33
13364 114 29 143 0.594406 31
13365 86 62 148 0.162162 34
13366 50 100 150 -0.333333 26
13367 65 81 146 -0.109589 27
13368 127 21 148 0.716216 29
13369 69 49 118 0.169492 30
13370 21 139 160 -0.7375 30
13371 84 51 135 0.244444 31
13372 87 71 158 0.101266 29
13373 170 10 180 0.888889 22
13374 156 20 176 0.772727 34
13375 102 29 131 0.557252 25
13376 31 112 143 -0.566434 27
13377 44 98 142 -0.380282 32
13378 6 129 135 -0.911111 25
13379 98 42 140 0.4 30
13380 131 58 189 0.386243 36
13381 58 66 124 -0.0645161 29
13382 74 84 158 -0.0632911 32
13383 40 102 142 -0.43662 34
13384 56 50 106 0.0566038 25
13385 42 126 168 -0.5 27
13386 176 14 190 0.852632 22
13387 60 77 137 -0.124088 30
13388 93 44 137 0.357664 27
13389 42 101 143 -0.412587 29
13390 148 14 162 0.82716 22
13391 111 31 142 0.56338 25
13392 81 41 122 0.327869 29
13393 95 50 145 0.310345 31
13394 137 39 176 0.556818 34
13395 54 69 123 -0.121951 36
13396 178 25 203 0.753695 30
13397 62 94 156 -0.205128 37
13398 96 16 112 0.714286 28
13399 48 116 164 -0.414634 31
13400 62 80 142 -0.126761 34
13401 117 38 155 0.509677 35
13402 111 10 121 0.834711 27
13403 100 30 130 0.538462 25
13404 125 6 131 0.908397 22
13405 46 101 147 -0.37415 33
13406 114 22 136 0.676471 30
13407 161 11 172 0.872093 26
13408 44 100 144 -0.388889 33
13409 91 55 146 0.246575 34
13410 43 110 153 -0.437908 29
13411 98 59 157 0.248408 34
13412 18 174 192 -0.8125 28
13413 50 108 158 -0.367089 34
13414 78 60 138 0.130435 27
13415 82 61 143 0.146853 29
13416 38 84 122 -0.377049 26
13417 143 32 175 0.634286 32
13418 80 68 148 0.0810811 30
13419 120 12 132 0.818182 25
13420 29 107 136 -0.573529 33
13421 144 14 158 0.822785 27
13422 18 128 146 -0.753425 26
13423 14 178 192 -0.854167 26
13424 46 90 136 -0.323529 31
13425 21 160 181 -0.767956 27
13426 38 121 159 -0.522013 27
13427 74 73 147 0.00680272 32
13428 80 52 132 0.212121 30
13429 74 50 124 0.193548 33
13430 50 65 115 -0.130435 31
13431 34 103 137 -0.50365 33
13432 112 20 132 0.69697 27
13433 107 69 176 0.215909 36
13434 52 80 132 -0.212121 33
13435 71 96 167 -0.149701 35
13436 49 85 134 -0.268657 33
13437 188 4 192 0.958333 23
13438 42 115 157 -0.464968 35
13439 25 90 115 -0.565217 31
13440 77 83 160 -0.0375 35
13441 56 155 211 -0.469194 29
13442 105 42 147 0.428571 30
13443 10 123 133 -0.849624 23
13444 97 41 138 0.405797 35
13445 125 34 159 0.572327 30
13446 73 70 143 0.020979 26
13447 130 32 162 0.604938 30
13448 82 10 92 0.782609 21
13449 167 8 175 0.908571 20
13450 170 15 185 0.837838 24
13451 91 20 111 0.63964 30
13452 43 100 143 -0.398601 24
13453 94 56 150 0.253333 33
13454 30 80 110 -0.454545 29
13455 10 111 121 -0.834711 27
13456 64 113 177 -0.276836 26
13457 22 165 187 -0.764706 32
13458 87 80 167 0.0419162 26
13459 35 98 133 -0.473684 32
13460 97 20 117 0.65812 27
13461 50 73 123 -0.186992 28
13462 65 67 132 -0.0151515 33
13463 122 36 158 0.544304 26
13464 65 83 148 -0.121622 31
13465 19 176 195 -0.805128 24
13466 176 12 188 0.87234 23
13467 98 63 161 0.217391 31
13468 20 63 83 -0.518072 24
13469 13 138 151 -0.827815 28
13470 33 114 147 -0.55102 32
13471 39 82 121 -0.355372 28
13472 164 33 197 0.664975 25
13473 60 73 133 -0.0977444 35
13474 40 85 125 -0.36 31
13475 81 41 122 0.327869 30
13476 103 42 145 0.42069 33
13477 135 30 165 0.636364 30
13478 88 21 109 0.614679 29
13479 36 32 68 0.0588235 27
13480 11 180 191 -0.884817 27
13481 140 17 157 0.783439 30
13482 13 113 126 -0.793651 22
13483 60 55 115 0.0434783 33
13484 76 63 139 0.0935252 33
13485 72 33 105 0.371429 24
13486 18 111 129 -0.72093 28
13487 99 34 133 0.488722 32
13488 64 56 120 0.0666667 29
13489 33 60 93 -0.290323 28
13490 205 14 219 0.872146 21
13491 51 95 146 -0.30137 34
13492 178 19 197 0.807107 26
13493 96 48 144 0.333333 33
13494 42 96 138 -0.391304 27
13495 27 137 164 -0.670732 31
13496 73 86 159 -0.081761 33
13497 14 85 99 -0.717172 21
13498 9 132 141 -0.87234 24
13499 50 57 107 -0.0654206 29
13500 102 51 153 0.333333 34
13501 113 47 160 0.4125 32
13502 67 87 154 -0.12987 35
13503 49 62 111 -0.117117 33
13504 37 99 136 -0.455882 37
13505 70 51 121 0.157025 34
13506 75 88 163 -0.0797546 32
13507 60 82 142 -0.15493 29
13508 81 13 94 0.723404 21
13509 133 37 170 0.564706 30
13510 12 111 123 -0.804878 29
13511 136 6 142 0.915493 24
13512 52 48 100 0.04 28
13513 22 156 178 -0.752809 24
13514 202 9 211 0.914692 22
13515 31 72 103 -0.398058 27
13516 41 70 111 -0.261261 32
13517 100 51 151 0.324503 28
13518 6 126 132 -0.909091 11
13519 31 118 149 -0.583893 26
13520 110 40 150 0.466667 30
13521 104 48 152 0.368421 31
13522 39 133 172 -0.546512 30
13523 30 101 131 -0.541985 32
13524 66 60 126 0.047619 32
13525 167 26 193 0.73057 29
13526 115 37 152 0.513158 25
13527 43 103 146 -0.410959 33
13528 21 127 148 -0.716216 29
13529 109 25 134 0.626866 29
13530 83 61 144 0.152778 29
13531 27 106 133 -0.593985 32
13532 125 7 132 0.893939 25
13533 10 107 117 -0.82906 20
13534 53 71 124 -0.145161 32
13535 34 136 170 -0.6 32
13536 38 115 153 -0.503268 32
13537 68 78 146 -0.0684932 31
13538 199 3 202 0.970297 18
13539 57 9 66 0.727273 19
13540 33 198 231 -0.714286 32
13541 82 55 137 0.19708 24
13542 11 140 151 -0.854305 28
13543 44 86 130 -0.323077 27
13544 86 54 140 0.228571 28
13545 42 95 137 -0.386861 31
13546 44 88 132 -0.333333 25
13547 31 90 121 -0.487603 27
13548 104 26 130 0.6 32
13549 170 24 194 0.752577 31
13550 146 26 172 0.697674 28
13551 67 77 144 -0.0694444 28
13552 90 45 135 0.333333 24
13553 97 41 138 0.405797 26
13554 55 79 134 -0.179104 36
13555 128 18 146 0.753425 29
13556 18 136 154 -0.766234 29
13557 126 10 136 0.852941 24
13558 57 126 183 -0.377049 32
13559 150 10 160 0.875 27
13560 115 45 160 0.4375 33
13561 10 93 103 -0.805825 24
13562 163 9 172 0.895349 19
13563 16 136 152 -0.789474 31
13564 160 8 168 0.904762 24
13565 198 11 209 0.894737 26
13566 25 101 126 -0.603175 28
13567 52 62 114 -0.0877193 25
13568 54 63 117 -0.0769231 32
13569 32 94 126 -0.492063 32
13570 86 83 169 0.0177515 33
13571 101 79 180 0.122222 37
13572 127 5 132 0.924242 22
13573 89 49 138 0.289855 28
13574 97 60 157 0.235669 31
13575 52 56 108 -0.037037 29
13576 22 110 132 -0.666667 23
13577 29 153 182 -0.681319 34
13578 51 85 136 -0.25 32
13579 24 88 112 -0.571429 27
13580 128 54 182 0.406593 31
13581 101 28 129 0.565891 34
13582 167 2 169 0.976331 21
13583 19 122 141 -0.730496 27
13584 37 74 111 -0.333333 30
13585 47 112 159 -0.408805 37
13586 115 40 155 0.483871 33
13587 138 22 160 0.725 30
13588 59 86 145 -0.186207 34
13589 47 125 172 -0.453488 33
13590 104 31 135 0.540741 34
13591 79 61 140 0.128571 26
13592 118 13 131 0.801527 27
13593 41 109 150 -0.453333 33
13594 20 117 137 -0.708029 30
13595 76 74 150 0.0133333 32
13596 29 115 144 -0.597222 27
13597 133 28 161 0.652174 32
13598 88 1 89 0.977528 8
13599 45 103 148 -0.391892 31
13600 60 104 164 -0.268293 35
13601 136 36 172 0.581395 25
13602 41 69 110 -0.254545 28
13603 54 53 107 0.00934579 29
13604 160 7 167 0.916168 20
13605 78 38 116 0.344828 29
13606 133 29 162 0.641975 30
13607 88 67 155 0.135484 32
13608 69 27 96 0.4375 30
13609 31 130 161 -0.614907 31
13610 97 22 119 0.630252 32
13611 124 43 167 0.48503 34
13612 70 64 134 0.0447761 29
13613 44 138 182 -0.516484 30
13614 24 95 119 -0.596639 29
13615 40 80 120 -0.333333 30
13616 132 25 157 0.681529 32
13617 29 185 214 -0.728972 29
13618 114 14 128 0.78125 27
13619 49 105 154 -0.363636 28
13620 6 183 189 -0.936508 24
13621 21 116 137 -0.693431 29
13622 10 199 209 -0.904306 25
13623 119 14 133 0.789474 27
13624 49 89 138 -0.289855 28
13625 41 68 109 -0.247706 28
13626 22 116 138 -0.681159 30
13627 16 116 132 -0.757576 27
13628 156 5 161 0.937888 21
13629 17 136 153 -0.777778 28
13630 6 191 197 -0.939086 22
13631 37 80 117 -0.367521 31
13632 109 40 149 0.463087 32
13633 64 57 121 0.0578512 29
13634 100 61 161 0.242236 35
13635 53 112 165 -0.357576 36
13636 20 130 150 -0.733333 28
13637 141 14 155 0.819355 27
13638 1 169 170 -0.988235 15
13639 73 77 150 -0.0266667 35
13640 30 66 96 -0.375 29
13641 96 20 116 0.655172 21
13642 15 104 119 -0.747899 26
13643 94 63 157 0.197452 30
13644 22 214 236 -0.813559 22
13645 142 6 148 0.918919 22
13646 77 47 124 0.241935 31
13647 54 85 139 -0.223022 35
13648 13 166 179 -0.854749 30
13649 156 11 167 0.868263 26
13650 29 105 134 -0.567164 32
13651 60 98 158 -0.240506 36
13652 129 56 185 0.394595 31
13653 177 11 188 0.882979 21
13654 23 119 142 -0.676056 30
13655 95 45 140 0.357143 31
13656 1 172 173 -0.988439 14
13657 153 5 158 0.936709 24
13658 136 31 167 0.628743 26
13659 128 14 142 0.802817 25
13660 90 61 151 0.192053 30
13661 40 113 153 -0.477124 31
13662 121 28 149 0.624161 30
13663 54 80 134 -0.19403 32
13664 66 89 155 -0.148387 32
13665 154 10 164 0.878049 22
13666 90 57 147 0.22449 30
13667 35 87 122 -0.42623 33
13668 83 84 167 -0.00598802 30
13669 109 60 169 0.289941 29
13670 64 86 150 -0.146667 31
13671 14 98 112 -0.75 28
13672 16 87 103 -0.68932 24
13673 212 23 235 0.804255 22
13674 18 120 138 -0.73913 28
13675 5 161 166 -0.939759 19
13676 131 27 158 0.658228 28
13677 90 44 134 0.343284 33
13678 225 5 230 0.956522 23
13679 11 171 182 -0.879121 28
13680 47 125 172 -0.453488 30
13681 106 55 161 0.31677 29
13682 64 60 124 0.0322581 33
13683 118 17 135 0.748148 26
13684 15 226 241 -0.875519 18
13685 91 58 149 0.221477 29
13686 40 139 179 -0.553073 30
13687 58 77 135 -0.140741 23
13688 103 47 150 0.373333 31
13689 95 41 136 0.397059 31
13690 133 30 163 0.631902 33
13691 14 109 123 -0.772358 27
13692 38 89 127 -0.401575 30
13693 11 197 208 -0.894231 27
13694 111 25 136 0.632353 29
13695 45 47 92 -0.0217391 26
13696 41 69 110 -0.254545 30
13697 6 140 146 -0.917808 22
13698 65 68 133 -0.0225564 29
13699 20 140 160 -0.75 28
13700 17 160 177 -0.80791 22
13701 78 37 115 0.356522 31
13702 87 27 114 0.526316 23
13703 29 108 137 -0.576642 30
13704 43 118 161 -0.465839 28
13705 186 4 190 0.957895 19
13706 98 37 135 0.451852 26
13707 29 73 102 -0.431373 27
13708 57 58 115 -0.00869565 25
13709 5 174 179 -0.944134 17
13710 26 130 156 -0.666667 32
13711 154 17 171 0.80117 31
13712 143 10 153 0.869281 25
13713 97 36 133 0.458647 30
13714 65 11 76 0.710526 24
13715 79 61 140 0.128571 35
13716 171 4 175 0.954286 23
13717 128 26 154 0.662338 28
13718 109 16 125 0.744 28
13719 36 118 154 -0.532468 35
13720 65 107 172 -0.244186 30
13721 64 62 126 0.015873 30
13722 94 15 109 0.724771 28
13723 39 47 86 -0.0930233 24
13724 45 103 148 -0.391892 32
13725 32 117 149 -0.57047 30
13726 137 16 153 0.79085 28
13727 42 94 136 -0.382353 28
13728 32 99 131 -0.51145 26
13729 107 44 151 0.417219 30
13730 73 54 127 0.149606 33
13731 55 86 141 -0.219858 32
13732 150 12 162 0.851852 25
13733 142 41 183 0.551913 38
13734 196 6 202 0.940594 21
13735 69 49 118 0.169492 31
13736 158 6 164 0.926829 24
13737 74 99 173 -0.144509 27
13738 7 199 206 -0.932039 23
13739 20 144 164 -0.756098 25
13740 165 5 170 0.941176 17
13741 41 96 137 -0.40146 31
13742 53 107 160 -0.3375 29
13743 27 143 170 -0.682353 26
13744 20 142 162 -0.753086 30
13745 55 108 163 -0.325153 33
13746 145 8 153 0.895425 22
13747 33 145 178 -0.629213 26
13748 124 27 151 0.642384 25
13749 160 7 167 0.916168 24
13750 77 73 150 0.0266667 33
13751 40 119 159 -0.496855 33
13752 19 199 218 -0.825688 24
13753 189 8 197 0.918782 15
13754 137 49 186 0.473118 32
13755 133 19 152 0.75 21
13756 14 160 174 -0.83908 26
13757 70 126 196 -0.285714 34
13758 63 84 147 -0.142857 30
13759 32 73 105 -0.390476 28
13760 45 94 139 -0.352518 32
13761 171 18 189 0.809524 32
13762 103 25 128 0.609375 26
13763 12 169 181 -0.867403 26
13764 99 38 137 0.445255 30
13765 68 89 157 -0.133758 30
13766 109 39 148 0.472973 32
13767 26 92 118 -0.559322 26
13768 25 134 159 -0.685535 28
13769 185 10 195 0.897436 28
13770 6 118 124 -0.903226 22
13771 45 115 160 -0.4375 33
13772 112 46 158 0.417722 30
13773 61 103 164 -0.256098 31
13774 73 62 135 0.0814815 30
13775 22 105 127 -0.653543 32
13776 77 78 155 -0.00645161 33
13777 159 20 179 0.776536 30
13778 40 131 171 -0.532164 33
13779 60 67 127 -0.0551181 32
13780 180 28 208 0.730769 31
13781 9 127 136 -0.867647 25
13782 139 29 168 0.654762 31
13783 103 29 132 0.560606 24
13784 81 29 110 0.472727 28
13785 15 153 168 -0.821429 24
13786 71 85 156 -0.0897436 28
13787 162 22 184 0.76087 30
13788 21 132 153 -0.72549 30
13789 59 117 176 -0.329545 29
13790 30 105 135 -0.555556 29
13791 2 215 217 -0.981567 21
13792 74 26 100 0.48 27
13793 102 22 124 0.645161 29
13794 132 22 154 0.714286 29
13795 47 102 149 -0.369128 29
13796 32 127 159 -0.597484 28
13797 154 5 159 0.937107 24
13798 49 18 67 0.462687 19
13799 166 17 183 0.814208 26
13800 84 62 146 0.150685 38
13801 7 176 183 -0.923497 23
13802 85 71 156 0.0897436 30
13803 36 86 122 -0.409836 30
13804 45 77 122 -0.262295 32
13805 26 106 132 -0.606061 33
13806 75 94 169 -0.112426 33
13807 111 41 152 0.460526 25
13808 60 61 121 -0.00826446 30
13809 19 112 131 -0.709924 28
13810 41 54 95 -0.136842 30
13811 77 70 147 0.047619 34
13812 119 9 128 0.859375 25
13813 3 150 153 -0.960784 16
13814 85 81 166 0.0240964 32
13815 5 192 197 -0.949239 19
13816 101 80 181 0.116022 34
13817 66 81 147 -0.102041 30
13818 47 78 125 -0.248 33
13819 21 172 193 -0.782383 26
13820 10 209 219 -0.908676 23
13821 165 8 173 0.907514 23
13822 52 104 156 -0.333333 34
13823 22 17 39 0.128205 14
13824 29 112 141 -0.588652 32
13825 36 73 109 -0.33945 28
13826 67 50 117 0.145299 28
13827 108 39 147 0.469388 35
13828 87 42 129 0.348837 32
13829 27 125 152 -0.644737 29
13830 42 108 150 -0.44 31
13831 63 60 123 0.0243902 36
13832 48 83 131 -0.267176 28
13833 69 80 149 -0.0738255 34
13834 25 113 138 -0.637681 29
13835 56 74 130 -0.138462 28
13836 59 69 128 -0.078125 30
13837 2 173 175 -0.977143 17
13838 37 106 143 -0.482517 33
13839 55 115 170 -0.352941 34
13840 105 13 118 0.779661 27
13841 60 80 140 -0.142857 27
13842 140 45 185 0.513514 33
13843 9 146 155 -0.883871 24
13844 7 179 186 -0.924731 26
13845 79 69 148 0.0675676 32
13846 73 67 140 0.0428571 34
13847 101 46 147 0.37415 27
13848 10 180 190 -0.894737 23
13849 65 40 105 0.238095 33
13850 119 23 142 0.676056 30
13851 27 144 171 -0.684211 24
13852 33 157 190 -0.652632 22
13853 11 37 48 -0.541667 12
13854 126 32 158 0.594937 31
13855 147 24 171 0.719298 29
13856 77 65 142 0.084507 33
13857 13 133 146 -0.821918 28
13858 28 114 142 -0.605634 28
13859 70 34 104 0.346154 27
13860 105 42 147 0.428571 33
13861 108 26 134 0.61194 24
13862 71 89 160 -0.1125 30
13863 74 85 159 -0.0691824 28
13864 12 157 169 -0.857988 24
13865 32 109 141 -0.546099 33
13866 133 30 163 0.631902 28
13867 9 161 170 -0.894118 15
13868 78 66 144 0.0833333 31
13869 26 93 119 -0.563025 30
13870 99 44 143 0.384615 24
13871 132 7 139 0.899281 24
13872 45 85 130 -0.307692 30
13873 37 104 141 -0.475177 32
13874 63 8 71 0.774648 15
13875 49 45 94 0.0425532 26
13876 16 172 188 -0.829787 25
13877 68 93 161 -0.15528 26
13878 40 101 141 -0.432624 35
13879 7 144 151 -0.907285 16
13880 26 162 188 -0.723404 30
13881 31 157 188 -0.670213 32
13882 66 58 124 0.0645161 33
13883 27 129 156 -0.653846 33
13884 112 34 146 0.534247 31
13885 157 43 200 0.57 28
13886 105 57 162 0.296296 30
13887 41 90 131 -0.374046 27
13888 7 145 152 -0.907895 25
13889 7 147 154 -0.909091 21
13890 52 84 136 -0.235294 32
13891 15 98 113 -0.734513 27
13892 79 73 152 0.0394737 32
13893 23 123 146 -0.684932 30
13894 31 52 83 -0.253012 22
13895 51 97 148 -0.310811 28
13896 112 42 154 0.454545 33
13897 72 102 174 -0.172414 33
13898 138 41 179 0.541899 26
13899 6 180 186 -0.935484 22
13900 44 108 152 -0.421053 32
13901 77 120 197 -0.218274 32
13902 104 32 136 0.529412 24
13903 128 33 161 0.590062 31
13904 22 82 104 -0.576923 29
13905 33 96 129 -0.488372 30
13906 29 158 187 -0.68984 31
13907 116 40 156 0.487179 28
13908 21 159 180 -0.766667 36
13909 184 13 197 0.86802 26
13910 105 20 125 0.68 22
13911 88 10 98 0.795918 28
13912 32 107 139 -0.539568 33
13913 38 54 92 -0.173913 23
13914 25 126 151 -0.668874 23
13915 85 60 145 0.172414 32
13916 4 144 148 -0.945946 23
13917 54 60 114 -0.0526316 29
13918 21 187 208 -0.798077 29
13919 191 12 203 0.881773 24
13920 115 28 143 0.608392 34
13921 46 94 140 -0.342857 31
13922 19 118 137 -0.722628 30
13923 51 117 168 -0.392857 33
13924 10 128 138 -0.855072 23
13925 67 62 129 0.0387597 32
13926 91 51 142 0.28169 34
13927 119 27 146 0.630137 32
13928 147 11 158 0.860759 24
13929 138 24 162 0.703704 32
13930 35 120 155 -0.548387 31
13931 23 120 143 -0.678322 34
13932 79 66 145 0.0896552 25
13933 53 94 147 -0.278912 32
13934 63 66 129 -0.0232558 25
13935 124 28 152 0.631579 28
13936 88 65 153 0.150327 36
13937 17 165 182 -0.813187 25
13938 126 40 166 0.518072 33
13939 10 193 203 -0.901478 23
13940 16 114 130 -0.753846 26
13941 127 34 161 0.57764 32
13942 16 131 147 -0.782313 29
13943 33 89 122 -0.459016 26
13944 131 25 156 0.679487 28
13945 58 65 123 -0.0569106 28
13946 139 8 147 0.891156 27
13947 80 69 149 0.0738255 25
13948 107 46 153 0.398693 27
13949 137 24 161 0.701863 30
13950 64 47 111 0.153153 28
13951 71 59 130 0.0923077 29
13952 32 110 142 -0.549296 31
13953 55 104 159 -0.308176 33
13954 119 49 168 0.416667 36
13955 56 99 155 -0.277419 26
13956 9 202 211 -0.914692 24
13957 11 151 162 -0.864198 26
13958 37 100 137 -0.459854 35
13959 21 154 175 -0.76 24
13960 39 74 113 -0.309735 29
13961 143 11 154 0.857143 26
13962 27 64 91 -0.406593 30
13963 120 33 153 0.568627 29
13964 76 71 147 0.0340136 36
13965 48 56 104 -0.0769231 30
13966 117 54 171 0.368421 31
13967 163 10 173 0.884393 24
13968 81 70 151 0.0728477 35
13969 120 20 140 0.714286 26
13970 58 58 116 0 27
13971 11 200 211 -0.895735 16
13972 40 124 164 -0.512195 32
13973 77 58 135 0.140741 32
13974 135 56 191 0.413613 33
13975 12 203 215 -0.888372 26
13976 188 17 205 0.834146 22
13977 78 55 133 0.172932 30
13978 116 37 153 0.51634 36
13979 60 65 125 -0.04 33
13980 64 107 171 -0.251462 34
13981 104 25 129 0.612403 29
13982 30 31 61 -0.0163934 23
13983 31 47 78 -0.205128 30
13984 102 24 126 0.619048 25
13985 85 82 167 0.0179641 28
13986 14 170 184 -0.847826 27
13987 24 86 110 -0.563636 25
13988 42 109 151 -0.443709 29
13989 25 147 172 -0.709302 32
13990 17 167 184 -0.815217 30
13991 62 105 167 -0.257485 31
13992 18 162 180 -0.8 28
13993 54 154 208 -0.480769 26
13994 140 5 145 0.931034 22
13995 194 15 209 0.856459 20
13996 147 7 154 0.909091 24
13997 38 132 170 -0.552941 27
13998 122 17 139 0.755396 33
13999 80 85 165 -0.030303 25
14000 40 96 136 -0.411765 29
14001 82 89 171 -0.0409357 35
14002 142 10 152 0.868421 24
14003 47 76 123 -0.235772 27
14004 11 126 137 -0.839416 22
14005 33 115 148 -0.554054 32
14006 28 155 183 -0.693989 33
14007 172 14 186 0.849462 24
14008 48 104 152 -0.368421 34
14009 11 113 124 -0.822581 26
14010 80 24 104 0.538462 25
14011 22 131 153 -0.712418 27
14012 96 27 123 0.560976 27
14013 34 114 148 -0.540541 31
14014 66 81 147 -0.102041 36
14015 15 135 150 -0.8 27
14016 135 47 182 0.483516 33
14017 58 75 133 -0.12782 36
14018 56 12 68 0.647059 26
14019 137 9 146 0.876712 26
14020 58 72 130 -0.107692 32
14021 224 2 226 0.982301 18
14022 79 67 146 0.0821918 32
14023 48 53 101 -0.049505 23
14024 87 86 173 0.00578035 29
14025 23 105 128 -0.640625 28
14026 38 98 136 -0.441176 32
14027 31 84 115 -0.46087 27
14028 62 77 139 -0.107914 33
14029 24 109 133 -0.639098 29
14030 135 17 152 0.776316 27
14031 98 13 111 0.765766 29
14032 66 101 167 -0.209581 31
14033 98 55 153 0.281046 27
14034 51 63 114 -0.105263 32
14035 136 34 170 0.6 26
14036 14 110 124 -0.774194 25
14037 61 51 112 0.0892857 30
14038 28 152 180 -0.688889 32
14039 53 96 149 -0.288591 29
14040 4 225 229 -0.965066 18
14041 165 17 182 0.813187 27
14042 95 49 144 0.319444 34
14043 182 19 201 0.810945 25
14044 119 35 154 0.545455 31
14045 82 66 148 0.108108 27
14046 75 58 133 0.12782 27
14047 23 124 147 -0.687075 29
14048 25 129 154 -0.675325 24
14049 42 112 154 -0.454545 32
14050 12 113 125 -0.808 24
14051 137 34 171 0.602339 31
14052 70 89 159 -0.119497 29
14053 110 35 145 0.517241 30
14054 44 92 136 -0.352941 33
14055 111 10 121 0.834711 18
14056 22 108 130 -0.661538 29
14057 116 14 130 0.784615 27
14058 9 204 213 -0.915493 22
14059 9 154 163 -0.889571 25
14060 58 73 131 -0.114504 30
14061 145 23 168 0.72619 28
14062 45 112 157 -0.426752 33
14063 30 111 141 -0.574468 31
14064 97 61 158 0.227848 30
14065 34 125 159 -0.572327 32
14066 68 66 134 0.0149254 29
14067 71 34 105 0.352381 21
14068 118 37 155 0.522581 32
14069 25 153 178 -0.719101 28
14070 30 122 152 -0.605263 30
14071 57 9 66 0.727273 23
14072 129 18 147 0.755102 25
14073 47 109 156 -0.397436 33
14074 106 54 160 0.325 34
14075 53 74 127 -0.165354 32
14076 105 54 159 0.320755 31
14077 28 202 230 -0.756522 31
14078 113 16 129 0.751938 26
14079 161 21 182 0.769231 30
14080 124 26 150 0.653333 31
14081 8 192 200 -0.92 21
14082 139 12 151 0.84106 22
14083 25 150 175 -0.714286 31
14084 72 88 160 -0.1 30
14085 48 61 109 -0.119266 28
14086 11 180 191 -0.884817 21
14087 9 143 152 -0.881579 27
14088 100 51 151 0.324503 33
14089 141 22 163 0.730061 32
14090 74 77 151 -0.0198675 29
14091 104 57 161 0.291925 32
14092 104 35 139 0.496403 32
14093 167 9 176 0.897727 26
14094 65 91 156 -0.166667 29
14095 127 7 134 0.895522 21
14096 71 108 179 -0.206704 33
14097 100 28 128 0.5625 29
14098 126 36 162 0.555556 27
14099 40 73 113 -0.292035 29
14100 11 133 144 -0.847222 27
14101 127 31 158 0.607595 27
14102 22 100 122 -0.639344 30
14103 188 15 203 0.852217 27
14104 15 110 125 -0.76 28
14105 94 38 132 0.424242 33
14106 17 127 144 -0.763889 29
14107 178 11 189 0.883598 26
14108 6 146 152 -0.921053 22
14109 110 21 131 0.679389 31
14110 97 31 128 0.515625 29
14111 70 47 117 0.196581 31
14112 154 21 175 0.76 28
14113 62 79 141 -0.120567 32
14114 147 31 178 0.651685 30
14115 99 58 157 0.261146 32
14116 24 92 116 -0.586207 30
14117 89 51 140 0.271429 33
14118 6 132 138 -0.913043 24
14119 13 106 119 -0.781513 29
14120 40 127 167 -0.520958 28
14121 37 102 139 -0.467626 33
14122 50 91 141 -0.29078 33
14123 45 109 154 -0.415584 32
14124 63 112 175 -0.28 36
14125 82 67 149 0.100671 33
14126 83 45 128 0.296875 33
14127 63 59 122 0.0327869 36
14128 36 105 141 -0.489362 31
14129 63 98 161 -0.217391 33
14130 171 7 178 0.921348 23
14131 49 81 130 -0.246154 30
14132 30 137 167 -0.640719 30
14133 86 21 107 0.607477 26
14134 3 143 146 -0.958904 19
14135 97 26 123 0.577236 33
14136 10 164 174 -0.885057 22
14137 37 113 150 -0.506667 33
14138 96 55 151 0.271523 29
14139 70 50 120 0.166667 31
14140 24 112 136 -0.647059 29
14141 14 115 129 -0.782946 27
14142 36 97 133 -0.458647 30
14143 39 109 148 -0.472973 25
14144 69 89 158 -0.126582 35
14145 127 45 172 0.476744 31
14146 82 46 128 0.28125 32
14147 3 102 105 -0.942857 11
14148 53 79 132 -0.19697 25
14149 110 32 142 0.549296 28
14150 32 130 162 -0.604938 27
14151 126 14 140 0.8 28
14152 156 12 168 0.857143 22
14153 136 25 161 0.689441 30
14154 29 79 108 -0.462963 31
14155 62 55 117 0.0598291 34
14156 55 63 118 -0.0677966 35
14157 64 72 136 -0.0588235 32
14158 84 35 119 0.411765 29
14159 7 143 150 -0.906667 22
14160 38 129 167 -0.54491 23
14161 75 102 177 -0.152542 35
14162 83 57 140 0.185714 30
14163 74 79 153 -0.0326797 31
14164 14 134 148 -0.810811 24
14165 153 35 188 0.62766 29
14166 128 5 133 0.924812 24
14167 103 24 127 0.622047 30
14168 28 145 173 -0.676301 32
14169 24 143 167 -0.712575 21
14170 57 44 101 0.128713 26
14171 37 108 145 -0.489655 33
14172 143 12 155 0.845161 28
14173 39 118 157 -0.503185 31
14174 153 18 171 0.789474 31
14175 115 2 117 0.965812 21
14176 5 83 88 -0.886364 20
14177 45 106 151 -0.403974 30
14178 116 42 158 0.468354 27
14179 34 114 148 -0.540541 33
14180 108 66 174 0.241379 34
14181 211 10 221 0.909502 25
14182 59 86 145 -0.186207 34
14183 50 108 158 -0.367089 33
14184 62 88 150 -0.173333 33
14185 50 72 122 -0.180328 33
14186 160 19 179 0.787709 31
14187 12 146 158 -0.848101 28
14188 62 55 117 0.0598291 34
14189 74 72 146 0.0136986 33
14190 100 48 148 0.351351 34
14191 12 129 141 -0.829787 27
14192 149 8 157 0.898089 19
14193 88 58 146 0.205479 26
14194 13 115 128 -0.796875 25
14195 41 99 140 -0.414286 31
14196 127 10 137 0.854015 26
14197 51 51 102 0 32
14198 42 91 133 -0.368421 30
14199 33 142 175 -0.622857 27
14200 190 13 203 0.871921 27
14201 15 165 180 -0.833333 27
14202 67 105 172 -0.22093 31
14203 72 60 132 0.0909091 34
14204 28 110 138 -0.594203 26
14205 125 25 150 0.666667 31
14206 38 99 137 -0.445255 26
14207 188 9 197 0.908629 22
14208 18 98 116 -0.689655 21
14209 86 79 165 0.0424242 35
14210 97 64 161 0.204969 36
14211 26 151 177 -0.706215 29
14212 22 124 146 -0.69863 30
14213 152 18 170 0.788235 32
14214 26 106 132 -0.606061 31
14215 2 106 108 -0.962963 17
14216 132 37 169 0.56213 32
14217 92 44 136 0.352941 34
14218 49 53 102 -0.0392157 32
14219 28 127 155 -0.63871 30
14220 97 43 140 0.385714 32
14221 99 37 136 0.455882 30
14222 112 54 166 0.349398 29
14223 83 39 122 0.360656 22
14224 102 55 157 0.299363 32
14225 124 34 158 0.56962 32
14226 90 85 175 0.0285714 29
14227 26 77 103 -0.495146 31
14228 76 77 153 -0.00653595 33
14229 101 53 154 0.311688 33
14230 97 21 118 0.644068 28
14231 82 71 153 0.0718954 29
14232 14 118 132 -0.787879 29
14233 23 90 113 -0.59292 30
14234 143 8 151 0.89404 22
14235 154 20 174 0.770115 29
14236 39 98 137 -0.430657 32
14237 23 143 166 -0.722892 25
14238 170 9 179 0.899441 24
14239 29 86 115 -0.495652 30
14240 30 109 139 -0.568345 27
14241 31 57 88 -0.295455 22
14242 12 163 175 -0.862857 26
14243 78 68 146 0.0684932 34
14244 28 12 40 0.4 21
14245 67 53 120 0.116667 34
14246 39 75 114 -0.315789 26
14247 88 36 124 0.419355 22
14248 60 88 148 -0.189189 34
14249 129 26 155 0.664516 25
14250 105 44 149 0.409396 28
14251 107 74 181 0.18232 36
14252 104 24 128 0.625 30
14253 80 21 101 0.584158 27
14254 16 198 214 -0.850467 23
14255 63 82 145 -0.131034 30
14256 9 148 157 -0.88535 20
14257 127 56 183 0.387978 34
14258 170 13 183 0.857923 28
14259 83 41 124 0.33871 33
14260 93 59 152 0.223684 32
14261 47 56 103 -0.0873786 31
14262 54 89 143 -0.244755 30
14263 44 110 154 -0.428571 33
14264 108 45 153 0.411765 30
14265 43 90 133 -0.353383 32
14266 46 101 147 -0.37415 32
14267 5 101 106 -0.90566 19
14268 43 102 145 -0.406897 33
14269 22 93 115 -0.617391 28
14270 76 66 142 0.0704225 33
14271 71 88 159 -0.106918 32
14272 135 7 142 0.901408 23
14273 58 97 155 -0.251613 34
14274 123 58 181 0.359116 29
14275 23 143 166 -0.722892 26
14276 137 31 168 0.630952 35
14277 63 60 123 0.0243902 38
14278 112 40 152 0.473684 32
14279 52 18 70 0.485714 26
14280 19 164 183 -0.79235 30
14281 69 115 184 -0.25 28
14282 157 42 199 0.577889 30
14283 72 88 160 -0.1 30
14284 145 22 167 0.736527 30
14285 47 96 143 -0.342657 32
14286 10 117 127 -0.84252 27
14287 34 162 196 -0.653061 24
14288 28 89 117 -0.521368 29
14289 4 155 159 -0.949686 20
14290 100 30 130 0.538462 32
14291 110 41 151 0.456954 30
14292 56 58 114 -0.0175439 27
14293 93 40 133 0.398496 28
14294 68 41 109 0.247706 27
14295 153 7 160 0.9125 25
14296 157 5 162 0.938272 19
14297 103 39 142 0.450704 34
14298 54 64 118 -0.0847458 27
14299 46 83 129 -0.286822 31
14300 58 142 200 -0.42 30
14301 32 142 174 -0.632184 26
14302 139 9 148 0.878378 27
14303 38 100 138 -0.449275 32
14304 84 24 108 0.555556 26
14305 21 125 146 -0.712329 26
14306 16 126 142 -0.774648 29
14307 23 138 161 -0.714286 29
14308 47 132 179 -0.47486 31
14309 75 31 106 0.415094 32
14310 23 164 187 -0.754011 29
14311 135 19 154 0.753247 26
14312 34 101 135 -0.496296 29
14313 45 82 127 -0.291339 32
14314 72 96 168 -0.142857 30
14315 72 50 122 0.180328 33
14316 10 163 173 -0.884393 20
14317 74 31 105 0.409524 21
14318 83 46 129 0.286822 26
14319 18 162 180 -0.8 26
14320 96 57 153 0.254902 30
14321 7 204 211 -0.933649 23
14322 57 66 123 -0.0731707 32
14323 29 109 138 -0.57971 27
14324 74 73 147 0.00680272 27
14325 130 13 143 0.818182 23
14326 47 68 115 -0.182609 27
14327 151 21 172 0.755814 29
14328 87 4 91 0.912088 14
14329 152 13 165 0.842424 29
14330 100 50 150 0.333333 30
14331 142 13 155 0.832258 24
14332 43 101 144 -0.402778 30
14333 136 13 149 0.825503 25
14334 39 110 149 -0.47651 26
14335 17 155 172 -0.802326 29
14336 25 117 142 -0.647887 30
14337 35 136 171 -0.590643 30
14338 82 76 158 0.0379747 35
14339 114 15 129 0.767442 28
14340 120 7 127 0.889764 21
14341 69 71 140 -0.0142857 30
14342 62 69 131 -0.0534351 32
14343 50 77 127 -0.212598 30
14344 158 22 180 0.755556 28
14345 132 41 173 0.526012 34
14346 8 119 127 -0.874016 25
14347 14 136 150 -0.813333 16
14348 38 129 167 -0.54491 33
14349 100 36 136 0.470588 30
14350 25 99 124 -0.596774 32
14351 114 24 138 0.652174 33
14352 48 5 53 0.811321 17
14353 157 27 184 0.706522 25
14354 112 41 153 0.464052 36
14355 111 45 156 0.423077 32
14356 28 155 183 -0.693989 25
14357 29 95 124 -0.532258 31
14358 124 32 156 0.589744 30
14359 56 51 107 0.046729 29
14360 34 23 57 0.192982 27
14361 118 38 156 0.512821 34
14362 96 49 145 0.324138 28
14363 178 16 194 0.835052 28
14364 48 35 83 0.156627 29
14365 138 16 154 0.792208 27
14366 70 65 135 0.037037 35
14367 81 63 144 0.125 26
14368 65 69 134 -0.0298507 33
14369 44 99 143 -0.384615 29
14370 111 51 162 0.37037 29
14371 172 11 183 0.879781 24
14372 83 61 144 0.152778 28
14373 29 110 139 -0.582734 31
14374 55 83 138 -0.202899 36
14375 28 105 133 -0.578947 30
14376 32 75 107 -0.401869 30
14377 34 87 121 -0.438017 29
14378 73 96 169 -0.136095 36
14379 17 161 178 -0.808989 21
14380 132 15 147 0.795918 28
14381 44 75 119 -0.260504 30
14382 105 53 158 0.329114 36
14383 66 87 153 -0.137255 30
14384 28 131 159 -0.647799 28
14385 150 13 163 0.840491 27
14386 7 123 130 -0.892308 22
14387 131 21 152 0.723684 31
14388 190 9 199 0.909548 22
14389 175 5 180 0.944444 23
14390 34 93 127 -0.464567 26
14391 83 67 150 0.106667 36
14392 195 12 207 0.884058 27
14393 56 66 122 -0.0819672 33
14394 18 112 130 -0.723077 26
14395 140 30 170 0.647059 26
14396 16 104 120 -0.733333 22
14397 155 23 178 0.741573 31
14398 26 181 207 -0.748792 32
14399 118 36 154 0.532468 31
14400 39 100 139 -0.438849 32
14401 94 54 148 0.27027 30
14402 17 162 179 -0.810056 26
14403 110 68 178 0.235955 33
14404 140 13 153 0.830065 25
14405 20 151 171 -0.766082 30
14406 40 93 133 -0.398496 28
14407 70 80 150 -0.0666667 29
14408 23 128 151 -0.695364 30
14409 144 27 171 0.684211 30
14410 107 54 161 0.329193 28
14411 209 24 233 0.793991 18
14412 146 3 149 0.959732 22
14413 18 95 113 -0.681416 21
14414 10 164 174 -0.885057 25
14415 19 111 130 -0.707692 28
14416 38 112 150 -0.493333 28
14417 20 132 152 -0.736842 26
14418 84 35 119 0.411765 31
14419 107 26 133 0.609023 32
14420 65 77 142 -0.084507 23
14421 102 37 139 0.467626 32
14422 59 105 164 -0.280488 29
14423 134 19 153 0.751634 30
14424 43 90 133 -0.353383 33
14425 34 78 112 -0.392857 28
14426 14 107 121 -0.768595 24
14427 101 6 107 0.88785 22
14428 48 123 171 -0.438596 28
14429 77 38 115 0.33913 30
14430 148 34 182 0.626374 32
14431 51 112 163 -0.374233 33
14432 139 32 171 0.625731 33
14433 59 48 107 0.102804 29
14434 82 98 180 -0.0888889 31
14435 189 5 194 0.948454 21
14436 60 72 132 -0.0909091 30
14437 105 43 148 0.418919 30
14438 141 8 149 0.892617 25
14439 87 72 159 0.0943396 29
14440 77 40 117 0.316239 27
14441 104 11 115 0.808696 18
14442 60 85 145 -0.172414 32
14443 199 2 201 0.9801 14
14444 93 75 168 0.107143 32
14445 139 31 170 0.635294 31
14446 90 81 171 0.0526316 34
14447 226 5 231 0.95671 15
14448 105 33 138 0.521739 29
14449 46 122 168 -0.452381 33
14450 15 228 243 -0.876543 27
14451 84 78 162 0.037037 33
14452 103 60 163 0.263804 32
14453 64 96 160 -0.2 34
14454 19 170 189 -0.798942 28
14455 101 46 147 0.37415 32
14456 95 39 134 0.41791 29
14457 33 115 148 -0.554054 30
14458 84 10 94 0.787234 25
14459 55 105 160 -0.3125 33
14460 146 7 153 0.908497 22
14461 88 62 150 0.173333 31
14462 18 100 118 -0.694915 31
14463 143 18 161 0.776398 26
14464 105 49 154 0.363636 27
14465 147 4 151 0.94702 20
14466 142 28 170 0.670588 29
14467 26 143 169 -0.692308 30
14468 110 35 145 0.517241 33
14469 188 4 192 0.958333 11
14470 16 155 171 -0.812865 21
14471 111 54 165 0.345455 34
14472 131 7 138 0.898551 16
14473 101 23 124 0.629032 25
14474 96 59 155 0.23871 34
14475 78 76 154 0.012987 31
14476 66 88 154 -0.142857 31
14477 37 132 169 -0.56213 32
14478 37 146 183 -0.595628 31
14479 179 17 196 0.826531 22
14480 8 164 172 -0.906977 21
14481 143 34 177 0.615819 34
14482 79 36 115 0.373913 29
14483 113 34 147 0.537415 32
14484 31 124 155 -0.6 27
14485 38 146 184 -0.586957 29
14486 114 40 154 0.480519 30
14487 28 129 157 -0.643312 32
14488 75 69 144 0.0416667 26
14489 132 44 176 0.5 33
14490 77 21 98 0.571429 26
14491 20 107 127 -0.685039 26
14492 76 41 117 0.299145 24
14493 61 73 134 -0.0895522 31
14494 47 127 174 -0.45977 34
14495 22 155 177 -0.751412 31
14496 89 37 126 0.412698 29
14497 112 78 190 0.178947 35
14498 103 40 143 0.440559 26
14499 113 41 154 0.467532 32
14500 142 14 156 0.820513 25
14501 158 26 184 0.717391 28
14502 108 79 187 0.15508 32
14503 16 145 161 -0.801242 28
14504 101 48 149 0.355705 33
14505 55 95 150 -0.266667 31
14506 99 50 149 0.328859 28
14507 58 90 148 -0.216216 36
14508 32 137 169 -0.621302 30
14509 45 86 131 -0.312977 32
14510 24 128 152 -0.684211 26
14511 25 37 62 -0.193548 22
14512 100 43 143 0.398601 30
14513 81 80 161 0.00621118 36
14514 5 163 168 -0.940476 20
14515 95 39 134 0.41791 28
14516 115 22 137 0.678832 27
14517 143 15 158 0.810127 29
14518 63 107 170 -0.258824 32
14519 72 79 151 -0.0463576 30
14520 57 89 146 -0.219178 34
14521 43 127 170 -0.494118 30
14522 18 137 155 -0.767742 26
14523 41 102 143 -0.426573 29
14524 9 155 164 -0.890244 24
14525 26 121 147 -0.646259 28
14526 59 82 141 -0.163121 33
14527 155 13 168 0.845238 25
14528 133 24 157 0.694268 31
14529 113 20 133 0.699248 30
14530 60 99 159 -0.245283 33
14531 91 65 156 0.166667 33
14532 77 52 129 0.193798 31
14533 49 99 148 -0.337838 31
14534 9 206 215 -0.916279 25
14535 152 14 166 0.831325 22
14536 60 58 118 0.0169492 29
14537 40 58 98 -0.183673 28
14538 84 59 143 0.174825 32
14539 100 48 148 0.351351 34
14540 35 138 173 -0.595376 24
14541 19 98 117 -0.675214 27
14542 140 32 172 0.627907 31
14543 52 143 195 -0.466667 33
14544 42 129 171 -0.508772 31
14545 149 32 181 0.646409 30
14546 18 162 180 -0.8 25
14547 164 17 181 0.812155 25
14548 53 97 150 -0.293333 34
14549 35 140 175 -0.6 32
14550 102 39 141 0.446809 32
14551 133 41 174 0.528736 26
14552 79 77 156 0.0128205 32
14553 86 75 161 0.068323 34
14554 89 16 105 0.695238 25
14555 105 29 134 0.567164 32
14556 24 162 186 -0.741935 29
14557 114 6 120 0.9 23
14558 144 10 154 0.87013 26
14559 81 40 121 0.338843 26
14560 30 144 174 -0.655172 29
14561 91 67 158 0.151899 38
14562 22 144 166 -0.73494 32
14563 104 36 140 0.485714 33
14564 99 23 122 0.622951 31
14565 12 158 170 -0.858824 24
14566 160 16 176 0.818182 29
14567 104 23 127 0.637795 30
14568 233 12 245 0.902041 25
14569 47 89 136 -0.308824 31
14570 154 6 160 0.925 25
14571 108 20 128 0.6875 18
14572 116 44 160 0.45 31
14573 89 60 149 0.194631 34
14574 88 50 138 0.275362 29
14575 118 20 138 0.710145 30
14576 96 63 159 0.207547 29
14577 100 68 168 0.190476 37
14578 6 197 203 -0.940887 20
14579 44 116 160 -0.45 23
14580 85 58 143 0.188811 27
14581 127 28 155 0.63871 29
14582 207 12 219 0.890411 21
14583 67 40 107 0.252336 28
14584 24 69 93 -0.483871 28
14585 67 55 122 0.0983607 27
14586 70 82 152 -0.0789474 30
14587 192 6 198 0.939394 22
14588 11 155 166 -0.86747 26
14589 109 66 175 0.245714 34
14590 11 123 134 -0.835821 24
14591 61 97 158 -0.227848 32
14592 15 95 110 -0.727273 31
14593 38 93 131 -0.419847 35
14594 40 129 169 -0.526627 32
14595 68 102 170 -0.2 22
14596 25 76 101 -0.50495 30
14597 69 62 131 0.0534351 29
14598 5 198 203 -0.950739 20
14599 130 25 155 0.677419 27
14600 110 38 148 0.486486 30
14601 84 58 142 0.183099 35
14602 30 100 130 -0.538462 30
14603 60 93 153 -0.215686 34
14604 52 85 137 -0.240876 30
14605 111 20 131 0.694656 28
14606 123 43 166 0.481928 33
14607 115 36 151 0.523179 34
14608 93 94 187 -0.00534759 37
14609 68 78 146 -0.0684932 32
14610 164 26 190 0.726316 25
14611 14 158 172 -0.837209 28
14612 47 80 127 -0.259843 26
14613 92 57 149 0.234899 29
14614 26 94 120 -0.566667 29
14615 129 11 140 0.842857 24
14616 22 116 138 -0.681159 21
14617 74 79 153 -0.0326797 35
14618 14 156 170 -0.835294 29
14619 87 60 147 0.183673 31
14620 20 137 157 -0.745223 29
14621 6 181 187 -0.935829 22
14622 62 112 174 -0.287356 32
14623 41 54 95 -0.136842 29
14624 80 96 176 -0.0909091 30
14625 64 9 73 0.753425 21
14626 128 25 153 0.673203 33
14627 16 118 134 -0.761194 27
14628 79 62 141 0.120567 32
14629 89 60 149 0.194631 32
14630 58 61 119 -0.0252101 31
14631 104 34 138 0.507246 30
14632 54 66 120 -0.1 28
14633 36 67 103 -0.300971 29
14634 9 181 190 -0.905263 23
14635 17 102 119 -0.714286 27
14636 13 33 46 -0.434783 20
14637 37 82 119 -0.378151 29
14638 80 108 188 -0.148936 29
14639 172 10 182 0.89011 26
14640 109 42 151 0.443709 27
14641 147 5 152 0.934211 23
14642 96 57 153 0.254902 31
14643 40 90 130 -0.384615 28
14644 57 99 156 -0.269231 38
14645 46 132 178 -0.483146 34
14646 123 25 148 0.662162 31
14647 59 42 101 0.168317 27
14648 84 70 154 0.0909091 29
14649 22 119 141 -0.687943 27
14650 221 1 222 0.990991 16
14651 24 33 57 -0.157895 23
14652 64 84 148 -0.135135 29
14653 101 9 110 0.836364 23
14654 13 208 221 -0.882353 25
14655 66 92 158 -0.164557 30
14656 148 10 158 0.873418 26
14657 20 158 178 -0.775281 22
14658 158 16 174 0.816092 31
14659 43 84 127 -0.322835 33
14660 114 26 140 0.628571 29
14661 195 7 202 0.930693 22
14662 34 111 145 -0.531034 25
14663 84 37 121 0.38843 29
14664 57 70 127 -0.102362 30
14665 49 90 139 -0.294964 32
14666 84 52 136 0.235294 33
14667 118 41 159 0.484277 28
14668 15 128 143 -0.79021 29
14669 140 20 160 0.75 28
14670 87 36 123 0.414634 33
14671 88 55 143 0.230769 30
14672 111 69 180 0.233333 33
14673 67 72 139 -0.0359712 35
14674 111 39 150 0.48 31
14675 124 17 141 0.758865 27
14676 12 129 141 -0.829787 26
14677 14 158 172 -0.837209 23
14678 30 131 161 -0.627329 32
14679 200 10 210 0.904762 24
14680 65 65 130 0 27
14681 88 67 155 0.135484 30
14682 71 36 107 0.327103 32
14683 42 107 149 -0.436242 26
14684 9 172 181 -0.900552 24
14685 67 45 112 0.196429 25
14686 40 83 123 -0.349593 24
14687 13 167 180 -0.855556 21
14688 169 19 188 0.797872 28
14689 18 142 160 -0.775 30
14690 79 41 120 0.316667 31
14691 17 102 119 -0.714286 21
14692 114 39 153 0.490196 31
14693 34 94 128 -0.46875 31
14694 98 63 161 0.217391 34
14695 40 40 80 0 21
14696 94 39 133 0.413534 31
14697 141 22 163 0.730061 27
14698 18 145 163 -0.779141 24
14699 136 41 177 0.536723 27
14700 97 58 155 0.251613 33
14701 41 137 178 -0.539326 31
14702 122 8 130 0.876923 23
14703 11 172 183 -0.879781 27
14704 78 97 175 -0.108571 31
14705 41 95 136 -0.397059 27
14706 138 26 164 0.682927 30
14707 130 11 141 0.843972 26
14708 78 66 144 0.0833333 31
14709 23 145 168 -0.72619 32
14710 129 14 143 0.804196 22
14711 101 46 147 0.37415 22
14712 49 95 144 -0.319444 33
14713 64 92 156 -0.179487 32
14714 47 82 129 -0.271318 26
14715 24 119 143 -0.664336 30
14716 109 19 128 0.703125 29
14717 31 124 155 -0.6 29
14718 43 102 145 -0.406897 30
14719 91 83 174 0.045977 32
14720 164 18 182 0.802198 28
14721 85 73 158 0.0759494 31
14722 104 63 167 0.245509 32
14723 18 154 172 -0.790698 21
14724 15 171 186 -0.83871 29
14725 119 27 146 0.630137 32
14726 159 18 177 0.79661 26
14727 67 78 145 -0.0758621 33
14728 72 56 128 0.125 31
14729 59 93 152 -0.223684 29
14730 9 175 184 -0.902174 25
14731 50 86 136 -0.264706 32
14732 45 112 157 -0.426752 30
14733 100 68 168 0.190476 33
14734 60 56 116 0.0344828 29
14735 22 110 132 -0.666667 29
14736 11 162 173 -0.872832 23
14737 45 80 125 -0.28 30
14738 17 141 158 -0.78481 29
14739 85 8 93 0.827957 24
14740 23 149 172 -0.732558 30
14741 9 158 167 -0.892216 26
14742 62 76 138 -0.101449 31
14743 63 122 185 -0.318919 34
14744 38 133 171 -0.555556 34
14745 12 164 176 -0.863636 26
14746 164 12 176 0.863636 30
14747 55 60 115 -0.0434783 23
14748 34 83 117 -0.418803 30
14749 46 82 128 -0.28125 30
14750 111 15 126 0.761905 26
14751 42 129 171 -0.508772 36
14752 110 54 164 0.341463 35
14753 101 22 123 0.642276 26
14754 123 35 158 0.556962 31
14755 68 98 166 -0.180723 29
14756 11 157 168 -0.869048 27
14757 105 30 135 0.555556 23
14758 154 19 173 0.780347 29
14759 37 134 171 -0.567251 28
14760 29 95 124 -0.532258 31
14761 111 21 132 0.681818 23
14762 94 53 147 0.278912 31
14763 69 92 161 -0.142857 31
14764 59 59 118 0 31
14765 159 24 183 0.737705 24
14766 25 152 177 -0.717514 32
14767 66 84 150 -0.12 27
14768 103 43 146 0.410959 33
14769 133 23 156 0.705128 29
14770 85 68 153 0.111111 31
14771 22 137 159 -0.72327 25
14772 71 73 144 -0.0138889 28
14773 23 132 155 -0.703226 30
14774 33 147 180 -0.633333 31
14775 37 129 166 -0.554217 31
14776 114 68 182 0.252747 33
14777 82 75 157 0.044586 37
14778 79 48 127 0.244094 27
14779 40 115 155 -0.483871 28
14780 146 8 154 0.896104 24
14781 38 110 148 -0.486486 29
14782 114 29 143 0.594406 32
14783 119 62 181 0.314917 35
14784 44 96 140 -0.371429 31
14785 8 178 186 -0.913978 24
14786 143 8 151 0.89404 25
14787 14 133 147 -0.809524 28
14788 70 58 128 0.09375 34
14789 84 71 155 0.083871 32
14790 2 116 118 -0.966102 18
14791 52 87 139 -0.251799 32
14792 7 89 96 -0.854167 25
14793 92 62 154 0.194805 34
14794 139 10 149 0.865772 25
14795 89 87 176 0.0113636 29
14796 56 73 129 -0.131783 27
14797 151 19 170 0.776471 29
14798 63 95 158 -0.202532 31
14799 40 76 116 -0.310345 28
14800 21 137 158 -0.734177 27
14801 57 94 151 -0.245033 30
14802 34 103 137 -0.50365 29
14803 117 21 138 0.695652 25
14804 82 49 131 0.251908 25
14805 154 40 194 0.587629 25
14806 108 37 145 0.489655 26
14807 12 193 205 -0.882927 22
14808 64 87 151 -0.152318 35
14809 48 96 144 -0.333333 32
14810 79 64 143 0.104895 30
14811 82 34 116 0.413793 26
14812 127 12 139 0.827338 22
14813 79 29 108 0.462963 26
14814 80 22 102 0.568627 29
14815 117 33 150 0.56 30
14816 82 61 143 0.146853 35
14817 12 157 169 -0.857988 29
14818 94 53 147 0.278912 32
14819 21 79 100 -0.58 29
14820 91 68 159 0.144654 24
14821 143 18 161 0.776398 32
14822 156 29 185 0.686486 28
14823 124 38 162 0.530864 28
14824 88 56 144 0.222222 29
14825 10 4 14 0.428571 7
14826 91 36 127 0.433071 33
14827 95 64 159 0.194969 31
14828 97 44 141 0.375887 30
14829 70 3 73 0.917808 18
14830 64 69 133 -0.037594 27
14831 170 2 172 0.976744 20
14832 70 47 117 0.196581 28
14833 98 29 127 0.543307 31
14834 180 12 192 0.875 22
14835 53 79 132 -0.19697 32
14836 21 126 147 -0.714286 30
14837 61 32 93 0.311828 29
14838 124 15 139 0.784173 27
14839 7 141 148 -0.905405 25
14840 7 173 180 -0.922222 17
14841 35 112 147 -0.52381 34
14842 87 48 135 0.288889 25
14843 140 40 180 0.555556 32
14844 39 105 144 -0.458333 29
14845 56 105 161 -0.304348 33
14846 71 45 116 0.224138 28
14847 83 40 123 0.349593 33
14848 34 143 177 -0.615819 30
14849 132 20 152 0.736842 27
14850 98 53 151 0.298013 33
14851 22 160 182 -0.758242 32
14852 102 44 146 0.39726 35
14853 88 52 140 0.257143 32
14854 86 60 146 0.178082 31
14855 114 62 176 0.295455 32
14856 50 117 167 -0.401198 28
14857 30 114 144 -0.583333 31
14858 48 114 162 -0.407407 33
14859 42 97 139 -0.395683 32
14860 15 113 128 -0.765625 25
14861 12 156 168 -0.857143 26
14862 44 80 124 -0.290323 36
14863 91 60 151 0.205298 29
14864 14 133 147 -0.809524 26
14865 79 47 126 0.253968 33
14866 135 12 147 0.836735 25
14867 41 112 153 -0.464052 35
14868 108 56 164 0.317073 33
14869 83 91 174 -0.045977 36
14870 101 46 147 0.37415 26
14871 16 121 137 -0.766423 28
14872 24 104 128 -0.625 30
14873 23 154 177 -0.740113 26
14874 146 20 166 0.759036 31
14875 46 85 131 -0.29771 28
14876 120 56 176 0.363636 36
14877 84 77 161 0.0434783 29
14878 116 13 129 0.79845 24
14879 29 95 124 -0.532258 30
14880 50 108 158 -0.367089 32
14881 19 97 116 -0.672414 28
14882 23 139 162 -0.716049 32
14883 9 130 139 -0.870504 24
14884 58 110 168 -0.309524 26
14885 46 92 138 -0.333333 33
14886 160 25 185 0.72973 30
14887 24 157 181 -0.734807 29
14888 14 50 64 -0.5625 19
14889 67 72 139 -0.0359712 25
14890 36 116 152 -0.526316 32
14891 47 122 169 -0.443787 33
14892 21 162 183 -0.770492 26
14893 77 33 110 0.4 27
14894 98 79 177 0.107345 34
14895 40 104 144 -0.444444 28
14896 105 41 146 0.438356 30
14897 25 135 160 -0.6875 30
14898 123 47 170 0.447059 26
14899 100 52 152 0.315789 30
14900 45 52 97 -0.0721649 30
14901 48 128 176 -0.454545 29
14902 92 61 153 0.202614 33
14903 106 22 128 0.65625 22
14904 15 199 214 -0.859813 23
14905 53 91 144 -0.263889 33
14906 77 62 139 0.107914 29
14907 63 99 162 -0.222222 34
14908 49 84 133 -0.263158 32
14909 25 92 117 -0.57265 28
14910 65 36 101 0.287129 33
14911 107 35 142 0.507042 34
14912 184 15 199 0.849246 24
14913 149 6 155 0.922581 25
14914 104 66 170 0.223529 30
14915 2 129 131 -0.969466 21
14916 80 45 125 0.28 31
14917 95 47 142 0.338028 33
14918 85 46 131 0.29771 31
14919 49 137 186 -0.473118 29
14920 88 66 154 0.142857 33
14921 87 53 140 0.242857 29
14922 48 55 103 -0.0679612 26
14923 29 125 154 -0.623377 29
14924 45 85 130 -0.307692 35
14925 9 103 112 -0.839286 25
14926 136 6 142 0.915493 17
14927 106 66 172 0.232558 31
14928 68 107 175 -0.222857 33
14929 25 115 140 -0.642857 25
14930 62 93 155 -0.2 29
14931 93 61 154 0.207792 30
14932 136 27 163 0.668712 30
14933 76 64 140 0.0857143 33
14934 82 91 173 -0.0520231 28
14935 19 135 154 -0.753247 29
14936 124 46 170 0.458824 26
14937 44 95 139 -0.366906 31
14938 52 67 119 -0.12605 32
14939 81 46 127 0.275591 30
14940 29 129 158 -0.632911 33
14941 125 42 167 0.497006 22
14942 142 18 160 0.775 28
14943 48 105 153 -0.372549 31
14944 152 19 171 0.777778 30
14945 95 43 138 0.376812 25
14946 151 15 166 0.819277 30
14947 34 92 126 -0.460317 27
14948 28 119 147 -0.619048 32
14949 17 170 187 -0.818182 26
14950 105 35 140 0.5 33
14951 20 129 149 -0.731544 24
14952 33 97 130 -0.492308 30
14953 59 61 120 -0.0166667 33
14954 122 31 153 0.594771 35
14955 56 78 134 -0.164179 30
14956 118 28 146 0.616438 32
14957 103 36 139 0.482014 29
14958 4 180 184 -0.956522 19
14959 24 138 162 -0.703704 26
14960 151 26 177 0.706215 22
14961 115 18 133 0.729323 28
14962 55 99 154 -0.285714 33
14963 38 134 172 -0.55814 36
14964 75 68 143 0.048951 31
14965 18 113 131 -0.725191 26
14966 90 54 144 0.25 30
14967 153 28 181 0.690608 29
14968 60 70 130 -0.0769231 34
14969 63 81 144 -0.125 30
14970 4 243 247 -0.967611 21
14971 58 74 132 -0.121212 35
14972 111 45 156 0.423077 34
14973 20 125 145 -0.724138 26
14974 35 113 148 -0.527027 27
14975 31 55 86 -0.27907 25
14976 95 66 161 0.180124 33
14977 10 149 159 -0.874214 25
14978 145 5 150 0.933333 21
14979 16 118 134 -0.761194 27
14980 8 175 183 -0.912568 24
14981 10 158 168 -0.880952 22
14982 108 41 149 0.449664 24
14983 10 128 138 -0.855072 25
14984 114 52 166 0.373494 32
14985 11 169 180 -0.877778 24
14986 98 27 125 0.568 27
14987 134 22 156 0.717949 32
14988 10 129 139 -0.856115 25
14989 136 9 145 0.875862 25
14990 13 168 181 -0.856354 26
14991 10 150 160 -0.875 24
14992 15 213 228 -0.868421 22
14993 167 8 175 0.908571 23
14994 103 58 161 0.279503 34
14995 116 6 122 0.901639 23
14996 5 98 103 -0.902913 21
14997 25 133 158 -0.683544 29
14998 13 174 187 -0.860963 27
14999 108 49 157 0.375796 35
15000 45 96 141 -0.361702 33
15001 8 176 184 -0.913043 25
15002 98 36 134 0.462687 29
15003 120 40 160 0.5 27
15004 59 118 177 -0.333333 30
15005 5 58 63 -0.84127 14
15006 20 130 150 -0.733333 28
15007 124 11 135 0.837037 26
15008 43 96 139 -0.381295 29
15009 173 49 222 0.558559 34
15010 61 107 168 -0.27381 33
15011 46 102 148 -0.378378 31
15012 23 169 192 -0.760417 31
15013 157 10 167 0.88024 26
15014 46 98 144 -0.361111 32
15015 25 124 149 -0.66443 31
15016 15 142 157 -0.808917 27
15017 118 33 151 0.562914 27
15018 7 1 8 0.75 6
15019 18 97 115 -0.686957 31
15020 34 113 147 -0.537415 33
15021 23 152 175 -0.737143 27
15022 97 64 161 0.204969 34
15023 187 20 207 0.806763 31
15024 27 104 131 -0.587786 27
15025 21 114 135 -0.688889 26
15026 207 7 214 0.934579 21
15027 45 97 142 -0.366197 31
15028 122 16 138 0.768116 29
15029 85 85 170 0 36
15030 57 81 138 -0.173913 34
15031 135 32 167 0.616766 30
15032 122 31 153 0.594771 33
15033 62 72 134 -0.0746269 30
15034 13 134 147 -0.823129 24
15035 99 33 132 0.5 31
15036 61 65 126 -0.031746 31
15037 32 147 179 -0.642458 28
15038 98 48 146 0.342466 26
15039 11 139 150 -0.853333 25
15040 69 90 159 -0.132075 22
15041 11 150 161 -0.863354 24
15042 134 17 151 0.774834 22
15043 72 77 149 -0.033557 33
15044 97 39 136 0.426471 32
15045 79 79 158 0 31
15046 110 26 136 0.617647 31
15047 67 65 132 0.0151515 31
15048 167 15 182 0.835165 22
15049 13 143 156 -0.833333 29
15050 37 121 158 -0.531646 31
15051 168 32 200 0.68 30
15052 131 50 181 0.447514 32
15053 73 49 122 0.196721 33
15054 79 45 124 0.274194 27
15055 34 117 151 -0.549669 32
15056 17 156 173 -0.803468 28
15057 123 32 155 0.587097 29
15058 98 55 153 0.281046 29
15059 46 64 110 -0.163636 26
15060 112 47 159 0.408805 28
15061 30 189 219 -0.726027 30
15062 19 172 191 -0.801047 26
15063 38 125 163 -0.533742 26
15064 138 14 152 0.815789 29
15065 57 80 137 -0.167883 27
15066 21 80 101 -0.584158 28
15067 64 88 152 -0.157895 31
15068 114 29 143 0.594406 31
15069 84 72 156 0.0769231 32
15070 47 149 196 -0.520408 29
15071 50 121 171 -0.415205 32
15072 159 9 168 0.892857 27
15073 39 110 149 -0.47651 34
15074 82 76 158 0.0379747 32
15075 62 70 132 -0.0606061 34
15076 42 90 132 -0.363636 32
15077 70 79 149 -0.0604027 26
15078 119 36 155 0.535484 34
15079 95 51 146 0.30137 32
15080 41 84 125 -0.344 29
15081 12 119 131 -0.816794 27
15082 54 114 168 -0.357143 28
15083 20 126 146 -0.726027 29
15084 25 128 153 -0.673203 31
15085 18 129 147 -0.755102 29
15086 67 67 134 0 35
15087 115 29 144 0.597222 32
15088 161 18 179 0.798883 25
15089 36 60 96 -0.25 25
15090 8 207 215 -0.925581 20
15091 58 95 153 -0.24183 31
15092 23 119 142 -0.676056 30
15093 129 23 152 0.697368 26
15094 90 48 138 0.304348 27
15095 99 36 135 0.466667 30
15096 164 7 171 0.918129 24
15097 39 90 129 -0.395349 30
15098 8 187 195 -0.917949 24
15099 27 156 183 -0.704918 29
15100 184 14 198 0.858586 24
15101 29 98 127 -0.543307 25
15102 140 8 148 0.891892 23
15103 120 35 155 0.548387 34
15104 84 58 142 0.183099 29
15105 19 118 137 -0.722628 27
15106 90 58 148 0.216216 32
15107 40 75 115 -0.304348 30
15108 154 23 177 0.740113 30
15109 42 149 191 -0.560209 29
15110 129 21 150 0.72 26
15111 3 53 56 -0.892857 17
15112 96 77 173 0.109827 32
15113 15 151 166 -0.819277 28
15114 85 58 143 0.188811 33
15115 0 224 224 -1 15
15116 110 34 144 0.527778 30
15117 150 24 174 0.724138 32
15118 100 32 132 0.515152 30
15119 183 19 202 0.811881 28
15120 96 68 164 0.170732 32
15121 29 170 199 -0.708543 23
15122 27 103 130 -0.584615 29
15123 105 22 127 0.653543 28
15124 106 51 157 0.350318 26
15125 76 89 165 -0.0787879 30
15126 141 33 174 0.62069 31
15127 68 83 151 -0.0993377 29
15128 117 29 146 0.60274 31
15129 28 116 144 -0.611111 25
15130 37 120 157 -0.528662 30
15131 113 42 155 0.458065 32
15132 123 23 146 0.684932 30
15133 52 120 172 -0.395349 29
15134 123 22 145 0.696552 29
15135 15 26 41 -0.268293 11
15136 40 93 133 -0.398496 27
15137 134 25 159 0.685535 29
15138 108 35 143 0.51049 32
15139 56 82 138 -0.188406 32
15140 93 46 139 0.338129 30
15141 49 126 175 -0.44 35
15142 150 18 168 0.785714 29
15143 65 91 156 -0.166667 34
15144 192 14 206 0.864078 27
15145 20 109 129 -0.689922 28
15146 124 23 147 0.687075 32
15147 146 26 172 0.697674 28
15148 46 106 152 -0.394737 34
15149 62 94 156 -0.205128 28
15150 137 24 161 0.701863 31
15151 43 112 155 -0.445161 33
15152 87 69 156 0.115385 31
15153 11 154 165 -0.866667 26
15154 7 43 50 -0.72 15
15155 65 72 137 -0.0510949 28
15156 120 26 146 0.643836 30
15157 37 95 132 -0.439394 35
15158 14 142 156 -0.820513 26
15159 87 38 125 0.392 34
15160 95 64 159 0.194969 32
15161 76 36 112 0.357143 29
15162 19 164 183 -0.79235 30
15163 68 84 152 -0.105263 28
15164 184 6 190 0.936842 20
15165 210 13 223 0.883408 26
15166 24 168 192 -0.75 32
15167 49 119 168 -0.416667 23
15168 156 24 180 0.733333 28
15169 115 25 140 0.642857 27
15170 70 68 138 0.0144928 31
15171 72 98 170 -0.152941 31
15172 52 114 166 -0.373494 31
15173 130 9 139 0.870504 24
15174 46 75 121 -0.239669 33
15175 100 65 165 0.212121 31
15176 5 73 78 -0.871795 21
15177 200 8 208 0.923077 20
15178 131 22 153 0.712418 27
15179 83 44 127 0.307087 28
15180 48 136 184 -0.478261 36
15181 62 51 113 0.0973451 29
15182 132 10 142 0.859155 24
15183 103 67 170 0.211765 31
15184 57 90 147 -0.22449 29
15185 58 115 173 -0.32948 31
15186 106 63 169 0.254438 33
15187 132 54 186 0.419355 33
15188 9 202 211 -0.914692 26
15189 11 137 148 -0.851351 24
15190 109 59 168 0.297619 32
15191 76 73 149 0.0201342 35
15192 33 119 152 -0.565789 32
15193 69 23 92 0.5 25
15194 60 117 177 -0.322034 33
15195 13 91 104 -0.75 27
15196 37 99 136 -0.455882 28
15197 83 61 144 0.152778 28
15198 77 43 120 0.283333 31
15199 20 115 135 -0.703704 30
15200 9 104 113 -0.840708 26
15201 18 129 147 -0.755102 27
15202 67 91 158 -0.151899 30
15203 17 181 198 -0.828283 20
15204 190 21 211 0.800948 22
15205 11 119 130 -0.830769 27
15206 60 102 162 -0.259259 36
15207 119 47 166 0.433735 26
15208 94 48 142 0.323944 30
15209 132 10 142 0.859155 25
15210 27 144 171 -0.684211 32
15211 129 44 173 0.491329 26
15212 66 85 151 -0.125828 30
15213 32 86 118 -0.457627 33
15214 10 142 152 -0.868421 26
15215 60 87 147 -0.183673 31
15216 69 85 154 -0.103896 31
15217 95 39 134 0.41791 33
15218 51 42 93 0.0967742 22
15219 93 57 150 0.24 36
15220 75 41 116 0.293103 35
15221 20 121 141 -0.716312 29
15222 77 57 134 0.149254 33
15223 100 24 124 0.612903 31
15224 238 4 242 0.966942 16
15225 13 194 207 -0.874396 22
15226 79 53 132 0.19697 31
15227 44 51 95 -0.0736842 27
15228 18 137 155 -0.767742 28
15229 165 9 174 0.896552 27
15230 192 10 202 0.90099 23
15231 86 70 156 0.102564 34
15232 80 61 141 0.134752 33
15233 75 79 154 -0.025974 29
15234 114 46 160 0.425 34
15235 35 100 135 -0.481481 30
15236 8 120 128 -0.875 26
15237 16 161 177 -0.819209 23
15238 41 135 176 -0.534091 32
15239 52 88 140 -0.257143 29
15240 83 57 140 0.185714 35
15241 38 91 129 -0.410853 26
15242 32 122 154 -0.584416 25
15243 29 100 129 -0.550388 31
15244 9 132 141 -0.87234 25
15245 39 109 148 -0.472973 34
15246 47 7 54 0.740741 17
15247 165 8 173 0.907514 24
15248 144 20 164 0.756098 32
15249 152 10 162 0.876543 23
15250 83 66 149 0.114094 34
15251 99 36 135 0.466667 28
15252 83 57 140 0.185714 30
15253 41 95 136 -0.397059 34
15254 12 182 194 -0.876289 20
15255 135 39 174 0.551724 35
15256 62 95 157 -0.210191 34
15257 12 152 164 -0.853659 28
15258 20 99 119 -0.663866 26
15259 20 170 190 -0.789474 24
15260 63 81 144 -0.125 33
15261 72 104 176 -0.181818 32
15262 71 73 144 -0.0138889 28
15263 36 104 140 -0.485714 32
15264 83 65 148 0.121622 32
15265 35 179 214 -0.672897 33
15266 39 98 137 -0.430657 33
15267 153 9 162 0.888889 28
15268 99 62 161 0.229814 26
15269 174 30 204 0.705882 27
15270 215 21 236 0.822034 22
15271 96 49 145 0.324138 30
15272 102 31 133 0.533835 29
15273 126 27 153 0.647059 28
15274 178 11 189 0.883598 21
15275 98 57 155 0.264516 33
15276 58 74 132 -0.121212 33
15277 109 45 154 0.415584 29
15278 160 29 189 0.693122 32
15279 111 36 147 0.510204 30
15280 11 122 133 -0.834586 26
15281 138 15 153 0.803922 26
15282 7 143 150 -0.906667 24
15283 11 121 132 -0.833333 26
15284 81 78 159 0.0188679 33
15285 75 72 147 0.0204082 29
15286 10 192 202 -0.90099 26
15287 122 39 161 0.515528 31
15288 9 143 152 -0.881579 25
15289 106 31 137 0.547445 28
15290 144 3 147 0.959184 12
15291 208 9 217 0.917051 24
15292 104 47 151 0.377483 29
15293 70 98 168 -0.166667 35
15294 113 13 126 0.793651 28
15295 120 10 130 0.846154 26
15296 101 45 146 0.383562 30
15297 116 62 178 0.303371 36
15298 62 115 177 -0.299435 36
15299 146 11 157 0.859873 25
15300 58 107 165 -0.29697 35
15301 158 18 176 0.795455 24
15302 164 14 178 0.842697 25
15303 173 11 184 0.880435 21
15304 77 71 148 0.0405405 28
15305 12 154 166 -0.855422 24
15306 80 20 100 0.6 30
15307 89 38 127 0.401575 29
15308 84 59 143 0.174825 32
15309 64 81 145 -0.117241 32
15310 95 62 157 0.210191 34
15311 75 70 145 0.0344828 32
15312 141 32 173 0.630058 27
15313 149 37 186 0.602151 32
15314 17 93 110 -0.690909 29
15315 48 128 176 -0.454545 34
15316 35 140 175 -0.6 29
15317 27 104 131 -0.587786 25
15318 99 18 117 0.692308 23
15319 87 49 136 0.279412 35
15320 93 86 179 0.0391061 34
15321 18 130 148 -0.756757 24
15322 2 171 173 -0.976879 13
15323 60 67 127 -0.0551181 27
15324 85 14 99 0.717172 29
15325 201 8 209 0.923445 22
15326 6 158 164 -0.926829 25
15327 138 7 145 0.903448 24
15328 98 57 155 0.264516 34
15329 112 29 141 0.588652 34
15330 42 104 146 -0.424658 32
15331 81 69 150 0.08 34
15332 30 112 142 -0.577465 31
15333 99 33 132 0.5 29
15334 34 49 83 -0.180723 31
15335 99 34 133 0.488722 33
15336 16 123 139 -0.769784 28
15337 40 105 145 -0.448276 30
15338 5 136 141 -0.929078 19
15339 33 115 148 -0.554054 31
15340 177 36 213 0.661972 33
15341 133 26 159 0.672956 30
15342 82 52 134 0.223881 27
15343 38 110 148 -0.486486 35
15344 87 64 151 0.152318 28
15345 140 36 176 0.590909 34
15346 123 40 163 0.509202 29
15347 35 108 143 -0.51049 24
15348 11 105 116 -0.810345 22
15349 102 72 174 0.172414 31
15350 114 29 143 0.594406 30
15351 78 84 162 -0.037037 35
15352 9 202 211 -0.914692 21
15353 12 154 166 -0.855422 22
15354 13 136 149 -0.825503 25
15355 153 27 180 0.7 23
15356 142 10 152 0.868421 23
15357 146 23 169 0.727811 29
15358 90 90 180 0 36
15359 47 144 191 -0.507853 26
15360 40 80 120 -0.333333 30
15361 5 164 169 -0.940828 23
15362 96 34 130 0.476923 27
15363 144 50 194 0.484536 30
15364 25 129 154 -0.675325 33
15365 87 7 94 0.851064 23
15366 134 22 156 0.717949 30
15367 64 74 138 -0.0724638 34
15368 113 51 164 0.378049 35
15369 79 46 125 0.264 28
15370 46 123 169 -0.455621 34
15371 80 45 125 0.28 34
15372 33 132 165 -0.6 29
15373 54 122 176 -0.386364 36
15374 94 46 140 0.342857 28
15375 34 111 145 -0.531034 33
15376 71 85 156 -0.0897436 34
15377 62 89 151 -0.178808 32
15378 99 27 126 0.571429 23
15379 147 15 162 0.814815 26
15380 174 9 183 0.901639 16
15381 33 123 156 -0.576923 33
15382 5 158 163 -0.93865 17
15383 21 151 172 -0.755814 26
15384 30 106 136 -0.558824 33
15385 76 55 131 0.160305 27
15386 10 146 156 -0.871795 16
15387 123 6 129 0.906977 23
15388 97 52 149 0.302013 34
15389 71 67 138 0.0289855 32
15390 90 76 166 0.0843373 32
15391 50 144 194 -0.484536 36
15392 61 49 110 0.109091 25
15393 141 30 171 0.649123 29
15394 148 27 175 0.691429 29
15395 107 29 136 0.573529 30
15396 56 65 121 -0.0743802 30
15397 104 21 125 0.664 28
15398 84 84 168 0 33
15399 161 11 172 0.872093 27
15400 117 33 150 0.56 33
15401 23 90 113 -0.59292 31
15402 14 116 130 -0.784615 30
15403 13 193 206 -0.873786 25
15404 74 74 148 0 32
15405 9 181 190 -0.905263 23
15406 7 101 108 -0.87037 22
15407 36 90 126 -0.428571 31
15408 77 57 134 0.149254 28
15409 80 63 143 0.118881 31
15410 15 111 126 -0.761905 26
15411 41 116 157 -0.477707 27
15412 165 11 176 0.875 24
15413 24 125 149 -0.677852 31
15414 99 68 167 0.185629 34
15415 60 100 160 -0.25 30
15416 102 25 127 0.606299 28
15417 24 148 172 -0.72093 27
15418 186 1 187 0.989305 13
15419 40 52 92 -0.130435 31
15420 50 100 150 -0.333333 32
15421 88 51 139 0.266187 29
15422 128 17 145 0.765517 30
15423 55 79 134 -0.179104 31
15424 64 93 157 -0.184713 30
15425 24 95 119 -0.596639 22
15426 100 30 130 0.538462 28
15427 183 14 197 0.857868 27
15428 59 85 144 -0.180556 32
15429 68 50 118 0.152542 28
15430 49 82 131 -0.251908 32
15431 49 59 108 -0.0925926 26
15432 156 7 163 0.91411 24
15433 5 119 124 -0.919355 23
15434 29 104 133 -0.56391 28
15435 43 128 171 -0.497076 32
15436 144 2 146 0.972603 20
15437 97 58 155 0.251613 34
15438 30 159 189 -0.68254 24
15439 80 82 162 -0.0123457 29
15440 112 23 135 0.659259 24
15441 176 30 206 0.708738 31
15442 115 46 161 0.428571 34
15443 132 10 142 0.859155 25
15444 67 71 138 -0.0289855 29
15445 116 45 161 0.440994 30
15446 90 30 120 0.5 29
15447 124 21 145 0.710345 27
15448 82 43 125 0.312 28
15449 7 158 165 -0.915152 16
15450 18 128 146 -0.753425 29
15451 45 50 95 -0.0526316 32
15452 98 51 149 0.315436 29
15453 82 74 156 0.0512821 36
15454 8 115 123 -0.869919 24
15455 17 101 118 -0.711864 25
15456 107 47 154 0.38961 31
15457 38 108 146 -0.479452 27
15458 130 27 157 0.656051 29
15459 75 49 124 0.209677 31
15460 95 43 138 0.376812 32
15461 122 14 136 0.794118 25
15462 15 109 124 -0.758065 19
15463 52 102 154 -0.324675 34
15464 57 104 161 -0.291925 36
15465 88 52 140 0.257143 33
15466 51 84 135 -0.244444 30
15467 99 13 112 0.767857 25
15468 54 60 114 -0.0526316 29
15469 119 9 128 0.859375 27
15470 130 31 161 0.614907 34
15471 112 41 153 0.464052 34
15472 119 36 155 0.535484 24
15473 25 146 171 -0.707602 29
15474 14 47 61 -0.540984 20
15475 103 36 139 0.482014 32
15476 93 58 151 0.231788 33
15477 175 7 182 0.923077 24
15478 122 13 135 0.807407 26
15479 55 9 64 0.71875 17
15480 10 150 160 -0.875 27
15481 47 101 148 -0.364865 30
15482 46 93 139 -0.338129 27
15483 84 91 175 -0.04 31
15484 55 91 146 -0.246575 29
15485 70 71 141 -0.0070922 35
15486 63 52 115 0.0956522 28
15487 42 86 128 -0.34375 35
15488 119 52 171 0.391813 29
15489 86 52 138 0.246377 31
15490 130 38 168 0.547619 26
15491 16 112 128 -0.75 27
15492 50 93 143 -0.300699 29
15493 140 8 148 0.891892 24
15494 63 105 168 -0.25 25
15495 57 53 110 0.0363636 32
15496 114 8 122 0.868852 19
15497 73 78 151 -0.0331126 31
15498 25 156 181 -0.723757 25
15499 100 36 136 0.470588 31
15500 10 140 150 -0.866667 26
15501 19 83 102 -0.627451 27
15502 78 87 165 -0.0545455 31
15503 82 78 160 0.025 33
15504 48 97 145 -0.337931 33
15505 163 12 175 0.862857 21
15506 59 87 146 -0.191781 34
15507 34 70 104 -0.346154 26
15508 89 76 165 0.0787879 28
15509 6 148 154 -0.922078 24
15510 177 16 193 0.834197 25
15511 68 68 136 0 29
15512 130 28 158 0.64557 31
15513 65 100 165 -0.212121 28
15514 51 116 167 -0.389222 34
15515 81 42 123 0.317073 32
15516 47 144 191 -0.507853 30
15517 91 44 135 0.348148 32
15518 45 127 172 -0.476744 34
15519 106 44 150 0.413333 30
15520 46 23 69 0.333333 27
15521 21 126 147 -0.714286 24
15522 0 52 52 -1 6
15523 152 12 164 0.853659 29
15524 108 49 157 0.375796 30
15525 111 16 127 0.748031 30
15526 115 48 163 0.411043 33
15527 79 50 129 0.224806 34
15528 81 34 115 0.408696 32
15529 135 25 160 0.6875 28
15530 143 14 157 0.821656 28
15531 77 86 163 -0.0552147 30
15532 107 23 130 0.646154 31
15533 69 65 134 0.0298507 32
15534 3 35 38 -0.842105 18
15535 74 25 99 0.494949 28
15536 18 111 129 -0.72093 27
15537 83 23 106 0.566038 26
15538 81 71 152 0.0657895 30
15539 62 129 191 -0.350785 32
15540 110 46 156 0.410256 35
15541 47 56 103 -0.0873786 32
15542 40 34 74 0.0810811 20
15543 123 8 131 0.877863 24
15544 60 78 138 -0.130435 34
15545 81 76 157 0.0318471 28
15546 76 89 165 -0.0787879 34
15547 119 40 159 0.496855 30
15548 67 121 188 -0.287234 37
15549 98 53 151 0.298013 29
15550 118 50 168 0.404762 26
15551 79 88 167 -0.0538922 33
15552 24 34 58 -0.172414 17
15553 26 117 143 -0.636364 30
15554 153 5 158 0.936709 23
15555 71 86 157 -0.0955414 35
15556 43 92 135 -0.362963 35
15557 27 126 153 -0.647059 31
15558 81 58 139 0.165468 31
15559 37 111 148 -0.5 28
15560 86 25 111 0.54955 29
15561 74 102 176 -0.159091 35
15562 36 130 166 -0.566265 24
15563 132 22 154 0.714286 29
15564 121 18 139 0.741007 28
15565 17 193 210 -0.838095 23
15566 19 191 210 -0.819048 28
15567 27 65 92 -0.413043 28
15568 9 1 10 0.8 7
15569 83 6 89 0.865169 22
15570 85 67 152 0.118421 32
15571 37 68 105 -0.295238 25
15572 24 143 167 -0.712575 29
15573 146 13 159 0.836478 27
15574 90 74 164 0.097561 29
15575 107 57 164 0.304878 35
15576 91 41 132 0.378788 32
15577 143 19 162 0.765432 33
15578 81 54 135 0.2 32
15579 194 5 199 0.949749 24
15580 12 134 146 -0.835616 27
15581 112 29 141 0.588652 26
15582 95 49 144 0.319444 27
15583 57 77 134 -0.149254 30
15584 82 60 142 0.15493 34
15585 12 131 143 -0.832168 23
15586 16 132 148 -0.783784 27
15587 111 28 139 0.597122 32
15588 123 20 143 0.72028 27
15589 95 44 139 0.366906 30
15590 34 89 123 -0.447154 30
15591 133 28 161 0.652174 28
15592 116 14 130 0.784615 24
15593 4 113 117 -0.931624 23
15594 112 7 119 0.882353 23
15595 210 13 223 0.883408 25
15596 155 2 157 0.974522 21
15597 100 65 165 0.212121 30
15598 116 10 126 0.84127 22
15599 95 55 150 0.266667 32
15600 71 27 98 0.44898 23
15601 53 106 159 -0.333333 35
15602 98 23 121 0.619835 29
15603 13 141 154 -0.831169 26
15604 135 11 146 0.849315 26
15605 79 59 138 0.144928 27
15606 9 152 161 -0.888199 26
15607 16 160 176 -0.818182 29
15608 17 86 103 -0.669903 30
15609 55 103 158 -0.303797 28
15610 104 24 128 0.625 28
15611 169 11 180 0.877778 24
15612 144 18 162 0.777778 26
15613 148 9 157 0.88535 26
15614 170 17 187 0.818182 19
15615 172 7 179 0.921788 24
15616 62 32 94 0.319149 24
15617 68 81 149 -0.0872483 29
15618 115 29 144 0.597222 26
15619 20 35 55 -0.272727 21
15620 34 151 185 -0.632432 30
15621 3 149 152 -0.960526 17
15622 4 187 191 -0.958115 19
15623 107 37 144 0.486111 30
15624 190 22 212 0.792453 25
15625 7 139 146 -0.90411 26
15626 158 10 168 0.880952 27
15627 87 91 178 -0.0224719 36
15628 147 15 162 0.814815 28
15629 144 23 167 0.724551 23
15630 140 33 173 0.618497 24
15631 35 120 155 -0.548387 32
15632 41 83 124 -0.33871 27
15633 94 40 134 0.402985 30
15634 62 68 130 -0.0461538 34
15635 11 156 167 -0.868263 25
15636 42 92 134 -0.373134 27
15637 29 119 148 -0.608108 29
15638 37 75 112 -0.339286 24
15639 8 137 145 -0.889655 23
15640 84 60 144 0.166667 34
15641 6 149 155 -0.922581 23
15642 56 66 122 -0.0819672 30
15643 44 61 105 -0.161905 28
15644 119 38 157 0.515924 36
15645 104 21 125 0.664 25
15646 74 100 174 -0.149425 33
15647 149 4 153 0.947712 22
15648 93 54 147 0.265306 29
15649 137 13 150 0.826667 26
15650 95 54 149 0.275168 27
15651 195 10 205 0.902439 25
15652 131 28 159 0.647799 30
15653 13 176 189 -0.862434 30
15654 8 108 116 -0.862069 26
15655 59 55 114 0.0350877 27
15656 72 95 167 -0.137725 26
15657 31 155 186 -0.666667 31
15658 13 128 141 -0.815603 26
15659 59 52 111 0.0630631 29
15660 48 99 147 -0.346939 33
15661 114 7 121 0.884298 25
15662 61 89 150 -0.186667 34
15663 62 73 135 -0.0814815 30
15664 10 180 190 -0.894737 19
15665 93 69 162 0.148148 37
15666 156 21 177 0.762712 26
15667 155 18 173 0.791908 26
15668 8 187 195 -0.917949 25
15669 81 44 125 0.296 31
15670 84 54 138 0.217391 30
15671 80 71 151 0.0596026 37
15672 115 5 120 0.916667 22
15673 53 90 143 -0.258741 31
15674 88 47 135 0.303704 34
15675 92 51 143 0.286713 34
15676 112 7 119 0.882353 22
15677 80 36 116 0.37931 33
15678 39 111 150 -0.48 32
15679 80 28 108 0.481481 27
15680 66 50 116 0.137931 35
15681 64 73 137 -0.0656934 27
15682 19 97 116 -0.672414 27
15683 64 93 157 -0.184713 32
15684 56 77 133 -0.157895 28
15685 121 26 147 0.646259 33
15686 6 158 164 -0.926829 25
15687 120 18 138 0.73913 29
15688 84 61 145 0.158621 35
15689 15 126 141 -0.787234 25
15690 80 69 149 0.0738255 29
15691 174 23 197 0.766497 32
15692 132 11 143 0.846154 28
15693 98 60 158 0.240506 30
15694 17 113 130 -0.738462 29
15695 9 148 157 -0.88535 25
15696 40 174 214 -0.626168 30
15697 19 80 99 -0.616162 25
15698 39 33 72 0.0833333 33
15699 145 25 170 0.705882 33
15700 55 84 139 -0.208633 30
15701 99 52 151 0.311258 23
15702 162 18 180 0.8 28
15703 23 126 149 -0.691275 26
15704 120 28 148 0.621622 28
15705 100 49 149 0.342282 31
15706 45 123 168 -0.464286 35
15707 74 70 144 0.0277778 34
15708 21 38 59 -0.288136 17
15709 36 102 138 -0.478261 31
15710 8 133 141 -0.886525 22
15711 76 51 127 0.19685 28
15712 39 102 141 -0.446809 26
15713 6 147 153 -0.921569 23
15714 52 137 189 -0.449735 27
15715 19 171 190 -0.8 31
15716 82 48 130 0.261538 33
15717 87 33 120 0.45 27
15718 117 45 162 0.444444 29
15719 22 74 96 -0.541667 26
15720 12 157 169 -0.857988 23
15721 24 134 158 -0.696203 28
15722 36 112 148 -0.513514 30
15723 58 67 125 -0.072 32
15724 60 84 144 -0.166667 29
15725 101 30 131 0.541985 32
15726 6 158 164 -0.926829 25
15727 100 55 155 0.290323 36
15728 70 89 159 -0.119497 37
15729 92 30 122 0.508197 32
15730 8 139 147 -0.891156 24
15731 34 100 134 -0.492537 34
15732 91 42 133 0.368421 28
15733 59 82 141 -0.163121 34
15734 34 94 128 -0.46875 32
15735 72 78 150 -0.04 25
15736 23 160 183 -0.748634 30
15737 32 114 146 -0.561644 29
15738 86 16 102 0.686275 22
15739 11 148 159 -0.861635 28
15740 39 126 165 -0.527273 28
15741 111 19 130 0.707692 25
15742 37 87 124 -0.403226 30
15743 103 31 134 0.537313 27
15744 13 140 153 -0.830065 28
15745 55 81 136 -0.191176 31
15746 43 79 122 -0.295082 30
15747 116 15 131 0.770992 27
15748 95 56 151 0.258278 34
15749 41 94 135 -0.392593 29
15750 62 104 166 -0.253012 35
15751 71 92 163 -0.128834 33
15752 109 24 133 0.639098 26
15753 9 158 167 -0.892216 24
15754 101 44 145 0.393103 29
15755 122 40 162 0.506173 34
15756 37 119 156 -0.525641 28
15757 59 95 154 -0.233766 32
15758 8 135 143 -0.888112 18
15759 102 54 156 0.307692 34
15760 17 128 145 -0.765517 29
15761 146 11 157 0.859873 24
15762 37 148 185 -0.6 34
15763 117 25 142 0.647887 31
15764 73 67 140 0.0428571 32
15765 142 20 162 0.753086 28
15766 163 8 171 0.906433 25
15767 7 195 202 -0.930693 19
15768 73 67 140 0.0428571 31
15769 108 12 120 0.8 27
15770 43 72 115 -0.252174 35
15771 52 110 162 -0.358025 31
15772 87 62 149 0.167785 30
15773 12 164 176 -0.863636 22
15774 27 121 148 -0.635135 31
15775 66 97 163 -0.190184 28
15776 27 122 149 -0.637584 26
15777 119 38 157 0.515924 32
15778 35 120 155 -0.548387 28
15779 167 21 188 0.776596 25
15780 139 27 166 0.674699 26
15781 49 65 114 -0.140351 33
15782 135 15 150 0.8 27
15783 62 110 172 -0.27907 34
15784 23 129 152 -0.697368 29
15785 12 184 196 -0.877551 29
15786 139 13 152 0.828947 29
15787 38 97 135 -0.437037 32
15788 134 39 173 0.549133 33
15789 99 51 150 0.32 32
15790 122 40 162 0.506173 34
15791 29 120 149 -0.610738 30
15792 38 134 172 -0.55814 27
15793 70 70 140 0 28
15794 181 4 185 0.956757 21
15795 81 49 130 0.246154 34
15796 149 8 157 0.898089 25
15797 34 110 144 -0.527778 31
15798 9 156 165 -0.890909 26
15799 122 37 159 0.534591 31
15800 36 160 196 -0.632653 31
15801 62 97 159 -0.220126 29
15802 151 22 173 0.745665 30
15803 90 53 143 0.258741 33
15804 124 41 165 0.50303 32
15805 12 10 22 0.0909091 12
15806 114 28 142 0.605634 31
15807 86 47 133 0.293233 33
15808 133 9 142 0.873239 22
15809 94 66 160 0.175 35
15810 45 109 154 -0.415584 31
15811 35 116 151 -0.536424 26
15812 27 73 100 -0.46 23
15813 19 113 132 -0.712121 24
15814 21 95 116 -0.637931 24
15815 75 71 146 0.0273973 31
15816 87 90 177 -0.0169492 31
15817 14 88 102 -0.72549 27
15818 87 58 145 0.2 35
15819 44 89 133 -0.338346 32
15820 38 64 102 -0.254902 28
15821 92 39 131 0.40458 34
15822 49 105 154 -0.363636 33
15823 133 43 176 0.511364 37
15824 78 39 117 0.333333 31
15825 119 54 173 0.375723 33
15826 33 36 69 -0.0434783 25
15827 126 42 168 0.5 33
15828 24 145 169 -0.715976 30
15829 7 161 168 -0.916667 25
15830 159 40 199 0.59799 32
15831 36 128 164 -0.560976 30
15832 8 102 110 -0.854545 22
15833 190 13 203 0.871921 27
15834 184 11 195 0.887179 23
15835 81 57 138 0.173913 27
15836 44 103 147 -0.401361 28
15837 121 27 148 0.635135 27
15838 63 66 129 -0.0232558 29
15839 58 122 180 -0.355556 30
15840 36 163 199 -0.638191 32
15841 40 101 141 -0.432624 33
15842 86 61 147 0.170068 35
15843 54 63 117 -0.0769231 26
15844 88 71 159 0.106918 34
15845 72 56 128 0.125 33
15846 51 85 136 -0.25 33
15847 164 25 189 0.73545 30
15848 116 61 177 0.310734 36
15849 54 72 126 -0.142857 26
15850 77 65 142 0.084507 32
15851 31 87 118 -0.474576 27
15852 90 59 149 0.208054 36
15853 8 109 117 -0.863248 22
15854 135 7 142 0.901408 24
15855 115 46 161 0.428571 32
15856 36 95 131 -0.450382 28
15857 11 179 190 -0.884211 24
15858 109 38 147 0.482993 29
15859 80 82 162 -0.0123457 34
15860 9 129 138 -0.869565 24
15861 56 32 88 0.272727 20
15862 112 44 156 0.435897 30
15863 16 92 108 -0.703704 28
15864 11 200 211 -0.895735 27
15865 72 50 122 0.180328 31
15866 32 103 135 -0.525926 33
15867 139 13 152 0.828947 23
15868 107 49 156 0.371795 29
15869 89 44 133 0.338346 31
15870 50 125 175 -0.428571 31
15871 86 44 130 0.323077 31
15872 121 8 129 0.875969 22
15873 106 16 122 0.737705 26
15874 107 35 142 0.507042 29
15875 73 61 134 0.0895522 35
15876 45 86 131 -0.312977 28
15877 10 95 105 -0.809524 25
15878 10 238 248 -0.919355 22
15879 105 41 146 0.438356 29
15880 78 63 141 0.106383 29
15881 107 20 127 0.685039 30
15882 21 114 135 -0.688889 30
15883 91 27 118 0.542373 31
15884 75 81 156 -0.0384615 31
15885 7 126 133 -0.894737 24
15886 104 28 132 0.575758 33
15887 58 88 146 -0.205479 31
15888 0 0 0 0 0
15889 28 185 213 -0.737089 30
15890 55 90 145 -0.241379 30
15891 65 19 84 0.547619 27
15892 99 39 138 0.434783 29
15893 93 63 156 0.192308 33
15894 33 97 130 -0.492308 27
15895 86 66 152 0.131579 22
15896 30 109 139 -0.568345 32
15897 143 1 144 0.986111 19
15898 19 140 159 -0.761006 28
15899 40 113 153 -0.477124 29
15900 55 118 173 -0.364162 32
15901 5 180 185 -0.945946 20
15902 17 178 195 -0.825641 27
15903 9 188 197 -0.908629 25
15904 77 60 137 0.124088 29
15905 164 11 175 0.874286 25
15906 41 133 174 -0.528736 29
15907 93 40 133 0.398496 31
15908 136 12 148 0.837838 26
15909 61 87 148 -0.175676 30
15910 41 83 124 -0.33871 33
15911 72 59 131 0.0992366 33
15912 40 111 151 -0.470199 28
15913 101 70 171 0.181287 28
15914 112 4 116 0.931034 22
15915 48 123 171 -0.438596 36
15916 5 160 165 -0.939394 23
15917 190 5 195 0.948718 23
15918 97 70 167 0.161677 32
15919 105 30 135 0.555556 26
15920 79 87 166 -0.0481928 35
15921 47 77 124 -0.241935 30
15922 53 126 179 -0.407821 29
15923 51 106 157 -0.350318 34
15924 115 29 144 0.597222 29
15925 14 147 161 -0.826087 25
15926 77 108 185 -0.167568 35
15927 77 57 134 0.149254 24
15928 52 95 147 -0.292517 25
15929 116 29 145 0.6 30
15930 12 117 129 -0.813953 26
15931 78 45 123 0.268293 28
15932 37 115 152 -0.513158 31
15933 122 35 157 0.55414 30
15934 63 98 161 -0.217391 30
15935 69 100 169 -0.183432 32
15936 127 59 186 0.365591 28
15937 219 10 229 0.912664 22
15938 78 60 138 0.130435 31
15939 26 140 166 -0.686747 30
15940 98 45 143 0.370629 31
15941 51 142 193 -0.471503 30
15942 136 8 144 0.888889 22
15943 64 92 156 -0.179487 33
15944 88 54 142 0.239437 26
15945 14 140 154 -0.818182 27
15946 200 8 208 0.923077 24
15947 15 187 202 -0.851485 22
15948 57 63 120 -0.05 35
15949 81 72 153 0.0588235 33
15950 106 65 171 0.239766 34
15951 174 26 200 0.74 26
15952 68 77 145 -0.062069 34
15953 129 16 145 0.77931 31
15954 56 45 101 0.108911 28
15955 6 15 21 -0.428571 14
15956 103 39 142 0.450704 31
15957 7 164 171 -0.918129 24
15958 87 18 105 0.657143 29
15959 33 110 143 -0.538462 30
15960 41 90 131 -0.374046 36
15961 66 50 116 0.137931 24
15962 25 76 101 -0.50495 22
15963 39 90 129 -0.395349 35
15964 119 27 146 0.630137 33
15965 34 127 161 -0.57764 27
15966 73 42 115 0.269565 25
15967 27 77 104 -0.480769 28
15968 36 105 141 -0.489362 29
15969 34 114 148 -0.540541 30
15970 14 143 157 -0.821656 24
15971 27 108 135 -0.6 26
15972 53 90 143 -0.258741 28
15973 57 81 138 -0.173913 32
15974 50 86 136 -0.264706 36
15975 7 173 180 -0.922222 24
15976 28 120 148 -0.621622 28
15977 31 106 137 -0.547445 27
15978 36 114 150 -0.52 32
15979 41 116 157 -0.477707 25
15980 117 29 146 0.60274 32
15981 28 111 139 -0.597122 31
15982 73 113 186 -0.215054 33
15983 39 82 121 -0.355372 32
15984 31 132 163 -0.619632 28
15985 10 135 145 -0.862069 28
15986 143 2 145 0.972414 21
15987 51 102 153 -0.333333 31
15988 102 32 134 0.522388 30
15989 96 33 129 0.488372 30
15990 152 6 158 0.924051 23
15991 94 61 155 0.212903 36
15992 17 154 171 -0.80117 23
15993 16 116 132 -0.757576 29
15994 115 49 164 0.402439 32
15995 200 2 202 0.980198 18
15996 50 136 186 -0.462366 34
15997 61 56 117 0.042735 32
15998 129 24 153 0.686275 30
15999 98 53 151 0.298013 33
16000 42 96 138 -0.391304 29
16001 116 33 149 0.557047 24
16002 101 32 133 0.518797 28
16003 124 17 141 0.758865 29
16004 92 50 142 0.295775 30
16005 72 64 136 0.0588235 33
16006 2 166 168 -0.97619 21
16007 12 146 158 -0.848101 22
16008 22 117 139 -0.683453 28
16009 135 10 145 0.862069 21
16010 19 188 207 -0.816425 28
16011 13 158 171 -0.847953 28
16012 117 33 150 0.56 29
16013 100 57 157 0.273885 33
16014 154 16 170 0.811765 29
16015 1 159 160 -0.9875 20
16016 63 56 119 0.0588235 26
16017 76 80 156 -0.025641 31
16018 94 44 138 0.362319 32
16019 17 116 133 -0.744361 30
16020 26 141 167 -0.688623 26
16021 45 131 176 -0.488636 31
16022 139 32 171 0.625731 34
16023 88 61 149 0.181208 28
16024 19 116 135 -0.718519 29
16025 36 144 180 -0.6 33
16026 10 132 142 -0.859155 25
16027 66 69 135 -0.0222222 27
16028 116 43 159 0.459119 34
16029 124 26 150 0.653333 29
16030 52 90 142 -0.267606 26
16031 77 35 112 0.375 30
16032 82 43 125 0.312 32
16033 44 91 135 -0.348148 34
16034 82 49 131 0.251908 29
16035 107 71 178 0.202247 31
16036 77 77 154 0 27
16037 57 49 106 0.0754717 26
16038 77 15 92 0.673913 26
16039 125 41 166 0.506024 32
16040 115 15 130 0.769231 21
16041 133 18 151 0.761589 27
16042 129 17 146 0.767123 25
16043 62 123 185 -0.32973 33
16044 140 9 149 0.879195 26
16045 131 30 161 0.627329 30
16046 64 94 158 -0.189873 30
16047 17 162 179 -0.810056 29
16048 105 47 152 0.381579 30
16049 98 25 123 0.593496 31
16050 124 30 154 0.61039 25
16051 163 36 199 0.638191 35
16052 183 15 198 0.848485 28
16053 40 68 108 -0.259259 28
16054 49 134 183 -0.464481 34
16055 12 206 218 -0.889908 26
16056 80 56 136 0.176471 27
16057 54 74 128 -0.15625 29
16058 52 95 147 -0.292517 25
16059 126 55 181 0.392265 29
16060 98 22 120 0.633333 28
16061 91 73 164 0.109756 35
16062 128 26 154 0.662338 29
16063 100 33 133 0.503759 30
16064 47 90 137 -0.313869 30
16065 14 171 185 -0.848649 28
16066 25 129 154 -0.675325 32
16067 56 106 162 -0.308642 27
16068 41 89 130 -0.369231 31
16069 166 8 174 0.908046 24
16070 42 93 135 -0.377778 33
16071 98 41 139 0.410072 28
16072 77 70 147 0.047619 34
16073 3 126 129 -0.953488 20
16074 38 84 122 -0.377049 29
16075 161 13 174 0.850575 23
16076 30 74 104 -0.423077 29
16077 39 112 151 -0.483444 32
16078 102 30 132 0.545455 31
16079 113 43 156 0.448718 31
16080 29 104 133 -0.56391 24
16081 139 12 151 0.84106 26
16082 164 18 182 0.802198 28
16083 29 96 125 -0.536 32
16084 59 71 130 -0.0923077 32
16085 37 1 38 0.947368 15
16086 40 90 130 -0.384615 32
16087 91 46 137 0.328467 31
16088 119 23 142 0.676056 27
16089 96 37 133 0.443609 29
16090 106 62 168 0.261905 34
16091 43 136 179 -0.519553 31
16092 43 138 181 -0.524862 34
16093 4 147 151 -0.94702 21
16094 9 103 112 -0.839286 25
16095 114 30 144 0.583333 26
16096 46 103 149 -0.38255 33
16097 52 71 123 -0.154472 29
16098 56 100 156 -0.282051 26
16099 9 149 158 -0.886076 24
16100 6 206 212 -0.943396 23
16101 30 92 122 -0.508197 25
16102 22 115 137 -0.678832 26
16103 115 34 149 0.543624 31
16104 136 22 158 0.721519 27
16105 28 11 39 0.435897 15
16106 61 103 164 -0.256098 29
16107 123 22 145 0.696552 29
16108 169 13 182 0.857143 29
16109 108 31 139 0.553957 33
16110 6 119 125 -0.904 23
16111 50 84 134 -0.253731 30
16112 35 110 145 -0.517241 31
16113 55 65 120 -0.0833333 30
16114 1 128 129 -0.984496 8
16115 56 123 179 -0.374302 34
16116 30 157 187 -0.679144 23
16117 57 78 135 -0.155556 32
16118 97 28 125 0.552 26
16119 128 20 148 0.72973 31
16120 56 83 139 -0.194245 26
16121 109 39 148 0.472973 32
16122 66 26 92 0.434783 25
16123 113 49 162 0.395062 36
16124 44 105 149 -0.409396 28
16125 67 119 186 -0.27957 33
16126 46 123 169 -0.455621 28
16127 146 26 172 0.697674 32
16128 9 138 147 -0.877551 24
16129 7 145 152 -0.907895 17
16130 61 44 105 0.161905 26
16131 98 42 140 0.4 28
16132 35 119 154 -0.545455 29
16133 112 7 119 0.882353 24
16134 175 2 177 0.977401 18
16135 31 127 158 -0.607595 25
16136 33 124 157 -0.579618 25
16137 119 45 164 0.45122 32
16138 28 159 187 -0.700535 23
16139 82 76 158 0.0379747 30
16140 34 75 109 -0.376147 25
16141 55 84 139 -0.208633 32
16142 88 24 112 0.571429 30
16143 192 11 203 0.891626 21
16144 180 20 200 0.8 29
16145 64 89 153 -0.163399 35
16146 153 8 161 0.900621 23
16147 113 8 121 0.867769 24
16148 204 5 209 0.952153 22
16149 41 53 94 -0.12766 27
16150 15 115 130 -0.769231 28
16151 86 56 142 0.211268 34
16152 203 11 214 0.897196 19
16153 54 81 135 -0.2 29
16154 119 20 139 0.71223 23
16155 26 142 168 -0.690476 27
16156 135 27 162 0.666667 30
16157 21 103 124 -0.66129 22
16158 86 34 120 0.433333 27
16159 86 63 149 0.154362 28
16160 60 23 83 0.445783 27
16161 92 54 146 0.260274 28
16162 92 58 150 0.226667 24
16163 86 65 151 0.139073 32
16164 210 7 217 0.935484 24
16165 31 149 180 -0.655556 28
16166 76 71 147 0.0340136 31
16167 27 155 182 -0.703297 31
16168 102 39 141 0.446809 21
16169 24 158 182 -0.736264 27
16170 21 147 168 -0.75 30
16171 115 40 155 0.483871 32
16172 23 133 156 -0.705128 24
16173 111 45 156 0.423077 33
16174 35 125 160 -0.5625 28
16175 29 102 131 -0.557252 31
16176 167 27 194 0.721649 29
16177 92 92 184 0 35
16178 104 0 104 1 11
16179 61 116 177 -0.310734 30
16180 31 24 55 0.127273 17
16181 153 11 164 0.865854 27
16182 7 175 182 -0.923077 25
16183 19 150 169 -0.775148 29
16184 100 42 142 0.408451 27
16185 80 78 158 0.0126582 32
16186 92 26 118 0.559322 30
16187 55 73 128 -0.140625 30
16188 24 90 114 -0.578947 29
16189 75 73 148 0.0135135 28
16190 85 51 136 0.25 25
16191 103 50 153 0.346405 30
16192 18 203 221 -0.837104 28
16193 70 100 170 -0.176471 30
16194 52 88 140 -0.257143 26
16195 92 50 142 0.295775 27
16196 137 35 172 0.593023 30
16197 124 58 182 0.362637 30
16198 7 162 169 -0.91716 24
16199 97 46 143 0.356643 29
16200 178 15 193 0.84456 27
16201 67 55 122 0.0983607 32
16202 127 23 150 0.693333 29
16203 30 162 192 -0.6875 33
16204 138 10 148 0.864865 23
16205 61 91 152 -0.197368 33
16206 2 173 175 -0.977143 16
16207 62 54 116 0.0689655 31
16208 32 121 153 -0.581699 25
16209 15 151 166 -0.819277 26
16210 94 45 139 0.352518 30
16211 53 58 111 -0.045045 30
16212 84 16 100 0.68 22
16213 20 137 157 -0.745223 31
16214 84 85 169 -0.00591716 31
16215 95 65 160 0.1875 35
16216 200 24 224 0.785714 29
16217 73 68 141 0.035461 33
16218 129 60 189 0.365079 36
16219 43 105 148 -0.418919 26
16220 170 11 181 0.878453 27
16221 137 22 159 0.72327 33
16222 161 19 180 0.788889 27
16223 137 47 184 0.48913 30
16224 15 133 148 -0.797297 28
16225 48 111 159 -0.396226 30
16226 49 78 127 -0.228346 32
16227 97 17 114 0.701754 30
16228 69 57 126 0.0952381 31
16229 25 140 165 -0.69697 26
16230 111 19 130 0.707692 34
16231 97 71 168 0.154762 28
16232 115 41 156 0.474359 26
16233 74 91 165 -0.10303 27
16234 95 57 152 0.25 33
16235 75 64 139 0.0791367 31
16236 93 23 116 0.603448 25
16237 93 40 133 0.398496 29
16238 126 26 152 0.657895 29
16239 9 121 130 -0.861538 21
16240 21 115 136 -0.691176 30
16241 95 69 164 0.158537 36
16242 147 30 177 0.661017 23
16243 129 18 147 0.755102 29
16244 29 120 149 -0.610738 28
16245 18 180 198 -0.818182 30
16246 109 33 142 0.535211 31
16247 101 41 142 0.422535 31
16248 23 100 123 -0.626016 25
16249 87 51 138 0.26087 35
16250 22 130 152 -0.710526 26
16251 18 107 125 -0.712 27
16252 117 37 154 0.519481 30
16253 52 79 131 -0.206107 24
16254 110 39 149 0.47651 28
16255 102 37 139 0.467626 23
16256 112 16 128 0.75 25
16257 179 7 186 0.924731 24
16258 161 30 191 0.685864 28
16259 196 9 205 0.912195 21
16260 45 121 166 -0.457831 28
16261 28 127 155 -0.63871 30
16262 83 88 171 -0.0292398 30
16263 17 103 120 -0.716667 24
16264 67 43 110 0.218182 28
16265 38 119 157 -0.515924 30
16266 43 112 155 -0.445161 33
16267 101 43 144 0.402778 32
16268 42 104 146 -0.424658 30
16269 104 52 156 0.333333 31
16270 85 41 126 0.349206 25
16271 69 72 141 -0.0212766 34
16272 66 54 120 0.1 30
16273 131 47 178 0.47191 29
16274 30 68 98 -0.387755 31
16275 54 71 125 -0.136 34
16276 95 2 97 0.958763 12
16277 120 10 130 0.846154 23
16278 130 11 141 0.843972 29
16279 56 82 138 -0.188406 34
16280 32 109 141 -0.546099 33
16281 17 94 111 -0.693694 26
16282 65 86 151 -0.139073 29
16283 101 50 151 0.337748 35
16284 90 37 127 0.417323 23
16285 103 71 174 0.183908 28
16286 205 7 212 0.933962 22
16287 52 101 153 -0.320261 32
16288 14 131 145 -0.806897 29
16289 80 40 120 0.333333 28
16290 39 73 112 -0.303571 25
16291 52 70 122 -0.147541 30
16292 74 45 119 0.243697 29
16293 2 109 111 -0.963964 16
16294 30 48 78 -0.230769 21
16295 29 105 134 -0.567164 33
16296 209 8 217 0.926267 20
16297 51 76 127 -0.19685 23
16298 8 141 149 -0.892617 26
16299 68 96 164 -0.170732 31
16300 89 61 150 0.186667 25
16301 14 75 89 -0.685393 23
16302 191 14 205 0.863415 25
16303 73 58 131 0.114504 27
16304 62 77 139 -0.107914 28
16305 30 131 161 -0.627329 30
16306 75 83 158 -0.0506329 27
16307 28 134 162 -0.654321 32
16308 23 119 142 -0.676056 31
16309 11 144 155 -0.858065 25
16310 13 165 178 -0.853933 30
16311 94 26 120 0.566667 27
16312 50 82 132 -0.242424 33
16313 32 119 151 -0.576159 31
16314 53 133 186 -0.430108 36
16315 109 75 184 0.184783 37
16316 78 73 151 0.0331126 32
16317 39 126 165 -0.527273 33
16318 31 118 149 -0.583893 25
16319 9 122 131 -0.862595 24
16320 9 142 151 -0.880795 25
16321 152 16 168 0.809524 28
16322 32 120 152 -0.578947 33
16323 58 52 110 0.0545455 28
16324 40 100 140 -0.428571 35
16325 66 79 145 -0.0896552 32
16326 48 83 131 -0.267176 35
16327 83 89 172 -0.0348837 28
16328 172 20 192 0.791667 30
16329 5 89 94 -0.893617 21
16330 31 168 199 -0.688442 31
16331 19 165 184 -0.793478 29
16332 139 27 166 0.674699 33
16333 18 119 137 -0.737226 28
16334 88 68 156 0.128205 36
16335 130 37 167 0.556886 29
16336 24 154 178 -0.730337 26
16337 96 61 157 0.22293 30
16338 84 41 125 0.344 26
16339 78 59 137 0.138686 26
16340 102 19 121 0.68595 28
16341 20 111 131 -0.694656 29
16342 32 116 148 -0.567568 33
16343 22 171 193 -0.772021 31
16344 83 64 147 0.129252 36
16345 28 89 117 -0.521368 29
16346 52 84 136 -0.235294 30
16347 76 75 151 0.00662252 36
16348 109 24 133 0.639098 29
16349 103 42 145 0.42069 31
16350 113 13 126 0.793651 27
16351 179 8 187 0.914439 21
16352 42 109 151 -0.443709 33
16353 124 19 143 0.734266 27
16354 65 86 151 -0.139073 32
16355 162 32 194 0.670103 33
16356 149 8 157 0.898089 25
16357 42 56 98 -0.142857 24
16358 35 100 135 -0.481481 32
16359 57 95 152 -0.25 31
16360 22 108 130 -0.661538 30
16361 81 70 151 0.0728477 33
16362 40 107 147 -0.455782 35
16363 162 17 179 0.810056 25
16364 145 24 169 0.715976 29
16365 78 71 149 0.0469799 31
16366 120 57 177 0.355932 31
16367 95 37 132 0.439394 35
16368 46 72 118 -0.220339 31
16369 157 12 169 0.857988 24
16370 105 10 115 0.826087 27
16371 13 118 131 -0.801527 25
16372 65 18 83 0.566265 24
16373 16 103 119 -0.731092 27
16374 31 121 152 -0.592105 32
16375 36 127 163 -0.558282 30
16376 123 34 157 0.566879 33
16377 94 54 148 0.27027 33
16378 28 166 194 -0.71134 26
16379 86 72 158 0.0886076 35
16380 86 51 137 0.255474 29
16381 42 102 144 -0.416667 31
16382 149 21 170 0.752941 29
16383 46 103 149 -0.38255 35
16384 50 72 122 -0.180328 28
16385 106 50 156 0.358974 29
16386 12 189 201 -0.880597 25
16387 37 80 117 -0.367521 28
16388 27 149 176 -0.693182 24
16389 53 89 142 -0.253521 34
16390 28 115 143 -0.608392 31
16391 14 159 173 -0.83815 27
16392 22 124 146 -0.69863 30
16393 73 88 161 -0.0931677 30
16394 122 32 154 0.584416 31
16395 112 31 143 0.566434 30
16396 90 72 162 0.111111 36
16397 87 53 140 0.242857 36
16398 137 43 180 0.522222 33
16399 4 132 136 -0.941176 23
16400 135 25 160 0.6875 30
16401 64 115 179 -0.284916 32
16402 70 42 112 0.25 30
16403 30 98 128 -0.53125 27
16404 22 127 149 -0.704698 33
16405 9 178 187 -0.903743 25
16406 34 117 151 -0.549669 32
16407 85 54 139 0.223022 35
16408 44 109 153 -0.424837 29
16409 135 25 160 0.6875 31
16410 67 71 138 -0.0289855 33
16411 159 12 171 0.859649 23
16412 31 90 121 -0.487603 28
16413 124 13 137 0.810219 26
16414 69 111 180 -0.233333 36
16415 97 47 144 0.347222 34
16416 11 83 94 -0.765957 22
16417 104 17 121 0.719008 25
16418 81 75 156 0.0384615 26
16419 3 185 188 -0.968085 19
16420 114 12 126 0.809524 22
16421 92 72 164 0.121951 30
16422 126 12 138 0.826087 25
16423 24 119 143 -0.664336 27
16424 101 79 180 0.122222 33
16425 15 129 144 -0.791667 29
16426 109 11 120 0.816667 24
16427 93 47 140 0.328571 30
16428 81 94 175 -0.0742857 30
16429 10 147 157 -0.872611 25
16430 14 147 161 -0.826087 26
16431 44 86 130 -0.323077 31
16432 137 18 155 0.767742 22
16433 112 37 149 0.503356 33
16434 37 67 104 -0.288462 29
16435 98 56 154 0.272727 33
16436 199 11 210 0.895238 24
16437 5 121 126 -0.920635 21
16438 6 183 189 -0.936508 23
16439 56 95 151 -0.258278 35
16440 98 31 129 0.51938 28
16441 6 147 153 -0.921569 24
16442 205 8 213 0.924883 19
16443 70 75 145 -0.0344828 31
16444 153 14 167 0.832335 26
16445 149 7 156 0.910256 23
16446 133 24 157 0.694268 25
16447 45 101 146 -0.383562 31
16448 131 17 148 0.77027 32
16449 145 27 172 0.686047 26
16450 99 38 137 0.445255 32
16451 6 180 186 -0.935484 19
16452 17 186 203 -0.832512 27
16453 119 4 123 0.934959 23
16454 67 67 134 0 34
16455 115 58 173 0.32948 28
16456 144 8 152 0.894737 21
16457 163 6 169 0.928994 25
16458 161 31 192 0.677083 26
16459 19 147 166 -0.771084 30
16460 115 24 139 0.654676 34
16461 92 58 150 0.226667 33
16462 46 96 142 -0.352113 31
16463 145 42 187 0.550802 30
16464 46 89 135 -0.318519 27
16465 75 82 157 -0.044586 35
16466 30 119 149 -0.597315 26
16467 53 103 156 -0.320513 36
16468 53 79 132 -0.19697 29
16469 35 118 153 -0.542484 31
16470 20 157 177 -0.774011 20
16471 71 59 130 0.0923077 33
16472 26 159 185 -0.718919 27
16473 140 6 146 0.917808 20
16474 94 44 138 0.362319 27
16475 148 21 169 0.751479 26
16476 33 125 158 -0.582278 31
16477 96 62 158 0.21519 32
16478 105 23 128 0.640625 31
16479 56 89 145 -0.227586 34
16480 13 153 166 -0.843373 25
16481 64 104 168 -0.238095 35
16482 13 148 161 -0.838509 29
16483 25 109 134 -0.626866 31
16484 119 29 148 0.608108 26
16485 98 36 134 0.462687 31
16486 76 73 149 0.0201342 32
16487 41 92 133 -0.383459 33
16488 27 123 150 -0.64 30
16489 137 30 167 0.640719 30
16490 20 97 117 -0.65812 28
16491 96 50 146 0.315068 32
16492 23 132 155 -0.703226 29
16493 27 96 123 -0.560976 24
16494 41 108 149 -0.449664 32
16495 84 54 138 0.217391 32
16496 120 38 158 0.518987 32
16497 161 11 172 0.872093 29
16498 49 48 97 0.0103093 33
16499 20 125 145 -0.724138 27
16500 15 179 194 -0.845361 27
16501 17 124 141 -0.758865 30
16502 56 68 124 -0.0967742 32
16503 34 145 179 -0.620112 31
16504 71 91 162 -0.123457 36
16505 19 145 164 -0.768293 24
16506 131 11 142 0.84507 26
16507 153 4 157 0.949045 17
16508 34 115 149 -0.543624 28
16509 72 104 176 -0.181818 31
16510 25 36 61 -0.180328 24
16511 14 169 183 -0.846995 25
16512 49 76 125 -0.216 32
16513 5 62 67 -0.850746 17
16514 20 144 164 -0.756098 30
16515 56 114 170 -0.341176 32
16516 4 117 121 -0.933884 17
16517 22 132 154 -0.714286 24
16518 111 18 129 0.72093 27
16519 124 39 163 0.521472 31
16520 14 173 187 -0.850267 21
16521 27 114 141 -0.617021 34
16522 163 21 184 0.771739 27
16523 29 113 142 -0.591549 31
16524 103 58 161 0.279503 26
16525 52 102 154 -0.324675 34
16526 61 68 129 -0.0542636 25
16527 56 81 137 -0.182482 30
16528 142 27 169 0.680473 33
16529 49 102 151 -0.350993 33
16530 119 22 141 0.687943 29
16531 29 85 114 -0.491228 27
16532 191 4 195 0.958974 15
16533 80 85 165 -0.030303 35
16534 77 73 150 0.0266667 32
16535 25 140 165 -0.69697 27
16536 90 39 129 0.395349 29
16537 72 38 110 0.309091 28
16538 14 139 153 -0.816993 28
16539 33 105 138 -0.521739 28
16540 95 30 125 0.52 31
16541 91 24 115 0.582609 28
16542 31 113 144 -0.569444 29
16543 187 31 218 0.715596 29
16544 43 113 156 -0.448718 29
16545 146 28 174 0.678161 27
16546 56 62 118 -0.0508475 32
16547 86 38 124 0.387097 25
16548 67 46 113 0.185841 32
16549 53 47 100 0.06 34
16550 19 129 148 -0.743243 29
16551 25 104 129 -0.612403 32
16552 7 167 174 -0.91954 23
16553 24 62 86 -0.44186 16
16554 80 46 126 0.269841 31
16555 28 83 111 -0.495495 27
16556 96 79 175 0.0971429 31
16557 63 50 113 0.115044 33
16558 14 99 113 -0.752212 30
16559 79 12 91 0.736264 21
16560 23 123 146 -0.684932 32
16561 118 30 148 0.594595 31
16562 44 100 144 -0.388889 37
16563 109 47 156 0.397436 30
16564 11 185 196 -0.887755 19
16565 146 26 172 0.697674 27
16566 13 118 131 -0.801527 26
16567 70 55 125 0.12 24
16568 47 99 146 -0.356164 32
16569 83 57 140 0.185714 32
16570 75 97 172 -0.127907 36
16571 25 104 129 -0.612403 29
16572 163 10 173 0.884393 25
16573 14 143 157 -0.821656 22
16574 108 27 135 0.6 28
16575 58 75 133 -0.12782 28
16576 46 77 123 -0.252033 32
16577 109 41 150 0.453333 34
16578 86 62 148 0.162162 29
16579 109 30 139 0.568345 29
16580 33 43 76 -0.131579 25
16581 23 154 177 -0.740113 30
16582 51 102 153 -0.333333 30
16583 46 115 161 -0.428571 29
16584 136 10 146 0.863014 27
16585 51 92 143 -0.286713 34
16586 39 103 142 -0.450704 33
16587 107 11 118 0.813559 27
16588 193 2 195 0.979487 16
16589 23 162 185 -0.751351 27
16590 72 64 136 0.0588235 28
16591 151 23 174 0.735632 28
16592 83 62 145 0.144828 27
16593 122 29 151 0.615894 30
16594 30 111 141 -0.574468 22
16595 28 139 167 -0.664671 34
16596 84 44 128 0.3125 31
16597 58 101 159 -0.27044 34
16598 79 59 138 0.144928 35
16599 10 131 141 -0.858156 27
16600 110 17 127 0.732283 28
16601 55 110 165 -0.333333 29
16602 52 70 122 -0.147541 31
16603 72 76 148 -0.027027 29
16604 71 74 145 -0.0206897 29
16605 127 46 173 0.468208 33
16606 106 38 144 0.472222 29
16607 145 26 171 0.695906 27
16608 169 7 176 0.920455 20
16609 84 31 115 0.46087 32
16610 23 156 179 -0.743017 31
16611 131 19 150 0.746667 23
16612 64 66 130 -0.0153846 31
16613 95 51 146 0.30137 32
16614 62 72 134 -0.0746269 32
16615 56 25 81 0.382716 28
16616 182 24 206 0.76699 27
16617 119 35 154 0.545455 33
16618 109 16 125 0.744 27
16619 83 47 130 0.276923 32
16620 82 74 156 0.0512821 30
16621 81 82 163 -0.00613497 31
16622 122 30 152 0.605263 35
16623 58 66 124 -0.0645161 32
16624 54 84 138 -0.217391 31
16625 73 71 144 0.0138889 33
16626 8 239 247 -0.935223 21
16627 69 72 141 -0.0212766 31
16628 67 82 149 -0.100671 36
16629 50 94 144 -0.305556 29
16630 173 32 205 0.687805 28
16631 48 97 145 -0.337931 30
16632 39 113 152 -0.486842 32
16633 53 11 64 0.65625 18
16634 144 12 156 0.846154 28
16635 94 68 162 0.160494 35
16636 114 44 158 0.443038 31
16637 155 15 170 0.823529 17
16638 88 66 154 0.142857 33
16639 47 109 156 -0.397436 26
16640 76 54 130 0.169231 26
16641 26 149 175 -0.702857 32
16642 9 131 140 -0.871429 24
16643 42 82 124 -0.322581 32
16644 87 47 134 0.298507 32
16645 140 14 154 0.818182 28
16646 81 54 135 0.2 33
16647 58 78 136 -0.147059 25
16648 48 92 140 -0.314286 38
16649 48 103 151 -0.364238 34
16650 134 27 161 0.664596 32
16651 41 73 114 -0.280702 33
16652 25 98 123 -0.593496 28
16653 20 102 122 -0.672131 31
16654 90 37 127 0.417323 28
16655 163 16 179 0.821229 26
16656 101 54 155 0.303226 30
16657 7 221 228 -0.938596 24
16658 69 111 180 -0.233333 30
16659 6 231 237 -0.949367 13
16660 151 48 199 0.517588 34
16661 109 7 116 0.87931 23
16662 92 87 179 0.027933 36
16663 92 76 168 0.0952381 34
16664 71 30 101 0.405941 25
16665 86 29 115 0.495652 25
16666 6 143 149 -0.919463 22
16667 61 70 131 -0.0687023 31
16668 12 147 159 -0.849057 25
16669 133 20 153 0.738562 30
16670 98 29 127 0.543307 24
16671 103 59 162 0.271605 34
16672 56 95 151 -0.258278 31
16673 30 100 130 -0.538462 29
16674 54 65 119 -0.092437 33
16675 31 113 144 -0.569444 32
16676 20 131 151 -0.735099 27
16677 41 145 186 -0.55914 33
16678 77 55 132 0.166667 33
16679 107 62 169 0.266272 36
16680 22 117 139 -0.683453 30
16681 37 149 186 -0.602151 26
16682 82 60 142 0.15493 32
16683 128 28 156 0.641026 29
16684 52 75 127 -0.181102 28
16685 56 68 124 -0.0967742 33
16686 110 56 166 0.325301 32
16687 83 56 139 0.194245 32
16688 40 90 130 -0.384615 31
16689 61 34 95 0.284211 28
16690 70 18 88 0.590909 22
16691 53 69 122 -0.131148 26
16692 34 136 170 -0.6 31
16693 80 64 144 0.111111 31
16694 63 93 156 -0.192308 31
16695 63 74 137 -0.080292 32
16696 141 6 147 0.918367 24
16697 110 33 143 0.538462 29
16698 50 80 130 -0.230769 30
16699 79 56 135 0.17037 37
16700 110 13 123 0.788618 25
16701 135 20 155 0.741935 21
16702 45 83 128 -0.296875 28
16703 103 43 146 0.410959 31
16704 88 55 143 0.230769 31
16705 9 182 191 -0.905759 24
16706 100 28 128 0.5625 26
16707 8 186 194 -0.917526 22
16708 107 50 157 0.363057 32
16709 80 80 160 0 35
16710 9 84 93 -0.806452 28
16711 81 25 106 0.528302 31
16712 93 55 148 0.256757 32
16713 124 22 146 0.69863 30
16714 79 59 138 0.144928 35
16715 19 131 150 -0.746667 25
16716 22 98 120 -0.633333 30
16717 13 224 237 -0.890295 27
16718 15 136 151 -0.801325 21
16719 175 17 192 0.822917 28
16720 43 108 151 -0.430464 30
16721 43 91 134 -0.358209 29
16722 135 39 174 0.551724 32
16723 123 17 140 0.757143 28
16724 194 12 206 0.883495 29
16725 91 35 126 0.444444 28
16726 126 12 138 0.826087 24
16727 29 151 180 -0.677778 32
16728 96 69 165 0.163636 34
16729 58 88 146 -0.205479 35
16730 101 54 155 0.303226 33
16731 31 81 112 -0.446429 23
16732 22 126 148 -0.702703 32
16733 10 157 167 -0.88024 24
16734 59 80 139 -0.151079 32
16735 144 5 149 0.932886 24
16736 58 103 161 -0.279503 29
16737 32 130 162 -0.604938 27
16738 90 56 146 0.232877 27
16739 75 81 156 -0.0384615 32
16740 132 34 166 0.590361 32
16741 49 45 94 0.0425532 29
16742 111 40 151 0.470199 32
16743 116 29 145 0.6 29
16744 116 25 141 0.64539 28
16745 19 111 130 -0.707692 30
16746 5 155 160 -0.9375 23
16747 158 28 186 0.698925 31
16748 25 129 154 -0.675325 28
16749 65 87 152 -0.144737 31
16750 62 65 127 -0.023622 32
16751 56 86 142 -0.211268 33
16752 23 80 103 -0.553398 21
16753 49 94 143 -0.314685 31
16754 36 80 116 -0.37931 36
16755 76 68 144 0.0555556 25
16756 61 69 130 -0.0615385 31
16757 37 79 116 -0.362069 33
16758 68 79 147 -0.0748299 34
16759 19 104 123 -0.691057 27
16760 24 125 149 -0.677852 32
16761 130 42 172 0.511628 32
16762 167 12 179 0.865922 28
16763 151 35 186 0.623656 34
16764 7 141 148 -0.905405 25
16765 49 112 161 -0.391304 33
16766 37 110 147 -0.496599 32
16767 68 61 129 0.0542636 29
16768 135 23 158 0.708861 30
16769 113 72 185 0.221622 34
16770 112 36 148 0.513514 26
16771 42 119 161 -0.478261 32
16772 26 98 124 -0.580645 28
16773 39 132 171 -0.54386 30
16774 9 145 154 -0.883117 25
16775 92 47 139 0.323741 31
16776 49 101 150 -0.346667 35
16777 7 183 190 -0.926316 25
16778 19 133 152 -0.75 31
16779 83 46 129 0.286822 29
16780 84 28 112 0.5 26
16781 135 24 159 0.698113 29
16782 93 62 155 0.2 31
16783 42 128 170 -0.505882 27
16784 9 189 198 -0.909091 25
16785 87 40 127 0.370079 31
16786 25 113 138 -0.637681 29
16787 81 73 154 0.0519481 27
16788 12 159 171 -0.859649 21
16789 66 54 120 0.1 26
16790 45 98 143 -0.370629 36
16791 98 50 148 0.324324 30
16792 7 160 167 -0.916168 24
16793 59 97 156 -0.24359 31
16794 93 76 169 0.100592 33
16795 139 29 168 0.654762 22
16796 19 149 168 -0.77381 27
16797 59 79 138 -0.144928 30
16798 46 118 164 -0.439024 32
16799 45 101 146 -0.383562 32
16800 59 86 145 -0.186207 30
16801 27 127 154 -0.649351 28
16802 63 50 113 0.115044 29
16803 26 101 127 -0.590551 28
16804 160 8 168 0.904762 24
16805 138 46 184 0.5 34
16806 52 116 168 -0.380952 29
16807 140 39 179 0.564246 32
16808 86 55 141 0.219858 30
16809 35 137 172 -0.593023 31
16810 92 63 155 0.187097 27
16811 59 99 158 -0.253165 29
16812 58 107 165 -0.29697 36
16813 76 94 170 -0.105882 36
16814 7 169 176 -0.920455 24
16815 224 7 231 0.939394 19
16816 36 105 141 -0.489362 29
16817 53 104 157 -0.324841 32
16818 4 150 154 -0.948052 16
16819 44 83 127 -0.307087 32
16820 132 30 162 0.62963 31
16821 144 14 158 0.822785 23
16822 71 18 89 0.595506 31
16823 120 21 141 0.702128 28
16824 5 201 206 -0.951456 21
16825 182 25 207 0.758454 23
16826 86 81 167 0.0299401 30
16827 111 50 161 0.378882 30
16828 51 159 210 -0.514286 34
16829 47 55 102 -0.0784314 30
16830 42 104 146 -0.424658 31
16831 71 58 129 0.100775 31
16832 58 66 124 -0.0645161 32
16833 195 12 207 0.884058 25
16834 137 5 142 0.929577 21
16835 144 18 162 0.777778 24
16836 42 141 183 -0.540984 33
16837 155 8 163 0.90184 25
16838 136 23 159 0.710692 28
16839 110 27 137 0.605839 28
16840 82 94 176 -0.0681818 26
16841 110 21 131 0.679389 26
16842 134 36 170 0.576471 30
16843 212 10 222 0.90991 19
16844 16 170 186 -0.827957 23
16845 75 57 132 0.136364 34
16846 26 119 145 -0.641379 32
16847 70 53 123 0.138211 29
16848 69 47 116 0.189655 30
16849 62 71 133 -0.0676692 25
16850 154 23 177 0.740113 22
16851 19 132 151 -0.748344 27
16852 14 151 165 -0.830303 29
16853 9 115 124 -0.854839 26
16854 32 131 163 -0.607362 27
16855 61 83 144 -0.152778 32
16856 135 12 147 0.836735 27
16857 24 167 191 -0.748691 27
16858 8 170 178 -0.910112 20
16859 35 103 138 -0.492754 34
16860 90 63 153 0.176471 31
16861 86 67 153 0.124183 35
16862 107 52 159 0.345912 35
16863 23 127 150 -0.693333 28
16864 23 128 151 -0.695364 22
16865 48 78 126 -0.238095 32
16866 5 241 246 -0.95935 23
16867 7 156 163 -0.91411 25
16868 20 116 136 -0.705882 32
16869 79 79 158 0 32
16870 24 117 141 -0.659574 27
16871 26 80 106 -0.509434 27
16872 74 74 148 0 33
16873 12 125 137 -0.824818 25
16874 67 89 156 -0.141026 35
16875 49 92 141 -0.304965 27
16876 63 72 135 -0.0666667 30
16877 24 122 146 -0.671233 25
16878 7 120 127 -0.889764 26
16879 100 45 145 0.37931 31
16880 128 55 183 0.398907 30
16881 70 5 75 0.866667 20
16882 93 41 134 0.38806 35
16883 67 89 156 -0.141026 31
16884 147 20 167 0.760479 32
16885 117 20 137 0.708029 29
16886 11 118 129 -0.829457 23
16887 79 55 134 0.179104 31
16888 82 40 122 0.344262 33
16889 81 42 123 0.317073 34
16890 95 41 136 0.397059 32
16891 88 58 146 0.205479 32
16892 160 29 189 0.693122 28
16893 22 82 104 -0.576923 30
16894 173 7 180 0.922222 22
16895 118 20 138 0.710145 24
16896 62 78 140 -0.114286 28
16897 60 88 148 -0.189189 30
16898 53 104 157 -0.324841 31
16899 93 41 134 0.38806 28
16900 23 126 149 -0.691275 30
16901 84 60 144 0.166667 26
16902 114 45 159 0.433962 34
16903 121 18 139 0.741007 28
16904 72 72 144 0 35
16905 99 38 137 0.445255 31
16906 20 176 196 -0.795918 30
16907 151 14 165 0.830303 21
16908 62 80 142 -0.126761 33
16909 73 66 139 0.0503597 32
16910 87 87 174 0 32
16911 26 111 137 -0.620438 31
16912 15 175 190 -0.842105 28
16913 44 107 151 -0.417219 30
16914 69 74 143 -0.034965 27
16915 8 150 158 -0.898734 21
16916 67 71 138 -0.0289855 31
16917 98 40 138 0.42029 30
16918 23 114 137 -0.664234 29
16919 42 107 149 -0.436242 29
16920 16 137 153 -0.79085 28
16921 69 80 149 -0.0738255 27
16922 50 67 117 -0.145299 34
16923 96 20 116 0.655172 29
16924 106 24 130 0.630769 30
16925 77 59 136 0.132353 27
16926 45 79 124 -0.274194 23
16927 121 45 166 0.457831 31
16928 112 33 145 0.544828 32
16929 35 127 162 -0.567901 30
16930 37 90 127 -0.417323 27
16931 46 68 114 -0.192982 27
16932 36 117 153 -0.529412 34
16933 73 48 121 0.206612 32
16934 80 40 120 0.333333 32
16935 44 93 137 -0.357664 27
16936 52 90 142 -0.267606 29
16937 101 65 166 0.216867 36
16938 79 29 108 0.462963 31
16939 129 33 162 0.592593 29
16940 149 34 183 0.628415 33
16941 127 30 157 0.617834 28
16942 76 86 162 -0.0617284 34
16943 50 58 108 -0.0740741 32
16944 171 10 181 0.889503 26
16945 107 41 148 0.445946 30
16946 155 6 161 0.925466 25
16947 50 111 161 -0.378882 36
16948 13 155 168 -0.845238 27
16949 72 64 136 0.0588235 28
16950 12 181 193 -0.875648 20
16951 141 36 177 0.59322 33
16952 36 67 103 -0.300971 33
16953 133 19 152 0.75 24
16954 27 108 135 -0.6 23
16955 158 12 170 0.858824 20
16956 79 52 131 0.206107 33
16957 62 99 161 -0.229814 33
16958 111 55 166 0.337349 30
16959 116 60 176 0.318182 28
16960 68 64 132 0.030303 32
16961 60 77 137 -0.124088 31
16962 19 126 145 -0.737931 25
16963 100 45 145 0.37931 28
16964 38 107 145 -0.475862 30
16965 87 58 145 0.2 31
16966 56 89 145 -0.227586 26
16967 120 34 154 0.558442 34
16968 51 71 122 -0.163934 32
16969 92 28 120 0.533333 29
16970 44 114 158 -0.443038 33
16971 48 117 165 -0.418182 36
16972 186 6 192 0.9375 22
16973 114 39 153 0.490196 28
16974 22 130 152 -0.710526 31
16975 37 123 160 -0.5375 26
16976 129 11 140 0.842857 26
16977 103 23 126 0.634921 31
16978 91 38 129 0.410853 35
16979 106 20 126 0.68254 31
16980 153 5 158 0.936709 21
16981 89 13 102 0.745098 24
16982 115 23 138 0.666667 28
16983 153 32 185 0.654054 31
16984 16 159 175 -0.817143 25
16985 42 18 60 0.4 24
16986 74 74 148 0 37
16987 208 4 212 0.962264 20
16988 34 112 146 -0.534247 28
16989 147 45 192 0.53125 32
16990 38 74 112 -0.321429 29
16991 154 18 172 0.790698 27
16992 185 8 193 0.917098 22
16993 126 36 162 0.555556 25
16994 41 107 148 -0.445946 29
16995 7 149 156 -0.910256 22
16996 5 136 141 -0.929078 17
16997 111 48 159 0.396226 34
16998 93 58 151 0.231788 30
16999 115 34 149 0.543624 33
17000 39 122 161 -0.515528 33
17001 158 27 185 0.708108 24
17002 68 79 147 -0.0748299 33
17003 11 151 162 -0.864198 26
17004 44 116 160 -0.45 31
17005 27 155 182 -0.703297 29
17006 115 66 181 0.270718 31
17007 65 80 145 -0.103448 34
17008 111 51 162 0.37037 32
17009 32 108 140 -0.542857 29
17010 43 103 146 -0.410959 33
17011 61 67 128 -0.046875 28
17012 54 60 114 -0.0526316 33
17013 74 59 133 0.112782 29
17014 90 105 195 -0.0769231 34
17015 35 83 118 -0.40678 25
17016 102 28 130 0.569231 30
17017 122 26 148 0.648649 21
17018 80 62 142 0.126761 24
17019 175 17 192 0.822917 30
17020 81 83 164 -0.0121951 32
17021 100 52 152 0.315789 31
17022 110 42 152 0.447368 34
17023 130 66 196 0.326531 32
17024 16 142 158 -0.797468 28
17025 47 135 182 -0.483516 35
17026 97 41 138 0.405797 35
17027 98 45 143 0.370629 33
17028 33 78 111 -0.405405 32
17029 36 170 206 -0.650485 30
17030 25 133 158 -0.683544 33
17031 63 71 134 -0.0597015 34
17032 161 14 175 0.84 24
17033 121 37 158 0.531646 23
17034 124 38 162 0.530864 29
17035 95 48 143 0.328671 32
17036 125 17 142 0.760563 27
17037 14 158 172 -0.837209 26
17038 118 21 139 0.697842 28
17039 159 8 167 0.904192 16
17040 97 47 144 0.347222 30
17041 141 15 156 0.807692 31
17042 29 104 133 -0.56391 31
17043 91 54 145 0.255172 26
17044 78 85 163 -0.0429448 31
17045 80 61 141 0.134752 25
17046 127 45 172 0.476744 31
17047 100 42 142 0.408451 29
17048 74 59 133 0.112782 28
17049 94 74 168 0.119048 32
17050 110 51 161 0.36646 33
17051 152 8 160 0.9 22
17052 129 17 146 0.767123 25
17053 40 133 173 -0.537572 30
17054 152 5 157 0.936306 20
17055 21 141 162 -0.740741 30
17056 211 16 227 0.859031 27
17057 118 15 133 0.774436 23
17058 148 43 191 0.549738 30
17059 13 198 211 -0.876777 24
17060 39 95 134 -0.41791 35
17061 85 49 134 0.268657 29
17062 34 108 142 -0.521127 33
17063 49 80 129 -0.24031 32
17064 75 48 123 0.219512 27
17065 7 169 176 -0.920455 25
17066 78 36 114 0.368421 31
17067 27 106 133 -0.593985 31
17068 150 15 165 0.818182 28
17069 81 48 129 0.255814 27
17070 69 87 156 -0.115385 34
17071 59 101 160 -0.2625 24
17072 102 36 138 0.478261 32
17073 50 69 119 -0.159664 25
17074 118 57 175 0.348571 28
17075 69 98 167 -0.173653 37
17076 124 25 149 0.66443 26
17077 190 19 209 0.818182 24
17078 132 41 173 0.526012 29
17079 70 80 150 -0.0666667 35
17080 138 40 178 0.550562 27
17081 85 78 163 0.0429448 31
17082 56 67 123 -0.0894309 29
17083 196 7 203 0.931034 21
17084 103 64 167 0.233533 34
17085 96 52 148 0.297297 31
17086 40 79 119 -0.327731 33
17087 139 15 154 0.805195 26
17088 106 14 120 0.766667 29
17089 50 99 149 -0.328859 33
17090 157 23 180 0.744444 33
17091 46 87 133 -0.308271 34
17092 65 80 145 -0.103448 36
17093 67 83 150 -0.106667 35
17094 138 22 160 0.725 29
17095 45 99 144 -0.375 28
17096 21 134 155 -0.729032 28
17097 126 38 164 0.536585 29
17098 22 101 123 -0.642276 28
17099 107 32 139 0.539568 30
17100 14 143 157 -0.821656 29
17101 5 190 195 -0.948718 14
17102 41 98 139 -0.410072 33
17103 106 46 152 0.394737 30
17104 130 49 179 0.452514 34
17105 10 146 156 -0.871795 27
17106 35 97 132 -0.469697 28
17107 38 83 121 -0.371901 31
17108 10 177 187 -0.893048 28
17109 126 27 153 0.647059 26
17110 72 82 154 -0.0649351 32
17111 21 132 153 -0.72549 29
17112 19 175 194 -0.804124 29
17113 60 61 121 -0.00826446 31
17114 105 67 172 0.22093 31
17115 36 105 141 -0.489362 31
17116 113 44 157 0.43949 22
17117 136 8 144 0.888889 25
17118 44 90 134 -0.343284 28
17119 112 55 167 0.341317 31
17120 201 7 208 0.932692 21
17121 54 84 138 -0.217391 31
17122 98 45 143 0.370629 24
17123 6 175 181 -0.933702 22
17124 16 129 145 -0.77931 27
17125 104 45 149 0.395973 33
17126 12 188 200 -0.88 28
17127 169 7 176 0.920455 23
17128 181 14 195 0.85641 26
17129 108 24 132 0.636364 30
17130 111 49 160 0.3875 33
17131 143 13 156 0.833333 24
17132 123 6 129 0.906977 22
17133 157 12 169 0.857988 22
17134 4 95 99 -0.919192 21
17135 77 42 119 0.294118 28
17136 14 153 167 -0.832335 26
17137 80 59 139 0.151079 32
17138 27 110 137 -0.605839 32
17139 67 16 83 0.614458 29
17140 55 110 165 -0.333333 32
17141 28 105 133 -0.578947 27
17142 35 112 147 -0.52381 34
17143 40 118 158 -0.493671 34
17144 23 119 142 -0.676056 29
17145 14 153 167 -0.832335 27
17146 38 92 130 -0.415385 27
17147 104 45 149 0.395973 32
17148 11 146 157 -0.859873 28
17149 63 89 152 -0.171053 32
17150 12 67 79 -0.696203 27
17151 170 41 211 0.611374 32
17152 67 49 116 0.155172 35
17153 57 78 135 -0.155556 26
17154 179 8 187 0.914439 22
17155 40 123 163 -0.509202 31
17156 4 183 187 -0.957219 21
17157 11 143 154 -0.857143 26
17158 55 107 162 -0.320988 37
17159 123 21 144 0.708333 25
17160 21 124 145 -0.710345 32
17161 29 105 134 -0.567164 25
17162 55 107 162 -0.320988 33
17163 76 44 120 0.266667 33
17164 9 119 128 -0.859375 23
17165 28 76 104 -0.461538 25
17166 113 45 158 0.43038 33
17167 72 89 161 -0.10559 31
17168 106 11 117 0.811966 27
17169 177 14 191 0.853403 25
17170 90 49 139 0.294964 31
17171 23 144 167 -0.724551 30
17172 142 16 158 0.797468 28
17173 15 147 162 -0.814815 28
17174 45 59 104 -0.134615 31
17175 3 160 163 -0.96319 15
17176 67 42 109 0.229358 27
17177 75 71 146 0.0273973 33
17178 152 19 171 0.777778 28
17179 142 48 190 0.494737 30
17180 116 39 155 0.496774 32
17181 96 38 134 0.432836 28
17182 139 17 156 0.782051 27
17183 116 30 146 0.589041 32
17184 37 100 137 -0.459854 34
17185 31 120 151 -0.589404 27
17186 117 8 125 0.872 24
17187 112 56 168 0.333333 34
17188 41 96 137 -0.40146 32
17189 36 90 126 -0.428571 27
17190 66 90 156 -0.153846 28
17191 9 136 145 -0.875862 23
17192 58 79 137 -0.153285 30
17193 98 51 149 0.315436 31
17194 68 99 167 -0.185629 28
17195 31 123 154 -0.597403 30
17196 12 83 95 -0.747368 27
17197 139 35 174 0.597701 29
17198 114 46 160 0.425 28
17199 49 75 124 -0.209677 33
17200 98 36 134 0.462687 22
17201 70 70 140 0 33
17202 33 97 130 -0.492308 31
17203 53 142 195 -0.45641 34
17204 33 108 141 -0.531915 31
17205 17 179 196 -0.826531 24
17206 47 117 164 -0.426829 32
17207 123 22 145 0.696552 24
17208 53 78 131 -0.19084 29
17209 140 10 150 0.866667 26
17210 79 65 144 0.0972222 33
17211 116 22 138 0.681159 35
17212 58 80 138 -0.15942 35
17213 139 40 179 0.553073 32
17214 141 16 157 0.796178 28
17215 17 163 180 -0.811111 26
17216 103 57 160 0.2875 30
17217 15 129 144 -0.791667 27
17218 90 43 133 0.353383 34
17219 43 83 126 -0.31746 36
17220 46 59 105 -0.12381 30
17221 17 112 129 -0.736434 28
17222 136 31 167 0.628743 32
17223 44 117 161 -0.453416 34
17224 84 74 158 0.0632911 31
17225 134 13 147 0.823129 26
17226 15 103 118 -0.745763 28
17227 24 98 122 -0.606557 31
17228 116 80 196 0.183673 34
17229 23 153 176 -0.738636 32
17230 16 143 159 -0.798742 31
17231 23 56 79 -0.417722 25
17232 56 79 135 -0.17037 26
17233 45 107 152 -0.407895 33
17234 38 12 50 0.52 19
17235 82 79 161 0.0186335 28
17236 50 54 104 -0.0384615 31
17237 95 40 135 0.407407 30
17238 95 6 101 0.881188 22
17239 47 87 134 -0.298507 32
17240 51 92 143 -0.286713 36
17241 122 40 162 0.506173 34
17242 47 106 153 -0.385621 28
17243 165 15 180 0.833333 28
17244 32 116 148 -0.567568 27
17245 8 154 162 -0.901235 23
17246 74 114 188 -0.212766 37
17247 124 46 170 0.458824 34
17248 34 104 138 -0.507246 33
17249 63 81 144 -0.125 29
17250 93 78 171 0.0877193 33
17251 9 217 226 -0.920354 17
17252 74 83 157 -0.0573248 34
17253 54 76 130 -0.169231 27
17254 110 62 172 0.27907 34
17255 30 122 152 -0.605263 33
17256 36 92 128 -0.4375 34
17257 25 138 163 -0.693252 32
17258 121 22 143 0.692308 32
17259 69 71 140 -0.0142857 33
17260 86 50 136 0.264706 27
17261 80 82 162 -0.0123457 32
17262 175 19 194 0.804124 29
17263 88 48 136 0.294118 30
17264 91 55 146 0.246575 27
17265 130 14 144 0.805556 30
17266 41 102 143 -0.426573 33
17267 59 59 118 0 36
17268 85 63 148 0.148649 32
17269 82 23 105 0.561905 31
17270 55 5 60 0.833333 18
17271 67 58 125 0.072 33
17272 13 133 146 -0.821918 26
17273 66 90 156 -0.153846 34
17274 52 89 141 -0.262411 31
17275 143 3 146 0.958904 21
17276 128 18 146 0.753425 26
17277 28 169 197 -0.715736 26
17278 67 53 120 0.116667 27
17279 155 6 161 0.925466 23
17280 3 207 210 -0.971429 19
17281 44 55 99 -0.111111 24
17282 118 39 157 0.503185 28
17283 34 169 203 -0.665025 32
17284 121 33 154 0.571429 29
17285 158 5 163 0.93865 20
17286 69 108 177 -0.220339 36
17287 36 16 52 0.384615 19
17288 4 157 161 -0.950311 22
17289 73 53 126 0.15873 31
17290 90 41 131 0.374046 30
17291 83 78 161 0.0310559 34
17292 103 44 147 0.401361 33
17293 134 38 172 0.55814 29
17294 74 94 168 -0.119048 33
17295 88 40 128 0.375 30
17296 91 56 147 0.238095 29
17297 15 65 80 -0.625 24
17298 62 20 82 0.512195 26
17299 182 14 196 0.857143 28
17300 73 69 142 0.028169 36
17301 66 89 155 -0.148387 32
17302 134 13 147 0.823129 28
17303 61 104 165 -0.260606 27
17304 97 37 134 0.447761 27
17305 108 39 147 0.469388 34
17306 17 127 144 -0.763889 26
17307 24 140 164 -0.707317 32
17308 21 163 184 -0.771739 29
17309 151 2 153 0.973856 20
17310 24 151 175 -0.725714 29
17311 10 118 128 -0.84375 20
17312 123 34 157 0.566879 27
17313 129 50 179 0.441341 35
17314 107 64 171 0.251462 35
17315 87 55 142 0.225352 27
17316 71 67 138 0.0289855 31
17317 34 131 165 -0.587879 29
17318 98 35 133 0.473684 31
17319 89 59 148 0.202703 31
17320 18 152 170 -0.788235 25
17321 186 11 197 0.888325 26
17322 8 139 147 -0.891156 22
17323 30 162 192 -0.6875 28
17324 67 86 153 -0.124183 38
17325 67 43 110 0.218182 28
17326 42 78 120 -0.3 29
17327 122 36 158 0.544304 32
17328 123 48 171 0.438596 34
17329 83 51 134 0.238806 25
17330 112 48 160 0.4 32
17331 109 36 145 0.503448 31
17332 95 67 162 0.17284 29
17333 30 136 166 -0.638554 32
17334 82 41 123 0.333333 29
17335 9 140 149 -0.879195 24
17336 48 108 156 -0.384615 31
17337 25 149 174 -0.712644 30
17338 20 105 125 -0.68 31
17339 118 12 130 0.815385 27
17340 54 77 131 -0.175573 28
17341 134 28 162 0.654321 30
17342 85 53 138 0.231884 31
17343 29 188 217 -0.732719 25
17344 64 101 165 -0.224242 34
17345 58 103 161 -0.279503 36
17346 114 14 128 0.78125 28
17347 11 151 162 -0.864198 24
17348 5 142 147 -0.931973 19
17349 13 94 107 -0.757009 27
17350 77 48 125 0.232 31
17351 191 4 195 0.958974 22
17352 94 38 132 0.424242 24
17353 178 5 183 0.945355 21
17354 201 17 218 0.844037 19
17355 48 92 140 -0.314286 34
17356 110 22 132 0.666667 24
17357 184 11 195 0.887179 23
17358 71 94 165 -0.139394 38
17359 27 183 210 -0.742857 31
17360 84 27 111 0.513514 28
17361 62 61 123 0.00813008 29
17362 62 62 124 0 29
17363 30 125 155 -0.612903 28
17364 122 53 175 0.394286 35
17365 30 120 150 -0.6 31
17366 96 27 123 0.560976 33
17367 74 77 151 -0.0198675 30
17368 8 167 175 -0.908571 20
17369 89 25 114 0.561404 25
17370 68 109 177 -0.231638 30
17371 29 140 169 -0.656805 26
17372 27 114 141 -0.617021 31
17373 74 64 138 0.0724638 30
17374 34 142 176 -0.613636 31
17375 157 28 185 0.697297 23
17376 135 25 160 0.6875 27
17377 133 29 162 0.641975 29
17378 30 62 92 -0.347826 27
17379 41 157 198 -0.585859 30
17380 146 20 166 0.759036 23
17381 52 84 136 -0.235294 32
17382 34 103 137 -0.50365 31
17383 66 80 146 -0.0958904 33
17384 37 107 144 -0.486111 30
17385 6 137 143 -0.916084 22
17386 94 92 186 0.0107527 30
17387 126 28 154 0.636364 29
17388 157 18 175 0.794286 31
17389 55 82 137 -0.19708 31
17390 143 24 167 0.712575 30
17391 9 49 58 -0.689655 23
17392 113 21 134 0.686567 24
17393 24 118 142 -0.661972 28
17394 76 79 155 -0.0193548 35
17395 84 68 152 0.105263 33
17396 37 87 124 -0.403226 31
17397 45 112 157 -0.426752 29
17398 152 8 160 0.9 23
17399 32 132 164 -0.609756 30
17400 13 163 176 -0.852273 25
17401 34 99 133 -0.488722 26
17402 62 70 132 -0.0606061 33
17403 148 23 171 0.730994 30
17404 83 68 151 0.0993377 31
17405 159 5 164 0.939024 23
17406 64 83 147 -0.129252 33
17407 123 40 163 0.509202 32
17408 35 114 149 -0.530201 36
17409 85 68 153 0.111111 29
17410 141 5 146 0.931507 23
17411 168 5 173 0.942197 21
17412 82 92 174 -0.0574713 35
17413 10 172 182 -0.89011 25
17414 24 158 182 -0.736264 26
17415 3 148 151 -0.960265 21
17416 31 120 151 -0.589404 26
17417 32 137 169 -0.621302 30
17418 40 104 144 -0.444444 28
17419 116 53 169 0.372781 32
17420 148 11 159 0.861635 26
17421 58 82 140 -0.171429 35
17422 36 103 139 -0.482014 32
17423 2 149 151 -0.97351 20
17424 139 21 160 0.7375 28
17425 174 10 184 0.891304 25
17426 4 152 156 -0.948718 13
17427 64 49 113 0.132743 35
17428 45 30 75 0.2 25
17429 39 103 142 -0.450704 31
17430 166 14 180 0.844444 24
17431 15 141 156 -0.807692 31
17432 52 113 165 -0.369697 34
17433 114 48 162 0.407407 30
17434 211 19 230 0.834783 26
17435 81 78 159 0.0188679 34
17436 32 109 141 -0.546099 29
17437 153 15 168 0.821429 20
17438 3 218 221 -0.972851 12
17439 68 71 139 -0.0215827 33
17440 51 108 159 -0.358491 33
17441 54 91 145 -0.255172 31
17442 85 79 164 0.0365854 36
17443 87 34 121 0.438017 33
17444 83 38 121 0.371901 25
17445 100 47 147 0.360544 35
17446 57 111 168 -0.321429 33
17447 20 135 155 -0.741935 30
17448 137 20 157 0.745223 29
17449 165 9 174 0.896552 23
17450 69 76 145 -0.0482759 30
17451 94 55 149 0.261745 32
17452 67 117 184 -0.271739 30
17453 99 14 113 0.752212 26
17454 121 28 149 0.624161 26
17455 54 79 133 -0.18797 28
17456 126 47 173 0.456647 29
17457 92 41 133 0.383459 31
17458 65 78 143 -0.0909091 33
17459 40 84 124 -0.354839 32
17460 68 85 153 -0.111111 29
17461 77 70 147 0.047619 35
17462 55 113 168 -0.345238 27
17463 7 131 138 -0.898551 25
17464 41 135 176 -0.534091 32
17465 109 75 184 0.184783 35
17466 78 75 153 0.0196078 31
17467 92 64 156 0.179487 31
17468 135 17 152 0.776316 26
17469 44 134 178 -0.505618 34
17470 28 0 28 1 13
17471 30 83 113 -0.469027 30
17472 10 128 138 -0.855072 25
17473 34 134 168 -0.595238 26
17474 51 71 122 -0.163934 34
17475 130 48 178 0.460674 32
17476 40 119 159 -0.496855 34
17477 129 39 168 0.535714 26
17478 51 89 140 -0.271429 34
17479 77 72 149 0.033557 27
17480 137 34 171 0.602339 30
17481 85 74 159 0.0691824 34
17482 84 69 153 0.0980392 29
17483 67 62 129 0.0387597 28
17484 50 105 155 -0.354839 34
17485 128 28 156 0.641026 29
17486 103 4 107 0.925234 22
17487 113 15 128 0.765625 23
17488 91 76 167 0.0898204 25
17489 63 70 133 -0.0526316 25
17490 35 103 138 -0.492754 26
17491 29 155 184 -0.684783 29
17492 33 110 143 -0.538462 35
17493 17 110 127 -0.732283 21
17494 73 78 151 -0.0331126 29
17495 78 40 118 0.322034 29
17496 80 71 151 0.0596026 32
17497 6 178 184 -0.934783 21
17498 15 121 136 -0.779412 26
17499 120 37 157 0.528662 30
17500 157 14 171 0.836257 27
17501 120 20 140 0.714286 32
17502 36 126 162 -0.555556 29
17503 196 10 206 0.902913 25
17504 24 96 120 -0.6 30
17505 30 118 148 -0.594595 33
17506 21 113 134 -0.686567 27
17507 145 13 158 0.835443 24
17508 18 188 206 -0.825243 32
17509 24 103 127 -0.622047 32
17510 110 32 142 0.549296 33
17511 6 123 129 -0.906977 20
17512 42 57 99 -0.151515 25
17513 92 63 155 0.187097 28
17514 22 117 139 -0.683453 26
17515 33 118 151 -0.562914 33
17516 120 32 152 0.578947 27
17517 110 37 147 0.496599 32
17518 149 33 182 0.637363 30
17519 62 70 132 -0.0606061 34
17520 34 75 109 -0.376147 32
17521 88 87 175 0.00571429 33
17522 55 83 138 -0.202899 32
17523 128 24 152 0.684211 29
17524 173 28 201 0.721393 31
17525 71 28 99 0.434343 25
17526 110 34 144 0.527778 31
17527 8 167 175 -0.908571 23
17528 10 209 219 -0.908676 20
17529 37 101 138 -0.463768 31
17530 51 75 126 -0.190476 24
17531 25 122 147 -0.659864 30
17532 108 40 148 0.459459 30
17533 64 33 97 0.319588 31
17534 112 30 142 0.577465 31
17535 94 60 154 0.220779 33
17536 22 98 120 -0.633333 24
17537 75 59 134 0.119403 28
17538 99 89 188 0.0531915 33
17539 20 117 137 -0.708029 20
17540 131 22 153 0.712418 29
17541 9 194 203 -0.91133 18
17542 135 41 176 0.534091 31
17543 52 69 121 -0.140496 29
17544 17 54 71 -0.521127 24
17545 0 2 2 -1 2
17546 29 104 133 -0.56391 30
17547 117 33 150 0.56 31
17548 77 79 156 -0.0128205 36
17549 78 103 181 -0.138122 29
17550 139 7 146 0.90411 25
17551 97 27 124 0.564516 31
17552 95 30 125 0.52 26
17553 44 51 95 -0.0736842 29
17554 4 170 174 -0.954023 20
17555 57 104 161 -0.291925 34
17556 80 27 107 0.495327 26
17557 78 80 158 -0.0126582 30
17558 188 15 203 0.852217 24
17559 49 97 146 -0.328767 33
17560 116 11 127 0.826772 25
17561 41 116 157 -0.477707 34
17562 62 90 152 -0.184211 35
17563 47 94 141 -0.333333 29
17564 17 145 162 -0.790123 29
17565 37 94 131 -0.435115 27
17566 43 62 105 -0.180952 28
17567 121 22 143 0.692308 33
17568 38 123 161 -0.52795 29
17569 134 17 151 0.774834 26
17570 170 13 183 0.857923 25
17571 91 41 132 0.378788 25
17572 91 42 133 0.368421 25
17573 33 110 143 -0.538462 31
17574 10 133 143 -0.86014 25
17575 36 100 136 -0.470588 23
17576 40 81 121 -0.338843 26
17577 90 62 152 0.184211 31
17578 45 114 159 -0.433962 30
17579 16 128 144 -0.777778 28
17580 60 46 106 0.132075 29
17581 36 117 153 -0.529412 28
17582 13 212 225 -0.884444 17
17583 110 21 131 0.679389 31
17584 26 117 143 -0.636364 29
17585 47 75 122 -0.229508 33
17586 84 37 121 0.38843 33
17587 12 137 149 -0.838926 22
17588 71 52 123 0.154472 30
17589 61 88 149 -0.181208 33
17590 56 67 123 -0.0894309 33
17591 8 147 155 -0.896774 25
17592 56 61 117 -0.042735 32
17593 62 80 142 -0.126761 35
17594 120 30 150 0.6 31
17595 6 159 165 -0.927273 22
17596 104 52 156 0.333333 28
17597 86 23 109 0.577982 22
17598 109 22 131 0.664122 27
17599 29 126 155 -0.625806 27
17600 112 15 127 0.76378 24
17601 0 236 236 -1 15
17602 31 120 151 -0.589404 29
17603 52 67 119 -0.12605 28
17604 67 59 126 0.0634921 27
17605 101 26 127 0.590551 29
17606 44 74 118 -0.254237 33
17607 158 8 166 0.903614 27
17608 11 168 179 -0.877095 19
17609 93 70 163 0.141104 33
17610 10 163 173 -0.884393 24
17611 57 92 149 -0.234899 25
17612 23 145 168 -0.72619 29
17613 20 100 120 -0.666667 27
17614 7 131 138 -0.898551 23
17615 183 15 198 0.848485 22
17616 25 161 186 -0.731183 28
17617 64 72 136 -0.0588235 33
17618 67 69 136 -0.0147059 34
17619 15 117 132 -0.772727 26
17620 106 46 152 0.394737 29
17621 159 9 168 0.892857 23
17622 30 119 149 -0.597315 29
17623 80 63 143 0.118881 31
17624 93 66 159 0.169811 30
17625 50 78 128 -0.21875 33
17626 44 95 139 -0.366906 32
17627 7 123 130 -0.892308 20
17628 12 172 184 -0.869565 26
17629 109 32 141 0.546099 31
17630 36 180 216 -0.666667 29
17631 4 132 136 -0.941176 23
17632 50 117 167 -0.401198 30
17633 6 163 169 -0.928994 22
17634 37 58 95 -0.221053 24
17635 40 79 119 -0.327731 34
17636 66 68 134 -0.0149254 30
17637 191 11 202 0.891089 26
17638 82 76 158 0.0379747 29
17639 137 21 158 0.734177 28
17640 125 52 177 0.412429 34
17641 165 21 186 0.774194 30
17642 7 134 141 -0.900709 22
17643 97 43 140 0.385714 33
17644 179 15 194 0.845361 25
17645 154 13 167 0.844311 28
17646 161 7 168 0.916667 20
17647 16 145 161 -0.801242 32
17648 108 60 168 0.285714 31
17649 21 115 136 -0.691176 28
17650 45 105 150 -0.4 28
17651 69 92 161 -0.142857 30
17652 68 85 153 -0.111111 31
17653 72 39 111 0.297297 35
17654 27 88 115 -0.530435 26
17655 127 35 162 0.567901 32
17656 34 148 182 -0.626374 31
17657 81 65 146 0.109589 35
17658 97 23 120 0.616667 29
17659 128 5 133 0.924812 24
17660 16 135 151 -0.788079 27
17661 56 61 117 -0.042735 32
17662 57 111 168 -0.321429 26
17663 96 61 157 0.22293 34
17664 42 86 128 -0.34375 30
17665 91 47 138 0.318841 34
17666 90 67 157 0.146497 28
17667 66 45 111 0.189189 34
17668 102 20 122 0.672131 29
17669 175 12 187 0.871658 22
17670 16 83 99 -0.676768 26
17671 39 159 198 -0.606061 31
17672 50 113 163 -0.386503 32
17673 103 26 129 0.596899 28
17674 49 130 179 -0.452514 31
17675 13 175 188 -0.861702 21
17676 134 15 149 0.798658 27
17677 147 5 152 0.934211 22
17678 38 142 180 -0.577778 27
17679 11 148 159 -0.861635 23
17680 72 66 138 0.0434783 36
17681 73 36 109 0.33945 31
17682 8 214 222 -0.927928 24
17683 38 114 152 -0.5 32
17684 80 97 177 -0.0960452 30
17685 8 189 197 -0.918782 26
17686 12 187 199 -0.879397 25
17687 163 21 184 0.771739 26
17688 24 150 174 -0.724138 28
17689 22 163 185 -0.762162 30
17690 49 14 63 0.555556 22
17691 27 153 180 -0.7 31
17692 108 28 136 0.588235 32
17693 65 87 152 -0.144737 33
17694 114 21 135 0.688889 28
17695 64 117 181 -0.292818 29
17696 80 36 116 0.37931 32
17697 106 52 158 0.341772 31
17698 116 19 135 0.718519 30
17699 19 104 123 -0.691057 29
17700 94 33 127 0.480315 30
17701 46 62 108 -0.148148 26
17702 57 121 178 -0.359551 36
17703 70 89 159 -0.119497 32
17704 102 37 139 0.467626 30
17705 19 183 202 -0.811881 23
17706 85 94 179 -0.0502793 35
17707 145 10 155 0.870968 27
17708 78 6 84 0.857143 12
17709 19 121 140 -0.728571 26
17710 5 12 17 -0.411765 11
17711 84 56 140 0.2 28
17712 70 87 157 -0.10828 33
17713 126 34 160 0.575 32
17714 77 74 151 0.0198675 36
17715 74 54 128 0.15625 29
17716 109 31 140 0.557143 32
17717 89 46 135 0.318519 31
17718 161 8 169 0.905325 23
17719 18 145 163 -0.779141 28
17720 25 145 170 -0.705882 31
17721 144 38 182 0.582418 33
17722 28 114 142 -0.605634 31
17723 62 92 154 -0.194805 35
17724 26 71 97 -0.463918 25
17725 31 108 139 -0.553957 35
17726 109 23 132 0.651515 31
17727 137 19 156 0.75641 27
17728 92 59 151 0.218543 26
17729 70 69 139 0.00719424 35
17730 38 72 110 -0.309091 24
17731 21 82 103 -0.592233 30
17732 22 107 129 -0.658915 30
17733 55 28 83 0.325301 22
17734 108 28 136 0.588235 28
17735 76 82 158 -0.0379747 26
17736 112 52 164 0.365854 28
17737 138 29 167 0.652695 29
17738 39 89 128 -0.390625 28
17739 54 58 112 -0.0357143 28
17740 118 8 126 0.873016 24
17741 95 48 143 0.328671 26
17742 7 214 221 -0.936652 20
17743 86 66 152 0.131579 33
17744 49 113 162 -0.395062 32
17745 125 36 161 0.552795 33
17746 34 147 181 -0.624309 29
17747 6 184 190 -0.936842 14
17748 189 14 203 0.862069 25
17749 132 54 186 0.419355 35
17750 46 68 114 -0.192982 25
17751 53 110 163 -0.349693 33
17752 16 81 97 -0.670103 21
17753 33 86 119 -0.445378 35
17754 172 7 179 0.921788 19
17755 20 124 144 -0.722222 30
17756 49 109 158 -0.379747 28
17757 127 20 147 0.727891 27
17758 115 33 148 0.554054 32
17759 11 106 117 -0.811966 26
17760 89 62 151 0.178808 32
17761 101 58 159 0.27044 32
17762 129 32 161 0.602484 29
17763 13 235 248 -0.895161 27
17764 14 160 174 -0.83908 27
17765 7 28 35 -0.6 16
17766 14 148 162 -0.82716 26
17767 40 58 98 -0.183673 36
17768 71 45 116 0.224138 33
17769 37 103 140 -0.471429 28
17770 25 122 147 -0.659864 26
17771 7 147 154 -0.909091 23
17772 106 42 148 0.432432 28
17773 114 40 154 0.480519 30
17774 50 114 164 -0.390244 31
17775 94 48 142 0.323944 30
17776 44 106 150 -0.413333 29
17777 210 18 228 0.842105 30
17778 83 60 143 0.160839 32
17779 175 15 190 0.842105 18
17780 39 80 119 -0.344538 32
17781 129 17 146 0.767123 31
17782 115 49 164 0.402439 34
17783 20 93 113 -0.646018 24
17784 3 155 158 -0.962025 22
17785 11 144 155 -0.858065 25
17786 150 23 173 0.734104 32
17787 51 97 148 -0.310811 27
17788 156 21 177 0.762712 28
17789 13 199 212 -0.877358 28
17790 52 111 163 -0.361963 34
17791 107 76 183 0.169399 35
17792 144 20 164 0.756098 27
17793 117 52 169 0.384615 33
17794 110 31 141 0.560284 30
17795 68 26 94 0.446809 25
17796 52 121 173 -0.398844 29
17797 87 28 115 0.513043 23
17798 125 38 163 0.533742 27
17799 112 21 133 0.684211 22
17800 30 129 159 -0.622642 31
17801 141 13 154 0.831169 27
17802 100 21 121 0.652893 24
17803 65 84 149 -0.127517 29
17804 35 78 113 -0.380531 30
17805 84 2 86 0.953488 11
17806 35 85 120 -0.416667 31
17807 108 35 143 0.51049 29
17808 10 127 137 -0.854015 27
17809 145 14 159 0.823899 27
17810 100 27 127 0.574803 34
17811 86 63 149 0.154362 34
17812 80 49 129 0.24031 30
17813 194 12 206 0.883495 28
17814 25 157 182 -0.725275 31
17815 62 82 144 -0.138889 30
17816 66 99 165 -0.2 34
17817 60 65 125 -0.04 30
17818 77 61 138 0.115942 29
17819 35 73 108 -0.351852 29
17820 32 160 192 -0.666667 32
17821 12 125 137 -0.824818 19
17822 108 37 145 0.489655 29
17823 126 13 139 0.81295 27
17824 48 122 170 -0.435294 35
17825 53 83 136 -0.220588 30
17826 20 59 79 -0.493671 20
17827 97 55 152 0.276316 32
17828 74 82 156 -0.0512821 29
17829 81 52 133 0.218045 33
17830 170 15 185 0.837838 24
17831 89 19 108 0.648148 29
17832 50 83 133 -0.24812 28
17833 159 7 166 0.915663 25
17834 65 113 178 -0.269663 35
17835 26 109 135 -0.614815 31
17836 40 71 111 -0.279279 31
17837 31 104 135 -0.540741 30
17838 40 128 168 -0.52381 29
17839 89 98 187 -0.0481283 29
17840 31 155 186 -0.666667 33
17841 62 70 132 -0.0606061 26
17842 13 126 139 -0.81295 25
17843 54 102 156 -0.307692 30
17844 11 115 126 -0.825397 26
17845 36 123 159 -0.54717 31
17846 74 82 156 -0.0512821 26
17847 8 147 155 -0.896774 23
17848 5 143 148 -0.932432 23
17849 93 13 106 0.754717 27
17850 130 9 139 0.870504 23
17851 23 144 167 -0.724551 27
17852 65 85 150 -0.133333 27
17853 47 132 179 -0.47486 24
17854 61 70 131 -0.0687023 34
17855 35 107 142 -0.507042 33
17856 103 28 131 0.572519 33
17857 73 69 142 0.028169 31
17858 27 123 150 -0.64 32
17859 38 118 156 -0.512821 28
17860 24 132 156 -0.692308 33
17861 98 48 146 0.342466 34
17862 48 97 145 -0.337931 35
17863 131 8 139 0.884892 23
17864 21 116 137 -0.693431 28
17865 77 58 135 0.140741 34
17866 63 112 175 -0.28 27
17867 125 27 152 0.644737 29
17868 113 55 168 0.345238 28
17869 102 36 138 0.478261 34
17870 54 110 164 -0.341463 32
17871 3 189 192 -0.96875 19
17872 83 61 144 0.152778 36
17873 50 97 147 -0.319728 34
17874 33 132 165 -0.6 27
17875 113 28 141 0.602837 29
17876 12 168 180 -0.866667 26
17877 48 115 163 -0.411043 25
17878 74 75 149 -0.00671141 36
17879 17 98 115 -0.704348 25
17880 68 75 143 -0.048951 32
17881 87 68 155 0.122581 33
17882 10 176 186 -0.892473 26
17883 165 6 171 0.929825 25
17884 46 110 156 -0.410256 27
17885 61 118 179 -0.318436 27
17886 200 10 210 0.904762 24
17887 101 55 156 0.294872 30
17888 92 53 145 0.268966 30
17889 62 71 133 -0.0676692 28
17890 59 72 131 -0.0992366 36
17891 69 52 121 0.140496 26
17892 67 68 135 -0.00740741 31
17893 93 61 154 0.207792 34
17894 145 13 158 0.835443 17
17895 6 146 152 -0.921053 21
17896 27 119 146 -0.630137 30
17897 122 37 159 0.534591 29
17898 98 29 127 0.543307 33
17899 109 30 139 0.568345 30
17900 7 97 104 -0.865385 23
17901 71 49 120 0.183333 24
17902 14 155 169 -0.83432 29
17903 112 50 162 0.382716 33
17904 74 65 139 0.0647482 35
17905 40 102 142 -0.43662 22
17906 66 68 134 -0.0149254 34
17907 36 142 178 -0.595506 34
17908 61 77 138 -0.115942 29
17909 97 17 114 0.701754 28
17910 14 128 142 -0.802817 29
17911 131 14 145 0.806897 28
17912 27 132 159 -0.660377 29
17913 75 72 147 0.0204082 31
17914 70 85 155 -0.0967742 31
17915 109 33 142 0.535211 32
17916 84 55 139 0.208633 32
17917 48 125 173 -0.445087 27
17918 75 33 108 0.388889 30
17919 58 79 137 -0.153285 34
17920 77 40 117 0.316239 33
17921 81 66 147 0.102041 30
17922 57 85 142 -0.197183 32
17923 67 81 148 -0.0945946 35
17924 26 92 118 -0.559322 28
17925 63 76 139 -0.0935252 30
17926 69 90 159 -0.132075 36
17927 9 106 115 -0.843478 23
17928 47 67 114 -0.175439 24
17929 34 48 82 -0.170732 29
17930 58 105 163 -0.288344 30
17931 58 83 141 -0.177305 23
17932 21 180 201 -0.791045 30
17933 89 42 131 0.358779 24
17934 155 34 189 0.640212 31
17935 50 88 138 -0.275362 22
17936 70 47 117 0.196581 33
17937 48 69 117 -0.179487 23
17938 159 29 188 0.691489 26
17939 69 71 140 -0.0142857 29
17940 56 82 138 -0.188406 31
17941 139 20 159 0.748428 31
17942 183 12 195 0.876923 22
17943 63 78 141 -0.106383 33
17944 159 20 179 0.776536 24
17945 48 112 160 -0.4 33
17946 95 53 148 0.283784 29
17947 31 155 186 -0.666667 34
17948 48 117 165 -0.418182 36
17949 23 139 162 -0.716049 23
17950 45 34 79 0.139241 30
17951 116 38 154 0.506494 33
17952 118 8 126 0.873016 25
17953 190 10 200 0.9 25
17954 134 36 170 0.576471 30
17955 22 159 181 -0.756906 31
17956 103 10 113 0.823009 26
17957 31 146 177 -0.649718 30
17958 198 18 216 0.833333 26
17959 159 26 185 0.718919 28
17960 94 67 161 0.167702 32
17961 68 109 177 -0.231638 32
17962 95 55 150 0.266667 30
17963 6 125 131 -0.908397 23
17964 12 102 114 -0.789474 28
17965 66 81 147 -0.102041 33
17966 49 92 141 -0.304965 31
17967 86 39 125 0.376 32
17968 118 23 141 0.673759 28
17969 92 50 142 0.295775 35
17970 152 11 163 0.865031 25
17971 102 28 130 0.569231 29
17972 118 28 146 0.616438 34
17973 140 15 155 0.806452 26
17974 67 48 115 0.165217 23
17975 31 100 131 -0.526718 32
17976 140 7 147 0.904762 26
17977 23 136 159 -0.710692 29
17978 114 40 154 0.480519 32
17979 42 52 94 -0.106383 28
17980 69 36 105 0.314286 28
17981 13 152 165 -0.842424 26
17982 126 26 152 0.657895 31
17983 55 89 144 -0.236111 34
17984 26 140 166 -0.686747 31
17985 96 40 136 0.411765 31
17986 210 11 221 0.900452 26
17987 67 128 195 -0.312821 31
17988 146 38 184 0.586957 33
17989 72 43 115 0.252174 27
17990 152 15 167 0.820359 29
17991 153 17 170 0.8 24
17992 81 60 141 0.148936 26
17993 25 147 172 -0.709302 32
17994 19 170 189 -0.798942 26
17995 85 37 122 0.393443 27
17996 17 69 86 -0.604651 25
17997 116 54 170 0.364706 28
17998 17 119 136 -0.75 29
17999 61 96 157 -0.22293 27
18000 211 10 221 0.909502 27
18001 98 12 110 0.781818 27
18002 42 155 197 -0.573604 31
18003 69 57 126 0.0952381 32
18004 41 105 146 -0.438356 27
18005 72 24 96 0.5 29
18006 41 119 160 -0.4875 32
18007 105 51 156 0.346154 30
18008 28 101 129 -0.565891 30
18009 44 135 179 -0.50838 26
18010 20 130 150 -0.733333 26
18011 42 101 143 -0.412587 30
18012 165 18 183 0.803279 26
18013 25 127 152 -0.671053 27
18014 80 74 154 0.038961 31
18015 40 108 148 -0.459459 26
18016 10 13 23 -0.130435 15
18017 8 172 180 -0.911111 22
18018 22 149 171 -0.74269 27
18019 9 177 186 -0.903226 23
18020 59 89 148 -0.202703 35
18021 89 74 163 0.0920245 29
18022 71 91 162 -0.123457 33
18023 25 147 172 -0.709302 30
18024 102 41 143 0.426573 28
18025 48 89 137 -0.29927 29
18026 93 43 136 0.367647 28
18027 59 101 160 -0.2625 35
18028 39 142 181 -0.569061 29
18029 16 90 106 -0.698113 25
18030 103 42 145 0.42069 25
18031 59 85 144 -0.180556 28
18032 16 149 165 -0.806061 29
18033 78 81 159 -0.0188679 27
18034 28 118 146 -0.616438 22
18035 81 44 125 0.296 26
18036 71 59 130 0.0923077 30
18037 165 15 180 0.833333 22
18038 125 18 143 0.748252 30
18039 69 78 147 -0.0612245 36
18040 6 123 129 -0.906977 24
18041 82 49 131 0.251908 33
18042 100 40 140 0.428571 31
18043 204 2 206 0.980583 21
18044 4 159 163 -0.95092 21
18045 55 107 162 -0.320988 31
18046 20 159 179 -0.776536 31
18047 131 37 168 0.559524 32
18048 94 47 141 0.333333 31
18049 11 148 159 -0.861635 26
18050 61 79 140 -0.128571 30
18051 41 96 137 -0.40146 29
18052 25 120 145 -0.655172 26
18053 98 61 159 0.232704 32
18054 59 67 126 -0.0634921 24
18055 60 78 138 -0.130435 33
18056 73 73 146 0 32
18057 31 112 143 -0.566434 32
18058 42 135 177 -0.525424 30
18059 121 20 141 0.716312 31
18060 115 14 129 0.782946 29
18061 90 37 127 0.417323 26
18062 5 144 149 -0.932886 21
18063 41 139 180 -0.544444 21
18064 152 11 163 0.865031 27
18065 83 85 168 -0.0119048 28
18066 62 69 131 -0.0534351 32
18067 124 11 135 0.837037 27
18068 118 33 151 0.562914 28
18069 19 148 167 -0.772455 27
18070 9 126 135 -0.866667 25
18071 10 111 121 -0.834711 19
18072 76 54 130 0.169231 30
18073 131 36 167 0.568862 30
18074 205 0 205 1 15
18075 124 20 144 0.722222 25
18076 91 44 135 0.348148 28
18077 112 21 133 0.684211 26
18078 112 14 126 0.777778 25
18079 22 123 145 -0.696552 29
18080 34 129 163 -0.582822 27
18081 36 103 139 -0.482014 27
18082 78 75 153 0.0196078 33
18083 55 49 104 0.0576923 30
18084 68 95 163 -0.165644 30
18085 173 21 194 0.783505 30
18086 46 100 146 -0.369863 26
18087 81 43 124 0.306452 31
18088 71 48 119 0.193277 29
18089 123 11 134 0.835821 28
18090 88 44 132 0.333333 32
18091 54 59 113 -0.0442478 31
18092 143 8 151 0.89404 21
18093 112 47 159 0.408805 34
18094 55 108 163 -0.325153 33
18095 100 62 162 0.234568 33
18096 49 104 153 -0.359477 29
18097 44 79 123 -0.284553 32
18098 21 124 145 -0.710345 32
18099 84 82 166 0.0120482 38
18100 26 118 144 -0.638889 32
18101 32 108 140 -0.542857 26
18102 54 89 143 -0.244755 31
18103 41 109 150 -0.453333 26
18104 60 38 98 0.22449 24
18105 101 53 154 0.311688 30
18106 4 208 212 -0.962264 16
18107 23 105 128 -0.640625 24
18108 80 52 132 0.212121 36
18109 140 27 167 0.676647 27
18110 153 38 191 0.602094 30
18111 62 97 159 -0.220126 33
18112 9 123 132 -0.863636 24
18113 71 53 124 0.145161 28
18114 8 21 29 -0.448276 17
18115 103 49 152 0.355263 36
18116 76 56 132 0.151515 28
18117 12 121 133 -0.819549 27
18118 57 67 124 -0.0806452 32
18119 12 176 188 -0.87234 28
18120 123 23 146 0.684932 28
18121 44 84 128 -0.3125 29
18122 14 140 154 -0.818182 26
18123 99 30 129 0.534884 27
18124 47 89 136 -0.308824 31
18125 103 54 157 0.312102 32
18126 82 63 145 0.131034 35
18127 94 73 167 0.125749 31
18128 140 9 149 0.879195 23
18129 136 60 196 0.387755 26
18130 16 160 176 -0.818182 29
18131 52 64 116 -0.103448 33
18132 111 36 147 0.510204 33
18133 111 64 175 0.268571 35
18134 25 99 124 -0.596774 31
18135 97 54 151 0.284768 32
18136 68 78 146 -0.0684932 31
18137 157 7 164 0.914634 24
18138 41 132 173 -0.526012 30
18139 45 60 105 -0.142857 30
18140 13 157 170 -0.847059 30
18141 55 59 114 -0.0350877 28
18142 120 41 161 0.490683 30
18143 13 176 189 -0.862434 27
18144 26 136 162 -0.679012 29
18145 74 53 127 0.165354 31
18146 69 83 152 -0.0921053 29
18147 77 43 120 0.283333 24
18148 144 24 168 0.714286 27
18149 26 188 214 -0.757009 30
18150 82 54 136 0.205882 28
18151 115 48 163 0.411043 29
18152 76 51 127 0.19685 31
18153 81 75 156 0.0384615 34
18154 147 8 155 0.896774 24
18155 40 44 84 -0.047619 29
18156 90 30 120 0.5 32
18157 39 84 123 -0.365854 29
18158 83 75 158 0.0506329 28
18159 91 55 146 0.246575 30
18160 24 104 128 -0.625 31
18161 49 112 161 -0.391304 26
18162 17 111 128 -0.734375 26
18163 14 117 131 -0.78626 24
18164 151 15 166 0.819277 25
18165 78 68 146 0.0684932 31
18166 70 95 165 -0.151515 30
18167 33 109 142 -0.535211 28
18168 15 180 195 -0.846154 26
18169 88 79 167 0.0538922 31
18170 100 27 127 0.574803 19
18171 6 149 155 -0.922581 23
18172 23 117 140 -0.671429 30
18173 88 69 157 0.121019 34
18174 38 99 137 -0.445255 31
18175 45 59 104 -0.134615 31
18176 13 113 126 -0.793651 31
18177 81 58 139 0.165468 36
18178 7 186 193 -0.927461 22
18179 161 15 176 0.829545 22
18180 34 149 183 -0.628415 29
18181 108 30 138 0.565217 29
18182 23 194 217 -0.788018 27
18183 99 49 148 0.337838 30
18184 30 142 172 -0.651163 25
18185 111 34 145 0.531034 32
18186 144 15 159 0.811321 27
18187 101 30 131 0.541985 25
18188 113 23 136 0.661765 32
18189 203 1 204 0.990196 17
18190 135 28 163 0.656442 31
18191 23 96 119 -0.613445 22
18192 35 122 157 -0.55414 29
18193 106 42 148 0.432432 26
18194 44 121 165 -0.466667 30
18195 62 63 125 -0.008 31
18196 48 93 141 -0.319149 29
18197 137 19 156 0.75641 28
18198 85 54 139 0.223022 30
18199 20 92 112 -0.642857 31
18200 190 24 214 0.775701 30
18201 122 4 126 0.936508 23
18202 28 127 155 -0.63871 33
18203 102 49 151 0.350993 29
18204 60 101 161 -0.254658 30
18205 44 106 150 -0.413333 31
18206 157 19 176 0.784091 27
18207 22 115 137 -0.678832 25
18208 77 85 162 -0.0493827 34
18209 45 88 133 -0.323308 30
18210 123 4 127 0.937008 19
18211 75 69 144 0.0416667 32
18212 120 28 148 0.621622 30
18213 60 96 156 -0.230769 27
18214 139 4 143 0.944056 23
18215 20 93 113 -0.646018 27
18216 70 47 117 0.196581 31
18217 147 10 157 0.872611 25
18218 22 170 192 -0.770833 29
18219 211 8 219 0.926941 20
18220 185 7 192 0.927083 17
18221 135 19 154 0.753247 29
18222 50 77 127 -0.212598 31
18223 93 49 142 0.309859 31
18224 10 148 158 -0.873418 26
18225 79 26 105 0.504762 22
18226 35 142 177 -0.60452 34
18227 3 207 210 -0.971429 16
18228 39 103 142 -0.450704 29
18229 178 11 189 0.883598 25
18230 97 10 107 0.813084 21
18231 211 7 218 0.93578 18
18232 30 148 178 -0.662921 30
18233 59 94 153 -0.228758 32
18234 156 24 180 0.733333 31
18235 97 59 156 0.24359 34
18236 21 168 189 -0.777778 26
18237 58 68 126 -0.0793651 33
18238 28 138 166 -0.662651 27
18239 109 24 133 0.639098 28
18240 135 67 202 0.336634 34
18241 151 9 160 0.8875 24
18242 55 75 130 -0.153846 34
18243 44 0 44 1 2
18244 43 130 173 -0.50289 28
18245 128 47 175 0.462857 29
18246 38 154 192 -0.604167 34
18247 36 138 174 -0.586207 35
18248 104 12 116 0.793103 23
18249 106 41 147 0.442177 29
18250 5 161 166 -0.939759 22
18251 32 109 141 -0.546099 28
18252 138 9 147 0.877551 15
18253 48 96 144 -0.333333 26
18254 121 57 178 0.359551 27
18255 106 66 172 0.232558 30
18256 60 89 149 -0.194631 31
18257 31 93 124 -0.5 31
18258 56 107 163 -0.312883 31
18259 56 79 135 -0.17037 32
18260 67 78 145 -0.0758621 33
18261 5 151 156 -0.935897 23
18262 30 114 144 -0.583333 29
18263 61 92 153 -0.202614 34
18264 73 93 166 -0.120482 32
18265 17 129 146 -0.767123 26
18266 118 38 156 0.512821 28
18267 39 121 160 -0.5125 30
18268 149 17 166 0.795181 26
18269 68 24 92 0.478261 29
18270 121 10 131 0.847328 25
18271 59 58 117 0.00854701 29
18272 90 89 179 0.00558659 34
18273 68 55 123 0.105691 31
18274 120 29 149 0.610738 27
18275 21 199 220 -0.809091 28
18276 19 17 36 0.0555556 15
18277 21 139 160 -0.7375 28
18278 3 204 207 -0.971014 21
18279 91 87 178 0.0224719 35
18280 128 6 134 0.910448 22
18281 87 49 136 0.279412 29
18282 22 100 122 -0.639344 23
18283 47 83 130 -0.276923 34
18284 70 85 155 -0.0967742 27
18285 8 128 136 -0.882353 24
18286 24 115 139 -0.654676 32
18287 136 3 139 0.956835 22
18288 52 105 157 -0.33758 29
18289 176 10 186 0.892473 20
18290 21 126 147 -0.714286 28
18291 27 73 100 -0.46 21
18292 59 104 163 -0.276074 29
18293 81 32 113 0.433628 30
18294 67 82 149 -0.100671 25
18295 0 0 0 0 0
18296 100 44 144 0.388889 36
18297 57 96 153 -0.254902 31
18298 108 29 137 0.576642 29
18299 31 94 125 -0.504 32
18300 122 9 131 0.862595 25
18301 54 100 154 -0.298701 34
18302 101 50 151 0.337748 36
18303 55 77 132 -0.166667 32
18304 152 5 157 0.936306 24
18305 36 132 168 -0.571429 35
18306 112 16 128 0.75 28
18307 94 32 126 0.492063 33
18308 15 156 171 -0.824561 27
18309 101 35 136 0.485294 33
18310 128 43 171 0.497076 32
18311 68 91 159 -0.144654 36
18312 68 56 124 0.0967742 32
18313 11 157 168 -0.869048 17
18314 195 13 208 0.875 21
18315 24 158 182 -0.736264 27
18316 41 112 153 -0.464052 30
18317 50 75 125 -0.2 26
18318 152 17 169 0.798817 25
18319 106 20 126 0.68254 24
18320 106 81 187 0.13369 30
18321 88 43 131 0.343511 28
18322 142 8 150 0.893333 21
18323 127 13 140 0.814286 28
18324 9 171 180 -0.9 21
18325 74 53 127 0.165354 26
18326 48 99 147 -0.346939 29
18327 72 98 170 -0.152941 35
18328 67 78 145 -0.0758621 29
18329 4 158 162 -0.950617 15
18330 87 47 134 0.298507 26
18331 60 67 127 -0.0551181 29
18332 45 76 121 -0.256198 29
18333 109 47 156 0.397436 30
18334 100 71 171 0.169591 33
18335 18 134 152 -0.763158 30
18336 141 18 159 0.773585 23
18337 66 76 142 -0.0704225 33
18338 55 57 112 -0.0178571 28
18339 157 12 169 0.857988 23
18340 115 37 152 0.513158 32
18341 31 76 107 -0.420561 28
18342 26 107 133 -0.609023 31
18343 35 109 144 -0.513889 29
18344 15 172 187 -0.839572 26
18345 65 52 117 0.111111 25
18346 162 5 167 0.94012 23
18347 124 18 142 0.746479 28
18348 87 71 158 0.101266 35
18349 64 41 105 0.219048 28
18350 81 38 119 0.361345 30
18351 126 45 171 0.473684 32
18352 57 58 115 -0.00869565 36
18353 73 46 119 0.226891 32
18354 175 6 181 0.933702 23
18355 87 87 174 0 26
18356 43 82 125 -0.312 33
18357 140 26 166 0.686747 29
18358 20 206 226 -0.823009 22
18359 104 25 129 0.612403 31
18360 61 92 153 -0.202614 32
18361 90 33 123 0.463415 21
18362 83 75 158 0.0506329 33
18363 38 77 115 -0.33913 27
18364 41 112 153 -0.464052 31
18365 42 84 126 -0.333333 29
18366 7 196 203 -0.931034 23
18367 16 106 122 -0.737705 29
18368 46 86 132 -0.30303 34
18369 134 37 171 0.567251 27
18370 21 109 130 -0.676923 30
18371 147 19 166 0.771084 28
18372 11 178 189 -0.883598 25
18373 133 44 177 0.502825 32
18374 141 29 170 0.658824 33
18375 64 89 153 -0.163399 31
18376 86 31 117 0.470085 32
18377 115 27 142 0.619718 27
18378 16 130 146 -0.780822 28
18379 64 62 126 0.015873 33
18380 45 88 133 -0.323308 25
18381 11 190 201 -0.890547 23
18382 51 91 142 -0.28169 28
18383 94 49 143 0.314685 27
18384 47 102 149 -0.369128 33
18385 93 43 136 0.367647 33
18386 146 22 168 0.738095 29
18387 114 28 142 0.605634 30
18388 20 158 178 -0.775281 22
18389 133 53 186 0.430108 30
18390 18 140 158 -0.772152 27
18391 137 12 149 0.838926 27
18392 44 98 142 -0.380282 27
18393 60 118 178 -0.325843 31
18394 62 89 151 -0.178808 35
18395 32 135 167 -0.616766 31
18396 82 90 172 -0.0465116 27
18397 69 73 142 -0.028169 33
18398 40 125 165 -0.515152 31
18399 56 61 117 -0.042735 30
18400 79 40 119 0.327731 33
18401 100 54 154 0.298701 26
18402 141 21 162 0.740741 30
18403 122 33 155 0.574194 35
18404 69 81 150 -0.08 29
18405 77 55 132 0.166667 29
18406 32 119 151 -0.576159 26
18407 49 100 149 -0.342282 28
18408 20 127 147 -0.727891 31
18409 108 30 138 0.565217 27
18410 171 10 181 0.889503 26
18411 34 101 135 -0.496296 32
18412 116 61 177 0.310734 32
18413 93 68 161 0.15528 32
18414 77 64 141 0.0921986 32
18415 71 49 120 0.183333 34
18416 50 29 79 0.265823 31
18417 68 79 147 -0.0748299 33
18418 73 81 154 -0.0519481 34
18419 70 53 123 0.138211 26
18420 67 73 140 -0.0428571 30
18421 25 136 161 -0.689441 29
18422 106 31 137 0.547445 29
18423 95 27 122 0.557377 32
18424 124 40 164 0.512195 27
18425 78 42 120 0.3 26
18426 55 85 140 -0.214286 35
18427 91 35 126 0.444444 30
18428 47 95 142 -0.338028 26
18429 58 103 161 -0.279503 34
18430 70 50 120 0.166667 35
18431 57 115 172 -0.337209 27
18432 103 27 130 0.584615 29
18433 43 96 139 -0.381295 34
18434 92 73 165 0.115152 32
18435 49 108 157 -0.375796 35
18436 100 36 136 0.470588 28
18437 33 94 127 -0.480315 31
18438 41 16 57 0.438596 21
18439 67 83 150 -0.106667 27
18440 131 24 155 0.690323 28
18441 168 29 197 0.705584 27
18442 110 72 182 0.208791 32
18443 5 198 203 -0.950739 20
18444 35 106 141 -0.503546 32
18445 106 51 157 0.350318 30
18446 139 28 167 0.664671 34
18447 129 31 160 0.6125 29
18448 63 55 118 0.0677966 27
18449 55 89 144 -0.236111 32
18450 49 75 124 -0.209677 33
18451 83 48 131 0.267176 30
18452 195 21 216 0.805556 28
18453 114 51 165 0.381818 27
18454 52 59 111 -0.0630631 32
18455 79 53 132 0.19697 23
18456 122 36 158 0.544304 31
18457 95 29 124 0.532258 31
18458 181 13 194 0.865979 21
18459 80 34 114 0.403509 26
18460 23 113 136 -0.661765 31
18461 78 66 144 0.0833333 34
18462 49 102 151 -0.350993 30
18463 59 81 140 -0.157143 32
18464 17 174 191 -0.82199 21
18465 65 57 122 0.0655738 29
18466 156 41 197 0.583756 35
18467 23 157 180 -0.744444 23
18468 30 120 150 -0.6 31
18469 184 20 204 0.803922 32
18470 151 22 173 0.745665 27
18471 108 43 151 0.430464 30
18472 1 0 1 1 1
18473 151 5 156 0.935897 22
18474 72 81 153 -0.0588235 31
18475 82 82 164 0 28
18476 52 57 109 -0.0458716 29
18477 23 138 161 -0.714286 23
18478 154 7 161 0.913043 25
18479 99 44 143 0.384615 31
18480 169 4 173 0.953757 21
18481 192 26 218 0.761468 33
18482 84 48 132 0.272727 33
18483 41 97 138 -0.405797 32
18484 60 70 130 -0.0769231 26
18485 162 20 182 0.78022 26
18486 126 27 153 0.647059 26
18487 4 223 227 -0.964758 12
18488 22 116 138 -0.681159 26
18489 82 48 130 0.261538 32
18490 28 108 136 -0.588235 32
18491 31 144 175 -0.645714 30
18492 142 10 152 0.868421 28
18493 141 7 148 0.905405 24
18494 10 162 172 -0.883721 28
18495 68 47 115 0.182609 33
18496 129 20 149 0.731544 27
18497 35 136 171 -0.590643 31
18498 107 44 151 0.417219 32
18499 38 86 124 -0.387097 31
18500 53 101 154 -0.311688 33
18501 53 65 118 -0.101695 28
18502 55 63 118 -0.0677966 30
18503 45 4 49 0.836735 14
18504 159 16 175 0.817143 27
18505 155 13 168 0.845238 28
18506 39 149 188 -0.585106 34
18507 140 17 157 0.783439 29
18508 95 3 98 0.938776 16
18509 138 15 153 0.803922 31
18510 170 20 190 0.789474 28
18511 140 8 148 0.891892 26
18512 18 165 183 -0.803279 27
18513 167 13 180 0.855556 26
18514 159 18 177 0.79661 26
18515 181 23 204 0.77451 23
18516 5 204 209 -0.952153 14
18517 54 121 175 -0.382857 32
18518 96 37 133 0.443609 31
18519 81 33 114 0.421053 36
18520 142 37 179 0.586592 26
18521 10 176 186 -0.892473 23
18522 89 60 149 0.194631 27
18523 56 81 137 -0.182482 32
18524 77 65 142 0.084507 29
18525 33 140 173 -0.618497 27
18526 11 148 159 -0.861635 27
18527 76 45 121 0.256198 29
18528 66 64 130 0.0153846 34
18529 57 46 103 0.106796 30
18530 143 11 154 0.857143 22
18531 86 41 127 0.354331 28
18532 22 127 149 -0.704698 29
18533 78 82 160 -0.025 36
18534 28 124 152 -0.631579 27
18535 74 74 148 0 33
18536 68 61 129 0.0542636 28
18537 119 61 180 0.322222 34
18538 9 179 188 -0.904255 26
18539 22 90 112 -0.607143 27
18540 74 46 120 0.233333 27
18541 37 93 130 -0.430769 29
18542 124 37 161 0.540373 31
18543 92 51 143 0.286713 27
18544 33 107 140 -0.528571 32
18545 121 25 146 0.657534 27
18546 180 8 188 0.914894 24
18547 6 110 116 -0.896552 24
18548 119 50 169 0.408284 35
18549 31 108 139 -0.553957 27
18550 36 123 159 -0.54717 29
18551 203 7 210 0.933333 18
18552 38 105 143 -0.468531 32
18553 27 145 172 -0.686047 29
18554 76 60 136 0.117647 28
18555 84 75 159 0.0566038 33
18556 154 25 179 0.72067 31
18557 104 53 157 0.324841 29
18558 137 28 165 0.660606 34
18559 166 7 173 0.919075 23
18560 61 63 124 -0.016129 31
18561 106 70 176 0.204545 34
18562 46 123 169 -0.455621 35
18563 72 72 144 0 34
18564 89 35 124 0.435484 25
18565 65 111 176 -0.261364 33
18566 54 109 163 -0.337423 27
18567 154 25 179 0.72067 27
18568 130 20 150 0.733333 24
18569 84 49 133 0.263158 32
18570 50 73 123 -0.186992 35
18571 78 59 137 0.138686 31
18572 51 103 154 -0.337662 31
18573 68 87 155 -0.122581 33
18574 75 63 138 0.0869565 31
18575 102 34 136 0.5 32
18576 133 31 164 0.621951 32
18577 24 155 179 -0.731844 32
18578 85 67 152 0.118421 37
18579 49 101 150 -0.346667 30
18580 24 98 122 -0.606557 31
18581 146 23 169 0.727811 30
18582 66 100 166 -0.204819 34
18583 53 79 132 -0.19697 33
18584 32 121 153 -0.581699 33
18585 43 90 133 -0.353383 28
18586 3 164 167 -0.964072 22
18587 54 111 165 -0.345455 31
18588 17 125 142 -0.760563 24
18589 133 33 166 0.60241 28
18590 76 56 132 0.151515 31
18591 59 62 121 -0.0247934 32
18592 82 38 120 0.366667 31
18593 191 18 209 0.827751 29
18594 10 109 119 -0.831933 27
18595 40 114 154 -0.480519 32
18596 22 41 63 -0.301587 23
18597 91 39 130 0.4 30
18598 3 136 139 -0.956835 22
18599 99 30 129 0.534884 28
18600 95 57 152 0.25 32
18601 14 147 161 -0.826087 26
18602 29 103 132 -0.560606 33
18603 34 106 140 -0.514286 33
18604 90 27 117 0.538462 28
18605 110 70 180 0.222222 35
18606 29 88 117 -0.504274 32
18607 80 49 129 0.24031 32
18608 3 152 155 -0.96129 22
18609 6 84 90 -0.866667 25
18610 45 104 149 -0.395973 33
18611 24 97 121 -0.603306 28
18612 105 54 159 0.320755 29
18613 62 59 121 0.0247934 28
18614 76 84 160 -0.05 36
18615 12 146 158 -0.848101 23
18616 140 19 159 0.761006 24
18617 57 55 112 0.0178571 28
18618 60 77 137 -0.124088 28
18619 153 25 178 0.719101 33
18620 66 82 148 -0.108108 33
18621 96 55 151 0.271523 33
18622 136 19 155 0.754839 26
18623 145 15 160 0.8125 31
18624 30 96 126 -0.52381 32
18625 34 116 150 -0.546667 32
18626 81 65 146 0.109589 33
18627 56 72 128 -0.125 29
18628 114 59 173 0.317919 34
18629 8 127 135 -0.881481 25
18630 47 94 141 -0.333333 35
18631 76 97 173 -0.121387 27
18632 141 11 152 0.855263 27
18633 94 50 144 0.305556 29
18634 65 109 174 -0.252874 30
18635 148 21 169 0.751479 29
18636 26 144 170 -0.694118 32
18637 72 44 116 0.241379 27
18638 46 76 122 -0.245902 26
18639 70 98 168 -0.166667 29
18640 118 66 184 0.282609 34
18641 51 139 190 -0.463158 33
18642 33 87 120 -0.45 25
18643 140 37 177 0.581921 34
18644 189 17 206 0.834951 29
18645 7 192 199 -0.929648 20
18646 108 64 172 0.255814 32
18647 123 15 138 0.782609 29
18648 100 52 152 0.315789 33
18649 4 209 213 -0.962441 21
18650 42 84 126 -0.333333 30
18651 9 192 201 -0.910448 26
18652 235 9 244 0.92623 26
18653 67 30 97 0.381443 29
18654 12 142 154 -0.844156 25
18655 99 40 139 0.42446 31
18656 173 9 182 0.901099 22
18657 84 70 154 0.0909091 37
18658 62 83 145 -0.144828 31
18659 55 76 131 -0.160305 28
18660 51 94 145 -0.296552 35
18661 175 9 184 0.902174 22
18662 34 118 152 -0.552632 30
18663 43 136 179 -0.519553 31
18664 50 81 131 -0.236641 31
18665 93 48 141 0.319149 27
18666 103 11 114 0.807018 26
18667 45 73 118 -0.237288 29
18668 86 92 178 -0.0337079 33
18669 154 19 173 0.780347 31
18670 132 17 149 0.771812 27
18671 89 87 176 0.0113636 28
18672 118 26 144 0.638889 30
18673 8 164 172 -0.906977 25
18674 58 90 148 -0.216216 31
18675 187 11 198 0.888889 20
18676 7 130 137 -0.89781 23
18677 35 104 139 -0.496403 32
18678 173 17 190 0.821053 18
18679 93 42 135 0.377778 32
18680 194 11 205 0.892683 20
18681 71 53 124 0.145161 32
18682 105 52 157 0.33758 31
18683 15 87 102 -0.705882 25
18684 50 112 162 -0.382716 30
18685 121 35 156 0.551282 31
18686 68 91 159 -0.144654 28
18687 8 164 172 -0.906977 23
18688 48 98 146 -0.342466 25
18689 166 11 177 0.875706 24
18690 134 8 142 0.887324 24
18691 14 180 194 -0.85567 29
18692 103 56 159 0.295597 20
18693 25 222 247 -0.797571 29
18694 66 64 130 0.0153846 34
18695 164 4 168 0.952381 23
18696 137 19 156 0.75641 27
18697 53 92 145 -0.268966 31
18698 137 24 161 0.701863 29
18699 86 41 127 0.354331 25
18700 8 141 149 -0.892617 25
18701 61 74 135 -0.0962963 35
18702 79 58 137 0.153285 28
18703 65 99 164 -0.207317 28
18704 97 39 136 0.426471 37
18705 106 29 135 0.57037 30
18706 84 71 155 0.083871 36
18707 106 44 150 0.413333 30
18708 110 17 127 0.732283 29
18709 19 172 191 -0.801047 28
18710 58 80 138 -0.15942 35
18711 8 26 34 -0.529412 17
18712 81 69 150 0.08 33
18713 147 20 167 0.760479 26
18714 46 103 149 -0.38255 32
18715 163 14 177 0.841808 23
18716 81 69 150 0.08 28
18717 9 153 162 -0.888889 24
18718 137 9 146 0.876712 24
18719 56 103 159 -0.295597 27
18720 91 48 139 0.309353 30
18721 46 108 154 -0.402597 30
18722 37 108 145 -0.489655 29
18723 135 3 138 0.956522 21
18724 137 62 199 0.376884 35
18725 132 20 152 0.736842 30
18726 60 59 119 0.00840336 26
18727 3 166 169 -0.964497 22
18728 57 18 75 0.52 28
18729 86 71 157 0.0955414 29
18730 27 95 122 -0.557377 33
18731 155 28 183 0.693989 31
18732 112 16 128 0.75 26
18733 17 139 156 -0.782051 25
18734 15 163 178 -0.831461 29
18735 29 128 157 -0.630573 27
18736 65 106 171 -0.239766 33
18737 78 41 119 0.310924 29
18738 52 108 160 -0.35 30
18739 83 56 139 0.194245 26
18740 73 57 130 0.123077 30
18741 49 95 144 -0.319444 32
18742 116 41 157 0.477707 30
18743 83 58 141 0.177305 38
18744 64 64 128 0 31
18745 64 75 139 -0.0791367 32
18746 67 87 154 -0.12987 25
18747 57 112 169 -0.325444 28
18748 54 35 89 0.213483 32
18749 42 110 152 -0.447368 32
18750 3 141 144 -0.958333 20
18751 78 49 127 0.228346 32
18752 67 86 153 -0.124183 29
18753 48 109 157 -0.388535 33
18754 17 79 96 -0.645833 24
18755 131 32 163 0.607362 31
18756 83 47 130 0.276923 29
18757 129 53 182 0.417582 37
18758 43 111 154 -0.441558 34
18759 13 197 210 -0.87619 16
18760 81 70 151 0.0728477 34
18761 80 70 150 0.0666667 31
18762 61 90 151 -0.192053 30
18763 55 62 117 -0.0598291 35
18764 7 183 190 -0.926316 21
18765 81 38 119 0.361345 30
18766 18 138 156 -0.769231 31
18767 20 95 115 -0.652174 27
18768 95 67 162 0.17284 31
18769 123 22 145 0.696552 27
18770 43 118 161 -0.465839 32
18771 81 110 191 -0.151832 30
18772 96 39 135 0.422222 29
18773 30 124 154 -0.61039 33
18774 72 63 135 0.0666667 32
18775 6 79 85 -0.858824 21
18776 106 48 154 0.376623 28
18777 158 15 173 0.82659 26
18778 52 78 130 -0.2 28
18779 144 45 189 0.52381 26
18780 138 20 158 0.746835 28
18781 54 17 71 0.521127 26
18782 11 190 201 -0.890547 19
18783 70 90 160 -0.125 33
18784 152 2 154 0.974026 17
18785 40 136 176 -0.545455 35
18786 15 34 49 -0.387755 20
18787 76 39 115 0.321739 27
18788 32 99 131 -0.51145 31
18789 126 8 134 0.880597 24
18790 167 31 198 0.686869 30
18791 86 60 146 0.178082 31
18792 50 55 105 -0.047619 32
18793 97 18 115 0.686957 29
18794 54 101 155 -0.303226 28
18795 87 51 138 0.26087 29
18796 53 90 143 -0.258741 32
18797 34 61 95 -0.284211 26
18798 61 87 148 -0.175676 32
18799 116 17 133 0.744361 30
18800 17 128 145 -0.765517 28
18801 77 63 140 0.1 33
18802 158 14 172 0.837209 27
18803 5 133 138 -0.927536 19
18804 11 127 138 -0.84058 28
18805 106 20 126 0.68254 28
18806 65 111 176 -0.261364 32
18807 107 47 154 0.38961 28
18808 99 49 148 0.337838 33
18809 132 29 161 0.639752 29
18810 96 40 136 0.411765 33
18811 70 85 155 -0.0967742 28
18812 103 4 107 0.925234 21
18813 140 17 157 0.783439 27
18814 66 77 143 -0.0769231 27
18815 43 134 177 -0.514124 29
18816 30 140 170 -0.647059 20
18817 213 7 220 0.936364 17
18818 8 125 133 -0.879699 26
18819 107 7 114 0.877193 20
18820 36 96 132 -0.454545 26
18821 66 99 165 -0.2 32
18822 37 97 134 -0.447761 27
18823 69 48 117 0.179487 28
18824 143 16 159 0.798742 27
18825 47 47 94 0 30
18826 50 86 136 -0.264706 33
18827 156 16 172 0.813953 26
18828 49 145 194 -0.494845 30
18829 97 30 127 0.527559 27
18830 86 34 120 0.433333 34
18831 110 26 136 0.617647 29
18832 58 88 146 -0.205479 31
18833 72 53 125 0.152 29
18834 127 8 135 0.881481 25
18835 177 24 201 0.761194 27
18836 107 33 140 0.528571 29
18837 84 26 110 0.527273 22
18838 41 143 184 -0.554348 31
18839 62 72 134 -0.0746269 35
18840 34 89 123 -0.447154 29
18841 101 43 144 0.402778 32
18842 85 63 148 0.148649 33
18843 154 26 180 0.711111 31
18844 126 38 164 0.536585 32
18845 133 33 166 0.60241 32
18846 104 54 158 0.316456 34
18847 76 89 165 -0.0787879 31
18848 100 49 149 0.342282 31
18849 42 130 172 -0.511628 33
18850 59 71 130 -0.0923077 32
18851 20 172 192 -0.791667 29
18852 14 160 174 -0.83908 29
18853 88 35 123 0.430894 24
18854 77 81 158 -0.0253165 29
18855 11 144 155 -0.858065 26
18856 78 63 141 0.106383 35
18857 74 96 170 -0.129412 29
18858 33 106 139 -0.52518 31
18859 145 26 171 0.695906 29
18860 50 64 114 -0.122807 24
18861 106 82 188 0.12766 34
18862 42 103 145 -0.42069 23
18863 46 91 137 -0.328467 34
18864 20 126 146 -0.726027 28
18865 13 137 150 -0.826667 28
18866 96 41 137 0.40146 30
18867 74 60 134 0.104478 35
18868 69 53 122 0.131148 27
18869 140 26 166 0.686747 29
18870 66 84 150 -0.12 29
18871 84 52 136 0.235294 29
18872 181 13 194 0.865979 25
18873 108 22 130 0.661538 28
18874 42 79 121 -0.305785 30
18875 8 138 146 -0.890411 26
18876 66 87 153 -0.137255 27
18877 23 162 185 -0.751351 25
18878 161 27 188 0.712766 31
18879 104 45 149 0.395973 31
18880 129 11 140 0.842857 21
18881 131 20 151 0.735099 21
18882 174 11 185 0.881081 22
18883 88 44 132 0.333333 31
18884 54 72 126 -0.142857 25
18885 21 119 140 -0.7 28
18886 66 118 184 -0.282609 31
18887 46 137 183 -0.497268 32
18888 138 18 156 0.769231 28
18889 78 78 156 0 33
18890 56 55 111 0.00900901 31
18891 14 139 153 -0.816993 25
18892 35 78 113 -0.380531 29
18893 140 5 145 0.931034 22
18894 24 120 144 -0.666667 27
18895 47 70 117 -0.196581 26
18896 132 22 154 0.714286 28
18897 40 99 139 -0.42446 30
18898 61 71 132 -0.0757576 33
18899 97 62 159 0.220126 34
18900 10 121 131 -0.847328 22
18901 54 62 116 -0.0689655 32
18902 32 163 195 -0.671795 32
18903 170 9 179 0.899441 21
18904 117 27 144 0.625 26
18905 91 48 139 0.309353 33
18906 55 85 140 -0.214286 32
18907 36 92 128 -0.4375 28
18908 24 180 204 -0.764706 27
18909 76 55 131 0.160305 24
18910 86 11 97 0.773196 23
18911 7 143 150 -0.906667 24
18912 40 126 166 -0.518072 31
18913 6 139 145 -0.917241 23
18914 94 39 133 0.413534 27
18915 85 68 153 0.111111 30
18916 23 157 180 -0.744444 29
18917 124 39 163 0.521472 34
18918 36 121 157 -0.541401 30
18919 23 115 138 -0.666667 32
18920 91 81 172 0.0581395 37
18921 23 122 145 -0.682759 30
18922 20 114 134 -0.701493 29
18923 88 59 147 0.197279 34
18924 77 54 131 0.175573 30
18925 143 6 149 0.919463 24
18926 29 113 142 -0.591549 28
18927 111 59 170 0.305882 34
18928 77 62 139 0.107914 36
18929 20 117 137 -0.708029 28
18930 30 175 205 -0.707317 27
18931 37 138 175 -0.577143 28
18932 165 7 172 0.918605 23
18933 162 32 194 0.670103 33
18934 136 26 162 0.679012 27
18935 40 96 136 -0.411765 31
18936 24 94 118 -0.59322 29
18937 17 126 143 -0.762238 29
18938 88 57 145 0.213793 30
18939 84 60 144 0.166667 28
18940 118 29 147 0.605442 29
18941 72 9 81 0.777778 15
18942 152 22 174 0.747126 28
18943 172 14 186 0.849462 22
18944 88 50 138 0.275362 33
18945 93 21 114 0.631579 27
18946 83 71 154 0.0779221 28
18947 202 12 214 0.88785 22
18948 2 187 189 -0.978836 14
18949 23 167 190 -0.757895 24
18950 153 21 174 0.758621 29
18951 103 56 159 0.295597 27
18952 106 41 147 0.442177 34
18953 50 111 161 -0.378882 29
18954 39 93 132 -0.409091 28
18955 135 17 152 0.776316 28
18956 44 90 134 -0.343284 29
18957 125 37 162 0.54321 29
18958 87 35 122 0.42623 30
18959 14 145 159 -0.823899 25
18960 94 53 147 0.278912 34
18961 98 12 110 0.781818 29
18962 63 16 79 0.594937 18
18963 51 101 152 -0.328947 30
18964 64 86 150 -0.146667 34
18965 110 15 125 0.76 27
18966 14 161 175 -0.84 28
18967 38 89 127 -0.401575 31
18968 77 74 151 0.0198675 34
18969 80 70 150 0.0666667 29
18970 111 38 149 0.489933 26
18971 95 49 144 0.319444 34
18972 110 14 124 0.774194 24
18973 26 118 144 -0.638889 26
18974 23 130 153 -0.699346 28
18975 111 44 155 0.432258 36
18976 70 53 123 0.138211 24
18977 87 61 148 0.175676 35
18978 39 132 171 -0.54386 32
18979 64 38 102 0.254902 28
18980 28 125 153 -0.633987 32
18981 70 44 114 0.22807 35
18982 158 20 178 0.775281 29
18983 44 113 157 -0.43949 35
18984 131 17 148 0.77027 29
18985 71 71 142 0 23
18986 96 20 116 0.655172 29
18987 68 63 131 0.0381679 31
18988 79 55 134 0.179104 26
18989 20 130 150 -0.733333 31
18990 4 210 214 -0.962617 21
18991 32 82 114 -0.438596 29
18992 46 111 157 -0.414013 34
18993 90 34 124 0.451613 30
18994 114 42 156 0.461538 27
18995 173 5 178 0.94382 18
18996 50 140 190 -0.473684 31
18997 52 105 157 -0.33758 26
18998 5 162 167 -0.94012 23
18999 8 27 35 -0.542857 12
19000 11 147 158 -0.860759 23
19001 18 195 213 -0.830986 27
19002 115 60 175 0.314286 31
19003 34 143 177 -0.615819 29
19004 49 122 171 -0.426901 30
19005 46 85 131 -0.29771 30
19006 98 34 132 0.484848 32
19007 42 112 154 -0.454545 31
19008 37 90 127 -0.417323 33
19009 21 155 176 -0.761364 24
19010 110 35 145 0.517241 23
19011 168 15 183 0.836066 29
19012 77 89 166 -0.0722892 35
19013 75 73 148 0.0135135 30
19014 103 58 161 0.279503 22
19015 148 23 171 0.730994 30
19016 9 149 158 -0.886076 21
19017 66 48 114 0.157895 25
19018 17 101 118 -0.711864 29
19019 110 30 140 0.571429 32
19020 94 49 143 0.314685 35
19021 31 79 110 -0.436364 34
19022 49 101 150 -0.346667 31
19023 34 164 198 -0.656566 26
19024 175 16 191 0.832461 27
19025 91 73 164 0.109756 34
19026 8 111 119 -0.865546 27
19027 32 136 168 -0.619048 26
19028 29 113 142 -0.591549 30
19029 84 23 107 0.570093 27
19030 120 41 161 0.490683 27
19031 6 233 239 -0.949791 21
19032 17 117 134 -0.746269 29
19033 13 126 139 -0.81295 26
19034 85 32 117 0.452991 32
19035 33 96 129 -0.488372 29
19036 48 84 132 -0.272727 32
19037 135 64 199 0.356784 29
19038 91 71 162 0.123457 33
19039 32 95 127 -0.496063 32
19040 43 101 144 -0.402778 28
19041 20 156 176 -0.772727 28
19042 97 40 137 0.416058 33
19043 46 82 128 -0.28125 33
19044 81 37 118 0.372881 30
19045 20 117 137 -0.708029 26
19046 70 88 158 -0.113924 37
19047 83 51 134 0.238806 29
19048 28 145 173 -0.676301 29
19049 151 9 160 0.8875 24
19050 200 14 214 0.869159 28
19051 35 117 152 -0.539474 22
19052 15 106 121 -0.752066 28
19053 35 120 155 -0.548387 33
19054 61 14 75 0.626667 21
19055 118 34 152 0.552632 31
19056 26 165 191 -0.727749 27
19057 72 67 139 0.0359712 27
19058 10 138 148 -0.864865 21
19059 29 110 139 -0.582734 30
19060 48 100 148 -0.351351 35
19061 76 62 138 0.101449 33
19062 21 90 111 -0.621622 28
19063 32 100 132 -0.515152 31
19064 87 54 141 0.234043 26
19065 53 79 132 -0.19697 33
19066 28 121 149 -0.624161 30
19067 56 88 144 -0.222222 33
19068 62 105 167 -0.257485 31
19069 81 61 142 0.140845 31
19070 36 86 122 -0.409836 34
19071 88 36 124 0.419355 30
19072 51 64 115 -0.113043 24
19073 23 162 185 -0.751351 31
19074 19 129 148 -0.743243 31
19075 17 150 167 -0.796407 23
19076 10 193 203 -0.901478 18
19077 11 122 133 -0.834586 26
19078 10 144 154 -0.87013 23
19079 62 80 142 -0.126761 33
19080 54 85 139 -0.223022 33
19081 189 12 201 0.880597 24
19082 9 151 160 -0.8875 12
19083 64 103 167 -0.233533 35
19084 103 52 155 0.329032 36
19085 13 130 143 -0.818182 30
19086 44 57 101 -0.128713 34
19087 12 110 122 -0.803279 24
19088 48 91 139 -0.309353 33
19089 31 105 136 -0.544118 32
19090 94 62 156 0.205128 28
19091 33 172 205 -0.678049 30
19092 106 24 130 0.630769 34
19093 161 28 189 0.703704 29
19094 37 137 174 -0.574713 29
19095 21 142 163 -0.742331 21
19096 86 42 128 0.34375 27
19097 12 179 191 -0.874346 24
19098 55 64 119 -0.0756303 34
19099 20 129 149 -0.731544 29
19100 12 126 138 -0.826087 24
19101 16 184 200 -0.84 20
19102 71 91 162 -0.123457 29
19103 57 87 144 -0.208333 36
19104 59 113 172 -0.313953 35
19105 122 24 146 0.671233 29
19106 206 16 222 0.855856 23
19107 87 33 120 0.45 33
19108 66 77 143 -0.0769231 25
19109 25 62 87 -0.425287 30
19110 144 25 169 0.704142 30
19111 20 123 143 -0.72028 25
19112 102 48 150 0.36 28
19113 81 52 133 0.218045 28
19114 22 162 184 -0.76087 26
19115 203 13 216 0.87963 21
19116 154 18 172 0.790698 23
19117 30 110 140 -0.571429 28
19118 8 126 134 -0.880597 25
19119 30 136 166 -0.638554 28
19120 27 123 150 -0.64 22
19121 244 12 256 0.90625 22
19122 30 101 131 -0.541985 35
19123 11 129 140 -0.842857 28
19124 215 20 235 0.829787 23
19125 84 25 109 0.541284 26
19126 67 44 111 0.207207 31
19127 31 94 125 -0.504 32
19128 74 53 127 0.165354 27
19129 42 102 144 -0.416667 36
19130 63 50 113 0.115044 27
19131 7 132 139 -0.899281 24
19132 7 146 153 -0.908497 25
19133 136 7 143 0.902098 22
19134 74 60 134 0.104478 31
19135 51 96 147 -0.306122 28
19136 34 121 155 -0.56129 32
19137 92 47 139 0.323741 28
19138 254 3 257 0.976654 20
19139 98 34 132 0.484848 24
19140 51 125 176 -0.420455 36
19141 153 15 168 0.821429 28
19142 106 55 161 0.31677 34
19143 120 22 142 0.690141 30
19144 42 111 153 -0.45098 29
19145 14 111 125 -0.776 28
19146 229 12 241 0.900415 22
19147 45 119 164 -0.45122 33
19148 49 94 143 -0.314685 28
19149 102 4 106 0.924528 22
19150 119 8 127 0.874016 21
19151 127 27 154 0.649351 32
19152 84 69 153 0.0980392 35
19153 90 72 162 0.111111 33
19154 20 158 178 -0.775281 28
19155 77 56 133 0.157895 28
19156 22 104 126 -0.650794 31
19157 58 110 168 -0.309524 34
19158 62 43 105 0.180952 29
19159 56 80 136 -0.176471 30
19160 28 140 168 -0.666667 32
19161 56 94 150 -0.253333 29
19162 49 115 164 -0.402439 35
19163 169 15 184 0.836957 25
19164 62 59 121 0.0247934 29
19165 184 13 197 0.86802 28
19166 7 114 121 -0.884298 23
19167 117 9 126 0.857143 24
19168 107 29 136 0.573529 27
19169 72 82 154 -0.0649351 28
19170 0 0 0 0 0
19171 58 88 146 -0.205479 33
19172 15 134 149 -0.798658 25
19173 154 24 178 0.730337 24
19174 102 44 146 0.39726 29
19175 52 101 153 -0.320261 33
19176 39 146 185 -0.578378 33
19177 17 138 155 -0.780645 29
19178 140 22 162 0.728395 29
19179 7 161 168 -0.916667 21
19180 81 48 129 0.255814 35
19181 34 107 141 -0.51773 32
19182 80 52 132 0.212121 31
19183 51 58 109 -0.0642202 30
19184 132 25 157 0.681529 30
19185 73 85 158 -0.0759494 34
19186 35 102 137 -0.489051 26
19187 9 123 132 -0.863636 24
19188 137 5 142 0.929577 23
19189 100 43 143 0.398601 31
19190 103 47 150 0.373333 34
19191 10 115 125 -0.84 24
19192 54 77 131 -0.175573 32
19193 68 136 204 -0.333333 26
19194 3 181 184 -0.967391 22
19195 16 104 120 -0.733333 26
19196 125 15 140 0.785714 25
19197 106 44 150 0.413333 35
19198 52 100 152 -0.315789 36
19199 80 66 146 0.0958904 28
19200 136 21 157 0.732484 25
19201 74 93 167 -0.113772 33
19202 49 118 167 -0.413174 31
19203 24 118 142 -0.661972 29
19204 44 88 132 -0.333333 33
19205 71 71 142 0 33
19206 54 57 111 -0.027027 31
19207 72 53 125 0.152 30
19208 15 202 217 -0.861751 22
19209 105 51 156 0.346154 33
19210 94 58 152 0.236842 29
19211 84 49 133 0.263158 28
19212 174 4 178 0.955056 16
19213 101 60 161 0.254658 33
19214 60 107 167 -0.281437 35
19215 5 144 149 -0.932886 23
19216 20 123 143 -0.72028 29
19217 9 81 90 -0.8 20
19218 0 0 0 0 0
19219 131 10 141 0.858156 28
19220 13 143 156 -0.833333 24
19221 40 111 151 -0.470199 29
19222 44 119 163 -0.460123 35
19223 123 16 139 0.769784 27
19224 45 63 108 -0.166667 27
19225 85 40 125 0.36 33
19226 148 17 165 0.793939 22
19227 173 5 178 0.94382 23
19228 64 30 94 0.361702 29
19229 137 11 148 0.851351 27
19230 41 99 140 -0.414286 32
19231 133 25 158 0.683544 29
19232 8 119 127 -0.874016 23
19233 2 223 225 -0.982222 13
19234 34 104 138 -0.507246 29
19235 26 113 139 -0.625899 28
19236 136 14 150 0.813333 28
19237 56 100 156 -0.282051 37
19238 129 31 160 0.6125 31
19239 70 82 152 -0.0789474 30
19240 75 95 170 -0.117647 35
19241 47 110 157 -0.401274 29
19242 22 130 152 -0.710526 30
19243 62 105 167 -0.257485 35
19244 120 39 159 0.509434 28
19245 40 101 141 -0.432624 27
19246 50 93 143 -0.300699 33
19247 69 68 137 0.00729927 30
19248 62 74 136 -0.0882353 32
19249 83 53 136 0.220588 29
19250 109 6 115 0.895652 17
19251 33 77 110 -0.4 27
19252 44 53 97 -0.0927835 30
19253 84 38 122 0.377049 32
19254 98 18 116 0.689655 28
19255 69 56 125 0.104 28
19256 8 164 172 -0.906977 26
19257 35 95 130 -0.461538 28
19258 48 80 128 -0.25 34
19259 133 11 144 0.847222 25
19260 32 130 162 -0.604938 30
19261 106 26 132 0.606061 27
19262 87 77 164 0.0609756 36
19263 50 101 151 -0.337748 32
19264 32 125 157 -0.592357 28
19265 3 186 189 -0.968254 18
19266 45 165 210 -0.571429 33
19267 56 85 141 -0.205674 35
19268 118 67 185 0.275676 35
19269 27 123 150 -0.64 33
19270 153 13 166 0.843373 26
19271 58 72 130 -0.107692 30
19272 37 74 111 -0.333333 29
19273 128 28 156 0.641026 31
19274 46 88 134 -0.313433 35
19275 56 113 169 -0.337278 30
19276 18 183 201 -0.820896 25
19277 23 70 93 -0.505376 24
19278 75 14 89 0.685393 25
19279 76 8 84 0.809524 16
19280 113 24 137 0.649635 21
19281 47 94 141 -0.333333 33
19282 22 136 158 -0.721519 31
19283 153 16 169 0.810651 31
19284 120 7 127 0.889764 25
19285 63 77 140 -0.1 32
19286 1 126 127 -0.984252 14
19287 70 48 118 0.186441 29
19288 97 47 144 0.347222 31
19289 140 14 154 0.818182 29
19290 99 39 138 0.434783 29
19291 67 110 177 -0.242938 33
19292 63 69 132 -0.0454545 36
19293 30 90 120 -0.5 34
19294 102 29 131 0.557252 32
19295 26 130 156 -0.666667 33
19296 59 88 147 -0.197279 28
19297 89 34 123 0.447154 28
19298 58 76 134 -0.134328 28
19299 0 133 133 -1 15
19300 22 105 127 -0.653543 26
19301 36 96 132 -0.454545 34
19302 27 135 162 -0.666667 30
19303 10 154 164 -0.878049 27
19304 46 108 154 -0.402597 27
19305 55 106 161 -0.31677 34
19306 101 24 125 0.616 28
19307 43 84 127 -0.322835 30
19308 183 11 194 0.886598 26
19309 97 29 126 0.539683 30
19310 11 155 166 -0.86747 22
19311 40 105 145 -0.448276 27
19312 31 103 134 -0.537313 30
19313 46 129 175 -0.474286 24
19314 22 128 150 -0.706667 29
19315 108 25 133 0.62406 29
19316 75 98 173 -0.132948 29
19317 60 120 180 -0.333333 29
19318 5 169 174 -0.942529 21
19319 95 85 180 0.0555556 28
19320 52 125 177 -0.412429 31
19321 4 175 179 -0.955307 23
19322 166 7 173 0.919075 22
19323 8 152 160 -0.9 25
19324 36 121 157 -0.541401 30
19325 129 19 148 0.743243 26
19326 105 49 154 0.363636 27
19327 55 85 140 -0.214286 29
19328 161 11 172 0.872093 26
19329 213 4 217 0.963134 18
19330 59 51 110 0.0727273 30
19331 6 98 104 -0.884615 13
19332 6 181 187 -0.935829 23
19333 105 55 160 0.3125 32
19334 9 149 158 -0.886076 22
19335 46 121 167 -0.449102 34
19336 111 45 156 0.423077 34
19337 75 96 171 -0.122807 30
19338 164 14 178 0.842697 26
19339 59 81 140 -0.157143 30
19340 86 33 119 0.445378 29
19341 12 143 155 -0.845161 26
19342 106 22 128 0.65625 28
19343 73 53 126 0.15873 27
19344 45 139 184 -0.51087 27
19345 91 21 112 0.625 27
19346 62 73 135 -0.0814815 32
19347 145 26 171 0.695906 28
19348 11 140 151 -0.854305 27
19349 11 116 127 -0.826772 24
19350 19 117 136 -0.720588 25
19351 128 8 136 0.882353 25
19352 130 48 178 0.460674 26
19353 69 103 172 -0.197674 32
19354 114 38 152 0.5 33
19355 34 103 137 -0.50365 30
19356 101 47 148 0.364865 32
19357 121 26 147 0.646259 29
19358 51 118 169 -0.39645 33
19359 139 18 157 0.770701 29
19360 141 54 195 0.446154 34
19361 0 0 0 0 0
19362 30 135 165 -0.636364 31
19363 22 117 139 -0.683453 27
19364 28 144 172 -0.674419 31
19365 169 26 195 0.733333 31
19366 207 13 220 0.881818 23
19367 28 131 159 -0.647799 29
19368 159 3 162 0.962963 20
19369 111 51 162 0.37037 31
19370 21 117 138 -0.695652 27
19371 38 92 130 -0.415385 31
19372 49 83 132 -0.257576 26
19373 32 140 172 -0.627907 32
19374 78 11 89 0.752809 24
19375 109 27 136 0.602941 30
19376 64 74 138 -0.0724638 28
19377 50 54 104 -0.0384615 26
19378 71 52 123 0.154472 34
19379 36 96 132 -0.454545 31
19380 95 49 144 0.319444 33
19381 118 8 126 0.873016 23
19382 51 38 89 0.146067 26
19383 140 15 155 0.806452 27
19384 59 69 128 -0.078125 34
19385 93 87 180 0.0333333 37
19386 147 21 168 0.75 26
19387 101 56 157 0.286624 35
19388 131 25 156 0.679487 31
19389 130 41 171 0.520468 26
19390 65 57 122 0.0655738 25
19391 70 78 148 -0.0540541 30
19392 16 79 95 -0.663158 23
19393 87 59 146 0.191781 31
19394 70 61 131 0.0687023 33
19395 6 139 145 -0.917241 22
19396 55 88 143 -0.230769 31
19397 64 91 155 -0.174194 33
19398 68 65 133 0.0225564 36
19399 69 21 90 0.533333 29
19400 75 57 132 0.136364 33
19401 10 136 146 -0.863014 26
19402 136 22 158 0.721519 26
19403 85 31 116 0.465517 20
19404 39 131 170 -0.541176 29
19405 28 151 179 -0.687151 31
19406 32 117 149 -0.57047 29
19407 13 86 99 -0.737374 27
19408 121 27 148 0.635135 25
19409 42 55 97 -0.134021 27
19410 111 38 149 0.489933 31
19411 71 61 132 0.0757576 32
19412 112 28 140 0.6 28
19413 46 112 158 -0.417722 29
19414 7 165 172 -0.918605 25
19415 75 47 122 0.229508 32
19416 105 45 150 0.4 34
19417 17 131 148 -0.77027 28
19418 13 123 136 -0.808824 23
19419 120 42 162 0.481481 28
19420 55 66 121 -0.0909091 31
19421 74 86 160 -0.075 36
19422 19 137 156 -0.75641 23
19423 56 73 129 -0.131783 32
19424 83 67 150 0.106667 34
19425 94 28 122 0.540984 30
19426 74 13 87 0.701149 23
19427 23 146 169 -0.727811 31
19428 95 36 131 0.450382 33
19429 67 82 149 -0.100671 33
19430 7 163 170 -0.917647 20
19431 60 76 136 -0.117647 34
19432 99 52 151 0.311258 26
19433 59 98 157 -0.248408 30
19434 36 169 205 -0.64878 29
19435 78 52 130 0.2 28
19436 62 100 162 -0.234568 33
19437 149 16 165 0.806061 24
19438 76 75 151 0.00662252 33
19439 39 124 163 -0.521472 35
19440 41 14 55 0.490909 26
19441 139 19 158 0.759494 24
19442 75 27 102 0.470588 31
19443 114 52 166 0.373494 37
19444 2 98 100 -0.96 21
19445 169 24 193 0.751295 24
19446 107 44 151 0.417219 31
19447 76 89 165 -0.0787879 33
19448 63 72 135 -0.0666667 27
19449 54 82 136 -0.205882 32
19450 144 7 151 0.907285 24
19451 85 40 125 0.36 27
19452 121 17 138 0.753623 27
19453 35 94 129 -0.457364 28
19454 83 39 122 0.360656 30
19455 26 83 109 -0.522936 30
19456 73 60 133 0.0977444 31
19457 84 55 139 0.208633 32
19458 155 11 166 0.86747 19
19459 140 41 181 0.546961 32
19460 36 109 145 -0.503448 34
19461 98 39 137 0.430657 35
19462 40 100 140 -0.428571 30
19463 20 54 74 -0.459459 23
19464 62 81 143 -0.132867 31
19465 71 78 149 -0.0469799 37
19466 27 167 194 -0.721649 32
19467 48 90 138 -0.304348 26
19468 47 74 121 -0.22314 29
19469 89 52 141 0.262411 33
19470 70 76 146 -0.0410959 29
19471 105 32 137 0.532847 30
19472 36 109 145 -0.503448 30
19473 103 43 146 0.410959 32
19474 108 34 142 0.521127 30
19475 38 107 145 -0.475862 31
19476 24 103 127 -0.622047 30
19477 32 130 162 -0.604938 30
19478 102 23 125 0.632 28
19479 24 118 142 -0.661972 30
19480 91 35 126 0.444444 34
19481 76 61 137 0.109489 30
19482 151 28 179 0.687151 33
19483 96 38 134 0.432836 28
19484 64 59 123 0.0406504 28
19485 83 39 122 0.360656 29
19486 52 68 120 -0.133333 28
19487 133 27 160 0.6625 29
19488 5 170 175 -0.942857 21
19489 39 101 140 -0.442857 30
19490 109 40 149 0.463087 33
19491 159 42 201 0.58209 33
19492 56 106 162 -0.308642 38
19493 24 118 142 -0.661972 28
19494 158 8 166 0.903614 24
19495 93 74 167 0.113772 28
19496 142 21 163 0.742331 32
19497 48 94 142 -0.323944 31
19498 115 7 122 0.885246 22
19499 14 89 103 -0.728155 25
19500 54 98 152 -0.289474 32
19501 56 91 147 -0.238095 31
19502 37 102 139 -0.467626 31
19503 135 25 160 0.6875 29
19504 132 34 166 0.590361 31
19505 112 21 133 0.684211 27
19506 66 74 140 -0.0571429 32
19507 71 84 155 -0.083871 33
19508 50 95 145 -0.310345 28
19509 53 100 153 -0.30719 25
19510 12 122 134 -0.820896 27
19511 67 31 98 0.367347 28
19512 5 158 163 -0.93865 15
19513 93 63 156 0.192308 35
19514 78 33 111 0.405405 21
19515 102 67 169 0.207101 33
19516 68 40 108 0.259259 27
19517 34 105 139 -0.510791 31
19518 60 92 152 -0.210526 33
19519 140 9 149 0.879195 25
19520 52 93 145 -0.282759 34
19521 91 51 142 0.28169 30
19522 100 57 157 0.273885 32
19523 145 22 167 0.736527 32
19524 113 18 131 0.725191 26
19525 70 46 116 0.206897 34
19526 181 10 191 0.895288 25
19527 15 115 130 -0.769231 24
19528 13 126 139 -0.81295 26
19529 162 10 172 0.883721 25
19530 88 17 105 0.67619 31
19531 95 67 162 0.17284 34
19532 155 16 171 0.812865 31
19533 61 36 97 0.257732 30
19534 82 27 109 0.504587 30
19535 143 39 182 0.571429 30
19536 173 11 184 0.880435 26
19537 72 111 183 -0.213115 33
19538 134 50 184 0.456522 36
19539 17 137 154 -0.779221 29
19540 122 4 126 0.936508 23
19541 81 66 147 0.102041 31
19542 41 109 150 -0.453333 28
19543 9 187 196 -0.908163 20
19544 46 101 147 -0.37415 31
19545 6 171 177 -0.932203 22
19546 62 72 134 -0.0746269 33
19547 17 125 142 -0.760563 27
19548 93 55 148 0.256757 30
19549 77 69 146 0.0547945 31
19550 14 110 124 -0.774194 31
19551 79 43 122 0.295082 25
19552 109 31 140 0.557143 29
19553 54 73 127 -0.149606 34
19554 123 19 142 0.732394 29
19555 53 85 138 -0.231884 28
19556 18 53 71 -0.492958 25
19557 161 14 175 0.84 26
19558 67 84 151 -0.112583 30
19559 112 48 160 0.4 31
19560 92 65 157 0.171975 27
19561 102 43 145 0.406897 31
19562 138 15 153 0.803922 26
19563 107 42 149 0.436242 30
19564 38 95 133 -0.428571 28
19565 137 11 148 0.851351 27
19566 67 100 167 -0.197605 34
19567 78 73 151 0.0331126 35
19568 104 74 178 0.168539 33
19569 29 136 165 -0.648485 30
19570 39 122 161 -0.515528 35
19571 125 23 148 0.689189 29
19572 113 50 163 0.386503 29
19573 15 192 207 -0.855072 26
19574 23 99 122 -0.622951 31
19575 8 115 123 -0.869919 26
19576 128 47 175 0.462857 30
19577 126 50 176 0.431818 28
19578 98 34 132 0.484848 29
19579 31 128 159 -0.610063 34
19580 147 34 181 0.624309 27
19581 26 127 153 -0.660131 32
19582 125 16 141 0.77305 25
19583 103 58 161 0.279503 33
19584 82 91 173 -0.0520231 31
19585 162 19 181 0.790055 29
19586 61 83 144 -0.152778 31
19587 79 22 101 0.564356 20
19588 35 132 167 -0.580838 31
19589 81 43 124 0.306452 29
19590 36 98 134 -0.462687 30
19591 41 72 113 -0.274336 31
19592 74 64 138 0.0724638 31
19593 31 131 162 -0.617284 26
19594 33 82 115 -0.426087 28
19595 128 26 154 0.662338 31
19596 47 136 183 -0.486339 32
19597 17 146 163 -0.791411 28
19598 114 28 142 0.605634 30
19599 146 6 152 0.921053 23
19600 53 83 136 -0.220588 33
19601 153 9 162 0.888889 26
19602 36 127 163 -0.558282 34
19603 5 111 116 -0.913793 17
19604 120 31 151 0.589404 29
19605 127 25 152 0.671053 27
19606 99 27 126 0.571429 28
19607 36 112 148 -0.513514 32
19608 14 174 188 -0.851064 25
19609 39 117 156 -0.5 27
19610 94 21 115 0.634783 29
19611 56 75 131 -0.145038 29
19612 38 133 171 -0.555556 30
19613 27 122 149 -0.637584 31
19614 144 15 159 0.811321 30
19615 25 122 147 -0.659864 32
19616 14 189 203 -0.862069 25
19617 25 41 66 -0.242424 25
19618 81 71 152 0.0657895 25
19619 123 46 169 0.455621 32
19620 88 100 188 -0.0638298 30
19621 85 57 142 0.197183 34
19622 71 63 134 0.0597015 31
19623 234 4 238 0.966387 13
19624 56 51 107 0.046729 28
19625 9 122 131 -0.862595 25
19626 26 95 121 -0.570248 28
19627 18 123 141 -0.744681 31
19628 115 23 138 0.666667 25
19629 95 88 183 0.0382514 22
19630 160 21 181 0.767956 28
19631 79 56 135 0.17037 23
19632 72 81 153 -0.0588235 27
19633 68 85 153 -0.111111 29
19634 132 16 148 0.783784 27
19635 117 30 147 0.591837 23
19636 104 43 147 0.414966 32
19637 119 29 148 0.608108 33
19638 127 18 145 0.751724 26
19639 32 129 161 -0.602484 32
19640 11 157 168 -0.869048 25
19641 46 82 128 -0.28125 26
19642 60 84 144 -0.166667 26
19643 24 126 150 -0.68 27
19644 64 69 133 -0.037594 33
19645 37 97 134 -0.447761 31
19646 133 24 157 0.694268 34
19647 144 34 178 0.617978 25
19648 27 109 136 -0.602941 30
19649 81 63 144 0.125 34
19650 57 105 162 -0.296296 34
19651 96 72 168 0.142857 35
19652 85 36 121 0.404959 30
19653 77 34 111 0.387387 25
19654 11 144 155 -0.858065 25
19655 93 64 157 0.184713 30
19656 63 78 141 -0.106383 28
19657 27 100 127 -0.574803 28
19658 17 119 136 -0.75 27
19659 220 9 229 0.921397 21
19660 63 70 133 -0.0526316 33
19661 137 23 160 0.7125 26
19662 18 158 176 -0.795455 28
19663 35 125 160 -0.5625 26
19664 7 162 169 -0.91716 25
19665 105 72 177 0.186441 30
19666 23 108 131 -0.648855 27
19667 52 124 176 -0.409091 34
19668 83 57 140 0.185714 33
19669 103 47 150 0.373333 30
19670 101 58 159 0.27044 35
19671 10 117 127 -0.84252 23
19672 88 69 157 0.121019 35
19673 111 67 178 0.247191 32
19674 71 38 109 0.302752 31
19675 61 65 126 -0.031746 30
19676 75 71 146 0.0273973 35
19677 82 64 146 0.123288 32
19678 36 114 150 -0.52 30
19679 68 80 148 -0.0810811 33
19680 77 101 178 -0.134831 30
19681 81 77 158 0.0253165 38
19682 96 49 145 0.324138 36
19683 43 109 152 -0.434211 33
19684 10 138 148 -0.864865 28
19685 201 16 217 0.852535 27
19686 74 66 140 0.0571429 29
19687 65 117 182 -0.285714 31
19688 79 50 129 0.224806 30
19689 82 79 161 0.0186335 35
19690 111 51 162 0.37037 31
19691 12 139 151 -0.84106 27
19692 107 28 135 0.585185 28
19693 72 66 138 0.0434783 31
19694 112 26 138 0.623188 28
19695 154 5 159 0.937107 22
19696 109 32 141 0.546099 32
19697 25 58 83 -0.39759 29
19698 132 10 142 0.859155 23
19699 3 137 140 -0.957143 18
19700 140 51 191 0.465969 34
19701 29 110 139 -0.582734 32
19702 128 45 173 0.479769 31
19703 118 36 154 0.532468 35
19704 103 27 130 0.584615 29
19705 56 93 149 -0.248322 33
19706 20 120 140 -0.714286 28
19707 158 14 172 0.837209 26
19708 60 12 72 0.666667 22
19709 10 62 72 -0.722222 23
19710 163 24 187 0.743316 29
19711 97 1 98 0.979592 14
19712 77 40 117 0.316239 33
19713 106 52 158 0.341772 34
19714 16 166 182 -0.824176 30
19715 62 111 173 -0.283237 32
19716 129 22 151 0.708609 27
19717 35 119 154 -0.545455 33
19718 101 53 154 0.311688 29
19719 150 26 176 0.704545 27
19720 15 115 130 -0.769231 27
19721 92 16 108 0.703704 29
19722 21 130 151 -0.721854 32
19723 29 87 116 -0.5 27
19724 78 78 156 0 32
19725 130 44 174 0.494253 31
19726 38 91 129 -0.410853 28
19727 40 92 132 -0.393939 37
19728 4 120 124 -0.935484 22
19729 125 15 140 0.785714 27
19730 128 6 134 0.910448 24
19731 11 144 155 -0.858065 26
19732 46 113 159 -0.421384 33
19733 4 195 199 -0.959799 13
19734 13 160 173 -0.849711 31
19735 163 21 184 0.771739 27
19736 34 158 192 -0.645833 34
19737 28 117 145 -0.613793 25
19738 19 136 155 -0.754839 25
19739 104 44 148 0.405405 31
19740 11 138 149 -0.852349 18
19741 102 32 134 0.522388 30
19742 40 122 162 -0.506173 32
19743 75 80 155 -0.0322581 35
19744 56 72 128 -0.125 28
19745 161 10 171 0.883041 26
19746 187 3 190 0.968421 17
19747 139 22 161 0.726708 32
19748 143 12 155 0.845161 24
19749 135 12 147 0.836735 23
19750 44 98 142 -0.380282 36
19751 98 68 166 0.180723 32
19752 28 94 122 -0.540984 31
19753 80 44 124 0.290323 32
19754 90 36 126 0.428571 28
19755 62 74 136 -0.0882353 28
19756 139 12 151 0.84106 28
19757 51 90 141 -0.276596 32
19758 41 112 153 -0.464052 30
19759 30 111 141 -0.574468 30
19760 96 66 162 0.185185 28
19761 61 101 162 -0.246914 32
19762 41 119 160 -0.4875 24
19763 108 27 135 0.6 27
19764 46 126 172 -0.465116 29
19765 9 106 115 -0.843478 25
19766 97 46 143 0.356643 30
19767 61 116 177 -0.310734 26
19768 55 58 113 -0.0265487 26
19769 127 23 150 0.693333 27
19770 152 22 174 0.747126 27
19771 97 76 173 0.121387 32
19772 34 92 126 -0.460317 32
19773 56 69 125 -0.104 29
19774 18 106 124 -0.709677 30
19775 10 132 142 -0.859155 25
19776 94 47 141 0.333333 29
19777 15 161 176 -0.829545 26
19778 38 89 127 -0.401575 27
19779 19 123 142 -0.732394 30
19780 5 199 204 -0.95098 18
19781 86 67 153 0.124183 30
19782 22 127 149 -0.704698 32
19783 120 31 151 0.589404 31
19784 108 62 170 0.270588 34
19785 67 78 145 -0.0758621 25
19786 75 70 145 0.0344828 34
19787 34 165 199 -0.658291 30
19788 88 43 131 0.343511 31
19789 123 9 132 0.863636 25
19790 164 13 177 0.853107 24
19791 166 13 179 0.854749 27
19792 142 23 165 0.721212 28
19793 96 76 172 0.116279 35
19794 105 53 158 0.329114 30
19795 69 52 121 0.140496 32
19796 70 51 121 0.157025 31
19797 89 59 148 0.202703 27
19798 24 94 118 -0.59322 26
19799 72 119 191 -0.246073 32
19800 1 185 186 -0.989247 16
19801 28 111 139 -0.597122 33
19802 81 65 146 0.109589 33
19803 53 48 101 0.049505 33
19804 112 51 163 0.374233 24
19805 129 65 194 0.329897 35
19806 26 130 156 -0.666667 33
19807 30 149 179 -0.664804 32
19808 3 140 143 -0.958042 22
19809 111 38 149 0.489933 27
19810 105 61 166 0.26506 29
19811 59 105 164 -0.280488 30
19812 145 12 157 0.847134 26
19813 53 68 121 -0.123967 30
19814 39 123 162 -0.518519 31
19815 38 96 134 -0.432836 33
19816 184 14 198 0.858586 24
19817 147 35 182 0.615385 29
19818 20 134 154 -0.74026 29
19819 18 160 178 -0.797753 23
19820 154 6 160 0.925 25
19821 152 56 208 0.461538 37
19822 25 144 169 -0.704142 31
19823 86 60 146 0.178082 27
19824 5 173 178 -0.94382 22
19825 43 31 74 0.162162 28
19826 101 69 170 0.188235 28
19827 57 88 145 -0.213793 32
19828 47 137 184 -0.48913 22
19829 46 64 110 -0.163636 28
19830 36 108 144 -0.5 33
19831 20 113 133 -0.699248 30
19832 10 133 143 -0.86014 26
19833 75 17 92 0.630435 28
19834 102 47 149 0.369128 31
19835 207 8 215 0.925581 21
19836 51 94 145 -0.296552 30
19837 52 69 121 -0.140496 34
19838 17 150 167 -0.796407 28
19839 91 23 114 0.596491 27
19840 81 63 144 0.125 27
19841 141 14 155 0.819355 25
19842 43 148 191 -0.549738 32
19843 126 5 131 0.923664 23
19844 115 40 155 0.483871 37
19845 27 118 145 -0.627586 26
19846 19 166 185 -0.794595 27
19847 113 22 135 0.674074 32
19848 7 161 168 -0.916667 23
19849 59 72 131 -0.0992366 29
19850 83 7 90 0.844444 20
19851 51 130 181 -0.436464 29
19852 197 13 210 0.87619 24
19853 131 16 147 0.782313 25
19854 53 84 137 -0.226277 33
19855 170 8 178 0.910112 26
19856 40 135 175 -0.542857 28
19857 83 31 114 0.45614 31
19858 163 7 170 0.917647 18
19859 37 118 155 -0.522581 28
19860 20 97 117 -0.65812 24
19861 134 14 148 0.810811 24
19862 97 63 160 0.2125 33
19863 13 161 174 -0.850575 28
19864 187 6 193 0.937824 23
19865 29 113 142 -0.591549 26
19866 94 53 147 0.278912 31
19867 73 58 131 0.114504 33
19868 37 92 129 -0.426357 28
19869 23 158 181 -0.745856 29
19870 75 82 157 -0.044586 32
19871 12 160 172 -0.860465 27
19872 55 88 143 -0.230769 30
19873 196 25 221 0.773756 27
19874 82 63 145 0.131034 31
19875 71 71 142 0 28
19876 62 84 146 -0.150685 35
19877 24 103 127 -0.622047 32
19878 163 20 183 0.781421 27
19879 13 143 156 -0.833333 24
19880 60 71 131 -0.0839695 29
19881 100 40 140 0.428571 33
19882 125 21 146 0.712329 29
19883 167 28 195 0.712821 30
19884 29 83 112 -0.482143 29
19885 62 37 99 0.252525 30
19886 150 27 177 0.694915 31
19887 133 25 158 0.683544 25
19888 142 23 165 0.721212 30
19889 131 19 150 0.746667 29
19890 41 94 135 -0.392593 29
19891 91 36 127 0.433071 32
19892 129 42 171 0.508772 33
19893 108 15 123 0.756098 28
19894 203 11 214 0.897196 21
19895 39 103 142 -0.450704 30
19896 121 51 172 0.406977 28
19897 68 96 164 -0.170732 32
19898 25 137 162 -0.691358 32
19899 209 9 218 0.917431 23
19900 198 28 226 0.752212 33
19901 98 79 177 0.107345 34
19902 111 60 171 0.298246 36
19903 34 138 172 -0.604651 23
19904 21 115 136 -0.691176 29
19905 101 39 140 0.442857 32
19906 26 101 127 -0.590551 29
19907 0 151 151 -1 5
19908 7 152 159 -0.91195 23
19909 154 40 194 0.587629 29
19910 116 14 130 0.784615 28
19911 47 84 131 -0.282443 27
19912 95 77 172 0.104651 34
19913 2 196 198 -0.979798 19
19914 121 15 136 0.779412 24
19915 164 10 174 0.885057 28
19916 25 133 158 -0.683544 28
19917 5 145 150 -0.933333 23
19918 71 81 152 -0.0657895 32
19919 15 178 193 -0.84456 28
19920 60 73 133 -0.0977444 35
19921 102 80 182 0.120879 35
19922 23 151 174 -0.735632 28
19923 71 29 100 0.42 26
19924 24 133 157 -0.694268 21
19925 93 67 160 0.1625 32
19926 90 16 106 0.698113 26
19927 17 132 149 -0.771812 24
19928 56 70 126 -0.111111 27
19929 91 33 124 0.467742 29
19930 113 41 154 0.467532 29
19931 112 42 154 0.454545 33
19932 30 102 132 -0.545455 32
19933 20 157 177 -0.774011 25
19934 20 149 169 -0.763314 28
19935 56 114 170 -0.341176 28
19936 70 64 134 0.0447761 32
19937 33 93 126 -0.47619 29
19938 143 15 158 0.810127 27
19939 41 95 136 -0.397059 30
19940 130 64 194 0.340206 34
19941 79 104 183 -0.136612 32
19942 151 38 189 0.597884 33
19943 14 104 118 -0.762712 19
19944 54 83 137 -0.211679 32
19945 56 97 153 -0.267974 36
19946 52 46 98 0.0612245 23
19947 14 133 147 -0.809524 26
19948 84 61 145 0.158621 35
19949 20 94 114 -0.649123 26
19950 93 36 129 0.44186 28
19951 73 84 157 -0.0700637 24
19952 91 43 134 0.358209 29
19953 8 156 164 -0.902439 25
19954 16 137 153 -0.79085 31
19955 65 112 177 -0.265537 35
19956 98 64 162 0.209877 34
19957 114 43 157 0.452229 32
19958 29 122 151 -0.615894 30
19959 9 137 146 -0.876712 24
19960 24 124 148 -0.675676 25
19961 16 144 160 -0.8 21
19962 42 78 120 -0.3 33
19963 74 81 155 -0.0451613 33
19964 135 22 157 0.719745 27
19965 33 102 135 -0.511111 32
19966 86 43 129 0.333333 29
19967 23 129 152 -0.697368 27
19968 39 130 169 -0.538462 25
19969 93 44 137 0.357664 29
19970 38 30 68 0.117647 24
19971 31 98 129 -0.51938 27
19972 57 72 129 -0.116279 33
19973 9 117 126 -0.857143 20
19974 58 64 122 -0.0491803 30
19975 76 83 159 -0.0440252 34
19976 55 73 128 -0.140625 32
19977 53 143 196 -0.459184 32
19978 80 36 116 0.37931 29
19979 72 55 127 0.133858 28
19980 23 126 149 -0.691275 33
19981 53 77 130 -0.184615 32
19982 20 132 152 -0.736842 30
19983 89 24 113 0.575221 31
19984 50 71 121 -0.173554 32
19985 35 84 119 -0.411765 32
19986 54 99 153 -0.294118 33
19987 135 3 138 0.956522 18
19988 133 6 139 0.913669 22
19989 26 111 137 -0.620438 30
19990 70 55 125 0.12 26
19991 16 87 103 -0.68932 27
19992 129 27 156 0.653846 28
19993 54 65 119 -0.092437 29
19994 162 6 168 0.928571 23
19995 43 107 150 -0.426667 32
19996 50 95 145 -0.310345 28
19997 29 84 113 -0.486726 33
19998 36 93 129 -0.44186 27
19999 49 83 132 -0.257576 28
