# event_id  Npe_top  Npe_bottom  Npe_total  asym  N_fired_PMTs
0 14 158 172 -0.837209 26
1 31 151 182 -0.659341 32
2 115 18 133 0.729323 28
3 103 56 159 0.295597 27
4 59 83 142 -0.169014 31
5 56 78 134 -0.164179 36
6 28 151 179 -0.687151 29
7 21 168 189 -0.777778 34
8 81 70 151 0.0728477 33
9 168 43 211 0.592417 32
10 51 64 115 -0.113043 31
11 121 57 178 0.359551 34
12 12 161 173 -0.861272 23
13 64 85 149 -0.14094 32
14 167 27 194 0.721649 30
15 166 21 187 0.775401 31
16 20 111 131 -0.694656 24
17 150 39 189 0.587302 32
18 109 37 146 0.493151 32
19 37 201 238 -0.689076 30
20 117 81 198 0.181818 29
21 64 107 171 -0.251462 31
22 18 168 186 -0.806452 24
23 10 226 236 -0.915254 21
24 15 136 151 -0.801325 27
25 120 21 141 0.702128 27
26 27 171 198 -0.727273 32
27 65 104 169 -0.230769 31
28 74 91 165 -0.10303 34
29 9 232 241 -0.925311 26
30 158 33 191 0.65445 29
31 112 25 137 0.635036 27
32 78 70 148 0.0540541 29
33 15 194 209 -0.856459 27
34 14 125 139 -0.798561 29
35 125 52 177 0.412429 34
36 60 99 159 -0.245283 33
37 66 91 157 -0.159236 37
38 12 185 197 -0.878173 27
39 145 16 161 0.801242 28
40 6 190 196 -0.938776 21
41 67 66 133 0.0075188 30
42 218 9 227 0.920705 21
43 268 11 279 0.921147 24
44 38 139 177 -0.570621 28
45 66 109 175 -0.245714 30
46 159 29 188 0.691489 31
47 57 29 86 0.325581 28
48 219 7 226 0.938053 26
49 122 34 156 0.564103 29
50 57 106 163 -0.300613 32
51 85 94 179 -0.0502793 34
52 165 9 174 0.896552 27
53 151 24 175 0.725714 30
54 81 70 151 0.0728477 31
55 177 33 210 0.685714 35
56 54 83 137 -0.211679 36
57 49 172 221 -0.556561 31
58 109 61 170 0.282353 26
59 4 231 235 -0.965957 18
60 85 87 172 -0.0116279 33
61 118 15 133 0.774436 26
62 126 54 180 0.4 32
63 130 19 149 0.744966 31
64 87 84 171 0.0175439 32
65 38 96 134 -0.432836 31
66 68 107 175 -0.222857 28
67 72 73 145 -0.00689655 31
68 29 100 129 -0.550388 30
69 185 34 219 0.689498 31
70 10 193 203 -0.901478 25
71 106 39 145 0.462069 35
72 155 39 194 0.597938 33
73 49 102 151 -0.350993 33
74 2 71 73 -0.945205 18
75 151 13 164 0.841463 27
76 83 61 144 0.152778 30
77 22 205 227 -0.806167 22
78 30 150 180 -0.666667 31
79 22 175 197 -0.77665 30
80 103 58 161 0.279503 34
81 202 7 209 0.933014 24
82 10 187 197 -0.898477 25
83 87 75 162 0.0740741 25
84 13 160 173 -0.849711 28
85 58 104 162 -0.283951 34
86 17 152 169 -0.798817 28
87 144 30 174 0.655172 21
88 53 110 163 -0.349693 29
89 107 73 180 0.188889 32
90 105 31 136 0.544118 30
91 109 56 165 0.321212 35
92 18 183 201 -0.820896 26
93 108 24 132 0.636364 30
94 64 136 200 -0.36 32
95 33 107 140 -0.528571 26
96 46 74 120 -0.233333 27
97 106 53 159 0.333333 34
98 176 16 192 0.833333 29
99 73 87 160 -0.0875 37
100 41 164 205 -0.6 33
101 123 31 154 0.597403 23
102 14 207 221 -0.873303 25
103 8 181 189 -0.915344 23
104 43 68 111 -0.225225 28
105 8 184 192 -0.916667 23
106 16 167 183 -0.825137 23
107 26 114 140 -0.628571 32
108 33 88 121 -0.454545 29
109 34 136 170 -0.6 34
110 16 144 160 -0.8 25
111 23 84 107 -0.570093 26
112 68 161 229 -0.406114 32
113 46 38 84 0.0952381 25
114 131 43 174 0.505747 30
115 107 26 133 0.609023 24
116 77 69 146 0.0547945 32
117 165 56 221 0.493213 36
118 50 119 169 -0.408284 36
119 94 47 141 0.333333 30
120 46 160 206 -0.553398 35
121 19 161 180 -0.788889 31
122 75 78 153 -0.0196078 33
123 51 115 166 -0.385542 31
124 45 152 197 -0.543147 30
125 43 141 184 -0.532609 35
126 85 21 106 0.603774 20
127 108 88 196 0.102041 27
128 102 78 180 0.133333 37
129 52 95 147 -0.292517 33
130 20 225 245 -0.836735 27
131 21 194 215 -0.804651 29
132 171 33 204 0.676471 33
133 12 141 153 -0.843137 28
134 134 28 162 0.654321 31
135 25 151 176 -0.715909 31
136 73 25 98 0.489796 24
137 126 40 166 0.518072 26
138 46 105 151 -0.390728 31
139 20 112 132 -0.69697 33
140 66 118 184 -0.282609 35
141 40 143 183 -0.562842 28
142 67 94 161 -0.167702 33
143 56 70 126 -0.111111 31
144 93 41 134 0.38806 27
145 58 113 171 -0.321637 34
146 98 36 134 0.462687 34
147 39 146 185 -0.578378 30
148 86 69 155 0.109677 29
149 9 165 174 -0.896552 18
150 135 19 154 0.753247 28
151 144 25 169 0.704142 28
152 120 9 129 0.860465 24
153 189 16 205 0.843902 31
154 198 35 233 0.699571 32
155 113 44 157 0.43949 31
156 211 18 229 0.842795 30
157 142 12 154 0.844156 29
158 19 201 220 -0.827273 25
159 30 179 209 -0.712919 26
160 116 70 186 0.247312 35
161 192 21 213 0.802817 28
162 78 92 170 -0.0823529 33
163 162 44 206 0.572816 34
164 88 92 180 -0.0222222 35
165 114 24 138 0.652174 22
166 48 127 175 -0.451429 33
167 51 117 168 -0.392857 33
168 74 4 78 0.897436 17
169 111 45 156 0.423077 31
170 127 81 208 0.221154 30
171 109 55 164 0.329268 29
172 163 21 184 0.771739 31
173 51 77 128 -0.203125 25
174 117 30 147 0.591837 30
175 11 203 214 -0.897196 28
176 76 83 159 -0.0440252 25
177 111 85 196 0.132653 33
178 136 21 157 0.732484 24
179 4 208 212 -0.962264 20
180 20 121 141 -0.716312 28
181 96 95 191 0.0052356 35
182 60 104 164 -0.268293 29
183 160 23 183 0.748634 30
184 81 57 138 0.173913 31
185 13 230 243 -0.893004 24
186 111 74 185 0.2 34
187 177 8 185 0.913514 25
188 40 134 174 -0.54023 30
189 10 191 201 -0.900498 22
190 81 76 157 0.0318471 30
191 8 199 207 -0.922705 25
192 118 24 142 0.661972 28
193 76 90 166 -0.0843373 30
194 27 186 213 -0.746479 28
195 92 67 159 0.157233 26
196 23 127 150 -0.693333 29
197 59 120 179 -0.340782 32
198 175 18 193 0.813472 25
199 16 152 168 -0.809524 30
200 148 10 158 0.873418 25
201 43 124 167 -0.48503 34
202 169 26 195 0.733333 29
203 45 150 195 -0.538462 33
204 93 83 176 0.0568182 34
205 81 125 206 -0.213592 30
206 9 176 185 -0.902703 21
207 131 40 171 0.532164 27
208 43 82 125 -0.312 28
209 137 49 186 0.473118 35
210 112 32 144 0.555556 33
211 12 143 155 -0.845161 26
212 22 113 135 -0.674074 29
213 233 13 246 0.894309 24
214 151 34 185 0.632432 32
215 20 140 160 -0.75 28
216 96 86 182 0.0549451 30
217 104 98 202 0.029703 33
218 30 132 162 -0.62963 28
219 36 102 138 -0.478261 29
220 19 179 198 -0.808081 32
221 140 36 176 0.590909 26
222 49 111 160 -0.3875 29
223 110 57 167 0.317365 33
224 130 26 156 0.666667 31
225 19 178 197 -0.807107 29
226 42 123 165 -0.490909 34
227 80 95 175 -0.0857143 29
228 203 20 223 0.820628 28
229 102 97 199 0.0251256 34
230 111 3 114 0.947368 21
231 19 207 226 -0.831858 29
232 54 111 165 -0.345455 27
233 98 75 173 0.132948 31
234 102 54 156 0.307692 35
235 208 13 221 0.882353 24
236 11 194 205 -0.892683 22
237 101 37 138 0.463768 26
238 136 60 196 0.387755 36
239 10 176 186 -0.892473 26
240 63 89 152 -0.171053 32
241 10 176 186 -0.892473 24
242 137 64 201 0.363184 31
243 14 185 199 -0.859296 23
244 54 119 173 -0.375723 33
245 75 82 157 -0.044586 31
246 37 169 206 -0.640777 33
247 166 42 208 0.596154 35
248 158 17 175 0.805714 28
249 93 36 129 0.44186 22
250 59 95 154 -0.233766 32
251 11 182 193 -0.88601 26
252 119 54 173 0.375723 32
253 123 39 162 0.518519 32
254 168 21 189 0.777778 27
255 54 121 175 -0.382857 31
256 101 68 169 0.195266 34
257 50 127 177 -0.435028 34
258 143 23 166 0.722892 29
259 157 14 171 0.836257 26
260 53 123 176 -0.397727 35
261 60 130 190 -0.368421 31
262 26 156 182 -0.714286 31
263 64 43 107 0.196262 34
264 158 36 194 0.628866 27
265 24 127 151 -0.682119 28
266 96 79 175 0.0971429 37
267 114 58 172 0.325581 29
268 18 145 163 -0.779141 29
269 107 47 154 0.38961 28
270 99 43 142 0.394366 29
271 14 129 143 -0.804196 24
272 107 51 158 0.35443 25
273 77 106 183 -0.15847 31
274 137 26 163 0.680982 28
275 62 113 175 -0.291429 32
276 161 9 170 0.894118 25
277 45 107 152 -0.407895 32
278 199 11 210 0.895238 25
279 205 15 220 0.863636 27
280 59 131 190 -0.378947 36
281 106 33 139 0.52518 33
282 124 56 180 0.377778 34
283 114 26 140 0.628571 29
284 38 112 150 -0.493333 31
285 50 78 128 -0.21875 28
286 9 164 173 -0.895954 27
287 77 46 123 0.252033 32
288 119 57 176 0.352273 34
289 52 103 155 -0.329032 30
290 120 10 130 0.846154 24
291 150 57 207 0.449275 33
292 26 164 190 -0.726316 28
293 108 48 156 0.384615 30
294 36 150 186 -0.612903 30
295 35 62 97 -0.278351 23
296 14 162 176 -0.840909 27
297 11 158 169 -0.869822 27
298 169 18 187 0.807487 27
299 145 31 176 0.647727 32
300 38 151 189 -0.597884 34
301 42 84 126 -0.333333 28
302 129 64 193 0.336788 32
303 15 157 172 -0.825581 28
304 57 105 162 -0.296296 32
305 179 21 200 0.79 27
306 100 66 166 0.204819 34
307 129 40 169 0.526627 34
308 102 23 125 0.632 26
309 202 24 226 0.787611 25
310 40 130 170 -0.529412 28
311 134 58 192 0.395833 32
312 60 113 173 -0.306358 30
313 67 19 86 0.55814 25
314 127 57 184 0.380435 30
315 15 198 213 -0.859155 29
316 71 112 183 -0.224044 35
317 93 31 124 0.5 33
318 55 99 154 -0.285714 29
319 191 29 220 0.736364 32
320 173 6 179 0.932961 24
321 68 105 173 -0.213873 29
322 111 61 172 0.290698 31
323 105 106 211 -0.00473934 30
324 43 201 244 -0.647541 29
325 76 82 158 -0.0379747 33
326 10 233 243 -0.917695 22
327 4 177 181 -0.955801 22
328 114 101 215 0.0604651 33
329 98 97 195 0.00512821 34
330 47 108 155 -0.393548 28
331 25 173 198 -0.747475 30
332 218 7 225 0.937778 22
333 7 175 182 -0.923077 23
334 27 170 197 -0.725888 31
335 143 45 188 0.521277 28
336 114 48 162 0.407407 31
337 38 154 192 -0.604167 32
338 110 14 124 0.774194 29
339 39 79 118 -0.338983 24
340 64 110 174 -0.264368 34
341 13 156 169 -0.846154 30
342 152 10 162 0.876543 24
343 131 31 162 0.617284 30
344 114 21 135 0.688889 31
345 190 3 193 0.968912 19
346 87 91 178 -0.0224719 28
347 125 56 181 0.381215 31
348 127 57 184 0.380435 32
349 80 83 163 -0.0184049 35
350 91 95 186 -0.0215054 32
351 224 11 235 0.906383 20
352 29 155 184 -0.684783 31
353 19 165 184 -0.793478 30
354 16 222 238 -0.865546 30
355 47 87 134 -0.298507 35
356 20 115 135 -0.703704 30
357 123 60 183 0.344262 35
358 13 157 170 -0.847059 25
359 44 113 157 -0.43949 33
360 21 130 151 -0.721854 33
361 6 165 171 -0.929825 25
362 112 30 142 0.577465 31
363 161 10 171 0.883041 27
364 163 7 170 0.917647 23
365 18 153 171 -0.789474 30
366 95 87 182 0.043956 33
367 14 153 167 -0.832335 30
368 46 112 158 -0.417722 37
369 72 108 180 -0.2 33
370 41 136 177 -0.536723 32
371 17 4 21 0.619048 15
372 4 129 133 -0.93985 21
373 11 203 214 -0.897196 27
374 131 56 187 0.40107 35
375 172 49 221 0.556561 34
376 51 72 123 -0.170732 36
377 104 36 140 0.485714 31
378 33 91 124 -0.467742 30
379 171 14 185 0.848649 27
380 9 199 208 -0.913462 25
381 14 188 202 -0.861386 21
382 65 84 149 -0.127517 25
383 83 101 184 -0.0978261 34
384 10 180 190 -0.894737 24
385 95 69 164 0.158537 29
386 195 17 212 0.839623 27
387 105 55 160 0.3125 33
388 141 33 174 0.62069 27
389 63 124 187 -0.326203 30
390 133 5 138 0.927536 23
391 139 12 151 0.84106 25
392 79 63 142 0.112676 32
393 33 139 172 -0.616279 27
394 98 75 173 0.132948 27
395 2 226 228 -0.982456 16
396 81 63 144 0.125 27
397 38 138 176 -0.568182 33
398 119 69 188 0.265957 30
399 30 139 169 -0.64497 31
400 140 53 193 0.450777 31
401 71 91 162 -0.123457 32
402 39 137 176 -0.556818 27
403 13 145 158 -0.835443 24
404 58 86 144 -0.194444 34
405 151 26 177 0.706215 27
406 50 130 180 -0.444444 29
407 156 15 171 0.824561 27
408 41 116 157 -0.477707 29
409 105 64 169 0.242604 29
410 66 119 185 -0.286486 31
411 67 99 166 -0.192771 34
412 78 79 157 -0.00636943 33
413 39 161 200 -0.61 27
414 105 42 147 0.428571 33
415 138 53 191 0.445026 27
416 31 124 155 -0.6 25
417 202 12 214 0.88785 20
418 168 6 174 0.931034 22
419 171 16 187 0.828877 28
420 122 53 175 0.394286 25
421 190 10 200 0.9 21
422 15 224 239 -0.874477 21
423 44 10 54 0.62963 21
424 70 55 125 0.12 30
425 86 97 183 -0.0601093 30
426 146 29 175 0.668571 27
427 102 46 148 0.378378 33
428 171 21 192 0.78125 28
429 108 67 175 0.234286 27
430 0 80 80 -1 8
431 36 115 151 -0.523179 28
432 110 34 144 0.527778 30
433 115 41 156 0.474359 31
434 36 99 135 -0.466667 28
435 105 48 153 0.372549 29
436 23 148 171 -0.730994 27
437 44 134 178 -0.505618 35
438 7 224 231 -0.939394 19
439 80 84 164 -0.0243902 32
440 84 24 108 0.555556 28
441 162 6 168 0.928571 25
442 77 33 110 0.4 30
443 43 107 150 -0.426667 33
444 92 59 151 0.218543 33
445 193 11 204 0.892157 25
446 119 49 168 0.416667 32
447 18 113 131 -0.725191 26
448 175 15 190 0.842105 27
449 65 86 151 -0.139073 31
450 33 101 134 -0.507463 32
451 22 165 187 -0.764706 25
452 139 41 180 0.544444 33
453 105 62 167 0.257485 27
454 101 87 188 0.0744681 34
455 8 148 156 -0.897436 25
456 15 129 144 -0.791667 26
457 43 46 89 -0.0337079 28
458 42 115 157 -0.464968 28
459 58 93 151 -0.231788 30
460 143 10 153 0.869281 25
461 64 27 91 0.406593 24
462 118 38 156 0.512821 31
463 47 112 159 -0.408805 31
464 205 13 218 0.880734 22
465 136 43 179 0.519553 32
466 210 12 222 0.891892 28
467 214 19 233 0.83691 27
468 74 47 121 0.22314 32
469 13 156 169 -0.846154 27
470 60 138 198 -0.393939 36
471 98 52 150 0.306667 30
472 95 80 175 0.0857143 34
473 22 135 157 -0.719745 31
474 32 19 51 0.254902 17
475 61 88 149 -0.181208 29
476 76 88 164 -0.0731707 35
477 70 5 75 0.866667 14
478 7 111 118 -0.881356 19
479 8 154 162 -0.901235 23
480 97 51 148 0.310811 26
481 167 14 181 0.845304 22
482 60 89 149 -0.194631 30
483 22 62 84 -0.47619 30
484 181 10 191 0.895288 26
485 126 56 182 0.384615 32
486 118 62 180 0.311111 29
487 72 97 169 -0.147929 34
488 145 31 176 0.647727 29
489 38 97 135 -0.437037 30
490 136 23 159 0.710692 28
491 128 45 173 0.479769 28
492 25 110 135 -0.62963 29
493 194 4 198 0.959596 22
494 15 166 181 -0.834254 29
495 228 0 228 1 13
496 33 145 178 -0.629213 30
497 67 106 173 -0.225434 29
498 127 51 178 0.426966 33
499 57 107 164 -0.304878 31
500 149 22 171 0.74269 32
501 27 169 196 -0.72449 31
502 42 94 136 -0.382353 36
503 106 40 146 0.452055 28
504 151 27 178 0.696629 30
505 59 156 215 -0.451163 36
506 16 138 154 -0.792208 28
507 151 39 190 0.589474 29
508 27 124 151 -0.642384 31
509 27 169 196 -0.72449 33
510 33 138 171 -0.614035 28
511 29 143 172 -0.662791 32
512 4 152 156 -0.948718 15
513 23 180 203 -0.773399 27
514 103 43 146 0.410959 31
515 59 32 91 0.296703 30
516 176 24 200 0.76 30
517 174 25 199 0.748744 31
518 132 35 167 0.580838 28
519 187 15 202 0.851485 28
520 24 127 151 -0.682119 29
521 38 95 133 -0.428571 29
522 245 10 255 0.921569 23
523 85 26 111 0.531532 34
524 167 29 196 0.704082 30
525 147 8 155 0.896774 26
526 49 149 198 -0.505051 29
527 155 23 178 0.741573 29
528 121 46 167 0.449102 30
529 94 44 138 0.362319 30
530 62 106 168 -0.261905 33
531 96 124 220 -0.127273 34
532 17 168 185 -0.816216 31
533 131 30 161 0.627329 28
534 14 199 213 -0.868545 28
535 153 4 157 0.949045 22
536 18 104 122 -0.704918 26
537 79 88 167 -0.0538922 33
538 68 108 176 -0.227273 31
539 4 231 235 -0.965957 22
540 151 26 177 0.706215 25
541 65 103 168 -0.22619 34
542 101 41 142 0.422535 32
543 195 7 202 0.930693 20
544 30 123 153 -0.607843 31
545 102 54 156 0.307692 28
546 16 197 213 -0.849765 30
547 106 54 160 0.325 35
548 172 36 208 0.653846 29
549 204 19 223 0.829596 20
550 52 74 126 -0.174603 33
551 160 11 171 0.871345 24
552 134 20 154 0.74026 28
553 97 62 159 0.220126 28
554 17 134 151 -0.774834 28
555 106 71 177 0.19774 32
556 10 115 125 -0.84 23
557 58 110 168 -0.309524 31
558 7 38 45 -0.688889 14
559 121 60 181 0.337017 36
560 27 105 132 -0.590909 29
561 96 55 151 0.271523 33
562 84 51 135 0.244444 31
563 112 78 190 0.178947 33
564 173 18 191 0.811518 30
565 98 60 158 0.240506 31
566 33 96 129 -0.488372 29
567 25 128 153 -0.673203 29
568 74 43 117 0.264957 23
569 179 13 192 0.864583 28
570 86 119 205 -0.160976 32
571 18 205 223 -0.838565 28
572 24 110 134 -0.641791 29
573 126 13 139 0.81295 28
574 150 0 150 1 2
575 10 168 178 -0.88764 25
576 189 11 200 0.89 18
577 47 20 67 0.402985 24
578 35 145 180 -0.611111 32
579 20 158 178 -0.775281 27
580 26 184 210 -0.752381 31
581 123 47 170 0.447059 28
582 88 85 173 0.017341 29
583 63 105 168 -0.25 28
584 167 16 183 0.825137 29
585 36 105 141 -0.489362 29
586 195 34 229 0.703057 34
587 58 77 135 -0.140741 28
588 254 9 263 0.931559 26
589 13 152 165 -0.842424 26
590 188 3 191 0.968586 21
591 59 76 135 -0.125926 30
592 115 74 189 0.216931 36
593 23 119 142 -0.676056 24
594 10 130 140 -0.857143 26
595 46 143 189 -0.513228 33
596 67 106 173 -0.225434 34
597 38 134 172 -0.55814 30
598 125 34 159 0.572327 27
599 199 15 214 0.859813 28
600 136 28 164 0.658537 30
601 44 115 159 -0.446541 22
602 37 96 133 -0.443609 27
603 49 113 162 -0.395062 31
604 18 222 240 -0.85 26
605 66 91 157 -0.159236 32
606 21 166 187 -0.775401 31
607 167 16 183 0.825137 23
608 22 175 197 -0.77665 30
609 41 120 161 -0.490683 33
610 117 60 177 0.322034 31
611 38 111 149 -0.489933 25
612 131 32 163 0.607362 29
613 118 26 144 0.638889 33
614 40 150 190 -0.578947 34
615 121 18 139 0.741007 27
616 53 107 160 -0.3375 34
617 52 99 151 -0.311258 30
618 38 98 136 -0.441176 28
619 31 108 139 -0.553957 23
620 230 13 243 0.893004 23
621 65 100 165 -0.212121 32
622 156 58 214 0.457944 33
623 109 29 138 0.57971 31
624 74 63 137 0.080292 29
625 64 102 166 -0.228916 33
626 18 186 204 -0.823529 27
627 92 103 195 -0.0564103 31
628 151 37 188 0.606383 33
629 179 15 194 0.845361 24
630 189 29 218 0.733945 31
631 5 259 264 -0.962121 21
632 77 145 222 -0.306306 35
633 113 40 153 0.477124 32
634 120 52 172 0.395349 32
635 10 148 158 -0.873418 25
636 137 47 184 0.48913 30
637 44 144 188 -0.531915 27
638 5 206 211 -0.952607 15
639 93 69 162 0.148148 32
640 78 101 179 -0.128492 32
641 89 101 190 -0.0631579 30
642 13 198 211 -0.876777 23
643 94 49 143 0.314685 32
644 116 17 133 0.744361 28
645 64 100 164 -0.219512 33
646 38 117 155 -0.509677 33
647 248 7 255 0.945098 23
648 27 116 143 -0.622378 28
649 44 96 140 -0.371429 34
650 79 73 152 0.0394737 34
651 188 18 206 0.825243 29
652 16 152 168 -0.809524 24
653 113 26 139 0.625899 32
654 130 55 185 0.405405 33
655 104 72 176 0.181818 31
656 22 154 176 -0.75 27
657 66 93 159 -0.169811 34
658 21 165 186 -0.774194 32
659 65 50 115 0.130435 28
660 141 36 177 0.59322 31
661 74 93 167 -0.113772 35
662 40 91 131 -0.389313 30
663 16 188 204 -0.843137 24
664 129 65 194 0.329897 27
665 27 102 129 -0.581395 28
666 91 72 163 0.116564 32
667 131 91 222 0.18018 34
668 146 33 179 0.631285 33
669 192 13 205 0.873171 25
670 58 112 170 -0.317647 32
671 160 30 190 0.684211 30
672 2 74 76 -0.947368 21
673 71 123 194 -0.268041 35
674 28 153 181 -0.690608 34
675 174 14 188 0.851064 25
676 179 18 197 0.817259 30
677 47 114 161 -0.416149 31
678 114 23 137 0.664234 30
679 97 45 142 0.366197 27
680 190 21 211 0.800948 26
681 170 16 186 0.827957 31
682 210 11 221 0.900452 23
683 122 75 197 0.238579 33
684 188 17 205 0.834146 28
685 142 35 177 0.60452 28
686 82 77 159 0.0314465 28
687 36 139 175 -0.588571 30
688 44 139 183 -0.519126 32
689 8 153 161 -0.900621 24
690 102 88 190 0.0736842 35
691 178 16 194 0.835052 29
692 114 23 137 0.664234 30
693 53 107 160 -0.3375 27
694 105 86 191 0.0994764 28
695 59 112 171 -0.309942 29
696 124 52 176 0.409091 33
697 52 111 163 -0.361963 27
698 6 221 227 -0.947137 20
699 45 81 126 -0.285714 26
700 10 131 141 -0.858156 23
701 39 133 172 -0.546512 34
702 152 43 195 0.558974 33
703 27 156 183 -0.704918 31
704 10 212 222 -0.90991 26
705 151 59 210 0.438095 28
706 46 92 138 -0.333333 29
707 33 178 211 -0.687204 31
708 197 9 206 0.912621 27
709 76 66 142 0.0704225 31
710 159 5 164 0.939024 19
711 112 7 119 0.882353 25
712 130 31 161 0.614907 32
713 168 19 187 0.796791 26
714 124 65 189 0.312169 31
715 64 99 163 -0.214724 33
716 131 7 138 0.898551 20
717 41 155 196 -0.581633 29
718 105 48 153 0.372549 32
719 31 35 66 -0.0606061 26
720 36 106 142 -0.492958 34
721 58 103 161 -0.279503 28
722 109 27 136 0.602941 24
723 105 42 147 0.428571 30
724 171 23 194 0.762887 28
725 113 83 196 0.153061 26
726 11 154 165 -0.866667 15
727 133 24 157 0.694268 32
728 31 154 185 -0.664865 29
729 81 57 138 0.173913 28
730 84 78 162 0.037037 32
731 10 106 116 -0.827586 24
732 29 137 166 -0.650602 29
733 41 115 156 -0.474359 31
734 77 85 162 -0.0493827 29
735 150 14 164 0.829268 29
736 72 109 181 -0.20442 33
737 6 131 137 -0.912409 24
738 155 40 195 0.589744 30
739 120 42 162 0.481481 34
740 76 81 157 -0.0318471 32
741 81 81 162 0 36
742 16 137 153 -0.79085 26
743 16 148 164 -0.804878 30
744 99 72 171 0.157895 30
745 73 44 117 0.247863 28
746 154 27 181 0.701657 34
747 88 58 146 0.205479 35
748 245 8 253 0.936759 21
749 40 120 160 -0.5 32
750 61 76 137 -0.109489 29
751 66 87 153 -0.137255 32
752 38 162 200 -0.62 31
753 98 51 149 0.315436 36
754 43 81 124 -0.306452 27
755 58 81 139 -0.165468 31
756 67 53 120 0.116667 36
757 118 91 209 0.129187 34
758 174 18 192 0.8125 28
759 120 7 127 0.889764 26
760 45 107 152 -0.407895 24
761 246 2 248 0.983871 16
762 29 125 154 -0.623377 28
763 116 35 151 0.536424 30
764 130 27 157 0.656051 30
765 84 113 197 -0.147208 35
766 19 100 119 -0.680672 30
767 6 114 120 -0.9 25
768 150 11 161 0.863354 21
769 59 93 152 -0.223684 31
770 56 92 148 -0.243243 34
771 6 194 200 -0.94 21
772 147 21 168 0.75 32
773 57 120 177 -0.355932 28
774 81 63 144 0.125 29
775 6 64 70 -0.828571 19
776 80 53 133 0.203008 36
777 114 46 160 0.425 32
778 115 3 118 0.949153 19
779 49 84 133 -0.263158 34
780 8 173 181 -0.911602 26
781 196 7 203 0.931034 18
782 131 58 189 0.386243 36
783 47 104 151 -0.377483 29
784 114 26 140 0.628571 29
785 52 137 189 -0.449735 28
786 23 120 143 -0.678322 31
787 123 45 168 0.464286 30
788 112 14 126 0.777778 25
789 137 41 178 0.539326 33
790 105 64 169 0.242604 33
791 116 51 167 0.389222 32
792 167 34 201 0.661692 31
793 30 94 124 -0.516129 27
794 125 19 144 0.736111 29
795 197 14 211 0.867299 20
796 71 93 164 -0.134146 29
797 8 71 79 -0.797468 24
798 104 74 178 0.168539 33
799 96 75 171 0.122807 25
800 97 18 115 0.686957 29
801 65 86 151 -0.139073 29
802 46 119 165 -0.442424 35
803 83 50 133 0.24812 33
804 42 119 161 -0.478261 29
805 134 44 178 0.505618 33
806 132 38 170 0.552941 34
807 21 126 147 -0.714286 29
808 97 47 144 0.347222 26
809 84 49 133 0.263158 24
810 16 201 217 -0.852535 25
811 147 17 164 0.792683 27
812 150 7 157 0.910828 21
813 179 5 184 0.945652 23
814 160 32 192 0.666667 32
815 203 7 210 0.933333 25
816 101 58 159 0.27044 32
817 21 181 202 -0.792079 28
818 41 110 151 -0.456954 28
819 14 121 135 -0.792593 27
820 69 119 188 -0.265957 33
821 19 204 223 -0.829596 18
822 129 47 176 0.465909 30
823 50 99 149 -0.328859 34
824 18 112 130 -0.723077 31
825 170 9 179 0.899441 26
826 102 88 190 0.0736842 33
827 182 30 212 0.716981 28
828 29 134 163 -0.644172 30
829 80 42 122 0.311475 32
830 70 92 162 -0.135802 33
831 3 199 202 -0.970297 16
832 124 53 177 0.40113 34
833 5 212 217 -0.953917 23
834 20 155 175 -0.771429 21
835 183 21 204 0.794118 24
836 50 111 161 -0.378882 32
837 154 28 182 0.692308 30
838 118 14 132 0.787879 27
839 32 137 169 -0.621302 30
840 10 191 201 -0.900498 25
841 91 33 124 0.467742 30
842 74 68 142 0.0422535 32
843 99 29 128 0.546875 31
844 18 185 203 -0.82266 30
845 67 89 156 -0.141026 33
846 113 24 137 0.649635 33
847 124 38 162 0.530864 30
848 218 34 252 0.730159 28
849 98 45 143 0.370629 30
850 161 40 201 0.60199 30
851 131 36 167 0.568862 35
852 95 57 152 0.25 32
853 29 204 233 -0.751073 28
854 131 59 190 0.378947 35
855 12 192 204 -0.882353 21
856 30 155 185 -0.675676 24
857 174 23 197 0.766497 27
858 14 10 24 0.166667 16
859 25 159 184 -0.728261 25
860 109 30 139 0.568345 32
861 98 38 136 0.441176 31
862 44 162 206 -0.572816 27
863 125 17 142 0.760563 29
864 152 36 188 0.617021 31
865 185 21 206 0.796117 27
866 54 96 150 -0.28 34
867 79 86 165 -0.0424242 30
868 148 35 183 0.617486 31
869 39 122 161 -0.515528 30
870 71 80 151 -0.0596026 29
871 38 72 110 -0.309091 31
872 65 99 164 -0.207317 33
873 28 209 237 -0.763713 32
874 191 30 221 0.728507 24
875 82 94 176 -0.0681818 34
876 5 123 128 -0.921875 21
877 197 14 211 0.867299 28
878 130 33 163 0.595092 23
879 154 26 180 0.711111 31
880 57 165 222 -0.486486 25
881 150 36 186 0.612903 29
882 162 45 207 0.565217 31
883 89 100 189 -0.0582011 31
884 34 140 174 -0.609195 30
885 28 0 28 1 9
886 122 20 142 0.71831 31
887 117 50 167 0.401198 36
888 97 43 140 0.385714 28
889 7 170 177 -0.920904 18
890 61 80 141 -0.134752 31
891 75 71 146 0.0273973 32
892 93 38 131 0.419847 33
893 138 31 169 0.633136 29
894 90 59 149 0.208054 33
895 79 143 222 -0.288288 33
896 65 85 150 -0.133333 32
897 67 89 156 -0.141026 28
898 176 6 182 0.934066 23
899 35 116 151 -0.536424 31
900 41 124 165 -0.50303 28
901 141 43 184 0.532609 28
902 182 13 195 0.866667 25
903 72 83 155 -0.0709677 25
904 17 136 153 -0.777778 29
905 71 91 162 -0.123457 27
906 46 95 141 -0.347518 28
907 201 7 208 0.932692 18
908 127 37 164 0.54878 30
909 81 94 175 -0.0742857 35
910 128 68 196 0.306122 36
911 107 54 161 0.329193 30
912 123 36 159 0.54717 28
913 41 121 162 -0.493827 35
914 101 65 166 0.216867 34
915 94 45 139 0.352518 28
916 94 53 147 0.278912 36
917 61 90 151 -0.192053 24
918 122 21 143 0.706294 28
919 58 126 184 -0.369565 33
920 189 8 197 0.918782 25
921 39 141 180 -0.566667 28
922 24 189 213 -0.774648 26
923 149 23 172 0.732558 30
924 10 127 137 -0.854015 27
925 147 46 193 0.523316 31
926 33 135 168 -0.607143 32
927 131 57 188 0.393617 33
928 28 121 149 -0.624161 32
929 90 76 166 0.0843373 34
930 50 93 143 -0.300699 34
931 159 41 200 0.59 25
932 49 131 180 -0.455556 33
933 164 13 177 0.853107 25
934 127 36 163 0.558282 33
935 111 23 134 0.656716 27
936 53 91 144 -0.263889 33
937 90 30 120 0.5 31
938 18 139 157 -0.770701 30
939 13 175 188 -0.861702 23
940 105 70 175 0.2 32
941 149 28 177 0.683616 33
942 110 56 166 0.325301 34
943 54 30 84 0.285714 24
944 68 59 127 0.0708661 29
945 116 19 135 0.718519 29
946 39 113 152 -0.486842 30
947 205 16 221 0.855204 24
948 190 7 197 0.928934 21
949 21 161 182 -0.769231 31
950 12 175 187 -0.871658 24
951 203 6 209 0.942584 21
952 25 172 197 -0.746193 31
953 102 53 155 0.316129 31
954 68 96 164 -0.170732 37
955 20 172 192 -0.791667 26
956 61 128 189 -0.354497 31
957 215 5 220 0.954545 23
958 149 20 169 0.763314 27
959 130 77 207 0.256039 35
960 184 8 192 0.916667 24
961 84 107 191 -0.120419 31
962 35 111 146 -0.520548 32
963 123 39 162 0.518519 28
964 134 32 166 0.614458 26
965 137 7 144 0.902778 24
966 67 100 167 -0.197605 33
967 63 107 170 -0.258824 25
968 9 232 241 -0.925311 22
969 59 93 152 -0.223684 29
970 173 13 186 0.860215 22
971 101 79 180 0.122222 34
972 133 29 162 0.641975 30
973 132 40 172 0.534884 31
974 159 33 192 0.65625 33
975 56 131 187 -0.40107 29
976 59 104 163 -0.276074 28
977 128 62 190 0.347368 34
978 74 98 172 -0.139535 31
979 112 68 180 0.244444 27
980 52 109 161 -0.354037 32
981 110 54 164 0.341463 35
982 70 86 156 -0.102564 32
983 66 157 223 -0.408072 33
984 74 57 131 0.129771 32
985 50 114 164 -0.390244 33
986 52 111 163 -0.361963 34
987 99 68 167 0.185629 30
988 45 154 199 -0.547739 37
989 44 87 131 -0.328244 29
990 62 72 134 -0.0746269 32
991 89 65 154 0.155844 33
992 63 84 147 -0.142857 28
993 187 15 202 0.851485 28
994 23 141 164 -0.719512 28
995 115 28 143 0.608392 26
996 152 16 168 0.809524 27
997 98 76 174 0.126437 37
998 163 5 168 0.940476 21
999 46 119 165 -0.442424 34
1000 152 17 169 0.798817 28
1001 43 124 167 -0.48503 30
1002 62 58 120 0.0333333 27
1003 148 33 181 0.635359 31
1004 73 67 140 0.0428571 24
1005 13 189 202 -0.871287 29
1006 31 161 192 -0.677083 33
1007 160 10 170 0.882353 22
1008 47 111 158 -0.405063 32
1009 13 203 216 -0.87963 27
1010 100 64 164 0.219512 26
1011 35 145 180 -0.611111 33
1012 137 67 204 0.343137 37
1013 60 103 163 -0.263804 32
1014 130 31 161 0.614907 33
1015 64 69 133 -0.037594 33
1016 70 80 150 -0.0666667 36
1017 25 121 146 -0.657534 31
1018 23 137 160 -0.7125 23
1019 21 161 182 -0.769231 29
1020 52 134 186 -0.44086 34
1021 35 122 157 -0.55414 29
1022 26 85 111 -0.531532 24
1023 86 40 126 0.365079 30
1024 120 95 215 0.116279 32
1025 146 3 149 0.959732 22
1026 33 132 165 -0.6 34
1027 53 99 152 -0.302632 33
1028 14 149 163 -0.828221 27
1029 21 187 208 -0.798077 27
1030 26 83 109 -0.522936 28
1031 20 166 186 -0.784946 25
1032 133 9 142 0.873239 26
1033 41 78 119 -0.310924 26
1034 200 17 217 0.843318 28
1035 99 66 165 0.2 33
1036 139 39 178 0.561798 28
1037 38 42 80 -0.05 30
1038 12 174 186 -0.870968 25
1039 48 56 104 -0.0769231 30
1040 149 11 160 0.8625 22
1041 96 51 147 0.306122 32
1042 25 100 125 -0.6 27
1043 81 78 159 0.0188679 30
1044 63 112 175 -0.28 31
1045 201 24 225 0.786667 26
1046 167 6 173 0.930636 21
1047 5 153 158 -0.936709 23
1048 129 19 148 0.743243 30
1049 11 146 157 -0.859873 24
1050 19 200 219 -0.826484 28
1051 161 21 182 0.769231 26
1052 27 148 175 -0.691429 25
1053 13 138 151 -0.827815 25
1054 186 6 192 0.9375 21
1055 97 76 173 0.121387 32
1056 118 80 198 0.191919 35
1057 93 77 170 0.0941176 32
1058 33 181 214 -0.691589 32
1059 82 66 148 0.108108 36
1060 184 20 204 0.803922 28
1061 37 144 181 -0.59116 33
1062 126 29 155 0.625806 31
1063 16 160 176 -0.818182 29
1064 80 91 171 -0.0643275 33
1065 83 66 149 0.114094 32
1066 77 62 139 0.107914 28
1067 173 8 181 0.911602 24
1068 45 45 90 0 27
1069 81 85 166 -0.0240964 32
1070 48 128 176 -0.454545 35
1071 23 182 205 -0.77561 29
1072 68 110 178 -0.235955 32
1073 42 156 198 -0.575758 30
1074 105 46 151 0.390728 33
1075 143 15 158 0.810127 27
1076 109 59 168 0.297619 30
1077 152 15 167 0.820359 23
1078 134 62 196 0.367347 34
1079 210 9 219 0.917808 25
1080 76 70 146 0.0410959 31
1081 36 185 221 -0.674208 30
1082 166 7 173 0.919075 24
1083 93 51 144 0.291667 30
1084 33 93 126 -0.47619 30
1085 215 1 216 0.990741 15
1086 54 108 162 -0.333333 36
1087 112 64 176 0.272727 31
1088 181 17 198 0.828283 29
1089 13 156 169 -0.846154 28
1090 53 135 188 -0.43617 31
1091 130 27 157 0.656051 32
1092 120 27 147 0.632653 27
1093 15 199 214 -0.859813 24
1094 92 37 129 0.426357 34
1095 168 25 193 0.740933 28
1096 87 82 169 0.0295858 31
1097 3 249 252 -0.97619 18
1098 38 89 127 -0.401575 27
1099 47 137 184 -0.48913 28
1100 17 118 135 -0.748148 26
1101 13 146 159 -0.836478 28
1102 210 14 224 0.875 28
1103 167 36 203 0.64532 28
1104 141 16 157 0.796178 26
1105 15 209 224 -0.866071 23
1106 93 91 184 0.0108696 35
1107 43 101 144 -0.402778 27
1108 8 265 273 -0.941392 15
1109 56 105 161 -0.304348 31
1110 50 111 161 -0.378882 37
1111 7 157 164 -0.914634 18
1112 24 150 174 -0.724138 28
1113 84 88 172 -0.0232558 32
1114 73 100 173 -0.156069 33
1115 81 96 177 -0.0847458 35
1116 28 149 177 -0.683616 30
1117 66 91 157 -0.159236 34
1118 110 9 119 0.848739 20
1119 159 27 186 0.709677 30
1120 172 28 200 0.72 24
1121 98 79 177 0.107345 27
1122 141 17 158 0.78481 27
1123 33 145 178 -0.629213 31
1124 57 44 101 0.128713 28
1125 78 71 149 0.0469799 32
1126 54 92 146 -0.260274 32
1127 72 75 147 -0.0204082 30
1128 4 186 190 -0.957895 22
1129 173 12 185 0.87027 27
1130 17 148 165 -0.793939 29
1131 193 21 214 0.803738 30
1132 26 144 170 -0.694118 32
1133 85 68 153 0.111111 31
1134 144 20 164 0.756098 26
1135 86 77 163 0.0552147 35
1136 105 26 131 0.603053 24
1137 12 255 267 -0.910112 18
1138 213 12 225 0.893333 17
1139 4 215 219 -0.96347 22
1140 69 83 152 -0.0921053 36
1141 148 13 161 0.838509 28
1142 3 282 285 -0.978947 13
1143 96 59 155 0.23871 32
1144 186 14 200 0.86 27
1145 13 172 185 -0.859459 25
1146 36 134 170 -0.576471 32
1147 9 0 9 1 6
1148 192 4 196 0.959184 21
1149 29 180 209 -0.722488 29
1150 150 38 188 0.595745 33
1151 23 153 176 -0.738636 31
1152 109 33 142 0.535211 30
1153 79 85 164 -0.0365854 34
1154 45 110 155 -0.419355 36
1155 50 62 112 -0.107143 31
1156 52 98 150 -0.306667 35
1157 93 44 137 0.357664 28
1158 15 144 159 -0.811321 31
1159 38 88 126 -0.396825 32
1160 58 98 156 -0.25641 34
1161 102 43 145 0.406897 27
1162 7 246 253 -0.944664 22
1163 96 51 147 0.306122 33
1164 55 134 189 -0.417989 34
1165 21 140 161 -0.73913 26
1166 78 93 171 -0.0877193 28
1167 58 96 154 -0.246753 29
1168 16 182 198 -0.838384 28
1169 159 26 185 0.718919 32
1170 66 52 118 0.118644 21
1171 79 66 145 0.0896552 30
1172 42 116 158 -0.468354 28
1173 186 20 206 0.805825 21
1174 76 79 155 -0.0193548 30
1175 93 60 153 0.215686 32
1176 143 33 176 0.625 30
1177 131 36 167 0.568862 32
1178 50 71 121 -0.173554 31
1179 152 18 170 0.788235 27
1180 67 116 183 -0.26776 32
1181 14 123 137 -0.79562 28
1182 159 14 173 0.83815 30
1183 53 104 157 -0.324841 34
1184 38 99 137 -0.445255 33
1185 121 39 160 0.5125 34
1186 55 103 158 -0.303797 30
1187 89 43 132 0.348485 32
1188 139 36 175 0.588571 30
1189 72 86 158 -0.0886076 29
1190 67 86 153 -0.124183 35
1191 6 159 165 -0.927273 24
1192 139 43 182 0.527473 32
1193 46 93 139 -0.338129 29
1194 3 159 162 -0.962963 19
1195 58 99 157 -0.261146 30
1196 117 50 167 0.401198 33
1197 56 91 147 -0.238095 35
1198 185 8 193 0.917098 23
1199 62 91 153 -0.189542 30
1200 22 136 158 -0.721519 27
1201 29 127 156 -0.628205 32
1202 148 20 168 0.761905 28
1203 162 18 180 0.8 28
1204 32 134 166 -0.614458 31
1205 245 10 255 0.921569 21
1206 132 50 182 0.450549 34
1207 118 33 151 0.562914 26
1208 178 16 194 0.835052 29
1209 76 42 118 0.288136 35
1210 18 135 153 -0.764706 28
1211 75 69 144 0.0416667 36
1212 206 18 224 0.839286 25
1213 93 64 157 0.184713 31
1214 152 14 166 0.831325 27
1215 172 23 195 0.764103 33
1216 99 54 153 0.294118 36
1217 45 135 180 -0.5 31
1218 44 154 198 -0.555556 30
1219 45 49 94 -0.0425532 31
1220 67 97 164 -0.182927 33
1221 163 12 175 0.862857 24
1222 70 97 167 -0.161677 34
1223 161 14 175 0.84 28
1224 99 10 109 0.816514 25
1225 167 10 177 0.887006 25
1226 126 87 213 0.183099 33
1227 22 146 168 -0.738095 30
1228 107 52 159 0.345912 28
1229 163 24 187 0.743316 31
1230 121 65 186 0.301075 33
1231 12 161 173 -0.861272 29
1232 190 7 197 0.928934 25
1233 14 207 221 -0.873303 26
1234 143 38 181 0.58011 31
1235 173 17 190 0.821053 26
1236 67 90 157 -0.146497 30
1237 34 158 192 -0.645833 30
1238 69 69 138 0 30
1239 134 35 169 0.585799 32
1240 63 105 168 -0.25 32
1241 21 183 204 -0.794118 33
1242 6 204 210 -0.942857 21
1243 63 117 180 -0.3 32
1244 6 210 216 -0.944444 23
1245 40 155 195 -0.589744 34
1246 154 23 177 0.740113 26
1247 61 105 166 -0.26506 35
1248 86 117 203 -0.152709 33
1249 146 11 157 0.859873 26
1250 156 36 192 0.625 31
1251 45 9 54 0.666667 22
1252 114 43 157 0.452229 34
1253 91 59 150 0.213333 29
1254 42 104 146 -0.424658 29
1255 31 139 170 -0.635294 28
1256 14 49 63 -0.555556 17
1257 142 27 169 0.680473 30
1258 147 29 176 0.670455 31
1259 77 86 163 -0.0552147 29
1260 9 165 174 -0.896552 24
1261 82 111 193 -0.150259 33
1262 88 59 147 0.197279 24
1263 88 19 107 0.64486 32
1264 69 120 189 -0.269841 32
1265 48 128 176 -0.454545 34
1266 213 6 219 0.945205 24
1267 68 103 171 -0.204678 30
1268 8 189 197 -0.918782 25
1269 42 147 189 -0.555556 34
1270 23 133 156 -0.705128 30
1271 185 18 203 0.82266 27
1272 98 59 157 0.248408 30
1273 61 109 170 -0.282353 33
1274 21 114 135 -0.688889 32
1275 39 142 181 -0.569061 32
1276 129 7 136 0.897059 25
1277 11 141 152 -0.855263 28
1278 43 144 187 -0.540107 31
1279 99 88 187 0.0588235 30
1280 97 59 156 0.24359 31
1281 51 117 168 -0.392857 27
1282 35 123 158 -0.556962 29
1283 121 41 162 0.493827 33
1284 49 131 180 -0.455556 31
1285 45 65 110 -0.181818 31
1286 18 144 162 -0.777778 29
1287 52 96 148 -0.297297 25
1288 20 174 194 -0.793814 28
1289 189 11 200 0.89 26
1290 19 173 192 -0.802083 27
1291 41 103 144 -0.430556 29
1292 128 55 183 0.398907 34
1293 79 116 195 -0.189744 30
1294 30 98 128 -0.53125 25
1295 62 90 152 -0.184211 30
1296 55 126 181 -0.392265 33
1297 13 152 165 -0.842424 26
1298 51 142 193 -0.471503 29
1299 19 143 162 -0.765432 27
1300 94 39 133 0.413534 26
1301 67 83 150 -0.106667 28
1302 79 82 161 -0.0186335 32
1303 173 19 192 0.802083 27
1304 124 50 174 0.425287 33
1305 20 239 259 -0.84556 25
1306 178 51 229 0.554585 33
1307 131 35 166 0.578313 21
1308 83 110 193 -0.139896 34
1309 23 167 190 -0.757895 29
1310 89 78 167 0.0658683 30
1311 60 120 180 -0.333333 36
1312 19 150 169 -0.775148 28
1313 69 59 128 0.078125 26
1314 181 34 215 0.683721 30
1315 174 15 189 0.84127 25
1316 87 76 163 0.0674847 32
1317 64 115 179 -0.284916 37
1318 32 142 174 -0.632184 30
1319 191 19 210 0.819048 30
1320 116 31 147 0.578231 26
1321 35 123 158 -0.556962 28
1322 78 81 159 -0.0188679 34
1323 198 34 232 0.706897 28
1324 19 227 246 -0.845528 27
1325 98 44 142 0.380282 34
1326 34 127 161 -0.57764 27
1327 167 12 179 0.865922 24
1328 108 26 134 0.61194 32
1329 53 103 156 -0.320513 34
1330 95 46 141 0.347518 32
1331 71 80 151 -0.0596026 35
1332 101 64 165 0.224242 35
1333 148 37 185 0.6 33
1334 19 153 172 -0.77907 29
1335 38 134 172 -0.55814 34
1336 141 79 220 0.281818 37
1337 8 234 242 -0.933884 24
1338 65 123 188 -0.308511 32
1339 53 104 157 -0.324841 33
1340 85 67 152 0.118421 25
1341 68 82 150 -0.0933333 30
1342 76 66 142 0.0704225 34
1343 89 61 150 0.186667 33
1344 11 139 150 -0.853333 26
1345 73 86 159 -0.081761 32
1346 78 42 120 0.3 28
1347 20 169 189 -0.78836 31
1348 77 79 156 -0.0128205 34
1349 111 32 143 0.552448 28
1350 69 85 154 -0.103896 29
1351 18 146 164 -0.780488 24
1352 53 116 169 -0.372781 27
1353 73 119 192 -0.239583 30
1354 140 7 147 0.904762 24
1355 204 20 224 0.821429 29
1356 77 122 199 -0.226131 35
1357 5 222 227 -0.955947 22
1358 66 47 113 0.168142 31
1359 144 31 175 0.645714 28
1360 95 80 175 0.0857143 36
1361 55 124 179 -0.385475 27
1362 80 105 185 -0.135135 34
1363 51 120 171 -0.403509 34
1364 8 236 244 -0.934426 24
1365 42 102 144 -0.416667 33
1366 151 39 190 0.589474 33
1367 51 98 149 -0.315436 22
1368 85 76 161 0.0559006 32
1369 24 141 165 -0.709091 28
1370 99 32 131 0.51145 29
1371 26 164 190 -0.726316 29
1372 68 81 149 -0.0872483 31
1373 12 187 199 -0.879397 26
1374 46 102 148 -0.378378 31
1375 66 85 151 -0.125828 30
1376 40 111 151 -0.470199 33
1377 7 224 231 -0.939394 22
1378 99 69 168 0.178571 31
1379 144 50 194 0.484536 31
1380 48 47 95 0.0105263 22
1381 238 12 250 0.904 24
1382 115 53 168 0.369048 30
1383 18 163 181 -0.801105 27
1384 37 131 168 -0.559524 31
1385 72 81 153 -0.0588235 37
1386 134 12 146 0.835616 22
1387 110 38 148 0.486486 30
1388 14 226 240 -0.883333 23
1389 103 21 124 0.66129 26
1390 27 136 163 -0.668712 27
1391 132 30 162 0.62963 30
1392 87 85 172 0.0116279 33
1393 172 25 197 0.746193 31
1394 43 119 162 -0.469136 31
1395 166 8 174 0.908046 24
1396 71 98 169 -0.159763 35
1397 74 112 186 -0.204301 35
1398 78 86 164 -0.0487805 34
1399 11 169 180 -0.877778 26
1400 54 97 151 -0.284768 30
1401 9 170 179 -0.899441 28
1402 39 138 177 -0.559322 28
1403 141 15 156 0.807692 27
1404 109 82 191 0.141361 31
1405 44 128 172 -0.488372 34
1406 90 79 169 0.0650888 36
1407 13 218 231 -0.887446 23
1408 65 84 149 -0.127517 30
1409 89 111 200 -0.11 31
1410 171 51 222 0.540541 35
1411 91 69 160 0.1375 28
1412 55 73 128 -0.140625 32
1413 242 12 254 0.905512 26
1414 21 109 130 -0.676923 29
1415 94 101 195 -0.0358974 35
1416 78 51 129 0.209302 28
1417 152 18 170 0.788235 24
1418 128 61 189 0.354497 30
1419 45 101 146 -0.383562 32
1420 20 171 191 -0.790576 28
1421 34 95 129 -0.472868 26
1422 50 99 149 -0.328859 35
1423 18 136 154 -0.766234 27
1424 74 83 157 -0.0573248 35
1425 92 109 201 -0.0845771 34
1426 103 60 163 0.263804 32
1427 92 95 187 -0.0160428 32
1428 248 11 259 0.915058 22
1429 147 27 174 0.689655 31
1430 137 52 189 0.449735 34
1431 21 165 186 -0.774194 27
1432 116 40 156 0.487179 33
1433 187 6 193 0.937824 23
1434 67 107 174 -0.229885 27
1435 66 105 171 -0.22807 32
1436 41 110 151 -0.456954 26
1437 70 102 172 -0.186047 34
1438 144 29 173 0.66474 33
1439 64 125 189 -0.322751 34
1440 14 156 170 -0.835294 26
1441 31 148 179 -0.653631 30
1442 142 40 182 0.56044 28
1443 58 100 158 -0.265823 35
1444 139 7 146 0.90411 14
1445 29 105 134 -0.567164 31
1446 14 160 174 -0.83908 28
1447 185 27 212 0.745283 29
1448 128 25 153 0.673203 31
1449 19 211 230 -0.834783 27
1450 103 65 168 0.22619 29
1451 164 22 186 0.763441 31
1452 51 124 175 -0.417143 32
1453 168 28 196 0.714286 32
1454 133 48 181 0.469613 33
1455 81 70 151 0.0728477 35
1456 95 121 216 -0.12037 31
1457 219 4 223 0.964126 23
1458 42 115 157 -0.464968 34
1459 30 164 194 -0.690722 26
1460 99 48 147 0.346939 34
1461 69 117 186 -0.258065 34
1462 25 71 96 -0.479167 24
1463 32 119 151 -0.576159 33
1464 93 57 150 0.24 33
1465 31 145 176 -0.647727 31
1466 14 121 135 -0.792593 23
1467 41 143 184 -0.554348 27
1468 200 8 208 0.923077 23
1469 97 61 158 0.227848 36
1470 103 73 176 0.170455 29
1471 60 73 133 -0.0977444 32
1472 70 65 135 0.037037 32
1473 32 139 171 -0.625731 33
1474 207 11 218 0.899083 25
1475 19 146 165 -0.769697 30
1476 97 81 178 0.0898876 27
1477 163 18 181 0.801105 30
1478 41 57 98 -0.163265 27
1479 136 16 152 0.789474 27
1480 47 143 190 -0.505263 31
1481 180 18 198 0.818182 31
1482 116 44 160 0.45 33
1483 28 144 172 -0.674419 32
1484 74 64 138 0.0724638 31
1485 86 73 159 0.081761 36
1486 27 157 184 -0.706522 33
1487 22 169 191 -0.769634 28
1488 196 51 247 0.587045 29
1489 76 92 168 -0.0952381 30
1490 218 9 227 0.920705 25
1491 97 49 146 0.328767 30
1492 84 69 153 0.0980392 30
1493 3 195 198 -0.969697 22
1494 143 54 197 0.451777 32
1495 151 26 177 0.706215 29
1496 35 107 142 -0.507042 32
1497 38 105 143 -0.468531 25
1498 89 86 175 0.0171429 29
1499 12 120 132 -0.818182 25
1500 214 34 248 0.725806 32
1501 167 27 194 0.721649 31
1502 12 160 172 -0.860465 27
1503 104 40 144 0.444444 32
1504 112 71 183 0.224044 33
1505 39 150 189 -0.587302 34
1506 70 107 177 -0.20904 36
1507 11 231 242 -0.909091 28
1508 31 119 150 -0.586667 31
1509 10 190 200 -0.9 23
1510 73 32 105 0.390476 25
1511 51 138 189 -0.460317 34
1512 49 134 183 -0.464481 33
1513 27 96 123 -0.560976 28
1514 66 87 153 -0.137255 29
1515 122 15 137 0.781022 27
1516 103 26 129 0.596899 30
1517 14 152 166 -0.831325 29
1518 141 53 194 0.453608 32
1519 6 204 210 -0.942857 21
1520 50 86 136 -0.264706 30
1521 138 50 188 0.468085 36
1522 18 121 139 -0.741007 28
1523 107 51 158 0.35443 31
1524 122 62 184 0.326087 33
1525 96 85 181 0.0607735 33
1526 40 174 214 -0.626168 32
1527 151 41 192 0.572917 30
1528 6 197 203 -0.940887 25
1529 130 22 152 0.710526 28
1530 16 153 169 -0.810651 30
1531 21 186 207 -0.797101 33
1532 57 106 163 -0.300613 31
1533 89 35 124 0.435484 31
1534 40 86 126 -0.365079 30
1535 102 54 156 0.307692 30
1536 222 10 232 0.913793 26
1537 30 166 196 -0.693878 28
1538 139 70 209 0.330144 31
1539 100 34 134 0.492537 32
1540 236 6 242 0.950413 24
1541 24 133 157 -0.694268 31
1542 166 42 208 0.596154 33
1543 137 45 182 0.505495 26
1544 63 110 173 -0.271676 34
1545 118 69 187 0.262032 31
1546 154 39 193 0.595855 32
1547 155 32 187 0.657754 28
1548 29 138 167 -0.652695 30
1549 27 178 205 -0.736585 25
1550 82 71 153 0.0718954 37
1551 163 52 215 0.516279 25
1552 138 35 173 0.595376 29
1553 6 155 161 -0.925466 22
1554 9 231 240 -0.925 21
1555 121 38 159 0.522013 33
1556 52 105 157 -0.33758 31
1557 126 27 153 0.647059 30
1558 59 119 178 -0.337079 31
1559 113 21 134 0.686567 28
1560 161 13 174 0.850575 27
1561 36 89 125 -0.424 34
1562 109 67 176 0.238636 33
1563 9 175 184 -0.902174 25
1564 79 81 160 -0.0125 29
1565 59 133 192 -0.385417 33
1566 117 54 171 0.368421 36
1567 89 83 172 0.0348837 27
1568 61 82 143 -0.146853 33
1569 74 87 161 -0.0807453 35
1570 90 70 160 0.125 31
1571 69 129 198 -0.30303 30
1572 28 119 147 -0.619048 33
1573 2 20 22 -0.818182 10
1574 96 62 158 0.21519 30
1575 9 173 182 -0.901099 27
1576 36 174 210 -0.657143 29
1577 89 79 168 0.0595238 36
1578 180 23 203 0.773399 31
1579 134 23 157 0.707006 29
1580 84 70 154 0.0909091 33
1581 23 173 196 -0.765306 29
1582 29 100 129 -0.550388 32
1583 6 143 149 -0.919463 23
1584 110 68 178 0.235955 28
1585 107 34 141 0.51773 32
1586 121 39 160 0.5125 34
1587 71 86 157 -0.0955414 28
1588 47 115 162 -0.419753 33
1589 66 101 167 -0.209581 28
1590 46 102 148 -0.378378 30
1591 151 17 168 0.797619 31
1592 57 57 114 0 29
1593 40 112 152 -0.473684 26
1594 101 57 158 0.278481 36
1595 46 123 169 -0.455621 31
1596 149 20 169 0.763314 30
1597 53 80 133 -0.203008 33
1598 69 46 115 0.2 28
1599 98 109 207 -0.0531401 32
1600 186 7 193 0.927461 21
1601 179 12 191 0.874346 26
1602 102 62 164 0.243902 36
1603 187 12 199 0.879397 24
1604 46 120 166 -0.445783 34
1605 61 105 166 -0.26506 31
1606 84 80 164 0.0243902 35
1607 55 94 149 -0.261745 31
1608 219 16 235 0.86383 26
1609 153 24 177 0.728814 25
1610 71 90 161 -0.118012 34
1611 115 51 166 0.385542 28
1612 115 51 166 0.385542 35
1613 79 96 175 -0.0971429 26
1614 49 124 173 -0.433526 33
1615 144 23 167 0.724551 28
1616 60 113 173 -0.306358 22
1617 178 40 218 0.633028 31
1618 118 17 135 0.748148 30
1619 6 242 248 -0.951613 19
1620 26 210 236 -0.779661 23
1621 32 162 194 -0.670103 30
1622 40 144 184 -0.565217 32
1623 28 120 148 -0.621622 28
1624 154 34 188 0.638298 32
1625 121 70 191 0.267016 34
1626 25 212 237 -0.78903 29
1627 63 102 165 -0.236364 34
1628 70 94 164 -0.146341 33
1629 103 37 140 0.471429 26
1630 10 190 200 -0.9 28
1631 135 37 172 0.569767 32
1632 29 127 156 -0.628205 24
1633 171 5 176 0.943182 24
1634 13 114 127 -0.795276 21
1635 72 78 150 -0.04 30
1636 8 197 205 -0.921951 25
1637 67 114 181 -0.259669 34
1638 19 137 156 -0.75641 30
1639 52 121 173 -0.398844 34
1640 154 13 167 0.844311 27
1641 103 57 160 0.2875 36
1642 21 173 194 -0.783505 31
1643 140 13 153 0.830065 27
1644 79 56 135 0.17037 35
1645 95 66 161 0.180124 29
1646 102 67 169 0.207101 35
1647 115 77 192 0.197917 32
1648 115 64 179 0.284916 36
1649 104 74 178 0.168539 32
1650 216 11 227 0.903084 24
1651 5 242 247 -0.959514 23
1652 121 28 149 0.624161 30
1653 37 118 155 -0.522581 30
1654 36 122 158 -0.544304 34
1655 79 60 139 0.136691 32
1656 142 50 192 0.479167 31
1657 50 116 166 -0.39759 33
1658 12 203 215 -0.888372 25
1659 129 21 150 0.72 28
1660 15 188 203 -0.852217 28
1661 98 29 127 0.543307 30
1662 15 135 150 -0.8 28
1663 25 201 226 -0.778761 28
1664 167 14 181 0.845304 27
1665 101 84 185 0.0918919 22
1666 26 67 93 -0.44086 27
1667 29 155 184 -0.684783 30
1668 120 9 129 0.860465 25
1669 24 166 190 -0.747368 31
1670 113 26 139 0.625899 28
1671 36 147 183 -0.606557 35
1672 175 19 194 0.804124 26
1673 89 46 135 0.318519 31
1674 55 102 157 -0.299363 33
1675 93 90 183 0.0163934 33
1676 184 10 194 0.896907 25
1677 11 239 250 -0.912 23
1678 25 109 134 -0.626866 31
1679 145 9 154 0.883117 23
1680 75 71 146 0.0273973 34
1681 14 200 214 -0.869159 27
1682 143 19 162 0.765432 30
1683 67 87 154 -0.12987 31
1684 114 26 140 0.628571 31
1685 65 152 217 -0.400922 34
1686 102 61 163 0.251534 34
1687 190 15 205 0.853659 22
1688 76 82 158 -0.0379747 32
1689 95 44 139 0.366906 33
1690 150 33 183 0.639344 29
1691 154 11 165 0.866667 23
1692 144 33 177 0.627119 31
1693 26 160 186 -0.72043 30
1694 122 80 202 0.207921 37
1695 102 38 140 0.457143 27
1696 65 151 216 -0.398148 33
1697 109 39 148 0.472973 25
1698 9 147 156 -0.884615 27
1699 77 106 183 -0.15847 33
1700 24 117 141 -0.659574 27
1701 45 158 203 -0.55665 33
1702 98 85 183 0.0710383 32
1703 136 39 175 0.554286 32
1704 33 129 162 -0.592593 26
1705 15 198 213 -0.859155 28
1706 24 187 211 -0.772512 30
1707 119 48 167 0.42515 32
1708 69 92 161 -0.142857 30
1709 69 126 195 -0.292308 35
1710 108 81 189 0.142857 36
1711 49 65 114 -0.140351 26
1712 140 26 166 0.686747 31
1713 119 47 166 0.433735 32
1714 86 74 160 0.075 35
1715 33 134 167 -0.60479 33
1716 132 51 183 0.442623 34
1717 224 9 233 0.922747 24
1718 52 100 152 -0.315789 26
1719 46 115 161 -0.428571 28
1720 117 80 197 0.187817 32
1721 88 50 138 0.275362 30
1722 88 51 139 0.266187 33
1723 92 48 140 0.314286 33
1724 32 147 179 -0.642458 31
1725 110 8 118 0.864407 19
1726 79 67 146 0.0821918 33
1727 205 11 216 0.898148 24
1728 43 143 186 -0.537634 36
1729 110 33 143 0.538462 28
1730 52 80 132 -0.212121 30
1731 130 26 156 0.666667 24
1732 71 67 138 0.0289855 25
1733 57 116 173 -0.34104 32
1734 4 212 216 -0.962963 21
1735 44 138 182 -0.516484 33
1736 170 16 186 0.827957 30
1737 109 52 161 0.354037 33
1738 55 81 136 -0.191176 35
1739 33 77 110 -0.4 28
1740 196 10 206 0.902913 22
1741 109 45 154 0.415584 32
1742 120 71 191 0.256545 32
1743 163 8 171 0.906433 25
1744 42 150 192 -0.5625 30
1745 177 25 202 0.752475 31
1746 36 93 129 -0.44186 33
1747 157 3 160 0.9625 21
1748 76 116 192 -0.208333 34
1749 72 107 179 -0.195531 30
1750 39 157 196 -0.602041 34
1751 4 202 206 -0.961165 15
1752 109 68 177 0.231638 33
1753 44 97 141 -0.375887 34
1754 37 150 187 -0.604278 28
1755 7 151 158 -0.911392 26
1756 54 110 164 -0.341463 29
1757 62 95 157 -0.210191 30
1758 85 79 164 0.0365854 35
1759 58 77 135 -0.140741 28
1760 28 133 161 -0.652174 31
1761 151 25 176 0.715909 30
1762 105 60 165 0.272727 34
1763 33 128 161 -0.590062 33
1764 135 61 196 0.377551 34
1765 76 59 135 0.125926 32
1766 44 130 174 -0.494253 29
1767 53 98 151 -0.298013 34
1768 38 106 144 -0.472222 29
1769 36 63 99 -0.272727 29
1770 104 65 169 0.230769 31
1771 153 13 166 0.843373 24
1772 65 70 135 -0.037037 33
1773 162 36 198 0.636364 25
1774 148 24 172 0.72093 30
1775 115 41 156 0.474359 31
1776 125 50 175 0.428571 33
1777 43 130 173 -0.50289 34
1778 47 137 184 -0.48913 29
1779 23 126 149 -0.691275 28
1780 56 150 206 -0.456311 32
1781 60 91 151 -0.205298 30
1782 14 231 245 -0.885714 27
1783 54 107 161 -0.329193 25
1784 177 34 211 0.677725 35
1785 81 73 154 0.0519481 31
1786 30 166 196 -0.693878 32
1787 45 130 175 -0.485714 29
1788 8 192 200 -0.92 22
1789 84 77 161 0.0434783 30
1790 65 90 155 -0.16129 36
1791 22 87 109 -0.59633 23
1792 94 18 112 0.678571 29
1793 105 76 181 0.160221 30
1794 76 93 169 -0.100592 35
1795 186 12 198 0.878788 26
1796 135 39 174 0.551724 30
1797 59 59 118 0 34
1798 62 86 148 -0.162162 30
1799 186 36 222 0.675676 32
1800 104 65 169 0.230769 35
1801 38 143 181 -0.58011 31
1802 14 187 201 -0.860697 27
1803 68 118 186 -0.268817 35
1804 27 119 146 -0.630137 30
1805 38 138 176 -0.568182 22
1806 12 182 194 -0.876289 26
1807 140 41 181 0.546961 31
1808 165 36 201 0.641791 29
1809 142 35 177 0.60452 28
1810 198 5 203 0.950739 21
1811 146 52 198 0.474747 26
1812 35 124 159 -0.559748 31
1813 48 87 135 -0.288889 31
1814 27 162 189 -0.714286 33
1815 109 39 148 0.472973 32
1816 68 87 155 -0.122581 34
1817 217 14 231 0.878788 21
1818 131 49 180 0.455556 32
1819 14 180 194 -0.85567 28
1820 12 206 218 -0.889908 26
1821 15 128 143 -0.79021 30
1822 49 108 157 -0.375796 33
1823 6 136 142 -0.915493 21
1824 13 190 203 -0.871921 26
1825 40 212 252 -0.68254 33
1826 12 169 181 -0.867403 25
1827 99 78 177 0.118644 35
1828 45 96 141 -0.361702 30
1829 147 24 171 0.719298 30
1830 54 36 90 0.2 25
1831 206 35 241 0.709544 29
1832 61 99 160 -0.2375 33
1833 14 184 198 -0.858586 26
1834 60 124 184 -0.347826 33
1835 226 15 241 0.875519 25
1836 61 118 179 -0.318436 32
1837 27 225 252 -0.785714 24
1838 51 107 158 -0.35443 34
1839 103 47 150 0.373333 32
1840 112 53 165 0.357576 35
1841 84 98 182 -0.0769231 33
1842 118 45 163 0.447853 31
1843 67 107 174 -0.229885 33
1844 127 33 160 0.5875 29
1845 52 28 80 0.3 25
1846 88 27 115 0.530435 32
1847 168 12 180 0.866667 29
1848 68 120 188 -0.276596 38
1849 181 24 205 0.765854 29
1850 120 43 163 0.472393 27
1851 60 111 171 -0.298246 37
1852 109 45 154 0.415584 33
1853 149 20 169 0.763314 28
1854 62 89 151 -0.178808 33
1855 52 151 203 -0.487685 30
1856 203 28 231 0.757576 30
1857 187 10 197 0.898477 24
1858 157 20 177 0.774011 30
1859 32 153 185 -0.654054 30
1860 68 66 134 0.0149254 29
1861 247 11 258 0.914729 23
1862 145 22 167 0.736527 25
1863 84 87 171 -0.0175439 35
1864 94 55 149 0.261745 32
1865 157 7 164 0.914634 22
1866 88 64 152 0.157895 33
1867 139 57 196 0.418367 31
1868 20 214 234 -0.82906 29
1869 60 57 117 0.025641 27
1870 113 56 169 0.337278 31
1871 41 139 180 -0.544444 33
1872 112 69 181 0.237569 36
1873 53 97 150 -0.293333 28
1874 64 73 137 -0.0656934 32
1875 152 16 168 0.809524 32
1876 187 16 203 0.842365 25
1877 119 29 148 0.608108 27
1878 34 64 98 -0.306122 24
1879 138 22 160 0.725 23
1880 94 61 155 0.212903 34
1881 10 217 227 -0.911894 22
1882 55 81 136 -0.191176 33
1883 80 27 107 0.495327 26
1884 140 20 160 0.75 30
1885 52 86 138 -0.246377 28
1886 125 20 145 0.724138 27
1887 76 71 147 0.0340136 36
1888 86 70 156 0.102564 34
1889 75 76 151 -0.00662252 31
1890 141 33 174 0.62069 32
1891 165 19 184 0.793478 29
1892 175 25 200 0.75 29
1893 144 12 156 0.846154 26
1894 10 198 208 -0.903846 26
1895 148 19 167 0.772455 31
1896 104 66 170 0.223529 34
1897 104 70 174 0.195402 31
1898 116 50 166 0.39759 30
1899 146 9 155 0.883871 23
1900 128 57 185 0.383784 33
1901 176 25 201 0.751244 36
1902 48 68 116 -0.172414 28
1903 114 61 175 0.302857 36
1904 178 26 204 0.745098 30
1905 52 175 227 -0.54185 34
1906 106 67 173 0.225434 32
1907 78 117 195 -0.2 34
1908 83 73 156 0.0641026 32
1909 99 74 173 0.144509 35
1910 122 88 210 0.161905 31
1911 215 10 225 0.911111 25
1912 101 79 180 0.122222 37
1913 4 160 164 -0.95122 22
1914 14 157 171 -0.836257 29
1915 27 103 130 -0.584615 33
1916 46 60 106 -0.132075 31
1917 204 9 213 0.915493 20
1918 64 125 189 -0.322751 34
1919 65 115 180 -0.277778 34
1920 122 27 149 0.637584 32
1921 25 200 225 -0.777778 30
1922 112 72 184 0.217391 35
1923 18 143 161 -0.776398 28
1924 91 68 159 0.144654 29
1925 42 121 163 -0.484663 34
1926 118 13 131 0.801527 28
1927 186 15 201 0.850746 28
1928 26 160 186 -0.72043 31
1929 86 75 161 0.068323 33
1930 102 65 167 0.221557 29
1931 14 205 219 -0.872146 26
1932 164 19 183 0.79235 30
1933 44 149 193 -0.544041 26
1934 10 162 172 -0.883721 23
1935 78 59 137 0.138686 32
1936 67 33 100 0.34 31
1937 99 49 148 0.337838 32
1938 24 166 190 -0.747368 31
1939 15 189 204 -0.852941 22
1940 141 21 162 0.740741 27
1941 84 58 142 0.183099 30
1942 76 69 145 0.0482759 32
1943 144 64 208 0.384615 35
1944 96 78 174 0.103448 31
1945 111 33 144 0.541667 32
1946 145 48 193 0.502591 35
1947 151 14 165 0.830303 27
1948 122 13 135 0.807407 25
1949 78 78 156 0 28
1950 34 142 176 -0.613636 29
1951 55 107 162 -0.320988 28
1952 77 101 178 -0.134831 33
1953 61 176 237 -0.485232 33
1954 20 115 135 -0.703704 25
1955 95 51 146 0.30137 31
1956 108 74 182 0.186813 34
1957 139 50 189 0.470899 33
1958 68 39 107 0.271028 29
1959 72 51 123 0.170732 28
1960 99 34 133 0.488722 29
1961 25 170 195 -0.74359 25
1962 96 59 155 0.23871 34
1963 129 45 174 0.482759 30
1964 170 15 185 0.837838 27
1965 6 87 93 -0.870968 21
1966 73 74 147 -0.00680272 32
1967 65 105 170 -0.235294 27
1968 32 143 175 -0.634286 25
1969 36 107 143 -0.496503 32
1970 67 143 210 -0.361905 30
1971 48 134 182 -0.472527 27
1972 99 65 164 0.207317 29
1973 144 89 233 0.236052 31
1974 234 17 251 0.864542 25
1975 180 13 193 0.865285 26
1976 89 65 154 0.155844 37
1977 152 26 178 0.707865 32
1978 61 109 170 -0.282353 33
1979 66 43 109 0.211009 30
1980 36 104 140 -0.485714 24
1981 111 74 185 0.2 32
1982 81 73 154 0.0519481 38
1983 191 14 205 0.863415 28
1984 112 65 177 0.265537 33
1985 189 33 222 0.702703 29
1986 73 60 133 0.0977444 31
1987 210 15 225 0.866667 22
1988 116 37 153 0.51634 30
1989 12 178 190 -0.873684 30
1990 140 53 193 0.450777 37
1991 18 200 218 -0.834862 29
1992 44 121 165 -0.466667 34
1993 75 71 146 0.0273973 32
1994 103 54 157 0.312102 34
1995 124 25 149 0.66443 29
1996 76 89 165 -0.0787879 27
1997 85 53 138 0.231884 31
1998 24 114 138 -0.652174 29
1999 34 190 224 -0.696429 26
2000 32 179 211 -0.696682 31
2001 163 22 185 0.762162 30
2002 149 39 188 0.585106 32
2003 139 45 184 0.51087 32
2004 28 130 158 -0.64557 28
2005 18 167 185 -0.805405 19
2006 36 142 178 -0.595506 35
2007 53 117 170 -0.376471 25
2008 146 42 188 0.553191 29
2009 169 6 175 0.931429 22
2010 125 46 171 0.461988 30
2011 17 99 116 -0.706897 25
2012 80 67 147 0.0884354 32
2013 10 141 151 -0.86755 26
2014 4 180 184 -0.956522 23
2015 177 51 228 0.552632 27
2016 9 231 240 -0.925 25
2017 81 11 92 0.76087 24
2018 27 139 166 -0.674699 30
2019 29 81 110 -0.472727 33
2020 102 44 146 0.39726 32
2021 177 24 201 0.761194 30
2022 20 143 163 -0.754601 27
2023 108 54 162 0.333333 33
2024 41 134 175 -0.531429 31
2025 75 101 176 -0.147727 24
2026 122 42 164 0.487805 31
2027 50 82 132 -0.242424 37
2028 22 171 193 -0.772021 28
2029 93 28 121 0.53719 28
2030 143 48 191 0.497382 33
2031 13 179 192 -0.864583 23
2032 17 197 214 -0.841121 25
2033 118 45 163 0.447853 31
2034 97 63 160 0.2125 34
2035 10 147 157 -0.872611 27
2036 12 172 184 -0.869565 27
2037 68 77 145 -0.062069 30
2038 139 18 157 0.770701 28
2039 11 222 233 -0.905579 27
2040 116 56 172 0.348837 32
2041 159 41 200 0.59 32
2042 114 25 139 0.640288 27
2043 38 85 123 -0.382114 30
2044 52 78 130 -0.2 33
2045 132 36 168 0.571429 28
2046 77 82 159 -0.0314465 34
2047 4 192 196 -0.959184 23
2048 74 84 158 -0.0632911 30
2049 119 42 161 0.478261 33
2050 41 125 166 -0.506024 32
2051 96 47 143 0.342657 27
2052 52 146 198 -0.474747 33
2053 108 48 156 0.384615 25
2054 89 82 171 0.0409357 32
2055 108 56 164 0.317073 33
2056 9 118 127 -0.858268 24
2057 17 78 95 -0.642105 23
2058 84 103 187 -0.101604 36
2059 106 53 159 0.333333 33
2060 21 133 154 -0.727273 33
2061 134 16 150 0.786667 25
2062 114 61 175 0.302857 32
2063 59 87 146 -0.191781 34
2064 17 207 224 -0.848214 26
2065 167 18 185 0.805405 23
2066 175 24 199 0.758794 31
2067 188 10 198 0.89899 27
2068 26 171 197 -0.736041 33
2069 85 100 185 -0.0810811 35
2070 4 158 162 -0.950617 18
2071 38 145 183 -0.584699 31
2072 26 147 173 -0.699422 26
2073 22 54 76 -0.421053 28
2074 35 150 185 -0.621622 35
2075 104 57 161 0.291925 24
2076 161 23 184 0.75 31
2077 134 45 179 0.497207 31
2078 15 185 200 -0.85 27
2079 25 149 174 -0.712644 30
2080 29 157 186 -0.688172 29
2081 14 140 154 -0.818182 27
2082 66 40 106 0.245283 28
2083 127 61 188 0.351064 36
2084 41 115 156 -0.474359 28
2085 112 49 161 0.391304 33
2086 91 65 156 0.166667 32
2087 24 204 228 -0.789474 33
2088 110 73 183 0.202186 34
2089 7 232 239 -0.941423 20
2090 13 192 205 -0.873171 22
2091 83 135 218 -0.238532 36
2092 26 157 183 -0.715847 26
2093 144 36 180 0.6 33
2094 90 64 154 0.168831 32
2095 15 140 155 -0.806452 24
2096 150 32 182 0.648352 35
2097 55 84 139 -0.208633 34
2098 166 33 199 0.668342 31
2099 98 36 134 0.462687 28
2100 178 20 198 0.79798 26
2101 89 40 129 0.379845 36
2102 30 117 147 -0.591837 31
2103 94 66 160 0.175 29
2104 99 63 162 0.222222 33
2105 20 147 167 -0.760479 29
2106 166 36 202 0.643564 29
2107 25 142 167 -0.700599 25
2108 25 212 237 -0.78903 31
2109 86 68 154 0.116883 36
2110 46 101 147 -0.37415 29
2111 86 51 137 0.255474 33
2112 92 74 166 0.108434 27
2113 33 99 132 -0.5 30
2114 55 96 151 -0.271523 31
2115 18 227 245 -0.853061 23
2116 131 53 184 0.423913 36
2117 42 128 170 -0.505882 26
2118 8 161 169 -0.905325 24
2119 77 77 154 0 32
2120 82 74 156 0.0512821 28
2121 100 63 163 0.226994 34
2122 163 14 177 0.841808 28
2123 76 95 171 -0.111111 33
2124 102 82 184 0.108696 34
2125 181 9 190 0.905263 24
2126 90 93 183 -0.0163934 37
2127 20 161 181 -0.779006 28
2128 64 117 181 -0.292818 33
2129 150 27 177 0.694915 30
2130 207 17 224 0.848214 27
2131 10 129 139 -0.856115 24
2132 158 21 179 0.765363 31
2133 143 31 174 0.643678 29
2134 73 104 177 -0.175141 37
2135 72 86 158 -0.0886076 32
2136 212 22 234 0.811966 30
2137 43 120 163 -0.472393 32
2138 38 134 172 -0.55814 28
2139 155 21 176 0.761364 30
2140 207 5 212 0.95283 23
2141 34 193 227 -0.700441 31
2142 49 155 204 -0.519608 31
2143 237 8 245 0.934694 24
2144 174 25 199 0.748744 30
2145 7 231 238 -0.941176 25
2146 63 82 145 -0.131034 33
2147 150 9 159 0.886792 24
2148 128 40 168 0.52381 31
2149 126 32 158 0.594937 33
2150 69 103 172 -0.197674 33
2151 14 142 156 -0.820513 25
2152 150 42 192 0.5625 33
2153 96 24 120 0.6 30
2154 90 78 168 0.0714286 31
2155 15 143 158 -0.810127 26
2156 99 51 150 0.32 31
2157 28 151 179 -0.687151 33
2158 8 164 172 -0.906977 23
2159 14 189 203 -0.862069 26
2160 149 34 183 0.628415 32
2161 130 39 169 0.538462 36
2162 25 167 192 -0.739583 31
2163 100 81 181 0.104972 30
2164 66 32 98 0.346939 28
2165 64 109 173 -0.260116 30
2166 203 9 212 0.915094 19
2167 117 70 187 0.251337 36
2168 126 63 189 0.333333 31
2169 78 86 164 -0.0487805 32
2170 57 40 97 0.175258 25
2171 124 56 180 0.377778 34
2172 208 25 233 0.785408 27
2173 20 230 250 -0.84 29
2174 119 13 132 0.80303 28
2175 15 166 181 -0.834254 30
2176 156 19 175 0.782857 27
2177 93 58 151 0.231788 33
2178 137 61 198 0.383838 33
2179 25 174 199 -0.748744 33
2180 59 75 134 -0.119403 27
2181 51 84 135 -0.244444 28
2182 177 6 183 0.934426 21
2183 28 121 149 -0.624161 25
2184 126 53 179 0.407821 30
2185 189 24 213 0.774648 30
2186 119 49 168 0.416667 32
2187 95 36 131 0.450382 34
2188 8 151 159 -0.899371 22
2189 100 62 162 0.234568 30
2190 109 118 227 -0.0396476 35
2191 182 18 200 0.82 30
2192 134 60 194 0.381443 36
2193 6 185 191 -0.937173 16
2194 203 45 248 0.637097 27
2195 214 6 220 0.945455 17
2196 20 124 144 -0.722222 29
2197 60 98 158 -0.240506 32
2198 100 83 183 0.0928962 35
2199 37 146 183 -0.595628 32
2200 156 48 204 0.529412 29
2201 70 99 169 -0.171598 33
2202 16 0 16 1 9
2203 122 26 148 0.648649 35
2204 74 68 142 0.0422535 24
2205 72 95 167 -0.137725 34
2206 89 77 166 0.0722892 29
2207 66 83 149 -0.114094 30
2208 62 119 181 -0.314917 30
2209 128 33 161 0.590062 33
2210 132 22 154 0.714286 26
2211 35 162 197 -0.64467 31
2212 9 213 222 -0.918919 20
2213 140 36 176 0.590909 30
2214 25 65 90 -0.444444 30
2215 143 7 150 0.906667 24
2216 40 171 211 -0.620853 31
2217 89 68 157 0.133758 30
2218 88 65 153 0.150327 34
2219 48 84 132 -0.272727 32
2220 36 189 225 -0.68 34
2221 158 18 176 0.795455 27
2222 136 29 165 0.648485 27
2223 100 80 180 0.111111 35
2224 135 14 149 0.812081 21
2225 73 64 137 0.0656934 26
2226 88 46 134 0.313433 35
2227 4 227 231 -0.965368 22
2228 131 55 186 0.408602 33
2229 21 174 195 -0.784615 29
2230 53 145 198 -0.464646 27
2231 11 160 171 -0.871345 20
2232 169 5 174 0.942529 22
2233 68 92 160 -0.15 30
2234 102 54 156 0.307692 28
2235 78 108 186 -0.16129 37
2236 61 117 178 -0.314607 31
2237 153 4 157 0.949045 22
2238 118 30 148 0.594595 29
2239 46 128 174 -0.471264 35
2240 161 24 185 0.740541 31
2241 14 164 178 -0.842697 26
2242 59 106 165 -0.284848 27
2243 152 47 199 0.527638 36
2244 119 44 163 0.460123 27
2245 120 53 173 0.387283 28
2246 128 27 155 0.651613 31
2247 56 128 184 -0.391304 30
2248 146 37 183 0.595628 33
2249 53 123 176 -0.397727 32
2250 102 30 132 0.545455 30
2251 7 163 170 -0.917647 22
2252 76 53 129 0.178295 27
2253 136 26 162 0.679012 25
2254 88 75 163 0.0797546 31
2255 102 71 173 0.179191 31
2256 74 58 132 0.121212 30
2257 19 137 156 -0.75641 29
2258 15 153 168 -0.821429 28
2259 94 62 156 0.205128 33
2260 91 106 197 -0.0761421 25
2261 80 129 209 -0.23445 29
2262 156 18 174 0.793103 26
2263 45 110 155 -0.419355 35
2264 186 24 210 0.771429 29
2265 18 192 210 -0.828571 32
2266 37 103 140 -0.471429 29
2267 118 57 175 0.348571 31
2268 174 6 180 0.933333 20
2269 55 69 124 -0.112903 32
2270 2 146 148 -0.972973 17
2271 110 61 171 0.28655 35
2272 67 47 114 0.175439 29
2273 45 146 191 -0.528796 29
2274 91 98 189 -0.037037 30
2275 8 104 112 -0.857143 27
2276 13 144 157 -0.834395 28
2277 114 55 169 0.349112 30
2278 216 14 230 0.878261 26
2279 16 72 88 -0.636364 24
2280 48 99 147 -0.346939 29
2281 8 9 17 -0.0588235 10
2282 88 110 198 -0.111111 32
2283 134 35 169 0.585799 30
2284 81 66 147 0.102041 30
2285 123 25 148 0.662162 28
2286 29 174 203 -0.714286 29
2287 43 115 158 -0.455696 28
2288 19 121 140 -0.728571 29
2289 79 73 152 0.0394737 34
2290 170 8 178 0.910112 24
2291 140 16 156 0.794872 25
2292 34 143 177 -0.615819 24
2293 107 84 191 0.120419 36
2294 128 49 177 0.446328 31
2295 57 102 159 -0.283019 32
2296 3 189 192 -0.96875 18
2297 52 123 175 -0.405714 35
2298 126 48 174 0.448276 28
2299 204 12 216 0.888889 25
2300 104 46 150 0.386667 33
2301 141 48 189 0.492063 29
2302 165 23 188 0.755319 28
2303 99 55 154 0.285714 30
2304 32 142 174 -0.632184 31
2305 162 23 185 0.751351 27
2306 18 137 155 -0.767742 30
2307 223 31 254 0.755906 32
2308 63 120 183 -0.311475 27
2309 130 16 146 0.780822 24
2310 115 40 155 0.483871 34
2311 14 169 183 -0.846995 29
2312 25 135 160 -0.6875 32
2313 76 80 156 -0.025641 28
2314 19 238 257 -0.85214 27
2315 46 135 181 -0.491713 34
2316 141 68 209 0.349282 36
2317 105 95 200 0.05 36
2318 181 12 193 0.875648 26
2319 158 48 206 0.533981 34
2320 112 58 170 0.317647 29
2321 32 126 158 -0.594937 32
2322 44 57 101 -0.128713 26
2323 127 15 142 0.788732 26
2324 46 149 195 -0.528205 33
2325 74 72 146 0.0136986 34
2326 32 156 188 -0.659574 30
2327 148 20 168 0.761905 25
2328 34 147 181 -0.624309 26
2329 26 186 212 -0.754717 31
2330 64 77 141 -0.0921986 33
2331 139 43 182 0.527473 31
2332 66 125 191 -0.308901 32
2333 15 205 220 -0.863636 25
2334 129 49 178 0.449438 29
2335 106 37 143 0.482517 25
2336 189 43 232 0.62931 32
2337 85 63 148 0.148649 28
2338 6 185 191 -0.937173 19
2339 27 150 177 -0.694915 26
2340 28 133 161 -0.652174 32
2341 16 103 119 -0.731092 26
2342 92 53 145 0.268966 36
2343 163 54 217 0.502304 33
2344 12 230 242 -0.900826 26
2345 41 128 169 -0.514793 31
2346 167 21 188 0.776596 29
2347 41 117 158 -0.481013 34
2348 48 101 149 -0.355705 34
2349 131 25 156 0.679487 30
2350 17 148 165 -0.793939 21
2351 47 87 134 -0.298507 28
2352 126 22 148 0.702703 27
2353 157 70 227 0.38326 35
2354 87 63 150 0.16 30
2355 69 134 203 -0.320197 30
2356 136 21 157 0.732484 28
2357 23 125 148 -0.689189 27
2358 21 171 192 -0.78125 30
2359 128 56 184 0.391304 26
2360 47 116 163 -0.423313 27
2361 118 52 170 0.388235 29
2362 68 105 173 -0.213873 32
2363 26 155 181 -0.712707 26
2364 42 111 153 -0.45098 25
2365 68 118 186 -0.268817 33
2366 205 2 207 0.980676 21
2367 85 64 149 0.14094 26
2368 42 129 171 -0.508772 27
2369 171 8 179 0.910615 24
2370 14 207 221 -0.873303 24
2371 104 29 133 0.56391 31
2372 171 44 215 0.590698 32
2373 5 5 10 0 7
2374 46 1 47 0.957447 7
2375 78 94 172 -0.0930233 29
2376 46 128 174 -0.471264 33
2377 127 79 206 0.23301 36
2378 64 83 147 -0.129252 29
2379 95 56 151 0.258278 35
2380 29 155 184 -0.684783 31
2381 15 122 137 -0.781022 27
2382 51 78 129 -0.209302 33
2383 36 133 169 -0.573964 33
2384 19 202 221 -0.828054 28
2385 73 57 130 0.123077 27
2386 82 91 173 -0.0520231 30
2387 24 150 174 -0.724138 26
2388 73 72 145 0.00689655 34
2389 119 37 156 0.525641 29
2390 77 77 154 0 35
2391 133 68 201 0.323383 30
2392 142 17 159 0.786164 29
2393 32 132 164 -0.609756 33
2394 104 44 148 0.405405 29
2395 78 86 164 -0.0487805 36
2396 172 18 190 0.810526 28
2397 63 110 173 -0.271676 29
2398 215 7 222 0.936937 23
2399 38 111 149 -0.489933 35
2400 75 101 176 -0.147727 34
2401 32 167 199 -0.678392 32
2402 159 10 169 0.881657 25
2403 174 10 184 0.891304 26
2404 16 145 161 -0.801242 25
2405 26 100 126 -0.587302 27
2406 27 156 183 -0.704918 32
2407 147 24 171 0.719298 28
2408 162 7 169 0.91716 23
2409 215 24 239 0.799163 33
2410 135 53 188 0.43617 34
2411 145 24 169 0.715976 29
2412 120 43 163 0.472393 28
2413 123 62 185 0.32973 30
2414 27 158 185 -0.708108 33
2415 7 178 185 -0.924324 22
2416 65 96 161 -0.192547 32
2417 21 131 152 -0.723684 29
2418 57 92 149 -0.234899 27
2419 31 235 266 -0.766917 29
2420 58 93 151 -0.231788 29
2421 121 24 145 0.668966 33
2422 38 151 189 -0.597884 37
2423 88 79 167 0.0538922 32
2424 119 69 188 0.265957 32
2425 99 34 133 0.488722 30
2426 145 7 152 0.907895 23
2427 54 112 166 -0.349398 36
2428 22 149 171 -0.74269 31
2429 27 196 223 -0.757848 31
2430 2 226 228 -0.982456 18
2431 139 30 169 0.64497 30
2432 115 20 135 0.703704 33
2433 75 89 164 -0.0853659 32
2434 52 138 190 -0.452632 33
2435 182 17 199 0.829146 26
2436 146 32 178 0.640449 21
2437 16 185 201 -0.840796 27
2438 77 64 141 0.0921986 26
2439 136 36 172 0.581395 31
2440 19 138 157 -0.757962 31
2441 52 88 140 -0.257143 30
2442 11 114 125 -0.824 30
2443 16 131 147 -0.782313 27
2444 32 127 159 -0.597484 27
2445 50 106 156 -0.358974 31
2446 69 56 125 0.104 24
2447 86 120 206 -0.165049 35
2448 156 42 198 0.575758 33
2449 31 146 177 -0.649718 34
2450 171 33 204 0.676471 32
2451 14 149 163 -0.828221 27
2452 67 84 151 -0.112583 30
2453 26 186 212 -0.754717 26
2454 99 60 159 0.245283 37
2455 146 19 165 0.769697 31
2456 100 48 148 0.351351 30
2457 14 243 257 -0.891051 18
2458 13 264 277 -0.906137 20
2459 68 102 170 -0.2 34
2460 105 56 161 0.304348 35
2461 44 81 125 -0.296 27
2462 61 91 152 -0.197368 36
2463 25 128 153 -0.673203 27
2464 39 113 152 -0.486842 29
2465 58 105 163 -0.288344 33
2466 97 77 174 0.114943 33
2467 68 111 179 -0.240223 32
2468 15 258 273 -0.89011 19
2469 10 119 129 -0.844961 27
2470 24 131 155 -0.690323 29
2471 164 19 183 0.79235 28
2472 19 247 266 -0.857143 25
2473 109 67 176 0.238636 35
2474 133 36 169 0.573964 27
2475 45 165 210 -0.571429 34
2476 46 120 166 -0.445783 34
2477 121 56 177 0.367232 34
2478 70 94 164 -0.146341 37
2479 36 127 163 -0.558282 34
2480 23 128 151 -0.695364 31
2481 123 59 182 0.351648 35
2482 98 76 174 0.126437 36
2483 76 61 137 0.109489 22
2484 80 90 170 -0.0588235 37
2485 120 27 147 0.632653 34
2486 78 104 182 -0.142857 27
2487 27 116 143 -0.622378 33
2488 107 89 196 0.0918367 33
2489 214 14 228 0.877193 25
2490 45 135 180 -0.5 29
2491 102 17 119 0.714286 29
2492 156 8 164 0.902439 24
2493 79 97 176 -0.102273 32
2494 177 5 182 0.945055 24
2495 112 31 143 0.566434 33
2496 114 31 145 0.572414 30
2497 28 123 151 -0.629139 31
2498 138 25 163 0.693252 31
2499 144 28 172 0.674419 30
2500 124 24 148 0.675676 29
2501 66 76 142 -0.0704225 28
2502 179 14 193 0.854922 25
2503 114 45 159 0.433962 32
2504 111 76 187 0.187166 35
2505 28 178 206 -0.728155 28
2506 49 141 190 -0.484211 33
2507 16 160 176 -0.818182 31
2508 159 19 178 0.786517 28
2509 55 94 149 -0.261745 34
2510 82 56 138 0.188406 31
2511 209 8 217 0.926267 24
2512 78 59 137 0.138686 32
2513 89 59 148 0.202703 33
2514 161 7 168 0.916667 19
2515 68 114 182 -0.252747 32
2516 85 78 163 0.0429448 33
2517 62 132 194 -0.360825 36
2518 30 170 200 -0.7 28
2519 115 63 178 0.292135 31
2520 22 119 141 -0.687943 29
2521 117 48 165 0.418182 36
2522 20 133 153 -0.738562 26
2523 138 33 171 0.614035 32
2524 104 24 128 0.625 31
2525 6 218 224 -0.946429 24
2526 226 1 227 0.991189 17
2527 70 79 149 -0.0604027 35
2528 222 20 242 0.834711 24
2529 28 129 157 -0.643312 27
2530 5 167 172 -0.94186 22
2531 75 91 166 -0.0963855 32
2532 22 127 149 -0.704698 29
2533 42 88 130 -0.353846 30
2534 5 246 251 -0.960159 20
2535 130 16 146 0.780822 29
2536 23 106 129 -0.643411 29
2537 33 123 156 -0.576923 25
2538 123 35 158 0.556962 30
2539 104 15 119 0.747899 29
2540 191 9 200 0.91 27
2541 113 39 152 0.486842 27
2542 68 69 137 -0.00729927 30
2543 80 54 134 0.19403 27
2544 140 42 182 0.538462 30
2545 21 169 190 -0.778947 28
2546 175 26 201 0.741294 32
2547 83 89 172 -0.0348837 27
2548 53 60 113 -0.0619469 32
2549 133 6 139 0.913669 24
2550 92 59 151 0.218543 30
2551 86 121 207 -0.169082 31
2552 75 73 148 0.0135135 32
2553 204 15 219 0.863014 25
2554 33 128 161 -0.590062 28
2555 221 24 245 0.804082 30
2556 24 130 154 -0.688312 29
2557 30 201 231 -0.74026 29
2558 57 93 150 -0.24 28
2559 12 161 173 -0.861272 23
2560 12 217 229 -0.895197 25
2561 62 82 144 -0.138889 34
2562 100 49 149 0.342282 26
2563 139 39 178 0.561798 28
2564 167 16 183 0.825137 28
2565 34 140 174 -0.609195 33
2566 150 11 161 0.863354 28
2567 8 118 126 -0.873016 24
2568 63 159 222 -0.432432 34
2569 101 75 176 0.147727 27
2570 47 74 121 -0.22314 28
2571 63 64 127 -0.00787402 33
2572 128 55 183 0.398907 31
2573 127 47 174 0.45977 34
2574 113 70 183 0.234973 34
2575 107 58 165 0.29697 30
2576 48 179 227 -0.577093 31
2577 71 106 177 -0.19774 35
2578 104 56 160 0.3 29
2579 14 14 28 0 11
2580 110 35 145 0.517241 28
2581 144 27 171 0.684211 28
2582 12 128 140 -0.828571 21
2583 56 135 191 -0.413613 32
2584 104 44 148 0.405405 33
2585 71 74 145 -0.0206897 35
2586 91 86 177 0.0282486 32
2587 96 75 171 0.122807 31
2588 77 86 163 -0.0552147 35
2589 11 106 117 -0.811966 28
2590 24 170 194 -0.752577 34
2591 8 161 169 -0.905325 23
2592 43 101 144 -0.402778 33
2593 43 141 184 -0.532609 32
2594 7 165 172 -0.918605 23
2595 10 185 195 -0.897436 24
2596 15 184 199 -0.849246 25
2597 81 95 176 -0.0795455 35
2598 20 179 199 -0.798995 29
2599 67 108 175 -0.234286 33
2600 37 164 201 -0.631841 33
2601 161 14 175 0.84 28
2602 138 29 167 0.652695 28
2603 162 33 195 0.661538 32
2604 30 104 134 -0.552239 28
2605 118 75 193 0.222798 34
2606 24 169 193 -0.751295 24
2607 38 175 213 -0.643192 30
2608 65 114 179 -0.273743 35
2609 60 117 177 -0.322034 30
2610 79 40 119 0.327731 34
2611 113 20 133 0.699248 31
2612 65 92 157 -0.171975 36
2613 215 8 223 0.928251 25
2614 36 140 176 -0.590909 35
2615 125 46 171 0.461988 37
2616 150 22 172 0.744186 30
2617 30 137 167 -0.640719 33
2618 222 13 235 0.889362 26
2619 87 70 157 0.10828 33
2620 63 116 179 -0.296089 38
2621 145 25 170 0.705882 33
2622 98 64 162 0.209877 32
2623 164 5 169 0.940828 22
2624 109 58 167 0.305389 32
2625 26 154 180 -0.711111 29
2626 83 63 146 0.136986 29
2627 104 48 152 0.368421 28
2628 38 151 189 -0.597884 32
2629 123 54 177 0.389831 34
2630 79 77 156 0.0128205 28
2631 78 38 116 0.344828 28
2632 17 185 202 -0.831683 29
2633 212 6 218 0.944954 16
2634 48 120 168 -0.428571 30
2635 36 144 180 -0.6 30
2636 128 25 153 0.673203 33
2637 44 85 129 -0.317829 29
2638 137 27 164 0.670732 28
2639 96 84 180 0.0666667 28
2640 184 11 195 0.887179 27
2641 14 212 226 -0.876106 24
2642 121 92 213 0.13615 34
2643 185 9 194 0.907216 20
2644 9 4 13 0.384615 10
2645 149 54 203 0.46798 30
2646 29 155 184 -0.684783 24
2647 114 55 169 0.349112 30
2648 113 63 176 0.284091 32
2649 141 61 202 0.39604 32
2650 41 157 198 -0.585859 35
2651 131 41 172 0.523256 29
2652 93 85 178 0.0449438 35
2653 186 13 199 0.869347 28
2654 201 6 207 0.942029 25
2655 100 81 181 0.104972 36
2656 140 8 148 0.891892 22
2657 87 90 177 -0.0169492 35
2658 119 20 139 0.71223 28
2659 27 132 159 -0.660377 33
2660 31 91 122 -0.491803 28
2661 22 186 208 -0.788462 29
2662 151 8 159 0.899371 26
2663 1 28 29 -0.931034 13
2664 36 88 124 -0.419355 33
2665 27 141 168 -0.678571 31
2666 23 124 147 -0.687075 30
2667 85 63 148 0.148649 28
2668 95 61 156 0.217949 22
2669 45 118 163 -0.447853 23
2670 111 61 172 0.290698 34
2671 163 48 211 0.545024 32
2672 48 143 191 -0.497382 34
2673 38 128 166 -0.542169 36
2674 43 93 136 -0.367647 25
2675 127 40 167 0.520958 31
2676 178 11 189 0.883598 24
2677 113 60 173 0.306358 32
2678 144 41 185 0.556757 34
2679 69 42 111 0.243243 33
2680 56 134 190 -0.410526 34
2681 49 132 181 -0.458564 35
2682 146 24 170 0.717647 28
2683 7 168 175 -0.92 19
2684 146 19 165 0.769697 33
2685 98 71 169 0.159763 38
2686 83 93 176 -0.0568182 31
2687 17 156 173 -0.803468 28
2688 51 93 144 -0.291667 29
2689 47 124 171 -0.450292 32
2690 103 57 160 0.2875 34
2691 75 100 175 -0.142857 36
2692 153 24 177 0.728814 31
2693 160 21 181 0.767956 24
2694 144 15 159 0.811321 29
2695 93 69 162 0.148148 34
2696 10 150 160 -0.875 28
2697 31 146 177 -0.649718 27
2698 87 93 180 -0.0333333 36
2699 115 70 185 0.243243 32
2700 84 94 178 -0.0561798 34
2701 46 130 176 -0.477273 34
2702 79 91 170 -0.0705882 36
2703 37 110 147 -0.496599 29
2704 59 118 177 -0.333333 30
2705 32 175 207 -0.690821 32
2706 10 246 256 -0.921875 18
2707 81 102 183 -0.114754 35
2708 109 84 193 0.129534 34
2709 95 89 184 0.0326087 34
2710 48 113 161 -0.403727 33
2711 152 31 183 0.661202 31
2712 54 106 160 -0.325 25
2713 112 65 177 0.265537 34
2714 65 90 155 -0.16129 32
2715 103 50 153 0.346405 28
2716 157 18 175 0.794286 27
2717 96 56 152 0.263158 33
2718 41 114 155 -0.470968 30
2719 149 20 169 0.763314 28
2720 40 126 166 -0.518072 32
2721 69 62 131 0.0534351 33
2722 117 39 156 0.5 28
2723 62 110 172 -0.27907 31
2724 50 105 155 -0.354839 36
2725 12 208 220 -0.890909 27
2726 19 161 180 -0.788889 27
2727 151 22 173 0.745665 33
2728 85 76 161 0.0559006 30
2729 140 15 155 0.806452 29
2730 63 97 160 -0.2125 34
2731 16 161 177 -0.819209 21
2732 67 99 166 -0.192771 32
2733 8 95 103 -0.84466 19
2734 19 204 223 -0.829596 24
2735 103 86 189 0.0899471 27
2736 43 124 167 -0.48503 30
2737 58 128 186 -0.376344 31
2738 75 71 146 0.0273973 35
2739 144 41 185 0.556757 34
2740 76 103 179 -0.150838 33
2741 42 130 172 -0.511628 26
2742 100 73 173 0.156069 29
2743 104 66 170 0.223529 35
2744 110 73 183 0.202186 36
2745 106 39 145 0.462069 34
2746 104 88 192 0.0833333 34
2747 5 208 213 -0.953052 20
2748 101 77 178 0.134831 35
2749 56 81 137 -0.182482 33
2750 88 66 154 0.142857 35
2751 134 44 178 0.505618 32
2752 86 52 138 0.246377 26
2753 155 20 175 0.771429 28
2754 206 5 211 0.952607 23
2755 40 103 143 -0.440559 30
2756 85 98 183 -0.0710383 31
2757 107 55 162 0.320988 28
2758 81 97 178 -0.0898876 28
2759 72 81 153 -0.0588235 35
2760 46 109 155 -0.406452 30
2761 32 23 55 0.163636 24
2762 15 123 138 -0.782609 31
2763 115 63 178 0.292135 34
2764 13 149 162 -0.839506 27
2765 34 146 180 -0.622222 33
2766 132 22 154 0.714286 27
2767 18 126 144 -0.75 28
2768 61 100 161 -0.242236 31
2769 35 78 113 -0.380531 32
2770 169 16 185 0.827027 28
2771 40 131 171 -0.532164 31
2772 17 228 245 -0.861224 26
2773 10 153 163 -0.877301 27
2774 36 151 187 -0.614973 30
2775 165 21 186 0.774194 30
2776 54 116 170 -0.364706 32
2777 45 80 125 -0.28 28
2778 145 45 190 0.526316 33
2779 154 33 187 0.647059 30
2780 14 157 171 -0.836257 25
2781 125 19 144 0.736111 29
2782 77 90 167 -0.0778443 31
2783 157 56 213 0.474178 29
2784 70 72 142 -0.0140845 31
2785 2 224 226 -0.982301 16
2786 128 45 173 0.479769 28
2787 70 123 193 -0.274611 35
2788 105 57 162 0.296296 35
2789 15 139 154 -0.805195 28
2790 63 111 174 -0.275862 35
2791 239 18 257 0.859922 20
2792 136 46 182 0.494505 30
2793 46 163 209 -0.559809 29
2794 105 74 179 0.173184 37
2795 132 62 194 0.360825 34
2796 57 89 146 -0.219178 31
2797 74 112 186 -0.204301 29
2798 111 57 168 0.321429 31
2799 14 21 35 -0.2 16
2800 35 106 141 -0.503546 25
2801 105 49 154 0.363636 31
2802 3 244 247 -0.975709 22
2803 90 64 154 0.168831 30
2804 27 143 170 -0.682353 32
2805 28 137 165 -0.660606 26
2806 116 68 184 0.26087 26
2807 14 116 130 -0.784615 24
2808 145 35 180 0.611111 27
2809 39 114 153 -0.490196 35
2810 65 105 170 -0.235294 31
2811 43 121 164 -0.47561 30
2812 29 156 185 -0.686486 31
2813 148 24 172 0.72093 22
2814 21 137 158 -0.734177 29
2815 164 44 208 0.576923 28
2816 105 70 175 0.2 31
2817 20 143 163 -0.754601 27
2818 59 142 201 -0.412935 33
2819 10 136 146 -0.863014 27
2820 42 100 142 -0.408451 32
2821 115 58 173 0.32948 30
2822 193 24 217 0.778802 30
2823 43 144 187 -0.540107 33
2824 224 4 228 0.964912 18
2825 142 49 191 0.486911 32
2826 154 60 214 0.439252 27
2827 170 6 176 0.931818 24
2828 105 18 123 0.707317 31
2829 91 78 169 0.0769231 27
2830 17 154 171 -0.80117 27
2831 231 15 246 0.878049 29
2832 53 126 179 -0.407821 29
2833 161 14 175 0.84 27
2834 110 86 196 0.122449 37
2835 147 26 173 0.699422 31
2836 56 76 132 -0.151515 32
2837 211 16 227 0.859031 28
2838 17 192 209 -0.837321 27
2839 35 121 156 -0.551282 34
2840 33 141 174 -0.62069 31
2841 12 183 195 -0.876923 27
2842 85 51 136 0.25 32
2843 135 32 167 0.616766 32
2844 76 33 109 0.394495 30
2845 69 67 136 0.0147059 28
2846 14 146 160 -0.825 26
2847 88 91 179 -0.0167598 33
2848 114 60 174 0.310345 29
2849 53 116 169 -0.372781 30
2850 52 101 153 -0.320261 34
2851 24 197 221 -0.782805 29
2852 151 7 158 0.911392 24
2853 92 64 156 0.179487 28
2854 47 96 143 -0.342657 29
2855 148 18 166 0.783133 28
2856 21 106 127 -0.669291 31
2857 42 166 208 -0.596154 31
2858 33 176 209 -0.684211 30
2859 131 42 173 0.514451 31
2860 70 45 115 0.217391 29
2861 7 186 193 -0.927461 25
2862 16 158 174 -0.816092 30
2863 22 145 167 -0.736527 29
2864 174 7 181 0.922652 25
2865 120 59 179 0.340782 28
2866 29 182 211 -0.725118 34
2867 19 189 208 -0.817308 28
2868 204 10 214 0.906542 23
2869 114 62 176 0.295455 33
2870 166 18 184 0.804348 28
2871 97 81 178 0.0898876 34
2872 4 196 200 -0.96 17
2873 25 107 132 -0.621212 31
2874 19 173 192 -0.802083 26
2875 50 92 142 -0.295775 28
2876 32 114 146 -0.561644 31
2877 41 166 207 -0.603865 29
2878 65 80 145 -0.103448 34
2879 138 38 176 0.568182 33
2880 75 37 112 0.339286 30
2881 230 12 242 0.900826 20
2882 131 19 150 0.746667 32
2883 128 33 161 0.590062 23
2884 36 134 170 -0.576471 31
2885 48 124 172 -0.44186 34
2886 77 57 134 0.149254 32
2887 37 100 137 -0.459854 29
2888 53 95 148 -0.283784 32
2889 107 37 144 0.486111 31
2890 61 86 147 -0.170068 25
2891 82 77 159 0.0314465 33
2892 78 66 144 0.0833333 32
2893 132 22 154 0.714286 28
2894 122 61 183 0.333333 30
2895 72 105 177 -0.186441 28
2896 123 58 181 0.359116 29
2897 98 75 173 0.132948 33
2898 115 46 161 0.428571 29
2899 32 122 154 -0.584416 30
2900 87 55 142 0.225352 29
2901 70 110 180 -0.222222 34
2902 80 78 158 0.0126582 35
2903 19 119 138 -0.724638 30
2904 23 181 204 -0.77451 23
2905 81 47 128 0.265625 35
2906 121 29 150 0.613333 29
2907 54 101 155 -0.303226 30
2908 128 44 172 0.488372 34
2909 42 9 51 0.647059 23
2910 38 152 190 -0.6 33
2911 115 101 216 0.0648148 37
2912 63 147 210 -0.4 31
2913 101 44 145 0.393103 33
2914 75 83 158 -0.0506329 31
2915 131 42 173 0.514451 33
2916 17 192 209 -0.837321 26
2917 125 43 168 0.488095 33
2918 100 21 121 0.652893 26
2919 15 46 61 -0.508197 20
2920 45 118 163 -0.447853 31
2921 13 149 162 -0.839506 28
2922 21 143 164 -0.743902 30
2923 169 32 201 0.681592 28
2924 48 71 119 -0.193277 28
2925 45 136 181 -0.502762 31
2926 29 158 187 -0.68984 33
2927 186 11 197 0.888325 27
2928 144 27 171 0.684211 30
2929 3 181 184 -0.967391 20
2930 21 142 163 -0.742331 29
2931 47 69 116 -0.189655 30
2932 200 11 211 0.895735 24
2933 144 74 218 0.321101 33
2934 150 28 178 0.685393 32
2935 35 145 180 -0.611111 30
2936 102 44 146 0.39726 36
2937 3 86 89 -0.932584 22
2938 105 94 199 0.0552764 33
2939 89 88 177 0.00564972 34
2940 110 74 184 0.195652 34
2941 7 156 163 -0.91411 23
2942 115 68 183 0.256831 33
2943 156 32 188 0.659574 31
2944 161 25 186 0.731183 25
2945 166 30 196 0.693878 31
2946 25 156 181 -0.723757 31
2947 174 8 182 0.912088 26
2948 50 105 155 -0.354839 33
2949 141 61 202 0.39604 29
2950 8 164 172 -0.906977 19
2951 109 62 171 0.274854 30
2952 24 123 147 -0.673469 30
2953 133 30 163 0.631902 32
2954 61 74 135 -0.0962963 31
2955 80 64 144 0.111111 36
2956 47 122 169 -0.443787 27
2957 33 125 158 -0.582278 27
2958 133 16 149 0.785235 26
2959 202 25 227 0.779736 30
2960 44 85 129 -0.317829 33
2961 38 101 139 -0.453237 28
2962 122 71 193 0.264249 33
2963 8 194 202 -0.920792 18
2964 176 9 185 0.902703 26
2965 99 26 125 0.584 30
2966 63 103 166 -0.240964 37
2967 58 102 160 -0.275 31
2968 92 110 202 -0.0891089 36
2969 128 24 152 0.684211 27
2970 41 128 169 -0.514793 29
2971 124 14 138 0.797101 30
2972 53 96 149 -0.288591 31
2973 23 139 162 -0.716049 29
2974 192 8 200 0.92 23
2975 51 102 153 -0.333333 33
2976 209 6 215 0.944186 23
2977 27 156 183 -0.704918 35
2978 133 59 192 0.385417 36
2979 45 97 142 -0.366197 33
2980 117 71 188 0.244681 30
2981 192 5 197 0.949239 24
2982 67 98 165 -0.187879 28
2983 41 126 167 -0.508982 27
2984 138 50 188 0.468085 37
2985 9 166 175 -0.897143 27
2986 47 119 166 -0.433735 27
2987 76 97 173 -0.121387 32
2988 84 122 206 -0.184466 25
2989 81 105 186 -0.129032 27
2990 78 49 127 0.228346 26
2991 118 68 186 0.268817 34
2992 7 194 201 -0.930348 25
2993 86 76 162 0.0617284 32
2994 146 23 169 0.727811 31
2995 56 48 104 0.0769231 27
2996 28 154 182 -0.692308 33
2997 123 13 136 0.808824 22
2998 135 38 173 0.560694 30
2999 28 134 162 -0.654321 32
3000 143 29 172 0.662791 25
3001 165 20 185 0.783784 28
3002 26 93 119 -0.563025 30
3003 28 150 178 -0.685393 28
3004 124 20 144 0.722222 26
3005 155 63 218 0.422018 34
3006 12 164 176 -0.863636 26
3007 152 16 168 0.809524 27
3008 123 32 155 0.587097 35
3009 108 31 139 0.553957 29
3010 19 139 158 -0.759494 29
3011 24 37 61 -0.213115 28
3012 4 161 165 -0.951515 12
3013 81 64 145 0.117241 36
3014 132 15 147 0.795918 28
3015 55 66 121 -0.0909091 34
3016 117 61 178 0.314607 33
3017 125 51 176 0.420455 32
3018 160 25 185 0.72973 30
3019 40 115 155 -0.483871 31
3020 139 12 151 0.84106 28
3021 128 42 170 0.505882 31
3022 157 19 176 0.784091 29
3023 70 77 147 -0.047619 34
3024 128 30 158 0.620253 33
3025 158 23 181 0.745856 29
3026 34 144 178 -0.617978 28
3027 8 156 164 -0.902439 25
3028 149 22 171 0.74269 29
3029 129 34 163 0.582822 29
3030 169 4 173 0.953757 19
3031 127 95 222 0.144144 32
3032 174 43 217 0.603687 29
3033 131 42 173 0.514451 31
3034 172 25 197 0.746193 24
3035 121 65 186 0.301075 35
3036 37 78 115 -0.356522 33
3037 93 70 163 0.141104 34
3038 48 121 169 -0.431953 26
3039 24 153 177 -0.728814 32
3040 9 113 122 -0.852459 21
3041 195 9 204 0.911765 24
3042 169 21 190 0.778947 26
3043 16 205 221 -0.855204 29
3044 86 55 141 0.219858 27
3045 27 164 191 -0.717277 28
3046 6 160 166 -0.927711 20
3047 95 34 129 0.472868 29
3048 85 69 154 0.103896 35
3049 32 207 239 -0.732218 30
3050 172 20 192 0.791667 27
3051 95 87 182 0.043956 36
3052 164 3 167 0.964072 22
3053 119 54 173 0.375723 34
3054 117 16 133 0.759398 27
3055 66 105 171 -0.22807 36
3056 101 45 146 0.383562 33
3057 65 84 149 -0.127517 27
3058 24 118 142 -0.661972 28
3059 80 55 135 0.185185 34
3060 18 169 187 -0.807487 29
3061 64 107 171 -0.251462 28
3062 0 82 82 -1 13
3063 95 66 161 0.180124 34
3064 91 93 184 -0.0108696 32
3065 26 107 133 -0.609023 23
3066 53 95 148 -0.283784 31
3067 30 138 168 -0.642857 23
3068 118 45 163 0.447853 33
3069 75 79 154 -0.025974 29
3070 71 70 141 0.0070922 30
3071 18 130 148 -0.756757 31
3072 12 162 174 -0.862069 26
3073 69 41 110 0.254545 31
3074 138 5 143 0.93007 23
3075 144 25 169 0.704142 28
3076 127 35 162 0.567901 26
3077 182 17 199 0.829146 27
3078 54 117 171 -0.368421 36
3079 76 106 182 -0.164835 31
3080 56 101 157 -0.286624 29
3081 22 151 173 -0.745665 29
3082 117 85 202 0.158416 34
3083 202 25 227 0.779736 30
3084 194 20 214 0.813084 27
3085 177 18 195 0.815385 18
3086 80 94 174 -0.0804598 32
3087 187 27 214 0.747664 30
3088 122 65 187 0.304813 32
3089 0 8 8 -1 5
3090 96 64 160 0.2 35
3091 50 131 181 -0.447514 32
3092 12 156 168 -0.857143 27
3093 60 79 139 -0.136691 30
3094 228 26 254 0.795276 29
3095 185 29 214 0.728972 28
3096 126 76 202 0.247525 35
3097 27 188 215 -0.748837 29
3098 128 52 180 0.422222 32
3099 21 97 118 -0.644068 23
3100 48 187 235 -0.591489 31
3101 85 37 122 0.393443 26
3102 15 191 206 -0.854369 29
3103 82 56 138 0.188406 28
3104 68 142 210 -0.352381 26
3105 29 152 181 -0.679558 33
3106 141 23 164 0.719512 30
3107 154 14 168 0.833333 19
3108 18 140 158 -0.772152 28
3109 103 78 181 0.138122 34
3110 87 86 173 0.00578035 34
3111 73 113 186 -0.215054 30
3112 80 107 187 -0.144385 35
3113 46 153 199 -0.537688 31
3114 71 110 181 -0.21547 30
3115 105 91 196 0.0714286 30
3116 163 49 212 0.537736 28
3117 104 62 166 0.253012 32
3118 37 112 149 -0.503356 31
3119 97 75 172 0.127907 30
3120 87 76 163 0.0674847 30
3121 57 47 104 0.0961538 24
3122 174 6 180 0.933333 23
3123 180 14 194 0.85567 29
3124 34 121 155 -0.56129 29
3125 212 22 234 0.811966 27
3126 82 89 171 -0.0409357 32
3127 172 21 193 0.782383 32
3128 40 128 168 -0.52381 28
3129 115 22 137 0.678832 32
3130 90 102 192 -0.0625 33
3131 92 83 175 0.0514286 27
3132 117 20 137 0.708029 26
3133 105 19 124 0.693548 24
3134 52 89 141 -0.262411 33
3135 12 161 173 -0.861272 27
3136 67 104 171 -0.216374 36
3137 19 153 172 -0.77907 29
3138 96 79 175 0.0971429 34
3139 92 91 183 0.00546448 31
3140 42 128 170 -0.505882 29
3141 123 49 172 0.430233 36
3142 121 53 174 0.390805 23
3143 70 74 144 -0.0277778 31
3144 98 89 187 0.0481283 36
3145 102 60 162 0.259259 28
3146 70 86 156 -0.102564 28
3147 32 130 162 -0.604938 31
3148 91 84 175 0.04 34
3149 47 137 184 -0.48913 36
3150 8 153 161 -0.900621 22
3151 83 79 162 0.0246914 31
3152 80 40 120 0.333333 36
3153 119 49 168 0.416667 31
3154 80 75 155 0.0322581 35
3155 135 10 145 0.862069 25
3156 31 41 72 -0.138889 14
3157 71 106 177 -0.19774 32
3158 157 26 183 0.715847 31
3159 118 47 165 0.430303 34
3160 6 137 143 -0.916084 14
3161 8 127 135 -0.881481 25
3162 213 28 241 0.767635 30
3163 63 89 152 -0.171053 35
3164 44 130 174 -0.494253 29
3165 12 134 146 -0.835616 27
3166 57 95 152 -0.25 31
3167 25 137 162 -0.691358 31
3168 178 21 199 0.788945 25
3169 28 151 179 -0.687151 29
3170 148 48 196 0.510204 35
3171 44 92 136 -0.352941 24
3172 44 138 182 -0.516484 32
3173 174 21 195 0.784615 29
3174 197 4 201 0.960199 21
3175 62 77 139 -0.107914 36
3176 22 187 209 -0.789474 26
3177 16 173 189 -0.830688 27
3178 94 69 163 0.153374 24
3179 191 21 212 0.801887 30
3180 229 16 245 0.869388 19
3181 116 41 157 0.477707 25
3182 41 108 149 -0.449664 35
3183 181 16 197 0.837563 25
3184 88 26 114 0.54386 28
3185 24 143 167 -0.712575 30
3186 101 28 129 0.565891 33
3187 172 15 187 0.839572 21
3188 82 106 188 -0.12766 29
3189 5 203 208 -0.951923 20
3190 30 102 132 -0.545455 28
3191 113 57 170 0.329412 29
3192 61 89 150 -0.186667 32
3193 72 53 125 0.152 30
3194 74 75 149 -0.00671141 28
3195 60 93 153 -0.215686 36
3196 36 150 186 -0.612903 28
3197 133 48 181 0.469613 33
3198 79 95 174 -0.091954 34
3199 127 22 149 0.704698 29
3200 102 49 151 0.350993 36
3201 25 156 181 -0.723757 26
3202 52 150 202 -0.485149 32
3203 101 68 169 0.195266 34
3204 16 138 154 -0.792208 25
3205 146 14 160 0.825 28
3206 155 22 177 0.751412 31
3207 68 109 177 -0.231638 32
3208 61 92 153 -0.202614 33
3209 46 142 188 -0.510638 33
3210 111 48 159 0.396226 32
3211 30 170 200 -0.7 28
3212 12 106 118 -0.79661 19
3213 167 19 186 0.795699 30
3214 74 3 77 0.922078 15
3215 117 60 177 0.322034 28
3216 83 123 206 -0.194175 31
3217 147 17 164 0.792683 30
3218 45 92 137 -0.343066 32
3219 131 40 171 0.532164 31
3220 12 149 161 -0.850932 28
3221 111 58 169 0.313609 32
3222 62 106 168 -0.261905 36
3223 100 49 149 0.342282 35
3224 154 16 170 0.811765 23
3225 61 124 185 -0.340541 28
3226 88 62 150 0.173333 29
3227 153 32 185 0.654054 33
3228 76 56 132 0.151515 33
3229 48 126 174 -0.448276 31
3230 179 11 190 0.884211 25
3231 4 158 162 -0.950617 23
3232 133 35 168 0.583333 31
3233 22 131 153 -0.712418 30
3234 24 162 186 -0.741935 30
3235 208 13 221 0.882353 24
3236 68 115 183 -0.256831 32
3237 152 33 185 0.643243 33
3238 119 33 152 0.565789 34
3239 13 206 219 -0.881279 26
3240 83 49 132 0.257576 33
3241 43 84 127 -0.322835 33
3242 20 181 201 -0.800995 29
3243 121 50 171 0.415205 36
3244 117 82 199 0.175879 36
3245 25 152 177 -0.717514 30
3246 5 186 191 -0.947644 24
3247 139 31 170 0.635294 31
3248 130 41 171 0.520468 35
3249 114 46 160 0.425 30
3250 30 129 159 -0.622642 28
3251 48 134 182 -0.472527 29
3252 7 137 144 -0.902778 20
3253 14 190 204 -0.862745 20
3254 36 123 159 -0.54717 31
3255 100 67 167 0.197605 34
3256 108 31 139 0.553957 30
3257 147 9 156 0.884615 24
3258 12 201 213 -0.887324 25
3259 60 76 136 -0.117647 28
3260 176 15 191 0.842932 29
3261 85 79 164 0.0365854 33
3262 89 95 184 -0.0326087 32
3263 119 39 158 0.506329 32
3264 108 19 127 0.700787 31
3265 126 55 181 0.392265 32
3266 39 117 156 -0.5 34
3267 32 84 116 -0.448276 25
3268 21 164 185 -0.772973 28
3269 108 54 162 0.333333 34
3270 122 49 171 0.426901 31
3271 69 72 141 -0.0212766 29
3272 68 120 188 -0.276596 25
3273 105 35 140 0.5 33
3274 96 63 159 0.207547 37
3275 192 25 217 0.769585 30
3276 128 73 201 0.273632 34
3277 72 83 155 -0.0709677 33
3278 43 101 144 -0.402778 37
3279 85 75 160 0.0625 30
3280 121 26 147 0.646259 32
3281 74 74 148 0 30
3282 93 53 146 0.273973 31
3283 35 167 202 -0.653465 28
3284 70 93 163 -0.141104 31
3285 110 30 140 0.571429 30
3286 115 57 172 0.337209 30
3287 142 39 181 0.569061 30
3288 103 64 167 0.233533 34
3289 118 54 172 0.372093 28
3290 102 61 163 0.251534 35
3291 143 47 190 0.505263 34
3292 12 181 193 -0.875648 23
3293 96 27 123 0.560976 27
3294 29 110 139 -0.582734 32
3295 149 8 157 0.898089 24
3296 11 170 181 -0.878453 26
3297 21 164 185 -0.772973 32
3298 26 117 143 -0.636364 25
3299 211 29 240 0.758333 29
3300 228 21 249 0.831325 22
3301 48 101 149 -0.355705 21
3302 14 250 264 -0.893939 27
3303 36 69 105 -0.314286 24
3304 136 15 151 0.801325 29
3305 108 59 167 0.293413 32
3306 137 71 208 0.317308 35
3307 164 36 200 0.64 34
3308 61 69 130 -0.0615385 35
3309 162 26 188 0.723404 29
3310 36 128 164 -0.560976 25
3311 51 141 192 -0.46875 29
3312 79 119 198 -0.20202 36
3313 107 46 153 0.398693 36
3314 42 134 176 -0.522727 35
3315 274 11 285 0.922807 19
3316 97 62 159 0.220126 28
3317 84 104 188 -0.106383 35
3318 47 111 158 -0.405063 28
3319 9 138 147 -0.877551 18
3320 100 50 150 0.333333 28
3321 161 41 202 0.594059 33
3322 49 131 180 -0.455556 32
3323 73 63 136 0.0735294 33
3324 29 171 200 -0.71 31
3325 116 61 177 0.310734 32
3326 88 108 196 -0.102041 29
3327 97 78 175 0.108571 29
3328 109 62 171 0.274854 33
3329 46 106 152 -0.394737 30
3330 11 143 154 -0.857143 26
3331 11 135 146 -0.849315 21
3332 66 102 168 -0.214286 34
3333 94 61 155 0.212903 36
3334 40 143 183 -0.562842 30
3335 24 193 217 -0.778802 29
3336 29 109 138 -0.57971 32
3337 12 194 206 -0.883495 23
3338 19 229 248 -0.846774 25
3339 113 19 132 0.712121 28
3340 27 11 38 0.421053 15
3341 35 140 175 -0.6 31
3342 204 7 211 0.933649 25
3343 198 8 206 0.92233 23
3344 141 13 154 0.831169 26
3345 78 105 183 -0.147541 38
3346 44 150 194 -0.546392 32
3347 121 41 162 0.493827 27
3348 27 177 204 -0.735294 30
3349 153 55 208 0.471154 28
3350 157 73 230 0.365217 35
3351 81 117 198 -0.181818 35
3352 35 111 146 -0.520548 35
3353 117 69 186 0.258065 37
3354 14 147 161 -0.826087 25
3355 21 47 68 -0.382353 24
3356 55 96 151 -0.271523 34
3357 37 157 194 -0.618557 34
3358 77 95 172 -0.104651 32
3359 123 43 166 0.481928 29
3360 43 144 187 -0.540107 29
3361 148 9 157 0.88535 19
3362 77 83 160 -0.0375 32
3363 72 135 207 -0.304348 38
3364 16 86 102 -0.686275 29
3365 115 17 132 0.742424 28
3366 150 35 185 0.621622 26
3367 138 14 152 0.815789 27
3368 16 128 144 -0.777778 29
3369 83 32 115 0.443478 31
3370 198 14 212 0.867925 25
3371 74 58 132 0.121212 26
3372 104 41 145 0.434483 31
3373 158 42 200 0.58 25
3374 80 69 149 0.0738255 35
3375 30 170 200 -0.7 28
3376 45 138 183 -0.508197 34
3377 42 89 131 -0.358779 30
3378 94 82 176 0.0681818 31
3379 90 84 174 0.0344828 32
3380 113 23 136 0.661765 23
3381 20 118 138 -0.710145 24
3382 31 168 199 -0.688442 27
3383 17 213 230 -0.852174 32
3384 223 27 250 0.784 31
3385 52 121 173 -0.398844 34
3386 166 36 202 0.643564 27
3387 27 118 145 -0.627586 29
3388 242 3 245 0.97551 20
3389 29 100 129 -0.550388 24
3390 31 121 152 -0.592105 31
3391 62 74 136 -0.0882353 24
3392 115 29 144 0.597222 33
3393 156 2 158 0.974684 19
3394 41 105 146 -0.438356 35
3395 47 78 125 -0.248 33
3396 100 62 162 0.234568 30
3397 35 99 134 -0.477612 29
3398 68 74 142 -0.0422535 28
3399 57 86 143 -0.202797 31
3400 39 129 168 -0.535714 32
3401 97 58 155 0.251613 30
3402 104 45 149 0.395973 32
3403 96 49 145 0.324138 34
3404 141 12 153 0.843137 27
3405 73 67 140 0.0428571 29
3406 206 7 213 0.934272 22
3407 23 150 173 -0.734104 27
3408 130 35 165 0.575758 32
3409 33 140 173 -0.618497 27
3410 178 18 196 0.816327 29
3411 23 143 166 -0.722892 29
3412 96 30 126 0.52381 28
3413 119 46 165 0.442424 31
3414 90 115 205 -0.121951 30
3415 114 16 130 0.753846 28
3416 57 130 187 -0.390374 31
3417 125 43 168 0.488095 28
3418 27 115 142 -0.619718 34
3419 166 40 206 0.61165 30
3420 118 54 172 0.372093 29
3421 127 14 141 0.801418 26
3422 97 76 173 0.121387 31
3423 45 124 169 -0.467456 33
3424 203 10 213 0.906103 22
3425 73 125 198 -0.262626 36
3426 71 106 177 -0.19774 30
3427 139 36 175 0.588571 24
3428 142 47 189 0.502646 32
3429 107 23 130 0.646154 28
3430 80 44 124 0.290323 34
3431 14 123 137 -0.79562 28
3432 131 8 139 0.884892 22
3433 183 15 198 0.848485 27
3434 35 126 161 -0.565217 29
3435 86 69 155 0.109677 35
3436 103 33 136 0.514706 33
3437 82 53 135 0.214815 36
3438 106 83 189 0.121693 35
3439 6 167 173 -0.930636 23
3440 70 77 147 -0.047619 31
3441 73 81 154 -0.0519481 37
3442 71 85 156 -0.0897436 30
3443 23 146 169 -0.727811 30
3444 123 18 141 0.744681 27
3445 19 81 100 -0.62 25
3446 121 59 180 0.344444 31
3447 14 126 140 -0.8 25
3448 195 7 202 0.930693 22
3449 48 113 161 -0.403727 26
3450 9 181 190 -0.905263 19
3451 56 131 187 -0.40107 34
3452 96 108 204 -0.0588235 34
3453 21 137 158 -0.734177 23
3454 37 170 207 -0.642512 32
3455 24 156 180 -0.733333 30
3456 97 80 177 0.0960452 36
3457 125 19 144 0.736111 31
3458 104 24 128 0.625 29
3459 175 22 197 0.77665 31
3460 206 13 219 0.881279 29
3461 229 12 241 0.900415 26
3462 125 51 176 0.420455 32
3463 55 114 169 -0.349112 29
3464 69 103 172 -0.197674 32
3465 89 52 141 0.262411 37
3466 132 32 164 0.609756 31
3467 123 54 177 0.389831 33
3468 33 139 172 -0.616279 28
3469 80 46 126 0.269841 31
3470 80 86 166 -0.0361446 32
3471 122 59 181 0.348066 29
3472 32 133 165 -0.612121 29
3473 198 13 211 0.876777 21
3474 144 34 178 0.617978 26
3475 51 155 206 -0.504854 27
3476 105 59 164 0.280488 32
3477 144 18 162 0.777778 29
3478 89 46 135 0.318519 35
3479 31 104 135 -0.540741 27
3480 25 38 63 -0.206349 24
3481 165 24 189 0.746032 31
3482 20 145 165 -0.757576 30
3483 62 114 176 -0.295455 35
3484 196 21 217 0.806452 28
3485 160 11 171 0.871345 24
3486 29 146 175 -0.668571 29
3487 33 31 64 0.03125 29
3488 97 74 171 0.134503 35
3489 133 36 169 0.573964 33
3490 82 68 150 0.0933333 36
3491 112 57 169 0.325444 34
3492 94 104 198 -0.0505051 30
3493 57 138 195 -0.415385 33
3494 35 97 132 -0.469697 32
3495 52 121 173 -0.398844 36
3496 98 72 170 0.152941 36
3497 83 15 98 0.693878 24
3498 71 110 181 -0.21547 33
3499 196 5 201 0.950249 20
3500 121 51 172 0.406977 34
3501 10 169 179 -0.888268 26
3502 63 86 149 -0.154362 29
3503 172 29 201 0.711443 27
3504 26 144 170 -0.694118 30
3505 8 158 166 -0.903614 25
3506 146 17 163 0.791411 28
3507 42 128 170 -0.505882 31
3508 137 19 156 0.75641 30
3509 145 27 172 0.686047 27
3510 21 179 200 -0.79 28
3511 84 97 181 -0.0718232 32
3512 37 125 162 -0.54321 35
3513 111 40 151 0.470199 32
3514 70 24 94 0.489362 32
3515 141 40 181 0.558011 24
3516 49 120 169 -0.420118 30
3517 32 134 166 -0.614458 24
3518 46 139 185 -0.502703 34
3519 107 20 127 0.685039 23
3520 157 46 203 0.546798 25
3521 16 145 161 -0.801242 27
3522 266 16 282 0.886525 26
3523 118 33 151 0.562914 34
3524 95 95 190 0 32
3525 105 70 175 0.2 34
3526 123 47 170 0.447059 35
3527 161 8 169 0.905325 18
3528 51 151 202 -0.49505 35
3529 98 63 161 0.217391 30
3530 15 143 158 -0.810127 27
3531 166 27 193 0.720207 32
3532 58 133 191 -0.39267 33
3533 29 89 118 -0.508475 31
3534 91 61 152 0.197368 31
3535 25 172 197 -0.746193 30
3536 148 34 182 0.626374 28
3537 42 141 183 -0.540984 33
3538 35 113 148 -0.527027 32
3539 132 51 183 0.442623 36
3540 36 150 186 -0.612903 33
3541 91 32 123 0.479675 30
3542 24 133 157 -0.694268 27
3543 79 76 155 0.0193548 33
3544 150 27 177 0.694915 28
3545 211 13 224 0.883929 28
3546 31 130 161 -0.614907 27
3547 88 98 186 -0.0537634 35
3548 198 26 224 0.767857 30
3549 11 181 192 -0.885417 24
3550 143 48 191 0.497382 33
3551 55 130 185 -0.405405 35
3552 168 29 197 0.705584 32
3553 110 39 149 0.47651 32
3554 26 112 138 -0.623188 28
3555 167 24 191 0.748691 30
3556 76 78 154 -0.012987 29
3557 133 25 158 0.683544 27
3558 9 209 218 -0.917431 26
3559 67 119 186 -0.27957 24
3560 5 19 24 -0.583333 17
3561 115 35 150 0.533333 30
3562 96 67 163 0.177914 30
3563 38 130 168 -0.547619 36
3564 114 16 130 0.753846 27
3565 81 86 167 -0.0299401 38
3566 69 78 147 -0.0612245 33
3567 43 167 210 -0.590476 32
3568 87 69 156 0.115385 30
3569 57 95 152 -0.25 32
3570 20 158 178 -0.775281 30
3571 92 42 134 0.373134 27
3572 113 47 160 0.4125 32
3573 84 74 158 0.0632911 34
3574 78 69 147 0.0612245 34
3575 99 49 148 0.337838 29
3576 42 131 173 -0.514451 32
3577 72 27 99 0.454545 24
3578 12 195 207 -0.884058 29
3579 1 168 169 -0.988166 20
3580 22 195 217 -0.797235 21
3581 94 62 156 0.205128 36
3582 120 30 150 0.6 31
3583 157 42 199 0.577889 29
3584 22 148 170 -0.741176 30
3585 24 37 61 -0.213115 21
3586 175 21 196 0.785714 27
3587 80 83 163 -0.0184049 36
3588 245 5 250 0.96 22
3589 44 159 203 -0.566502 26
3590 24 219 243 -0.802469 27
3591 81 63 144 0.125 31
3592 70 95 165 -0.151515 30
3593 137 20 157 0.745223 26
3594 63 96 159 -0.207547 33
3595 54 86 140 -0.228571 29
3596 196 8 204 0.921569 21
3597 13 164 177 -0.853107 28
3598 102 62 164 0.243902 32
3599 72 70 142 0.0140845 28
3600 76 94 170 -0.105882 32
3601 184 15 199 0.849246 25
3602 22 152 174 -0.747126 30
3603 133 47 180 0.477778 34
3604 31 133 164 -0.621951 30
3605 16 119 135 -0.762963 26
3606 150 18 168 0.785714 31
3607 62 105 167 -0.257485 36
3608 113 44 157 0.43949 31
3609 73 96 169 -0.136095 28
3610 40 119 159 -0.496855 29
3611 117 40 157 0.490446 25
3612 104 66 170 0.223529 28
3613 174 9 183 0.901639 23
3614 45 152 197 -0.543147 36
3615 33 108 141 -0.531915 31
3616 14 106 120 -0.766667 27
3617 119 41 160 0.4875 26
3618 99 50 149 0.328859 27
3619 67 68 135 -0.00740741 33
3620 65 118 183 -0.289617 34
3621 180 10 190 0.894737 20
3622 199 7 206 0.932039 23
3623 73 121 194 -0.247423 33
3624 17 134 151 -0.774834 16
3625 68 69 137 -0.00729927 29
3626 49 94 143 -0.314685 29
3627 85 79 164 0.0365854 32
3628 23 150 173 -0.734104 30
3629 8 186 194 -0.917526 24
3630 28 165 193 -0.709845 31
3631 70 94 164 -0.146341 30
3632 83 38 121 0.371901 27
3633 6 217 223 -0.946188 17
3634 92 81 173 0.0635838 37
3635 137 21 158 0.734177 23
3636 38 185 223 -0.659193 30
3637 106 49 155 0.367742 33
3638 24 151 175 -0.725714 27
3639 172 8 180 0.911111 24
3640 47 67 114 -0.175439 30
3641 26 104 130 -0.6 28
3642 41 170 211 -0.611374 32
3643 28 143 171 -0.672515 28
3644 118 43 161 0.465839 36
3645 128 29 157 0.630573 32
3646 75 115 190 -0.210526 31
3647 184 6 190 0.936842 25
3648 12 233 245 -0.902041 28
3649 125 32 157 0.592357 26
3650 177 24 201 0.761194 33
3651 94 71 165 0.139394 29
3652 93 90 183 0.0163934 38
3653 129 62 191 0.350785 33
3654 155 75 230 0.347826 35
3655 177 6 183 0.934426 24
3656 86 66 152 0.131579 27
3657 31 192 223 -0.721973 31
3658 57 122 179 -0.363128 34
3659 58 70 128 -0.09375 29
3660 83 96 179 -0.0726257 29
3661 120 96 216 0.111111 33
3662 156 48 204 0.529412 30
3663 102 40 142 0.43662 36
3664 31 165 196 -0.683673 33
3665 28 128 156 -0.641026 27
3666 126 21 147 0.714286 31
3667 82 113 195 -0.158974 35
3668 35 125 160 -0.5625 29
3669 5 225 230 -0.956522 22
3670 81 39 120 0.35 31
3671 127 29 156 0.628205 32
3672 140 40 180 0.555556 36
3673 13 22 35 -0.257143 15
3674 44 95 139 -0.366906 35
3675 102 84 186 0.0967742 36
3676 148 7 155 0.909677 22
3677 132 38 170 0.552941 33
3678 71 91 162 -0.123457 36
3679 149 10 159 0.874214 24
3680 90 93 183 -0.0163934 33
3681 29 141 170 -0.658824 28
3682 21 138 159 -0.735849 27
3683 101 64 165 0.224242 31
3684 46 97 143 -0.356643 37
3685 141 21 162 0.740741 30
3686 59 148 207 -0.429952 26
3687 87 58 145 0.2 34
3688 138 20 158 0.746835 30
3689 34 127 161 -0.57764 28
3690 17 171 188 -0.819149 31
3691 134 40 174 0.54023 30
3692 70 127 197 -0.28934 34
3693 27 188 215 -0.748837 30
3694 161 9 170 0.894118 23
3695 74 90 164 -0.097561 30
3696 167 20 187 0.786096 26
3697 112 43 155 0.445161 31
3698 31 169 200 -0.69 32
3699 29 115 144 -0.597222 31
3700 98 51 149 0.315436 32
3701 155 24 179 0.731844 31
3702 47 135 182 -0.483516 31
3703 35 115 150 -0.533333 31
3704 26 157 183 -0.715847 29
3705 59 135 194 -0.391753 30
3706 44 114 158 -0.443038 30
3707 76 99 175 -0.131429 37
3708 12 214 226 -0.893805 26
3709 56 104 160 -0.3 37
3710 47 133 180 -0.477778 27
3711 18 139 157 -0.770701 31
3712 62 108 170 -0.270588 33
3713 183 15 198 0.848485 30
3714 15 164 179 -0.832402 27
3715 15 173 188 -0.840426 28
3716 21 169 190 -0.778947 30
3717 24 198 222 -0.783784 29
3718 112 38 150 0.493333 30
3719 133 27 160 0.6625 25
3720 106 55 161 0.31677 34
3721 103 80 183 0.125683 36
3722 51 100 151 -0.324503 33
3723 25 115 140 -0.642857 29
3724 78 70 148 0.0540541 33
3725 27 173 200 -0.73 28
3726 7 76 83 -0.831325 23
3727 216 21 237 0.822785 23
3728 157 13 170 0.847059 24
3729 62 83 145 -0.144828 33
3730 154 40 194 0.587629 33
3731 91 72 163 0.116564 28
3732 46 105 151 -0.390728 28
3733 46 122 168 -0.452381 29
3734 29 143 172 -0.662791 32
3735 219 7 226 0.938053 24
3736 41 125 166 -0.506024 31
3737 77 104 181 -0.149171 30
3738 97 86 183 0.0601093 35
3739 91 77 168 0.0833333 35
3740 12 157 169 -0.857988 25
3741 83 32 115 0.443478 30
3742 7 143 150 -0.906667 22
3743 62 115 177 -0.299435 31
3744 134 35 169 0.585799 31
3745 10 199 209 -0.904306 21
3746 82 21 103 0.592233 24
3747 23 200 223 -0.793722 28
3748 51 97 148 -0.310811 29
3749 84 46 130 0.292308 34
3750 109 36 145 0.503448 31
3751 135 27 162 0.666667 30
3752 100 79 179 0.117318 33
3753 87 63 150 0.16 27
3754 142 8 150 0.893333 26
3755 75 100 175 -0.142857 33
3756 5 184 189 -0.94709 18
3757 21 174 195 -0.784615 34
3758 72 82 154 -0.0649351 29
3759 35 107 142 -0.507042 33
3760 12 119 131 -0.816794 27
3761 77 97 174 -0.114943 32
3762 56 126 182 -0.384615 33
3763 75 85 160 -0.0625 27
3764 177 32 209 0.69378 32
3765 110 45 155 0.419355 28
3766 55 49 104 0.0576923 26
3767 17 123 140 -0.757143 27
3768 99 71 170 0.164706 32
3769 22 69 91 -0.516484 22
3770 59 111 170 -0.305882 37
3771 31 159 190 -0.673684 35
3772 17 95 112 -0.696429 26
3773 165 33 198 0.666667 29
3774 90 86 176 0.0227273 35
3775 25 170 195 -0.74359 31
3776 44 107 151 -0.417219 30
3777 93 55 148 0.256757 36
3778 7 131 138 -0.898551 22
3779 111 79 190 0.168421 30
3780 44 90 134 -0.343284 34
3781 14 144 158 -0.822785 28
3782 52 95 147 -0.292517 25
3783 44 128 172 -0.488372 29
3784 49 99 148 -0.337838 26
3785 181 17 198 0.828283 25
3786 91 26 117 0.555556 23
3787 35 154 189 -0.62963 30
3788 71 68 139 0.0215827 30
3789 23 156 179 -0.743017 30
3790 84 132 216 -0.222222 34
3791 52 153 205 -0.492683 20
3792 5 11 16 -0.375 12
3793 101 59 160 0.2625 31
3794 141 26 167 0.688623 32
3795 39 104 143 -0.454545 33
3796 60 98 158 -0.240506 30
3797 72 94 166 -0.13253 33
3798 114 52 166 0.373494 27
3799 80 111 191 -0.162304 37
3800 178 12 190 0.873684 27
3801 40 139 179 -0.553073 32
3802 34 149 183 -0.628415 30
3803 125 8 133 0.879699 18
3804 52 106 158 -0.341772 28
3805 142 24 166 0.710843 32
3806 66 63 129 0.0232558 31
3807 133 58 191 0.39267 38
3808 184 26 210 0.752381 29
3809 47 110 157 -0.401274 29
3810 88 42 130 0.353846 26
3811 170 38 208 0.634615 33
3812 111 34 145 0.531034 31
3813 123 36 159 0.54717 30
3814 76 80 156 -0.025641 33
3815 127 62 189 0.343915 28
3816 167 16 183 0.825137 27
3817 93 47 140 0.328571 33
3818 53 100 153 -0.30719 37
3819 128 16 144 0.777778 30
3820 2 202 204 -0.980392 21
3821 101 78 179 0.128492 32
3822 81 143 224 -0.276786 33
3823 71 45 116 0.224138 31
3824 54 194 248 -0.564516 23
3825 7 153 160 -0.9125 25
3826 38 36 74 0.027027 25
3827 65 139 204 -0.362745 32
3828 41 129 170 -0.517647 31
3829 47 98 145 -0.351724 32
3830 60 102 162 -0.259259 34
3831 167 17 184 0.815217 27
3832 45 193 238 -0.621849 35
3833 125 57 182 0.373626 31
3834 9 207 216 -0.916667 25
3835 3 201 204 -0.970588 22
3836 65 116 181 -0.281768 34
3837 186 4 190 0.957895 22
3838 134 42 176 0.522727 27
3839 129 28 157 0.643312 25
3840 111 39 150 0.48 31
3841 38 159 197 -0.614213 28
3842 97 63 160 0.2125 35
3843 161 21 182 0.769231 24
3844 20 153 173 -0.768786 31
3845 79 123 202 -0.217822 32
3846 126 35 161 0.565217 33
3847 51 107 158 -0.35443 32
3848 96 42 138 0.391304 32
3849 55 75 130 -0.153846 36
3850 54 94 148 -0.27027 29
3851 123 62 185 0.32973 35
3852 163 31 194 0.680412 30
3853 162 43 205 0.580488 34
3854 186 15 201 0.850746 30
3855 118 43 161 0.465839 33
3856 123 46 169 0.455621 33
3857 72 100 172 -0.162791 33
3858 32 144 176 -0.636364 29
3859 36 140 176 -0.590909 32
3860 220 3 223 0.973094 20
3861 129 57 186 0.387097 35
3862 28 72 100 -0.44 29
3863 44 150 194 -0.546392 30
3864 50 99 149 -0.328859 33
3865 175 18 193 0.813472 31
3866 172 28 200 0.72 32
3867 34 158 192 -0.645833 32
3868 94 51 145 0.296552 28
3869 93 88 181 0.0276243 37
3870 25 149 174 -0.712644 27
3871 116 28 144 0.611111 30
3872 160 21 181 0.767956 29
3873 90 89 179 0.00558659 33
3874 67 105 172 -0.22093 33
3875 221 7 228 0.938596 24
3876 21 170 191 -0.780105 27
3877 41 21 62 0.322581 22
3878 84 69 153 0.0980392 31
3879 113 85 198 0.141414 33
3880 182 14 196 0.857143 28
3881 14 37 51 -0.45098 18
3882 47 124 171 -0.450292 35
3883 75 70 145 0.0344828 31
3884 171 17 188 0.819149 26
3885 13 170 183 -0.857923 27
3886 35 160 195 -0.641026 32
3887 157 21 178 0.764045 29
3888 117 43 160 0.4625 33
3889 107 82 189 0.132275 32
3890 71 109 180 -0.211111 33
3891 108 96 204 0.0588235 27
3892 19 59 78 -0.512821 24
3893 165 11 176 0.875 27
3894 72 77 149 -0.033557 30
3895 27 175 202 -0.732673 22
3896 45 118 163 -0.447853 36
3897 84 57 141 0.191489 32
3898 157 22 179 0.75419 31
3899 34 165 199 -0.658291 34
3900 229 7 236 0.940678 22
3901 31 117 148 -0.581081 30
3902 187 24 211 0.772512 33
3903 9 216 225 -0.92 20
3904 17 153 170 -0.8 30
3905 98 60 158 0.240506 34
3906 26 157 183 -0.715847 31
3907 61 114 175 -0.302857 34
3908 70 102 172 -0.186047 33
3909 79 111 190 -0.168421 35
3910 43 135 178 -0.516854 31
3911 81 103 184 -0.119565 28
3912 44 121 165 -0.466667 34
3913 117 44 161 0.453416 30
3914 64 97 161 -0.204969 34
3915 34 138 172 -0.604651 35
3916 82 84 166 -0.0120482 31
3917 113 51 164 0.378049 34
3918 163 9 172 0.895349 25
3919 92 64 156 0.179487 29
3920 48 141 189 -0.492063 28
3921 120 26 146 0.643836 32
3922 62 101 163 -0.239264 35
3923 117 36 153 0.529412 34
3924 85 50 135 0.259259 30
3925 201 10 211 0.905213 27
3926 128 35 163 0.570552 35
3927 162 16 178 0.820225 31
3928 107 75 182 0.175824 29
3929 45 161 206 -0.563107 31
3930 56 97 153 -0.267974 30
3931 14 183 197 -0.857868 22
3932 89 75 164 0.0853659 36
3933 16 119 135 -0.762963 25
3934 167 16 183 0.825137 29
3935 143 24 167 0.712575 28
3936 58 58 116 0 28
3937 106 35 141 0.503546 30
3938 58 69 127 -0.0866142 33
3939 160 15 175 0.828571 26
3940 16 160 176 -0.818182 29
3941 110 53 163 0.349693 32
3942 47 150 197 -0.522843 30
3943 73 98 171 -0.146199 32
3944 49 100 149 -0.342282 32
3945 29 132 161 -0.639752 28
3946 104 39 143 0.454545 26
3947 46 96 142 -0.352113 29
3948 12 90 102 -0.764706 21
3949 96 73 169 0.136095 33
3950 116 21 137 0.693431 28
3951 21 160 181 -0.767956 31
3952 30 133 163 -0.631902 30
3953 107 56 163 0.312883 27
3954 89 91 180 -0.0111111 34
3955 120 49 169 0.420118 25
3956 11 181 192 -0.885417 26
3957 139 51 190 0.463158 31
3958 94 79 173 0.0867052 35
3959 112 42 154 0.454545 32
3960 48 98 146 -0.342466 29
3961 36 141 177 -0.59322 31
3962 157 6 163 0.92638 24
3963 55 98 153 -0.281046 36
3964 45 31 76 0.184211 25
3965 18 158 176 -0.795455 29
3966 98 70 168 0.166667 28
3967 24 145 169 -0.715976 27
3968 106 22 128 0.65625 32
3969 48 107 155 -0.380645 33
3970 11 212 223 -0.901345 28
3971 113 40 153 0.477124 28
3972 64 82 146 -0.123288 26
3973 24 221 245 -0.804082 28
3974 107 58 165 0.29697 33
3975 12 154 166 -0.855422 27
3976 71 82 153 -0.0718954 35
3977 151 39 190 0.589474 30
3978 14 59 73 -0.616438 21
3979 30 120 150 -0.6 26
3980 114 65 179 0.273743 28
3981 78 54 132 0.181818 27
3982 87 20 107 0.626168 31
3983 32 64 96 -0.333333 34
3984 10 178 188 -0.893617 28
3985 19 172 191 -0.801047 28
3986 20 177 197 -0.796954 27
3987 128 23 151 0.695364 28
3988 99 54 153 0.294118 30
3989 2 57 59 -0.932203 15
3990 84 72 156 0.0769231 30
3991 102 30 132 0.545455 30
3992 124 39 163 0.521472 30
3993 223 13 236 0.889831 29
3994 70 55 125 0.12 29
3995 88 108 196 -0.102041 32
3996 110 61 171 0.28655 33
3997 147 51 198 0.484848 29
3998 55 84 139 -0.208633 34
3999 59 89 148 -0.202703 23
4000 154 36 190 0.621053 32
4001 6 211 217 -0.9447 20
4002 93 68 161 0.15528 33
4003 12 142 154 -0.844156 25
4004 56 144 200 -0.44 33
4005 104 24 128 0.625 32
4006 98 83 181 0.0828729 33
4007 111 41 152 0.460526 32
4008 64 70 134 -0.0447761 30
4009 122 64 186 0.311828 35
4010 16 128 144 -0.777778 29
4011 65 51 116 0.12069 32
4012 76 84 160 -0.05 32
4013 145 24 169 0.715976 27
4014 133 48 181 0.469613 25
4015 77 46 123 0.252033 31
4016 8 2 10 0.6 7
4017 15 236 251 -0.880478 24
4018 11 153 164 -0.865854 21
4019 88 58 146 0.205479 30
4020 78 124 202 -0.227723 27
4021 13 111 124 -0.790323 28
4022 75 76 151 -0.00662252 31
4023 59 111 170 -0.305882 35
4024 64 136 200 -0.36 37
4025 145 14 159 0.823899 30
4026 72 86 158 -0.0886076 33
4027 25 129 154 -0.675325 31
4028 226 21 247 0.82996 26
4029 9 173 182 -0.901099 24
4030 66 65 131 0.00763359 31
4031 112 43 155 0.445161 33
4032 80 115 195 -0.179487 30
4033 41 138 179 -0.541899 34
4034 119 94 213 0.117371 28
4035 102 39 141 0.446809 34
4036 120 61 181 0.325967 29
4037 165 29 194 0.701031 31
4038 58 113 171 -0.321637 28
4039 38 124 162 -0.530864 36
4040 139 10 149 0.865772 28
4041 74 29 103 0.436893 31
4042 136 18 154 0.766234 31
4043 6 120 126 -0.904762 22
4044 26 177 203 -0.743842 30
4045 55 125 180 -0.388889 32
4046 75 108 183 -0.180328 30
4047 180 17 197 0.827411 27
4048 163 14 177 0.841808 23
4049 24 104 128 -0.625 27
4050 36 108 144 -0.5 27
4051 45 141 186 -0.516129 29
4052 11 242 253 -0.913043 26
4053 75 93 168 -0.107143 33
4054 72 133 205 -0.297561 31
4055 24 121 145 -0.668966 31
4056 165 15 180 0.833333 28
4057 54 124 178 -0.393258 33
4058 83 97 180 -0.0777778 27
4059 180 5 185 0.945946 24
4060 34 100 134 -0.492537 28
4061 35 132 167 -0.580838 33
4062 15 122 137 -0.781022 25
4063 47 118 165 -0.430303 30
4064 139 42 181 0.535912 25
4065 84 75 159 0.0566038 30
4066 120 21 141 0.702128 26
4067 201 42 243 0.654321 31
4068 99 66 165 0.2 35
4069 44 123 167 -0.473054 32
4070 56 81 137 -0.182482 27
4071 89 92 181 -0.0165746 34
4072 122 60 182 0.340659 34
4073 63 80 143 -0.118881 31
4074 75 96 171 -0.122807 37
4075 112 58 170 0.317647 24
4076 52 96 148 -0.297297 34
4077 45 141 186 -0.516129 28
4078 192 6 198 0.939394 23
4079 29 155 184 -0.684783 34
4080 87 54 141 0.234043 29
4081 156 51 207 0.507246 34
4082 153 28 181 0.690608 30
4083 107 73 180 0.188889 34
4084 129 52 181 0.425414 35
4085 85 79 164 0.0365854 31
4086 110 52 162 0.358025 33
4087 83 47 130 0.276923 29
4088 24 134 158 -0.696203 29
4089 66 83 149 -0.114094 31
4090 73 49 122 0.196721 23
4091 51 56 107 -0.046729 27
4092 147 11 158 0.860759 25
4093 48 99 147 -0.346939 29
4094 53 89 142 -0.253521 30
4095 199 6 205 0.941463 21
4096 72 62 134 0.0746269 32
4097 86 63 149 0.154362 27
4098 11 194 205 -0.892683 22
4099 172 16 188 0.829787 27
4100 82 48 130 0.261538 32
4101 90 49 139 0.294964 31
4102 76 70 146 0.0410959 31
4103 126 30 156 0.615385 32
4104 169 14 183 0.846995 22
4105 78 83 161 -0.0310559 32
4106 58 141 199 -0.417085 38
4107 26 188 214 -0.757009 31
4108 118 41 159 0.484277 26
4109 44 98 142 -0.380282 28
4110 16 122 138 -0.768116 24
4111 182 17 199 0.829146 30
4112 25 137 162 -0.691358 31
4113 166 26 192 0.729167 32
4114 126 8 134 0.880597 25
4115 8 162 170 -0.905882 22
4116 54 64 118 -0.0847458 28
4117 102 31 133 0.533835 33
4118 123 43 166 0.481928 32
4119 43 112 155 -0.445161 26
4120 10 155 165 -0.878788 22
4121 99 37 136 0.455882 29
4122 12 172 184 -0.869565 25
4123 20 229 249 -0.839357 26
4124 65 125 190 -0.315789 32
4125 220 32 252 0.746032 30
4126 129 70 199 0.296482 35
4127 31 145 176 -0.647727 26
4128 35 96 131 -0.465649 33
4129 146 12 158 0.848101 27
4130 82 68 150 0.0933333 31
4131 28 147 175 -0.68 24
4132 133 66 199 0.336683 35
4133 19 178 197 -0.807107 26
4134 28 135 163 -0.656442 31
4135 142 40 182 0.56044 31
4136 97 82 179 0.0837989 31
4137 55 77 132 -0.166667 24
4138 80 61 141 0.134752 30
4139 167 41 208 0.605769 34
4140 51 124 175 -0.417143 31
4141 134 11 145 0.848276 25
4142 83 77 160 0.0375 32
4143 119 75 194 0.226804 29
4144 17 141 158 -0.78481 28
4145 32 152 184 -0.652174 35
4146 138 21 159 0.735849 27
4147 50 126 176 -0.431818 29
4148 74 85 159 -0.0691824 31
4149 138 25 163 0.693252 31
4150 76 61 137 0.109489 34
4151 208 14 222 0.873874 27
4152 88 79 167 0.0538922 33
4153 74 83 157 -0.0573248 34
4154 72 75 147 -0.0204082 29
4155 34 117 151 -0.549669 34
4156 30 88 118 -0.491525 24
4157 108 63 171 0.263158 32
4158 91 61 152 0.197368 33
4159 167 15 182 0.835165 26
4160 86 70 156 0.102564 29
4161 9 216 225 -0.92 26
4162 109 51 160 0.3625 36
4163 89 82 171 0.0409357 34
4164 202 8 210 0.92381 16
4165 201 23 224 0.794643 31
4166 28 195 223 -0.748879 35
4167 149 17 166 0.795181 25
4168 23 178 201 -0.771144 29
4169 16 127 143 -0.776224 29
4170 46 186 232 -0.603448 32
4171 28 176 204 -0.72549 29
4172 57 100 157 -0.273885 35
4173 58 100 158 -0.265823 33
4174 53 112 165 -0.357576 33
4175 24 187 211 -0.772512 31
4176 53 91 144 -0.263889 30
4177 80 72 152 0.0526316 26
4178 87 59 146 0.191781 30
4179 86 101 187 -0.0802139 32
4180 11 203 214 -0.897196 26
4181 77 99 176 -0.125 34
4182 59 124 183 -0.355191 36
4183 92 51 143 0.286713 35
4184 85 89 174 -0.0229885 33
4185 229 11 240 0.908333 24
4186 4 213 217 -0.963134 17
4187 44 135 179 -0.50838 33
4188 128 13 141 0.815603 26
4189 93 92 185 0.00540541 32
4190 7 188 195 -0.928205 24
4191 58 107 165 -0.29697 29
4192 107 25 132 0.621212 28
4193 156 44 200 0.56 31
4194 19 162 181 -0.790055 32
4195 136 36 172 0.581395 33
4196 147 16 163 0.803681 27
4197 33 178 211 -0.687204 32
4198 61 74 135 -0.0962963 30
4199 69 69 138 0 32
4200 138 59 197 0.401015 34
4201 228 12 240 0.9 25
4202 159 21 180 0.766667 28
4203 84 49 133 0.263158 35
4204 56 109 165 -0.321212 34
4205 96 88 184 0.0434783 31
4206 89 81 170 0.0470588 32
4207 17 145 162 -0.790123 29
4208 19 155 174 -0.781609 27
4209 57 65 122 -0.0655738 29
4210 114 50 164 0.390244 33
4211 40 112 152 -0.473684 33
4212 44 170 214 -0.588785 34
4213 141 78 219 0.287671 34
4214 71 112 183 -0.224044 33
4215 83 68 151 0.0993377 33
4216 55 96 151 -0.271523 35
4217 88 65 153 0.150327 29
4218 46 138 184 -0.5 32
4219 16 166 182 -0.824176 29
4220 20 79 99 -0.59596 29
4221 140 28 168 0.666667 34
4222 142 28 170 0.670588 27
4223 96 40 136 0.411765 32
4224 22 169 191 -0.769634 30
4225 146 8 154 0.896104 24
4226 98 69 167 0.173653 30
4227 198 12 210 0.885714 17
4228 17 225 242 -0.859504 25
4229 105 10 115 0.826087 26
4230 209 16 225 0.857778 28
4231 28 199 227 -0.753304 31
4232 14 192 206 -0.864078 29
4233 19 152 171 -0.777778 33
4234 139 25 164 0.695122 32
4235 45 88 133 -0.323308 30
4236 70 77 147 -0.047619 34
4237 39 117 156 -0.5 28
4238 133 34 167 0.592814 31
4239 104 65 169 0.230769 32
4240 19 33 52 -0.269231 16
4241 80 63 143 0.118881 31
4242 169 25 194 0.742268 25
4243 118 33 151 0.562914 29
4244 183 8 191 0.91623 22
4245 195 15 210 0.857143 29
4246 107 38 145 0.475862 32
4247 120 70 190 0.263158 36
4248 235 16 251 0.87251 23
4249 68 112 180 -0.244444 29
4250 137 33 170 0.611765 32
4251 118 37 155 0.522581 26
4252 52 96 148 -0.297297 26
4253 37 95 132 -0.439394 32
4254 133 45 178 0.494382 35
4255 150 22 172 0.744186 30
4256 9 161 170 -0.894118 21
4257 39 118 157 -0.503185 29
4258 152 16 168 0.809524 26
4259 109 56 165 0.321212 33
4260 142 33 175 0.622857 31
4261 76 86 162 -0.0617284 37
4262 207 11 218 0.899083 24
4263 136 50 186 0.462366 30
4264 111 29 140 0.585714 30
4265 92 71 163 0.128834 33
4266 70 104 174 -0.195402 34
4267 12 147 159 -0.849057 27
4268 193 17 210 0.838095 29
4269 75 89 164 -0.0853659 33
4270 39 112 151 -0.483444 32
4271 158 36 194 0.628866 32
4272 24 167 191 -0.748691 29
4273 90 68 158 0.139241 28
4274 110 65 175 0.257143 29
4275 124 69 193 0.284974 29
4276 43 103 146 -0.410959 25
4277 79 96 175 -0.0971429 36
4278 19 146 165 -0.769697 29
4279 62 112 174 -0.287356 31
4280 145 22 167 0.736527 33
4281 114 4 118 0.932203 20
4282 62 88 150 -0.173333 34
4283 34 144 178 -0.617978 33
4284 127 37 164 0.54878 34
4285 143 53 196 0.459184 31
4286 113 42 155 0.458065 30
4287 133 36 169 0.573964 28
4288 147 65 212 0.386792 33
4289 53 69 122 -0.131148 28
4290 35 108 143 -0.51049 30
4291 143 35 178 0.606742 31
4292 20 242 262 -0.847328 24
4293 190 9 199 0.909548 26
4294 18 175 193 -0.813472 31
4295 116 10 126 0.84127 26
4296 125 30 155 0.612903 31
4297 155 28 183 0.693989 30
4298 40 156 196 -0.591837 35
4299 54 104 158 -0.316456 34
4300 63 88 151 -0.165563 28
4301 36 142 178 -0.595506 28
4302 115 48 163 0.411043 27
4303 53 91 144 -0.263889 34
4304 124 33 157 0.579618 32
4305 51 94 145 -0.296552 35
4306 105 74 179 0.173184 35
4307 113 11 124 0.822581 26
4308 37 72 109 -0.321101 30
4309 61 124 185 -0.340541 31
4310 150 12 162 0.851852 26
4311 58 120 178 -0.348315 25
4312 49 127 176 -0.443182 31
4313 142 57 199 0.427136 30
4314 0 162 162 -1 13
4315 107 38 145 0.475862 30
4316 36 142 178 -0.595506 32
4317 131 55 186 0.408602 32
4318 77 108 185 -0.167568 29
4319 56 79 135 -0.17037 26
4320 137 54 191 0.434555 34
4321 32 157 189 -0.661376 30
4322 8 187 195 -0.917949 24
4323 50 136 186 -0.462366 33
4324 162 29 191 0.696335 29
4325 76 70 146 0.0410959 34
4326 32 121 153 -0.581699 26
4327 44 155 199 -0.557789 34
4328 100 71 171 0.169591 32
4329 118 39 157 0.503185 33
4330 77 135 212 -0.273585 35
4331 75 44 119 0.260504 27
4332 132 20 152 0.736842 28
4333 19 199 218 -0.825688 28
4334 54 92 146 -0.260274 33
4335 110 73 183 0.202186 36
4336 18 146 164 -0.780488 30
4337 58 86 144 -0.194444 25
4338 126 60 186 0.354839 33
4339 56 93 149 -0.248322 26
4340 156 31 187 0.668449 33
4341 97 49 146 0.328767 31
4342 63 106 169 -0.254438 32
4343 213 12 225 0.893333 24
4344 6 237 243 -0.950617 22
4345 98 88 186 0.0537634 33
4346 171 8 179 0.910615 26
4347 143 38 181 0.58011 29
4348 24 154 178 -0.730337 32
4349 176 19 195 0.805128 30
4350 22 139 161 -0.726708 29
4351 170 6 176 0.931818 24
4352 37 126 163 -0.546012 33
4353 64 100 164 -0.219512 32
4354 126 53 179 0.407821 33
4355 161 14 175 0.84 28
4356 59 113 172 -0.313953 35
4357 132 53 185 0.427027 31
4358 80 84 164 -0.0243902 33
4359 18 188 206 -0.825243 29
4360 141 34 175 0.611429 32
4361 40 140 180 -0.555556 28
4362 121 63 184 0.315217 35
4363 185 10 195 0.897436 26
4364 211 9 220 0.918182 20
4365 22 136 158 -0.721519 28
4366 63 97 160 -0.2125 30
4367 72 63 135 0.0666667 31
4368 15 152 167 -0.820359 27
4369 111 73 184 0.206522 35
4370 74 93 167 -0.113772 29
4371 92 59 151 0.218543 27
4372 23 145 168 -0.72619 24
4373 9 151 160 -0.8875 23
4374 83 86 169 -0.0177515 34
4375 133 32 165 0.612121 29
4376 103 54 157 0.312102 31
4377 77 73 150 0.0266667 29
4378 25 119 144 -0.652778 31
4379 18 147 165 -0.781818 28
4380 88 79 167 0.0538922 29
4381 59 91 150 -0.213333 31
4382 48 98 146 -0.342466 28
4383 39 40 79 -0.0126582 23
4384 85 57 142 0.197183 31
4385 213 49 262 0.625954 30
4386 103 89 192 0.0729167 37
4387 95 78 173 0.0982659 30
4388 125 67 192 0.302083 33
4389 96 39 135 0.422222 31
4390 48 83 131 -0.267176 34
4391 50 108 158 -0.367089 29
4392 68 114 182 -0.252747 32
4393 195 10 205 0.902439 21
4394 194 31 225 0.724444 28
4395 82 91 173 -0.0520231 37
4396 136 34 170 0.6 35
4397 26 104 130 -0.6 32
4398 128 43 171 0.497076 34
4399 105 38 143 0.468531 31
4400 21 184 205 -0.795122 31
4401 124 37 161 0.540373 27
4402 154 11 165 0.866667 29
4403 72 76 148 -0.027027 37
4404 8 177 185 -0.913514 26
4405 109 33 142 0.535211 33
4406 101 60 161 0.254658 33
4407 147 44 191 0.539267 36
4408 84 53 137 0.226277 33
4409 113 22 135 0.674074 30
4410 82 98 180 -0.0888889 32
4411 36 152 188 -0.617021 32
4412 28 116 144 -0.611111 25
4413 30 168 198 -0.69697 27
4414 30 137 167 -0.640719 30
4415 30 177 207 -0.710145 31
4416 39 168 207 -0.623188 32
4417 36 113 149 -0.516779 35
4418 39 172 211 -0.630332 33
4419 46 119 165 -0.442424 33
4420 7 240 247 -0.94332 21
4421 46 141 187 -0.508021 26
4422 25 212 237 -0.78903 26
4423 85 57 142 0.197183 32
4424 91 89 180 0.0111111 34
4425 84 77 161 0.0434783 35
4426 23 172 195 -0.764103 31
4427 179 50 229 0.563319 36
4428 210 19 229 0.834061 25
4429 73 59 132 0.106061 36
4430 51 117 168 -0.392857 31
4431 43 33 76 0.131579 26
4432 147 44 191 0.539267 34
4433 47 109 156 -0.397436 25
4434 88 73 161 0.0931677 31
4435 5 207 212 -0.95283 18
4436 246 8 254 0.937008 23
4437 14 144 158 -0.822785 25
4438 147 30 177 0.661017 31
4439 200 8 208 0.923077 24
4440 58 133 191 -0.39267 33
4441 76 105 181 -0.160221 33
4442 83 72 155 0.0709677 33
4443 183 27 210 0.742857 31
4444 124 22 146 0.69863 28
4445 123 47 170 0.447059 32
4446 181 15 196 0.846939 28
4447 92 79 171 0.0760234 34
4448 61 124 185 -0.340541 29
4449 28 146 174 -0.678161 32
4450 85 75 160 0.0625 34
4451 61 35 96 0.270833 32
4452 118 28 146 0.616438 31
4453 123 28 151 0.629139 31
4454 48 112 160 -0.4 27
4455 78 109 187 -0.165775 31
4456 109 38 147 0.482993 33
4457 29 134 163 -0.644172 28
4458 17 147 164 -0.792683 27
4459 12 140 152 -0.842105 27
4460 23 139 162 -0.716049 26
4461 92 70 162 0.135802 36
4462 56 65 121 -0.0743802 34
4463 98 53 151 0.298013 34
4464 63 95 158 -0.202532 33
4465 35 114 149 -0.530201 29
4466 155 79 234 0.324786 34
4467 3 147 150 -0.96 22
4468 76 49 125 0.216 26
4469 154 5 159 0.937107 23
4470 67 96 163 -0.177914 32
4471 167 33 200 0.67 30
4472 17 139 156 -0.782051 27
4473 43 98 141 -0.390071 33
4474 91 56 147 0.238095 28
4475 29 183 212 -0.726415 29
4476 162 6 168 0.928571 23
4477 130 48 178 0.460674 30
4478 158 10 168 0.880952 25
4479 20 157 177 -0.774011 30
4480 151 41 192 0.572917 31
4481 5 156 161 -0.937888 22
4482 11 143 154 -0.857143 27
4483 136 20 156 0.74359 26
4484 87 87 174 0 29
4485 11 242 253 -0.913043 25
4486 59 88 147 -0.197279 36
4487 214 5 219 0.954338 18
4488 93 85 178 0.0449438 31
4489 119 45 164 0.45122 27
4490 22 64 86 -0.488372 22
4491 146 46 192 0.520833 35
4492 32 130 162 -0.604938 31
4493 49 110 159 -0.383648 36
4494 114 47 161 0.416149 29
4495 69 94 163 -0.153374 33
4496 52 85 137 -0.240876 27
4497 79 69 148 0.0675676 32
4498 152 12 164 0.853659 27
4499 112 53 165 0.357576 32
4500 88 78 166 0.060241 32
4501 225 8 233 0.93133 24
4502 15 182 197 -0.847716 22
4503 22 152 174 -0.747126 28
4504 124 9 133 0.864662 26
4505 117 24 141 0.659574 31
4506 121 34 155 0.56129 33
4507 7 135 142 -0.901408 24
4508 126 39 165 0.527273 34
4509 205 22 227 0.806167 21
4510 124 34 158 0.56962 30
4511 198 22 220 0.8 31
4512 14 136 150 -0.813333 28
4513 25 175 200 -0.75 28
4514 18 135 153 -0.764706 28
4515 181 32 213 0.699531 29
4516 93 15 108 0.722222 26
4517 40 121 161 -0.503106 30
4518 163 39 202 0.613861 27
4519 58 128 186 -0.376344 32
4520 30 110 140 -0.571429 32
4521 62 117 179 -0.307263 35
4522 52 149 201 -0.482587 36
4523 38 84 122 -0.377049 32
4524 15 151 166 -0.819277 26
4525 69 94 163 -0.153374 30
4526 91 56 147 0.238095 31
4527 220 42 262 0.679389 26
4528 91 102 193 -0.0569948 34
4529 121 57 178 0.359551 27
4530 49 102 151 -0.350993 33
4531 71 75 146 -0.0273973 30
4532 104 61 165 0.260606 33
4533 86 103 189 -0.0899471 38
4534 46 145 191 -0.518325 27
4535 75 47 122 0.229508 35
4536 37 164 201 -0.631841 33
4537 214 8 222 0.927928 25
4538 153 34 187 0.636364 30
4539 7 195 202 -0.930693 24
4540 89 63 152 0.171053 31
4541 6 186 192 -0.9375 22
4542 137 44 181 0.513812 33
4543 138 33 171 0.614035 33
4544 117 46 163 0.435583 30
4545 36 87 123 -0.414634 30
4546 196 11 207 0.89372 21
4547 53 138 191 -0.445026 31
4548 29 87 116 -0.5 28
4549 141 24 165 0.709091 27
4550 122 33 155 0.574194 30
4551 34 125 159 -0.572327 31
4552 204 12 216 0.888889 17
4553 17 97 114 -0.701754 30
4554 131 36 167 0.568862 28
4555 56 80 136 -0.176471 30
4556 228 19 247 0.846154 27
4557 11 147 158 -0.860759 26
4558 16 158 174 -0.816092 30
4559 41 141 182 -0.549451 32
4560 8 178 186 -0.913978 23
4561 126 27 153 0.647059 30
4562 65 147 212 -0.386792 31
4563 57 156 213 -0.464789 32
4564 19 12 31 0.225806 13
4565 146 24 170 0.717647 28
4566 57 123 180 -0.366667 34
4567 129 59 188 0.37234 32
4568 27 48 75 -0.28 23
4569 14 156 170 -0.835294 27
4570 45 121 166 -0.457831 29
4571 106 88 194 0.0927835 32
4572 42 167 209 -0.598086 27
4573 202 32 234 0.726496 28
4574 43 122 165 -0.478788 30
4575 36 131 167 -0.568862 33
4576 67 96 163 -0.177914 25
4577 113 77 190 0.189474 36
4578 189 32 221 0.710407 26
4579 231 10 241 0.917012 19
4580 30 81 111 -0.459459 32
4581 187 11 198 0.888889 26
4582 131 50 181 0.447514 32
4583 89 92 181 -0.0165746 34
4584 80 78 158 0.0126582 34
4585 92 81 173 0.0635838 30
4586 122 16 138 0.768116 27
4587 160 29 189 0.693122 29
4588 168 14 182 0.846154 24
4589 119 30 149 0.597315 29
4590 112 90 202 0.108911 32
4591 248 8 256 0.9375 22
4592 135 7 142 0.901408 24
4593 92 60 152 0.210526 36
4594 100 60 160 0.25 28
4595 72 114 186 -0.225806 30
4596 9 148 157 -0.88535 24
4597 104 62 166 0.253012 28
4598 106 43 149 0.422819 32
4599 120 37 157 0.528662 32
4600 123 78 201 0.223881 36
4601 90 72 162 0.111111 33
4602 77 79 156 -0.0128205 28
4603 150 36 186 0.612903 35
4604 124 63 187 0.326203 29
4605 41 169 210 -0.609524 33
4606 63 141 204 -0.382353 33
4607 155 31 186 0.666667 30
4608 145 33 178 0.629213 31
4609 170 18 188 0.808511 28
4610 68 147 215 -0.367442 32
4611 137 42 179 0.530726 31
4612 22 136 158 -0.721519 29
4613 11 207 218 -0.899083 28
4614 112 35 147 0.52381 36
4615 63 120 183 -0.311475 35
4616 185 27 212 0.745283 30
4617 154 14 168 0.833333 28
4618 46 42 88 0.0454545 22
4619 67 130 197 -0.319797 32
4620 89 59 148 0.202703 32
4621 55 102 157 -0.299363 27
4622 26 132 158 -0.670886 28
4623 39 144 183 -0.57377 33
4624 61 99 160 -0.2375 29
4625 87 69 156 0.115385 29
4626 124 39 163 0.521472 30
4627 113 60 173 0.306358 32
4628 103 91 194 0.0618557 30
4629 94 17 111 0.693694 27
4630 39 96 135 -0.422222 31
4631 34 131 165 -0.587879 33
4632 5 192 197 -0.949239 24
4633 91 24 115 0.582609 30
4634 68 4 72 0.888889 15
4635 19 147 166 -0.771084 27
4636 11 177 188 -0.882979 29
4637 74 96 170 -0.129412 28
4638 61 109 170 -0.282353 32
4639 73 72 145 0.00689655 35
4640 36 117 153 -0.529412 31
4641 7 174 181 -0.922652 22
4642 140 34 174 0.609195 33
4643 73 93 166 -0.120482 30
4644 13 178 191 -0.863874 26
4645 14 191 205 -0.863415 29
4646 145 47 192 0.510417 32
4647 44 146 190 -0.536842 33
4648 32 192 224 -0.714286 30
4649 69 121 190 -0.273684 36
4650 33 47 80 -0.175 26
4651 24 161 185 -0.740541 28
4652 12 229 241 -0.900415 23
4653 41 116 157 -0.477707 32
4654 51 83 134 -0.238806 34
4655 112 60 172 0.302326 34
4656 129 65 194 0.329897 34
4657 26 177 203 -0.743842 29
4658 112 44 156 0.435897 29
4659 131 32 163 0.607362 24
4660 38 104 142 -0.464789 34
4661 28 160 188 -0.702128 26
4662 68 94 162 -0.160494 36
4663 146 9 155 0.883871 26
4664 93 96 189 -0.015873 29
4665 111 73 184 0.206522 28
4666 117 42 159 0.471698 32
4667 62 103 165 -0.248485 34
4668 81 124 205 -0.209756 36
4669 132 59 191 0.382199 28
4670 54 129 183 -0.409836 32
4671 174 9 183 0.901639 22
4672 172 16 188 0.829787 30
4673 13 138 151 -0.827815 26
4674 7 174 181 -0.922652 24
4675 29 115 144 -0.597222 34
4676 8 173 181 -0.911602 21
4677 130 51 181 0.436464 34
4678 61 102 163 -0.251534 32
4679 34 164 198 -0.656566 31
4680 83 9 92 0.804348 11
4681 148 36 184 0.608696 30
4682 38 102 140 -0.457143 32
4683 167 35 202 0.653465 32
4684 126 23 149 0.691275 24
4685 17 171 188 -0.819149 27
4686 85 83 168 0.0119048 34
4687 53 159 212 -0.5 32
4688 22 144 166 -0.73494 27
4689 47 109 156 -0.397436 29
4690 97 82 179 0.0837989 30
4691 58 96 154 -0.246753 31
4692 61 120 181 -0.325967 35
4693 12 241 253 -0.905138 23
4694 94 51 145 0.296552 34
4695 73 19 92 0.586957 27
4696 239 10 249 0.919679 20
4697 79 66 145 0.0896552 36
4698 104 28 132 0.575758 22
4699 155 22 177 0.751412 30
4700 47 128 175 -0.462857 31
4701 80 57 137 0.167883 28
4702 59 94 153 -0.228758 30
4703 131 27 158 0.658228 32
4704 106 50 156 0.358974 30
4705 39 147 186 -0.580645 32
4706 8 187 195 -0.917949 21
4707 14 92 106 -0.735849 25
4708 155 12 167 0.856287 25
4709 107 54 161 0.329193 33
4710 95 40 135 0.407407 29
4711 100 51 151 0.324503 28
4712 12 8 20 0.2 15
4713 116 53 169 0.372781 35
4714 31 139 170 -0.635294 34
4715 120 49 169 0.420118 35
4716 189 8 197 0.918782 25
4717 145 58 203 0.428571 31
4718 68 105 173 -0.213873 33
4719 206 27 233 0.76824 30
4720 74 111 185 -0.2 28
4721 131 48 179 0.463687 35
4722 54 84 138 -0.217391 32
4723 59 94 153 -0.228758 29
4724 11 198 209 -0.894737 26
4725 84 34 118 0.423729 30
4726 90 71 161 0.118012 31
4727 31 158 189 -0.671958 30
4728 205 25 230 0.782609 32
4729 153 51 204 0.5 31
4730 136 31 167 0.628743 27
4731 68 140 208 -0.346154 36
4732 72 117 189 -0.238095 30
4733 32 114 146 -0.561644 33
4734 9 163 172 -0.895349 25
4735 105 69 174 0.206897 30
4736 33 178 211 -0.687204 24
4737 12 243 255 -0.905882 21
4738 40 138 178 -0.550562 32
4739 26 176 202 -0.742574 31
4740 27 116 143 -0.622378 32
4741 160 12 172 0.860465 21
4742 103 78 181 0.138122 31
4743 118 63 181 0.303867 33
4744 143 43 186 0.537634 26
4745 116 44 160 0.45 31
4746 62 36 98 0.265306 25
4747 105 50 155 0.354839 33
4748 40 106 146 -0.452055 30
4749 73 122 195 -0.251282 32
4750 113 60 173 0.306358 35
4751 60 104 164 -0.268293 30
4752 52 90 142 -0.267606 31
4753 30 165 195 -0.692308 33
4754 148 22 170 0.741176 28
4755 170 23 193 0.761658 32
4756 83 84 167 -0.00598802 34
4757 65 87 152 -0.144737 28
4758 5 104 109 -0.908257 19
4759 117 62 179 0.307263 36
4760 63 93 156 -0.192308 28
4761 40 168 208 -0.615385 30
4762 83 118 201 -0.174129 35
4763 67 92 159 -0.157233 33
4764 5 190 195 -0.948718 18
4765 106 61 167 0.269461 31
4766 75 76 151 -0.00662252 36
4767 174 15 189 0.84127 27
4768 117 37 154 0.519481 31
4769 76 62 138 0.101449 32
4770 23 173 196 -0.765306 29
4771 157 40 197 0.593909 36
4772 38 122 160 -0.525 34
4773 39 119 158 -0.506329 31
4774 21 142 163 -0.742331 31
4775 145 23 168 0.72619 31
4776 61 71 132 -0.0757576 28
4777 66 131 197 -0.329949 35
4778 102 58 160 0.275 31
4779 138 25 163 0.693252 33
4780 100 91 191 0.0471204 32
4781 22 106 128 -0.65625 28
4782 119 47 166 0.433735 35
4783 86 84 170 0.0117647 26
4784 108 51 159 0.358491 26
4785 104 43 147 0.414966 35
4786 132 17 149 0.771812 29
4787 116 59 175 0.325714 35
4788 104 36 140 0.485714 28
4789 47 150 197 -0.522843 30
4790 9 182 191 -0.905759 24
4791 119 48 167 0.42515 33
4792 96 60 156 0.230769 29
4793 8 116 124 -0.870968 23
4794 37 148 185 -0.6 30
4795 29 178 207 -0.719807 27
4796 82 108 190 -0.136842 33
4797 196 15 211 0.85782 28
4798 47 117 164 -0.426829 35
4799 166 27 193 0.720207 33
4800 102 45 147 0.387755 33
4801 177 3 180 0.966667 22
4802 95 25 120 0.583333 23
4803 70 79 149 -0.0604027 27
4804 121 29 150 0.613333 27
4805 13 147 160 -0.8375 25
4806 101 69 170 0.188235 32
4807 141 3 144 0.958333 20
4808 18 175 193 -0.813472 30
4809 89 53 142 0.253521 33
4810 11 180 191 -0.884817 26
4811 60 120 180 -0.333333 24
4812 34 159 193 -0.647668 31
4813 49 117 166 -0.409639 29
4814 117 97 214 0.0934579 28
4815 15 234 249 -0.879518 23
4816 13 206 219 -0.881279 26
4817 91 77 168 0.0833333 28
4818 41 136 177 -0.536723 35
4819 28 135 163 -0.656442 31
4820 44 15 59 0.491525 24
4821 30 120 150 -0.6 33
4822 73 55 128 0.140625 34
4823 26 118 144 -0.638889 31
4824 88 64 152 0.157895 33
4825 40 141 181 -0.558011 31
4826 76 95 171 -0.111111 33
4827 33 109 142 -0.535211 32
4828 10 178 188 -0.893617 25
4829 22 55 77 -0.428571 24
4830 146 34 180 0.622222 27
4831 100 61 161 0.242236 29
4832 82 66 148 0.108108 24
4833 153 48 201 0.522388 28
4834 57 124 181 -0.370166 34
4835 57 68 125 -0.088 32
4836 150 49 199 0.507538 33
4837 102 64 166 0.228916 30
4838 11 220 231 -0.904762 24
4839 129 47 176 0.465909 31
4840 67 99 166 -0.192771 29
4841 31 117 148 -0.581081 33
4842 7 204 211 -0.933649 25
4843 110 72 182 0.208791 35
4844 97 76 173 0.121387 31
4845 52 114 166 -0.373494 32
4846 73 90 163 -0.104294 30
4847 26 136 162 -0.679012 25
4848 34 167 201 -0.661692 33
4849 68 91 159 -0.144654 34
4850 46 147 193 -0.523316 35
4851 104 38 142 0.464789 32
4852 74 95 169 -0.12426 35
4853 169 10 179 0.888268 27
4854 78 82 160 -0.025 31
4855 78 85 163 -0.0429448 32
4856 183 16 199 0.839196 27
4857 63 88 151 -0.165563 36
4858 132 43 175 0.508571 32
4859 16 151 167 -0.808383 21
4860 175 10 185 0.891892 27
4861 73 65 138 0.057971 26
4862 31 184 215 -0.711628 29
4863 217 10 227 0.911894 23
4864 18 114 132 -0.727273 27
4865 157 45 202 0.554455 34
4866 107 21 128 0.671875 32
4867 87 31 118 0.474576 30
4868 163 6 169 0.928994 19
4869 27 166 193 -0.720207 31
4870 25 112 137 -0.635036 27
4871 75 127 202 -0.257426 31
4872 101 74 175 0.154286 34
4873 68 76 144 -0.0555556 32
4874 12 176 188 -0.87234 24
4875 52 81 133 -0.218045 32
4876 27 155 182 -0.703297 28
4877 144 34 178 0.617978 28
4878 223 14 237 0.881857 24
4879 138 27 165 0.672727 31
4880 48 97 145 -0.337931 33
4881 77 89 166 -0.0722892 30
4882 30 100 130 -0.538462 30
4883 32 103 135 -0.525926 28
4884 90 95 185 -0.027027 34
4885 117 77 194 0.206186 33
4886 90 70 160 0.125 33
4887 126 20 146 0.726027 31
4888 76 76 152 0 30
4889 29 141 170 -0.658824 31
4890 173 13 186 0.860215 28
4891 4 172 176 -0.954545 22
4892 77 76 153 0.00653595 35
4893 146 37 183 0.595628 35
4894 21 204 225 -0.813333 30
4895 59 78 137 -0.138686 33
4896 109 57 166 0.313253 32
4897 42 104 146 -0.424658 34
4898 87 41 128 0.359375 27
4899 111 38 149 0.489933 32
4900 11 135 146 -0.849315 27
4901 194 7 201 0.930348 23
4902 14 214 228 -0.877193 29
4903 34 137 171 -0.602339 33
4904 83 68 151 0.0993377 33
4905 49 150 199 -0.507538 29
4906 93 70 163 0.141104 27
4907 40 94 134 -0.402985 26
4908 11 200 211 -0.895735 25
4909 22 128 150 -0.706667 26
4910 123 12 135 0.822222 22
4911 9 261 270 -0.933333 19
4912 39 127 166 -0.53012 27
4913 198 15 213 0.859155 30
4914 122 71 193 0.264249 36
4915 62 81 143 -0.132867 31
4916 5 114 119 -0.915966 18
4917 39 130 169 -0.538462 33
4918 203 14 217 0.870968 24
4919 96 16 112 0.714286 26
4920 184 31 215 0.711628 24
4921 93 45 138 0.347826 32
4922 100 59 159 0.257862 35
4923 87 79 166 0.0481928 25
4924 82 85 167 -0.0179641 30
4925 61 44 105 0.161905 33
4926 144 21 165 0.745455 30
4927 61 92 153 -0.202614 33
4928 16 175 191 -0.832461 26
4929 91 53 144 0.263889 37
4930 155 27 182 0.703297 23
4931 159 40 199 0.59799 28
4932 113 70 183 0.234973 34
4933 35 165 200 -0.65 27
4934 142 41 183 0.551913 30
4935 7 188 195 -0.928205 24
4936 72 46 118 0.220339 33
4937 10 62 72 -0.722222 21
4938 75 67 142 0.056338 37
4939 54 117 171 -0.368421 29
4940 34 132 166 -0.590361 31
4941 58 88 146 -0.205479 35
4942 21 106 127 -0.669291 27
4943 110 53 163 0.349693 34
4944 25 180 205 -0.756098 30
4945 163 8 171 0.906433 26
4946 80 100 180 -0.111111 32
4947 154 29 183 0.68306 23
4948 106 47 153 0.385621 35
4949 190 12 202 0.881188 27
4950 40 139 179 -0.553073 34
4951 205 18 223 0.838565 28
4952 131 14 145 0.806897 29
4953 125 33 158 0.582278 31
4954 25 206 231 -0.78355 25
4955 21 181 202 -0.792079 32
4956 148 16 164 0.804878 30
4957 25 151 176 -0.715909 27
4958 95 2 97 0.958763 11
4959 124 54 178 0.393258 32
4960 29 138 167 -0.652695 29
4961 36 130 166 -0.566265 30
4962 23 207 230 -0.8 30
4963 134 6 140 0.914286 23
4964 6 180 186 -0.935484 20
4965 184 16 200 0.84 25
4966 178 25 203 0.753695 29
4967 150 44 194 0.546392 33
4968 49 86 135 -0.274074 30
4969 97 99 196 -0.0102041 34
4970 106 34 140 0.514286 33
4971 71 104 175 -0.188571 38
4972 46 84 130 -0.292308 30
4973 105 67 172 0.22093 32
4974 94 85 179 0.0502793 35
4975 38 95 133 -0.428571 29
4976 216 17 233 0.854077 25
4977 151 18 169 0.786982 29
4978 125 37 162 0.54321 33
4979 50 139 189 -0.470899 36
4980 218 9 227 0.920705 25
4981 28 75 103 -0.456311 29
4982 126 44 170 0.482353 31
4983 174 20 194 0.793814 29
4984 175 18 193 0.813472 24
4985 135 27 162 0.666667 30
4986 26 160 186 -0.72043 29
4987 27 142 169 -0.680473 26
4988 125 12 137 0.824818 27
4989 297 1 298 0.993289 18
4990 124 30 154 0.61039 30
4991 196 7 203 0.931034 23
4992 124 27 151 0.642384 30
4993 58 88 146 -0.205479 23
4994 113 31 144 0.569444 32
4995 32 117 149 -0.57047 35
4996 193 13 206 0.873786 27
4997 11 113 124 -0.822581 27
4998 126 47 173 0.456647 33
4999 172 8 180 0.911111 25
5000 14 161 175 -0.84 31
5001 136 34 170 0.6 32
5002 172 21 193 0.782383 31
5003 79 87 166 -0.0481928 33
5004 10 174 184 -0.891304 27
5005 106 58 164 0.292683 33
5006 138 22 160 0.725 29
5007 22 162 184 -0.76087 30
5008 24 139 163 -0.705521 32
5009 52 108 160 -0.35 35
5010 53 118 171 -0.380117 28
5011 127 58 185 0.372973 33
5012 98 84 182 0.0769231 33
5013 96 25 121 0.586777 31
5014 80 94 174 -0.0804598 31
5015 73 107 180 -0.188889 35
5016 101 35 136 0.485294 27
5017 110 59 169 0.301775 34
5018 84 63 147 0.142857 34
5019 36 90 126 -0.428571 30
5020 26 18 44 0.181818 21
5021 96 78 174 0.103448 32
5022 43 109 152 -0.434211 29
5023 23 122 145 -0.682759 30
5024 104 70 174 0.195402 27
5025 83 103 186 -0.107527 32
5026 155 33 188 0.648936 29
5027 142 53 195 0.45641 34
5028 212 11 223 0.901345 25
5029 50 99 149 -0.328859 29
5030 11 173 184 -0.880435 27
5031 180 8 188 0.914894 27
5032 92 104 196 -0.0612245 31
5033 48 123 171 -0.438596 32
5034 85 88 173 -0.017341 33
5035 70 113 183 -0.234973 36
5036 67 130 197 -0.319797 36
5037 171 19 190 0.8 28
5038 14 142 156 -0.820513 25
5039 42 138 180 -0.533333 34
5040 173 36 209 0.655502 33
5041 147 26 173 0.699422 28
5042 144 17 161 0.78882 30
5043 125 29 154 0.623377 34
5044 100 40 140 0.428571 25
5045 123 42 165 0.490909 34
5046 131 69 200 0.31 36
5047 40 127 167 -0.520958 37
5048 66 80 146 -0.0958904 35
5049 198 7 205 0.931707 24
5050 27 146 173 -0.687861 28
5051 128 15 143 0.79021 28
5052 127 46 173 0.468208 29
5053 16 141 157 -0.796178 28
5054 15 206 221 -0.864253 28
5055 183 19 202 0.811881 25
5056 21 155 176 -0.761364 20
5057 69 116 185 -0.254054 30
5058 53 191 244 -0.565574 32
5059 102 66 168 0.214286 35
5060 50 101 151 -0.337748 30
5061 145 31 176 0.647727 30
5062 2 47 49 -0.918367 9
5063 171 14 185 0.848649 30
5064 157 13 170 0.847059 27
5065 116 33 149 0.557047 29
5066 27 165 192 -0.71875 30
5067 107 48 155 0.380645 27
5068 71 86 157 -0.0955414 36
5069 55 82 137 -0.19708 36
5070 97 23 120 0.616667 27
5071 150 25 175 0.714286 31
5072 105 106 211 -0.00473934 34
5073 204 14 218 0.87156 23
5074 41 180 221 -0.628959 29
5075 12 194 206 -0.883495 29
5076 76 80 156 -0.025641 28
5077 99 58 157 0.261146 31
5078 19 148 167 -0.772455 27
5079 31 143 174 -0.643678 25
5080 91 101 192 -0.0520833 34
5081 145 26 171 0.695906 33
5082 32 127 159 -0.597484 25
5083 38 107 145 -0.475862 35
5084 11 226 237 -0.907173 25
5085 19 124 143 -0.734266 29
5086 97 50 147 0.319728 37
5087 90 26 116 0.551724 31
5088 89 105 194 -0.0824742 31
5089 170 18 188 0.808511 26
5090 181 30 211 0.71564 30
5091 178 25 203 0.753695 28
5092 64 102 166 -0.228916 30
5093 97 61 158 0.227848 34
5094 110 68 178 0.235955 29
5095 75 44 119 0.260504 33
5096 21 157 178 -0.764045 26
5097 81 93 174 -0.0689655 35
5098 24 56 80 -0.4 27
5099 22 124 146 -0.69863 29
5100 60 121 181 -0.337017 34
5101 19 152 171 -0.777778 19
5102 88 50 138 0.275362 27
5103 185 10 195 0.897436 26
5104 72 42 114 0.263158 28
5105 52 81 133 -0.218045 31
5106 42 134 176 -0.522727 32
5107 238 9 247 0.927126 19
5108 89 80 169 0.0532544 33
5109 53 143 196 -0.459184 37
5110 7 141 148 -0.905405 19
5111 70 59 129 0.0852713 31
5112 143 23 166 0.722892 33
5113 129 37 166 0.554217 32
5114 181 18 199 0.819095 26
5115 123 46 169 0.455621 32
5116 57 81 138 -0.173913 30
5117 32 189 221 -0.710407 32
5118 141 10 151 0.86755 26
5119 34 130 164 -0.585366 30
5120 91 73 164 0.109756 38
5121 25 121 146 -0.657534 31
5122 183 10 193 0.896373 25
5123 211 15 226 0.867257 25
5124 98 118 216 -0.0925926 36
5125 154 14 168 0.833333 26
5126 65 106 171 -0.239766 31
5127 217 12 229 0.895197 25
5128 101 64 165 0.224242 32
5129 148 38 186 0.591398 33
5130 14 151 165 -0.830303 26
5131 91 100 191 -0.0471204 35
5132 16 174 190 -0.831579 27
5133 15 174 189 -0.84127 19
5134 182 9 191 0.905759 26
5135 238 6 244 0.95082 16
5136 161 27 188 0.712766 33
5137 13 196 209 -0.875598 27
5138 25 198 223 -0.775785 30
5139 68 130 198 -0.313131 32
5140 49 138 187 -0.475936 27
5141 13 91 104 -0.75 22
5142 22 178 200 -0.78 31
5143 150 18 168 0.785714 29
5144 43 138 181 -0.524862 31
5145 165 6 171 0.929825 22
5146 200 19 219 0.826484 28
5147 64 159 223 -0.426009 32
5148 93 89 182 0.021978 33
5149 9 175 184 -0.902174 24
5150 135 33 168 0.607143 33
5151 43 150 193 -0.554404 25
5152 142 22 164 0.731707 28
5153 97 65 162 0.197531 26
5154 18 185 203 -0.82266 29
5155 56 107 163 -0.312883 33
5156 143 20 163 0.754601 32
5157 48 111 159 -0.396226 28
5158 128 19 147 0.741497 30
5159 36 141 177 -0.59322 31
5160 218 18 236 0.847458 27
5161 9 192 201 -0.910448 14
5162 61 96 157 -0.22293 35
5163 179 12 191 0.874346 26
5164 186 9 195 0.907692 24
5165 239 12 251 0.904382 23
5166 107 86 193 0.108808 33
5167 145 53 198 0.464646 34
5168 35 154 189 -0.62963 34
5169 67 64 131 0.0229008 31
5170 66 159 225 -0.413333 30
5171 75 99 174 -0.137931 33
5172 159 43 202 0.574257 31
5173 25 148 173 -0.710983 26
5174 93 63 156 0.192308 27
5175 81 40 121 0.338843 27
5176 70 99 169 -0.171598 28
5177 52 107 159 -0.345912 32
5178 144 17 161 0.78882 27
5179 152 10 162 0.876543 27
5180 151 21 172 0.755814 28
5181 120 30 150 0.6 32
5182 34 129 163 -0.582822 30
5183 21 158 179 -0.765363 26
5184 26 118 144 -0.638889 31
5185 105 42 147 0.428571 30
5186 120 62 182 0.318681 34
5187 187 14 201 0.860697 24
5188 25 130 155 -0.677419 28
5189 73 78 151 -0.0331126 29
5190 38 15 53 0.433962 23
5191 43 101 144 -0.402778 26
5192 104 49 153 0.359477 33
5193 77 105 182 -0.153846 36
5194 7 203 210 -0.933333 25
5195 84 105 189 -0.111111 27
5196 88 59 147 0.197279 32
5197 38 123 161 -0.52795 33
5198 98 40 138 0.42029 29
5199 117 40 157 0.490446 31
5200 77 68 145 0.062069 31
5201 163 49 212 0.537736 30
5202 249 9 258 0.930233 22
5203 166 36 202 0.643564 29
5204 99 41 140 0.414286 32
5205 17 145 162 -0.790123 30
5206 79 109 188 -0.159574 31
5207 53 162 215 -0.506977 33
5208 5 190 195 -0.948718 23
5209 23 148 171 -0.730994 29
5210 117 49 166 0.409639 33
5211 110 62 172 0.27907 36
5212 43 123 166 -0.481928 33
5213 43 125 168 -0.488095 32
5214 56 67 123 -0.0894309 25
5215 146 22 168 0.738095 22
5216 37 138 175 -0.577143 32
5217 76 85 161 -0.0559006 29
5218 67 84 151 -0.112583 28
5219 98 43 141 0.390071 28
5220 71 111 182 -0.21978 36
5221 159 47 206 0.543689 32
5222 138 37 175 0.577143 31
5223 89 89 178 0 34
5224 41 135 176 -0.534091 34
5225 133 31 164 0.621951 33
5226 135 25 160 0.6875 31
5227 166 31 197 0.685279 32
5228 16 226 242 -0.867769 25
5229 153 25 178 0.719101 28
5230 155 60 215 0.44186 36
5231 15 206 221 -0.864253 25
5232 79 56 135 0.17037 35
5233 36 145 181 -0.60221 21
5234 39 140 179 -0.564246 31
5235 121 62 183 0.322404 36
5236 70 98 168 -0.166667 29
5237 133 30 163 0.631902 29
5238 73 80 153 -0.0457516 30
5239 53 80 133 -0.203008 30
5240 57 92 149 -0.234899 31
5241 52 131 183 -0.431694 32
5242 171 19 190 0.8 30
5243 98 34 132 0.484848 33
5244 73 73 146 0 33
5245 22 125 147 -0.70068 30
5246 114 73 187 0.219251 34
5247 16 177 193 -0.834197 26
5248 109 53 162 0.345679 33
5249 60 101 161 -0.254658 36
5250 111 41 152 0.460526 29
5251 51 100 151 -0.324503 33
5252 71 49 120 0.183333 30
5253 93 43 136 0.367647 31
5254 92 111 203 -0.0935961 33
5255 8 206 214 -0.925234 23
5256 27 124 151 -0.642384 32
5257 22 153 175 -0.748571 30
5258 126 31 157 0.605096 30
5259 25 151 176 -0.715909 27
5260 138 48 186 0.483871 32
5261 34 132 166 -0.590361 29
5262 145 26 171 0.695906 30
5263 18 117 135 -0.733333 29
5264 20 143 163 -0.754601 28
5265 120 52 172 0.395349 34
5266 15 134 149 -0.798658 29
5267 33 177 210 -0.685714 24
5268 116 44 160 0.45 28
5269 10 145 155 -0.870968 24
5270 35 136 171 -0.590643 32
5271 196 8 204 0.921569 18
5272 68 128 196 -0.306122 35
5273 130 56 186 0.397849 34
5274 159 22 181 0.756906 27
5275 105 66 171 0.22807 32
5276 211 6 217 0.9447 21
5277 163 15 178 0.831461 25
5278 84 48 132 0.272727 33
5279 51 76 127 -0.19685 36
5280 51 98 149 -0.315436 31
5281 59 104 163 -0.276074 31
5282 145 65 210 0.380952 26
5283 49 129 178 -0.449438 34
5284 161 15 176 0.829545 26
5285 170 16 186 0.827957 30
5286 17 158 175 -0.805714 25
5287 159 44 203 0.566502 34
5288 179 25 204 0.754902 24
5289 147 38 185 0.589189 29
5290 74 60 134 0.104478 32
5291 73 52 125 0.168 25
5292 245 13 258 0.899225 20
5293 59 155 214 -0.448598 33
5294 140 7 147 0.904762 25
5295 28 141 169 -0.668639 30
5296 27 149 176 -0.693182 30
5297 82 76 158 0.0379747 29
5298 96 51 147 0.306122 26
5299 170 37 207 0.642512 33
5300 138 60 198 0.393939 33
5301 44 159 203 -0.566502 25
5302 42 78 120 -0.3 31
5303 163 29 192 0.697917 31
5304 135 34 169 0.597633 30
5305 115 48 163 0.411043 36
5306 80 30 110 0.454545 29
5307 102 96 198 0.030303 34
5308 169 35 204 0.656863 30
5309 116 31 147 0.578231 33
5310 187 14 201 0.860697 29
5311 18 201 219 -0.835616 28
5312 51 108 159 -0.358491 29
5313 33 140 173 -0.618497 33
5314 58 106 164 -0.292683 26
5315 180 27 207 0.73913 30
5316 181 13 194 0.865979 26
5317 63 88 151 -0.165563 35
5318 72 132 204 -0.294118 33
5319 110 42 152 0.447368 34
5320 76 48 124 0.225806 29
5321 199 20 219 0.817352 26
5322 116 52 168 0.380952 33
5323 124 78 202 0.227723 35
5324 62 118 180 -0.311111 34
5325 165 28 193 0.709845 29
5326 63 99 162 -0.222222 33
5327 97 70 167 0.161677 32
5328 123 42 165 0.490909 33
5329 193 7 200 0.93 24
5330 75 84 159 -0.0566038 34
5331 103 74 177 0.163842 35
5332 16 165 181 -0.823204 30
5333 192 4 196 0.959184 22
5334 109 31 140 0.557143 33
5335 158 26 184 0.717391 32
5336 14 191 205 -0.863415 27
5337 74 108 182 -0.186813 34
5338 187 25 212 0.764151 28
5339 46 103 149 -0.38255 29
5340 112 74 186 0.204301 31
5341 63 111 174 -0.275862 33
5342 43 160 203 -0.576355 30
5343 15 174 189 -0.84127 30
5344 165 28 193 0.709845 31
5345 148 23 171 0.730994 29
5346 48 114 162 -0.407407 30
5347 28 150 178 -0.685393 32
5348 51 101 152 -0.328947 35
5349 7 122 129 -0.891473 23
5350 74 72 146 0.0136986 30
5351 99 35 134 0.477612 29
5352 235 26 261 0.800766 31
5353 15 162 177 -0.830508 26
5354 123 38 161 0.52795 27
5355 122 31 153 0.594771 26
5356 23 111 134 -0.656716 29
5357 91 49 140 0.3 32
5358 136 18 154 0.766234 29
5359 4 182 186 -0.956989 21
5360 184 25 209 0.760766 31
5361 16 139 155 -0.793548 26
5362 7 12 19 -0.263158 11
5363 157 7 164 0.914634 24
5364 63 143 206 -0.38835 34
5365 62 68 130 -0.0461538 34
5366 86 60 146 0.178082 30
5367 200 35 235 0.702128 25
5368 116 40 156 0.487179 34
5369 7 223 230 -0.93913 21
5370 139 8 147 0.891156 22
5371 19 138 157 -0.757962 28
5372 154 29 183 0.68306 29
5373 6 246 252 -0.952381 19
5374 48 122 170 -0.435294 32
5375 67 96 163 -0.177914 30
5376 108 52 160 0.35 31
5377 62 81 143 -0.132867 34
5378 58 96 154 -0.246753 34
5379 40 143 183 -0.562842 32
5380 61 75 136 -0.102941 31
5381 76 51 127 0.19685 33
5382 182 20 202 0.80198 28
5383 9 184 193 -0.906736 25
5384 40 108 148 -0.459459 31
5385 76 62 138 0.101449 29
5386 30 10 40 0.5 16
5387 74 53 127 0.165354 29
5388 130 47 177 0.468927 35
5389 206 9 215 0.916279 12
5390 99 67 166 0.192771 30
5391 111 57 168 0.321429 34
5392 78 72 150 0.04 34
5393 60 135 195 -0.384615 27
5394 9 139 148 -0.878378 22
5395 103 46 149 0.38255 32
5396 153 9 162 0.888889 27
5397 15 175 190 -0.842105 24
5398 54 97 151 -0.284768 32
5399 127 31 158 0.607595 32
5400 95 51 146 0.30137 35
5401 198 20 218 0.816514 27
5402 183 28 211 0.734597 28
5403 159 32 191 0.664921 24
5404 71 80 151 -0.0596026 32
5405 119 76 195 0.220513 31
5406 124 40 164 0.512195 26
5407 98 52 150 0.306667 33
5408 55 105 160 -0.3125 27
5409 182 31 213 0.70892 25
5410 162 26 188 0.723404 32
5411 18 180 198 -0.818182 27
5412 142 39 181 0.569061 36
5413 72 89 161 -0.10559 28
5414 4 188 192 -0.958333 21
5415 41 171 212 -0.613208 28
5416 125 17 142 0.760563 28
5417 22 133 155 -0.716129 28
5418 127 46 173 0.468208 29
5419 81 92 173 -0.0635838 29
5420 54 158 212 -0.490566 32
5421 178 15 193 0.84456 26
5422 156 41 197 0.583756 28
5423 117 25 142 0.647887 31
5424 33 127 160 -0.5875 32
5425 146 32 178 0.640449 30
5426 93 92 185 0.00540541 33
5427 95 76 171 0.111111 35
5428 69 59 128 0.078125 36
5429 84 36 120 0.4 26
5430 143 18 161 0.776398 29
5431 42 125 167 -0.497006 27
5432 99 50 149 0.328859 31
5433 160 8 168 0.904762 23
5434 61 103 164 -0.256098 27
5435 71 15 86 0.651163 21
5436 44 70 114 -0.22807 27
5437 85 86 171 -0.00584795 33
5438 71 87 158 -0.101266 31
5439 6 189 195 -0.938462 24
5440 56 103 159 -0.295597 26
5441 24 175 199 -0.758794 26
5442 12 138 150 -0.84 27
5443 126 25 151 0.668874 30
5444 88 103 191 -0.078534 28
5445 97 78 175 0.108571 35
5446 17 145 162 -0.790123 28
5447 77 44 121 0.272727 31
5448 191 19 210 0.819048 28
5449 23 98 121 -0.619835 30
5450 13 7 20 0.3 13
5451 100 93 193 0.0362694 28
5452 68 115 183 -0.256831 31
5453 107 83 190 0.126316 34
5454 54 145 199 -0.457286 37
5455 16 195 211 -0.848341 26
5456 146 21 167 0.748503 31
5457 21 163 184 -0.771739 25
5458 42 104 146 -0.424658 30
5459 54 82 136 -0.205882 33
5460 47 119 166 -0.433735 31
5461 191 22 213 0.793427 29
5462 22 197 219 -0.799087 29
5463 62 91 153 -0.189542 31
5464 195 14 209 0.866029 28
5465 65 134 199 -0.346734 33
5466 108 52 160 0.35 37
5467 34 118 152 -0.552632 29
5468 154 42 196 0.571429 32
5469 48 106 154 -0.376623 32
5470 111 59 170 0.305882 33
5471 94 102 196 -0.0408163 34
5472 139 28 167 0.664671 30
5473 260 16 276 0.884058 21
5474 91 64 155 0.174194 35
5475 79 97 176 -0.102273 32
5476 208 15 223 0.865471 23
5477 42 124 166 -0.493976 34
5478 61 106 167 -0.269461 35
5479 103 53 156 0.320513 31
5480 134 38 172 0.55814 32
5481 118 30 148 0.594595 30
5482 55 157 212 -0.481132 35
5483 85 60 145 0.172414 36
5484 158 25 183 0.726776 29
5485 134 60 194 0.381443 36
5486 36 41 77 -0.0649351 29
5487 87 80 167 0.0419162 35
5488 66 121 187 -0.294118 32
5489 89 54 143 0.244755 28
5490 155 38 193 0.606218 30
5491 28 195 223 -0.748879 27
5492 92 60 152 0.210526 31
5493 19 141 160 -0.7625 29
5494 99 66 165 0.2 37
5495 234 22 256 0.828125 30
5496 73 115 188 -0.223404 31
5497 105 19 124 0.693548 29
5498 163 26 189 0.724868 31
5499 59 133 192 -0.385417 28
5500 116 85 201 0.154229 32
5501 78 81 159 -0.0188679 31
5502 32 17 49 0.306122 24
5503 29 124 153 -0.620915 31
5504 94 20 114 0.649123 28
5505 8 194 202 -0.920792 24
5506 161 42 203 0.586207 28
5507 18 129 147 -0.755102 28
5508 87 8 95 0.831579 19
5509 160 34 194 0.649485 32
5510 119 16 135 0.762963 27
5511 146 55 201 0.452736 29
5512 47 213 260 -0.638462 30
5513 22 149 171 -0.74269 26
5514 100 61 161 0.242236 33
5515 102 50 152 0.342105 31
5516 148 15 163 0.815951 27
5517 191 41 232 0.646552 32
5518 5 233 238 -0.957983 18
5519 27 117 144 -0.625 27
5520 81 89 170 -0.0470588 34
5521 135 40 175 0.542857 32
5522 134 14 148 0.810811 21
5523 150 29 179 0.675978 32
5524 18 61 79 -0.544304 26
5525 114 41 155 0.470968 33
5526 5 116 121 -0.917355 15
5527 12 199 211 -0.886256 24
5528 80 80 160 0 32
5529 49 122 171 -0.426901 29
5530 5 170 175 -0.942857 20
5531 140 37 177 0.581921 27
5532 111 80 191 0.162304 36
5533 102 44 146 0.39726 34
5534 192 28 220 0.745455 30
5535 15 49 64 -0.53125 22
5536 190 9 199 0.909548 24
5537 79 66 145 0.0896552 30
5538 156 22 178 0.752809 26
5539 27 95 122 -0.557377 29
5540 32 164 196 -0.673469 27
5541 15 139 154 -0.805195 23
5542 72 74 146 -0.0136986 29
5543 105 61 166 0.26506 32
5544 14 177 191 -0.853403 22
5545 12 100 112 -0.785714 24
5546 107 56 163 0.312883 35
5547 56 101 157 -0.286624 31
5548 107 21 128 0.671875 30
5549 147 11 158 0.860759 19
5550 21 154 175 -0.76 29
5551 156 27 183 0.704918 27
5552 6 171 177 -0.932203 22
5553 66 47 113 0.168142 30
5554 96 91 187 0.026738 34
5555 20 149 169 -0.763314 32
5556 16 17 33 -0.030303 19
5557 112 59 171 0.309942 32
5558 239 6 245 0.95102 22
5559 45 104 149 -0.395973 27
5560 161 27 188 0.712766 32
5561 114 53 167 0.365269 34
5562 50 109 159 -0.371069 23
5563 153 9 162 0.888889 26
5564 125 35 160 0.5625 30
5565 177 19 196 0.806122 32
5566 73 97 170 -0.141176 31
5567 176 30 206 0.708738 26
5568 11 126 137 -0.839416 25
5569 26 196 222 -0.765766 30
5570 65 115 180 -0.277778 26
5571 136 53 189 0.439153 33
5572 25 139 164 -0.695122 28
5573 86 64 150 0.146667 35
5574 24 124 148 -0.675676 29
5575 64 82 146 -0.123288 32
5576 45 127 172 -0.476744 30
5577 29 84 113 -0.486726 27
5578 99 50 149 0.328859 26
5579 139 27 166 0.674699 29
5580 115 43 158 0.455696 35
5581 56 151 207 -0.458937 32
5582 150 3 153 0.960784 22
5583 5 197 202 -0.950495 22
5584 49 114 163 -0.398773 32
5585 175 15 190 0.842105 22
5586 122 52 174 0.402299 34
5587 66 70 136 -0.0294118 27
5588 54 118 172 -0.372093 35
5589 56 136 192 -0.416667 33
5590 27 135 162 -0.666667 29
5591 209 1 210 0.990476 17
5592 171 22 193 0.772021 25
5593 68 48 116 0.172414 28
5594 101 86 187 0.0802139 30
5595 106 48 154 0.376623 31
5596 151 7 158 0.911392 26
5597 139 41 180 0.544444 32
5598 189 26 215 0.75814 32
5599 42 115 157 -0.464968 27
5600 22 208 230 -0.808696 24
5601 11 216 227 -0.903084 23
5602 24 210 234 -0.794872 31
5603 10 191 201 -0.900498 25
5604 69 92 161 -0.142857 33
5605 147 38 185 0.589189 33
5606 139 31 170 0.635294 26
5607 100 110 210 -0.047619 30
5608 11 141 152 -0.855263 26
5609 96 57 153 0.254902 36
5610 147 20 167 0.760479 29
5611 111 4 115 0.930435 19
5612 48 50 98 -0.0204082 29
5613 118 27 145 0.627586 30
5614 107 66 173 0.236994 37
5615 93 49 142 0.309859 35
5616 123 60 183 0.344262 32
5617 154 27 181 0.701657 33
5618 10 151 161 -0.875776 27
5619 87 67 154 0.12987 36
5620 152 48 200 0.52 32
5621 194 17 211 0.838863 25
5622 95 55 150 0.266667 35
5623 141 38 179 0.575419 30
5624 93 30 123 0.512195 30
5625 159 20 179 0.776536 29
5626 84 76 160 0.05 25
5627 149 27 176 0.693182 27
5628 135 17 152 0.776316 25
5629 57 96 153 -0.254902 36
5630 5 219 224 -0.955357 15
5631 99 64 163 0.214724 32
5632 111 58 169 0.313609 35
5633 109 28 137 0.591241 26
5634 25 123 148 -0.662162 31
5635 87 77 164 0.0609756 31
5636 154 36 190 0.621053 34
5637 81 64 145 0.117241 25
5638 6 223 229 -0.947598 18
5639 205 13 218 0.880734 24
5640 19 189 208 -0.817308 31
5641 32 196 228 -0.719298 31
5642 19 132 151 -0.748344 26
5643 88 52 140 0.257143 29
5644 97 100 197 -0.0152284 34
5645 242 14 256 0.890625 19
5646 28 201 229 -0.755459 30
5647 164 47 211 0.554502 34
5648 120 34 154 0.558442 32
5649 170 30 200 0.7 31
5650 46 25 71 0.295775 24
5651 102 40 142 0.43662 29
5652 170 23 193 0.761658 31
5653 15 137 152 -0.802632 27
5654 118 67 185 0.275676 36
5655 4 171 175 -0.954286 20
5656 1 282 283 -0.992933 14
5657 102 36 138 0.478261 27
5658 104 91 195 0.0666667 30
5659 96 48 144 0.333333 35
5660 144 24 168 0.714286 27
5661 150 47 197 0.522843 33
5662 64 110 174 -0.264368 31
5663 140 50 190 0.473684 35
5664 109 39 148 0.472973 27
5665 106 68 174 0.218391 34
5666 79 102 181 -0.127072 34
5667 50 104 154 -0.350649 29
5668 40 115 155 -0.483871 33
5669 120 31 151 0.589404 27
5670 122 11 133 0.834586 24
5671 112 23 135 0.659259 31
5672 6 195 201 -0.940299 22
5673 149 21 170 0.752941 24
5674 59 97 156 -0.24359 28
5675 52 110 162 -0.358025 34
5676 69 93 162 -0.148148 31
5677 23 158 181 -0.745856 31
5678 18 191 209 -0.827751 29
5679 130 53 183 0.420765 33
5680 119 48 167 0.42515 33
5681 32 140 172 -0.627907 26
5682 43 131 174 -0.505747 30
5683 85 54 139 0.223022 31
5684 46 130 176 -0.477273 37
5685 117 49 166 0.409639 29
5686 23 139 162 -0.716049 24
5687 129 34 163 0.582822 30
5688 134 60 194 0.381443 33
5689 75 77 152 -0.0131579 26
5690 21 129 150 -0.72 28
5691 36 88 124 -0.419355 30
5692 71 94 165 -0.139394 34
5693 154 23 177 0.740113 27
5694 41 117 158 -0.481013 32
5695 16 172 188 -0.829787 27
5696 75 90 165 -0.0909091 33
5697 31 56 87 -0.287356 24
5698 90 87 177 0.0169492 33
5699 102 56 158 0.291139 38
5700 68 101 169 -0.195266 31
5701 20 217 237 -0.831224 24
5702 24 138 162 -0.703704 30
5703 116 71 187 0.240642 37
5704 113 53 166 0.361446 35
5705 77 73 150 0.0266667 32
5706 133 5 138 0.927536 14
5707 144 35 179 0.608939 32
5708 104 27 131 0.587786 30
5709 130 26 156 0.666667 34
5710 245 13 258 0.899225 26
5711 80 66 146 0.0958904 35
5712 137 22 159 0.72327 30
5713 62 107 169 -0.266272 36
5714 109 82 191 0.141361 34
5715 189 14 203 0.862069 28
5716 103 54 157 0.312102 35
5717 141 21 162 0.740741 32
5718 58 100 158 -0.265823 32
5719 76 65 141 0.0780142 32
5720 114 20 134 0.701493 31
5721 61 166 227 -0.462555 28
5722 35 155 190 -0.631579 31
5723 40 131 171 -0.532164 31
5724 0 71 71 -1 1
5725 251 5 256 0.960938 22
5726 56 26 82 0.365854 25
5727 213 22 235 0.812766 30
5728 188 17 205 0.834146 25
5729 40 95 135 -0.407407 30
5730 37 133 170 -0.564706 34
5731 68 107 175 -0.222857 33
5732 70 124 194 -0.278351 35
5733 48 108 156 -0.384615 34
5734 92 76 168 0.0952381 34
5735 73 85 158 -0.0759494 37
5736 178 6 184 0.934783 22
5737 18 151 169 -0.786982 28
5738 66 101 167 -0.209581 24
5739 92 51 143 0.286713 28
5740 118 24 142 0.661972 29
5741 172 6 178 0.932584 22
5742 5 189 194 -0.948454 19
5743 52 80 132 -0.212121 26
5744 158 26 184 0.717391 33
5745 169 28 197 0.715736 28
5746 63 155 218 -0.422018 33
5747 58 68 126 -0.0793651 29
5748 228 4 232 0.965517 16
5749 55 119 174 -0.367816 31
5750 159 34 193 0.647668 32
5751 216 27 243 0.777778 32
5752 81 38 119 0.361345 30
5753 33 180 213 -0.690141 25
5754 162 29 191 0.696335 30
5755 91 88 179 0.0167598 30
5756 58 140 198 -0.414141 37
5757 88 60 148 0.189189 30
5758 126 15 141 0.787234 25
5759 40 138 178 -0.550562 33
5760 34 127 161 -0.57764 33
5761 125 4 129 0.937984 21
5762 41 168 209 -0.607656 32
5763 171 3 174 0.965517 22
5764 162 20 182 0.78022 30
5765 83 75 158 0.0506329 31
5766 158 18 176 0.795455 28
5767 165 35 200 0.65 33
5768 28 166 194 -0.71134 31
5769 59 78 137 -0.138686 26
5770 18 132 150 -0.76 31
5771 108 28 136 0.588235 24
5772 84 66 150 0.12 30
5773 28 140 168 -0.666667 35
5774 164 24 188 0.744681 29
5775 33 181 214 -0.691589 34
5776 101 32 133 0.518797 30
5777 43 92 135 -0.362963 28
5778 188 35 223 0.686099 30
5779 213 7 220 0.936364 25
5780 76 48 124 0.225806 35
5781 85 101 186 -0.0860215 26
5782 14 123 137 -0.79562 28
5783 148 28 176 0.681818 28
5784 146 68 214 0.364486 33
5785 123 50 173 0.421965 31
5786 176 49 225 0.564444 34
5787 64 125 189 -0.322751 33
5788 75 38 113 0.327434 29
5789 57 137 194 -0.412371 26
5790 66 115 181 -0.270718 30
5791 80 123 203 -0.211823 32
5792 68 50 118 0.152542 26
5793 82 109 191 -0.141361 36
5794 47 139 186 -0.494624 33
5795 37 105 142 -0.478873 34
5796 142 30 172 0.651163 31
5797 118 7 125 0.888 24
5798 28 168 196 -0.714286 27
5799 55 116 171 -0.356725 35
5800 160 6 166 0.927711 22
5801 66 165 231 -0.428571 35
5802 182 21 203 0.793103 27
5803 33 133 166 -0.60241 33
5804 109 63 172 0.267442 29
5805 58 140 198 -0.414141 33
5806 47 132 179 -0.47486 30
5807 171 15 186 0.83871 26
5808 195 10 205 0.902439 28
5809 95 13 108 0.759259 17
5810 52 126 178 -0.41573 29
5811 86 90 176 -0.0227273 33
5812 30 90 120 -0.5 32
5813 6 175 181 -0.933702 24
5814 100 40 140 0.428571 30
5815 90 58 148 0.216216 29
5816 74 68 142 0.0422535 30
5817 116 59 175 0.325714 28
5818 37 125 162 -0.54321 32
5819 142 27 169 0.680473 27
5820 29 98 127 -0.543307 30
5821 49 79 128 -0.234375 32
5822 81 112 193 -0.160622 33
5823 59 88 147 -0.197279 25
5824 167 18 185 0.805405 24
5825 34 112 146 -0.534247 29
5826 56 114 170 -0.341176 30
5827 106 70 176 0.204545 30
5828 129 23 152 0.697368 24
5829 32 110 142 -0.549296 31
5830 204 13 217 0.880184 20
5831 122 43 165 0.478788 29
5832 62 115 177 -0.299435 36
5833 91 46 137 0.328467 29
5834 57 125 182 -0.373626 35
5835 120 50 170 0.411765 29
5836 46 118 164 -0.439024 28
5837 16 226 242 -0.867769 31
5838 27 129 156 -0.653846 33
5839 169 8 177 0.909605 26
5840 97 69 166 0.168675 28
5841 18 137 155 -0.767742 30
5842 191 15 206 0.854369 29
5843 11 194 205 -0.892683 26
5844 120 40 160 0.5 32
5845 140 17 157 0.783439 30
5846 128 44 172 0.488372 29
5847 100 16 116 0.724138 24
5848 117 32 149 0.57047 27
5849 126 60 186 0.354839 37
5850 140 64 204 0.372549 36
5851 92 58 150 0.226667 30
5852 37 120 157 -0.528662 29
5853 118 56 174 0.356322 33
5854 88 53 141 0.248227 27
5855 175 45 220 0.590909 32
5856 6 189 195 -0.938462 21
5857 72 75 147 -0.0204082 30
5858 39 142 181 -0.569061 33
5859 58 149 207 -0.439614 35
5860 107 86 193 0.108808 29
5861 104 64 168 0.238095 32
5862 7 221 228 -0.938596 18
5863 175 13 188 0.861702 30
5864 99 79 178 0.11236 29
5865 9 195 204 -0.911765 28
5866 56 99 155 -0.277419 34
5867 149 31 180 0.655556 29
5868 93 83 176 0.0568182 33
5869 13 141 154 -0.831169 28
5870 52 123 175 -0.405714 31
5871 68 104 172 -0.209302 34
5872 63 126 189 -0.333333 33
5873 31 181 212 -0.707547 34
5874 53 20 73 0.452055 27
5875 62 111 173 -0.283237 30
5876 51 102 153 -0.333333 30
5877 128 49 177 0.446328 30
5878 17 126 143 -0.762238 29
5879 112 66 178 0.258427 33
5880 80 73 153 0.0457516 34
5881 37 94 131 -0.435115 28
5882 156 18 174 0.793103 27
5883 75 86 161 -0.068323 32
5884 155 13 168 0.845238 28
5885 51 103 154 -0.337662 30
5886 78 112 190 -0.178947 38
5887 59 75 134 -0.119403 35
5888 149 50 199 0.497487 34
5889 102 51 153 0.333333 34
5890 95 110 205 -0.0731707 38
5891 81 112 193 -0.160622 29
5892 15 176 191 -0.842932 23
5893 102 76 178 0.146067 29
5894 17 152 169 -0.798817 29
5895 145 36 181 0.60221 32
5896 206 8 214 0.925234 25
5897 168 19 187 0.796791 29
5898 15 145 160 -0.8125 28
5899 27 131 158 -0.658228 28
5900 61 131 192 -0.364583 30
5901 15 168 183 -0.836066 23
5902 209 12 221 0.891403 27
5903 71 86 157 -0.0955414 34
5904 73 109 182 -0.197802 32
5905 122 37 159 0.534591 29
5906 34 136 170 -0.6 30
5907 143 54 197 0.451777 29
5908 67 67 134 0 31
5909 17 92 109 -0.688073 25
5910 64 76 140 -0.0857143 35
5911 202 8 210 0.92381 25
5912 7 200 207 -0.932367 25
5913 59 74 133 -0.112782 29
5914 100 82 182 0.0989011 34
5915 89 67 156 0.141026 32
5916 75 103 178 -0.157303 33
5917 9 121 130 -0.861538 22
5918 18 153 171 -0.789474 30
5919 54 178 232 -0.534483 34
5920 230 12 242 0.900826 22
5921 136 31 167 0.628743 32
5922 11 173 184 -0.880435 25
5923 86 66 152 0.131579 29
5924 165 9 174 0.896552 26
5925 45 135 180 -0.5 32
5926 50 134 184 -0.456522 30
5927 53 78 131 -0.19084 29
5928 232 18 250 0.856 27
5929 108 17 125 0.728 27
5930 43 138 181 -0.524862 30
5931 59 88 147 -0.197279 26
5932 16 171 187 -0.828877 26
5933 161 22 183 0.759563 29
5934 167 9 176 0.897727 26
5935 122 28 150 0.626667 28
5936 124 21 145 0.710345 31
5937 76 73 149 0.0201342 26
5938 124 56 180 0.377778 34
5939 56 137 193 -0.419689 30
5940 71 113 184 -0.228261 32
5941 178 42 220 0.618182 32
5942 62 34 96 0.291667 29
5943 34 226 260 -0.738462 34
5944 21 102 123 -0.658537 30
5945 91 99 190 -0.0421053 32
5946 33 108 141 -0.531915 29
5947 136 34 170 0.6 28
5948 119 54 173 0.375723 30
5949 101 57 158 0.278481 29
5950 125 13 138 0.811594 26
5951 87 15 102 0.705882 13
5952 21 184 205 -0.795122 22
5953 25 167 192 -0.739583 27
5954 52 96 148 -0.297297 29
5955 46 84 130 -0.292308 30
5956 24 217 241 -0.80083 26
5957 143 65 208 0.375 33
5958 25 184 209 -0.760766 30
5959 7 200 207 -0.932367 24
5960 3 203 206 -0.970874 18
5961 30 126 156 -0.615385 32
5962 145 58 203 0.428571 33
5963 180 28 208 0.730769 33
5964 82 58 140 0.171429 34
5965 125 53 178 0.404494 31
5966 132 42 174 0.517241 27
5967 209 3 212 0.971698 20
5968 94 52 146 0.287671 33
5969 28 171 199 -0.718593 33
5970 79 59 138 0.144928 30
5971 49 132 181 -0.458564 35
5972 162 14 176 0.840909 25
5973 14 187 201 -0.860697 25
5974 79 115 194 -0.185567 31
5975 36 155 191 -0.623037 31
5976 98 80 178 0.101124 32
5977 31 154 185 -0.664865 33
5978 90 29 119 0.512605 28
5979 17 143 160 -0.7875 30
5980 156 6 162 0.925926 24
5981 10 165 175 -0.885714 25
5982 11 193 204 -0.892157 27
5983 130 17 147 0.768707 29
5984 37 118 155 -0.522581 32
5985 88 76 164 0.0731707 31
5986 172 27 199 0.728643 31
5987 112 53 165 0.357576 27
5988 37 173 210 -0.647619 32
5989 75 81 156 -0.0384615 36
5990 219 12 231 0.896104 23
5991 160 23 183 0.748634 32
5992 8 179 187 -0.914439 23
5993 207 13 220 0.881818 24
5994 59 99 158 -0.253165 34
5995 79 75 154 0.025974 33
5996 144 32 176 0.636364 34
5997 96 87 183 0.0491803 33
5998 233 21 254 0.834646 27
5999 195 10 205 0.902439 28
6000 127 72 199 0.276382 32
6001 188 8 196 0.918367 26
6002 27 179 206 -0.737864 28
6003 6 155 161 -0.925466 18
6004 10 221 231 -0.91342 25
6005 4 215 219 -0.96347 18
6006 66 76 142 -0.0704225 30
6007 83 70 153 0.0849673 31
6008 149 34 183 0.628415 30
6009 154 12 166 0.855422 28
6010 135 5 140 0.928571 22
6011 93 21 114 0.631579 26
6012 83 87 170 -0.0235294 32
6013 162 25 187 0.73262 29
6014 38 185 223 -0.659193 28
6015 194 14 208 0.865385 25
6016 162 31 193 0.678756 23
6017 67 47 114 0.175439 25
6018 201 12 213 0.887324 23
6019 70 120 190 -0.263158 35
6020 47 126 173 -0.456647 33
6021 48 70 118 -0.186441 22
6022 142 19 161 0.763975 29
6023 212 5 217 0.953917 22
6024 68 107 175 -0.222857 33
6025 14 116 130 -0.784615 21
6026 5 161 166 -0.939759 23
6027 99 38 137 0.445255 33
6028 151 6 157 0.923567 24
6029 7 227 234 -0.940171 19
6030 52 54 106 -0.0188679 34
6031 117 59 176 0.329545 34
6032 153 12 165 0.854545 24
6033 109 72 181 0.20442 34
6034 10 40 50 -0.6 23
6035 93 81 174 0.0689655 31
6036 45 92 137 -0.343066 28
6037 6 215 221 -0.945701 21
6038 99 47 146 0.356164 34
6039 47 167 214 -0.560748 36
6040 52 158 210 -0.504762 36
6041 59 118 177 -0.333333 28
6042 41 128 169 -0.514793 33
6043 61 133 194 -0.371134 29
6044 153 17 170 0.8 28
6045 59 105 164 -0.280488 30
6046 31 147 178 -0.651685 35
6047 112 52 164 0.365854 35
6048 22 163 185 -0.762162 28
6049 78 85 163 -0.0429448 37
6050 47 108 155 -0.393548 31
6051 41 119 160 -0.4875 34
6052 52 112 164 -0.365854 32
6053 150 18 168 0.785714 27
6054 84 17 101 0.663366 25
6055 115 36 151 0.523179 31
6056 145 53 198 0.464646 33
6057 3 205 208 -0.971154 21
6058 151 21 172 0.755814 30
6059 158 28 186 0.698925 30
6060 179 50 229 0.563319 33
6061 20 131 151 -0.735099 27
6062 37 178 215 -0.655814 30
6063 103 60 163 0.263804 35
6064 134 32 166 0.614458 30
6065 42 17 59 0.423729 16
6066 176 37 213 0.652582 31
6067 131 79 210 0.247619 33
6068 67 113 180 -0.255556 34
6069 8 179 187 -0.914439 25
6070 14 145 159 -0.823899 28
6071 64 173 237 -0.459916 34
6072 84 63 147 0.142857 30
6073 115 43 158 0.455696 33
6074 73 80 153 -0.0457516 32
6075 83 104 187 -0.112299 31
6076 24 158 182 -0.736264 28
6077 112 70 182 0.230769 37
6078 56 92 148 -0.243243 33
6079 24 160 184 -0.73913 29
6080 47 114 161 -0.416149 31
6081 13 179 192 -0.864583 29
6082 159 38 197 0.614213 32
6083 137 57 194 0.412371 32
6084 99 58 157 0.261146 33
6085 12 196 208 -0.884615 25
6086 38 202 240 -0.683333 33
6087 93 95 188 -0.0106383 33
6088 185 20 205 0.804878 24
6089 24 68 92 -0.478261 29
6090 12 204 216 -0.888889 23
6091 64 106 170 -0.247059 33
6092 9 139 148 -0.878378 26
6093 57 89 146 -0.219178 29
6094 52 129 181 -0.425414 32
6095 106 45 151 0.403974 31
6096 14 178 192 -0.854167 24
6097 176 34 210 0.67619 29
6098 151 25 176 0.715909 31
6099 41 125 166 -0.506024 33
6100 42 113 155 -0.458065 26
6101 143 50 193 0.481865 30
6102 13 151 164 -0.841463 27
6103 130 38 168 0.547619 27
6104 64 125 189 -0.322751 32
6105 96 37 133 0.443609 32
6106 79 92 171 -0.0760234 34
6107 99 76 175 0.131429 32
6108 151 6 157 0.923567 22
6109 7 148 155 -0.909677 25
6110 23 188 211 -0.781991 33
6111 95 65 160 0.1875 32
6112 103 29 132 0.560606 30
6113 162 43 205 0.580488 31
6114 109 35 144 0.513889 33
6115 114 71 185 0.232432 33
6116 109 46 155 0.406452 29
6117 53 152 205 -0.482927 36
6118 209 13 222 0.882883 21
6119 106 62 168 0.261905 34
6120 106 73 179 0.184358 31
6121 174 47 221 0.574661 30
6122 127 26 153 0.660131 22
6123 129 28 157 0.643312 28
6124 178 23 201 0.771144 30
6125 43 174 217 -0.603687 29
6126 204 37 241 0.692946 33
6127 110 42 152 0.447368 30
6128 78 113 191 -0.183246 29
6129 62 84 146 -0.150685 36
6130 41 115 156 -0.474359 28
6131 161 19 180 0.788889 30
6132 194 15 209 0.856459 29
6133 195 14 209 0.866029 20
6134 160 9 169 0.893491 23
6135 41 147 188 -0.56383 32
6136 28 191 219 -0.744292 31
6137 38 93 131 -0.419847 27
6138 28 154 182 -0.692308 26
6139 73 106 179 -0.184358 31
6140 72 52 124 0.16129 29
6141 108 52 160 0.35 33
6142 57 183 240 -0.525 32
6143 116 36 152 0.526316 34
6144 30 132 162 -0.62963 29
6145 132 64 196 0.346939 34
6146 200 21 221 0.809955 31
6147 11 294 305 -0.927869 24
6148 24 160 184 -0.73913 29
6149 21 193 214 -0.803738 26
6150 91 43 134 0.358209 26
6151 164 14 178 0.842697 26
6152 78 78 156 0 34
6153 80 47 127 0.259843 31
6154 41 103 144 -0.430556 31
6155 179 19 198 0.808081 29
6156 11 164 175 -0.874286 25
6157 98 105 203 -0.0344828 33
6158 45 114 159 -0.433962 29
6159 21 119 140 -0.7 30
6160 45 139 184 -0.51087 24
6161 51 122 173 -0.410405 28
6162 77 118 195 -0.210256 34
6163 48 130 178 -0.460674 34
6164 76 99 175 -0.131429 31
6165 24 115 139 -0.654676 31
6166 1 166 167 -0.988024 12
6167 93 54 147 0.265306 33
6168 15 222 237 -0.873418 25
6169 67 72 139 -0.0359712 30
6170 82 109 191 -0.141361 35
6171 16 121 137 -0.766423 29
6172 23 137 160 -0.7125 31
6173 8 119 127 -0.874016 21
6174 60 98 158 -0.240506 37
6175 120 39 159 0.509434 34
6176 41 97 138 -0.405797 32
6177 142 14 156 0.820513 28
6178 186 14 200 0.86 29
6179 99 74 173 0.144509 34
6180 109 52 161 0.354037 26
6181 48 7 55 0.745455 15
6182 84 63 147 0.142857 34
6183 11 220 231 -0.904762 27
6184 19 160 179 -0.787709 31
6185 42 106 148 -0.432432 29
6186 127 30 157 0.617834 29
6187 47 85 132 -0.287879 33
6188 50 126 176 -0.431818 37
6189 123 54 177 0.389831 33
6190 108 78 186 0.16129 32
6191 53 144 197 -0.461929 28
6192 66 111 177 -0.254237 29
6193 48 100 148 -0.351351 31
6194 57 89 146 -0.219178 33
6195 62 46 108 0.148148 28
6196 118 34 152 0.552632 26
6197 68 95 163 -0.165644 33
6198 29 108 137 -0.576642 32
6199 35 86 121 -0.421488 28
6200 103 48 151 0.364238 36
6201 90 64 154 0.168831 27
6202 82 59 141 0.163121 29
6203 194 17 211 0.838863 31
6204 61 91 152 -0.197368 31
6205 28 129 157 -0.643312 30
6206 32 209 241 -0.73444 28
6207 84 89 173 -0.0289017 32
6208 25 76 101 -0.50495 30
6209 142 21 163 0.742331 29
6210 118 42 160 0.475 31
6211 46 116 162 -0.432099 33
6212 73 136 209 -0.301435 32
6213 138 24 162 0.703704 25
6214 87 75 162 0.0740741 29
6215 98 78 176 0.113636 34
6216 115 61 176 0.306818 30
6217 42 138 180 -0.533333 31
6218 121 33 154 0.571429 30
6219 85 77 162 0.0493827 32
6220 54 205 259 -0.583012 31
6221 94 80 174 0.0804598 35
6222 43 172 215 -0.6 31
6223 66 110 176 -0.25 32
6224 86 23 109 0.577982 31
6225 63 125 188 -0.329787 35
6226 75 95 170 -0.117647 36
6227 105 57 162 0.296296 28
6228 72 55 127 0.133858 28
6229 104 60 164 0.268293 29
6230 123 41 164 0.5 31
6231 107 40 147 0.455782 32
6232 88 102 190 -0.0736842 30
6233 157 17 174 0.804598 28
6234 148 14 162 0.82716 26
6235 60 107 167 -0.281437 30
6236 13 202 215 -0.87907 27
6237 104 35 139 0.496403 32
6238 149 13 162 0.839506 28
6239 172 16 188 0.829787 26
6240 50 119 169 -0.408284 32
6241 157 12 169 0.857988 28
6242 94 84 178 0.0561798 37
6243 152 27 179 0.698324 28
6244 88 61 149 0.181208 33
6245 130 40 170 0.529412 25
6246 64 92 156 -0.179487 33
6247 136 37 173 0.572254 28
6248 144 8 152 0.894737 24
6249 89 96 185 -0.0378378 37
6250 29 209 238 -0.756303 30
6251 94 31 125 0.504 32
6252 42 142 184 -0.543478 31
6253 135 25 160 0.6875 27
6254 17 2 19 0.789474 12
6255 24 114 138 -0.652174 31
6256 153 11 164 0.865854 25
6257 30 130 160 -0.625 30
6258 6 102 108 -0.888889 22
6259 69 72 141 -0.0212766 29
6260 137 59 196 0.397959 28
6261 162 6 168 0.928571 22
6262 27 183 210 -0.742857 30
6263 66 93 159 -0.169811 35
6264 135 25 160 0.6875 31
6265 12 136 148 -0.837838 26
6266 157 47 204 0.539216 34
6267 126 40 166 0.518072 34
6268 18 164 182 -0.802198 32
6269 9 186 195 -0.907692 18
6270 56 112 168 -0.333333 35
6271 104 65 169 0.230769 36
6272 143 23 166 0.722892 27
6273 27 123 150 -0.64 30
6274 184 12 196 0.877551 27
6275 87 83 170 0.0235294 33
6276 85 89 174 -0.0229885 34
6277 43 141 184 -0.532609 30
6278 141 29 170 0.658824 34
6279 37 80 117 -0.367521 29
6280 88 63 151 0.165563 27
6281 185 17 202 0.831683 31
6282 48 111 159 -0.396226 27
6283 8 227 235 -0.931915 22
6284 36 139 175 -0.588571 32
6285 41 126 167 -0.508982 32
6286 167 30 197 0.695431 30
6287 212 26 238 0.781513 32
6288 30 111 141 -0.574468 26
6289 11 104 115 -0.808696 27
6290 56 141 197 -0.431472 36
6291 60 90 150 -0.2 31
6292 89 94 183 -0.0273224 36
6293 213 7 220 0.936364 18
6294 119 79 198 0.20202 38
6295 12 186 198 -0.878788 25
6296 35 169 204 -0.656863 32
6297 131 35 166 0.578313 29
6298 13 152 165 -0.842424 31
6299 41 122 163 -0.496933 34
6300 58 107 165 -0.29697 27
6301 86 81 167 0.0299401 32
6302 28 125 153 -0.633987 29
6303 146 53 199 0.467337 36
6304 154 11 165 0.866667 25
6305 69 95 164 -0.158537 32
6306 28 126 154 -0.636364 32
6307 77 87 164 -0.0609756 26
6308 39 120 159 -0.509434 33
6309 263 10 273 0.92674 26
6310 231 5 236 0.957627 16
6311 9 131 140 -0.871429 25
6312 83 72 155 0.0709677 35
6313 219 7 226 0.938053 24
6314 22 169 191 -0.769634 29
6315 30 138 168 -0.642857 30
6316 49 124 173 -0.433526 28
6317 150 40 190 0.578947 33
6318 26 112 138 -0.623188 28
6319 55 110 165 -0.333333 36
6320 32 189 221 -0.710407 30
6321 41 103 144 -0.430556 33
6322 135 21 156 0.730769 22
6323 115 33 148 0.554054 30
6324 126 59 185 0.362162 33
6325 72 27 99 0.454545 31
6326 48 146 194 -0.505155 34
6327 66 82 148 -0.108108 29
6328 82 85 167 -0.0179641 28
6329 78 108 186 -0.16129 33
6330 99 84 183 0.0819672 31
6331 152 50 202 0.50495 30
6332 68 79 147 -0.0748299 31
6333 163 15 178 0.831461 28
6334 24 136 160 -0.7 30
6335 13 210 223 -0.883408 22
6336 76 90 166 -0.0843373 35
6337 83 93 176 -0.0568182 30
6338 26 198 224 -0.767857 30
6339 25 131 156 -0.679487 31
6340 106 38 144 0.472222 32
6341 64 131 195 -0.34359 30
6342 67 69 136 -0.0147059 33
6343 164 40 204 0.607843 33
6344 60 117 177 -0.322034 32
6345 142 28 170 0.670588 31
6346 164 35 199 0.648241 29
6347 9 173 182 -0.901099 19
6348 35 127 162 -0.567901 30
6349 66 53 119 0.109244 28
6350 112 23 135 0.659259 29
6351 79 120 199 -0.20603 30
6352 81 30 111 0.459459 32
6353 12 240 252 -0.904762 25
6354 132 35 167 0.580838 33
6355 162 8 170 0.905882 25
6356 119 46 165 0.442424 34
6357 89 30 119 0.495798 30
6358 108 28 136 0.588235 31
6359 53 121 174 -0.390805 26
6360 84 63 147 0.142857 28
6361 109 32 141 0.546099 31
6362 174 23 197 0.766497 31
6363 37 112 149 -0.503356 29
6364 50 127 177 -0.435028 35
6365 79 88 167 -0.0538922 34
6366 153 36 189 0.619048 29
6367 142 23 165 0.721212 32
6368 21 152 173 -0.757225 26
6369 86 70 156 0.102564 28
6370 124 61 185 0.340541 29
6371 68 125 193 -0.295337 32
6372 14 197 211 -0.867299 21
6373 31 217 248 -0.75 23
6374 74 90 164 -0.097561 31
6375 25 166 191 -0.73822 27
6376 135 26 161 0.677019 29
6377 83 35 118 0.40678 30
6378 95 52 147 0.292517 31
6379 67 100 167 -0.197605 30
6380 60 131 191 -0.371728 34
6381 136 8 144 0.888889 24
6382 56 104 160 -0.3 25
6383 40 186 226 -0.646018 35
6384 66 31 97 0.360825 30
6385 9 140 149 -0.879195 26
6386 112 47 159 0.408805 31
6387 63 98 161 -0.217391 33
6388 51 128 179 -0.430168 33
6389 152 10 162 0.876543 24
6390 84 101 185 -0.0918919 37
6391 49 146 195 -0.497436 28
6392 62 85 147 -0.156463 33
6393 88 33 121 0.454545 24
6394 128 67 195 0.312821 33
6395 49 151 200 -0.51 34
6396 119 47 166 0.433735 34
6397 129 22 151 0.708609 34
6398 69 103 172 -0.197674 33
6399 66 86 152 -0.131579 31
6400 125 44 169 0.47929 32
6401 58 111 169 -0.313609 33
6402 157 14 171 0.836257 27
6403 146 2 148 0.972973 14
6404 18 219 237 -0.848101 25
6405 170 6 176 0.931818 25
6406 69 2 71 0.943662 17
6407 22 227 249 -0.823293 34
6408 18 137 155 -0.767742 27
6409 105 18 123 0.707317 29
6410 57 113 170 -0.329412 27
6411 248 24 272 0.823529 24
6412 32 125 157 -0.592357 30
6413 67 77 144 -0.0694444 29
6414 185 28 213 0.737089 27
6415 92 30 122 0.508197 29
6416 127 18 145 0.751724 30
6417 37 124 161 -0.540373 33
6418 11 175 186 -0.88172 28
6419 123 54 177 0.389831 33
6420 60 107 167 -0.281437 27
6421 106 52 158 0.341772 35
6422 133 26 159 0.672956 25
6423 17 125 142 -0.760563 30
6424 205 18 223 0.838565 23
6425 108 52 160 0.35 31
6426 200 8 208 0.923077 25
6427 49 93 142 -0.309859 31
6428 30 112 142 -0.577465 32
6429 108 60 168 0.285714 34
6430 113 70 183 0.234973 31
6431 13 170 183 -0.857923 27
6432 7 191 198 -0.929293 25
6433 33 133 166 -0.60241 30
6434 11 170 181 -0.878453 23
6435 20 154 174 -0.770115 29
6436 36 108 144 -0.5 29
6437 148 31 179 0.653631 31
6438 73 129 202 -0.277228 35
6439 183 21 204 0.794118 27
6440 79 62 141 0.120567 35
6441 78 80 158 -0.0126582 30
6442 197 8 205 0.921951 24
6443 85 78 163 0.0429448 32
6444 192 11 203 0.891626 26
6445 87 65 152 0.144737 31
6446 132 32 164 0.609756 27
6447 9 142 151 -0.880795 25
6448 76 82 158 -0.0379747 31
6449 148 60 208 0.423077 32
6450 50 113 163 -0.386503 34
6451 169 32 201 0.681592 31
6452 109 43 152 0.434211 32
6453 29 161 190 -0.694737 34
6454 39 145 184 -0.576087 30
6455 132 22 154 0.714286 30
6456 210 9 219 0.917808 26
6457 144 50 194 0.484536 34
6458 56 121 177 -0.367232 35
6459 107 59 166 0.289157 31
6460 169 27 196 0.72449 30
6461 25 116 141 -0.64539 34
6462 83 22 105 0.580952 18
6463 109 51 160 0.3625 30
6464 138 55 193 0.430052 26
6465 51 105 156 -0.346154 36
6466 102 60 162 0.259259 29
6467 99 47 146 0.356164 32
6468 22 187 209 -0.789474 31
6469 192 22 214 0.794393 33
6470 159 11 170 0.870588 19
6471 43 166 209 -0.588517 32
6472 28 142 170 -0.670588 31
6473 151 16 167 0.808383 28
6474 132 32 164 0.609756 32
6475 169 7 176 0.920455 19
6476 26 181 207 -0.748792 32
6477 33 130 163 -0.595092 30
6478 168 24 192 0.75 29
6479 188 19 207 0.816425 27
6480 40 119 159 -0.496855 25
6481 38 158 196 -0.612245 25
6482 19 228 247 -0.846154 27
6483 44 106 150 -0.413333 32
6484 6 12 18 -0.333333 10
6485 120 63 183 0.311475 30
6486 51 101 152 -0.328947 34
6487 165 35 200 0.65 29
6488 231 16 247 0.870445 20
6489 87 64 151 0.152318 34
6490 14 146 160 -0.825 28
6491 37 92 129 -0.426357 34
6492 19 161 180 -0.788889 32
6493 36 161 197 -0.634518 28
6494 78 72 150 0.04 31
6495 123 37 160 0.5375 34
6496 124 8 132 0.878788 26
6497 34 80 114 -0.403509 31
6498 32 124 156 -0.589744 25
6499 51 123 174 -0.413793 35
6500 21 128 149 -0.718121 26
6501 66 90 156 -0.153846 34
6502 54 125 179 -0.396648 29
6503 127 47 174 0.45977 34
6504 94 81 175 0.0742857 32
6505 120 81 201 0.19403 33
6506 89 43 132 0.348485 29
6507 36 68 104 -0.307692 25
6508 193 14 207 0.864734 22
6509 174 15 189 0.84127 30
6510 188 12 200 0.88 25
6511 13 164 177 -0.853107 28
6512 138 52 190 0.452632 28
6513 77 108 185 -0.167568 35
6514 117 49 166 0.409639 34
6515 122 46 168 0.452381 31
6516 20 171 191 -0.790576 30
6517 47 108 155 -0.393548 31
6518 139 56 195 0.425641 35
6519 120 19 139 0.726619 25
6520 86 40 126 0.365079 25
6521 139 14 153 0.816993 26
6522 39 135 174 -0.551724 34
6523 110 59 169 0.301775 29
6524 100 42 142 0.408451 30
6525 160 18 178 0.797753 27
6526 238 13 251 0.896414 26
6527 53 98 151 -0.298013 30
6528 9 150 159 -0.886792 26
6529 51 122 173 -0.410405 32
6530 80 49 129 0.24031 34
6531 110 94 204 0.0784314 29
6532 17 163 180 -0.811111 29
6533 72 85 157 -0.0828025 35
6534 127 59 186 0.365591 28
6535 184 22 206 0.786408 27
6536 122 44 166 0.46988 30
6537 145 18 163 0.779141 29
6538 45 127 172 -0.476744 29
6539 7 165 172 -0.918605 22
6540 68 87 155 -0.122581 33
6541 131 12 143 0.832168 27
6542 131 2 133 0.969925 15
6543 153 18 171 0.789474 30
6544 160 16 176 0.818182 29
6545 18 179 197 -0.817259 29
6546 115 52 167 0.377246 35
6547 78 137 215 -0.274419 32
6548 31 152 183 -0.661202 28
6549 162 26 188 0.723404 32
6550 29 127 156 -0.628205 32
6551 139 15 154 0.805195 30
6552 13 124 137 -0.810219 24
6553 129 39 168 0.535714 32
6554 19 193 212 -0.820755 26
6555 68 140 208 -0.346154 33
6556 109 44 153 0.424837 26
6557 125 30 155 0.612903 36
6558 57 115 172 -0.337209 31
6559 34 138 172 -0.604651 33
6560 32 119 151 -0.576159 33
6561 140 54 194 0.443299 34
6562 28 180 208 -0.730769 28
6563 28 132 160 -0.65 31
6564 96 77 173 0.109827 32
6565 177 13 190 0.863158 27
6566 102 52 154 0.324675 31
6567 56 103 159 -0.295597 35
6568 69 139 208 -0.336538 34
6569 104 58 162 0.283951 28
6570 127 59 186 0.365591 31
6571 108 77 185 0.167568 31
6572 83 63 146 0.136986 30
6573 29 165 194 -0.701031 23
6574 137 14 151 0.81457 27
6575 116 40 156 0.487179 28
6576 72 80 152 -0.0526316 33
6577 14 35 49 -0.428571 20
6578 217 20 237 0.831224 25
6579 105 55 160 0.3125 36
6580 48 67 115 -0.165217 36
6581 146 58 204 0.431373 35
6582 216 28 244 0.770492 31
6583 40 150 190 -0.578947 28
6584 103 67 170 0.211765 33
6585 51 126 177 -0.423729 36
6586 67 116 183 -0.26776 28
6587 16 150 166 -0.807229 31
6588 78 81 159 -0.0188679 31
6589 40 155 195 -0.589744 31
6590 217 25 242 0.793388 30
6591 78 132 210 -0.257143 37
6592 161 22 183 0.759563 29
6593 86 78 164 0.0487805 33
6594 60 127 187 -0.358289 29
6595 26 230 256 -0.796875 27
6596 29 133 162 -0.641975 30
6597 16 128 144 -0.777778 22
6598 110 45 155 0.419355 32
6599 30 112 142 -0.577465 31
6600 132 18 150 0.76 29
6601 48 123 171 -0.438596 28
6602 67 56 123 0.0894309 24
6603 35 200 235 -0.702128 31
6604 73 115 188 -0.223404 37
6605 91 101 192 -0.0520833 35
6606 73 97 170 -0.141176 33
6607 109 11 120 0.816667 27
6608 236 15 251 0.880478 25
6609 125 36 161 0.552795 29
6610 70 101 171 -0.181287 34
6611 90 82 172 0.0465116 33
6612 23 158 181 -0.745856 29
6613 131 55 186 0.408602 29
6614 32 126 158 -0.594937 33
6615 209 11 220 0.9 25
6616 134 32 166 0.614458 30
6617 31 84 115 -0.46087 25
6618 91 90 181 0.00552486 33
6619 76 109 185 -0.178378 36
6620 37 117 154 -0.519481 28
6621 16 114 130 -0.753846 28
6622 37 107 144 -0.486111 29
6623 135 29 164 0.646341 29
6624 146 43 189 0.544974 25
6625 59 131 190 -0.378947 33
6626 100 91 191 0.0471204 36
6627 4 161 165 -0.951515 22
6628 74 72 146 0.0136986 30
6629 47 83 130 -0.276923 33
6630 36 154 190 -0.621053 27
6631 19 145 164 -0.768293 29
6632 251 18 269 0.866171 20
6633 66 110 176 -0.25 31
6634 22 156 178 -0.752809 34
6635 74 117 191 -0.225131 36
6636 23 92 115 -0.6 31
6637 81 74 155 0.0451613 32
6638 155 27 182 0.703297 35
6639 29 127 156 -0.628205 29
6640 34 155 189 -0.640212 32
6641 64 106 170 -0.247059 30
6642 47 123 170 -0.447059 29
6643 164 6 170 0.929412 25
6644 144 20 164 0.756098 27
6645 87 87 174 0 35
6646 153 14 167 0.832335 21
6647 30 225 255 -0.764706 32
6648 58 107 165 -0.29697 33
6649 26 150 176 -0.704545 29
6650 101 7 108 0.87037 22
6651 85 68 153 0.111111 34
6652 77 77 154 0 33
6653 12 202 214 -0.88785 26
6654 31 149 180 -0.655556 30
6655 166 22 188 0.765957 28
6656 76 94 170 -0.105882 36
6657 93 61 154 0.207792 32
6658 136 17 153 0.777778 28
6659 117 49 166 0.409639 34
6660 112 60 172 0.302326 32
6661 19 176 195 -0.805128 27
6662 131 39 170 0.541176 28
6663 85 91 176 -0.0340909 34
6664 43 90 133 -0.353383 29
6665 21 148 169 -0.751479 28
6666 18 126 144 -0.75 24
6667 47 130 177 -0.468927 28
6668 197 7 204 0.931373 20
6669 35 144 179 -0.608939 36
6670 36 40 76 -0.0526316 22
6671 54 144 198 -0.454545 35
6672 46 110 156 -0.410256 30
6673 50 122 172 -0.418605 30
6674 69 46 115 0.2 24
6675 60 94 154 -0.220779 30
6676 95 50 145 0.310345 32
6677 51 131 182 -0.43956 25
6678 194 12 206 0.883495 26
6679 152 57 209 0.454545 36
6680 62 97 159 -0.220126 33
6681 186 10 196 0.897959 24
6682 70 87 157 -0.10828 36
6683 165 49 214 0.542056 34
6684 88 76 164 0.0731707 32
6685 12 209 221 -0.891403 27
6686 9 199 208 -0.913462 26
6687 78 79 157 -0.00636943 30
6688 69 22 91 0.516484 29
6689 41 119 160 -0.4875 32
6690 49 77 126 -0.222222 28
6691 161 15 176 0.829545 27
6692 70 96 166 -0.156627 27
6693 28 136 164 -0.658537 33
6694 36 85 121 -0.404959 27
6695 44 160 204 -0.568627 32
6696 31 137 168 -0.630952 31
6697 69 92 161 -0.142857 31
6698 37 150 187 -0.604278 34
6699 5 191 196 -0.94898 23
6700 64 120 184 -0.304348 31
6701 100 91 191 0.0471204 29
6702 26 184 210 -0.752381 30
6703 72 62 134 0.0746269 33
6704 14 161 175 -0.84 28
6705 121 29 150 0.613333 30
6706 62 82 144 -0.138889 30
6707 92 69 161 0.142857 36
6708 141 8 149 0.892617 24
6709 24 146 170 -0.717647 33
6710 155 33 188 0.648936 24
6711 22 163 185 -0.762162 33
6712 14 181 195 -0.85641 29
6713 108 70 178 0.213483 29
6714 203 8 211 0.924171 21
6715 91 51 142 0.28169 32
6716 119 35 154 0.545455 30
6717 19 156 175 -0.782857 30
6718 208 18 226 0.840708 30
6719 179 54 233 0.536481 35
6720 46 127 173 -0.468208 37
6721 47 92 139 -0.323741 30
6722 132 44 176 0.5 32
6723 102 84 186 0.0967742 30
6724 52 128 180 -0.422222 33
6725 17 150 167 -0.796407 30
6726 18 181 199 -0.819095 30
6727 165 29 194 0.701031 33
6728 69 96 165 -0.163636 30
6729 122 66 188 0.297872 32
6730 136 73 209 0.301435 35
6731 72 65 137 0.0510949 34
6732 22 115 137 -0.678832 26
6733 67 69 136 -0.0147059 30
6734 67 72 139 -0.0359712 33
6735 25 151 176 -0.715909 32
6736 74 105 179 -0.173184 35
6737 30 92 122 -0.508197 34
6738 240 6 246 0.95122 22
6739 32 100 132 -0.515152 31
6740 92 90 182 0.010989 33
6741 186 4 190 0.957895 22
6742 87 52 139 0.251799 29
6743 32 97 129 -0.503876 31
6744 84 66 150 0.12 32
6745 177 15 192 0.84375 27
6746 121 73 194 0.247423 32
6747 29 168 197 -0.705584 33
6748 19 114 133 -0.714286 29
6749 28 142 170 -0.670588 31
6750 67 106 173 -0.225434 29
6751 85 72 157 0.0828025 28
6752 89 57 146 0.219178 30
6753 34 162 196 -0.653061 33
6754 78 83 161 -0.0310559 32
6755 89 59 148 0.202703 32
6756 129 42 171 0.508772 35
6757 10 153 163 -0.877301 25
6758 205 4 209 0.961722 23
6759 57 107 164 -0.304878 33
6760 230 6 236 0.949153 19
6761 49 109 158 -0.379747 31
6762 114 47 161 0.416149 33
6763 113 69 182 0.241758 27
6764 31 95 126 -0.507937 29
6765 12 131 143 -0.832168 26
6766 133 53 186 0.430108 35
6767 104 73 177 0.175141 37
6768 67 96 163 -0.177914 30
6769 84 110 194 -0.134021 30
6770 80 99 179 -0.106145 31
6771 36 178 214 -0.663551 29
6772 52 160 212 -0.509434 29
6773 76 90 166 -0.0843373 34
6774 50 85 135 -0.259259 33
6775 98 46 144 0.361111 35
6776 78 93 171 -0.0877193 32
6777 120 52 172 0.395349 31
6778 228 13 241 0.892116 28
6779 18 113 131 -0.725191 27
6780 121 56 177 0.367232 33
6781 99 73 172 0.151163 30
6782 23 127 150 -0.693333 26
6783 163 28 191 0.706806 31
6784 102 36 138 0.478261 28
6785 35 129 164 -0.573171 33
6786 187 35 222 0.684685 28
6787 140 10 150 0.866667 22
6788 92 49 141 0.304965 28
6789 173 6 179 0.932961 24
6790 47 148 195 -0.517949 36
6791 57 145 202 -0.435644 34
6792 17 170 187 -0.818182 28
6793 13 192 205 -0.873171 26
6794 64 128 192 -0.333333 29
6795 42 119 161 -0.478261 33
6796 100 39 139 0.438849 26
6797 9 26 35 -0.485714 19
6798 22 157 179 -0.75419 26
6799 6 243 249 -0.951807 21
6800 148 39 187 0.582888 32
6801 36 167 203 -0.64532 29
6802 47 121 168 -0.440476 30
6803 115 59 174 0.321839 27
6804 148 33 181 0.635359 32
6805 23 162 185 -0.751351 27
6806 39 138 177 -0.559322 33
6807 38 132 170 -0.552941 32
6808 124 47 171 0.450292 30
6809 108 55 163 0.325153 31
6810 98 88 186 0.0537634 36
6811 112 67 179 0.251397 35
6812 75 95 170 -0.117647 34
6813 19 126 145 -0.737931 31
6814 19 179 198 -0.808081 25
6815 7 139 146 -0.90411 25
6816 139 28 167 0.664671 27
6817 20 155 175 -0.771429 26
6818 177 32 209 0.69378 29
6819 47 113 160 -0.4125 28
6820 75 97 172 -0.127907 32
6821 133 6 139 0.913669 21
6822 55 107 162 -0.320988 36
6823 47 97 144 -0.347222 33
6824 130 19 149 0.744966 29
6825 53 106 159 -0.333333 30
6826 21 74 95 -0.557895 21
6827 35 92 127 -0.448819 29
6828 51 99 150 -0.32 32
6829 29 205 234 -0.752137 25
6830 37 147 184 -0.597826 30
6831 73 124 197 -0.258883 35
6832 60 1 61 0.967213 17
6833 27 144 171 -0.684211 31
6834 49 89 138 -0.289855 29
6835 7 219 226 -0.938053 24
6836 109 54 163 0.337423 34
6837 110 40 150 0.466667 25
6838 135 41 176 0.534091 32
6839 89 55 144 0.236111 25
6840 207 10 217 0.907834 19
6841 24 197 221 -0.782805 29
6842 112 51 163 0.374233 30
6843 51 158 209 -0.511962 30
6844 18 116 134 -0.731343 18
6845 8 136 144 -0.888889 21
6846 68 62 130 0.0461538 34
6847 203 29 232 0.75 29
6848 133 29 162 0.641975 28
6849 16 133 149 -0.785235 21
6850 41 161 202 -0.594059 31
6851 170 5 175 0.942857 22
6852 92 55 147 0.251701 29
6853 136 11 147 0.85034 26
6854 182 22 204 0.784314 26
6855 36 194 230 -0.686957 33
6856 70 97 167 -0.161677 31
6857 103 43 146 0.410959 35
6858 111 35 146 0.520548 30
6859 84 110 194 -0.134021 31
6860 126 33 159 0.584906 32
6861 110 53 163 0.349693 31
6862 122 27 149 0.637584 31
6863 95 83 178 0.0674157 35
6864 73 37 110 0.327273 26
6865 29 125 154 -0.623377 33
6866 47 109 156 -0.397436 28
6867 18 151 169 -0.786982 26
6868 111 59 170 0.305882 29
6869 75 120 195 -0.230769 32
6870 96 71 167 0.149701 32
6871 162 24 186 0.741935 31
6872 59 111 170 -0.305882 32
6873 29 145 174 -0.666667 33
6874 64 62 126 0.015873 35
6875 137 31 168 0.630952 32
6876 97 57 154 0.25974 29
6877 73 95 168 -0.130952 34
6878 110 39 149 0.47651 31
6879 70 92 162 -0.135802 34
6880 31 196 227 -0.726872 30
6881 27 134 161 -0.664596 29
6882 38 98 136 -0.441176 31
6883 56 15 71 0.577465 19
6884 18 208 226 -0.840708 29
6885 143 44 187 0.529412 33
6886 28 126 154 -0.636364 33
6887 16 177 193 -0.834197 27
6888 129 40 169 0.526627 28
6889 174 17 191 0.82199 27
6890 31 126 157 -0.605096 31
6891 95 69 164 0.158537 32
6892 61 103 164 -0.256098 31
6893 253 8 261 0.938697 21
6894 177 20 197 0.796954 27
6895 100 59 159 0.257862 34
6896 138 31 169 0.633136 28
6897 76 98 174 -0.126437 36
6898 7 197 204 -0.931373 24
6899 57 98 155 -0.264516 33
6900 50 167 217 -0.539171 32
6901 31 116 147 -0.578231 30
6902 32 122 154 -0.584416 28
6903 15 188 203 -0.852217 27
6904 146 16 162 0.802469 27
6905 86 67 153 0.124183 32
6906 153 28 181 0.690608 31
6907 19 217 236 -0.838983 26
6908 120 26 146 0.643836 27
6909 23 13 36 0.277778 14
6910 73 84 157 -0.0700637 30
6911 70 99 169 -0.171598 34
6912 127 19 146 0.739726 31
6913 121 25 146 0.657534 29
6914 113 43 156 0.448718 35
6915 106 6 112 0.892857 21
6916 93 41 134 0.38806 32
6917 88 9 97 0.814433 20
6918 127 67 194 0.309278 34
6919 23 120 143 -0.678322 31
6920 31 125 156 -0.602564 29
6921 157 29 186 0.688172 29
6922 108 34 142 0.521127 33
6923 91 87 178 0.0224719 32
6924 38 122 160 -0.525 30
6925 137 9 146 0.876712 22
6926 29 123 152 -0.618421 32
6927 158 36 194 0.628866 33
6928 63 79 142 -0.112676 35
6929 119 38 157 0.515924 32
6930 68 107 175 -0.222857 35
6931 23 161 184 -0.75 28
6932 140 13 153 0.830065 30
6933 126 36 162 0.555556 29
6934 70 79 149 -0.0604027 35
6935 104 94 198 0.0505051 35
6936 165 12 177 0.864407 25
6937 153 33 186 0.645161 30
6938 166 14 180 0.844444 25
6939 176 13 189 0.862434 28
6940 117 54 171 0.368421 36
6941 155 20 175 0.771429 31
6942 109 10 119 0.831933 27
6943 6 156 162 -0.925926 20
6944 35 155 190 -0.631579 30
6945 63 139 202 -0.376238 31
6946 2 218 220 -0.981818 16
6947 53 80 133 -0.203008 33
6948 172 20 192 0.791667 26
6949 109 77 186 0.172043 31
6950 6 139 145 -0.917241 21
6951 120 39 159 0.509434 34
6952 143 20 163 0.754601 27
6953 100 68 168 0.190476 35
6954 155 29 184 0.684783 30
6955 68 65 133 0.0225564 30
6956 54 86 140 -0.228571 31
6957 167 13 180 0.855556 25
6958 184 10 194 0.896907 24
6959 34 134 168 -0.595238 33
6960 50 164 214 -0.53271 36
6961 182 8 190 0.915789 23
6962 15 123 138 -0.782609 30
6963 111 20 131 0.694656 24
6964 11 174 185 -0.881081 22
6965 86 23 109 0.577982 27
6966 16 159 175 -0.817143 26
6967 61 89 150 -0.186667 32
6968 71 92 163 -0.128834 32
6969 100 53 153 0.30719 31
6970 10 140 150 -0.866667 24
6971 61 132 193 -0.367876 34
6972 51 144 195 -0.476923 33
6973 92 58 150 0.226667 32
6974 69 48 117 0.179487 31
6975 33 112 145 -0.544828 32
6976 83 11 94 0.765957 26
6977 9 178 187 -0.903743 25
6978 133 74 207 0.285024 36
6979 17 196 213 -0.840376 23
6980 105 62 167 0.257485 29
6981 62 65 127 -0.023622 30
6982 56 94 150 -0.253333 32
6983 142 17 159 0.786164 27
6984 114 73 187 0.219251 32
6985 52 99 151 -0.311258 37
6986 214 14 228 0.877193 30
6987 28 171 199 -0.718593 29
6988 53 104 157 -0.324841 23
6989 105 44 149 0.409396 31
6990 19 71 90 -0.577778 18
6991 39 118 157 -0.503185 30
6992 30 128 158 -0.620253 30
6993 137 30 167 0.640719 32
6994 185 9 194 0.907216 25
6995 126 54 180 0.4 31
6996 46 105 151 -0.390728 32
6997 11 182 193 -0.88601 26
6998 50 117 167 -0.401198 31
6999 201 14 215 0.869767 27
7000 15 121 136 -0.779412 27
7001 5 223 228 -0.95614 15
7002 76 99 175 -0.131429 33
7003 196 6 202 0.940594 20
7004 187 21 208 0.798077 30
7005 79 35 114 0.385965 29
7006 84 81 165 0.0181818 35
7007 90 67 157 0.146497 29
7008 124 31 155 0.6 31
7009 57 82 139 -0.179856 30
7010 128 32 160 0.6 35
7011 135 59 194 0.391753 33
7012 112 45 157 0.426752 34
7013 188 12 200 0.88 26
7014 41 106 147 -0.442177 31
7015 46 152 198 -0.535354 33
7016 82 87 169 -0.0295858 21
7017 135 21 156 0.730769 30
7018 100 102 202 -0.00990099 33
7019 92 92 184 0 33
7020 104 32 136 0.529412 29
7021 30 78 108 -0.444444 28
7022 170 12 182 0.868132 19
7023 25 136 161 -0.689441 29
7024 27 128 155 -0.651613 29
7025 22 228 250 -0.824 29
7026 173 38 211 0.63981 28
7027 58 141 199 -0.417085 32
7028 140 61 201 0.393035 33
7029 101 67 168 0.202381 34
7030 76 118 194 -0.216495 31
7031 74 64 138 0.0724638 35
7032 16 148 164 -0.804878 28
7033 136 15 151 0.801325 28
7034 147 20 167 0.760479 31
7035 38 94 132 -0.424242 27
7036 40 118 158 -0.493671 26
7037 139 56 195 0.425641 31
7038 14 189 203 -0.862069 24
7039 75 107 182 -0.175824 31
7040 23 148 171 -0.730994 27
7041 131 70 201 0.303483 34
7042 135 31 166 0.626506 29
7043 189 11 200 0.89 27
7044 22 151 173 -0.745665 32
7045 26 123 149 -0.651007 32
7046 121 52 173 0.398844 35
7047 39 95 134 -0.41791 35
7048 121 23 144 0.680556 26
7049 114 55 169 0.349112 31
7050 88 98 186 -0.0537634 31
7051 28 126 154 -0.636364 30
7052 85 85 170 0 31
7053 113 94 207 0.0917874 32
7054 114 75 189 0.206349 34
7055 167 13 180 0.855556 28
7056 26 166 192 -0.729167 30
7057 17 148 165 -0.793939 27
7058 42 158 200 -0.58 28
7059 45 142 187 -0.518717 34
7060 7 145 152 -0.907895 26
7061 69 76 145 -0.0482759 28
7062 58 122 180 -0.355556 29
7063 158 11 169 0.869822 22
7064 60 73 133 -0.0977444 32
7065 149 47 196 0.520408 32
7066 71 79 150 -0.0533333 33
7067 32 183 215 -0.702326 28
7068 80 85 165 -0.030303 35
7069 76 74 150 0.0133333 34
7070 130 47 177 0.468927 35
7071 125 18 143 0.748252 28
7072 93 50 143 0.300699 22
7073 27 127 154 -0.649351 32
7074 49 118 167 -0.413174 26
7075 52 76 128 -0.1875 27
7076 94 45 139 0.352518 33
7077 149 28 177 0.683616 27
7078 170 27 197 0.725888 33
7079 28 85 113 -0.504425 31
7080 30 113 143 -0.58042 31
7081 28 110 138 -0.594203 31
7082 38 130 168 -0.547619 31
7083 28 87 115 -0.513043 30
7084 132 45 177 0.491525 31
7085 27 158 185 -0.708108 32
7086 21 150 171 -0.754386 28
7087 127 5 132 0.924242 24
7088 135 13 148 0.824324 27
7089 113 63 176 0.284091 31
7090 70 100 170 -0.176471 34
7091 94 70 164 0.146341 28
7092 32 120 152 -0.578947 31
7093 120 61 181 0.325967 31
7094 149 45 194 0.536082 27
7095 29 209 238 -0.756303 35
7096 95 56 151 0.258278 27
7097 129 22 151 0.708609 29
7098 167 9 176 0.897727 24
7099 79 73 152 0.0394737 30
7100 48 81 129 -0.255814 29
7101 55 101 156 -0.294872 31
7102 40 83 123 -0.349593 32
7103 32 170 202 -0.683168 29
7104 11 157 168 -0.869048 28
7105 78 69 147 0.0612245 29
7106 69 15 84 0.642857 25
7107 78 62 140 0.114286 25
7108 94 85 179 0.0502793 32
7109 176 7 183 0.923497 25
7110 33 154 187 -0.647059 28
7111 39 144 183 -0.57377 34
7112 72 44 116 0.241379 33
7113 190 19 209 0.818182 23
7114 4 79 83 -0.903614 22
7115 157 33 190 0.652632 36
7116 43 136 179 -0.519553 32
7117 88 67 155 0.135484 30
7118 75 115 190 -0.210526 26
7119 12 158 170 -0.858824 26
7120 169 6 175 0.931429 14
7121 63 106 169 -0.254438 31
7122 20 139 159 -0.748428 25
7123 26 155 181 -0.712707 28
7124 81 42 123 0.317073 32
7125 115 52 167 0.377246 36
7126 89 48 137 0.29927 30
7127 57 101 158 -0.278481 33
7128 128 40 168 0.52381 36
7129 65 40 105 0.238095 25
7130 115 63 178 0.292135 31
7131 10 134 144 -0.861111 18
7132 123 54 177 0.389831 34
7133 141 24 165 0.709091 32
7134 42 122 164 -0.487805 29
7135 27 134 161 -0.664596 33
7136 23 33 56 -0.178571 21
7137 55 124 179 -0.385475 33
7138 136 40 176 0.545455 31
7139 42 128 170 -0.505882 30
7140 45 74 119 -0.243697 32
7141 29 129 158 -0.632911 33
7142 21 196 217 -0.806452 27
7143 39 52 91 -0.142857 25
7144 153 14 167 0.832335 27
7145 108 23 131 0.648855 32
7146 13 171 184 -0.858696 27
7147 80 77 157 0.0191083 33
7148 48 111 159 -0.396226 29
7149 58 122 180 -0.355556 33
7150 127 42 169 0.502959 34
7151 72 99 171 -0.157895 31
7152 78 96 174 -0.103448 30
7153 77 104 181 -0.149171 27
7154 188 13 201 0.870647 29
7155 235 8 243 0.934156 22
7156 213 10 223 0.910314 28
7157 39 187 226 -0.654867 35
7158 91 78 169 0.0769231 34
7159 78 103 181 -0.138122 36
7160 174 7 181 0.922652 25
7161 18 241 259 -0.861004 27
7162 26 137 163 -0.680982 31
7163 70 114 184 -0.23913 33
7164 195 12 207 0.884058 23
7165 30 124 154 -0.61039 28
7166 168 61 229 0.467249 34
7167 4 146 150 -0.946667 21
7168 50 84 134 -0.253731 33
7169 49 121 170 -0.423529 36
7170 100 73 173 0.156069 33
7171 114 30 144 0.583333 32
7172 156 15 171 0.824561 29
7173 14 175 189 -0.851852 28
7174 15 164 179 -0.832402 26
7175 74 73 147 0.00680272 31
7176 20 202 222 -0.81982 24
7177 61 69 130 -0.0615385 30
7178 79 46 125 0.264 32
7179 101 53 154 0.311688 33
7180 18 186 204 -0.823529 31
7181 54 67 121 -0.107438 26
7182 86 66 152 0.131579 32
7183 48 160 208 -0.538462 32
7184 23 180 203 -0.773399 26
7185 63 89 152 -0.171053 35
7186 48 117 165 -0.418182 26
7187 114 57 171 0.333333 30
7188 59 61 120 -0.0166667 29
7189 16 173 189 -0.830688 29
7190 145 12 157 0.847134 27
7191 103 89 192 0.0729167 34
7192 14 193 207 -0.864734 29
7193 123 53 176 0.397727 34
7194 44 113 157 -0.43949 28
7195 43 158 201 -0.572139 31
7196 34 27 61 0.114754 22
7197 189 35 224 0.6875 32
7198 45 105 150 -0.4 34
7199 140 49 189 0.481481 32
7200 38 134 172 -0.55814 31
7201 19 124 143 -0.734266 28
7202 111 45 156 0.423077 34
7203 141 34 175 0.611429 28
7204 126 79 205 0.229268 27
7205 27 131 158 -0.658228 36
7206 204 7 211 0.933649 23
7207 112 55 167 0.341317 34
7208 97 98 195 -0.00512821 34
7209 130 22 152 0.710526 28
7210 97 62 159 0.220126 33
7211 90 53 143 0.258741 36
7212 13 127 140 -0.814286 24
7213 146 21 167 0.748503 28
7214 161 28 189 0.703704 29
7215 38 96 134 -0.432836 30
7216 133 31 164 0.621951 31
7217 54 86 140 -0.228571 33
7218 143 12 155 0.845161 29
7219 80 74 154 0.038961 31
7220 180 25 205 0.756098 28
7221 187 19 206 0.815534 25
7222 5 219 224 -0.955357 21
7223 161 8 169 0.905325 26
7224 167 19 186 0.795699 24
7225 141 8 149 0.892617 25
7226 19 139 158 -0.759494 28
7227 264 13 277 0.906137 25
7228 29 134 163 -0.644172 33
7229 67 131 198 -0.323232 33
7230 31 124 155 -0.6 29
7231 33 116 149 -0.557047 25
7232 41 102 143 -0.426573 32
7233 32 128 160 -0.6 33
7234 67 125 192 -0.302083 36
7235 51 80 131 -0.221374 33
7236 110 70 180 0.222222 31
7237 66 64 130 0.0153846 29
7238 75 99 174 -0.137931 33
7239 185 20 205 0.804878 30
7240 17 193 210 -0.838095 29
7241 41 100 141 -0.41844 31
7242 63 91 154 -0.181818 33
7243 59 134 193 -0.388601 33
7244 148 13 161 0.838509 27
7245 113 64 177 0.276836 32
7246 61 125 186 -0.344086 35
7247 142 40 182 0.56044 27
7248 92 49 141 0.304965 32
7249 176 28 204 0.72549 30
7250 49 98 147 -0.333333 36
7251 31 148 179 -0.653631 33
7252 156 30 186 0.677419 31
7253 101 47 148 0.364865 28
7254 7 179 186 -0.924731 26
7255 168 14 182 0.846154 29
7256 166 11 177 0.875706 26
7257 111 93 204 0.0882353 33
7258 132 18 150 0.76 26
7259 127 58 185 0.372973 32
7260 57 74 131 -0.129771 28
7261 32 136 168 -0.619048 34
7262 53 121 174 -0.390805 32
7263 137 29 166 0.650602 28
7264 110 42 152 0.447368 31
7265 56 127 183 -0.387978 34
7266 15 268 283 -0.893993 25
7267 30 147 177 -0.661017 33
7268 45 129 174 -0.482759 29
7269 16 230 246 -0.869919 28
7270 187 17 204 0.833333 27
7271 93 79 172 0.0813953 33
7272 117 33 150 0.56 31
7273 144 46 190 0.515789 30
7274 147 43 190 0.547368 36
7275 105 17 122 0.721311 29
7276 45 124 169 -0.467456 31
7277 43 113 156 -0.448718 26
7278 19 119 138 -0.724638 25
7279 84 57 141 0.191489 29
7280 101 31 132 0.530303 25
7281 91 52 143 0.272727 33
7282 150 6 156 0.923077 22
7283 62 111 173 -0.283237 37
7284 111 56 167 0.329341 34
7285 8 116 124 -0.870968 22
7286 71 60 131 0.0839695 34
7287 73 68 141 0.035461 35
7288 114 58 172 0.325581 36
7289 82 55 137 0.19708 29
7290 94 51 145 0.296552 34
7291 84 76 160 0.05 26
7292 83 36 119 0.394958 22
7293 147 17 164 0.792683 30
7294 11 125 136 -0.838235 28
7295 141 40 181 0.558011 36
7296 83 75 158 0.0506329 32
7297 104 85 189 0.100529 29
7298 35 193 228 -0.692982 33
7299 51 123 174 -0.413793 29
7300 27 123 150 -0.64 27
7301 29 188 217 -0.732719 30
7302 55 125 180 -0.388889 33
7303 157 20 177 0.774011 30
7304 43 149 192 -0.552083 33
7305 138 14 152 0.815789 26
7306 10 148 158 -0.873418 28
7307 72 106 178 -0.191011 36
7308 171 4 175 0.954286 23
7309 26 126 152 -0.657895 32
7310 111 38 149 0.489933 35
7311 252 14 266 0.894737 27
7312 125 15 140 0.785714 26
7313 76 87 163 -0.0674847 27
7314 95 87 182 0.043956 32
7315 76 62 138 0.101449 30
7316 65 7 72 0.805556 23
7317 71 67 138 0.0289855 34
7318 55 128 183 -0.398907 32
7319 115 73 188 0.223404 35
7320 87 31 118 0.474576 32
7321 59 107 166 -0.289157 31
7322 71 113 184 -0.228261 29
7323 83 80 163 0.0184049 28
7324 27 95 122 -0.557377 24
7325 81 65 146 0.109589 31
7326 32 132 164 -0.609756 30
7327 31 62 93 -0.333333 31
7328 74 78 152 -0.0263158 28
7329 86 106 192 -0.104167 30
7330 133 20 153 0.738562 27
7331 52 113 165 -0.369697 32
7332 96 67 163 0.177914 29
7333 156 9 165 0.890909 24
7334 177 15 192 0.84375 29
7335 7 157 164 -0.914634 24
7336 54 99 153 -0.294118 32
7337 34 122 156 -0.564103 32
7338 46 130 176 -0.477273 33
7339 68 56 124 0.0967742 30
7340 126 33 159 0.584906 29
7341 57 80 137 -0.167883 32
7342 151 45 196 0.540816 35
7343 76 51 127 0.19685 25
7344 4 223 227 -0.964758 20
7345 93 43 136 0.367647 33
7346 148 7 155 0.909677 26
7347 81 89 170 -0.0470588 29
7348 114 73 187 0.219251 34
7349 21 158 179 -0.765363 30
7350 11 274 285 -0.922807 23
7351 15 105 120 -0.75 26
7352 71 55 126 0.126984 26
7353 97 40 137 0.416058 30
7354 122 26 148 0.648649 30
7355 82 91 173 -0.0520231 35
7356 9 143 152 -0.881579 28
7357 99 95 194 0.0206186 32
7358 53 147 200 -0.47 34
7359 99 19 118 0.677966 29
7360 97 49 146 0.328767 28
7361 92 92 184 0 35
7362 91 37 128 0.421875 30
7363 138 38 176 0.568182 27
7364 18 224 242 -0.85124 25
7365 17 129 146 -0.767123 31
7366 62 118 180 -0.311111 33
7367 59 87 146 -0.191781 33
7368 72 69 141 0.0212766 31
7369 127 78 205 0.239024 30
7370 148 45 193 0.533679 34
7371 127 26 153 0.660131 33
7372 153 28 181 0.690608 31
7373 192 20 212 0.811321 27
7374 78 95 173 -0.0982659 33
7375 70 96 166 -0.156627 32
7376 33 131 164 -0.597561 32
7377 13 139 152 -0.828947 25
7378 72 91 163 -0.116564 33
7379 154 37 191 0.612565 25
7380 57 92 149 -0.234899 31
7381 47 148 195 -0.517949 33
7382 58 119 177 -0.344633 34
7383 114 71 185 0.232432 33
7384 136 51 187 0.454545 34
7385 23 149 172 -0.732558 32
7386 32 107 139 -0.539568 33
7387 31 162 193 -0.678756 34
7388 116 42 158 0.468354 32
7389 130 12 142 0.830986 26
7390 42 123 165 -0.490909 29
7391 205 21 226 0.814159 33
7392 133 34 167 0.592814 29
7393 18 191 209 -0.827751 31
7394 187 12 199 0.879397 23
7395 42 180 222 -0.621622 27
7396 16 174 190 -0.831579 28
7397 133 38 171 0.555556 28
7398 85 56 141 0.205674 32
7399 137 77 214 0.280374 36
7400 32 143 175 -0.634286 32
7401 50 142 192 -0.479167 32
7402 129 38 167 0.54491 30
7403 61 104 165 -0.260606 29
7404 17 200 217 -0.843318 26
7405 128 28 156 0.641026 30
7406 75 89 164 -0.0853659 25
7407 166 24 190 0.747368 26
7408 138 17 155 0.780645 29
7409 15 127 142 -0.788732 23
7410 22 231 253 -0.826087 31
7411 143 67 210 0.361905 32
7412 71 130 201 -0.293532 32
7413 117 86 203 0.152709 34
7414 38 89 127 -0.401575 29
7415 48 74 122 -0.213115 33
7416 20 131 151 -0.735099 28
7417 29 201 230 -0.747826 30
7418 194 19 213 0.821596 28
7419 22 146 168 -0.738095 30
7420 19 126 145 -0.737931 29
7421 80 53 133 0.203008 30
7422 2 134 136 -0.970588 19
7423 50 66 116 -0.137931 27
7424 230 7 237 0.940928 22
7425 206 7 213 0.934272 24
7426 127 16 143 0.776224 25
7427 51 123 174 -0.413793 33
7428 117 32 149 0.57047 30
7429 40 134 174 -0.54023 32
7430 82 60 142 0.15493 27
7431 24 148 172 -0.72093 32
7432 58 108 166 -0.301205 34
7433 78 61 139 0.122302 26
7434 130 19 149 0.744966 30
7435 137 45 182 0.505495 33
7436 114 49 163 0.398773 25
7437 49 106 155 -0.367742 34
7438 13 83 96 -0.729167 27
7439 64 46 110 0.163636 33
7440 161 33 194 0.659794 33
7441 43 135 178 -0.516854 31
7442 115 72 187 0.229947 36
7443 31 108 139 -0.553957 33
7444 167 13 180 0.855556 27
7445 30 139 169 -0.64497 32
7446 29 151 180 -0.677778 34
7447 88 58 146 0.205479 32
7448 79 76 155 0.0193548 28
7449 7 234 241 -0.941909 22
7450 86 67 153 0.124183 30
7451 53 85 138 -0.231884 34
7452 20 149 169 -0.763314 32
7453 155 19 174 0.781609 31
7454 124 34 158 0.56962 28
7455 10 134 144 -0.861111 26
7456 24 166 190 -0.747368 32
7457 109 19 128 0.703125 27
7458 10 234 244 -0.918033 21
7459 38 124 162 -0.530864 28
7460 23 142 165 -0.721212 31
7461 21 127 148 -0.716216 28
7462 154 18 172 0.790698 27
7463 57 104 161 -0.291925 29
7464 125 55 180 0.388889 31
7465 21 129 150 -0.72 31
7466 196 12 208 0.884615 26
7467 15 166 181 -0.834254 28
7468 34 83 117 -0.418803 35
7469 6 170 176 -0.931818 25
7470 83 86 169 -0.0177515 35
7471 210 9 219 0.917808 25
7472 207 15 222 0.864865 26
7473 55 92 147 -0.251701 30
7474 109 72 181 0.20442 34
7475 76 113 189 -0.195767 33
7476 18 125 143 -0.748252 28
7477 162 12 174 0.862069 26
7478 92 70 162 0.135802 36
7479 121 55 176 0.375 31
7480 103 59 162 0.271605 32
7481 19 187 206 -0.815534 29
7482 25 127 152 -0.671053 27
7483 98 61 159 0.232704 35
7484 121 41 162 0.493827 31
7485 92 62 154 0.194805 33
7486 89 83 172 0.0348837 32
7487 89 28 117 0.521368 29
7488 168 16 184 0.826087 29
7489 222 12 234 0.897436 23
7490 47 123 170 -0.447059 27
7491 72 77 149 -0.033557 32
7492 108 50 158 0.367089 31
7493 170 9 179 0.899441 27
7494 26 93 119 -0.563025 28
7495 9 144 153 -0.882353 24
7496 108 45 153 0.411765 33
7497 97 68 165 0.175758 34
7498 219 16 235 0.86383 26
7499 175 12 187 0.871658 27
7500 136 33 169 0.609467 28
7501 122 64 186 0.311828 30
7502 180 21 201 0.791045 30
7503 205 19 224 0.830357 28
7504 108 40 148 0.459459 26
7505 103 51 154 0.337662 37
7506 105 82 187 0.122995 32
7507 137 17 154 0.779221 29
7508 176 10 186 0.892473 20
7509 181 7 188 0.925532 21
7510 4 160 164 -0.95122 21
7511 55 58 113 -0.0265487 25
7512 55 136 191 -0.424084 30
7513 258 8 266 0.93985 22
7514 97 54 151 0.284768 33
7515 48 154 202 -0.524752 34
7516 140 4 144 0.944444 22
7517 23 121 144 -0.680556 31
7518 49 88 137 -0.284672 34
7519 100 62 162 0.234568 38
7520 104 41 145 0.434483 28
7521 148 43 191 0.549738 28
7522 46 112 158 -0.417722 34
7523 16 148 164 -0.804878 27
7524 15 173 188 -0.840426 27
7525 66 110 176 -0.25 36
7526 70 83 153 -0.0849673 27
7527 28 111 139 -0.597122 32
7528 55 105 160 -0.3125 34
7529 50 160 210 -0.52381 37
7530 171 13 184 0.858696 25
7531 80 56 136 0.176471 29
7532 97 40 137 0.416058 31
7533 79 91 170 -0.0705882 32
7534 67 89 156 -0.141026 27
7535 60 153 213 -0.43662 29
7536 87 76 163 0.0674847 34
7537 129 27 156 0.653846 31
7538 284 8 292 0.945205 20
7539 127 64 191 0.329843 34
7540 117 26 143 0.636364 34
7541 165 23 188 0.755319 27
7542 86 74 160 0.075 31
7543 107 66 173 0.236994 31
7544 10 150 160 -0.875 25
7545 116 63 179 0.296089 31
7546 73 72 145 0.00689655 35
7547 3 160 163 -0.96319 22
7548 21 154 175 -0.76 30
7549 132 43 175 0.508571 25
7550 226 9 235 0.923404 24
7551 48 144 192 -0.5 26
7552 206 30 236 0.745763 21
7553 163 19 182 0.791209 31
7554 66 95 161 -0.180124 30
7555 106 71 177 0.19774 33
7556 136 41 177 0.536723 31
7557 71 85 156 -0.0897436 31
7558 137 20 157 0.745223 29
7559 93 45 138 0.347826 29
7560 1 45 46 -0.956522 12
7561 87 73 160 0.0875 31
7562 146 35 181 0.61326 32
7563 69 79 148 -0.0675676 29
7564 141 23 164 0.719512 31
7565 10 130 140 -0.857143 27
7566 134 23 157 0.707006 29
7567 22 227 249 -0.823293 24
7568 34 44 78 -0.128205 27
7569 18 121 139 -0.741007 27
7570 186 23 209 0.779904 33
7571 75 65 140 0.0714286 28
7572 76 110 186 -0.182796 36
7573 124 51 175 0.417143 31
7574 45 139 184 -0.51087 24
7575 166 9 175 0.897143 27
7576 47 55 102 -0.0784314 28
7577 64 95 159 -0.194969 29
7578 66 77 143 -0.0769231 33
7579 95 76 171 0.111111 34
7580 38 47 85 -0.105882 29
7581 130 38 168 0.547619 29
7582 164 45 209 0.569378 29
7583 111 59 170 0.305882 29
7584 97 80 177 0.0960452 32
7585 125 19 144 0.736111 26
7586 61 101 162 -0.246914 32
7587 37 133 170 -0.564706 29
7588 80 75 155 0.0322581 37
7589 91 72 163 0.116564 37
7590 66 108 174 -0.241379 27
7591 25 148 173 -0.710983 33
7592 184 29 213 0.7277 27
7593 28 157 185 -0.697297 29
7594 58 61 119 -0.0252101 30
7595 105 68 173 0.213873 27
7596 118 60 178 0.325843 29
7597 22 218 240 -0.816667 28
7598 253 6 259 0.953668 20
7599 38 167 205 -0.629268 30
7600 74 68 142 0.0422535 34
7601 43 97 140 -0.385714 32
7602 116 43 159 0.459119 32
7603 62 66 128 -0.03125 35
7604 111 57 168 0.321429 33
7605 79 105 184 -0.141304 35
7606 74 88 162 -0.0864198 32
7607 129 31 160 0.6125 28
7608 197 27 224 0.758929 31
7609 127 18 145 0.751724 29
7610 93 42 135 0.377778 27
7611 118 64 182 0.296703 35
7612 112 48 160 0.4 31
7613 101 99 200 0.01 36
7614 158 51 209 0.511962 30
7615 68 92 160 -0.15 32
7616 23 134 157 -0.707006 29
7617 25 124 149 -0.66443 30
7618 76 75 151 0.00662252 29
7619 106 60 166 0.277108 32
7620 97 48 145 0.337931 29
7621 107 12 119 0.798319 26
7622 25 134 159 -0.685535 30
7623 3 185 188 -0.968085 22
7624 160 25 185 0.72973 26
7625 86 45 131 0.312977 28
7626 113 46 159 0.421384 27
7627 9 89 98 -0.816327 25
7628 65 107 172 -0.244186 31
7629 113 61 174 0.298851 35
7630 109 32 141 0.546099 30
7631 46 89 135 -0.318519 28
7632 115 60 175 0.314286 35
7633 4 174 178 -0.955056 22
7634 113 45 158 0.43038 31
7635 8 179 187 -0.914439 25
7636 198 12 210 0.885714 16
7637 6 198 204 -0.941176 23
7638 93 64 157 0.184713 34
7639 148 17 165 0.793939 29
7640 20 211 231 -0.82684 27
7641 19 105 124 -0.693548 30
7642 103 70 173 0.190751 31
7643 36 130 166 -0.566265 32
7644 20 122 142 -0.71831 29
7645 93 95 188 -0.0106383 35
7646 35 187 222 -0.684685 30
7647 13 113 126 -0.793651 22
7648 15 217 232 -0.87069 27
7649 65 111 176 -0.261364 34
7650 100 59 159 0.257862 34
7651 10 74 84 -0.761905 21
7652 25 191 216 -0.768519 33
7653 23 183 206 -0.776699 33
7654 157 11 168 0.869048 26
7655 161 4 165 0.951515 22
7656 9 151 160 -0.8875 25
7657 44 90 134 -0.343284 32
7658 234 0 234 1 11
7659 32 142 174 -0.632184 29
7660 58 115 173 -0.32948 33
7661 123 61 184 0.336957 35
7662 72 76 148 -0.027027 36
7663 180 20 200 0.8 29
7664 150 14 164 0.829268 30
7665 15 167 182 -0.835165 27
7666 108 6 114 0.894737 24
7667 45 97 142 -0.366197 30
7668 119 57 176 0.352273 35
7669 26 148 174 -0.701149 30
7670 147 55 202 0.455446 36
7671 25 160 185 -0.72973 29
7672 68 87 155 -0.122581 35
7673 9 242 251 -0.928287 23
7674 199 8 207 0.922705 26
7675 16 181 197 -0.837563 23
7676 27 157 184 -0.706522 29
7677 180 7 187 0.925134 25
7678 83 111 194 -0.14433 33
7679 72 80 152 -0.0526316 28
7680 76 106 182 -0.164835 33
7681 156 13 169 0.846154 27
7682 68 149 217 -0.373272 33
7683 82 93 175 -0.0628571 35
7684 20 150 170 -0.764706 28
7685 111 60 171 0.298246 25
7686 147 27 174 0.689655 24
7687 14 119 133 -0.789474 26
7688 66 91 157 -0.159236 31
7689 75 55 130 0.153846 31
7690 113 48 161 0.403727 33
7691 79 70 149 0.0604027 30
7692 92 70 162 0.135802 29
7693 172 40 212 0.622642 25
7694 235 32 267 0.7603 28
7695 81 50 131 0.236641 30
7696 66 90 156 -0.153846 33
7697 14 203 217 -0.870968 27
7698 60 93 153 -0.215686 30
7699 138 25 163 0.693252 27
7700 24 129 153 -0.686275 29
7701 96 42 138 0.391304 32
7702 24 133 157 -0.694268 29
7703 166 25 191 0.73822 29
7704 37 92 129 -0.426357 31
7705 66 77 143 -0.0769231 31
7706 189 4 193 0.958549 18
7707 65 100 165 -0.212121 32
7708 81 65 146 0.109589 32
7709 105 57 162 0.296296 36
7710 84 87 171 -0.0175439 34
7711 17 194 211 -0.838863 27
7712 150 22 172 0.744186 30
7713 170 34 204 0.666667 33
7714 104 74 178 0.168539 27
7715 193 6 199 0.939698 23
7716 75 101 176 -0.147727 34
7717 54 126 180 -0.4 33
7718 47 135 182 -0.483516 32
7719 62 120 182 -0.318681 36
7720 9 211 220 -0.918182 26
7721 136 68 204 0.333333 34
7722 123 71 194 0.268041 34
7723 88 43 131 0.343511 28
7724 102 15 117 0.74359 29
7725 130 45 175 0.485714 29
7726 22 171 193 -0.772021 29
7727 52 145 197 -0.472081 29
7728 7 185 192 -0.927083 23
7729 7 10 17 -0.176471 13
7730 98 28 126 0.555556 31
7731 31 122 153 -0.594771 31
7732 74 84 158 -0.0632911 33
7733 176 14 190 0.852632 27
7734 29 158 187 -0.68984 30
7735 84 61 145 0.158621 29
7736 119 57 176 0.352273 36
7737 109 80 189 0.153439 33
7738 205 11 216 0.898148 27
7739 119 46 165 0.442424 30
7740 28 132 160 -0.65 32
7741 43 123 166 -0.481928 29
7742 12 195 207 -0.884058 21
7743 83 48 131 0.267176 32
7744 126 81 207 0.217391 32
7745 154 35 189 0.62963 30
7746 3 184 187 -0.967914 21
7747 69 90 159 -0.132075 34
7748 42 104 146 -0.424658 30
7749 28 162 190 -0.705263 25
7750 77 88 165 -0.0666667 35
7751 159 28 187 0.700535 29
7752 158 45 203 0.55665 35
7753 142 33 175 0.622857 30
7754 18 123 141 -0.744681 27
7755 153 3 156 0.961538 21
7756 20 148 168 -0.761905 32
7757 52 132 184 -0.434783 33
7758 199 41 240 0.658333 33
7759 116 49 165 0.406061 33
7760 81 82 163 -0.00613497 35
7761 17 110 127 -0.732283 30
7762 71 111 182 -0.21978 33
7763 75 66 141 0.0638298 25
7764 59 113 172 -0.313953 34
7765 72 138 210 -0.314286 36
7766 42 21 63 0.333333 26
7767 33 108 141 -0.531915 30
7768 47 123 170 -0.447059 29
7769 138 16 154 0.792208 30
7770 79 59 138 0.144928 34
7771 100 63 163 0.226994 28
7772 32 162 194 -0.670103 31
7773 134 43 177 0.514124 34
7774 89 104 193 -0.0777202 33
7775 65 120 185 -0.297297 31
7776 21 186 207 -0.797101 29
7777 90 57 147 0.22449 32
7778 7 184 191 -0.926702 24
7779 79 61 140 0.128571 33
7780 16 136 152 -0.789474 27
7781 160 21 181 0.767956 29
7782 157 23 180 0.744444 30
7783 50 115 165 -0.393939 29
7784 156 16 172 0.813953 28
7785 94 67 161 0.167702 32
7786 140 32 172 0.627907 31
7787 162 26 188 0.723404 24
7788 43 149 192 -0.552083 30
7789 150 21 171 0.754386 31
7790 77 94 171 -0.0994152 36
7791 106 9 115 0.843478 22
7792 126 49 175 0.44 32
7793 34 159 193 -0.647668 27
7794 62 95 157 -0.210191 31
7795 13 188 201 -0.870647 30
7796 98 83 181 0.0828729 34
7797 76 101 177 -0.141243 36
7798 12 163 175 -0.862857 27
7799 14 129 143 -0.804196 28
7800 17 151 168 -0.797619 24
7801 82 58 140 0.171429 31
7802 120 43 163 0.472393 27
7803 75 105 180 -0.166667 32
7804 13 218 231 -0.887446 24
7805 73 103 176 -0.170455 33
7806 83 70 153 0.0849673 35
7807 87 96 183 -0.0491803 38
7808 4 9 13 -0.384615 10
7809 154 32 186 0.655914 33
7810 183 24 207 0.768116 23
7811 21 163 184 -0.771739 28
7812 35 137 172 -0.593023 31
7813 50 45 95 0.0526316 31
7814 33 174 207 -0.681159 30
7815 5 107 112 -0.910714 23
7816 168 23 191 0.759162 28
7817 25 115 140 -0.642857 29
7818 76 102 178 -0.146067 32
7819 18 151 169 -0.786982 28
7820 21 145 166 -0.746988 32
7821 155 14 169 0.83432 25
7822 89 83 172 0.0348837 35
7823 106 32 138 0.536232 32
7824 90 38 128 0.40625 36
7825 173 32 205 0.687805 27
7826 113 15 128 0.765625 26
7827 150 50 200 0.5 34
7828 9 222 231 -0.922078 16
7829 107 37 144 0.486111 27
7830 96 73 169 0.136095 32
7831 75 91 166 -0.0963855 28
7832 104 67 171 0.216374 30
7833 37 109 146 -0.493151 32
7834 13 174 187 -0.860963 23
7835 66 64 130 0.0153846 27
7836 76 114 190 -0.2 34
7837 157 29 186 0.688172 34
7838 167 7 174 0.91954 23
7839 53 63 116 -0.0862069 31
7840 130 30 160 0.625 28
7841 74 50 124 0.193548 33
7842 121 67 188 0.287234 32
7843 118 60 178 0.325843 32
7844 92 78 170 0.0823529 33
7845 29 74 103 -0.436893 20
7846 44 159 203 -0.566502 35
7847 104 57 161 0.291925 31
7848 39 129 168 -0.535714 35
7849 33 185 218 -0.697248 30
7850 6 225 231 -0.948052 23
7851 144 20 164 0.756098 28
7852 161 12 173 0.861272 29
7853 134 38 172 0.55814 33
7854 121 64 185 0.308108 32
7855 34 102 136 -0.5 34
7856 10 181 191 -0.895288 24
7857 88 81 169 0.0414201 29
7858 81 62 143 0.132867 26
7859 107 72 179 0.195531 36
7860 215 9 224 0.919643 18
7861 84 89 173 -0.0289017 32
7862 132 43 175 0.508571 33
7863 94 54 148 0.27027 36
7864 12 110 122 -0.803279 26
7865 143 32 175 0.634286 31
7866 94 58 152 0.236842 35
7867 102 26 128 0.59375 26
7868 116 34 150 0.546667 32
7869 123 65 188 0.308511 35
7870 121 54 175 0.382857 30
7871 63 100 163 -0.226994 34
7872 136 16 152 0.789474 28
7873 153 32 185 0.654054 34
7874 151 52 203 0.487685 29
7875 34 108 142 -0.521127 32
7876 14 171 185 -0.848649 26
7877 97 38 135 0.437037 30
7878 200 16 216 0.851852 30
7879 54 126 180 -0.4 33
7880 23 160 183 -0.748634 31
7881 203 14 217 0.870968 24
7882 79 99 178 -0.11236 30
7883 142 17 159 0.786164 29
7884 47 107 154 -0.38961 28
7885 139 28 167 0.664671 28
7886 21 170 191 -0.780105 29
7887 79 80 159 -0.00628931 34
7888 120 80 200 0.2 33
7889 88 79 167 0.0538922 30
7890 203 10 213 0.906103 25
7891 133 58 191 0.39267 30
7892 158 53 211 0.49763 33
7893 59 109 168 -0.297619 37
7894 65 83 148 -0.121622 32
7895 109 51 160 0.3625 31
7896 142 25 167 0.700599 30
7897 28 124 152 -0.631579 29
7898 100 85 185 0.0810811 26
7899 6 189 195 -0.938462 17
7900 219 34 253 0.731225 28
7901 28 142 170 -0.670588 32
7902 33 149 182 -0.637363 30
7903 21 164 185 -0.772973 23
7904 97 29 126 0.539683 27
7905 163 32 195 0.671795 34
7906 159 31 190 0.673684 29
7907 160 19 179 0.787709 27
7908 178 25 203 0.753695 30
7909 56 108 164 -0.317073 31
7910 103 47 150 0.373333 28
7911 84 58 142 0.183099 36
7912 81 63 144 0.125 27
7913 7 205 212 -0.933962 22
7914 7 177 184 -0.923913 25
7915 168 35 203 0.655172 24
7916 106 39 145 0.462069 26
7917 110 33 143 0.538462 26
7918 6 219 225 -0.946667 23
7919 22 100 122 -0.639344 25
7920 110 50 160 0.375 33
7921 67 136 203 -0.339901 34
7922 82 73 155 0.0580645 31
7923 112 86 198 0.131313 36
7924 131 62 193 0.357513 31
7925 63 108 171 -0.263158 33
7926 118 51 169 0.39645 25
7927 48 96 144 -0.333333 36
7928 156 28 184 0.695652 30
7929 62 100 162 -0.234568 32
7930 84 104 188 -0.106383 32
7931 135 30 165 0.636364 31
7932 21 79 100 -0.58 28
7933 63 95 158 -0.202532 35
7934 48 129 177 -0.457627 33
7935 82 61 143 0.146853 26
7936 16 110 126 -0.746032 23
7937 123 55 178 0.382022 33
7938 60 79 139 -0.136691 32
7939 21 142 163 -0.742331 31
7940 174 29 203 0.714286 29
7941 158 23 181 0.745856 27
7942 176 12 188 0.87234 26
7943 68 107 175 -0.222857 28
7944 23 225 248 -0.814516 30
7945 125 92 217 0.152074 32
7946 8 204 212 -0.924528 26
7947 13 187 200 -0.87 21
7948 219 24 243 0.802469 28
7949 70 85 155 -0.0967742 34
7950 32 128 160 -0.6 32
7951 117 31 148 0.581081 31
7952 10 169 179 -0.888268 23
7953 111 68 179 0.240223 34
7954 175 7 182 0.923077 23
7955 88 106 194 -0.0927835 30
7956 69 116 185 -0.254054 34
7957 135 17 152 0.776316 27
7958 52 100 152 -0.315789 32
7959 144 40 184 0.565217 30
7960 67 101 168 -0.202381 37
7961 144 49 193 0.492228 34
7962 55 88 143 -0.230769 32
7963 88 61 149 0.181208 30
7964 75 39 114 0.315789 29
7965 173 22 195 0.774359 26
7966 96 18 114 0.684211 26
7967 136 42 178 0.52809 31
7968 74 78 152 -0.0263158 34
7969 90 104 194 -0.0721649 37
7970 46 102 148 -0.378378 35
7971 14 201 215 -0.869767 24
7972 203 11 214 0.897196 27
7973 113 46 159 0.421384 26
7974 226 17 243 0.860082 30
7975 113 25 138 0.637681 33
7976 125 31 156 0.602564 30
7977 15 171 186 -0.83871 30
7978 112 64 176 0.272727 35
7979 81 86 167 -0.0299401 35
7980 64 90 154 -0.168831 36
7981 24 169 193 -0.751295 32
7982 59 76 135 -0.125926 25
7983 175 50 225 0.555556 32
7984 171 31 202 0.693069 30
7985 129 48 177 0.457627 36
7986 122 76 198 0.232323 30
7987 157 56 213 0.474178 32
7988 77 146 223 -0.309417 31
7989 130 22 152 0.710526 28
7990 51 128 179 -0.430168 35
7991 137 39 176 0.556818 33
7992 101 57 158 0.278481 31
7993 37 99 136 -0.455882 30
7994 9 160 169 -0.893491 26
7995 19 145 164 -0.768293 30
7996 8 248 256 -0.9375 26
7997 180 52 232 0.551724 33
7998 60 87 147 -0.183673 29
7999 146 29 175 0.668571 29
8000 145 26 171 0.695906 32
8001 134 38 172 0.55814 27
8002 32 168 200 -0.68 31
8003 44 97 141 -0.375887 35
8004 88 74 162 0.0864198 38
8005 109 71 180 0.211111 36
8006 9 169 178 -0.898876 25
8007 21 45 66 -0.363636 19
8008 60 98 158 -0.240506 34
8009 74 54 128 0.15625 28
8010 69 89 158 -0.126582 30
8011 143 58 201 0.422886 33
8012 62 108 170 -0.270588 28
8013 113 37 150 0.506667 34
8014 133 19 152 0.75 27
8015 131 66 197 0.329949 37
8016 173 11 184 0.880435 26
8017 113 65 178 0.269663 32
8018 54 68 122 -0.114754 35
8019 93 85 178 0.0449438 34
8020 115 70 185 0.243243 33
8021 11 178 189 -0.883598 28
8022 168 34 202 0.663366 29
8023 142 31 173 0.641618 27
8024 71 113 184 -0.228261 30
8025 93 91 184 0.0108696 30
8026 146 44 190 0.536842 34
8027 104 54 158 0.316456 33
8028 98 34 132 0.484848 32
8029 90 75 165 0.0909091 36
8030 76 86 162 -0.0617284 32
8031 98 47 145 0.351724 25
8032 9 194 203 -0.91133 21
8033 128 30 158 0.620253 27
8034 17 237 254 -0.866142 24
8035 94 61 155 0.212903 29
8036 168 29 197 0.705584 32
8037 216 30 246 0.756098 26
8038 209 7 216 0.935185 19
8039 171 19 190 0.8 31
8040 48 147 195 -0.507692 37
8041 85 64 149 0.14094 34
8042 49 113 162 -0.395062 34
8043 81 62 143 0.132867 30
8044 24 136 160 -0.7 32
8045 61 100 161 -0.242236 33
8046 111 58 169 0.313609 26
8047 17 162 179 -0.810056 19
8048 104 64 168 0.238095 32
8049 85 101 186 -0.0860215 29
8050 88 2 90 0.955556 13
8051 30 99 129 -0.534884 25
8052 135 57 192 0.40625 31
8053 36 119 155 -0.535484 32
8054 24 154 178 -0.730337 29
8055 66 97 163 -0.190184 31
8056 118 47 165 0.430303 35
8057 25 108 133 -0.62406 31
8058 104 44 148 0.405405 33
8059 121 56 177 0.367232 29
8060 139 36 175 0.588571 32
8061 26 207 233 -0.776824 27
8062 193 13 206 0.873786 26
8063 14 198 212 -0.867925 21
8064 87 81 168 0.0357143 26
8065 109 93 202 0.0792079 29
8066 39 98 137 -0.430657 31
8067 127 54 181 0.403315 32
8068 156 54 210 0.485714 38
8069 79 81 160 -0.0125 31
8070 17 190 207 -0.835749 22
8071 155 27 182 0.703297 29
8072 40 132 172 -0.534884 26
8073 9 141 150 -0.88 26
8074 155 32 187 0.657754 24
8075 75 153 228 -0.342105 28
8076 13 219 232 -0.887931 20
8077 37 124 161 -0.540373 27
8078 216 10 226 0.911504 26
8079 193 39 232 0.663793 26
8080 180 21 201 0.791045 29
8081 90 82 172 0.0465116 32
8082 153 14 167 0.832335 21
8083 16 134 150 -0.786667 27
8084 47 161 208 -0.548077 28
8085 211 10 221 0.909502 25
8086 104 68 172 0.209302 34
8087 148 30 178 0.662921 33
8088 150 40 190 0.578947 28
8089 36 166 202 -0.643564 26
8090 91 116 207 -0.120773 32
8091 81 64 145 0.117241 33
8092 17 117 134 -0.746269 28
8093 48 115 163 -0.411043 34
8094 87 43 130 0.338462 33
8095 51 86 137 -0.255474 33
8096 129 43 172 0.5 34
8097 160 49 209 0.5311 33
8098 59 124 183 -0.355191 34
8099 129 71 200 0.29 34
8100 43 79 122 -0.295082 33
8101 234 10 244 0.918033 25
8102 10 167 177 -0.887006 25
8103 93 5 98 0.897959 24
8104 28 130 158 -0.64557 26
8105 24 104 128 -0.625 27
8106 117 3 120 0.95 20
8107 40 139 179 -0.553073 28
8108 24 131 155 -0.690323 32
8109 73 87 160 -0.0875 24
8110 208 13 221 0.882353 29
8111 56 133 189 -0.407407 37
8112 44 123 167 -0.473054 30
8113 60 145 205 -0.414634 31
8114 38 63 101 -0.247525 29
8115 29 150 179 -0.675978 26
8116 100 63 163 0.226994 36
8117 200 12 212 0.886792 27
8118 217 13 230 0.886957 25
8119 91 92 183 -0.00546448 35
8120 139 32 171 0.625731 32
8121 108 31 139 0.553957 26
8122 125 56 181 0.381215 34
8123 91 84 175 0.04 29
8124 113 57 170 0.329412 34
8125 21 154 175 -0.76 25
8126 35 147 182 -0.615385 31
8127 154 29 183 0.68306 28
8128 187 15 202 0.851485 27
8129 96 52 148 0.297297 32
8130 56 104 160 -0.3 36
8131 120 83 203 0.182266 30
8132 164 42 206 0.592233 35
8133 93 74 167 0.113772 33
8134 51 137 188 -0.457447 34
8135 106 50 156 0.358974 34
8136 21 187 208 -0.798077 31
8137 108 75 183 0.180328 33
8138 108 60 168 0.285714 30
8139 106 38 144 0.472222 30
8140 35 194 229 -0.694323 27
8141 93 56 149 0.248322 29
8142 190 19 209 0.818182 27
8143 137 27 164 0.670732 32
8144 82 64 146 0.123288 33
8145 69 17 86 0.604651 27
8146 0 206 206 -1 19
8147 153 47 200 0.53 32
8148 13 162 175 -0.851429 25
8149 14 189 203 -0.862069 24
8150 42 91 133 -0.368421 28
8151 165 6 171 0.929825 23
8152 188 20 208 0.807692 31
8153 12 193 205 -0.882927 23
8154 16 145 161 -0.801242 29
8155 36 140 176 -0.590909 36
8156 141 14 155 0.819355 25
8157 40 145 185 -0.567568 25
8158 150 24 174 0.724138 23
8159 109 16 125 0.744 29
8160 118 53 171 0.380117 30
8161 124 48 172 0.44186 32
8162 50 143 193 -0.481865 28
8163 175 13 188 0.861702 29
8164 20 210 230 -0.826087 27
8165 130 25 155 0.677419 30
8166 9 233 242 -0.92562 25
8167 158 16 174 0.816092 30
8168 68 46 114 0.192982 30
8169 53 116 169 -0.372781 33
8170 66 82 148 -0.108108 34
8171 190 41 231 0.645022 29
8172 101 72 173 0.16763 31
8173 19 187 206 -0.815534 30
8174 84 55 139 0.208633 30
8175 11 207 218 -0.899083 20
8176 44 138 182 -0.516484 31
8177 47 97 144 -0.347222 32
8178 70 102 172 -0.186047 30
8179 58 96 154 -0.246753 34
8180 137 30 167 0.640719 31
8181 152 7 159 0.91195 24
8182 92 45 137 0.343066 30
8183 99 70 169 0.171598 28
8184 110 79 189 0.164021 34
8185 134 68 202 0.326733 32
8186 87 63 150 0.16 25
8187 69 90 159 -0.132075 35
8188 13 108 121 -0.785124 23
8189 71 130 201 -0.293532 35
8190 53 89 142 -0.253521 29
8191 116 43 159 0.459119 29
8192 104 50 154 0.350649 32
8193 147 16 163 0.803681 26
8194 88 103 191 -0.078534 32
8195 32 118 150 -0.573333 32
8196 219 8 227 0.929515 25
8197 42 82 124 -0.322581 22
8198 74 86 160 -0.075 34
8199 147 22 169 0.739645 30
8200 97 99 196 -0.0102041 33
8201 56 148 204 -0.45098 34
8202 49 134 183 -0.464481 33
8203 121 28 149 0.624161 32
8204 99 54 153 0.294118 31
8205 11 206 217 -0.898618 27
8206 103 74 177 0.163842 34
8207 61 125 186 -0.344086 32
8208 139 21 160 0.7375 26
8209 74 84 158 -0.0632911 32
8210 86 51 137 0.255474 34
8211 25 165 190 -0.736842 32
8212 137 58 195 0.405128 28
8213 117 68 185 0.264865 32
8214 44 94 138 -0.362319 29
8215 78 106 184 -0.152174 35
8216 79 80 159 -0.00628931 30
8217 15 141 156 -0.807692 30
8218 150 36 186 0.612903 33
8219 15 153 168 -0.821429 29
8220 74 93 167 -0.113772 32
8221 73 110 183 -0.202186 32
8222 171 53 224 0.526786 33
8223 91 54 145 0.255172 31
8224 75 57 132 0.136364 29
8225 181 19 200 0.81 28
8226 77 78 155 -0.00645161 32
8227 169 36 205 0.64878 30
8228 98 96 194 0.0103093 35
8229 157 56 213 0.474178 35
8230 149 37 186 0.602151 31
8231 35 138 173 -0.595376 32
8232 97 102 199 -0.0251256 33
8233 138 16 154 0.792208 26
8234 121 48 169 0.431953 30
8235 126 56 182 0.384615 31
8236 102 74 176 0.159091 32
8237 159 17 176 0.806818 25
8238 14 149 163 -0.828221 28
8239 10 26 36 -0.444444 18
8240 5 152 157 -0.936306 24
8241 128 56 184 0.391304 31
8242 108 45 153 0.411765 33
8243 29 176 205 -0.717073 33
8244 86 24 110 0.563636 28
8245 35 145 180 -0.611111 27
8246 19 162 181 -0.790055 24
8247 33 160 193 -0.658031 29
8248 140 20 160 0.75 30
8249 21 116 137 -0.693431 29
8250 84 91 175 -0.04 29
8251 61 119 180 -0.322222 37
8252 59 78 137 -0.138686 29
8253 26 146 172 -0.697674 30
8254 51 99 150 -0.32 29
8255 113 31 144 0.569444 26
8256 71 91 162 -0.123457 28
8257 77 92 169 -0.0887574 37
8258 130 35 165 0.575758 32
8259 83 61 144 0.152778 34
8260 134 25 159 0.685535 28
8261 144 59 203 0.418719 32
8262 29 164 193 -0.699482 27
8263 98 85 183 0.0710383 31
8264 30 170 200 -0.7 31
8265 116 54 170 0.364706 29
8266 18 169 187 -0.807487 28
8267 125 57 182 0.373626 33
8268 46 131 177 -0.480226 33
8269 119 71 190 0.252632 38
8270 70 63 133 0.0526316 30
8271 67 62 129 0.0387597 32
8272 77 97 174 -0.114943 30
8273 75 73 148 0.0135135 26
8274 44 153 197 -0.553299 37
8275 35 146 181 -0.61326 26
8276 108 84 192 0.125 31
8277 27 138 165 -0.672727 27
8278 27 139 166 -0.674699 27
8279 50 111 161 -0.378882 32
8280 65 152 217 -0.400922 33
8281 7 158 165 -0.915152 24
8282 47 73 120 -0.216667 31
8283 62 51 113 0.0973451 32
8284 138 41 179 0.541899 34
8285 50 93 143 -0.300699 29
8286 126 21 147 0.714286 30
8287 63 112 175 -0.28 35
8288 47 92 139 -0.323741 25
8289 220 10 230 0.913043 21
8290 5 222 227 -0.955947 19
8291 125 68 193 0.295337 28
8292 155 22 177 0.751412 28
8293 118 34 152 0.552632 28
8294 94 52 146 0.287671 28
8295 118 50 168 0.404762 31
8296 132 26 158 0.670886 29
8297 69 106 175 -0.211429 34
8298 111 17 128 0.734375 27
8299 205 9 214 0.915888 26
8300 121 36 157 0.541401 29
8301 167 23 190 0.757895 33
8302 40 106 146 -0.452055 33
8303 142 45 187 0.518717 33
8304 112 13 125 0.792 25
8305 27 172 199 -0.728643 32
8306 29 127 156 -0.628205 32
8307 146 36 182 0.604396 34
8308 158 26 184 0.717391 24
8309 11 156 167 -0.868263 26
8310 9 233 242 -0.92562 21
8311 6 185 191 -0.937173 23
8312 152 15 167 0.820359 28
8313 153 21 174 0.758621 33
8314 207 12 219 0.890411 21
8315 21 18 39 0.0769231 20
8316 32 128 160 -0.6 32
8317 50 109 159 -0.371069 35
8318 7 158 165 -0.915152 23
8319 137 25 162 0.691358 31
8320 19 178 197 -0.807107 29
8321 34 96 130 -0.476923 30
8322 135 16 151 0.788079 27
8323 121 57 178 0.359551 33
8324 31 105 136 -0.544118 34
8325 55 95 150 -0.266667 34
8326 173 25 198 0.747475 34
8327 41 173 214 -0.616822 32
8328 4 184 188 -0.957447 22
8329 147 47 194 0.515464 31
8330 53 133 186 -0.430108 33
8331 66 105 171 -0.22807 30
8332 47 95 142 -0.338028 33
8333 27 203 230 -0.765217 27
8334 144 17 161 0.78882 29
8335 86 75 161 0.068323 28
8336 23 150 173 -0.734104 31
8337 117 35 152 0.539474 32
8338 88 53 141 0.248227 29
8339 41 133 174 -0.528736 31
8340 137 34 171 0.602339 25
8341 129 62 191 0.350785 26
8342 99 47 146 0.356164 23
8343 88 85 173 0.017341 30
8344 47 72 119 -0.210084 28
8345 86 54 140 0.228571 28
8346 151 46 197 0.532995 32
8347 166 30 196 0.693878 28
8348 81 89 170 -0.0470588 31
8349 41 120 161 -0.490683 34
8350 172 14 186 0.849462 25
8351 88 69 157 0.121019 29
8352 119 8 127 0.874016 25
8353 24 150 174 -0.724138 26
8354 124 30 154 0.61039 30
8355 73 95 168 -0.130952 37
8356 153 27 180 0.7 29
8357 69 102 171 -0.192982 36
8358 105 39 144 0.458333 25
8359 92 125 217 -0.152074 33
8360 116 68 184 0.26087 33
8361 19 145 164 -0.768293 30
8362 94 76 170 0.105882 30
8363 22 119 141 -0.687943 31
8364 27 109 136 -0.602941 29
8365 83 37 120 0.383333 33
8366 47 120 167 -0.437126 32
8367 18 101 119 -0.697479 24
8368 145 45 190 0.526316 32
8369 44 166 210 -0.580952 34
8370 31 149 180 -0.655556 33
8371 146 5 151 0.933775 19
8372 14 135 149 -0.812081 27
8373 27 78 105 -0.485714 32
8374 50 179 229 -0.563319 35
8375 41 131 172 -0.523256 29
8376 64 137 201 -0.363184 36
8377 98 32 130 0.507692 28
8378 57 88 145 -0.213793 33
8379 77 80 157 -0.0191083 36
8380 148 22 170 0.741176 27
8381 138 6 144 0.916667 21
8382 26 178 204 -0.745098 31
8383 22 178 200 -0.78 28
8384 11 214 225 -0.902222 22
8385 35 126 161 -0.565217 26
8386 83 104 187 -0.112299 30
8387 146 24 170 0.717647 31
8388 96 113 209 -0.0813397 34
8389 95 84 179 0.0614525 35
8390 112 73 185 0.210811 33
8391 26 161 187 -0.721925 31
8392 30 97 127 -0.527559 28
8393 84 67 151 0.112583 35
8394 44 98 142 -0.380282 30
8395 25 167 192 -0.739583 31
8396 99 45 144 0.375 30
8397 132 32 164 0.609756 30
8398 63 88 151 -0.165563 26
8399 124 64 188 0.319149 27
8400 92 60 152 0.210526 33
8401 90 46 136 0.323529 33
8402 69 59 128 0.078125 35
8403 81 95 176 -0.0795455 36
8404 146 14 160 0.825 23
8405 64 91 155 -0.174194 33
8406 25 204 229 -0.781659 26
8407 71 107 178 -0.202247 26
8408 44 106 150 -0.413333 34
8409 68 107 175 -0.222857 35
8410 22 168 190 -0.768421 28
8411 57 136 193 -0.409326 32
8412 71 75 146 -0.0273973 30
8413 17 121 138 -0.753623 29
8414 11 81 92 -0.76087 22
8415 159 9 168 0.892857 24
8416 102 58 160 0.275 31
8417 53 145 198 -0.464646 34
8418 31 148 179 -0.653631 36
8419 98 71 169 0.159763 26
8420 118 52 170 0.388235 31
8421 21 133 154 -0.727273 28
8422 91 46 137 0.328467 32
8423 66 110 176 -0.25 28
8424 71 107 178 -0.202247 34
8425 18 150 168 -0.785714 30
8426 52 163 215 -0.516279 33
8427 4 256 260 -0.969231 11
8428 175 26 201 0.741294 31
8429 120 57 177 0.355932 30
8430 47 88 135 -0.303704 29
8431 131 22 153 0.712418 26
8432 275 13 288 0.909722 26
8433 126 39 165 0.527273 22
8434 91 38 129 0.410853 34
8435 22 156 178 -0.752809 30
8436 152 23 175 0.737143 24
8437 142 18 160 0.775 27
8438 19 186 205 -0.814634 30
8439 70 117 187 -0.251337 27
8440 96 52 148 0.297297 28
8441 64 81 145 -0.117241 34
8442 21 120 141 -0.702128 31
8443 125 43 168 0.488095 28
8444 69 74 143 -0.034965 35
8445 118 55 173 0.364162 22
8446 70 92 162 -0.135802 31
8447 141 28 169 0.668639 30
8448 185 10 195 0.897436 20
8449 78 72 150 0.04 31
8450 140 57 197 0.42132 28
8451 143 30 173 0.653179 31
8452 40 148 188 -0.574468 32
8453 214 14 228 0.877193 24
8454 20 175 195 -0.794872 25
8455 169 32 201 0.681592 33
8456 104 46 150 0.386667 28
8457 183 11 194 0.886598 24
8458 176 25 201 0.751244 30
8459 90 70 160 0.125 23
8460 134 15 149 0.798658 24
8461 83 76 159 0.0440252 30
8462 60 119 179 -0.329609 29
8463 148 27 175 0.691429 27
8464 81 84 165 -0.0181818 32
8465 68 61 129 0.0542636 33
8466 82 61 143 0.146853 25
8467 87 78 165 0.0545455 28
8468 161 13 174 0.850575 26
8469 177 31 208 0.701923 31
8470 27 127 154 -0.649351 30
8471 220 10 230 0.913043 22
8472 115 91 206 0.116505 32
8473 34 118 152 -0.552632 29
8474 179 24 203 0.763547 26
8475 14 184 198 -0.858586 25
8476 50 135 185 -0.459459 33
8477 21 145 166 -0.746988 31
8478 31 163 194 -0.680412 29
8479 134 44 178 0.505618 33
8480 120 23 143 0.678322 27
8481 44 159 203 -0.566502 30
8482 144 24 168 0.714286 31
8483 14 179 193 -0.854922 26
8484 42 116 158 -0.468354 29
8485 59 91 150 -0.213333 33
8486 117 12 129 0.813953 27
8487 133 32 165 0.612121 33
8488 76 112 188 -0.191489 36
8489 53 76 129 -0.178295 30
8490 10 132 142 -0.859155 24
8491 80 100 180 -0.111111 32
8492 47 166 213 -0.558685 32
8493 58 105 163 -0.288344 34
8494 41 120 161 -0.490683 28
8495 33 161 194 -0.659794 26
8496 90 23 113 0.59292 28
8497 155 16 171 0.812865 29
8498 67 130 197 -0.319797 33
8499 161 15 176 0.829545 25
8500 49 127 176 -0.443182 31
8501 80 96 176 -0.0909091 30
8502 25 241 266 -0.81203 22
8503 30 141 171 -0.649123 30
8504 22 91 113 -0.610619 31
8505 48 50 98 -0.0204082 27
8506 215 24 239 0.799163 36
8507 15 168 183 -0.836066 25
8508 152 31 183 0.661202 30
8509 220 5 225 0.955556 15
8510 82 69 151 0.0860927 31
8511 171 11 182 0.879121 27
8512 77 98 175 -0.12 31
8513 117 47 164 0.426829 29
8514 106 56 162 0.308642 33
8515 99 62 161 0.229814 27
8516 74 82 156 -0.0512821 27
8517 77 71 148 0.0405405 29
8518 61 105 166 -0.26506 34
8519 108 56 164 0.317073 35
8520 48 145 193 -0.502591 37
8521 52 86 138 -0.246377 29
8522 115 31 146 0.575342 35
8523 46 106 152 -0.394737 32
8524 58 95 153 -0.24183 33
8525 237 10 247 0.919028 23
8526 52 107 159 -0.345912 31
8527 98 37 135 0.451852 28
8528 85 68 153 0.111111 30
8529 106 47 153 0.385621 28
8530 57 136 193 -0.409326 28
8531 28 111 139 -0.597122 32
8532 17 208 225 -0.848889 21
8533 20 92 112 -0.642857 28
8534 68 63 131 0.0381679 27
8535 187 9 196 0.908163 26
8536 97 46 143 0.356643 34
8537 99 50 149 0.328859 32
8538 55 99 154 -0.285714 35
8539 55 52 107 0.0280374 27
8540 39 119 158 -0.506329 28
8541 20 102 122 -0.672131 27
8542 202 16 218 0.853211 29
8543 64 90 154 -0.168831 32
8544 30 154 184 -0.673913 31
8545 9 112 121 -0.85124 23
8546 149 38 187 0.593583 31
8547 145 10 155 0.870968 27
8548 54 111 165 -0.345455 33
8549 48 164 212 -0.54717 27
8550 85 87 172 -0.0116279 30
8551 160 20 180 0.777778 25
8552 187 15 202 0.851485 29
8553 66 128 194 -0.319588 34
8554 87 99 186 -0.0645161 37
8555 151 30 181 0.668508 34
8556 177 16 193 0.834197 27
8557 102 48 150 0.36 29
8558 153 22 175 0.748571 30
8559 132 55 187 0.411765 33
8560 53 123 176 -0.397727 35
8561 13 189 202 -0.871287 25
8562 217 7 224 0.9375 20
8563 45 95 140 -0.357143 29
8564 59 96 155 -0.23871 37
8565 9 154 163 -0.889571 24
8566 96 40 136 0.411765 30
8567 197 31 228 0.72807 27
8568 198 7 205 0.931707 23
8569 21 150 171 -0.754386 30
8570 48 108 156 -0.384615 35
8571 76 59 135 0.125926 33
8572 67 92 159 -0.157233 31
8573 76 56 132 0.151515 32
8574 108 73 181 0.19337 34
8575 65 68 133 -0.0225564 34
8576 186 25 211 0.763033 31
8577 168 48 216 0.555556 27
8578 120 10 130 0.846154 27
8579 66 95 161 -0.180124 27
8580 12 182 194 -0.876289 25
8581 88 31 119 0.478992 27
8582 15 154 169 -0.822485 20
8583 54 88 142 -0.239437 34
8584 18 141 159 -0.773585 28
8585 70 84 154 -0.0909091 30
8586 74 39 113 0.309735 33
8587 148 19 167 0.772455 29
8588 150 24 174 0.724138 28
8589 13 166 179 -0.854749 30
8590 144 47 191 0.507853 34
8591 128 60 188 0.361702 30
8592 122 33 155 0.574194 31
8593 39 182 221 -0.647059 35
8594 130 31 161 0.614907 31
8595 19 98 117 -0.675214 27
8596 127 16 143 0.776224 30
8597 36 217 253 -0.715415 27
8598 10 245 255 -0.921569 17
8599 156 55 211 0.478673 34
8600 122 59 181 0.348066 34
8601 102 66 168 0.214286 26
8602 131 34 165 0.587879 26
8603 159 13 172 0.848837 29
8604 109 61 170 0.282353 34
8605 153 38 191 0.602094 33
8606 153 19 172 0.77907 27
8607 111 29 140 0.585714 33
8608 27 137 164 -0.670732 29
8609 95 35 130 0.461538 30
8610 121 45 166 0.457831 26
8611 46 134 180 -0.488889 31
8612 83 86 169 -0.0177515 36
8613 148 52 200 0.48 31
8614 75 80 155 -0.0322581 35
8615 129 66 195 0.323077 33
8616 93 75 168 0.107143 34
8617 11 148 159 -0.861635 20
8618 146 44 190 0.536842 29
8619 94 101 195 -0.0358974 35
8620 79 71 150 0.0533333 26
8621 100 74 174 0.149425 31
8622 107 28 135 0.585185 31
8623 125 5 130 0.923077 23
8624 47 92 139 -0.323741 26
8625 31 152 183 -0.661202 23
8626 93 59 152 0.223684 31
8627 36 162 198 -0.636364 34
8628 136 37 173 0.572254 32
8629 12 246 258 -0.906977 23
8630 51 109 160 -0.3625 29
8631 121 14 135 0.792593 27
8632 172 16 188 0.829787 31
8633 121 38 159 0.522013 31
8634 66 84 150 -0.12 31
8635 111 9 120 0.85 25
8636 38 168 206 -0.631068 27
8637 11 183 194 -0.886598 26
8638 66 51 117 0.128205 24
8639 174 20 194 0.793814 26
8640 52 127 179 -0.418994 35
8641 122 54 176 0.386364 32
8642 125 46 171 0.461988 33
8643 151 7 158 0.911392 20
8644 127 50 177 0.435028 31
8645 83 78 161 0.0310559 29
8646 9 164 173 -0.895954 25
8647 143 6 149 0.919463 21
8648 37 145 182 -0.593407 33
8649 145 17 162 0.790123 31
8650 24 137 161 -0.701863 31
8651 118 62 180 0.311111 31
8652 165 26 191 0.727749 29
8653 85 31 116 0.465517 29
8654 63 130 193 -0.34715 34
8655 190 29 219 0.73516 29
8656 102 82 184 0.108696 33
8657 87 84 171 0.0175439 34
8658 63 86 149 -0.154362 30
8659 105 65 170 0.235294 33
8660 4 110 114 -0.929825 20
8661 111 62 173 0.283237 29
8662 77 44 121 0.272727 31
8663 75 87 162 -0.0740741 33
8664 222 12 234 0.897436 25
8665 124 50 174 0.425287 31
8666 153 36 189 0.619048 29
8667 40 125 165 -0.515152 33
8668 180 15 195 0.846154 28
8669 66 97 163 -0.190184 32
8670 84 73 157 0.0700637 30
8671 231 5 236 0.957627 21
8672 137 59 196 0.397959 31
8673 138 32 170 0.623529 27
8674 138 30 168 0.642857 30
8675 52 112 164 -0.365854 25
8676 89 55 144 0.236111 27
8677 16 164 180 -0.822222 27
8678 61 109 170 -0.282353 33
8679 128 40 168 0.52381 30
8680 18 116 134 -0.731343 22
8681 29 138 167 -0.652695 33
8682 36 146 182 -0.604396 29
8683 169 31 200 0.69 33
8684 115 22 137 0.678832 26
8685 100 55 155 0.290323 32
8686 81 102 183 -0.114754 33
8687 138 8 146 0.890411 24
8688 163 40 203 0.605911 32
8689 18 108 126 -0.714286 25
8690 17 183 200 -0.83 30
8691 163 9 172 0.895349 26
8692 42 68 110 -0.236364 29
8693 61 60 121 0.00826446 29
8694 15 41 56 -0.464286 16
8695 124 48 172 0.44186 33
8696 47 118 165 -0.430303 30
8697 155 71 226 0.371681 33
8698 43 125 168 -0.488095 31
8699 87 66 153 0.137255 32
8700 109 41 150 0.453333 28
8701 81 54 135 0.2 30
8702 154 18 172 0.790698 28
8703 109 32 141 0.546099 31
8704 173 20 193 0.792746 31
8705 83 85 168 -0.0119048 29
8706 155 16 171 0.812865 27
8707 71 57 128 0.109375 31
8708 80 121 201 -0.20398 35
8709 62 101 163 -0.239264 31
8710 91 71 162 0.123457 33
8711 140 48 188 0.489362 34
8712 89 10 99 0.79798 25
8713 18 110 128 -0.71875 25
8714 106 82 188 0.12766 31
8715 48 106 154 -0.376623 31
8716 34 119 153 -0.555556 30
8717 60 88 148 -0.189189 25
8718 143 58 201 0.422886 34
8719 12 139 151 -0.84106 28
8720 61 88 149 -0.181208 28
8721 129 53 182 0.417582 29
8722 129 55 184 0.402174 35
8723 94 99 193 -0.0259067 26
8724 50 104 154 -0.350649 36
8725 54 134 188 -0.425532 31
8726 64 100 164 -0.219512 33
8727 120 54 174 0.37931 35
8728 34 123 157 -0.566879 31
8729 95 74 169 0.12426 27
8730 19 145 164 -0.768293 29
8731 78 62 140 0.114286 36
8732 145 37 182 0.593407 33
8733 180 13 193 0.865285 25
8734 6 240 246 -0.95122 23
8735 77 81 158 -0.0253165 34
8736 123 50 173 0.421965 35
8737 48 97 145 -0.337931 33
8738 31 141 172 -0.639535 30
8739 76 96 172 -0.116279 35
8740 16 190 206 -0.84466 27
8741 61 78 139 -0.122302 33
8742 58 84 142 -0.183099 31
8743 95 34 129 0.472868 32
8744 114 19 133 0.714286 30
8745 23 196 219 -0.789954 31
8746 59 84 143 -0.174825 28
8747 46 113 159 -0.421384 28
8748 97 67 164 0.182927 32
8749 148 13 161 0.838509 23
8750 77 74 151 0.0198675 33
8751 69 62 131 0.0534351 32
8752 19 84 103 -0.631068 27
8753 16 149 165 -0.806061 30
8754 182 9 191 0.905759 24
8755 2 134 136 -0.970588 18
8756 136 22 158 0.721519 31
8757 82 71 153 0.0718954 34
8758 102 55 157 0.299363 30
8759 93 81 174 0.0689655 33
8760 37 116 153 -0.51634 30
8761 17 162 179 -0.810056 19
8762 100 66 166 0.204819 32
8763 70 106 176 -0.204545 32
8764 60 104 164 -0.268293 35
8765 18 181 199 -0.819095 29
8766 84 54 138 0.217391 32
8767 101 40 141 0.432624 31
8768 175 38 213 0.643192 31
8769 156 16 172 0.813953 26
8770 97 50 147 0.319728 32
8771 88 57 145 0.213793 35
8772 85 37 122 0.393443 28
8773 139 37 176 0.579545 37
8774 46 161 207 -0.555556 37
8775 166 31 197 0.685279 33
8776 91 68 159 0.144654 36
8777 197 10 207 0.903382 23
8778 195 21 216 0.805556 28
8779 196 15 211 0.85782 29
8780 76 70 146 0.0410959 29
8781 8 170 178 -0.910112 26
8782 137 34 171 0.602339 31
8783 61 131 192 -0.364583 32
8784 53 101 154 -0.311688 27
8785 102 50 152 0.342105 29
8786 95 44 139 0.366906 35
8787 19 159 178 -0.786517 25
8788 17 196 213 -0.840376 27
8789 247 5 252 0.960317 20
8790 35 88 123 -0.430894 25
8791 128 46 174 0.471264 35
8792 183 26 209 0.751196 30
8793 61 112 173 -0.294798 34
8794 238 17 255 0.866667 25
8795 168 48 216 0.555556 34
8796 38 151 189 -0.597884 30
8797 106 27 133 0.593985 25
8798 118 47 165 0.430303 35
8799 15 144 159 -0.811321 27
8800 146 50 196 0.489796 27
8801 71 107 178 -0.202247 35
8802 22 162 184 -0.76087 27
8803 163 1 164 0.987805 20
8804 22 222 244 -0.819672 29
8805 112 84 196 0.142857 34
8806 59 143 202 -0.415842 31
8807 57 109 166 -0.313253 34
8808 50 118 168 -0.404762 33
8809 35 131 166 -0.578313 31
8810 34 65 99 -0.313131 29
8811 8 24 32 -0.5 18
8812 17 123 140 -0.757143 28
8813 110 84 194 0.134021 27
8814 13 147 160 -0.8375 26
8815 50 91 141 -0.29078 35
8816 144 36 180 0.6 30
8817 85 101 186 -0.0860215 29
8818 136 12 148 0.837838 28
8819 73 54 127 0.149606 30
8820 122 25 147 0.659864 29
8821 52 7 59 0.762712 19
8822 43 112 155 -0.445161 34
8823 103 33 136 0.514706 32
8824 75 106 181 -0.171271 33
8825 30 65 95 -0.368421 31
8826 71 152 223 -0.363229 34
8827 64 115 179 -0.284916 32
8828 134 14 148 0.810811 26
8829 114 26 140 0.628571 28
8830 147 12 159 0.849057 25
8831 82 52 134 0.223881 32
8832 56 108 164 -0.317073 29
8833 118 50 168 0.404762 33
8834 53 88 141 -0.248227 27
8835 95 64 159 0.194969 29
8836 81 97 178 -0.0898876 37
8837 74 57 131 0.129771 36
8838 88 68 156 0.128205 29
8839 18 155 173 -0.791908 25
8840 115 80 195 0.179487 34
8841 156 24 180 0.733333 29
8842 239 0 239 1 12
8843 108 41 149 0.449664 24
8844 81 56 137 0.182482 31
8845 45 154 199 -0.547739 26
8846 155 68 223 0.390135 31
8847 157 13 170 0.847059 27
8848 164 18 182 0.802198 29
8849 55 112 167 -0.341317 29
8850 155 24 179 0.731844 24
8851 26 146 172 -0.697674 31
8852 188 4 192 0.958333 12
8853 135 50 185 0.459459 36
8854 48 120 168 -0.428571 32
8855 17 170 187 -0.818182 28
8856 98 57 155 0.264516 35
8857 149 28 177 0.683616 33
8858 73 98 171 -0.146199 31
8859 144 54 198 0.454545 29
8860 43 117 160 -0.4625 30
8861 93 55 148 0.256757 27
8862 79 75 154 0.025974 29
8863 180 35 215 0.674419 34
8864 103 64 167 0.233533 30
8865 121 56 177 0.367232 34
8866 42 156 198 -0.575758 30
8867 102 51 153 0.333333 20
8868 102 32 134 0.522388 28
8869 61 101 162 -0.246914 34
8870 25 123 148 -0.662162 30
8871 125 14 139 0.798561 19
8872 228 1 229 0.991266 16
8873 132 28 160 0.65 35
8874 195 9 204 0.911765 25
8875 60 120 180 -0.333333 34
8876 13 134 147 -0.823129 24
8877 135 41 176 0.534091 30
8878 18 130 148 -0.756757 27
8879 24 217 241 -0.80083 28
8880 73 104 177 -0.175141 32
8881 7 176 183 -0.923497 25
8882 124 42 166 0.493976 31
8883 8 148 156 -0.897436 21
8884 64 0 64 1 11
8885 31 105 136 -0.544118 31
8886 84 97 181 -0.0718232 34
8887 41 123 164 -0.5 30
8888 14 157 171 -0.836257 27
8889 182 44 226 0.610619 34
8890 108 53 161 0.341615 33
8891 100 48 148 0.351351 30
8892 143 25 168 0.702381 29
8893 110 70 180 0.222222 32
8894 8 147 155 -0.896774 25
8895 63 89 152 -0.171053 34
8896 103 52 155 0.329032 34
8897 11 182 193 -0.88601 19
8898 138 15 153 0.803922 28
8899 64 105 169 -0.242604 29
8900 88 97 185 -0.0486486 35
8901 57 91 148 -0.22973 31
8902 8 227 235 -0.931915 19
8903 106 61 167 0.269461 29
8904 174 32 206 0.68932 30
8905 172 36 208 0.653846 29
8906 60 124 184 -0.347826 32
8907 74 88 162 -0.0864198 36
8908 65 32 97 0.340206 29
8909 189 22 211 0.791469 29
8910 59 112 171 -0.309942 38
8911 130 23 153 0.699346 27
8912 145 53 198 0.464646 29
8913 59 84 143 -0.174825 31
8914 152 15 167 0.820359 25
8915 79 83 162 -0.0246914 25
8916 96 59 155 0.23871 31
8917 28 90 118 -0.525424 25
8918 39 75 114 -0.315789 30
8919 104 47 151 0.377483 34
8920 18 180 198 -0.818182 26
8921 44 119 163 -0.460123 33
8922 91 111 202 -0.0990099 33
8923 51 92 143 -0.286713 35
8924 201 10 211 0.905213 26
8925 41 128 169 -0.514793 33
8926 229 16 245 0.869388 24
8927 46 58 104 -0.115385 27
8928 87 97 184 -0.0543478 37
8929 80 94 174 -0.0804598 30
8930 192 15 207 0.855072 29
8931 136 16 152 0.789474 31
8932 184 10 194 0.896907 27
8933 191 20 211 0.810427 23
8934 10 174 184 -0.891304 27
8935 3 188 191 -0.968586 20
8936 170 11 181 0.878453 27
8937 105 76 181 0.160221 32
8938 68 112 180 -0.244444 35
8939 124 64 188 0.319149 35
8940 13 180 193 -0.865285 23
8941 19 111 130 -0.707692 31
8942 40 140 180 -0.555556 32
8943 20 151 171 -0.766082 26
8944 42 117 159 -0.471698 28
8945 116 28 144 0.611111 30
8946 42 143 185 -0.545946 28
8947 58 76 134 -0.134328 32
8948 149 66 215 0.386047 36
8949 168 17 185 0.816216 27
8950 117 48 165 0.418182 31
8951 153 18 171 0.789474 25
8952 13 175 188 -0.861702 19
8953 55 114 169 -0.349112 32
8954 134 42 176 0.522727 32
8955 186 13 199 0.869347 26
8956 13 223 236 -0.889831 21
8957 73 105 178 -0.179775 37
8958 230 9 239 0.924686 26
8959 122 13 135 0.807407 26
8960 11 125 136 -0.838235 23
8961 78 111 189 -0.174603 36
8962 68 94 162 -0.160494 29
8963 5 176 181 -0.944751 22
8964 32 119 151 -0.576159 29
8965 170 27 197 0.725888 27
8966 33 121 154 -0.571429 30
8967 41 10 51 0.607843 18
8968 22 133 155 -0.716129 23
8969 181 40 221 0.638009 32
8970 39 155 194 -0.597938 31
8971 22 149 171 -0.74269 32
8972 17 146 163 -0.791411 30
8973 130 21 151 0.721854 30
8974 37 164 201 -0.631841 33
8975 122 37 159 0.534591 29
8976 124 70 194 0.278351 32
8977 16 141 157 -0.796178 27
8978 86 78 164 0.0487805 31
8979 9 179 188 -0.904255 25
8980 68 94 162 -0.160494 34
8981 9 175 184 -0.902174 25
8982 103 10 113 0.823009 25
8983 55 42 97 0.134021 30
8984 35 157 192 -0.635417 30
8985 5 229 234 -0.957265 24
8986 74 32 106 0.396226 31
8987 60 103 163 -0.263804 34
8988 161 13 174 0.850575 27
8989 88 72 160 0.1 33
8990 54 135 189 -0.428571 34
8991 193 11 204 0.892157 28
8992 11 96 107 -0.794393 26
8993 109 26 135 0.614815 27
8994 38 124 162 -0.530864 29
8995 13 223 236 -0.889831 24
8996 67 113 180 -0.255556 34
8997 62 97 159 -0.220126 30
8998 42 115 157 -0.464968 28
8999 103 110 213 -0.0328638 31
9000 41 145 186 -0.55914 35
9001 189 32 221 0.710407 31
9002 29 207 236 -0.754237 26
9003 27 114 141 -0.617021 30
9004 71 87 158 -0.101266 31
9005 7 162 169 -0.91716 25
9006 8 185 193 -0.917098 24
9007 48 109 157 -0.388535 31
9008 68 106 174 -0.218391 33
9009 4 239 243 -0.967078 15
9010 122 24 146 0.671233 29
9011 162 25 187 0.73262 30
9012 78 106 184 -0.152174 28
9013 62 74 136 -0.0882353 33
9014 62 74 136 -0.0882353 35
9015 113 61 174 0.298851 33
9016 129 23 152 0.697368 27
9017 114 12 126 0.809524 23
9018 32 128 160 -0.6 32
9019 173 32 205 0.687805 31
9020 78 66 144 0.0833333 29
9021 136 8 144 0.888889 26
9022 130 20 150 0.733333 31
9023 84 78 162 0.037037 36
9024 62 78 140 -0.114286 35
9025 16 177 193 -0.834197 28
9026 9 10 19 -0.0526316 13
9027 21 158 179 -0.765363 30
9028 58 73 131 -0.114504 31
9029 161 47 208 0.548077 35
9030 34 114 148 -0.540541 28
9031 40 76 116 -0.310345 26
9032 182 29 211 0.725118 27
9033 85 17 102 0.666667 28
9034 13 98 111 -0.765766 28
9035 162 21 183 0.770492 27
9036 139 27 166 0.674699 32
9037 161 26 187 0.721925 31
9038 53 111 164 -0.353659 33
9039 25 181 206 -0.757282 30
9040 2 148 150 -0.973333 18
9041 187 11 198 0.888889 25
9042 57 89 146 -0.219178 33
9043 156 11 167 0.868263 27
9044 20 216 236 -0.830508 32
9045 94 81 175 0.0742857 32
9046 201 24 225 0.786667 30
9047 63 84 147 -0.142857 28
9048 107 48 155 0.380645 35
9049 86 101 187 -0.0802139 28
9050 33 167 200 -0.67 29
9051 75 58 133 0.12782 33
9052 93 91 184 0.0108696 30
9053 140 66 206 0.359223 26
9054 137 25 162 0.691358 25
9055 43 125 168 -0.488095 31
9056 65 104 169 -0.230769 30
9057 124 44 168 0.47619 31
9058 58 98 156 -0.25641 30
9059 101 48 149 0.355705 29
9060 28 152 180 -0.688889 30
9061 23 116 139 -0.669065 32
9062 40 119 159 -0.496855 28
9063 82 116 198 -0.171717 34
9064 130 30 160 0.625 32
9065 42 141 183 -0.540984 36
9066 60 70 130 -0.0769231 30
9067 59 88 147 -0.197279 30
9068 142 37 179 0.586592 30
9069 124 47 171 0.450292 34
9070 70 112 182 -0.230769 28
9071 21 125 146 -0.712329 31
9072 112 45 157 0.426752 34
9073 31 150 181 -0.657459 31
9074 67 83 150 -0.106667 29
9075 92 79 171 0.0760234 34
9076 30 95 125 -0.52 31
9077 115 39 154 0.493506 35
9078 20 137 157 -0.745223 30
9079 25 134 159 -0.685535 33
9080 107 48 155 0.380645 29
9081 120 59 179 0.340782 34
9082 6 176 182 -0.934066 23
9083 112 68 180 0.244444 31
9084 138 54 192 0.4375 30
9085 52 93 145 -0.282759 33
9086 135 19 154 0.753247 27
9087 166 26 192 0.729167 32
9088 147 13 160 0.8375 24
9089 133 60 193 0.378238 23
9090 192 32 224 0.714286 28
9091 182 24 206 0.76699 30
9092 33 134 167 -0.60479 32
9093 95 72 167 0.137725 33
9094 93 99 192 -0.03125 34
9095 93 77 170 0.0941176 29
9096 89 72 161 0.10559 31
9097 90 38 128 0.40625 26
9098 148 12 160 0.85 27
9099 21 187 208 -0.798077 24
9100 29 155 184 -0.684783 30
9101 40 165 205 -0.609756 31
9102 139 51 190 0.463158 34
9103 64 132 196 -0.346939 34
9104 115 45 160 0.4375 29
9105 95 57 152 0.25 29
9106 8 144 152 -0.894737 26
9107 60 124 184 -0.347826 31
9108 172 32 204 0.686275 29
9109 18 94 112 -0.678571 22
9110 51 115 166 -0.385542 35
9111 21 165 186 -0.774194 28
9112 55 111 166 -0.337349 32
9113 138 37 175 0.577143 29
9114 51 99 150 -0.32 33
9115 39 99 138 -0.434783 30
9116 91 82 173 0.0520231 35
9117 125 47 172 0.453488 32
9118 60 111 171 -0.298246 24
9119 81 89 170 -0.0470588 26
9120 37 126 163 -0.546012 31
9121 182 21 203 0.793103 31
9122 142 8 150 0.893333 23
9123 36 113 149 -0.516779 29
9124 55 81 136 -0.191176 25
9125 73 50 123 0.186992 36
9126 158 9 167 0.892216 24
9127 91 69 160 0.1375 35
9128 91 76 167 0.0898204 31
9129 8 200 208 -0.923077 21
9130 85 107 192 -0.114583 32
9131 116 29 145 0.6 31
9132 181 31 212 0.707547 34
9133 62 81 143 -0.132867 32
9134 120 80 200 0.2 34
9135 31 115 146 -0.575342 30
9136 159 39 198 0.606061 33
9137 38 105 143 -0.468531 33
9138 89 25 114 0.561404 29
9139 46 145 191 -0.518325 34
9140 21 115 136 -0.691176 29
9141 115 60 175 0.314286 31
9142 0 0 0 0 0
9143 206 36 242 0.702479 34
9144 78 61 139 0.122302 31
9145 45 100 145 -0.37931 33
9146 44 104 148 -0.405405 33
9147 49 90 139 -0.294964 32
9148 20 189 209 -0.808612 29
9149 15 143 158 -0.810127 19
9150 28 137 165 -0.660606 31
9151 45 97 142 -0.366197 34
9152 63 113 176 -0.284091 27
9153 114 32 146 0.561644 31
9154 102 43 145 0.406897 32
9155 7 245 252 -0.944444 15
9156 54 151 205 -0.473171 30
9157 116 25 141 0.64539 28
9158 83 71 154 0.0779221 33
9159 144 29 173 0.66474 32
9160 19 243 262 -0.854962 21
9161 83 77 160 0.0375 30
9162 11 210 221 -0.900452 26
9163 75 74 149 0.00671141 29
9164 119 49 168 0.416667 31
9165 66 97 163 -0.190184 36
9166 156 13 169 0.846154 26
9167 81 66 147 0.102041 29
9168 98 36 134 0.462687 32
9169 106 25 131 0.618321 30
9170 5 221 226 -0.955752 17
9171 183 8 191 0.91623 24
9172 12 158 170 -0.858824 28
9173 99 25 124 0.596774 28
9174 35 124 159 -0.559748 31
9175 34 118 152 -0.552632 31
9176 46 101 147 -0.37415 26
9177 27 161 188 -0.712766 28
9178 79 102 181 -0.127072 32
9179 106 86 192 0.104167 33
9180 199 8 207 0.922705 24
9181 218 13 231 0.887446 30
9182 19 127 146 -0.739726 25
9183 69 92 161 -0.142857 32
9184 38 114 152 -0.5 33
9185 51 92 143 -0.286713 31
9186 76 95 171 -0.111111 31
9187 161 39 200 0.61 33
9188 22 169 191 -0.769634 30
9189 40 125 165 -0.515152 32
9190 128 71 199 0.286432 38
9191 78 56 134 0.164179 31
9192 142 46 188 0.510638 26
9193 50 144 194 -0.484536 34
9194 76 90 166 -0.0843373 34
9195 99 68 167 0.185629 29
9196 112 26 138 0.623188 31
9197 36 123 159 -0.54717 33
9198 63 62 125 0.008 26
9199 9 160 169 -0.893491 25
9200 27 165 192 -0.71875 28
9201 112 42 154 0.454545 33
9202 83 81 164 0.0121951 31
9203 138 33 171 0.614035 35
9204 79 77 156 0.0128205 32
9205 124 61 185 0.340541 34
9206 91 54 145 0.255172 31
9207 139 7 146 0.90411 24
9208 105 56 161 0.304348 30
9209 171 24 195 0.753846 29
9210 76 114 190 -0.2 37
9211 121 32 153 0.581699 33
9212 150 23 173 0.734104 30
9213 31 140 171 -0.637427 30
9214 18 131 149 -0.758389 30
9215 56 93 149 -0.248322 30
9216 27 160 187 -0.71123 27
9217 150 49 199 0.507538 35
9218 7 221 228 -0.938596 17
9219 18 218 236 -0.847458 30
9220 103 52 155 0.329032 30
9221 82 85 167 -0.0179641 34
9222 188 25 213 0.765258 27
9223 217 18 235 0.846809 29
9224 150 66 216 0.388889 27
9225 42 148 190 -0.557895 26
9226 125 58 183 0.36612 32
9227 130 33 163 0.595092 32
9228 91 32 123 0.479675 25
9229 70 85 155 -0.0967742 31
9230 73 121 194 -0.247423 32
9231 151 11 162 0.864198 27
9232 38 95 133 -0.428571 31
9233 166 12 178 0.865169 24
9234 139 54 193 0.440415 28
9235 24 117 141 -0.659574 28
9236 72 79 151 -0.0463576 28
9237 174 26 200 0.74 30
9238 93 88 181 0.0276243 35
9239 134 37 171 0.567251 29
9240 103 58 161 0.279503 33
9241 78 76 154 0.012987 33
9242 146 51 197 0.482234 29
9243 83 84 167 -0.00598802 32
9244 41 124 165 -0.50303 29
9245 258 10 268 0.925373 22
9246 48 139 187 -0.486631 34
9247 166 13 179 0.854749 27
9248 105 61 166 0.26506 33
9249 114 26 140 0.628571 26
9250 117 47 164 0.426829 33
9251 16 106 122 -0.737705 23
9252 110 31 141 0.560284 31
9253 102 76 178 0.146067 34
9254 11 143 154 -0.857143 25
9255 25 130 155 -0.677419 27
9256 27 138 165 -0.672727 29
9257 66 106 172 -0.232558 34
9258 137 25 162 0.691358 26
9259 100 72 172 0.162791 29
9260 124 51 175 0.417143 34
9261 9 161 170 -0.894118 25
9262 69 93 162 -0.148148 31
9263 36 160 196 -0.632653 31
9264 5 266 271 -0.9631 18
9265 14 187 201 -0.860697 25
9266 90 47 137 0.313869 30
9267 149 17 166 0.795181 29
9268 128 14 142 0.802817 28
9269 155 34 189 0.640212 29
9270 51 101 152 -0.328947 34
9271 115 39 154 0.493506 31
9272 181 19 200 0.81 19
9273 20 212 232 -0.827586 26
9274 203 18 221 0.837104 26
9275 147 69 216 0.361111 35
9276 49 166 215 -0.544186 35
9277 0 169 169 -1 17
9278 89 78 167 0.0658683 31
9279 126 64 190 0.326316 34
9280 83 76 159 0.0440252 33
9281 105 59 164 0.280488 36
9282 58 94 152 -0.236842 26
9283 68 121 189 -0.280423 34
9284 50 91 141 -0.29078 31
9285 53 87 140 -0.242857 36
9286 101 80 181 0.116022 36
9287 46 103 149 -0.38255 33
9288 136 39 175 0.554286 33
9289 15 112 127 -0.76378 23
9290 39 126 165 -0.527273 27
9291 41 123 164 -0.5 35
9292 164 16 180 0.822222 23
9293 68 82 150 -0.0933333 35
9294 144 18 162 0.777778 29
9295 166 55 221 0.502262 29
9296 58 132 190 -0.389474 30
9297 67 67 134 0 35
9298 0 0 0 0 0
9299 37 120 157 -0.528662 35
9300 150 28 178 0.685393 27
9301 45 49 94 -0.0425532 30
9302 89 52 141 0.262411 30
9303 165 26 191 0.727749 28
9304 42 139 181 -0.535912 35
9305 39 95 134 -0.41791 31
9306 98 60 158 0.240506 31
9307 100 90 190 0.0526316 32
9308 98 57 155 0.264516 32
9309 45 117 162 -0.444444 33
9310 90 83 173 0.0404624 35
9311 20 168 188 -0.787234 27
9312 75 125 200 -0.25 33
9313 10 134 144 -0.861111 26
9314 14 144 158 -0.822785 26
9315 101 28 129 0.565891 28
9316 64 73 137 -0.0656934 35
9317 231 12 243 0.901235 24
9318 76 75 151 0.00662252 31
9319 19 147 166 -0.771084 28
9320 105 79 184 0.141304 29
9321 67 88 155 -0.135484 27
9322 18 192 210 -0.828571 26
9323 66 126 192 -0.3125 33
9324 201 12 213 0.887324 26
9325 49 102 151 -0.350993 32
9326 29 71 100 -0.42 30
9327 138 29 167 0.652695 32
9328 191 17 208 0.836538 32
9329 23 198 221 -0.791855 27
9330 6 132 138 -0.913043 22
9331 8 186 194 -0.917526 23
9332 99 56 155 0.277419 24
9333 15 181 196 -0.846939 20
9334 15 159 174 -0.827586 31
9335 10 178 188 -0.893617 14
9336 17 134 151 -0.774834 27
9337 58 112 170 -0.317647 30
9338 68 76 144 -0.0555556 29
9339 96 62 158 0.21519 35
9340 10 148 158 -0.873418 25
9341 43 85 128 -0.328125 26
9342 117 60 177 0.322034 31
9343 99 80 179 0.106145 31
9344 89 58 147 0.210884 33
9345 35 143 178 -0.606742 31
9346 148 23 171 0.730994 23
9347 179 11 190 0.884211 22
9348 99 101 200 -0.01 32
9349 122 16 138 0.768116 18
9350 64 35 99 0.292929 31
9351 13 118 131 -0.801527 28
9352 65 112 177 -0.265537 32
9353 67 99 166 -0.192771 30
9354 57 82 139 -0.179856 31
9355 158 19 177 0.785311 29
9356 63 116 179 -0.296089 25
9357 89 35 124 0.435484 24
9358 166 21 187 0.775401 31
9359 136 24 160 0.7 33
9360 123 44 167 0.473054 26
9361 67 100 167 -0.197605 27
9362 28 175 203 -0.724138 30
9363 92 103 195 -0.0564103 35
9364 104 77 181 0.149171 34
9365 112 65 177 0.265537 36
9366 39 98 137 -0.430657 26
9367 133 38 171 0.555556 27
9368 36 98 134 -0.462687 32
9369 14 200 214 -0.869159 27
9370 122 62 184 0.326087 38
9371 35 135 170 -0.588235 33
9372 38 154 192 -0.604167 34
9373 96 39 135 0.422222 31
9374 187 34 221 0.692308 24
9375 84 121 205 -0.180488 36
9376 25 155 180 -0.722222 27
9377 110 40 150 0.466667 29
9378 88 112 200 -0.12 36
9379 79 93 172 -0.0813953 31
9380 141 30 171 0.649123 34
9381 20 192 212 -0.811321 25
9382 126 35 161 0.565217 33
9383 49 132 181 -0.458564 32
9384 175 11 186 0.88172 25
9385 126 25 151 0.668874 29
9386 13 52 65 -0.6 24
9387 94 94 188 0 32
9388 175 57 232 0.508621 34
9389 51 100 151 -0.324503 34
9390 148 29 177 0.672316 34
9391 75 118 193 -0.222798 27
9392 167 13 180 0.855556 24
9393 168 27 195 0.723077 30
9394 97 91 188 0.0319149 34
9395 62 57 119 0.0420168 31
9396 113 38 151 0.496689 34
9397 72 82 154 -0.0649351 26
9398 107 34 141 0.51773 29
9399 32 129 161 -0.602484 30
9400 107 48 155 0.380645 33
9401 116 55 171 0.356725 34
9402 139 25 164 0.695122 26
9403 134 29 163 0.644172 32
9404 169 38 207 0.63285 33
9405 53 178 231 -0.541126 32
9406 44 149 193 -0.544041 36
9407 33 182 215 -0.693023 33
9408 27 173 200 -0.73 31
9409 37 140 177 -0.581921 34
9410 52 93 145 -0.282759 34
9411 57 124 181 -0.370166 35
9412 91 88 179 0.0167598 34
9413 55 123 178 -0.382022 29
9414 101 49 150 0.346667 32
9415 202 2 204 0.980392 20
9416 64 119 183 -0.300546 31
9417 68 84 152 -0.105263 31
9418 137 34 171 0.602339 31
9419 46 102 148 -0.378378 34
9420 65 76 141 -0.0780142 28
9421 41 114 155 -0.470968 32
9422 56 91 147 -0.238095 29
9423 37 193 230 -0.678261 30
9424 70 106 176 -0.204545 32
9425 46 115 161 -0.428571 28
9426 78 49 127 0.228346 32
9427 72 98 170 -0.152941 35
9428 85 53 138 0.231884 31
9429 80 82 162 -0.0123457 31
9430 156 21 177 0.762712 29
9431 119 27 146 0.630137 31
9432 183 38 221 0.656109 28
9433 96 44 140 0.371429 29
9434 133 45 178 0.494382 36
9435 33 99 132 -0.5 33
9436 17 194 211 -0.838863 29
9437 120 39 159 0.509434 23
9438 91 78 169 0.0769231 33
9439 90 92 182 -0.010989 32
9440 54 89 143 -0.244755 26
9441 31 117 148 -0.581081 28
9442 104 62 166 0.253012 25
9443 120 60 180 0.333333 30
9444 20 168 188 -0.787234 29
9445 125 41 166 0.506024 33
9446 48 89 137 -0.29927 32
9447 186 29 215 0.730233 31
9448 51 82 133 -0.233083 34
9449 182 8 190 0.915789 24
9450 171 20 191 0.790576 29
9451 73 119 192 -0.239583 33
9452 83 85 168 -0.0119048 33
9453 49 119 168 -0.416667 24
9454 64 90 154 -0.168831 33
9455 24 189 213 -0.774648 27
9456 11 258 269 -0.918216 21
9457 22 106 128 -0.65625 24
9458 109 18 127 0.716535 26
9459 101 64 165 0.224242 27
9460 37 119 156 -0.525641 33
9461 100 87 187 0.0695187 31
9462 188 6 194 0.938144 23
9463 150 19 169 0.775148 29
9464 9 172 181 -0.900552 23
9465 42 126 168 -0.5 28
9466 176 9 185 0.902703 25
9467 20 122 142 -0.71831 31
9468 119 46 165 0.442424 36
9469 15 153 168 -0.821429 29
9470 24 136 160 -0.7 30
9471 16 145 161 -0.801242 32
9472 55 145 200 -0.45 34
9473 53 100 153 -0.30719 29
9474 94 41 135 0.392593 35
9475 90 113 203 -0.1133 36
9476 138 35 173 0.595376 32
9477 34 155 189 -0.640212 29
9478 82 110 192 -0.145833 32
9479 63 111 174 -0.275862 27
9480 123 34 157 0.566879 28
9481 12 169 181 -0.867403 25
9482 100 69 169 0.183432 29
9483 56 124 180 -0.377778 33
9484 138 8 146 0.890411 22
9485 72 72 144 0 36
9486 3 228 231 -0.974026 14
9487 73 10 83 0.759036 24
9488 118 39 157 0.503185 34
9489 118 56 174 0.356322 34
9490 67 119 186 -0.27957 29
9491 35 72 107 -0.345794 30
9492 149 24 173 0.722543 32
9493 99 69 168 0.178571 32
9494 138 46 184 0.5 27
9495 7 310 317 -0.955836 20
9496 106 1 107 0.981308 16
9497 41 128 169 -0.514793 33
9498 67 102 169 -0.207101 32
9499 38 87 125 -0.392 24
9500 97 61 158 0.227848 27
9501 70 55 125 0.12 29
9502 94 104 198 -0.0505051 38
9503 63 109 172 -0.267442 30
9504 139 38 177 0.570621 32
9505 74 85 159 -0.0691824 33
9506 25 147 172 -0.709302 31
9507 77 81 158 -0.0253165 28
9508 47 147 194 -0.515464 30
9509 130 43 173 0.50289 30
9510 41 115 156 -0.474359 33
9511 125 20 145 0.724138 30
9512 7 183 190 -0.926316 16
9513 15 135 150 -0.8 28
9514 120 29 149 0.610738 31
9515 118 64 182 0.296703 32
9516 90 26 116 0.551724 27
9517 94 56 150 0.253333 34
9518 30 111 141 -0.574468 32
9519 116 37 153 0.51634 34
9520 72 76 148 -0.027027 36
9521 14 17 31 -0.0967742 18
9522 29 127 156 -0.628205 33
9523 138 66 204 0.352941 32
9524 130 51 181 0.436464 35
9525 51 160 211 -0.516588 26
9526 139 4 143 0.944056 19
9527 78 53 131 0.19084 30
9528 109 59 168 0.297619 34
9529 23 158 181 -0.745856 31
9530 25 161 186 -0.731183 29
9531 35 138 173 -0.595376 34
9532 130 50 180 0.444444 29
9533 26 134 160 -0.675 29
9534 237 18 255 0.858824 22
9535 122 86 208 0.173077 36
9536 85 86 171 -0.00584795 34
9537 58 102 160 -0.275 31
9538 92 71 163 0.128834 28
9539 99 80 179 0.106145 35
9540 196 21 217 0.806452 27
9541 44 116 160 -0.45 32
9542 209 8 217 0.926267 21
9543 15 156 171 -0.824561 26
9544 39 160 199 -0.60804 32
9545 31 144 175 -0.645714 28
9546 81 68 149 0.0872483 30
9547 127 29 156 0.628205 32
9548 39 110 149 -0.47651 25
9549 53 132 185 -0.427027 31
9550 28 126 154 -0.636364 29
9551 17 104 121 -0.719008 28
9552 39 118 157 -0.503185 28
9553 146 51 197 0.482234 37
9554 47 130 177 -0.468927 28
9555 150 40 190 0.578947 27
9556 94 84 178 0.0561798 31
9557 97 89 186 0.0430108 34
9558 50 103 153 -0.346405 29
9559 174 52 226 0.539823 34
9560 103 75 178 0.157303 30
9561 27 131 158 -0.658228 32
9562 118 51 169 0.39645 33
9563 60 56 116 0.0344828 29
9564 53 140 193 -0.450777 35
9565 138 32 170 0.623529 30
9566 119 28 147 0.619048 33
9567 103 53 156 0.320513 33
9568 74 81 155 -0.0451613 34
9569 116 58 174 0.333333 31
9570 94 96 190 -0.0105263 32
9571 46 137 183 -0.497268 26
9572 48 106 154 -0.376623 32
9573 77 89 166 -0.0722892 34
9574 175 13 188 0.861702 25
9575 118 48 166 0.421687 27
9576 90 102 192 -0.0625 34
9577 15 148 163 -0.815951 25
9578 29 144 173 -0.66474 29
9579 62 166 228 -0.45614 32
9580 44 107 151 -0.417219 35
9581 175 37 212 0.650943 28
9582 117 85 202 0.158416 35
9583 47 100 147 -0.360544 29
9584 10 165 175 -0.885714 25
9585 154 50 204 0.509804 31
9586 12 158 170 -0.858824 25
9587 27 169 196 -0.72449 31
9588 82 94 176 -0.0681818 37
9589 184 12 196 0.877551 22
9590 115 16 131 0.755725 29
9591 76 43 119 0.277311 30
9592 62 87 149 -0.167785 36
9593 130 54 184 0.413043 37
9594 18 145 163 -0.779141 30
9595 161 42 203 0.586207 27
9596 144 55 199 0.447236 30
9597 160 11 171 0.871345 26
9598 137 46 183 0.497268 32
9599 72 111 183 -0.213115 33
9600 118 55 173 0.364162 31
9601 153 53 206 0.485437 34
9602 96 58 154 0.246753 35
9603 76 83 159 -0.0440252 32
9604 36 118 154 -0.532468 28
9605 40 134 174 -0.54023 31
9606 94 51 145 0.296552 26
9607 88 47 135 0.303704 31
9608 171 8 179 0.910615 26
9609 57 136 193 -0.409326 31
9610 27 194 221 -0.755656 32
9611 100 58 158 0.265823 31
9612 102 45 147 0.387755 27
9613 5 165 170 -0.941176 21
9614 180 15 195 0.846154 28
9615 12 172 184 -0.869565 23
9616 65 39 104 0.25 26
9617 46 135 181 -0.491713 33
9618 159 8 167 0.904192 25
9619 126 26 152 0.657895 32
9620 33 139 172 -0.616279 31
9621 124 61 185 0.340541 34
9622 80 101 181 -0.116022 30
9623 114 59 173 0.317919 26
9624 183 21 204 0.794118 30
9625 137 54 191 0.434555 35
9626 28 214 242 -0.768595 30
9627 2 277 279 -0.985663 15
9628 106 57 163 0.300613 35
9629 81 99 180 -0.1 32
9630 45 158 203 -0.55665 35
9631 73 72 145 0.00689655 27
9632 18 126 144 -0.75 28
9633 141 21 162 0.740741 23
9634 74 88 162 -0.0864198 32
9635 50 117 167 -0.401198 30
9636 34 151 185 -0.632432 31
9637 249 10 259 0.92278 22
9638 172 7 179 0.921788 24
9639 135 49 184 0.467391 35
9640 50 21 71 0.408451 20
9641 145 50 195 0.487179 34
9642 114 59 173 0.317919 35
9643 79 99 178 -0.11236 32
9644 96 19 115 0.669565 30
9645 78 72 150 0.04 29
9646 70 82 152 -0.0789474 35
9647 84 57 141 0.191489 24
9648 21 101 122 -0.655738 32
9649 61 31 92 0.326087 27
9650 65 82 147 -0.115646 30
9651 106 80 186 0.139785 31
9652 17 153 170 -0.8 29
9653 169 31 200 0.69 29
9654 116 39 155 0.496774 33
9655 14 200 214 -0.869159 20
9656 121 43 164 0.47561 28
9657 23 165 188 -0.755319 28
9658 20 180 200 -0.8 32
9659 47 128 175 -0.462857 29
9660 87 72 159 0.0943396 29
9661 69 104 173 -0.202312 32
9662 102 28 130 0.569231 28
9663 37 126 163 -0.546012 22
9664 94 73 167 0.125749 35
9665 141 42 183 0.540984 29
9666 45 91 136 -0.338235 27
9667 63 95 158 -0.202532 27
9668 32 166 198 -0.676768 29
9669 116 56 172 0.348837 35
9670 112 72 184 0.217391 34
9671 76 98 174 -0.126437 36
9672 81 95 176 -0.0795455 35
9673 18 204 222 -0.837838 29
9674 6 136 142 -0.915493 24
9675 18 91 109 -0.669725 13
9676 110 90 200 0.1 33
9677 88 78 166 0.060241 30
9678 147 15 162 0.814815 28
9679 113 42 155 0.458065 26
9680 186 6 192 0.9375 23
9681 44 126 170 -0.482353 31
9682 31 117 148 -0.581081 32
9683 34 132 166 -0.590361 33
9684 59 123 182 -0.351648 31
9685 47 112 159 -0.408805 32
9686 180 39 219 0.643836 30
9687 12 163 175 -0.862857 28
9688 97 63 160 0.2125 32
9689 30 152 182 -0.67033 34
9690 72 66 138 0.0434783 31
9691 14 47 61 -0.540984 19
9692 37 133 170 -0.564706 30
9693 99 33 132 0.5 30
9694 21 158 179 -0.765363 24
9695 89 82 171 0.0409357 35
9696 7 261 268 -0.947761 21
9697 45 68 113 -0.20354 29
9698 16 158 174 -0.816092 28
9699 122 18 140 0.742857 26
9700 51 95 146 -0.30137 33
9701 6 184 190 -0.936842 21
9702 187 10 197 0.898477 28
9703 54 134 188 -0.425532 34
9704 72 96 168 -0.142857 37
9705 182 15 197 0.847716 21
9706 123 34 157 0.566879 31
9707 202 7 209 0.933014 23
9708 136 22 158 0.721519 27
9709 57 103 160 -0.2875 30
9710 20 180 200 -0.8 28
9711 36 92 128 -0.4375 27
9712 94 48 142 0.323944 25
9713 80 77 157 0.0191083 37
9714 40 123 163 -0.509202 33
9715 40 140 180 -0.555556 33
9716 39 114 153 -0.490196 31
9717 113 18 131 0.725191 28
9718 103 46 149 0.38255 32
9719 188 16 204 0.843137 25
9720 20 190 210 -0.809524 24
9721 27 95 122 -0.557377 29
9722 36 160 196 -0.632653 23
9723 108 80 188 0.148936 27
9724 132 31 163 0.619632 33
9725 106 50 156 0.358974 28
9726 40 184 224 -0.642857 35
9727 148 15 163 0.815951 29
9728 79 106 185 -0.145946 32
9729 10 215 225 -0.911111 20
9730 44 125 169 -0.47929 31
9731 63 121 184 -0.315217 33
9732 44 122 166 -0.46988 32
9733 118 33 151 0.562914 35
9734 133 51 184 0.445652 36
9735 65 82 147 -0.115646 29
9736 127 46 173 0.468208 35
9737 67 131 198 -0.323232 35
9738 152 6 158 0.924051 17
9739 85 82 167 0.0179641 33
9740 147 39 186 0.580645 30
9741 192 38 230 0.669565 30
9742 36 110 146 -0.506849 31
9743 128 20 148 0.72973 30
9744 150 8 158 0.898734 25
9745 91 62 153 0.189542 34
9746 139 35 174 0.597701 31
9747 68 118 186 -0.268817 29
9748 53 138 191 -0.445026 20
9749 143 22 165 0.733333 29
9750 51 87 138 -0.26087 30
9751 126 6 132 0.909091 24
9752 152 17 169 0.798817 27
9753 22 181 203 -0.783251 29
9754 45 155 200 -0.55 29
9755 11 195 206 -0.893204 24
9756 179 30 209 0.712919 29
9757 8 132 140 -0.885714 24
9758 23 189 212 -0.783019 31
9759 10 71 81 -0.753086 24
9760 75 84 159 -0.0566038 36
9761 135 32 167 0.616766 20
9762 230 4 234 0.965812 17
9763 63 71 134 -0.0597015 34
9764 77 112 189 -0.185185 33
9765 153 9 162 0.888889 25
9766 126 65 191 0.319372 32
9767 81 88 169 -0.0414201 35
9768 97 68 165 0.175758 31
9769 15 202 217 -0.861751 29
9770 85 123 208 -0.182692 32
9771 84 81 165 0.0181818 31
9772 159 11 170 0.870588 26
9773 95 12 107 0.775701 28
9774 129 21 150 0.72 31
9775 4 206 210 -0.961905 16
9776 34 123 157 -0.566879 32
9777 4 184 188 -0.957447 22
9778 64 83 147 -0.129252 34
9779 66 100 166 -0.204819 35
9780 103 46 149 0.38255 19
9781 8 141 149 -0.892617 25
9782 20 105 125 -0.68 29
9783 184 37 221 0.665158 31
9784 31 118 149 -0.583893 27
9785 76 80 156 -0.025641 32
9786 119 47 166 0.433735 32
9787 39 112 151 -0.483444 31
9788 108 64 172 0.255814 33
9789 57 118 175 -0.348571 32
9790 5 155 160 -0.9375 21
9791 97 109 206 -0.0582524 32
9792 220 9 229 0.921397 25
9793 67 61 128 0.046875 29
9794 19 176 195 -0.805128 28
9795 148 34 182 0.626374 29
9796 31 126 157 -0.605096 29
9797 11 221 232 -0.905172 22
9798 34 192 226 -0.699115 31
9799 37 121 158 -0.531646 30
9800 110 57 167 0.317365 34
9801 98 89 187 0.0481283 34
9802 225 10 235 0.914894 20
9803 128 39 167 0.532934 33
9804 135 60 195 0.384615 32
9805 173 13 186 0.860215 27
9806 98 68 166 0.180723 31
9807 28 166 194 -0.71134 32
9808 82 61 143 0.146853 31
9809 130 36 166 0.566265 32
9810 64 135 199 -0.356784 35
9811 104 26 130 0.6 27
9812 114 31 145 0.572414 34
9813 11 167 178 -0.876404 27
9814 223 15 238 0.87395 27
9815 35 100 135 -0.481481 27
9816 103 81 184 0.119565 32
9817 15 189 204 -0.852941 24
9818 60 70 130 -0.0769231 32
9819 127 42 169 0.502959 35
9820 20 166 186 -0.784946 30
9821 26 206 232 -0.775862 29
9822 56 123 179 -0.374302 29
9823 118 69 187 0.262032 35
9824 83 78 161 0.0310559 26
9825 117 65 182 0.285714 34
9826 89 76 165 0.0787879 28
9827 122 32 154 0.584416 32
9828 106 74 180 0.177778 36
9829 46 128 174 -0.471264 35
9830 105 56 161 0.304348 28
9831 69 86 155 -0.109677 33
9832 102 70 172 0.186047 32
9833 16 138 154 -0.792208 28
9834 97 21 118 0.644068 27
9835 12 82 94 -0.744681 25
9836 37 130 167 -0.556886 31
9837 195 23 218 0.788991 28
9838 76 50 126 0.206349 34
9839 52 103 155 -0.329032 33
9840 130 47 177 0.468927 31
9841 80 76 156 0.025641 31
9842 10 185 195 -0.897436 26
9843 69 16 85 0.623529 22
9844 213 11 224 0.901786 27
9845 21 111 132 -0.681818 31
9846 192 20 212 0.811321 27
9847 104 82 186 0.11828 33
9848 103 69 172 0.197674 29
9849 28 128 156 -0.641026 28
9850 136 30 166 0.638554 29
9851 8 182 190 -0.915789 22
9852 147 45 192 0.53125 34
9853 69 97 166 -0.168675 33
9854 132 15 147 0.795918 27
9855 6 127 133 -0.909774 22
9856 34 16 50 0.36 13
9857 79 74 153 0.0326797 33
9858 166 30 196 0.693878 30
9859 78 69 147 0.0612245 29
9860 12 169 181 -0.867403 24
9861 35 78 113 -0.380531 28
9862 86 68 154 0.116883 33
9863 190 35 225 0.688889 30
9864 47 145 192 -0.510417 32
9865 9 136 145 -0.875862 24
9866 34 186 220 -0.690909 28
9867 114 10 124 0.83871 25
9868 67 94 161 -0.167702 37
9869 76 67 143 0.0629371 30
9870 51 89 140 -0.271429 35
9871 84 53 137 0.226277 30
9872 14 249 263 -0.893536 21
9873 83 75 158 0.0506329 31
9874 7 133 140 -0.9 19
9875 13 166 179 -0.854749 25
9876 69 77 146 -0.0547945 33
9877 65 72 137 -0.0510949 26
9878 54 101 155 -0.303226 28
9879 170 36 206 0.650485 33
9880 3 150 153 -0.960784 21
9881 97 45 142 0.366197 32
9882 174 15 189 0.84127 26
9883 94 68 162 0.160494 34
9884 66 84 150 -0.12 29
9885 174 14 188 0.851064 28
9886 217 27 244 0.778689 30
9887 9 170 179 -0.899441 23
9888 99 62 161 0.229814 33
9889 61 127 188 -0.351064 35
9890 96 39 135 0.422222 28
9891 66 61 127 0.0393701 33
9892 107 40 147 0.455782 27
9893 120 43 163 0.472393 33
9894 13 151 164 -0.841463 29
9895 15 121 136 -0.779412 31
9896 28 108 136 -0.588235 28
9897 18 134 152 -0.763158 27
9898 219 6 225 0.946667 24
9899 15 175 190 -0.842105 27
9900 140 31 171 0.637427 26
9901 62 112 174 -0.287356 33
9902 46 112 158 -0.417722 24
9903 250 5 255 0.960784 21
9904 14 168 182 -0.846154 29
9905 58 123 181 -0.359116 38
9906 16 188 204 -0.843137 22
9907 62 92 154 -0.194805 35
9908 123 40 163 0.509202 30
9909 102 61 163 0.251534 35
9910 67 121 188 -0.287234 29
9911 57 64 121 -0.0578512 34
9912 50 86 136 -0.264706 34
9913 84 70 154 0.0909091 29
9914 15 124 139 -0.784173 27
9915 52 96 148 -0.297297 28
9916 146 13 159 0.836478 27
9917 47 108 155 -0.393548 30
9918 160 12 172 0.860465 27
9919 82 130 212 -0.226415 31
9920 17 221 238 -0.857143 23
9921 34 150 184 -0.630435 33
9922 120 46 166 0.445783 31
9923 54 65 119 -0.092437 30
9924 156 29 185 0.686486 30
9925 96 101 197 -0.0253807 37
9926 76 59 135 0.125926 31
9927 84 106 190 -0.115789 30
9928 83 70 153 0.0849673 30
9929 12 162 174 -0.862069 28
9930 115 32 147 0.564626 30
9931 135 78 213 0.267606 36
9932 57 153 210 -0.457143 30
9933 148 17 165 0.793939 31
9934 37 113 150 -0.506667 35
9935 55 102 157 -0.299363 33
9936 86 102 188 -0.0851064 37
9937 44 89 133 -0.338346 29
9938 89 63 152 0.171053 35
9939 30 95 125 -0.52 32
9940 181 27 208 0.740385 26
9941 236 3 239 0.974895 13
9942 154 13 167 0.844311 24
9943 170 20 190 0.789474 29
9944 15 177 192 -0.84375 27
9945 63 136 199 -0.366834 34
9946 100 53 153 0.30719 32
9947 122 50 172 0.418605 29
9948 84 74 158 0.0632911 37
9949 25 139 164 -0.695122 27
9950 47 159 206 -0.543689 31
9951 65 97 162 -0.197531 34
9952 38 142 180 -0.577778 32
9953 59 7 66 0.787879 16
9954 137 65 202 0.356436 30
9955 61 88 149 -0.181208 31
9956 58 117 175 -0.337143 33
9957 145 46 191 0.518325 32
9958 68 95 163 -0.165644 31
9959 132 39 171 0.54386 28
9960 89 67 156 0.141026 33
9961 100 72 172 0.162791 29
9962 140 25 165 0.69697 29
9963 16 141 157 -0.796178 29
9964 11 139 150 -0.853333 28
9965 4 240 244 -0.967213 18
9966 32 107 139 -0.539568 32
9967 81 93 174 -0.0689655 34
9968 95 41 136 0.397059 26
9969 49 143 192 -0.489583 29
9970 86 76 162 0.0617284 33
9971 178 11 189 0.883598 23
9972 14 215 229 -0.877729 26
9973 34 52 86 -0.209302 29
9974 43 80 123 -0.300813 33
9975 215 26 241 0.784232 29
9976 45 105 150 -0.4 27
9977 101 85 186 0.0860215 27
9978 18 122 140 -0.742857 30
9979 125 50 175 0.428571 32
9980 154 11 165 0.866667 27
9981 22 143 165 -0.733333 33
9982 115 57 172 0.337209 27
9983 105 62 167 0.257485 33
9984 53 98 151 -0.298013 34
9985 14 155 169 -0.83432 26
9986 28 122 150 -0.626667 28
9987 30 169 199 -0.698492 33
9988 77 10 87 0.770115 15
9989 15 160 175 -0.828571 25
9990 32 148 180 -0.644444 33
9991 154 27 181 0.701657 26
9992 98 107 205 -0.0439024 36
9993 93 55 148 0.256757 28
9994 55 76 131 -0.160305 36
9995 34 161 195 -0.651282 26
9996 59 119 178 -0.337079 36
9997 11 221 232 -0.905172 22
9998 82 72 154 0.0649351 30
9999 189 10 199 0.899497 25
10000 110 62 172 0.27907 33
10001 144 19 163 0.766871 28
10002 63 80 143 -0.118881 35
10003 9 181 190 -0.905263 23
10004 7 211 218 -0.93578 17
10005 94 50 144 0.305556 29
10006 15 135 150 -0.8 28
10007 53 136 189 -0.439153 32
10008 67 98 165 -0.187879 38
10009 13 165 178 -0.853933 25
10010 160 24 184 0.73913 32
10011 64 137 201 -0.363184 31
10012 42 148 190 -0.557895 31
10013 10 131 141 -0.858156 25
10014 173 8 181 0.911602 23
10015 64 80 144 -0.111111 32
10016 93 68 161 0.15528 35
10017 18 162 180 -0.8 31
10018 22 126 148 -0.702703 26
10019 6 132 138 -0.913043 24
10020 141 37 178 0.58427 33
10021 115 26 141 0.631206 29
10022 99 60 159 0.245283 27
10023 112 14 126 0.777778 25
10024 127 70 197 0.28934 36
10025 165 20 185 0.783784 27
10026 72 22 94 0.531915 25
10027 54 69 123 -0.121951 29
10028 43 87 130 -0.338462 35
10029 55 136 191 -0.424084 36
10030 89 116 205 -0.131707 33
10031 58 98 156 -0.25641 35
10032 201 16 217 0.852535 26
10033 78 65 143 0.0909091 36
10034 83 50 133 0.24812 30
10035 20 131 151 -0.735099 31
10036 80 83 163 -0.0184049 29
10037 114 22 136 0.676471 32
10038 6 166 172 -0.930233 25
10039 176 25 201 0.751244 32
10040 124 46 170 0.458824 32
10041 164 60 224 0.464286 35
10042 107 88 195 0.0974359 34
10043 68 87 155 -0.122581 29
10044 169 26 195 0.733333 34
10045 146 47 193 0.512953 33
10046 96 60 156 0.230769 30
10047 7 136 143 -0.902098 25
10048 140 22 162 0.728395 26
10049 55 80 135 -0.185185 29
10050 69 79 148 -0.0675676 30
10051 56 127 183 -0.387978 37
10052 67 62 129 0.0387597 31
10053 27 160 187 -0.71123 31
10054 131 35 166 0.578313 33
10055 151 19 170 0.776471 28
10056 156 22 178 0.752809 33
10057 119 71 190 0.252632 37
10058 112 56 168 0.333333 33
10059 52 114 166 -0.373494 35
10060 61 108 169 -0.278107 29
10061 11 206 217 -0.898618 27
10062 35 160 195 -0.641026 32
10063 65 98 163 -0.202454 32
10064 27 167 194 -0.721649 33
10065 57 120 177 -0.355932 33
10066 90 68 158 0.139241 33
10067 36 179 215 -0.665116 24
10068 95 66 161 0.180124 31
10069 115 66 181 0.270718 31
10070 110 47 157 0.401274 34
10071 115 22 137 0.678832 28
10072 56 149 205 -0.453659 35
10073 107 24 131 0.633588 27
10074 34 106 140 -0.514286 29
10075 78 119 197 -0.208122 30
10076 159 58 217 0.465438 34
10077 207 20 227 0.823789 22
10078 52 73 125 -0.168 33
10079 63 135 198 -0.363636 33
10080 206 39 245 0.681633 34
10081 143 33 176 0.625 33
10082 105 11 116 0.810345 27
10083 85 42 127 0.338583 26
10084 61 89 150 -0.186667 32
10085 41 134 175 -0.531429 35
10086 134 3 137 0.956204 22
10087 73 62 135 0.0814815 31
10088 132 6 138 0.913043 24
10089 12 177 189 -0.873016 22
10090 153 7 160 0.9125 23
10091 140 57 197 0.42132 30
10092 59 58 117 0.00854701 29
10093 20 192 212 -0.811321 23
10094 140 33 173 0.618497 30
10095 95 87 182 0.043956 31
10096 107 59 166 0.289157 35
10097 81 65 146 0.109589 33
10098 132 35 167 0.580838 31
10099 30 210 240 -0.75 29
10100 129 52 181 0.425414 34
10101 117 67 184 0.271739 34
10102 97 14 111 0.747748 25
10103 147 59 206 0.427184 33
10104 73 88 161 -0.0931677 28
10105 125 17 142 0.760563 26
10106 108 18 126 0.714286 27
10107 58 116 174 -0.333333 33
10108 73 63 136 0.0735294 30
10109 103 53 156 0.320513 34
10110 63 120 183 -0.311475 32
10111 175 17 192 0.822917 29
10112 64 134 198 -0.353535 26
10113 59 96 155 -0.23871 33
10114 184 7 191 0.926702 23
10115 11 149 160 -0.8625 23
10116 65 91 156 -0.166667 33
10117 100 53 153 0.30719 30
10118 54 124 178 -0.393258 32
10119 118 44 162 0.45679 28
10120 30 9 39 0.538462 22
10121 206 8 214 0.925234 25
10122 75 107 182 -0.175824 34
10123 158 20 178 0.775281 25
10124 110 31 141 0.560284 30
10125 70 92 162 -0.135802 27
10126 3 178 181 -0.966851 20
10127 56 132 188 -0.404255 30
10128 159 30 189 0.68254 32
10129 105 75 180 0.166667 32
10130 60 125 185 -0.351351 35
10131 64 101 165 -0.224242 36
10132 16 236 252 -0.873016 24
10133 119 47 166 0.433735 37
10134 169 50 219 0.543379 33
10135 26 121 147 -0.646259 28
10136 60 97 157 -0.235669 33
10137 10 240 250 -0.92 18
10138 103 93 196 0.0510204 33
10139 78 99 177 -0.118644 34
10140 100 28 128 0.5625 33
10141 138 12 150 0.84 26
10142 94 107 201 -0.0646766 28
10143 39 151 190 -0.589474 31
10144 84 94 178 -0.0561798 34
10145 133 33 166 0.60241 23
10146 169 18 187 0.807487 31
10147 78 18 96 0.625 27
10148 72 102 174 -0.172414 33
10149 38 114 152 -0.5 27
10150 94 53 147 0.278912 30
10151 13 23 36 -0.277778 17
10152 167 48 215 0.553488 25
10153 183 20 203 0.802956 29
10154 140 23 163 0.717791 26
10155 29 134 163 -0.644172 31
10156 74 60 134 0.104478 33
10157 105 51 156 0.346154 34
10158 28 146 174 -0.678161 31
10159 39 124 163 -0.521472 29
10160 74 80 154 -0.038961 35
10161 19 133 152 -0.75 27
10162 24 128 152 -0.684211 31
10163 108 41 149 0.449664 34
10164 51 100 151 -0.324503 31
10165 61 18 79 0.544304 19
10166 188 21 209 0.799043 31
10167 31 183 214 -0.71028 32
10168 137 43 180 0.522222 30
10169 100 41 141 0.41844 34
10170 178 4 182 0.956044 22
10171 65 78 143 -0.0909091 32
10172 137 59 196 0.397959 35
10173 154 45 199 0.547739 27
10174 124 37 161 0.540373 29
10175 120 46 166 0.445783 29
10176 21 270 291 -0.85567 27
10177 106 51 157 0.350318 31
10178 77 79 156 -0.0128205 29
10179 8 208 216 -0.925926 19
10180 176 34 210 0.67619 29
10181 159 23 182 0.747253 28
10182 147 29 176 0.670455 31
10183 37 108 145 -0.489655 33
10184 162 13 175 0.851429 23
10185 94 93 187 0.00534759 29
10186 114 100 214 0.0654206 35
10187 48 117 165 -0.418182 29
10188 160 17 177 0.80791 28
10189 114 50 164 0.390244 33
10190 54 104 158 -0.316456 33
10191 167 45 212 0.575472 24
10192 123 38 161 0.52795 30
10193 61 77 138 -0.115942 36
10194 88 72 160 0.1 34
10195 77 41 118 0.305085 34
10196 90 71 161 0.118012 36
10197 9 162 171 -0.894737 24
10198 71 96 167 -0.149701 31
10199 42 102 144 -0.416667 29
10200 80 46 126 0.269841 30
10201 52 144 196 -0.469388 27
10202 210 9 219 0.917808 23
10203 29 142 171 -0.660819 28
10204 138 21 159 0.735849 26
10205 93 63 156 0.192308 30
10206 210 7 217 0.935484 26
10207 49 109 158 -0.379747 33
10208 70 87 157 -0.10828 29
10209 8 168 176 -0.909091 25
10210 46 139 185 -0.502703 33
10211 180 27 207 0.73913 25
10212 157 71 228 0.377193 33
10213 207 12 219 0.890411 27
10214 132 37 169 0.56213 34
10215 115 48 163 0.411043 29
10216 112 63 175 0.28 37
10217 15 3 18 0.666667 11
10218 120 28 148 0.621622 32
10219 73 93 166 -0.120482 30
10220 56 98 154 -0.272727 28
10221 76 76 152 0 34
10222 174 12 186 0.870968 25
10223 123 56 179 0.374302 25
10224 49 111 160 -0.3875 32
10225 46 102 148 -0.378378 30
10226 57 138 195 -0.415385 37
10227 89 76 165 0.0787879 32
10228 77 14 91 0.692308 27
10229 44 164 208 -0.576923 33
10230 102 56 158 0.291139 30
10231 64 67 131 -0.0229008 31
10232 99 68 167 0.185629 29
10233 59 127 186 -0.365591 28
10234 90 54 144 0.25 29
10235 93 123 216 -0.138889 33
10236 110 55 165 0.333333 28
10237 205 8 213 0.924883 19
10238 87 69 156 0.115385 27
10239 49 95 144 -0.319444 31
10240 198 22 220 0.8 32
10241 82 82 164 0 36
10242 36 104 140 -0.485714 32
10243 65 72 137 -0.0510949 30
10244 42 147 189 -0.555556 28
10245 48 115 163 -0.411043 31
10246 153 24 177 0.728814 28
10247 92 62 154 0.194805 32
10248 73 86 159 -0.081761 32
10249 30 170 200 -0.7 30
10250 105 48 153 0.372549 28
10251 107 87 194 0.103093 36
10252 137 43 180 0.522222 35
10253 27 151 178 -0.696629 31
10254 116 81 197 0.177665 31
10255 74 102 176 -0.159091 36
10256 76 67 143 0.0629371 33
10257 184 15 199 0.849246 26
10258 126 51 177 0.423729 34
10259 13 143 156 -0.833333 28
10260 110 74 184 0.195652 35
10261 86 75 161 0.068323 37
10262 0 60 60 -1 9
10263 34 113 147 -0.537415 31
10264 67 98 165 -0.187879 32
10265 96 68 164 0.170732 34
10266 143 38 181 0.58011 32
10267 64 112 176 -0.272727 28
10268 31 71 102 -0.392157 30
10269 110 58 168 0.309524 31
10270 139 35 174 0.597701 31
10271 35 103 138 -0.492754 28
10272 10 162 172 -0.883721 19
10273 121 38 159 0.522013 31
10274 95 54 149 0.275168 34
10275 82 73 155 0.0580645 34
10276 24 139 163 -0.705521 32
10277 199 25 224 0.776786 32
10278 149 34 183 0.628415 30
10279 180 13 193 0.865285 28
10280 70 103 173 -0.190751 32
10281 77 60 137 0.124088 27
10282 41 127 168 -0.511905 31
10283 71 120 191 -0.256545 30
10284 39 101 140 -0.442857 34
10285 5 251 256 -0.960938 20
10286 56 96 152 -0.263158 34
10287 121 46 167 0.449102 26
10288 180 19 199 0.809045 26
10289 42 105 147 -0.428571 32
10290 44 113 157 -0.43949 27
10291 48 121 169 -0.431953 29
10292 15 122 137 -0.781022 26
10293 5 210 215 -0.953488 20
10294 116 36 152 0.526316 30
10295 79 75 154 0.025974 27
10296 161 17 178 0.808989 29
10297 16 181 197 -0.837563 24
10298 84 92 176 -0.0454545 33
10299 283 13 296 0.912162 24
10300 76 101 177 -0.141243 28
10301 100 46 146 0.369863 31
10302 206 15 221 0.864253 28
10303 63 121 184 -0.315217 35
10304 5 167 172 -0.94186 21
10305 131 16 147 0.782313 28
10306 66 54 120 0.1 30
10307 188 11 199 0.889447 27
10308 36 82 118 -0.389831 26
10309 72 108 180 -0.2 33
10310 208 32 240 0.733333 23
10311 35 121 156 -0.551282 34
10312 28 162 190 -0.705263 33
10313 96 48 144 0.333333 35
10314 45 99 144 -0.375 29
10315 26 72 98 -0.469388 26
10316 180 30 210 0.714286 29
10317 116 47 163 0.423313 26
10318 134 40 174 0.54023 25
10319 51 136 187 -0.454545 31
10320 53 96 149 -0.288591 35
10321 124 70 194 0.278351 29
10322 7 25 32 -0.5625 17
10323 163 6 169 0.928994 23
10324 140 35 175 0.6 35
10325 48 125 173 -0.445087 25
10326 34 118 152 -0.552632 30
10327 21 176 197 -0.786802 30
10328 14 173 187 -0.850267 22
10329 28 101 129 -0.565891 30
10330 70 74 144 -0.0277778 33
10331 75 91 166 -0.0963855 32
10332 78 63 141 0.106383 33
10333 14 188 202 -0.861386 28
10334 133 15 148 0.797297 26
10335 89 93 182 -0.021978 30
10336 203 12 215 0.888372 29
10337 142 39 181 0.569061 30
10338 115 21 136 0.691176 31
10339 30 50 80 -0.25 25
10340 7 151 158 -0.911392 23
10341 76 47 123 0.235772 33
10342 129 28 157 0.643312 29
10343 86 118 204 -0.156863 30
10344 140 6 146 0.917808 24
10345 162 12 174 0.862069 28
10346 138 46 184 0.5 33
10347 30 104 134 -0.552239 26
10348 76 69 145 0.0482759 32
10349 40 132 172 -0.534884 28
10350 154 33 187 0.647059 33
10351 96 68 164 0.170732 31
10352 178 14 192 0.854167 24
10353 15 126 141 -0.787234 32
10354 65 117 182 -0.285714 36
10355 32 143 175 -0.634286 28
10356 38 108 146 -0.479452 32
10357 116 37 153 0.51634 29
10358 86 81 167 0.0299401 32
10359 35 154 189 -0.62963 29
10360 102 52 154 0.324675 30
10361 73 112 185 -0.210811 32
10362 45 115 160 -0.4375 35
10363 57 107 164 -0.304878 31
10364 75 72 147 0.0204082 26
10365 98 91 189 0.037037 31
10366 61 104 165 -0.260606 34
10367 198 13 211 0.876777 28
10368 169 18 187 0.807487 28
10369 163 32 195 0.671795 27
10370 20 121 141 -0.716312 30
10371 47 103 150 -0.373333 33
10372 37 134 171 -0.567251 32
10373 62 120 182 -0.318681 30
10374 59 70 129 -0.0852713 32
10375 184 5 189 0.94709 23
10376 221 32 253 0.747036 30
10377 172 13 185 0.859459 30
10378 69 78 147 -0.0612245 27
10379 11 43 54 -0.592593 20
10380 19 227 246 -0.845528 27
10381 135 41 176 0.534091 27
10382 32 146 178 -0.640449 36
10383 58 120 178 -0.348315 36
10384 100 22 122 0.639344 29
10385 9 182 191 -0.905759 23
10386 160 23 183 0.748634 33
10387 39 102 141 -0.446809 29
10388 19 161 180 -0.788889 21
10389 95 24 119 0.596639 30
10390 59 99 158 -0.253165 34
10391 69 88 157 -0.121019 35
10392 42 157 199 -0.577889 31
10393 49 139 188 -0.478723 32
10394 10 212 222 -0.90991 19
10395 120 32 152 0.578947 33
10396 98 44 142 0.380282 31
10397 61 84 145 -0.158621 25
10398 8 158 166 -0.903614 24
10399 63 98 161 -0.217391 35
10400 29 161 190 -0.694737 25
10401 39 116 155 -0.496774 35
10402 27 120 147 -0.632653 29
10403 149 22 171 0.74269 29
10404 92 74 166 0.108434 32
10405 143 41 184 0.554348 32
10406 74 70 144 0.0277778 33
10407 91 66 157 0.159236 29
10408 17 181 198 -0.828283 27
10409 62 68 130 -0.0461538 29
10410 91 79 170 0.0705882 30
10411 84 119 203 -0.172414 32
10412 160 16 176 0.818182 30
10413 92 97 189 -0.026455 28
10414 108 77 185 0.167568 27
10415 90 49 139 0.294964 35
10416 37 125 162 -0.54321 31
10417 35 181 216 -0.675926 34
10418 123 40 163 0.509202 33
10419 126 56 182 0.384615 30
10420 53 104 157 -0.324841 36
10421 61 91 152 -0.197368 32
10422 88 72 160 0.1 32
10423 180 13 193 0.865285 25
10424 146 13 159 0.836478 28
10425 85 27 112 0.517857 28
10426 66 131 197 -0.329949 31
10427 117 48 165 0.418182 35
10428 13 189 202 -0.871287 26
10429 198 16 214 0.850467 26
10430 115 37 152 0.513158 31
10431 27 161 188 -0.712766 29
10432 20 97 117 -0.65812 31
10433 131 19 150 0.746667 29
10434 80 85 165 -0.030303 30
10435 29 131 160 -0.6375 29
10436 30 161 191 -0.685864 33
10437 106 33 139 0.52518 21
10438 24 169 193 -0.751295 29
10439 54 107 161 -0.329193 33
10440 143 19 162 0.765432 26
10441 159 40 199 0.59799 32
10442 33 102 135 -0.511111 33
10443 87 123 210 -0.171429 37
10444 132 29 161 0.639752 27
10445 103 84 187 0.101604 29
10446 209 16 225 0.857778 24
10447 157 10 167 0.88024 25
10448 84 94 178 -0.0561798 37
10449 95 57 152 0.25 26
10450 39 111 150 -0.48 32
10451 49 96 145 -0.324138 32
10452 114 66 180 0.266667 30
10453 42 119 161 -0.478261 31
10454 16 207 223 -0.856502 34
10455 131 43 174 0.505747 26
10456 36 126 162 -0.555556 32
10457 205 11 216 0.898148 26
10458 79 85 164 -0.0365854 27
10459 51 129 180 -0.433333 31
10460 40 114 154 -0.480519 30
10461 160 27 187 0.71123 28
10462 165 2 167 0.976048 16
10463 67 96 163 -0.177914 33
10464 102 54 156 0.307692 30
10465 227 19 246 0.845528 25
10466 121 46 167 0.449102 32
10467 220 17 237 0.85654 24
10468 87 99 186 -0.0645161 34
10469 124 49 173 0.433526 29
10470 105 57 162 0.296296 32
10471 144 28 172 0.674419 32
10472 106 50 156 0.358974 28
10473 24 195 219 -0.780822 31
10474 129 15 144 0.791667 27
10475 169 18 187 0.807487 27
10476 14 163 177 -0.841808 28
10477 100 55 155 0.290323 34
10478 174 11 185 0.881081 23
10479 107 57 164 0.304878 31
10480 93 75 168 0.107143 28
10481 176 8 184 0.913043 22
10482 6 228 234 -0.948718 22
10483 150 19 169 0.775148 29
10484 17 153 170 -0.8 29
10485 93 72 165 0.127273 32
10486 42 132 174 -0.517241 28
10487 16 129 145 -0.77931 22
10488 113 56 169 0.337278 33
10489 120 30 150 0.6 34
10490 120 36 156 0.538462 31
10491 48 130 178 -0.460674 35
10492 39 159 198 -0.606061 28
10493 158 41 199 0.58794 34
10494 41 155 196 -0.581633 30
10495 141 51 192 0.46875 27
10496 67 96 163 -0.177914 34
10497 41 97 138 -0.405797 35
10498 55 99 154 -0.285714 32
10499 107 39 146 0.465753 30
10500 131 33 164 0.597561 28
10501 94 64 158 0.189873 33
10502 47 25 72 0.305556 28
10503 183 33 216 0.694444 32
10504 107 43 150 0.426667 31
10505 134 40 174 0.54023 34
10506 22 170 192 -0.770833 30
10507 31 141 172 -0.639535 28
10508 29 157 186 -0.688172 29
10509 50 31 81 0.234568 25
10510 18 119 137 -0.737226 21
10511 3 210 213 -0.971831 22
10512 117 30 147 0.591837 33
10513 20 126 146 -0.726027 29
10514 69 87 156 -0.115385 29
10515 39 163 202 -0.613861 27
10516 142 12 154 0.844156 23
10517 123 29 152 0.618421 29
10518 89 82 171 0.0409357 29
10519 58 112 170 -0.317647 35
10520 126 57 183 0.377049 36
10521 100 77 177 0.129944 29
10522 81 66 147 0.102041 30
10523 25 141 166 -0.698795 29
10524 232 8 240 0.933333 23
10525 112 50 162 0.382716 33
10526 25 148 173 -0.710983 28
10527 77 96 173 -0.109827 31
10528 129 11 140 0.842857 26
10529 16 169 185 -0.827027 29
10530 8 162 170 -0.905882 25
10531 58 119 177 -0.344633 32
10532 123 14 137 0.79562 26
10533 81 108 189 -0.142857 30
10534 93 33 126 0.47619 25
10535 75 61 136 0.102941 36
10536 67 105 172 -0.22093 32
10537 23 129 152 -0.697368 28
10538 138 27 165 0.672727 26
10539 49 139 188 -0.478723 32
10540 153 16 169 0.810651 25
10541 107 49 156 0.371795 34
10542 24 151 175 -0.725714 29
10543 58 89 147 -0.210884 34
10544 12 155 167 -0.856287 27
10545 133 30 163 0.631902 30
10546 203 32 235 0.72766 26
10547 64 83 147 -0.129252 28
10548 41 107 148 -0.445946 29
10549 7 191 198 -0.929293 24
10550 68 129 197 -0.309645 33
10551 138 36 174 0.586207 37
10552 135 41 176 0.534091 28
10553 116 48 164 0.414634 31
10554 9 197 206 -0.912621 18
10555 131 30 161 0.627329 23
10556 88 64 152 0.157895 28
10557 129 14 143 0.804196 30
10558 76 104 180 -0.155556 32
10559 40 168 208 -0.615385 35
10560 60 100 160 -0.25 30
10561 89 52 141 0.262411 28
10562 82 75 157 0.044586 32
10563 88 73 161 0.0931677 29
10564 20 177 197 -0.796954 25
10565 90 33 123 0.463415 32
10566 153 27 180 0.7 30
10567 58 11 69 0.681159 23
10568 32 166 198 -0.676768 31
10569 58 110 168 -0.309524 37
10570 183 19 202 0.811881 31
10571 95 32 127 0.496063 26
10572 31 139 170 -0.635294 31
10573 25 173 198 -0.747475 28
10574 97 78 175 0.108571 28
10575 68 60 128 0.0625 32
10576 10 196 206 -0.902913 24
10577 189 15 204 0.852941 26
10578 80 101 181 -0.116022 34
10579 115 79 194 0.185567 33
10580 85 92 177 -0.039548 31
10581 72 54 126 0.142857 31
10582 45 110 155 -0.419355 34
10583 115 63 178 0.292135 36
10584 64 151 215 -0.404651 33
10585 26 111 137 -0.620438 28
10586 98 43 141 0.390071 32
10587 63 99 162 -0.222222 33
10588 94 59 153 0.228758 31
10589 232 2 234 0.982906 18
10590 112 58 170 0.317647 35
10591 68 57 125 0.088 28
10592 113 54 167 0.353293 26
10593 133 37 170 0.564706 31
10594 83 65 148 0.121622 33
10595 9 173 182 -0.901099 27
10596 115 30 145 0.586207 30
10597 86 78 164 0.0487805 36
10598 47 118 165 -0.430303 26
10599 43 134 177 -0.514124 34
10600 68 85 153 -0.111111 32
10601 37 121 158 -0.531646 33
10602 136 19 155 0.754839 27
10603 135 22 157 0.719745 29
10604 98 84 182 0.0769231 35
10605 64 113 177 -0.276836 38
10606 0 4 4 -1 3
10607 193 8 201 0.920398 25
10608 45 86 131 -0.312977 35
10609 146 39 185 0.578378 34
10610 22 135 157 -0.719745 31
10611 137 52 189 0.449735 28
10612 57 101 158 -0.278481 32
10613 13 134 147 -0.823129 28
10614 158 23 181 0.745856 30
10615 130 34 164 0.585366 29
10616 14 145 159 -0.823899 27
10617 22 201 223 -0.802691 26
10618 42 129 171 -0.508772 32
10619 134 39 173 0.549133 33
10620 30 123 153 -0.607843 30
10621 159 44 203 0.566502 31
10622 27 203 230 -0.765217 31
10623 14 156 170 -0.835294 26
10624 122 80 202 0.207921 36
10625 128 45 173 0.479769 35
10626 148 17 165 0.793939 25
10627 106 73 179 0.184358 37
10628 66 98 164 -0.195122 34
10629 58 108 166 -0.301205 27
10630 8 168 176 -0.909091 24
10631 52 103 155 -0.329032 30
10632 66 96 162 -0.185185 33
10633 133 42 175 0.52 29
10634 53 165 218 -0.513761 31
10635 97 51 148 0.310811 24
10636 128 41 169 0.514793 30
10637 96 98 194 -0.0103093 30
10638 105 84 189 0.111111 35
10639 51 141 192 -0.46875 28
10640 115 103 218 0.0550459 33
10641 56 110 166 -0.325301 37
10642 50 132 182 -0.450549 31
10643 42 106 148 -0.432432 30
10644 28 134 162 -0.654321 30
10645 237 13 250 0.896 27
10646 24 151 175 -0.725714 30
10647 180 28 208 0.730769 31
10648 128 55 183 0.398907 33
10649 182 27 209 0.741627 29
10650 40 115 155 -0.483871 26
10651 181 11 192 0.885417 26
10652 64 99 163 -0.214724 31
10653 10 209 219 -0.908676 26
10654 4 172 176 -0.954545 21
10655 55 77 132 -0.166667 31
10656 96 78 174 0.103448 32
10657 206 11 217 0.898618 25
10658 21 184 205 -0.795122 28
10659 5 142 147 -0.931973 23
10660 91 43 134 0.358209 32
10661 20 118 138 -0.710145 29
10662 68 121 189 -0.280423 31
10663 95 24 119 0.596639 31
10664 129 50 179 0.441341 32
10665 56 131 187 -0.40107 33
10666 60 116 176 -0.318182 34
10667 14 155 169 -0.83432 28
10668 109 82 191 0.141361 37
10669 182 11 193 0.88601 25
10670 76 92 168 -0.0952381 29
10671 154 23 177 0.740113 23
10672 116 51 167 0.389222 34
10673 133 22 155 0.716129 31
10674 36 103 139 -0.482014 27
10675 52 128 180 -0.422222 24
10676 165 35 200 0.65 30
10677 45 145 190 -0.526316 30
10678 33 157 190 -0.652632 30
10679 9 199 208 -0.913462 25
10680 74 133 207 -0.285024 31
10681 131 39 170 0.541176 27
10682 68 105 173 -0.213873 33
10683 236 10 246 0.918699 19
10684 7 192 199 -0.929648 21
10685 129 26 155 0.664516 33
10686 23 147 170 -0.729412 29
10687 108 65 173 0.248555 30
10688 83 100 183 -0.0928962 37
10689 102 29 131 0.557252 30
10690 11 106 117 -0.811966 25
10691 42 112 154 -0.454545 33
10692 183 17 200 0.83 28
10693 75 73 148 0.0135135 34
10694 100 90 190 0.0526316 35
10695 29 157 186 -0.688172 31
10696 60 4 64 0.875 21
10697 36 134 170 -0.576471 37
10698 24 164 188 -0.744681 31
10699 17 97 114 -0.701754 30
10700 103 81 184 0.119565 34
10701 44 166 210 -0.580952 35
10702 47 91 138 -0.318841 21
10703 121 66 187 0.294118 34
10704 22 149 171 -0.74269 29
10705 97 46 143 0.356643 33
10706 9 200 209 -0.913876 21
10707 124 48 172 0.44186 33
10708 29 170 199 -0.708543 31
10709 168 17 185 0.816216 28
10710 16 149 165 -0.806061 31
10711 112 83 195 0.148718 29
10712 198 30 228 0.736842 29
10713 75 71 146 0.0273973 32
10714 154 45 199 0.547739 31
10715 26 168 194 -0.731959 30
10716 180 15 195 0.846154 24
10717 31 125 156 -0.602564 28
10718 82 87 169 -0.0295858 37
10719 12 172 184 -0.869565 26
10720 91 77 168 0.0833333 34
10721 12 99 111 -0.783784 26
10722 28 102 130 -0.569231 30
10723 66 23 89 0.483146 28
10724 97 67 164 0.182927 28
10725 31 88 119 -0.478992 30
10726 38 121 159 -0.522013 27
10727 62 102 164 -0.243902 31
10728 78 118 196 -0.204082 31
10729 118 58 176 0.340909 32
10730 84 68 152 0.105263 34
10731 84 83 167 0.00598802 29
10732 136 37 173 0.572254 31
10733 132 54 186 0.419355 33
10734 131 36 167 0.568862 33
10735 29 131 160 -0.6375 35
10736 98 49 147 0.333333 31
10737 110 24 134 0.641791 32
10738 147 68 215 0.367442 29
10739 92 114 206 -0.106796 37
10740 47 137 184 -0.48913 36
10741 148 10 158 0.873418 26
10742 72 82 154 -0.0649351 34
10743 177 44 221 0.60181 31
10744 93 74 167 0.113772 34
10745 59 105 164 -0.280488 32
10746 95 22 117 0.623932 28
10747 109 15 124 0.758065 27
10748 67 97 164 -0.182927 35
10749 202 6 208 0.942308 17
10750 182 22 204 0.784314 26
10751 127 61 188 0.351064 29
10752 174 11 185 0.881081 26
10753 37 136 173 -0.572254 30
10754 109 60 169 0.289941 29
10755 71 63 134 0.0597015 35
10756 115 43 158 0.455696 25
10757 137 11 148 0.851351 24
10758 89 68 157 0.133758 32
10759 35 142 177 -0.60452 31
10760 84 55 139 0.208633 31
10761 184 9 193 0.906736 23
10762 3 12 15 -0.6 12
10763 90 79 169 0.0650888 30
10764 24 122 146 -0.671233 24
10765 81 36 117 0.384615 25
10766 140 25 165 0.69697 31
10767 166 30 196 0.693878 33
10768 119 38 157 0.515924 32
10769 29 205 234 -0.752137 29
10770 188 25 213 0.765258 30
10771 10 169 179 -0.888268 28
10772 111 41 152 0.460526 32
10773 124 34 158 0.56962 32
10774 133 47 180 0.477778 32
10775 102 73 175 0.165714 32
10776 117 23 140 0.671429 28
10777 37 111 148 -0.5 36
10778 53 90 143 -0.258741 33
10779 178 9 187 0.903743 24
10780 21 123 144 -0.708333 31
10781 16 150 166 -0.807229 24
10782 8 133 141 -0.886525 24
10783 45 95 140 -0.357143 28
10784 28 149 177 -0.683616 29
10785 269 9 278 0.935252 20
10786 5 21 26 -0.615385 16
10787 5 174 179 -0.944134 23
10788 54 113 167 -0.353293 31
10789 95 70 165 0.151515 36
10790 24 182 206 -0.76699 25
10791 112 29 141 0.588652 32
10792 35 122 157 -0.55414 30
10793 106 58 164 0.292683 33
10794 32 155 187 -0.657754 33
10795 186 23 209 0.779904 22
10796 23 181 204 -0.77451 29
10797 8 135 143 -0.888112 20
10798 209 9 218 0.917431 22
10799 186 14 200 0.86 23
10800 35 70 105 -0.333333 25
10801 196 35 231 0.69697 34
10802 61 92 153 -0.202614 31
10803 192 10 202 0.90099 19
10804 159 63 222 0.432432 31
10805 137 24 161 0.701863 29
10806 78 96 174 -0.103448 35
10807 198 7 205 0.931707 25
10808 169 31 200 0.69 29
10809 40 145 185 -0.567568 33
10810 9 211 220 -0.918182 25
10811 168 5 173 0.942197 22
10812 37 112 149 -0.503356 33
10813 50 76 126 -0.206349 35
10814 28 73 101 -0.445545 31
10815 17 154 171 -0.80117 28
10816 89 88 177 0.00564972 27
10817 22 138 160 -0.725 28
10818 179 14 193 0.854922 26
10819 59 50 109 0.0825688 30
10820 52 98 150 -0.306667 31
10821 40 145 185 -0.567568 35
10822 22 181 203 -0.783251 30
10823 30 107 137 -0.562044 32
10824 173 14 187 0.850267 26
10825 35 99 134 -0.477612 28
10826 79 65 144 0.0972222 28
10827 100 48 148 0.351351 29
10828 152 23 175 0.737143 25
10829 55 136 191 -0.424084 37
10830 22 141 163 -0.730061 30
10831 164 20 184 0.782609 22
10832 69 108 177 -0.220339 32
10833 17 130 147 -0.768707 26
10834 61 100 161 -0.242236 29
10835 68 122 190 -0.284211 36
10836 64 88 152 -0.157895 35
10837 23 199 222 -0.792793 27
10838 80 66 146 0.0958904 30
10839 12 108 120 -0.8 24
10840 35 148 183 -0.617486 32
10841 152 39 191 0.591623 34
10842 62 89 151 -0.178808 34
10843 145 43 188 0.542553 33
10844 100 55 155 0.290323 31
10845 27 128 155 -0.651613 24
10846 130 23 153 0.699346 28
10847 111 23 134 0.656716 32
10848 105 11 116 0.810345 26
10849 25 134 159 -0.685535 29
10850 93 34 127 0.464567 27
10851 36 45 81 -0.111111 33
10852 108 60 168 0.285714 29
10853 43 127 170 -0.494118 30
10854 121 57 178 0.359551 30
10855 137 42 179 0.530726 34
10856 117 35 152 0.539474 35
10857 50 132 182 -0.450549 34
10858 139 23 162 0.716049 30
10859 114 13 127 0.795276 21
10860 52 124 176 -0.409091 35
10861 152 33 185 0.643243 24
10862 94 74 168 0.119048 34
10863 110 71 181 0.21547 34
10864 73 83 156 -0.0641026 31
10865 82 103 185 -0.113514 34
10866 14 196 210 -0.866667 29
10867 30 158 188 -0.680851 24
10868 59 113 172 -0.313953 35
10869 80 20 100 0.6 27
10870 69 135 204 -0.323529 33
10871 73 40 113 0.292035 36
10872 102 81 183 0.114754 30
10873 233 2 235 0.982979 14
10874 86 121 207 -0.169082 30
10875 129 40 169 0.526627 32
10876 122 24 146 0.671233 21
10877 114 15 129 0.767442 28
10878 63 135 198 -0.363636 26
10879 47 130 177 -0.468927 33
10880 95 61 156 0.217949 34
10881 5 203 208 -0.951923 15
10882 152 37 189 0.608466 37
10883 14 164 178 -0.842697 29
10884 74 82 156 -0.0512821 37
10885 17 131 148 -0.77027 30
10886 12 168 180 -0.866667 28
10887 100 80 180 0.111111 26
10888 64 36 100 0.28 29
10889 180 25 205 0.756098 31
10890 27 132 159 -0.660377 29
10891 153 58 211 0.450237 32
10892 97 58 155 0.251613 29
10893 79 92 171 -0.0760234 31
10894 41 117 158 -0.481013 30
10895 204 23 227 0.797357 32
10896 52 155 207 -0.497585 32
10897 129 44 173 0.491329 34
10898 47 137 184 -0.48913 30
10899 55 91 146 -0.246575 32
10900 125 48 173 0.445087 34
10901 120 29 149 0.610738 33
10902 190 14 204 0.862745 29
10903 92 92 184 0 30
10904 138 57 195 0.415385 29
10905 10 178 188 -0.893617 26
10906 125 48 173 0.445087 31
10907 159 25 184 0.728261 32
10908 52 91 143 -0.272727 32
10909 105 46 151 0.390728 31
10910 164 14 178 0.842697 23
10911 137 3 140 0.957143 22
10912 58 99 157 -0.261146 26
10913 61 100 161 -0.242236 28
10914 18 154 172 -0.790698 30
10915 93 61 154 0.207792 32
10916 40 171 211 -0.620853 29
10917 60 131 191 -0.371728 35
10918 53 135 188 -0.43617 31
10919 61 109 170 -0.282353 30
10920 165 17 182 0.813187 24
10921 84 11 95 0.768421 24
10922 33 160 193 -0.658031 33
10923 108 32 140 0.542857 33
10924 118 7 125 0.888 25
10925 107 55 162 0.320988 34
10926 36 119 155 -0.535484 33
10927 51 144 195 -0.476923 34
10928 138 45 183 0.508197 37
10929 38 178 216 -0.648148 33
10930 109 58 167 0.305389 33
10931 34 85 119 -0.428571 34
10932 83 71 154 0.0779221 36
10933 79 114 193 -0.181347 35
10934 128 53 181 0.414365 33
10935 35 134 169 -0.585799 31
10936 53 137 190 -0.442105 32
10937 215 22 237 0.814346 22
10938 38 146 184 -0.586957 31
10939 34 64 98 -0.306122 29
10940 58 90 148 -0.216216 29
10941 96 47 143 0.342657 34
10942 113 64 177 0.276836 35
10943 68 90 158 -0.139241 32
10944 108 55 163 0.325153 36
10945 14 128 142 -0.802817 27
10946 79 11 90 0.755556 19
10947 80 96 176 -0.0909091 33
10948 4 212 216 -0.962963 21
10949 34 161 195 -0.651282 31
10950 89 82 171 0.0409357 31
10951 0 0 0 0 0
10952 206 36 242 0.702479 27
10953 20 141 161 -0.751553 29
10954 62 77 139 -0.107914 34
10955 10 189 199 -0.899497 21
10956 17 159 176 -0.806818 27
10957 55 89 144 -0.236111 31
10958 114 46 160 0.425 21
10959 62 78 140 -0.114286 30
10960 62 107 169 -0.266272 35
10961 58 111 169 -0.313609 27
10962 78 56 134 0.164179 31
10963 108 11 119 0.815126 22
10964 31 133 164 -0.621951 36
10965 78 99 177 -0.118644 33
10966 24 144 168 -0.714286 30
10967 93 57 150 0.24 32
10968 144 28 172 0.674419 27
10969 133 33 166 0.60241 32
10970 75 45 120 0.25 30
10971 72 93 165 -0.127273 31
10972 68 87 155 -0.122581 32
10973 135 16 151 0.788079 28
10974 115 41 156 0.474359 34
10975 31 84 115 -0.46087 28
10976 71 88 159 -0.106918 34
10977 163 19 182 0.791209 30
10978 24 132 156 -0.692308 30
10979 113 73 186 0.215054 37
10980 3 12 15 -0.6 10
10981 9 132 141 -0.87234 25
10982 83 77 160 0.0375 28
10983 9 141 150 -0.88 26
10984 24 186 210 -0.771429 25
10985 101 85 186 0.0860215 35
10986 96 63 159 0.207547 32
10987 192 24 216 0.777778 33
10988 112 48 160 0.4 34
10989 6 144 150 -0.92 23
10990 224 22 246 0.821138 28
10991 22 136 158 -0.721519 30
10992 18 205 223 -0.838565 24
10993 17 184 201 -0.830846 23
10994 82 65 147 0.115646 27
10995 41 72 113 -0.274336 34
10996 65 88 153 -0.150327 32
10997 103 49 152 0.355263 30
10998 109 100 209 0.0430622 35
10999 65 109 174 -0.252874 27
11000 41 122 163 -0.496933 32
11001 91 78 169 0.0769231 36
11002 78 86 164 -0.0487805 35
11003 120 39 159 0.509434 32
11004 55 96 151 -0.271523 29
11005 93 83 176 0.0568182 30
11006 143 55 198 0.444444 29
11007 117 72 189 0.238095 32
11008 63 72 135 -0.0666667 36
11009 106 84 190 0.115789 32
11010 46 115 161 -0.428571 32
11011 152 4 156 0.948718 23
11012 145 15 160 0.8125 28
11013 117 53 170 0.376471 30
11014 73 102 175 -0.165714 30
11015 106 67 173 0.225434 30
11016 72 97 169 -0.147929 28
11017 48 118 166 -0.421687 31
11018 35 131 166 -0.578313 32
11019 178 8 186 0.913978 26
11020 14 173 187 -0.850267 28
11021 101 64 165 0.224242 31
11022 7 211 218 -0.93578 24
11023 53 127 180 -0.411111 34
11024 83 61 144 0.152778 33
11025 104 56 160 0.3 33
11026 114 46 160 0.425 34
11027 176 15 191 0.842932 23
11028 26 131 157 -0.66879 29
11029 15 198 213 -0.859155 28
11030 71 79 150 -0.0533333 29
11031 98 15 113 0.734513 24
11032 49 76 125 -0.216 33
11033 25 172 197 -0.746193 32
11034 169 10 179 0.888268 24
11035 162 8 170 0.905882 25
11036 77 96 173 -0.109827 37
11037 118 36 154 0.532468 25
11038 171 13 184 0.858696 27
11039 78 94 172 -0.0930233 30
11040 130 14 144 0.805556 28
11041 75 97 172 -0.127907 36
11042 82 81 163 0.00613497 35
11043 101 55 156 0.294872 32
11044 54 83 137 -0.211679 26
11045 43 141 184 -0.532609 26
11046 160 9 169 0.893491 22
11047 74 98 172 -0.139535 35
11048 125 30 155 0.612903 30
11049 23 135 158 -0.708861 29
11050 69 105 174 -0.206897 26
11051 153 40 193 0.585492 30
11052 38 166 204 -0.627451 34
11053 85 88 173 -0.017341 25
11054 66 105 171 -0.22807 34
11055 55 139 194 -0.43299 32
11056 106 64 170 0.247059 36
11057 79 70 149 0.0604027 29
11058 229 15 244 0.877049 23
11059 47 131 178 -0.47191 35
11060 56 78 134 -0.164179 32
11061 80 71 151 0.0596026 33
11062 76 134 210 -0.27619 34
11063 62 108 170 -0.270588 35
11064 21 98 119 -0.647059 30
11065 82 58 140 0.171429 35
11066 80 77 157 0.0191083 29
11067 39 137 176 -0.556818 26
11068 40 128 168 -0.52381 30
11069 65 110 175 -0.257143 29
11070 19 178 197 -0.807107 23
11071 84 94 178 -0.0561798 31
11072 154 51 205 0.502439 36
11073 222 10 232 0.913793 25
11074 128 44 172 0.488372 34
11075 108 79 187 0.15508 34
11076 195 12 207 0.884058 28
11077 151 41 192 0.572917 35
11078 159 43 202 0.574257 28
11079 123 40 163 0.509202 33
11080 118 24 142 0.661972 25
11081 123 26 149 0.651007 27
11082 9 277 286 -0.937063 21
11083 194 25 219 0.771689 31
11084 13 150 163 -0.840491 28
11085 75 84 159 -0.0566038 20
11086 18 167 185 -0.805405 24
11087 57 127 184 -0.380435 33
11088 76 123 199 -0.236181 28
11089 32 179 211 -0.696682 33
11090 155 11 166 0.86747 21
11091 80 66 146 0.0958904 29
11092 101 48 149 0.355705 32
11093 64 67 131 -0.0229008 28
11094 116 81 197 0.177665 37
11095 93 118 211 -0.118483 38
11096 90 79 169 0.0650888 28
11097 23 194 217 -0.788018 26
11098 194 32 226 0.716814 29
11099 151 52 203 0.487685 30
11100 38 116 154 -0.506494 32
11101 16 194 210 -0.847619 29
11102 88 79 167 0.0538922 30
11103 45 120 165 -0.454545 35
11104 218 10 228 0.912281 22
11105 94 73 167 0.125749 31
11106 19 162 181 -0.790055 30
11107 23 135 158 -0.708861 25
11108 77 78 155 -0.00645161 31
11109 17 168 185 -0.816216 28
11110 95 91 186 0.0215054 25
11111 60 96 156 -0.230769 25
11112 34 108 142 -0.521127 30
11113 137 52 189 0.449735 27
11114 74 86 160 -0.075 31
11115 12 232 244 -0.901639 22
11116 229 13 242 0.892562 25
11117 121 36 157 0.541401 28
11118 44 105 149 -0.409396 30
11119 17 165 182 -0.813187 30
11120 92 21 113 0.628319 26
11121 18 14 32 0.125 13
11122 62 79 141 -0.120567 30
11123 18 189 207 -0.826087 25
11124 13 168 181 -0.856354 27
11125 107 5 112 0.910714 22
11126 159 16 175 0.817143 29
11127 105 80 185 0.135135 32
11128 134 55 189 0.417989 34
11129 17 130 147 -0.768707 27
11130 21 149 170 -0.752941 23
11131 64 133 197 -0.350254 31
11132 108 45 153 0.411765 34
11133 102 60 162 0.259259 32
11134 29 179 208 -0.721154 35
11135 188 9 197 0.908629 26
11136 56 97 153 -0.267974 26
11137 175 26 201 0.741294 31
11138 152 25 177 0.717514 29
11139 9 213 222 -0.918919 20
11140 70 136 206 -0.320388 32
11141 89 64 153 0.163399 33
11142 24 167 191 -0.748691 32
11143 35 157 192 -0.635417 30
11144 111 101 212 0.0471698 32
11145 54 101 155 -0.303226 30
11146 65 180 245 -0.469388 34
11147 11 150 161 -0.863354 26
11148 122 20 142 0.71831 29
11149 70 101 171 -0.181287 34
11150 87 95 182 -0.043956 32
11151 19 139 158 -0.759494 29
11152 40 178 218 -0.633028 33
11153 91 43 134 0.358209 32
11154 62 98 160 -0.225 32
11155 166 20 186 0.784946 27
11156 39 135 174 -0.551724 36
11157 39 133 172 -0.546512 30
11158 66 61 127 0.0393701 27
11159 16 100 116 -0.724138 29
11160 91 24 115 0.582609 28
11161 154 9 163 0.889571 20
11162 126 29 155 0.625806 32
11163 155 14 169 0.83432 24
11164 45 114 159 -0.433962 28
11165 67 92 159 -0.157233 29
11166 142 10 152 0.868421 26
11167 89 34 123 0.447154 34
11168 30 88 118 -0.491525 31
11169 156 37 193 0.61658 34
11170 180 29 209 0.722488 29
11171 107 45 152 0.407895 30
11172 3 97 100 -0.94 20
11173 120 24 144 0.666667 24
11174 125 48 173 0.445087 29
11175 104 37 141 0.475177 28
11176 161 19 180 0.788889 23
11177 51 162 213 -0.521127 33
11178 95 13 108 0.759259 24
11179 31 107 138 -0.550725 27
11180 104 74 178 0.168539 35
11181 139 14 153 0.816993 27
11182 47 130 177 -0.468927 28
11183 34 101 135 -0.496296 33
11184 120 55 175 0.371429 31
11185 45 143 188 -0.521277 32
11186 199 15 214 0.859813 24
11187 75 31 106 0.415094 28
11188 15 138 153 -0.803922 18
11189 55 113 168 -0.345238 32
11190 54 87 141 -0.234043 33
11191 139 24 163 0.705521 29
11192 96 74 170 0.129412 33
11193 84 60 144 0.166667 33
11194 151 75 226 0.336283 34
11195 129 20 149 0.731544 29
11196 98 73 171 0.146199 33
11197 87 38 125 0.392 23
11198 70 78 148 -0.0540541 31
11199 74 23 97 0.525773 28
11200 33 99 132 -0.5 30
11201 22 177 199 -0.778894 26
11202 121 55 176 0.375 32
11203 32 195 227 -0.718062 30
11204 54 61 115 -0.0608696 34
11205 144 41 185 0.556757 28
11206 70 95 165 -0.151515 34
11207 29 133 162 -0.641975 28
11208 5 162 167 -0.94012 23
11209 163 17 180 0.811111 21
11210 64 81 145 -0.117241 28
11211 112 101 213 0.0516432 30
11212 66 82 148 -0.108108 36
11213 86 60 146 0.178082 33
11214 93 69 162 0.148148 30
11215 15 168 183 -0.836066 26
11216 14 176 190 -0.852632 24
11217 125 45 170 0.470588 29
11218 136 15 151 0.801325 27
11219 126 26 152 0.657895 33
11220 96 58 154 0.246753 34
11221 171 12 183 0.868852 26
11222 141 41 182 0.549451 30
11223 59 117 176 -0.329545 32
11224 57 104 161 -0.291925 32
11225 182 8 190 0.915789 25
11226 177 39 216 0.638889 31
11227 11 172 183 -0.879781 23
11228 8 160 168 -0.904762 24
11229 89 80 169 0.0532544 35
11230 65 129 194 -0.329897 33
11231 105 51 156 0.346154 34
11232 102 58 160 0.275 31
11233 164 29 193 0.699482 31
11234 21 155 176 -0.761364 28
11235 132 38 170 0.552941 31
11236 51 119 170 -0.4 24
11237 17 161 178 -0.808989 29
11238 193 20 213 0.812207 23
11239 21 147 168 -0.75 27
11240 49 96 145 -0.324138 33
11241 80 46 126 0.269841 27
11242 60 117 177 -0.322034 32
11243 57 158 215 -0.469767 36
11244 117 58 175 0.337143 33
11245 72 69 141 0.0212766 27
11246 57 76 133 -0.142857 29
11247 139 31 170 0.635294 31
11248 26 129 155 -0.664516 26
11249 47 107 154 -0.38961 35
11250 54 115 169 -0.360947 33
11251 85 114 199 -0.145729 30
11252 55 128 183 -0.398907 32
11253 85 61 146 0.164384 30
11254 36 158 194 -0.628866 32
11255 24 142 166 -0.710843 32
11256 113 38 151 0.496689 31
11257 61 80 141 -0.134752 29
11258 27 124 151 -0.642384 31
11259 133 49 182 0.461538 29
11260 18 165 183 -0.803279 28
11261 38 132 170 -0.552941 28
11262 50 135 185 -0.459459 30
11263 152 12 164 0.853659 26
11264 64 120 184 -0.304348 32
11265 229 7 236 0.940678 23
11266 105 61 166 0.26506 30
11267 102 74 176 0.159091 30
11268 69 126 195 -0.292308 36
11269 85 92 177 -0.039548 31
11270 77 88 165 -0.0666667 31
11271 49 122 171 -0.426901 32
11272 135 68 203 0.330049 32
11273 40 75 115 -0.304348 29
11274 175 21 196 0.785714 29
11275 69 80 149 -0.0738255 30
11276 14 76 90 -0.688889 26
11277 38 175 213 -0.643192 30
11278 29 105 134 -0.567164 30
11279 37 152 189 -0.608466 33
11280 172 41 213 0.615023 31
11281 16 226 242 -0.867769 22
11282 9 126 135 -0.866667 26
11283 111 38 149 0.489933 33
11284 101 53 154 0.311688 32
11285 64 94 158 -0.189873 26
11286 124 45 169 0.467456 33
11287 57 115 172 -0.337209 28
11288 88 65 153 0.150327 33
11289 128 59 187 0.368984 37
11290 51 144 195 -0.476923 32
11291 163 12 175 0.862857 29
11292 37 106 143 -0.482517 31
11293 139 21 160 0.7375 29
11294 84 80 164 0.0243902 34
11295 105 34 139 0.510791 30
11296 110 64 174 0.264368 34
11297 61 136 197 -0.380711 31
11298 135 23 158 0.708861 29
11299 8 224 232 -0.931034 21
11300 151 19 170 0.776471 26
11301 53 69 122 -0.131148 34
11302 68 103 171 -0.204678 30
11303 94 59 153 0.228758 30
11304 103 42 145 0.42069 36
11305 37 112 149 -0.503356 25
11306 222 16 238 0.865546 27
11307 123 24 147 0.673469 27
11308 61 129 190 -0.357895 36
11309 19 138 157 -0.757962 29
11310 232 5 237 0.957806 23
11311 145 40 185 0.567568 31
11312 24 102 126 -0.619048 29
11313 42 117 159 -0.471698 32
11314 78 69 147 0.0612245 28
11315 115 60 175 0.314286 37
11316 114 37 151 0.509934 34
11317 44 126 170 -0.482353 34
11318 26 168 194 -0.731959 32
11319 108 40 148 0.459459 36
11320 11 134 145 -0.848276 25
11321 23 144 167 -0.724551 22
11322 36 131 167 -0.568862 33
11323 59 107 166 -0.289157 28
11324 122 41 163 0.496933 31
11325 45 113 158 -0.43038 31
11326 99 72 171 0.157895 26
11327 48 103 151 -0.364238 32
11328 168 11 179 0.877095 24
11329 10 175 185 -0.891892 21
11330 221 11 232 0.905172 24
11331 110 66 176 0.25 31
11332 103 68 171 0.204678 30
11333 205 11 216 0.898148 25
11334 87 73 160 0.0875 34
11335 205 5 210 0.952381 23
11336 70 73 143 -0.020979 27
11337 65 101 166 -0.216867 36
11338 11 158 169 -0.869822 24
11339 94 38 132 0.424242 31
11340 78 107 185 -0.156757 34
11341 85 47 132 0.287879 32
11342 116 25 141 0.64539 28
11343 62 113 175 -0.291429 38
11344 60 103 163 -0.263804 28
11345 20 168 188 -0.787234 28
11346 117 73 190 0.231579 33
11347 57 64 121 -0.0578512 30
11348 85 95 180 -0.0555556 30
11349 26 114 140 -0.628571 27
11350 83 76 159 0.0440252 25
11351 170 18 188 0.808511 25
11352 224 8 232 0.931034 21
11353 147 62 209 0.406699 29
11354 180 15 195 0.846154 28
11355 21 181 202 -0.792079 29
11356 84 89 173 -0.0289017 30
11357 95 61 156 0.217949 32
11358 13 186 199 -0.869347 27
11359 80 105 185 -0.135135 36
11360 46 136 182 -0.494505 35
11361 94 59 153 0.228758 36
11362 26 154 180 -0.711111 32
11363 138 33 171 0.614035 33
11364 122 31 153 0.594771 32
11365 136 32 168 0.619048 31
11366 129 58 187 0.379679 30
11367 24 143 167 -0.712575 28
11368 8 153 161 -0.900621 25
11369 18 187 205 -0.82439 29
11370 64 84 148 -0.135135 34
11371 61 129 190 -0.357895 35
11372 35 175 210 -0.666667 31
11373 92 73 165 0.115152 34
11374 26 206 232 -0.775862 26
11375 58 81 139 -0.165468 30
11376 120 37 157 0.528662 33
11377 94 82 176 0.0681818 33
11378 12 199 211 -0.886256 29
11379 23 162 185 -0.751351 29
11380 111 63 174 0.275862 29
11381 67 121 188 -0.287234 27
11382 81 82 163 -0.00613497 29
11383 25 136 161 -0.689441 30
11384 26 158 184 -0.717391 27
11385 143 27 170 0.682353 31
11386 42 139 181 -0.535912 31
11387 88 82 170 0.0352941 33
11388 58 95 153 -0.24183 28
11389 40 134 174 -0.54023 33
11390 122 24 146 0.671233 27
11391 54 81 135 -0.2 37
11392 105 53 158 0.329114 33
11393 88 62 150 0.173333 33
11394 200 20 220 0.818182 22
11395 15 169 184 -0.836957 27
11396 23 153 176 -0.738636 26
11397 119 42 161 0.478261 32
11398 155 49 204 0.519608 34
11399 32 125 157 -0.592357 30
11400 1 106 107 -0.981308 16
11401 195 2 197 0.979695 20
11402 18 145 163 -0.779141 29
11403 60 84 144 -0.166667 30
11404 99 56 155 0.277419 32
11405 84 24 108 0.555556 18
11406 150 31 181 0.657459 30
11407 19 215 234 -0.837607 32
11408 102 86 188 0.0851064 30
11409 37 172 209 -0.645933 29
11410 8 150 158 -0.898734 23
11411 34 81 115 -0.408696 29
11412 156 6 162 0.925926 23
11413 93 57 150 0.24 30
11414 18 127 145 -0.751724 26
11415 127 25 152 0.671053 28
11416 16 176 192 -0.833333 28
11417 5 126 131 -0.923664 24
11418 64 98 162 -0.209877 32
11419 78 84 162 -0.037037 34
11420 160 35 195 0.641026 33
11421 108 57 165 0.309091 33
11422 25 142 167 -0.700599 32
11423 78 94 172 -0.0930233 34
11424 76 70 146 0.0410959 33
11425 79 73 152 0.0394737 28
11426 29 131 160 -0.6375 30
11427 124 29 153 0.620915 33
11428 176 16 192 0.833333 30
11429 40 122 162 -0.506173 31
11430 47 120 167 -0.437126 34
11431 79 75 154 0.025974 34
11432 54 61 115 -0.0608696 33
11433 15 135 150 -0.8 29
11434 141 30 171 0.649123 32
11435 172 24 196 0.755102 29
11436 96 13 109 0.761468 24
11437 19 142 161 -0.763975 29
11438 70 98 168 -0.166667 29
11439 3 187 190 -0.968421 21
11440 189 11 200 0.89 26
11441 125 20 145 0.724138 27
11442 29 172 201 -0.711443 28
11443 265 2 267 0.985019 11
11444 85 41 126 0.349206 33
11445 56 97 153 -0.267974 31
11446 143 28 171 0.672515 34
11447 60 38 98 0.22449 26
11448 139 43 182 0.527473 33
11449 27 113 140 -0.614286 27
11450 181 12 193 0.875648 26
11451 15 152 167 -0.820359 30
11452 5 145 150 -0.933333 23
11453 155 7 162 0.91358 22
11454 184 15 199 0.849246 30
11455 10 227 237 -0.915612 21
11456 133 36 169 0.573964 30
11457 91 72 163 0.116564 34
11458 60 99 159 -0.245283 34
11459 85 68 153 0.111111 32
11460 38 112 150 -0.493333 31
11461 170 6 176 0.931818 24
11462 121 61 182 0.32967 36
11463 39 85 124 -0.370968 28
11464 69 105 174 -0.206897 29
11465 52 67 119 -0.12605 27
11466 98 56 154 0.272727 30
11467 91 66 157 0.159236 32
11468 11 149 160 -0.8625 29
11469 82 60 142 0.15493 30
11470 114 14 128 0.78125 24
11471 15 231 246 -0.878049 22
11472 96 47 143 0.342657 33
11473 80 111 191 -0.162304 36
11474 25 175 200 -0.75 29
11475 64 54 118 0.0847458 25
11476 3 154 157 -0.961783 19
11477 18 21 39 -0.0769231 16
11478 188 7 195 0.928205 20
11479 195 21 216 0.805556 32
11480 124 37 161 0.540373 27
11481 130 43 173 0.50289 30
11482 87 32 119 0.462185 32
11483 47 109 156 -0.397436 37
11484 132 45 177 0.491525 32
11485 165 6 171 0.929825 16
11486 129 57 186 0.387097 32
11487 50 100 150 -0.333333 32
11488 25 127 152 -0.671053 30
11489 47 102 149 -0.369128 28
11490 106 52 158 0.341772 31
11491 32 137 169 -0.621302 33
11492 53 75 128 -0.171875 30
11493 137 13 150 0.826667 30
11494 66 106 172 -0.232558 35
11495 102 40 142 0.43662 31
11496 96 59 155 0.23871 33
11497 107 76 183 0.169399 36
11498 197 37 234 0.683761 32
11499 159 26 185 0.718919 31
11500 158 27 185 0.708108 24
11501 82 77 159 0.0314465 27
11502 125 17 142 0.760563 28
11503 116 47 163 0.423313 30
11504 23 138 161 -0.714286 29
11505 25 96 121 -0.586777 30
11506 10 138 148 -0.864865 26
11507 30 154 184 -0.673913 35
11508 20 168 188 -0.787234 29
11509 93 78 171 0.0877193 30
11510 102 48 150 0.36 30
11511 18 196 214 -0.831776 30
11512 13 256 269 -0.903346 20
11513 108 30 138 0.565217 27
11514 149 39 188 0.585106 31
11515 121 53 174 0.390805 23
11516 19 153 172 -0.77907 28
11517 5 114 119 -0.915966 22
11518 12 176 188 -0.87234 25
11519 170 31 201 0.691542 26
11520 46 156 202 -0.544554 27
11521 91 125 216 -0.157407 34
11522 30 125 155 -0.612903 27
11523 116 41 157 0.477707 33
11524 70 14 84 0.666667 23
11525 157 23 180 0.744444 29
11526 25 79 104 -0.519231 32
11527 39 107 146 -0.465753 33
11528 69 63 132 0.0454545 30
11529 89 71 160 0.1125 35
11530 17 200 217 -0.843318 26
11531 148 21 169 0.751479 30
11532 16 138 154 -0.792208 25
11533 129 23 152 0.697368 29
11534 42 89 131 -0.358779 25
11535 49 129 178 -0.449438 28
11536 140 21 161 0.73913 29
11537 37 127 164 -0.54878 26
11538 243 15 258 0.883721 25
11539 156 50 206 0.514563 35
11540 145 42 187 0.550802 30
11541 191 35 226 0.690265 30
11542 5 182 187 -0.946524 17
11543 77 79 156 -0.0128205 35
11544 2 142 144 -0.972222 19
11545 25 241 266 -0.81203 29
11546 134 48 182 0.472527 34
11547 37 129 166 -0.554217 32
11548 3 139 142 -0.957746 20
11549 171 35 206 0.660194 27
11550 58 106 164 -0.292683 31
11551 96 67 163 0.177914 32
11552 71 67 138 0.0289855 31
11553 70 90 160 -0.125 32
11554 171 10 181 0.889503 23
11555 39 175 214 -0.635514 33
11556 117 49 166 0.409639 32
11557 1 231 232 -0.991379 13
11558 44 105 149 -0.409396 33
11559 110 74 184 0.195652 35
11560 129 42 171 0.508772 31
11561 26 164 190 -0.726316 28
11562 12 134 146 -0.835616 27
11563 220 16 236 0.864407 31
11564 49 95 144 -0.319444 35
11565 96 56 152 0.263158 28
11566 71 62 133 0.0676692 27
11567 109 58 167 0.305389 32
11568 5 195 200 -0.95 22
11569 148 8 156 0.897436 24
11570 65 126 191 -0.319372 31
11571 97 90 187 0.0374332 31
11572 116 39 155 0.496774 28
11573 22 97 119 -0.630252 30
11574 73 91 164 -0.109756 28
11575 83 55 138 0.202899 36
11576 8 138 146 -0.890411 17
11577 38 99 137 -0.445255 33
11578 164 33 197 0.664975 30
11579 73 111 184 -0.206522 32
11580 23 151 174 -0.735632 27
11581 58 108 166 -0.301205 26
11582 16 123 139 -0.769784 27
11583 39 122 161 -0.515528 30
11584 101 57 158 0.278481 34
11585 46 101 147 -0.37415 34
11586 91 115 206 -0.116505 36
11587 111 82 193 0.150259 25
11588 129 40 169 0.526627 30
11589 114 61 175 0.302857 29
11590 62 118 180 -0.311111 34
11591 58 111 169 -0.313609 33
11592 133 46 179 0.486034 32
11593 150 39 189 0.587302 28
11594 30 68 98 -0.387755 28
11595 165 19 184 0.793478 30
11596 44 97 141 -0.375887 37
11597 41 86 127 -0.354331 29
11598 109 61 170 0.282353 32
11599 128 41 169 0.514793 33
11600 121 14 135 0.792593 26
11601 178 13 191 0.863874 23
11602 172 7 179 0.921788 20
11603 17 161 178 -0.808989 29
11604 83 66 149 0.114094 33
11605 105 71 176 0.193182 34
11606 152 32 184 0.652174 34
11607 40 197 237 -0.662447 28
11608 135 9 144 0.875 26
11609 66 99 165 -0.2 32
11610 199 14 213 0.868545 24
11611 217 14 231 0.878788 24
11612 128 1 129 0.984496 12
11613 97 33 130 0.492308 33
11614 83 53 136 0.220588 28
11615 42 58 100 -0.16 29
11616 99 78 177 0.118644 36
11617 107 39 146 0.465753 29
11618 78 117 195 -0.2 32
11619 116 30 146 0.589041 30
11620 74 86 160 -0.075 25
11621 87 81 168 0.0357143 33
11622 26 211 237 -0.780591 28
11623 116 27 143 0.622378 28
11624 20 155 175 -0.771429 29
11625 5 205 210 -0.952381 21
11626 46 106 152 -0.394737 34
11627 78 90 168 -0.0714286 27
11628 133 35 168 0.583333 32
11629 83 77 160 0.0375 37
11630 145 21 166 0.746988 29
11631 21 154 175 -0.76 28
11632 167 20 187 0.786096 31
11633 189 15 204 0.852941 22
11634 98 89 187 0.0481283 37
11635 165 11 176 0.875 26
11636 19 168 187 -0.796791 29
11637 9 193 202 -0.910891 18
11638 142 62 204 0.392157 36
11639 146 39 185 0.578378 25
11640 168 24 192 0.75 30
11641 239 12 251 0.904382 26
11642 58 65 123 -0.0569106 33
11643 170 23 193 0.761658 28
11644 14 185 199 -0.859296 26
11645 53 106 159 -0.333333 34
11646 79 71 150 0.0533333 34
11647 34 113 147 -0.537415 30
11648 49 102 151 -0.350993 29
11649 111 41 152 0.460526 32
11650 120 20 140 0.714286 30
11651 20 154 174 -0.770115 31
11652 12 141 153 -0.843137 24
11653 41 89 130 -0.369231 32
11654 19 187 206 -0.815534 26
11655 38 146 184 -0.586957 34
11656 8 201 209 -0.923445 20
11657 29 121 150 -0.613333 28
11658 119 27 146 0.630137 30
11659 144 37 181 0.59116 29
11660 38 135 173 -0.560694 31
11661 125 18 143 0.748252 27
11662 66 98 164 -0.195122 35
11663 51 96 147 -0.306122 37
11664 25 187 212 -0.764151 27
11665 85 37 122 0.393443 34
11666 53 112 165 -0.357576 32
11667 85 76 161 0.0559006 32
11668 90 63 153 0.176471 29
11669 18 147 165 -0.781818 30
11670 53 105 158 -0.329114 30
11671 39 139 178 -0.561798 32
11672 38 158 196 -0.612245 31
11673 240 9 249 0.927711 23
11674 27 106 133 -0.593985 29
11675 52 132 184 -0.434783 33
11676 101 34 135 0.496296 29
11677 93 70 163 0.141104 34
11678 15 79 94 -0.680851 26
11679 47 147 194 -0.515464 36
11680 177 32 209 0.69378 28
11681 110 50 160 0.375 32
11682 263 19 282 0.865248 23
11683 60 93 153 -0.215686 32
11684 81 69 150 0.08 32
11685 54 2 56 0.928571 16
11686 93 83 176 0.0568182 34
11687 60 98 158 -0.240506 32
11688 168 10 178 0.88764 28
11689 211 13 224 0.883929 28
11690 138 5 143 0.93007 24
11691 19 195 214 -0.82243 27
11692 136 10 146 0.863014 26
11693 98 68 166 0.180723 33
11694 138 41 179 0.541899 33
11695 2 1 3 0.333333 3
11696 84 59 143 0.174825 33
11697 179 6 185 0.935135 24
11698 80 88 168 -0.047619 37
11699 53 127 180 -0.411111 30
11700 44 111 155 -0.432258 32
11701 161 21 182 0.769231 30
11702 9 154 163 -0.889571 24
11703 47 144 191 -0.507853 28
11704 74 92 166 -0.108434 34
11705 65 43 108 0.203704 29
11706 71 114 185 -0.232432 31
11707 55 81 136 -0.191176 34
11708 5 196 201 -0.950249 23
11709 55 122 177 -0.378531 29
11710 35 130 165 -0.575758 32
11711 38 112 150 -0.493333 32
11712 8 167 175 -0.908571 25
11713 37 121 158 -0.531646 34
11714 13 117 130 -0.8 24
11715 49 108 157 -0.375796 30
11716 165 32 197 0.675127 26
11717 76 86 162 -0.0617284 30
11718 40 188 228 -0.649123 25
11719 197 25 222 0.774775 25
11720 66 67 133 -0.0075188 37
11721 118 30 148 0.594595 28
11722 80 87 167 -0.0419162 32
11723 104 51 155 0.341935 36
11724 88 79 167 0.0538922 33
11725 103 82 185 0.113514 37
11726 238 11 249 0.911647 23
11727 14 178 192 -0.854167 22
11728 125 46 171 0.461988 33
11729 7 6 13 0.0769231 10
11730 71 90 161 -0.118012 34
11731 87 69 156 0.115385 32
11732 6 184 190 -0.936842 23
11733 79 90 169 -0.0650888 31
11734 10 170 180 -0.888889 25
11735 111 64 175 0.268571 34
11736 14 151 165 -0.830303 28
11737 147 30 177 0.661017 28
11738 76 137 213 -0.286385 33
11739 112 71 183 0.224044 35
11740 61 102 163 -0.251534 29
11741 175 36 211 0.658768 27
11742 38 141 179 -0.575419 32
11743 149 15 164 0.817073 28
11744 75 104 179 -0.162011 36
11745 20 147 167 -0.760479 30
11746 154 31 185 0.664865 28
11747 88 100 188 -0.0638298 35
11748 23 180 203 -0.773399 32
11749 90 63 153 0.176471 35
11750 184 7 191 0.926702 25
11751 134 27 161 0.664596 27
11752 64 139 203 -0.369458 36
11753 132 42 174 0.517241 34
11754 12 170 182 -0.868132 25
11755 105 74 179 0.173184 32
11756 45 114 159 -0.433962 31
11757 8 211 219 -0.926941 23
11758 92 56 148 0.243243 34
11759 41 119 160 -0.4875 32
11760 6 176 182 -0.934066 20
11761 61 85 146 -0.164384 35
11762 147 13 160 0.8375 27
11763 33 115 148 -0.554054 27
11764 37 91 128 -0.421875 29
11765 78 110 188 -0.170213 35
11766 162 9 171 0.894737 26
11767 55 91 146 -0.246575 32
11768 167 17 184 0.815217 27
11769 29 193 222 -0.738739 32
11770 96 36 132 0.454545 30
11771 34 123 157 -0.566879 29
11772 60 135 195 -0.384615 34
11773 27 31 58 -0.0689655 20
11774 37 143 180 -0.588889 27
11775 9 228 237 -0.924051 25
11776 240 7 247 0.94332 20
11777 159 10 169 0.881657 26
11778 34 89 123 -0.447154 27
11779 14 174 188 -0.851064 27
11780 166 15 181 0.834254 28
11781 61 106 167 -0.269461 31
11782 51 84 135 -0.244444 28
11783 55 115 170 -0.352941 34
11784 137 70 207 0.323671 38
11785 82 65 147 0.115646 32
11786 106 46 152 0.394737 31
11787 4 202 206 -0.961165 23
11788 122 53 175 0.394286 30
11789 80 98 178 -0.101124 36
11790 6 204 210 -0.942857 22
11791 58 95 153 -0.24183 33
11792 121 54 175 0.382857 35
11793 148 34 182 0.626374 31
11794 125 41 166 0.506024 33
11795 120 25 145 0.655172 28
11796 8 163 171 -0.906433 27
11797 36 69 105 -0.314286 31
11798 5 165 170 -0.941176 20
11799 55 64 119 -0.0756303 29
11800 26 166 192 -0.729167 29
11801 69 77 146 -0.0547945 31
11802 9 155 164 -0.890244 27
11803 106 75 181 0.171271 37
11804 24 145 169 -0.715976 29
11805 186 14 200 0.86 25
11806 138 60 198 0.393939 33
11807 73 57 130 0.123077 30
11808 160 15 175 0.828571 29
11809 115 51 166 0.385542 31
11810 75 63 138 0.0869565 26
11811 99 78 177 0.118644 33
11812 43 134 177 -0.514124 28
11813 128 39 167 0.532934 31
11814 49 101 150 -0.346667 33
11815 26 131 157 -0.66879 33
11816 41 106 147 -0.442177 29
11817 42 68 110 -0.236364 33
11818 154 10 164 0.878049 24
11819 25 157 182 -0.725275 33
11820 6 76 82 -0.853659 21
11821 51 97 148 -0.310811 31
11822 9 143 152 -0.881579 23
11823 80 87 167 -0.0419162 34
11824 122 48 170 0.435294 32
11825 55 108 163 -0.325153 33
11826 188 19 207 0.816425 30
11827 109 40 149 0.463087 31
11828 67 120 187 -0.283422 33
11829 145 22 167 0.736527 28
11830 207 13 220 0.881818 29
11831 191 33 224 0.705357 31
11832 53 125 178 -0.404494 31
11833 142 4 146 0.945205 21
11834 79 68 147 0.0748299 28
11835 138 58 196 0.408163 33
11836 174 11 185 0.881081 26
11837 86 86 172 0 32
11838 26 116 142 -0.633803 33
11839 11 248 259 -0.915058 22
11840 141 54 195 0.446154 31
11841 28 144 172 -0.674419 27
11842 44 89 133 -0.338346 29
11843 29 95 124 -0.532258 29
11844 66 45 111 0.189189 26
11845 68 76 144 -0.0555556 36
11846 18 99 117 -0.692308 30
11847 21 150 171 -0.754386 31
11848 158 15 173 0.82659 29
11849 12 117 129 -0.813953 25
11850 42 126 168 -0.5 30
11851 133 61 194 0.371134 35
11852 72 97 169 -0.147929 37
11853 126 55 181 0.392265 31
11854 84 43 127 0.322835 33
11855 44 114 158 -0.443038 33
11856 127 28 155 0.63871 32
11857 20 225 245 -0.836735 27
11858 66 127 193 -0.316062 30
11859 113 54 167 0.353293 27
11860 209 16 225 0.857778 28
11861 165 10 175 0.885714 26
11862 5 178 183 -0.945355 22
11863 122 45 167 0.461078 35
11864 94 65 159 0.18239 33
11865 18 176 194 -0.814433 28
11866 23 149 172 -0.732558 31
11867 113 26 139 0.625899 29
11868 42 94 136 -0.382353 32
11869 75 71 146 0.0273973 26
11870 118 6 124 0.903226 25
11871 33 105 138 -0.521739 31
11872 65 161 226 -0.424779 36
11873 113 12 125 0.808 28
11874 93 36 129 0.44186 31
11875 116 67 183 0.26776 31
11876 104 76 180 0.155556 32
11877 29 174 203 -0.714286 27
11878 193 13 206 0.873786 24
11879 156 35 191 0.633508 26
11880 82 88 170 -0.0352941 35
11881 77 75 152 0.0131579 32
11882 157 16 173 0.815029 30
11883 39 138 177 -0.559322 30
11884 127 32 159 0.597484 32
11885 74 118 192 -0.229167 33
11886 18 178 196 -0.816327 27
11887 40 127 167 -0.520958 34
11888 123 45 168 0.464286 28
11889 134 34 168 0.595238 33
11890 161 18 179 0.798883 30
11891 110 90 200 0.1 34
11892 15 169 184 -0.836957 28
11893 78 69 147 0.0612245 30
11894 15 181 196 -0.846939 30
11895 111 42 153 0.45098 29
11896 136 26 162 0.679012 32
11897 107 78 185 0.156757 33
11898 54 85 139 -0.223022 35
11899 20 181 201 -0.800995 24
11900 252 15 267 0.88764 24
11901 112 21 133 0.684211 29
11902 168 15 183 0.836066 22
11903 101 37 138 0.463768 31
11904 143 33 176 0.625 32
11905 94 65 159 0.18239 25
11906 58 95 153 -0.24183 24
11907 95 82 177 0.0734463 34
11908 94 71 165 0.139394 31
11909 16 200 216 -0.851852 27
11910 25 111 136 -0.632353 29
11911 17 43 60 -0.433333 19
11912 90 91 181 -0.00552486 32
11913 77 80 157 -0.0191083 36
11914 52 81 133 -0.218045 29
11915 162 16 178 0.820225 24
11916 184 12 196 0.877551 18
11917 255 7 262 0.946565 22
11918 101 56 157 0.286624 36
11919 34 178 212 -0.679245 27
11920 123 11 134 0.835821 27
11921 134 72 206 0.300971 31
11922 40 97 137 -0.416058 33
11923 119 23 142 0.676056 31
11924 206 6 212 0.943396 19
11925 80 64 144 0.111111 35
11926 37 107 144 -0.486111 25
11927 144 49 193 0.492228 29
11928 80 99 179 -0.106145 28
11929 184 13 197 0.86802 28
11930 86 75 161 0.068323 31
11931 95 61 156 0.217949 26
11932 18 171 189 -0.809524 30
11933 119 76 195 0.220513 32
11934 117 72 189 0.238095 36
11935 45 161 206 -0.563107 31
11936 191 25 216 0.768519 27
11937 92 57 149 0.234899 29
11938 53 114 167 -0.365269 36
11939 38 95 133 -0.428571 32
11940 91 90 181 0.00552486 35
11941 10 169 179 -0.888268 25
11942 112 66 178 0.258427 29
11943 109 44 153 0.424837 29
11944 88 95 183 -0.0382514 36
11945 65 91 156 -0.166667 26
11946 57 135 192 -0.40625 30
11947 56 129 185 -0.394595 32
11948 83 152 235 -0.293617 29
11949 56 110 166 -0.325301 30
11950 8 201 209 -0.923445 22
11951 141 58 199 0.417085 28
11952 128 28 156 0.641026 24
11953 56 118 174 -0.356322 32
11954 161 9 170 0.894118 27
11955 48 131 179 -0.463687 33
11956 10 16 26 -0.230769 10
11957 33 178 211 -0.687204 28
11958 24 161 185 -0.740541 31
11959 95 27 122 0.557377 33
11960 57 95 152 -0.25 29
11961 38 142 180 -0.577778 29
11962 113 64 177 0.276836 35
11963 55 118 173 -0.364162 34
11964 112 65 177 0.265537 36
11965 272 8 280 0.942857 20
11966 244 17 261 0.869732 22
11967 107 65 172 0.244186 31
11968 103 63 166 0.240964 35
11969 124 46 170 0.458824 36
11970 88 91 179 -0.0167598 29
11971 15 129 144 -0.791667 28
11972 76 70 146 0.0410959 32
11973 27 37 64 -0.15625 24
11974 169 36 205 0.64878 32
11975 168 23 191 0.759162 32
11976 16 150 166 -0.807229 27
11977 9 132 141 -0.87234 25
11978 16 148 164 -0.804878 29
11979 129 44 173 0.491329 32
11980 24 118 142 -0.661972 29
11981 80 65 145 0.103448 30
11982 90 37 127 0.417323 27
11983 7 122 129 -0.891473 12
11984 61 71 132 -0.0757576 27
11985 167 10 177 0.887006 26
11986 16 179 195 -0.835897 27
11987 54 25 79 0.367089 29
11988 16 164 180 -0.822222 28
11989 167 29 196 0.704082 27
11990 115 62 177 0.299435 36
11991 104 57 161 0.291925 31
11992 66 64 130 0.0153846 35
11993 28 146 174 -0.678161 30
11994 88 77 165 0.0666667 31
11995 135 57 192 0.40625 38
11996 100 67 167 0.197605 35
11997 20 130 150 -0.733333 28
11998 131 59 190 0.378947 32
11999 161 51 212 0.518868 29
12000 122 51 173 0.410405 32
12001 70 50 120 0.166667 30
12002 160 33 193 0.658031 32
12003 49 129 178 -0.449438 30
12004 33 127 160 -0.5875 28
12005 120 62 182 0.318681 31
12006 27 40 67 -0.19403 30
12007 67 61 128 0.046875 32
12008 8 182 190 -0.915789 25
12009 156 29 185 0.686486 29
12010 129 34 163 0.582822 28
12011 16 185 201 -0.840796 28
12012 103 35 138 0.492754 24
12013 84 109 193 -0.129534 29
12014 115 23 138 0.666667 33
12015 125 22 147 0.70068 28
12016 76 88 164 -0.0731707 34
12017 81 111 192 -0.15625 34
12018 236 13 249 0.895582 26
12019 83 23 106 0.566038 29
12020 4 94 98 -0.918367 20
12021 140 43 183 0.530055 35
12022 139 61 200 0.39 31
12023 94 57 151 0.245033 32
12024 39 118 157 -0.503185 27
12025 45 117 162 -0.444444 29
12026 171 11 182 0.879121 28
12027 51 118 169 -0.39645 34
12028 94 64 158 0.189873 34
12029 122 64 186 0.311828 32
12030 109 60 169 0.289941 35
12031 25 133 158 -0.683544 30
12032 53 10 63 0.68254 22
12033 17 142 159 -0.786164 31
12034 36 113 149 -0.516779 34
12035 59 114 173 -0.317919 36
12036 10 168 178 -0.88764 20
12037 18 115 133 -0.729323 29
12038 17 110 127 -0.732283 27
12039 61 106 167 -0.269461 29
12040 147 33 180 0.633333 28
12041 101 78 179 0.128492 32
12042 17 148 165 -0.793939 29
12043 118 33 151 0.562914 32
12044 128 53 181 0.414365 25
12045 91 78 169 0.0769231 38
12046 116 55 171 0.356725 31
12047 90 42 132 0.363636 31
12048 184 12 196 0.877551 28
12049 145 24 169 0.715976 29
12050 158 60 218 0.449541 33
12051 81 90 171 -0.0526316 38
12052 127 23 150 0.693333 27
12053 159 41 200 0.59 29
12054 69 74 143 -0.034965 30
12055 168 38 206 0.631068 31
12056 175 17 192 0.822917 27
12057 159 47 206 0.543689 33
12058 15 162 177 -0.830508 27
12059 193 11 204 0.892157 22
12060 24 139 163 -0.705521 30
12061 87 74 161 0.0807453 30
12062 47 130 177 -0.468927 31
12063 128 31 159 0.610063 32
12064 67 92 159 -0.157233 31
12065 90 104 194 -0.0721649 34
12066 182 13 195 0.866667 27
12067 111 60 171 0.298246 32
12068 125 35 160 0.5625 32
12069 76 75 151 0.00662252 27
12070 78 82 160 -0.025 31
12071 179 17 196 0.826531 29
12072 24 144 168 -0.714286 23
12073 90 89 179 0.00558659 30
12074 131 33 164 0.597561 32
12075 30 156 186 -0.677419 27
12076 129 9 138 0.869565 26
12077 135 33 168 0.607143 31
12078 58 96 154 -0.246753 30
12079 119 70 189 0.259259 35
12080 87 85 172 0.0116279 29
12081 72 92 164 -0.121951 31
12082 172 11 183 0.879781 27
12083 47 125 172 -0.453488 29
12084 15 96 111 -0.72973 29
12085 178 6 184 0.934783 24
12086 180 5 185 0.945946 21
12087 16 240 256 -0.875 25
12088 72 103 175 -0.177143 34
12089 143 16 159 0.798742 28
12090 194 20 214 0.813084 27
12091 89 78 167 0.0658683 33
12092 45 147 192 -0.53125 33
12093 180 52 232 0.551724 34
12094 27 126 153 -0.647059 29
12095 37 24 61 0.213115 28
12096 65 73 138 -0.057971 32
12097 69 105 174 -0.206897 33
12098 103 87 190 0.0842105 32
12099 176 8 184 0.913043 23
12100 27 114 141 -0.617021 26
12101 51 102 153 -0.333333 33
12102 109 14 123 0.772358 28
12103 101 67 168 0.202381 30
12104 28 109 137 -0.591241 26
12105 129 61 190 0.357895 29
12106 42 107 149 -0.436242 34
12107 104 91 195 0.0666667 36
12108 113 50 163 0.386503 26
12109 42 74 116 -0.275862 24
12110 228 1 229 0.991266 11
12111 16 103 119 -0.731092 28
12112 110 30 140 0.571429 22
12113 53 130 183 -0.420765 27
12114 83 61 144 0.152778 34
12115 22 117 139 -0.683453 29
12116 103 99 202 0.019802 31
12117 16 197 213 -0.849765 28
12118 98 52 150 0.306667 34
12119 25 126 151 -0.668874 31
12120 121 53 174 0.390805 26
12121 84 96 180 -0.0666667 36
12122 77 102 179 -0.139665 32
12123 85 63 148 0.148649 33
12124 49 115 164 -0.402439 32
12125 92 66 158 0.164557 34
12126 154 73 227 0.356828 34
12127 109 34 143 0.524476 31
12128 122 38 160 0.525 29
12129 32 134 166 -0.614458 24
12130 64 92 156 -0.179487 32
12131 31 198 229 -0.729258 31
12132 31 148 179 -0.653631 32
12133 51 137 188 -0.457447 26
12134 107 67 174 0.229885 33
12135 75 74 149 0.00671141 27
12136 113 68 181 0.248619 33
12137 74 106 180 -0.177778 31
12138 46 105 151 -0.390728 28
12139 128 48 176 0.454545 28
12140 64 115 179 -0.284916 33
12141 113 24 137 0.649635 29
12142 148 23 171 0.730994 31
12143 120 92 212 0.132075 37
12144 6 228 234 -0.948718 20
12145 203 6 209 0.942584 19
12146 64 75 139 -0.0791367 34
12147 123 39 162 0.518519 29
12148 11 173 184 -0.880435 26
12149 169 37 206 0.640777 32
12150 18 136 154 -0.766234 24
12151 92 40 132 0.393939 34
12152 133 26 159 0.672956 26
12153 51 86 137 -0.255474 34
12154 76 50 126 0.206349 31
12155 92 70 162 0.135802 31
12156 42 139 181 -0.535912 33
12157 15 163 178 -0.831461 29
12158 116 43 159 0.459119 29
12159 121 87 208 0.163462 31
12160 37 107 144 -0.486111 27
12161 75 93 168 -0.107143 28
12162 21 120 141 -0.702128 29
12163 87 104 191 -0.0890052 32
12164 52 78 130 -0.2 35
12165 68 93 161 -0.15528 33
12166 7 187 194 -0.927835 22
12167 20 136 156 -0.74359 29
12168 46 171 217 -0.576037 34
12169 42 133 175 -0.52 32
12170 116 20 136 0.705882 27
12171 38 163 201 -0.621891 29
12172 74 124 198 -0.252525 28
12173 44 145 189 -0.534392 33
12174 124 58 182 0.362637 28
12175 128 38 166 0.542169 34
12176 111 31 142 0.56338 30
12177 177 10 187 0.893048 26
12178 111 10 121 0.834711 24
12179 88 42 130 0.353846 35
12180 127 47 174 0.45977 36
12181 14 197 211 -0.867299 29
12182 5 154 159 -0.937107 22
12183 17 152 169 -0.798817 30
12184 99 56 155 0.277419 33
12185 58 88 146 -0.205479 27
12186 15 163 178 -0.831461 29
12187 66 74 140 -0.0571429 26
12188 158 42 200 0.58 31
12189 116 64 180 0.288889 30
12190 120 44 164 0.463415 30
12191 51 112 163 -0.374233 31
12192 54 120 174 -0.37931 36
12193 30 145 175 -0.657143 31
12194 143 18 161 0.776398 28
12195 50 126 176 -0.431818 28
12196 139 44 183 0.519126 34
12197 53 78 131 -0.19084 24
12198 23 148 171 -0.730994 25
12199 82 66 148 0.108108 31
12200 37 118 155 -0.522581 32
12201 167 16 183 0.825137 26
12202 6 124 130 -0.907692 23
12203 120 28 148 0.621622 31
12204 199 19 218 0.825688 21
12205 88 56 144 0.222222 33
12206 114 67 181 0.259669 26
12207 46 82 128 -0.28125 30
12208 62 52 114 0.0877193 33
12209 13 150 163 -0.840491 26
12210 166 15 181 0.834254 27
12211 84 71 155 0.083871 32
12212 142 41 183 0.551913 31
12213 170 28 198 0.717172 31
12214 101 35 136 0.485294 31
12215 196 22 218 0.798165 31
12216 152 16 168 0.809524 29
12217 181 21 202 0.792079 28
12218 27 131 158 -0.658228 31
12219 68 9 77 0.766234 26
12220 6 140 146 -0.917808 23
12221 83 97 180 -0.0777778 31
12222 145 41 186 0.55914 34
12223 37 121 158 -0.531646 30
12224 63 88 151 -0.165563 29
12225 14 208 222 -0.873874 24
12226 14 175 189 -0.851852 26
12227 29 67 96 -0.395833 23
12228 124 39 163 0.521472 28
12229 166 14 180 0.844444 26
12230 122 5 127 0.92126 24
12231 99 57 156 0.269231 34
12232 170 27 197 0.725888 32
12233 64 92 156 -0.179487 33
12234 71 55 126 0.126984 27
12235 24 169 193 -0.751295 31
12236 98 34 132 0.484848 32
12237 11 168 179 -0.877095 18
12238 11 188 199 -0.889447 26
12239 61 125 186 -0.344086 31
12240 43 114 157 -0.452229 32
12241 202 21 223 0.811659 27
12242 43 119 162 -0.469136 28
12243 156 35 191 0.633508 34
12244 100 90 190 0.0526316 33
12245 95 62 157 0.210191 29
12246 19 173 192 -0.802083 27
12247 55 52 107 0.0280374 20
12248 43 73 116 -0.258621 33
12249 107 61 168 0.27381 24
12250 95 27 122 0.557377 27
12251 87 33 120 0.45 32
12252 194 21 215 0.804651 31
12253 44 95 139 -0.366906 30
12254 72 117 189 -0.238095 29
12255 9 123 132 -0.863636 26
12256 31 80 111 -0.441441 25
12257 33 122 155 -0.574194 34
12258 40 79 119 -0.327731 30
12259 44 126 170 -0.482353 27
12260 20 169 189 -0.78836 30
12261 68 131 199 -0.316583 28
12262 93 59 152 0.223684 28
12263 14 162 176 -0.840909 27
12264 76 79 155 -0.0193548 30
12265 136 27 163 0.668712 29
12266 52 123 175 -0.405714 31
12267 108 43 151 0.430464 29
12268 59 119 178 -0.337079 32
12269 71 79 150 -0.0533333 32
12270 36 139 175 -0.588571 33
12271 114 0 114 1 17
12272 48 82 130 -0.261538 32
12273 98 66 164 0.195122 30
12274 33 130 163 -0.595092 28
12275 13 214 227 -0.885463 27
12276 91 53 144 0.263889 30
12277 16 154 170 -0.811765 24
12278 111 47 158 0.405063 23
12279 99 52 151 0.311258 28
12280 176 12 188 0.87234 26
12281 50 131 181 -0.447514 35
12282 80 50 130 0.230769 29
12283 55 141 196 -0.438776 28
12284 65 109 174 -0.252874 35
12285 109 42 151 0.443709 35
12286 171 43 214 0.598131 32
12287 83 44 127 0.307087 28
12288 118 62 180 0.311111 29
12289 29 88 117 -0.504274 30
12290 141 50 191 0.47644 33
12291 82 56 138 0.188406 30
12292 51 91 142 -0.28169 31
12293 36 121 157 -0.541401 33
12294 217 23 240 0.808333 24
12295 165 43 208 0.586538 33
12296 60 98 158 -0.240506 29
12297 117 63 180 0.3 35
12298 32 150 182 -0.648352 29
12299 134 57 191 0.403141 34
12300 76 31 107 0.420561 24
12301 46 105 151 -0.390728 32
12302 145 13 158 0.835443 25
12303 116 57 173 0.34104 30
12304 90 97 187 -0.0374332 34
12305 61 131 192 -0.364583 33
12306 141 42 183 0.540984 32
12307 16 124 140 -0.771429 31
12308 95 73 168 0.130952 34
12309 74 96 170 -0.129412 34
12310 91 103 194 -0.0618557 34
12311 90 106 196 -0.0816327 34
12312 243 18 261 0.862069 27
12313 94 94 188 0 33
12314 143 5 148 0.932432 24
12315 31 85 116 -0.465517 29
12316 56 127 183 -0.387978 32
12317 48 125 173 -0.445087 34
12318 173 14 187 0.850267 27
12319 44 109 153 -0.424837 30
12320 225 16 241 0.86722 23
12321 13 235 248 -0.895161 20
12322 12 248 260 -0.907692 28
12323 12 199 211 -0.886256 21
12324 143 15 158 0.810127 28
12325 99 60 159 0.245283 27
12326 48 134 182 -0.472527 30
12327 17 189 206 -0.834951 28
12328 205 12 217 0.889401 24
12329 154 10 164 0.878049 23
12330 67 126 193 -0.305699 29
12331 49 58 107 -0.0841121 28
12332 100 82 182 0.0989011 28
12333 105 40 145 0.448276 30
12334 106 70 176 0.204545 36
12335 89 96 185 -0.0378378 31
12336 154 17 171 0.80117 28
12337 48 134 182 -0.472527 35
12338 149 13 162 0.839506 26
12339 34 179 213 -0.680751 27
12340 18 130 148 -0.756757 27
12341 164 10 174 0.885057 24
12342 60 95 155 -0.225806 33
12343 27 178 205 -0.736585 23
12344 45 109 154 -0.415584 30
12345 118 19 137 0.722628 30
12346 150 26 176 0.704545 27
12347 46 120 166 -0.445783 33
12348 54 93 147 -0.265306 32
12349 37 66 103 -0.281553 31
12350 31 154 185 -0.664865 32
12351 101 41 142 0.422535 29
12352 138 26 164 0.682927 28
12353 39 136 175 -0.554286 30
12354 146 15 161 0.813665 28
12355 9 140 149 -0.879195 27
12356 59 130 189 -0.375661 35
12357 90 71 161 0.118012 34
12358 44 121 165 -0.466667 31
12359 71 108 179 -0.206704 30
12360 54 139 193 -0.440415 34
12361 21 153 174 -0.758621 32
12362 63 93 156 -0.192308 35
12363 196 12 208 0.884615 27
12364 102 32 134 0.522388 31
12365 259 6 265 0.954717 20
12366 53 92 145 -0.268966 26
12367 99 88 187 0.0588235 33
12368 46 126 172 -0.465116 33
12369 76 82 158 -0.0379747 37
12370 55 85 140 -0.214286 33
12371 36 162 198 -0.636364 28
12372 89 33 122 0.459016 28
12373 108 40 148 0.459459 27
12374 211 8 219 0.926941 25
12375 130 60 190 0.368421 33
12376 172 17 189 0.820106 29
12377 46 149 195 -0.528205 33
12378 91 76 167 0.0898204 29
12379 31 98 129 -0.51938 32
12380 189 5 194 0.948454 19
12381 31 137 168 -0.630952 29
12382 26 138 164 -0.682927 26
12383 12 160 172 -0.860465 26
12384 204 6 210 0.942857 25
12385 136 20 156 0.74359 26
12386 139 31 170 0.635294 25
12387 36 119 155 -0.535484 35
12388 124 55 179 0.385475 33
12389 141 10 151 0.86755 27
12390 126 75 201 0.253731 36
12391 96 50 146 0.315068 35
12392 49 97 146 -0.328767 33
12393 97 96 193 0.00518135 32
12394 24 139 163 -0.705521 28
12395 70 82 152 -0.0789474 33
12396 31 126 157 -0.605096 31
12397 64 106 170 -0.247059 31
12398 35 102 137 -0.489051 32
12399 32 142 174 -0.632184 31
12400 52 126 178 -0.41573 34
12401 143 26 169 0.692308 30
12402 10 156 166 -0.879518 28
12403 66 69 135 -0.0222222 35
12404 91 81 172 0.0581395 36
12405 49 98 147 -0.333333 34
12406 88 56 144 0.222222 34
12407 110 34 144 0.527778 31
12408 5 271 276 -0.963768 23
12409 106 86 192 0.104167 30
12410 172 21 193 0.782383 28
12411 82 93 175 -0.0628571 34
12412 32 188 220 -0.709091 35
12413 101 57 158 0.278481 35
12414 77 81 158 -0.0253165 25
12415 115 36 151 0.523179 31
12416 117 55 172 0.360465 35
12417 192 2 194 0.979381 16
12418 210 10 220 0.909091 27
12419 52 102 154 -0.324675 35
12420 52 140 192 -0.458333 35
12421 45 173 218 -0.587156 33
12422 107 78 185 0.156757 38
12423 41 89 130 -0.369231 28
12424 229 9 238 0.92437 19
12425 19 7 26 0.461538 12
12426 38 166 204 -0.627451 29
12427 7 203 210 -0.933333 25
12428 93 82 175 0.0628571 33
12429 156 28 184 0.695652 29
12430 26 191 217 -0.760369 26
12431 98 53 151 0.298013 32
12432 169 14 183 0.846995 27
12433 19 191 210 -0.819048 24
12434 73 100 173 -0.156069 24
12435 176 10 186 0.892473 27
12436 62 63 125 -0.008 28
12437 92 74 166 0.108434 30
12438 59 111 170 -0.305882 30
12439 22 217 239 -0.8159 26
12440 29 150 179 -0.675978 31
12441 129 36 165 0.563636 27
12442 175 16 191 0.832461 26
12443 67 105 172 -0.22093 27
12444 108 33 141 0.531915 28
12445 112 48 160 0.4 29
12446 64 79 143 -0.104895 29
12447 47 134 181 -0.480663 32
12448 46 93 139 -0.338129 31
12449 27 236 263 -0.794677 26
12450 128 14 142 0.802817 24
12451 63 86 149 -0.154362 35
12452 73 89 162 -0.0987654 29
12453 78 96 174 -0.103448 37
12454 76 68 144 0.0555556 30
12455 20 163 183 -0.781421 31
12456 187 13 200 0.87 23
12457 143 21 164 0.743902 28
12458 36 135 171 -0.578947 34
12459 61 88 149 -0.181208 30
12460 57 84 141 -0.191489 34
12461 160 39 199 0.60804 28
12462 144 26 170 0.694118 29
12463 156 20 176 0.772727 28
12464 131 17 148 0.77027 23
12465 43 101 144 -0.402778 32
12466 101 86 187 0.0802139 35
12467 168 28 196 0.714286 33
12468 189 15 204 0.852941 25
12469 121 35 156 0.551282 36
12470 16 148 164 -0.804878 30
12471 46 120 166 -0.445783 32
12472 165 26 191 0.727749 27
12473 162 13 175 0.851429 24
12474 8 152 160 -0.9 25
12475 72 77 149 -0.033557 32
12476 36 5 41 0.756098 19
12477 27 169 196 -0.72449 30
12478 53 76 129 -0.178295 28
12479 49 100 149 -0.342282 32
12480 129 28 157 0.643312 27
12481 110 53 163 0.349693 33
12482 129 13 142 0.816901 27
12483 181 16 197 0.837563 26
12484 8 152 160 -0.9 23
12485 220 23 243 0.8107 26
12486 184 16 200 0.84 30
12487 59 145 204 -0.421569 32
12488 74 40 114 0.298246 24
12489 203 7 210 0.933333 24
12490 57 133 190 -0.4 34
12491 44 124 168 -0.47619 35
12492 61 164 225 -0.457778 32
12493 57 106 163 -0.300613 32
12494 109 56 165 0.321212 29
12495 25 202 227 -0.779736 26
12496 28 150 178 -0.685393 29
12497 58 69 127 -0.0866142 24
12498 26 176 202 -0.742574 24
12499 105 3 108 0.944444 16
12500 18 148 166 -0.783133 30
12501 91 75 166 0.0963855 31
12502 25 104 129 -0.612403 29
12503 115 12 127 0.811024 25
12504 152 10 162 0.876543 26
12505 113 54 167 0.353293 31
12506 37 126 163 -0.546012 33
12507 66 107 173 -0.236994 29
12508 168 40 208 0.615385 35
12509 28 141 169 -0.668639 34
12510 134 57 191 0.403141 34
12511 79 66 145 0.0896552 33
12512 55 109 164 -0.329268 29
12513 112 36 148 0.513514 28
12514 102 58 160 0.275 29
12515 50 135 185 -0.459459 31
12516 53 78 131 -0.19084 32
12517 10 172 182 -0.89011 25
12518 123 49 172 0.430233 30
12519 167 15 182 0.835165 26
12520 114 28 142 0.605634 29
12521 25 127 152 -0.671053 33
12522 26 172 198 -0.737374 31
12523 249 21 270 0.844444 27
12524 23 167 190 -0.757895 23
12525 171 29 200 0.71 29
12526 51 121 172 -0.406977 31
12527 132 13 145 0.82069 28
12528 49 94 143 -0.314685 30
12529 162 48 210 0.542857 36
12530 112 30 142 0.577465 26
12531 151 10 161 0.875776 23
12532 13 202 215 -0.87907 29
12533 84 59 143 0.174825 33
12534 95 55 150 0.266667 35
12535 29 150 179 -0.675978 31
12536 67 159 226 -0.40708 29
12537 95 78 173 0.0982659 35
12538 42 109 151 -0.443709 33
12539 91 63 154 0.181818 32
12540 92 39 131 0.40458 30
12541 52 102 154 -0.324675 35
12542 42 149 191 -0.560209 31
12543 105 44 149 0.409396 32
12544 32 29 61 0.0491803 23
12545 24 84 108 -0.555556 25
12546 53 39 92 0.152174 26
12547 13 257 270 -0.903704 22
12548 188 10 198 0.89899 25
12549 147 28 175 0.68 28
12550 172 9 181 0.900552 23
12551 174 15 189 0.84127 28
12552 105 47 152 0.381579 33
12553 58 96 154 -0.246753 31
12554 21 204 225 -0.813333 27
12555 108 73 181 0.19337 36
12556 159 42 201 0.58209 34
12557 112 16 128 0.75 30
12558 246 15 261 0.885057 23
12559 75 114 189 -0.206349 28
12560 102 21 123 0.658537 30
12561 178 10 188 0.893617 25
12562 117 42 159 0.471698 30
12563 135 36 171 0.578947 34
12564 22 159 181 -0.756906 31
12565 118 75 193 0.222798 32
12566 171 45 216 0.583333 34
12567 133 55 188 0.414894 27
12568 174 12 186 0.870968 27
12569 154 30 184 0.673913 31
12570 76 90 166 -0.0843373 31
12571 125 50 175 0.428571 33
12572 35 163 198 -0.646465 31
12573 7 133 140 -0.9 24
12574 82 90 172 -0.0465116 35
12575 61 112 173 -0.294798 36
12576 49 117 166 -0.409639 35
12577 170 6 176 0.931818 23
12578 121 27 148 0.635135 32
12579 129 52 181 0.425414 36
12580 209 12 221 0.891403 24
12581 138 35 173 0.595376 31
12582 140 26 166 0.686747 31
12583 216 15 231 0.87013 26
12584 74 76 150 -0.0133333 36
12585 95 60 155 0.225806 31
12586 106 5 111 0.90991 14
12587 28 144 172 -0.674419 27
12588 140 18 158 0.772152 29
12589 51 134 185 -0.448649 35
12590 179 27 206 0.737864 32
12591 28 149 177 -0.683616 32
12592 26 144 170 -0.694118 29
12593 172 23 195 0.764103 29
12594 89 89 178 0 34
12595 13 138 151 -0.827815 26
12596 104 46 150 0.386667 34
12597 67 45 112 0.196429 25
12598 198 13 211 0.876777 28
12599 138 54 192 0.4375 25
12600 45 151 196 -0.540816 32
12601 68 113 181 -0.248619 29
12602 30 95 125 -0.52 30
12603 66 70 136 -0.0294118 30
12604 12 159 171 -0.859649 28
12605 32 124 156 -0.589744 32
12606 9 167 176 -0.897727 26
12607 142 21 163 0.742331 27
12608 45 109 154 -0.415584 28
12609 122 43 165 0.478788 34
12610 4 152 156 -0.948718 22
12611 171 14 185 0.848649 27
12612 101 51 152 0.328947 35
12613 18 147 165 -0.781818 27
12614 147 33 180 0.633333 32
12615 45 115 160 -0.4375 34
12616 102 48 150 0.36 36
12617 205 21 226 0.814159 29
12618 88 72 160 0.1 36
12619 189 36 225 0.68 30
12620 46 130 176 -0.477273 34
12621 147 26 173 0.699422 29
12622 74 86 160 -0.075 34
12623 133 17 150 0.773333 31
12624 108 70 178 0.213483 32
12625 22 111 133 -0.669173 28
12626 84 78 162 0.037037 34
12627 29 137 166 -0.650602 29
12628 127 53 180 0.411111 32
12629 88 41 129 0.364341 28
12630 7 151 158 -0.911392 24
12631 73 111 184 -0.206522 32
12632 187 25 212 0.764151 24
12633 147 69 216 0.361111 33
12634 58 95 153 -0.24183 29
12635 126 14 140 0.8 27
12636 119 48 167 0.42515 31
12637 59 134 193 -0.388601 36
12638 125 24 149 0.677852 32
12639 4 190 194 -0.958763 13
12640 22 185 207 -0.78744 26
12641 140 56 196 0.428571 32
12642 12 160 172 -0.860465 23
12643 100 25 125 0.6 28
12644 9 137 146 -0.876712 28
12645 132 47 179 0.47486 28
12646 142 14 156 0.820513 27
12647 14 225 239 -0.882845 25
12648 163 37 200 0.63 35
12649 180 16 196 0.836735 25
12650 56 136 192 -0.416667 35
12651 135 47 182 0.483516 28
12652 67 45 112 0.196429 33
12653 280 7 287 0.95122 17
12654 37 132 169 -0.56213 32
12655 43 153 196 -0.561224 31
12656 100 77 177 0.129944 24
12657 71 115 186 -0.236559 31
12658 25 133 158 -0.683544 29
12659 34 144 178 -0.617978 31
12660 106 78 184 0.152174 35
12661 47 96 143 -0.342657 29
12662 208 17 225 0.848889 27
12663 11 210 221 -0.900452 22
12664 124 30 154 0.61039 29
12665 31 162 193 -0.678756 32
12666 27 114 141 -0.617021 32
12667 76 64 140 0.0857143 33
12668 7 173 180 -0.922222 24
12669 84 75 159 0.0566038 34
12670 22 176 198 -0.777778 29
12671 37 98 135 -0.451852 30
12672 173 18 191 0.811518 28
12673 119 15 134 0.776119 21
12674 74 99 173 -0.144509 35
12675 61 119 180 -0.322222 34
12676 64 112 176 -0.272727 27
12677 89 114 203 -0.123153 30
12678 133 28 161 0.652174 29
12679 16 188 204 -0.843137 26
12680 16 140 156 -0.794872 26
12681 18 145 163 -0.779141 32
12682 45 116 161 -0.440994 33
12683 123 11 134 0.835821 24
12684 85 73 158 0.0759494 29
12685 126 55 181 0.392265 33
12686 30 194 224 -0.732143 34
12687 71 102 173 -0.179191 30
12688 65 114 179 -0.273743 32
12689 8 232 240 -0.933333 25
12690 49 114 163 -0.398773 32
12691 66 92 158 -0.164557 33
12692 51 66 117 -0.128205 31
12693 174 35 209 0.665072 31
12694 142 9 151 0.880795 26
12695 81 45 126 0.285714 29
12696 69 96 165 -0.163636 35
12697 49 108 157 -0.375796 31
12698 13 185 198 -0.868687 27
12699 94 55 149 0.261745 33
12700 116 42 158 0.468354 33
12701 106 27 133 0.593985 33
12702 86 78 164 0.0487805 32
12703 147 27 174 0.689655 30
12704 124 34 158 0.56962 33
12705 132 29 161 0.639752 28
12706 11 165 176 -0.875 21
12707 69 31 100 0.38 24
12708 133 37 170 0.564706 33
12709 176 8 184 0.913043 24
12710 65 95 160 -0.1875 34
12711 117 67 184 0.271739 32
12712 108 70 178 0.213483 30
12713 62 86 148 -0.162162 29
12714 31 140 171 -0.637427 33
12715 99 73 172 0.151163 34
12716 54 118 172 -0.372093 35
12717 86 66 152 0.131579 30
12718 148 28 176 0.681818 29
12719 23 170 193 -0.761658 29
12720 180 15 195 0.846154 29
12721 43 73 116 -0.258621 25
12722 52 151 203 -0.487685 33
12723 158 29 187 0.68984 27
12724 10 180 190 -0.894737 28
12725 34 71 105 -0.352381 28
12726 13 169 182 -0.857143 27
12727 44 102 146 -0.39726 33
12728 104 48 152 0.368421 32
12729 49 115 164 -0.402439 33
12730 211 23 234 0.803419 27
12731 61 99 160 -0.2375 34
12732 34 107 141 -0.51773 25
12733 31 91 122 -0.491803 29
12734 48 107 155 -0.380645 32
12735 32 159 191 -0.664921 31
12736 6 72 78 -0.846154 22
12737 38 139 177 -0.570621 31
12738 94 86 180 0.0444444 33
12739 89 95 184 -0.0326087 36
12740 14 188 202 -0.861386 25
12741 143 40 183 0.562842 29
12742 13 192 205 -0.873171 18
12743 132 42 174 0.517241 29
12744 27 142 169 -0.680473 29
12745 91 69 160 0.1375 21
12746 71 73 144 -0.0138889 30
12747 121 17 138 0.753623 31
12748 122 30 152 0.605263 32
12749 130 67 197 0.319797 31
12750 129 26 155 0.664516 27
12751 95 57 152 0.25 37
12752 80 114 194 -0.175258 38
12753 45 125 170 -0.470588 34
12754 18 50 68 -0.470588 26
12755 115 42 157 0.464968 35
12756 84 94 178 -0.0561798 35
12757 132 59 191 0.382199 32
12758 90 71 161 0.118012 34
12759 24 118 142 -0.661972 26
12760 104 58 162 0.283951 33
12761 72 73 145 -0.00689655 29
12762 159 13 172 0.848837 28
12763 197 17 214 0.841121 27
12764 14 165 179 -0.843575 27
12765 58 130 188 -0.382979 34
12766 19 210 229 -0.834061 27
12767 86 78 164 0.0487805 33
12768 103 12 115 0.791304 24
12769 190 25 215 0.767442 30
12770 107 70 177 0.20904 30
12771 84 91 175 -0.04 34
12772 104 108 212 -0.0188679 34
12773 77 81 158 -0.0253165 27
12774 90 88 178 0.011236 34
12775 114 79 193 0.181347 31
12776 101 61 162 0.246914 31
12777 83 38 121 0.371901 34
12778 60 123 183 -0.344262 36
12779 73 104 177 -0.175141 31
12780 10 178 188 -0.893617 25
12781 157 6 163 0.92638 23
12782 67 136 203 -0.339901 34
12783 36 128 164 -0.560976 27
12784 21 113 134 -0.686567 25
12785 27 166 193 -0.720207 29
12786 11 158 169 -0.869822 26
12787 65 68 133 -0.0225564 32
12788 48 112 160 -0.4 27
12789 98 66 164 0.195122 33
12790 163 18 181 0.801105 26
12791 9 143 152 -0.881579 25
12792 112 40 152 0.473684 31
12793 155 24 179 0.731844 28
12794 41 99 140 -0.414286 34
12795 101 62 163 0.239264 30
12796 100 20 120 0.666667 31
12797 67 95 162 -0.17284 29
12798 80 73 153 0.0457516 33
12799 147 47 194 0.515464 28
12800 180 18 198 0.818182 29
12801 94 65 159 0.18239 36
12802 29 128 157 -0.630573 32
12803 136 38 174 0.563218 33
12804 54 50 104 0.0384615 25
12805 12 213 225 -0.893333 27
12806 74 99 173 -0.144509 35
12807 35 118 153 -0.542484 34
12808 140 52 192 0.458333 32
12809 48 128 176 -0.454545 35
12810 60 146 206 -0.417476 34
12811 146 45 191 0.528796 30
12812 39 99 138 -0.434783 27
12813 50 101 151 -0.337748 32
12814 27 153 180 -0.7 30
12815 17 168 185 -0.816216 29
12816 130 50 180 0.444444 34
12817 23 158 181 -0.745856 33
12818 43 130 173 -0.50289 32
12819 5 155 160 -0.9375 24
12820 61 97 158 -0.227848 33
12821 53 45 98 0.0816327 23
12822 190 2 192 0.979167 18
12823 50 97 147 -0.319728 30
12824 50 109 159 -0.371069 31
12825 136 34 170 0.6 30
12826 48 114 162 -0.407407 27
12827 122 47 169 0.443787 27
12828 103 61 164 0.256098 34
12829 86 55 141 0.219858 27
12830 72 103 175 -0.177143 31
12831 60 123 183 -0.344262 33
12832 84 120 204 -0.176471 32
12833 111 81 192 0.15625 33
12834 30 129 159 -0.622642 29
12835 70 93 163 -0.141104 29
12836 13 169 182 -0.857143 25
12837 88 113 201 -0.124378 34
12838 51 121 172 -0.406977 34
12839 124 53 177 0.40113 33
12840 135 23 158 0.708861 31
12841 16 185 201 -0.840796 30
12842 69 103 172 -0.197674 34
12843 198 5 203 0.950739 24
12844 119 32 151 0.576159 24
12845 38 125 163 -0.533742 31
12846 89 67 156 0.141026 33
12847 16 185 201 -0.840796 19
12848 43 125 168 -0.488095 29
12849 109 64 173 0.260116 36
12850 17 167 184 -0.815217 30
12851 22 103 125 -0.648 27
12852 62 151 213 -0.41784 30
12853 189 12 201 0.880597 17
12854 30 129 159 -0.622642 34
12855 32 122 154 -0.584416 34
12856 23 161 184 -0.75 31
12857 77 107 184 -0.163043 36
12858 44 137 181 -0.513812 27
12859 156 7 163 0.91411 23
12860 75 42 117 0.282051 26
12861 90 56 146 0.232877 31
12862 78 96 174 -0.103448 32
12863 7 203 210 -0.933333 21
12864 83 85 168 -0.0119048 35
12865 16 132 148 -0.783784 28
12866 108 69 177 0.220339 34
12867 202 4 206 0.961165 22
12868 87 90 177 -0.0169492 33
12869 125 57 182 0.373626 32
12870 27 136 163 -0.668712 33
12871 168 8 176 0.909091 26
12872 47 98 145 -0.351724 32
12873 23 137 160 -0.7125 28
12874 14 192 206 -0.864078 24
12875 26 151 177 -0.706215 32
12876 90 39 129 0.395349 26
12877 86 73 159 0.081761 35
12878 146 40 186 0.569892 33
12879 156 20 176 0.772727 30
12880 123 49 172 0.430233 27
12881 30 0 30 1 12
12882 183 37 220 0.663636 28
12883 93 54 147 0.265306 37
12884 62 117 179 -0.307263 37
12885 170 27 197 0.725888 28
12886 19 160 179 -0.787709 30
12887 64 101 165 -0.224242 32
12888 127 35 162 0.567901 34
12889 170 28 198 0.717172 32
12890 102 47 149 0.369128 28
12891 91 115 206 -0.116505 37
12892 34 86 120 -0.433333 34
12893 69 103 172 -0.197674 35
12894 110 22 132 0.666667 32
12895 122 31 153 0.594771 34
12896 102 44 146 0.39726 33
12897 88 85 173 0.017341 33
12898 134 29 163 0.644172 27
12899 26 131 157 -0.66879 27
12900 95 47 142 0.338028 33
12901 87 68 155 0.122581 25
12902 91 57 148 0.22973 33
12903 96 53 149 0.288591 29
12904 97 86 183 0.0601093 37
12905 116 15 131 0.770992 30
12906 177 14 191 0.853403 27
12907 21 137 158 -0.734177 25
12908 63 79 142 -0.112676 26
12909 95 71 166 0.144578 34
12910 4 234 238 -0.966387 19
12911 40 114 154 -0.480519 30
12912 33 138 171 -0.614035 31
12913 202 10 212 0.90566 14
12914 29 148 177 -0.672316 31
12915 184 10 194 0.896907 26
12916 118 40 158 0.493671 32
12917 74 110 184 -0.195652 35
12918 146 60 206 0.417476 37
12919 35 129 164 -0.573171 31
12920 19 182 201 -0.810945 32
12921 137 26 163 0.680982 32
12922 53 133 186 -0.430108 33
12923 84 97 181 -0.0718232 28
12924 66 67 133 -0.0075188 30
12925 98 89 187 0.0481283 29
12926 134 48 182 0.472527 36
12927 155 52 207 0.497585 33
12928 93 47 140 0.328571 35
12929 56 134 190 -0.410526 29
12930 10 137 147 -0.863946 27
12931 14 132 146 -0.808219 19
12932 58 126 184 -0.369565 32
12933 48 125 173 -0.445087 27
12934 140 13 153 0.830065 23
12935 101 50 151 0.337748 36
12936 191 16 207 0.845411 28
12937 38 147 185 -0.589189 27
12938 81 122 203 -0.20197 34
12939 132 43 175 0.508571 33
12940 20 180 200 -0.8 27
12941 82 109 191 -0.141361 32
12942 40 118 158 -0.493671 27
12943 23 143 166 -0.722892 34
12944 69 99 168 -0.178571 30
12945 6 102 108 -0.888889 21
12946 154 12 166 0.855422 24
12947 150 29 179 0.675978 29
12948 266 1 267 0.992509 13
12949 58 99 157 -0.261146 34
12950 31 142 173 -0.641618 28
12951 109 42 151 0.443709 26
12952 183 10 193 0.896373 27
12953 77 102 179 -0.139665 33
12954 52 129 181 -0.425414 34
12955 77 75 152 0.0131579 35
12956 51 88 139 -0.266187 30
12957 14 158 172 -0.837209 28
12958 66 116 182 -0.274725 32
12959 112 49 161 0.391304 32
12960 158 14 172 0.837209 27
12961 101 59 160 0.2625 35
12962 12 212 224 -0.892857 26
12963 149 37 186 0.602151 32
12964 34 52 86 -0.209302 23
12965 88 86 174 0.0114943 35
12966 31 122 153 -0.594771 27
12967 29 118 147 -0.605442 30
12968 88 71 159 0.106918 30
12969 31 94 125 -0.504 31
12970 59 84 143 -0.174825 28
12971 6 164 170 -0.929412 19
12972 11 207 218 -0.899083 26
12973 101 58 159 0.27044 28
12974 52 106 158 -0.341772 29
12975 59 112 171 -0.309942 33
12976 6 155 161 -0.925466 24
12977 50 112 162 -0.382716 28
12978 108 41 149 0.449664 29
12979 19 168 187 -0.796791 29
12980 25 118 143 -0.65035 29
12981 80 98 178 -0.101124 36
12982 60 169 229 -0.475983 31
12983 9 123 132 -0.863636 23
12984 165 9 174 0.896552 27
12985 32 134 166 -0.614458 25
12986 107 64 171 0.251462 31
12987 181 16 197 0.837563 23
12988 84 69 153 0.0980392 34
12989 163 14 177 0.841808 27
12990 146 31 177 0.649718 31
12991 42 154 196 -0.571429 30
12992 140 32 172 0.627907 23
12993 48 101 149 -0.355705 30
12994 39 171 210 -0.628571 32
12995 27 124 151 -0.642384 31
12996 29 132 161 -0.639752 33
12997 94 33 127 0.480315 31
12998 11 143 154 -0.857143 19
12999 120 9 129 0.860465 25
13000 19 190 209 -0.818182 27
13001 163 17 180 0.811111 32
13002 80 36 116 0.37931 26
13003 24 140 164 -0.707317 32
13004 178 12 190 0.873684 27
13005 11 140 151 -0.854305 27
13006 77 47 124 0.241935 30
13007 166 14 180 0.844444 26
13008 59 135 194 -0.391753 33
13009 36 155 191 -0.623037 31
13010 107 55 162 0.320988 32
13011 6 221 227 -0.947137 20
13012 21 165 186 -0.774194 31
13013 129 27 156 0.653846 31
13014 30 153 183 -0.672131 30
13015 93 96 189 -0.015873 31
13016 83 109 192 -0.135417 28
13017 87 76 163 0.0674847 35
13018 203 8 211 0.924171 25
13019 145 37 182 0.593407 32
13020 133 15 148 0.797297 30
13021 55 131 186 -0.408602 29
13022 81 117 198 -0.181818 34
13023 33 148 181 -0.635359 34
13024 149 52 201 0.482587 35
13025 173 12 185 0.87027 26
13026 34 81 115 -0.408696 23
13027 47 144 191 -0.507853 32
13028 11 175 186 -0.88172 26
13029 92 76 168 0.0952381 32
13030 71 53 124 0.145161 32
13031 72 106 178 -0.191011 37
13032 148 27 175 0.691429 33
13033 104 64 168 0.238095 34
13034 14 262 276 -0.898551 22
13035 78 74 152 0.0263158 30
13036 184 14 198 0.858586 26
13037 146 36 182 0.604396 30
13038 54 121 175 -0.382857 30
13039 178 20 198 0.79798 30
13040 78 83 161 -0.0310559 31
13041 107 68 175 0.222857 29
13042 240 9 249 0.927711 19
13043 167 23 190 0.757895 32
13044 42 95 137 -0.386861 32
13045 55 130 185 -0.405405 34
13046 23 257 280 -0.835714 31
13047 87 70 157 0.10828 31
13048 41 87 128 -0.359375 33
13049 10 173 183 -0.89071 28
13050 14 145 159 -0.823899 27
13051 71 102 173 -0.179191 35
13052 109 50 159 0.371069 30
13053 106 33 139 0.52518 31
13054 33 175 208 -0.682692 32
13055 80 91 171 -0.0643275 30
13056 96 61 157 0.22293 28
13057 34 120 154 -0.558442 32
13058 103 51 154 0.337662 35
13059 106 79 185 0.145946 35
13060 97 101 198 -0.020202 34
13061 101 92 193 0.0466321 34
13062 87 53 140 0.242857 23
13063 97 45 142 0.366197 31
13064 12 248 260 -0.907692 20
13065 96 33 129 0.488372 25
13066 91 89 180 0.0111111 32
13067 224 17 241 0.858921 24
13068 24 146 170 -0.717647 32
13069 148 35 183 0.617486 29
13070 56 114 170 -0.341176 32
13071 135 24 159 0.698113 33
13072 133 19 152 0.75 21
13073 21 185 206 -0.796117 33
13074 22 118 140 -0.685714 31
13075 29 139 168 -0.654762 29
13076 149 31 180 0.655556 31
13077 52 97 149 -0.302013 26
13078 134 23 157 0.707006 27
13079 33 135 168 -0.607143 32
13080 9 147 156 -0.884615 23
13081 119 55 174 0.367816 37
13082 119 23 142 0.676056 27
13083 204 15 219 0.863014 26
13084 76 73 149 0.0201342 31
13085 42 139 181 -0.535912 35
13086 14 188 202 -0.861386 26
13087 159 36 195 0.630769 31
13088 120 30 150 0.6 30
13089 82 64 146 0.123288 30
13090 67 89 156 -0.141026 30
13091 22 151 173 -0.745665 29
13092 145 33 178 0.629213 31
13093 74 116 190 -0.221053 31
13094 82 60 142 0.15493 31
13095 50 95 145 -0.310345 31
13096 242 3 245 0.97551 19
13097 209 9 218 0.917431 23
13098 54 108 162 -0.333333 34
13099 74 76 150 -0.0133333 34
13100 76 92 168 -0.0952381 32
13101 52 104 156 -0.333333 29
13102 47 132 179 -0.47486 35
13103 95 69 164 0.158537 33
13104 49 108 157 -0.375796 28
13105 85 91 176 -0.0340909 36
13106 83 71 154 0.0779221 27
13107 101 69 170 0.188235 32
13108 54 133 187 -0.42246 30
13109 209 5 214 0.953271 24
13110 62 174 236 -0.474576 33
13111 45 126 171 -0.473684 34
13112 134 35 169 0.585799 30
13113 15 219 234 -0.871795 23
13114 45 107 152 -0.407895 33
13115 38 132 170 -0.552941 30
13116 29 72 101 -0.425743 30
13117 59 165 224 -0.473214 35
13118 169 12 181 0.867403 28
13119 117 40 157 0.490446 33
13120 66 36 102 0.294118 23
13121 119 56 175 0.36 30
13122 219 13 232 0.887931 25
13123 192 27 219 0.753425 30
13124 41 125 166 -0.506024 35
13125 157 40 197 0.593909 34
13126 19 194 213 -0.821596 32
13127 18 207 225 -0.84 28
13128 93 41 134 0.38806 33
13129 130 39 169 0.538462 31
13130 116 60 176 0.318182 35
13131 29 193 222 -0.738739 34
13132 52 123 175 -0.405714 31
13133 168 55 223 0.506726 35
13134 61 102 163 -0.251534 37
13135 151 33 184 0.641304 26
13136 100 4 104 0.923077 23
13137 148 21 169 0.751479 27
13138 84 94 178 -0.0561798 35
13139 69 80 149 -0.0738255 30
13140 73 80 153 -0.0457516 33
13141 24 93 117 -0.589744 26
13142 41 83 124 -0.33871 33
13143 81 68 149 0.0872483 31
13144 71 71 142 0 35
13145 17 212 229 -0.851528 27
13146 3 193 196 -0.969388 22
13147 119 11 130 0.830769 25
13148 12 144 156 -0.846154 23
13149 110 43 153 0.437908 34
13150 8 202 210 -0.92381 19
13151 23 52 75 -0.386667 21
13152 9 9 18 0 13
13153 73 101 174 -0.16092 32
13154 71 83 154 -0.0779221 27
13155 139 34 173 0.606936 29
13156 28 172 200 -0.72 32
13157 115 67 182 0.263736 35
13158 197 16 213 0.849765 27
13159 186 8 194 0.917526 22
13160 139 41 180 0.544444 32
13161 181 12 193 0.875648 25
13162 43 128 171 -0.497076 30
13163 58 137 195 -0.405128 32
13164 102 34 136 0.5 31
13165 142 62 204 0.392157 30
13166 19 167 186 -0.795699 29
13167 66 84 150 -0.12 27
13168 109 26 135 0.614815 30
13169 147 51 198 0.484848 30
13170 42 111 153 -0.45098 31
13171 91 81 172 0.0581395 32
13172 82 51 133 0.233083 36
13173 136 36 172 0.581395 29
13174 149 42 191 0.560209 32
13175 108 54 162 0.333333 34
13176 182 21 203 0.793103 31
13177 161 61 222 0.45045 34
13178 128 17 145 0.765517 27
13179 30 176 206 -0.708738 34
13180 86 37 123 0.398374 34
13181 97 96 193 0.00518135 32
13182 34 118 152 -0.552632 29
13183 210 8 218 0.926606 24
13184 120 42 162 0.481481 30
13185 77 59 136 0.132353 30
13186 77 65 142 0.084507 25
13187 76 66 142 0.0704225 27
13188 56 143 199 -0.437186 31
13189 153 15 168 0.821429 28
13190 59 91 150 -0.213333 36
13191 133 44 177 0.502825 30
13192 14 192 206 -0.864078 23
13193 21 169 190 -0.778947 20
13194 120 56 176 0.363636 34
13195 65 111 176 -0.261364 33
13196 140 9 149 0.879195 26
13197 131 48 179 0.463687 29
13198 55 92 147 -0.251701 32
13199 109 42 151 0.443709 31
13200 12 147 159 -0.849057 25
13201 87 63 150 0.16 30
13202 46 120 166 -0.445783 31
13203 7 182 189 -0.925926 17
13204 62 75 137 -0.0948905 36
13205 53 104 157 -0.324841 36
13206 70 110 180 -0.222222 35
13207 19 148 167 -0.772455 29
13208 154 5 159 0.937107 22
13209 35 135 170 -0.588235 31
13210 137 20 157 0.745223 25
13211 57 109 166 -0.313253 30
13212 118 71 189 0.248677 32
13213 131 34 165 0.587879 33
13214 28 115 143 -0.608392 29
13215 117 54 171 0.368421 32
13216 113 57 170 0.329412 31
13217 5 156 161 -0.937888 24
13218 196 10 206 0.902913 24
13219 36 112 148 -0.513514 33
13220 124 22 146 0.69863 28
13221 110 67 177 0.242938 25
13222 210 11 221 0.900452 26
13223 117 57 174 0.344828 30
13224 46 117 163 -0.435583 30
13225 28 109 137 -0.591241 33
13226 187 30 217 0.723502 27
13227 93 80 173 0.0751445 34
13228 26 107 133 -0.609023 27
13229 125 12 137 0.824818 27
13230 69 153 222 -0.378378 32
13231 20 138 158 -0.746835 29
13232 112 63 175 0.28 33
13233 36 107 143 -0.496503 26
13234 79 112 191 -0.172775 35
13235 183 32 215 0.702326 31
13236 85 86 171 -0.00584795 34
13237 169 15 184 0.836957 28
13238 157 26 183 0.715847 31
13239 45 153 198 -0.545455 33
13240 136 50 186 0.462366 30
13241 52 102 154 -0.324675 25
13242 37 112 149 -0.503356 33
13243 12 152 164 -0.853659 26
13244 8 201 209 -0.923445 19
13245 78 46 124 0.258065 31
13246 10 177 187 -0.893048 27
13247 12 166 178 -0.865169 19
13248 95 60 155 0.225806 32
13249 64 60 124 0.0322581 29
13250 114 48 162 0.407407 32
13251 36 103 139 -0.482014 31
13252 48 135 183 -0.47541 33
13253 265 22 287 0.84669 26
13254 86 29 115 0.495652 26
13255 179 29 208 0.721154 31
13256 86 61 147 0.170068 34
13257 19 185 204 -0.813725 27
13258 117 30 147 0.591837 28
13259 110 69 179 0.22905 35
13260 81 64 145 0.117241 29
13261 14 203 217 -0.870968 18
13262 36 112 148 -0.513514 31
13263 144 53 197 0.461929 29
13264 25 218 243 -0.794239 27
13265 122 29 151 0.615894 29
13266 10 179 189 -0.89418 25
13267 81 83 164 -0.0121951 32
13268 165 13 178 0.853933 25
13269 149 22 171 0.74269 28
13270 64 76 140 -0.0857143 33
13271 152 28 180 0.688889 24
13272 98 69 167 0.173653 34
13273 211 13 224 0.883929 25
13274 37 124 161 -0.540373 33
13275 109 69 178 0.224719 35
13276 36 159 195 -0.630769 33
13277 36 153 189 -0.619048 24
13278 161 23 184 0.75 32
13279 91 58 149 0.221477 33
13280 144 45 189 0.52381 32
13281 123 16 139 0.769784 29
13282 35 173 208 -0.663462 31
13283 45 105 150 -0.4 37
13284 76 78 154 -0.012987 32
13285 123 17 140 0.757143 29
13286 40 187 227 -0.647577 27
13287 170 13 183 0.857923 22
13288 33 99 132 -0.5 30
13289 216 6 222 0.945946 23
13290 122 14 136 0.794118 27
13291 114 41 155 0.470968 31
13292 106 40 146 0.452055 35
13293 9 16 25 -0.28 13
13294 168 21 189 0.777778 28
13295 37 169 206 -0.640777 31
13296 85 85 170 0 32
13297 24 129 153 -0.686275 28
13298 82 47 129 0.271318 32
13299 60 73 133 -0.0977444 31
13300 49 116 165 -0.406061 36
13301 122 29 151 0.615894 31
13302 136 22 158 0.721519 25
13303 102 48 150 0.36 29
13304 146 54 200 0.46 34
13305 18 185 203 -0.82266 23
13306 212 23 235 0.804255 29
13307 13 184 197 -0.86802 27
13308 108 72 180 0.2 37
13309 58 111 169 -0.313609 33
13310 21 196 217 -0.806452 29
13311 118 61 179 0.318436 32
13312 63 113 176 -0.284091 34
13313 124 81 205 0.209756 34
13314 95 107 202 -0.0594059 32
13315 16 147 163 -0.803681 29
13316 134 52 186 0.44086 33
13317 88 67 155 0.135484 33
13318 101 69 170 0.188235 35
13319 114 52 166 0.373494 33
13320 65 98 163 -0.202454 32
13321 29 141 170 -0.658824 30
13322 95 79 174 0.091954 35
13323 184 17 201 0.830846 27
13324 190 15 205 0.853659 28
13325 45 99 144 -0.375 35
13326 101 66 167 0.209581 30
13327 27 121 148 -0.635135 30
13328 21 145 166 -0.746988 24
13329 65 69 134 -0.0298507 24
13330 36 210 246 -0.707317 33
13331 86 57 143 0.202797 28
13332 46 113 159 -0.421384 26
13333 85 42 127 0.338583 31
13334 166 19 185 0.794595 29
13335 34 127 161 -0.57764 32
13336 120 57 177 0.355932 31
13337 37 151 188 -0.606383 31
13338 125 37 162 0.54321 28
13339 68 35 103 0.320388 28
13340 150 38 188 0.595745 32
13341 43 46 89 -0.0337079 27
13342 16 131 147 -0.782313 27
13343 29 132 161 -0.639752 30
13344 148 18 166 0.783133 29
13345 24 72 96 -0.5 26
13346 26 98 124 -0.580645 30
13347 71 60 131 0.0839695 30
13348 157 11 168 0.869048 25
13349 76 78 154 -0.012987 35
13350 140 18 158 0.772152 32
13351 74 101 175 -0.154286 27
13352 80 87 167 -0.0419162 33
13353 41 57 98 -0.163265 29
13354 256 8 264 0.939394 24
13355 84 69 153 0.0980392 34
13356 63 79 142 -0.112676 32
13357 51 33 84 0.214286 27
13358 109 63 172 0.267442 34
13359 243 10 253 0.920949 23
13360 147 56 203 0.448276 33
13361 103 34 137 0.50365 29
13362 63 82 145 -0.131034 32
13363 37 141 178 -0.58427 27
13364 115 38 153 0.503268 29
13365 99 56 155 0.277419 30
13366 31 151 182 -0.659341 29
13367 201 10 211 0.905213 24
13368 72 36 108 0.333333 32
13369 69 67 136 0.0147059 27
13370 103 55 158 0.303797 31
13371 33 113 146 -0.547945 27
13372 144 28 172 0.674419 31
13373 68 63 131 0.0381679 33
13374 168 13 181 0.856354 25
13375 63 126 189 -0.333333 31
13376 180 18 198 0.818182 29
13377 52 128 180 -0.422222 35
13378 108 70 178 0.213483 33
13379 84 67 151 0.112583 30
13380 19 149 168 -0.77381 28
13381 111 45 156 0.423077 33
13382 106 50 156 0.358974 32
13383 45 139 184 -0.51087 31
13384 41 175 216 -0.62037 30
13385 84 37 121 0.38843 28
13386 44 118 162 -0.45679 30
13387 162 9 171 0.894737 24
13388 198 20 218 0.816514 28
13389 120 38 158 0.518987 33
13390 151 13 164 0.841463 29
13391 66 58 124 0.0645161 30
13392 26 202 228 -0.77193 26
13393 109 32 141 0.546099 33
13394 72 31 103 0.398058 30
13395 221 10 231 0.91342 20
13396 183 3 186 0.967742 19
13397 114 50 164 0.390244 31
13398 144 50 194 0.484536 29
13399 17 217 234 -0.854701 25
13400 21 136 157 -0.732484 28
13401 47 113 160 -0.4125 30
13402 187 16 203 0.842365 27
13403 134 15 149 0.798658 29
13404 47 105 152 -0.381579 28
13405 76 102 178 -0.146067 35
13406 17 159 176 -0.806818 24
13407 114 80 194 0.175258 34
13408 47 151 198 -0.525253 33
13409 200 18 218 0.834862 23
13410 88 67 155 0.135484 28
13411 115 42 157 0.464968 25
13412 55 142 197 -0.441624 33
13413 145 40 185 0.567568 26
13414 50 89 139 -0.280576 32
13415 105 28 133 0.578947 28
13416 147 10 157 0.872611 26
13417 37 102 139 -0.467626 30
13418 17 137 154 -0.779221 27
13419 108 44 152 0.421053 29
13420 122 61 183 0.333333 35
13421 25 124 149 -0.66443 27
13422 137 48 185 0.481081 30
13423 44 126 170 -0.482353 31
13424 102 60 162 0.259259 32
13425 95 108 203 -0.0640394 30
13426 176 26 202 0.742574 32
13427 57 89 146 -0.219178 26
13428 93 108 201 -0.0746269 34
13429 119 59 178 0.337079 32
13430 106 27 133 0.593985 28
13431 25 109 134 -0.626866 29
13432 148 22 170 0.741176 33
13433 54 95 149 -0.275168 35
13434 144 12 156 0.846154 21
13435 39 132 171 -0.54386 29
13436 75 73 148 0.0135135 34
13437 15 159 174 -0.827586 31
13438 82 40 122 0.344262 24
13439 23 35 58 -0.206897 20
13440 164 26 190 0.726316 31
13441 58 79 137 -0.153285 30
13442 89 56 145 0.227586 31
13443 54 144 198 -0.454545 33
13444 54 116 170 -0.364706 28
13445 248 7 255 0.945098 23
13446 88 75 163 0.0797546 32
13447 36 113 149 -0.516779 33
13448 77 71 148 0.0405405 28
13449 73 78 151 -0.0331126 34
13450 114 73 187 0.219251 35
13451 142 58 200 0.42 36
13452 144 59 203 0.418719 30
13453 103 88 191 0.078534 38
13454 41 124 165 -0.50303 32
13455 43 95 138 -0.376812 28
13456 13 135 148 -0.824324 29
13457 8 216 224 -0.928571 23
13458 104 47 151 0.377483 29
13459 90 49 139 0.294964 32
13460 71 84 155 -0.083871 34
13461 187 38 225 0.662222 27
13462 142 78 220 0.290909 32
13463 22 114 136 -0.676471 32
13464 17 146 163 -0.791411 29
13465 49 119 168 -0.416667 31
13466 84 80 164 0.0243902 29
13467 154 27 181 0.701657 31
13468 198 4 202 0.960396 21
13469 158 16 174 0.816092 24
13470 25 187 212 -0.764151 31
13471 28 110 138 -0.594203 29
13472 122 2 124 0.967742 20
13473 101 79 180 0.122222 32
13474 96 100 196 -0.0204082 38
13475 109 35 144 0.513889 35
13476 49 142 191 -0.486911 31
13477 85 82 167 0.0179641 29
13478 69 88 157 -0.121019 33
13479 126 31 157 0.605096 30
13480 66 139 205 -0.356098 28
13481 166 24 190 0.747368 28
13482 175 16 191 0.832461 27
13483 74 103 177 -0.163842 32
13484 30 176 206 -0.708738 32
13485 17 154 171 -0.80117 28
13486 222 9 231 0.922078 17
13487 125 63 188 0.329787 31
13488 153 9 162 0.888889 25
13489 186 18 204 0.823529 24
13490 104 69 173 0.202312 31
13491 84 65 149 0.127517 31
13492 71 69 140 0.0142857 31
13493 174 9 183 0.901639 26
13494 159 17 176 0.806818 31
13495 40 151 191 -0.581152 31
13496 127 50 177 0.435028 31
13497 77 116 193 -0.202073 33
13498 107 36 143 0.496503 35
13499 42 115 157 -0.464968 31
13500 29 180 209 -0.722488 31
13501 28 158 186 -0.698925 30
13502 113 91 204 0.107843 38
13503 55 64 119 -0.0756303 22
13504 26 187 213 -0.755869 31
13505 72 104 176 -0.181818 38
13506 49 103 152 -0.355263 31
13507 160 16 176 0.818182 26
13508 50 109 159 -0.371069 27
13509 25 141 166 -0.698795 31
13510 9 139 148 -0.878378 24
13511 23 96 119 -0.613445 30
13512 3 206 209 -0.971292 19
13513 37 157 194 -0.618557 31
13514 74 137 211 -0.298578 36
13515 61 83 144 -0.152778 32
13516 80 105 185 -0.135135 35
13517 91 77 168 0.0833333 37
13518 72 102 174 -0.172414 35
13519 100 75 175 0.142857 35
13520 65 102 167 -0.221557 33
13521 10 103 113 -0.823009 24
13522 59 143 202 -0.415842 30
13523 44 121 165 -0.466667 29
13524 114 59 173 0.317919 34
13525 25 167 192 -0.739583 28
13526 18 181 199 -0.819095 27
13527 18 190 208 -0.826923 24
13528 49 111 160 -0.3875 34
13529 58 78 136 -0.147059 28
13530 128 29 157 0.630573 27
13531 167 28 195 0.712821 32
13532 93 70 163 0.141104 28
13533 129 47 176 0.465909 30
13534 113 50 163 0.386503 33
13535 69 23 92 0.5 21
13536 87 54 141 0.234043 32
13537 150 49 199 0.507538 29
13538 192 15 207 0.855072 24
13539 156 31 187 0.668449 28
13540 29 211 240 -0.758333 32
13541 148 49 197 0.502538 30
13542 198 2 200 0.98 21
13543 183 2 185 0.978378 20
13544 14 193 207 -0.864734 23
13545 59 86 145 -0.186207 31
13546 9 162 171 -0.894737 24
13547 45 111 156 -0.423077 24
13548 185 13 198 0.868687 23
13549 127 36 163 0.558282 30
13550 71 88 159 -0.106918 26
13551 129 38 167 0.54491 36
13552 21 118 139 -0.697842 29
13553 46 149 195 -0.528205 31
13554 44 139 183 -0.519126 30
13555 52 92 144 -0.277778 26
13556 32 131 163 -0.607362 25
13557 115 55 170 0.352941 33
13558 79 97 176 -0.102273 37
13559 99 49 148 0.337838 36
13560 93 55 148 0.256757 32
13561 35 141 176 -0.602273 29
13562 61 65 126 -0.031746 30
13563 172 10 182 0.89011 23
13564 16 178 194 -0.835052 27
13565 121 65 186 0.301075 37
13566 45 139 184 -0.51087 31
13567 17 181 198 -0.828283 28
13568 59 135 194 -0.391753 28
13569 132 16 148 0.783784 27
13570 12 151 163 -0.852761 29
13571 59 119 178 -0.337079 33
13572 187 9 196 0.908163 24
13573 173 25 198 0.747475 29
13574 145 52 197 0.472081 34
13575 46 123 169 -0.455621 34
13576 76 73 149 0.0201342 36
13577 162 45 207 0.565217 35
13578 35 127 162 -0.567901 31
13579 98 73 171 0.146199 33
13580 188 15 203 0.852217 25
13581 145 50 195 0.487179 32
13582 94 81 175 0.0742857 33
13583 9 124 133 -0.864662 25
13584 201 9 210 0.914286 23
13585 28 154 182 -0.692308 31
13586 142 18 160 0.775 29
13587 25 0 25 1 2
13588 209 10 219 0.908676 24
13589 151 30 181 0.668508 28
13590 151 50 201 0.502488 33
13591 5 3 8 0.25 7
13592 220 13 233 0.888412 29
13593 127 35 162 0.567901 29
13594 15 170 185 -0.837838 29
13595 122 60 182 0.340659 36
13596 57 105 162 -0.296296 31
13597 11 216 227 -0.903084 24
13598 7 184 191 -0.926702 19
13599 98 108 206 -0.0485437 34
13600 95 32 127 0.496063 30
13601 163 3 166 0.963855 22
13602 174 11 185 0.881081 27
13603 63 0 63 1 16
13604 53 121 174 -0.390805 35
13605 40 154 194 -0.587629 30
13606 67 89 156 -0.141026 35
13607 79 105 184 -0.141304 30
13608 198 16 214 0.850467 23
13609 98 57 155 0.264516 33
13610 56 121 177 -0.367232 28
13611 60 95 155 -0.225806 30
13612 106 37 143 0.482517 31
13613 71 115 186 -0.236559 34
13614 130 24 154 0.688312 26
13615 35 141 176 -0.602273 34
13616 111 34 145 0.531034 33
13617 128 25 153 0.673203 26
13618 112 65 177 0.265537 31
13619 157 37 194 0.618557 33
13620 32 18 50 0.28 23
13621 6 214 220 -0.945455 20
13622 51 109 160 -0.3625 35
13623 88 76 164 0.0731707 31
13624 60 62 122 -0.0163934 28
13625 89 106 195 -0.0871795 30
13626 41 138 179 -0.541899 32
13627 13 136 149 -0.825503 24
13628 23 165 188 -0.755319 31
13629 104 52 156 0.333333 32
13630 54 88 142 -0.239437 26
13631 158 25 183 0.726776 31
13632 120 31 151 0.589404 31
13633 75 25 100 0.5 30
13634 17 147 164 -0.792683 28
13635 94 69 163 0.153374 35
13636 42 147 189 -0.555556 37
13637 72 115 187 -0.229947 34
13638 78 118 196 -0.204082 32
13639 72 99 171 -0.157895 34
13640 105 83 188 0.117021 36
13641 9 110 119 -0.848739 22
13642 156 9 165 0.890909 26
13643 141 18 159 0.773585 29
13644 143 49 192 0.489583 33
13645 11 181 192 -0.885417 25
13646 113 52 165 0.369697 30
13647 207 21 228 0.815789 29
13648 100 44 144 0.388889 30
13649 168 31 199 0.688442 27
13650 22 176 198 -0.777778 31
13651 107 62 169 0.266272 34
13652 31 137 168 -0.630952 30
13653 31 169 200 -0.69 30
13654 82 61 143 0.146853 33
13655 205 13 218 0.880734 27
13656 20 124 144 -0.722222 27
13657 123 21 144 0.708333 33
13658 116 75 191 0.21466 30
13659 6 155 161 -0.925466 22
13660 141 21 162 0.740741 28
13661 127 63 190 0.336842 34
13662 39 122 161 -0.515528 31
13663 123 11 134 0.835821 22
13664 68 38 106 0.283019 28
13665 29 117 146 -0.60274 29
13666 120 13 133 0.804511 25
13667 8 162 170 -0.905882 25
13668 64 100 164 -0.219512 38
13669 44 63 107 -0.17757 30
13670 13 179 192 -0.864583 26
13671 66 103 169 -0.218935 31
13672 77 71 148 0.0405405 31
13673 25 143 168 -0.702381 30
13674 13 243 256 -0.898438 24
13675 94 56 150 0.253333 28
13676 39 112 151 -0.483444 34
13677 20 146 166 -0.759036 30
13678 81 79 160 0.0125 37
13679 105 83 188 0.117021 34
13680 60 110 170 -0.294118 32
13681 126 25 151 0.668874 32
13682 72 62 134 0.0746269 33
13683 5 191 196 -0.94898 24
13684 118 35 153 0.542484 30
13685 183 8 191 0.91623 20
13686 173 48 221 0.565611 29
13687 103 65 168 0.22619 31
13688 141 68 209 0.349282 37
13689 17 134 151 -0.774834 26
13690 15 158 173 -0.82659 30
13691 63 91 154 -0.181818 32
13692 60 94 154 -0.220779 33
13693 65 120 185 -0.297297 30
13694 8 117 125 -0.872 23
13695 8 174 182 -0.912088 25
13696 16 172 188 -0.829787 27
13697 32 115 147 -0.564626 32
13698 24 218 242 -0.801653 29
13699 16 115 131 -0.755725 29
13700 34 114 148 -0.540541 31
13701 123 36 159 0.54717 33
13702 52 99 151 -0.311258 29
13703 50 134 184 -0.456522 31
13704 80 82 162 -0.0123457 34
13705 123 33 156 0.576923 33
13706 18 145 163 -0.779141 28
13707 71 87 158 -0.101266 27
13708 44 124 168 -0.47619 34
13709 28 160 188 -0.702128 31
13710 91 131 222 -0.18018 33
13711 67 78 145 -0.0758621 32
13712 177 18 195 0.815385 23
13713 149 25 174 0.712644 30
13714 61 115 176 -0.306818 32
13715 69 107 176 -0.215909 32
13716 128 29 157 0.630573 27
13717 180 21 201 0.791045 30
13718 12 198 210 -0.885714 20
13719 116 79 195 0.189744 32
13720 100 73 173 0.156069 29
13721 34 113 147 -0.537415 28
13722 87 80 167 0.0419162 32
13723 87 130 217 -0.198157 36
13724 17 156 173 -0.803468 32
13725 222 15 237 0.873418 22
13726 92 82 174 0.0574713 36
13727 57 90 147 -0.22449 32
13728 90 74 164 0.097561 32
13729 72 68 140 0.0285714 30
13730 55 156 211 -0.478673 28
13731 149 8 157 0.898089 24
13732 109 58 167 0.305389 32
13733 154 43 197 0.563452 25
13734 42 106 148 -0.432432 27
13735 185 12 197 0.878173 26
13736 151 8 159 0.899371 27
13737 16 151 167 -0.808383 31
13738 264 13 277 0.906137 21
13739 142 39 181 0.569061 32
13740 34 130 164 -0.585366 34
13741 38 176 214 -0.64486 35
13742 100 77 177 0.129944 34
13743 29 25 54 0.0740741 21
13744 17 177 194 -0.824742 31
13745 82 115 197 -0.167513 31
13746 89 68 157 0.133758 30
13747 61 117 178 -0.314607 32
13748 30 131 161 -0.627329 31
13749 44 116 160 -0.45 35
13750 10 139 149 -0.865772 25
13751 111 49 160 0.3875 35
13752 94 77 171 0.0994152 36
13753 179 27 206 0.737864 30
13754 79 89 168 -0.0595238 29
13755 99 98 197 0.00507614 31
13756 151 21 172 0.755814 30
13757 71 115 186 -0.236559 32
13758 27 86 113 -0.522124 24
13759 129 31 160 0.6125 23
13760 227 15 242 0.876033 20
13761 115 69 184 0.25 31
13762 58 83 141 -0.177305 25
13763 126 38 164 0.536585 34
13764 161 23 184 0.75 31
13765 12 173 185 -0.87027 25
13766 30 126 156 -0.615385 29
13767 96 64 160 0.2 32
13768 176 26 202 0.742574 29
13769 49 144 193 -0.492228 30
13770 90 54 144 0.25 27
13771 54 83 137 -0.211679 30
13772 36 121 157 -0.541401 32
13773 47 146 193 -0.512953 27
13774 16 133 149 -0.785235 23
13775 46 146 192 -0.520833 29
13776 147 9 156 0.884615 27
13777 11 109 120 -0.816667 24
13778 59 71 130 -0.0923077 33
13779 33 158 191 -0.65445 34
13780 9 177 186 -0.903226 23
13781 77 102 179 -0.139665 26
13782 64 117 181 -0.292818 35
13783 17 163 180 -0.811111 26
13784 54 89 143 -0.244755 36
13785 204 34 238 0.714286 27
13786 109 47 156 0.397436 31
13787 88 94 182 -0.032967 34
13788 158 29 187 0.68984 28
13789 15 185 200 -0.85 27
13790 96 61 157 0.22293 30
13791 53 128 181 -0.414365 31
13792 92 77 169 0.0887574 34
13793 126 52 178 0.41573 35
13794 96 71 167 0.149701 32
13795 143 46 189 0.513228 31
13796 150 55 205 0.463415 35
13797 201 32 233 0.725322 27
13798 95 79 174 0.091954 33
13799 86 82 168 0.0238095 27
13800 58 118 176 -0.340909 30
13801 23 210 233 -0.802575 26
13802 141 21 162 0.740741 23
13803 138 34 172 0.604651 29
13804 94 40 134 0.402985 27
13805 136 48 184 0.478261 29
13806 72 95 167 -0.137725 35
13807 110 55 165 0.333333 34
13808 88 55 143 0.230769 27
13809 17 160 177 -0.80791 29
13810 137 37 174 0.574713 33
13811 196 21 217 0.806452 25
13812 25 150 175 -0.714286 29
13813 37 92 129 -0.426357 28
13814 58 71 129 -0.100775 33
13815 23 141 164 -0.719512 27
13816 8 152 160 -0.9 24
13817 8 158 166 -0.903614 26
13818 167 29 196 0.704082 35
13819 36 121 157 -0.541401 32
13820 18 138 156 -0.769231 28
13821 33 197 230 -0.713043 26
13822 7 192 199 -0.929648 23
13823 56 107 163 -0.312883 33
13824 38 124 162 -0.530864 33
13825 116 32 148 0.567568 28
13826 9 168 177 -0.898305 26
13827 165 15 180 0.833333 24
13828 126 60 186 0.354839 35
13829 95 67 162 0.17284 31
13830 118 42 160 0.475 35
13831 12 140 152 -0.842105 25
13832 106 55 161 0.31677 31
13833 20 154 174 -0.770115 29
13834 130 15 145 0.793103 29
13835 90 106 196 -0.0816327 29
13836 34 95 129 -0.472868 29
13837 122 9 131 0.862595 28
13838 75 87 162 -0.0740741 34
13839 145 36 181 0.60221 32
13840 125 33 158 0.582278 27
13841 41 113 154 -0.467532 28
13842 11 239 250 -0.912 24
13843 138 50 188 0.468085 35
13844 193 5 198 0.949495 19
13845 34 128 162 -0.580247 29
13846 145 29 174 0.666667 30
13847 179 44 223 0.605381 21
13848 99 56 155 0.277419 28
13849 111 80 191 0.162304 33
13850 34 156 190 -0.642105 31
13851 24 147 171 -0.719298 28
13852 63 99 162 -0.222222 27
13853 122 42 164 0.487805 30
13854 116 38 154 0.506494 35
13855 156 11 167 0.868263 24
13856 133 59 192 0.385417 33
13857 79 85 164 -0.0365854 27
13858 96 83 179 0.0726257 33
13859 112 49 161 0.391304 31
13860 15 129 144 -0.791667 28
13861 29 208 237 -0.755274 30
13862 118 67 185 0.275676 31
13863 21 166 187 -0.775401 30
13864 62 87 149 -0.167785 34
13865 134 40 174 0.54023 28
13866 120 55 175 0.371429 33
13867 50 83 133 -0.24812 27
13868 35 59 94 -0.255319 31
13869 70 109 179 -0.217877 30
13870 51 87 138 -0.26087 33
13871 64 93 157 -0.184713 36
13872 162 20 182 0.78022 20
13873 12 154 166 -0.855422 26
13874 24 119 143 -0.664336 32
13875 93 72 165 0.127273 34
13876 48 69 117 -0.179487 35
13877 70 86 156 -0.102564 33
13878 159 34 193 0.647668 34
13879 164 30 194 0.690722 30
13880 170 12 182 0.868132 28
13881 7 219 226 -0.938053 22
13882 144 55 199 0.447236 32
13883 36 92 128 -0.4375 29
13884 35 123 158 -0.556962 34
13885 49 102 151 -0.350993 30
13886 7 187 194 -0.927835 25
13887 63 96 159 -0.207547 25
13888 108 66 174 0.241379 33
13889 64 55 119 0.0756303 31
13890 73 93 166 -0.120482 36
13891 19 104 123 -0.691057 29
13892 175 30 205 0.707317 32
13893 28 155 183 -0.693989 33
13894 6 164 170 -0.929412 21
13895 69 93 162 -0.148148 33
13896 141 31 172 0.639535 31
13897 218 13 231 0.887446 26
13898 31 179 210 -0.704762 28
13899 60 52 112 0.0714286 30
13900 119 45 164 0.45122 29
13901 12 184 196 -0.877551 29
13902 150 18 168 0.785714 30
13903 87 54 141 0.234043 28
13904 85 115 200 -0.15 36
13905 77 93 170 -0.0941176 34
13906 159 16 175 0.817143 27
13907 13 154 167 -0.844311 26
13908 135 49 184 0.467391 32
13909 129 54 183 0.409836 29
13910 63 93 156 -0.192308 34
13911 26 166 192 -0.729167 29
13912 63 114 177 -0.288136 33
13913 49 145 194 -0.494845 33
13914 5 174 179 -0.944134 24
13915 10 247 257 -0.922179 21
13916 100 30 130 0.538462 30
13917 160 12 172 0.860465 26
13918 29 54 83 -0.301205 33
13919 5 198 203 -0.950739 23
13920 13 157 170 -0.847059 29
13921 40 134 174 -0.54023 28
13922 264 9 273 0.934066 17
13923 31 191 222 -0.720721 33
13924 73 88 161 -0.0931677 36
13925 152 55 207 0.468599 30
13926 76 72 148 0.027027 31
13927 96 11 107 0.794393 17
13928 8 125 133 -0.879699 25
13929 136 22 158 0.721519 31
13930 6 141 147 -0.918367 23
13931 172 14 186 0.849462 28
13932 105 33 138 0.521739 30
13933 6 170 176 -0.931818 24
13934 83 64 147 0.129252 31
13935 53 7 60 0.766667 20
13936 10 92 102 -0.803922 24
13937 79 102 181 -0.127072 35
13938 72 73 145 -0.00689655 29
13939 171 15 186 0.83871 29
13940 22 144 166 -0.73494 30
13941 168 17 185 0.816216 29
13942 8 212 220 -0.927273 22
13943 21 131 152 -0.723684 30
13944 11 178 189 -0.883598 22
13945 98 72 170 0.152941 32
13946 91 26 117 0.555556 19
13947 142 33 175 0.622857 29
13948 75 103 178 -0.157303 31
13949 36 139 175 -0.588571 27
13950 81 131 212 -0.235849 34
13951 171 13 184 0.858696 25
13952 81 74 155 0.0451613 30
13953 182 12 194 0.876289 28
13954 156 30 186 0.677419 23
13955 139 12 151 0.84106 27
13956 93 41 134 0.38806 25
13957 162 9 171 0.894737 25
13958 73 63 136 0.0735294 30
13959 221 5 226 0.955752 19
13960 71 114 185 -0.232432 32
13961 93 68 161 0.15528 33
13962 43 73 116 -0.258621 31
13963 66 126 192 -0.3125 34
13964 10 119 129 -0.844961 24
13965 144 54 198 0.454545 32
13966 85 72 157 0.0828025 33
13967 104 52 156 0.333333 30
13968 87 84 171 0.0175439 34
13969 17 187 204 -0.833333 26
13970 85 87 172 -0.0116279 34
13971 179 52 231 0.549784 35
13972 120 26 146 0.643836 30
13973 98 54 152 0.289474 32
13974 26 131 157 -0.66879 20
13975 7 168 175 -0.92 17
13976 7 181 188 -0.925532 16
13977 107 49 156 0.371795 34
13978 147 24 171 0.719298 31
13979 30 130 160 -0.625 34
13980 51 135 186 -0.451613 29
13981 168 32 200 0.68 33
13982 24 147 171 -0.719298 29
13983 29 51 80 -0.275 28
13984 19 180 199 -0.809045 26
13985 120 14 134 0.791045 21
13986 157 32 189 0.661376 32
13987 56 128 184 -0.391304 33
13988 77 42 119 0.294118 28
13989 92 87 179 0.027933 35
13990 89 93 182 -0.021978 36
13991 52 100 152 -0.315789 31
13992 102 34 136 0.5 31
13993 42 120 162 -0.481481 28
13994 81 67 148 0.0945946 34
13995 145 14 159 0.823899 27
13996 143 43 186 0.537634 30
13997 54 105 159 -0.320755 27
13998 25 139 164 -0.695122 28
13999 142 10 152 0.868421 27
14000 80 78 158 0.0126582 29
14001 87 76 163 0.0674847 29
14002 58 138 196 -0.408163 32
14003 25 44 69 -0.275362 23
14004 54 119 173 -0.375723 35
14005 39 90 129 -0.395349 32
14006 51 112 163 -0.374233 27
14007 29 130 159 -0.63522 28
14008 21 217 238 -0.823529 26
14009 6 253 259 -0.953668 24
14010 103 47 150 0.373333 30
14011 95 70 165 0.151515 32
14012 140 52 192 0.458333 25
14013 96 108 204 -0.0588235 36
14014 34 145 179 -0.620112 29
14015 61 43 104 0.173077 28
14016 46 108 154 -0.402597 35
14017 132 32 164 0.609756 30
14018 111 19 130 0.707692 28
14019 38 127 165 -0.539394 32
14020 161 55 216 0.490741 34
14021 134 41 175 0.531429 29
14022 7 163 170 -0.917647 24
14023 115 57 172 0.337209 37
14024 11 147 158 -0.860759 22
14025 178 19 197 0.807107 30
14026 31 124 155 -0.6 30
14027 48 82 130 -0.261538 32
14028 87 68 155 0.122581 32
14029 63 97 160 -0.2125 28
14030 11 210 221 -0.900452 26
14031 155 24 179 0.731844 24
14032 71 114 185 -0.232432 32
14033 119 48 167 0.42515 26
14034 138 21 159 0.735849 32
14035 38 125 163 -0.533742 29
14036 49 145 194 -0.494845 34
14037 147 53 200 0.47 32
14038 165 26 191 0.727749 30
14039 43 74 117 -0.264957 32
14040 9 202 211 -0.914692 24
14041 84 50 134 0.253731 30
14042 56 118 174 -0.356322 38
14043 12 228 240 -0.9 27
14044 98 97 195 0.00512821 33
14045 30 128 158 -0.620253 29
14046 198 8 206 0.92233 21
14047 25 176 201 -0.751244 31
14048 152 20 172 0.767442 25
14049 118 32 150 0.573333 26
14050 15 176 191 -0.842932 29
14051 65 155 220 -0.409091 34
14052 9 202 211 -0.914692 21
14053 184 23 207 0.777778 23
14054 31 107 138 -0.550725 30
14055 135 47 182 0.483516 35
14056 57 108 165 -0.309091 32
14057 43 139 182 -0.527473 32
14058 22 169 191 -0.769634 30
14059 118 43 161 0.465839 31
14060 34 115 149 -0.543624 30
14061 55 134 189 -0.417989 33
14062 103 8 111 0.855856 17
14063 15 189 204 -0.852941 28
14064 95 83 178 0.0674157 35
14065 126 24 150 0.68 30
14066 144 23 167 0.724551 30
14067 26 112 138 -0.623188 21
14068 36 116 152 -0.526316 29
14069 89 121 210 -0.152381 35
14070 90 56 146 0.232877 27
14071 15 163 178 -0.831461 29
14072 189 8 197 0.918782 24
14073 86 92 178 -0.0337079 33
14074 23 166 189 -0.756614 33
14075 16 188 204 -0.843137 28
14076 125 32 157 0.592357 32
14077 41 89 130 -0.369231 35
14078 7 193 200 -0.93 25
14079 16 132 148 -0.783784 31
14080 116 39 155 0.496774 31
14081 75 74 149 0.00671141 25
14082 98 68 166 0.180723 26
14083 61 120 181 -0.325967 31
14084 169 13 182 0.857143 28
14085 172 12 184 0.869565 24
14086 161 20 181 0.779006 29
14087 78 87 165 -0.0545455 32
14088 157 6 163 0.92638 24
14089 63 64 127 -0.00787402 29
14090 64 78 142 -0.0985915 31
14091 135 42 177 0.525424 23
14092 73 56 129 0.131783 26
14093 191 22 213 0.793427 33
14094 103 59 162 0.271605 33
14095 107 37 144 0.486111 35
14096 40 146 186 -0.569892 35
14097 83 72 155 0.0709677 32
14098 45 97 142 -0.366197 31
14099 15 190 205 -0.853659 22
14100 123 47 170 0.447059 32
14101 42 158 200 -0.58 31
14102 145 69 214 0.35514 36
14103 36 91 127 -0.433071 30
14104 56 120 176 -0.363636 25
14105 73 49 122 0.196721 32
14106 23 186 209 -0.779904 29
14107 137 16 153 0.79085 27
14108 98 78 176 0.113636 32
14109 208 9 217 0.917051 24
14110 12 130 142 -0.830986 27
14111 72 97 169 -0.147929 29
14112 238 16 254 0.874016 27
14113 35 116 151 -0.536424 31
14114 15 217 232 -0.87069 22
14115 29 130 159 -0.63522 29
14116 30 123 153 -0.607843 34
14117 21 163 184 -0.771739 30
14118 210 4 214 0.962617 17
14119 96 18 114 0.684211 28
14120 132 11 143 0.846154 26
14121 39 193 232 -0.663793 29
14122 40 127 167 -0.520958 27
14123 83 69 152 0.0921053 29
14124 37 100 137 -0.459854 29
14125 41 149 190 -0.568421 34
14126 33 137 170 -0.611765 32
14127 97 74 171 0.134503 29
14128 122 55 177 0.378531 34
14129 69 115 184 -0.25 30
14130 47 96 143 -0.342657 31
14131 113 49 162 0.395062 35
14132 34 104 138 -0.507246 30
14133 115 50 165 0.393939 24
14134 106 77 183 0.15847 35
14135 137 7 144 0.902778 25
14136 45 139 184 -0.51087 30
14137 199 13 212 0.877358 23
14138 112 12 124 0.806452 26
14139 154 15 169 0.822485 30
14140 176 37 213 0.652582 36
14141 11 174 185 -0.881081 26
14142 116 47 163 0.423313 28
14143 108 57 165 0.309091 28
14144 85 79 164 0.0365854 33
14145 100 83 183 0.0928962 31
14146 167 24 191 0.748691 34
14147 22 154 176 -0.75 28
14148 225 15 240 0.875 22
14149 115 58 173 0.32948 25
14150 21 120 141 -0.702128 28
14151 36 47 83 -0.13253 27
14152 46 125 171 -0.461988 36
14153 14 141 155 -0.819355 29
14154 85 45 130 0.307692 28
14155 74 96 170 -0.129412 36
14156 63 122 185 -0.318919 30
14157 84 71 155 0.083871 34
14158 90 61 151 0.192053 29
14159 12 148 160 -0.85 25
14160 16 138 154 -0.792208 24
14161 98 33 131 0.496183 30
14162 17 178 195 -0.825641 29
14163 55 103 158 -0.303797 32
14164 133 21 154 0.727273 29
14165 52 74 126 -0.174603 29
14166 94 81 175 0.0742857 31
14167 18 120 138 -0.73913 27
14168 127 62 189 0.343915 33
14169 31 154 185 -0.664865 26
14170 131 2 133 0.969925 18
14171 39 123 162 -0.518519 36
14172 197 38 235 0.676596 29
14173 23 138 161 -0.714286 29
14174 167 14 181 0.845304 29
14175 152 41 193 0.57513 32
14176 62 99 161 -0.229814 34
14177 119 6 125 0.904 24
14178 153 40 193 0.585492 30
14179 90 40 130 0.384615 30
14180 89 56 145 0.227586 33
14181 157 38 195 0.610256 34
14182 97 73 170 0.141176 31
14183 55 116 171 -0.356725 26
14184 108 7 115 0.878261 25
14185 43 130 173 -0.50289 32
14186 55 108 163 -0.325153 34
14187 56 103 159 -0.295597 31
14188 96 28 124 0.548387 30
14189 80 97 177 -0.0960452 31
14190 116 43 159 0.459119 27
14191 111 111 222 0 30
14192 105 84 189 0.111111 33
14193 9 185 194 -0.907216 26
14194 118 61 179 0.318436 34
14195 62 139 201 -0.383085 31
14196 107 30 137 0.562044 33
14197 143 56 199 0.437186 29
14198 119 36 155 0.535484 32
14199 117 43 160 0.4625 30
14200 45 128 173 -0.479769 37
14201 16 157 173 -0.815029 27
14202 219 19 238 0.840336 27
14203 7 187 194 -0.927835 18
14204 17 170 187 -0.818182 25
14205 243 5 248 0.959677 23
14206 116 54 170 0.364706 36
14207 75 87 162 -0.0740741 35
14208 2 230 232 -0.982759 20
14209 81 89 170 -0.0470588 33
14210 119 41 160 0.4875 32
14211 114 5 119 0.915966 20
14212 120 50 170 0.411765 32
14213 212 11 223 0.901345 27
14214 96 58 154 0.246753 31
14215 6 207 213 -0.943662 20
14216 192 5 197 0.949239 23
14217 81 16 97 0.670103 20
14218 151 39 190 0.589474 30
14219 86 86 172 0 35
14220 15 172 187 -0.839572 27
14221 188 19 207 0.816425 32
14222 91 94 185 -0.0162162 35
14223 66 121 187 -0.294118 29
14224 50 156 206 -0.514563 30
14225 41 168 209 -0.607656 27
14226 92 47 139 0.323741 28
14227 66 53 119 0.109244 25
14228 67 98 165 -0.187879 32
14229 73 118 191 -0.235602 36
14230 167 8 175 0.908571 26
14231 133 35 168 0.583333 29
14232 56 120 176 -0.363636 30
14233 135 61 196 0.377551 25
14234 113 36 149 0.516779 24
14235 14 154 168 -0.833333 28
14236 101 84 185 0.0918919 36
14237 128 32 160 0.6 31
14238 12 190 202 -0.881188 26
14239 132 66 198 0.333333 35
14240 159 45 204 0.558824 31
14241 130 10 140 0.857143 26
14242 91 68 159 0.144654 30
14243 130 53 183 0.420765 31
14244 131 39 170 0.541176 29
14245 122 33 155 0.574194 34
14246 124 28 152 0.631579 31
14247 75 81 156 -0.0384615 26
14248 13 203 216 -0.87963 20
14249 201 8 209 0.923445 26
14250 91 55 146 0.246575 30
14251 22 147 169 -0.739645 25
14252 23 135 158 -0.708861 29
14253 11 129 140 -0.842857 25
14254 189 12 201 0.880597 25
14255 106 36 142 0.492958 33
14256 115 18 133 0.729323 24
14257 17 213 230 -0.852174 26
14258 175 11 186 0.88172 25
14259 154 26 180 0.711111 28
14260 16 235 251 -0.87251 29
14261 138 59 197 0.401015 37
14262 15 154 169 -0.822485 28
14263 28 114 142 -0.605634 28
14264 103 63 166 0.240964 30
14265 91 81 172 0.0581395 32
14266 169 22 191 0.769634 29
14267 140 43 183 0.530055 27
14268 31 159 190 -0.673684 30
14269 169 35 204 0.656863 28
14270 39 164 203 -0.615764 30
14271 252 8 260 0.938462 23
14272 38 145 183 -0.584699 33
14273 154 51 205 0.502439 30
14274 47 151 198 -0.525253 34
14275 50 104 154 -0.350649 29
14276 71 76 147 -0.0340136 30
14277 136 22 158 0.721519 31
14278 33 102 135 -0.511111 32
14279 118 14 132 0.787879 22
14280 51 153 204 -0.5 34
14281 160 18 178 0.797753 28
14282 42 135 177 -0.525424 35
14283 107 72 179 0.195531 32
14284 104 81 185 0.124324 30
14285 48 93 141 -0.319149 32
14286 40 76 116 -0.310345 31
14287 35 117 152 -0.539474 28
14288 20 194 214 -0.813084 25
14289 49 187 236 -0.584746 33
14290 70 122 192 -0.270833 37
14291 142 36 178 0.595506 29
14292 111 21 132 0.681818 32
14293 67 128 195 -0.312821 34
14294 6 104 110 -0.890909 22
14295 15 199 214 -0.859813 25
14296 124 10 134 0.850746 22
14297 106 53 159 0.333333 31
14298 74 70 144 0.0277778 30
14299 68 103 171 -0.204678 31
14300 98 54 152 0.289474 29
14301 75 104 179 -0.162011 32
14302 16 238 254 -0.874016 28
14303 92 95 187 -0.0160428 36
14304 98 63 161 0.217391 29
14305 61 82 143 -0.146853 31
14306 36 100 136 -0.470588 33
14307 20 155 175 -0.771429 29
14308 44 96 140 -0.371429 36
14309 167 29 196 0.704082 26
14310 39 176 215 -0.637209 34
14311 129 9 138 0.869565 22
14312 57 108 165 -0.309091 33
14313 190 25 215 0.767442 29
14314 104 57 161 0.291925 34
14315 65 53 118 0.101695 33
14316 86 95 181 -0.0497238 32
14317 229 17 246 0.861789 24
14318 1 236 237 -0.991561 13
14319 89 90 179 -0.00558659 31
14320 83 107 190 -0.126316 33
14321 95 91 186 0.0215054 33
14322 138 43 181 0.524862 33
14323 64 66 130 -0.0153846 28
14324 215 12 227 0.894273 28
14325 71 107 178 -0.202247 27
14326 66 98 164 -0.195122 30
14327 87 75 162 0.0740741 35
14328 95 80 175 0.0857143 33
14329 21 37 58 -0.275862 27
14330 158 27 185 0.708108 32
14331 163 54 217 0.502304 35
14332 24 157 181 -0.734807 28
14333 128 10 138 0.855072 24
14334 89 69 158 0.126582 27
14335 30 146 176 -0.659091 26
14336 56 116 172 -0.348837 30
14337 108 72 180 0.2 31
14338 13 255 268 -0.902985 23
14339 6 187 193 -0.937824 20
14340 106 84 190 0.115789 35
14341 19 170 189 -0.798942 24
14342 82 83 165 -0.00606061 38
14343 63 84 147 -0.142857 30
14344 126 84 210 0.2 34
14345 110 43 153 0.437908 30
14346 111 54 165 0.345455 33
14347 15 177 192 -0.84375 28
14348 23 161 184 -0.75 29
14349 193 21 214 0.803738 25
14350 74 128 202 -0.267327 34
14351 46 136 182 -0.494505 30
14352 18 135 153 -0.764706 28
14353 39 112 151 -0.483444 31
14354 18 140 158 -0.772152 31
14355 97 87 184 0.0543478 33
14356 58 64 122 -0.0491803 23
14357 129 66 195 0.323077 32
14358 58 128 186 -0.376344 32
14359 69 96 165 -0.163636 32
14360 71 66 137 0.0364964 28
14361 35 168 203 -0.655172 25
14362 142 49 191 0.486911 35
14363 159 7 166 0.915663 23
14364 185 24 209 0.770335 29
14365 25 142 167 -0.700599 31
14366 60 92 152 -0.210526 32
14367 7 177 184 -0.923913 24
14368 74 134 208 -0.288462 30
14369 7 115 122 -0.885246 26
14370 32 113 145 -0.558621 28
14371 62 102 164 -0.243902 30
14372 41 120 161 -0.490683 28
14373 15 212 227 -0.867841 25
14374 26 109 135 -0.614815 36
14375 7 214 221 -0.936652 24
14376 134 26 160 0.675 28
14377 57 101 158 -0.278481 29
14378 99 66 165 0.2 34
14379 91 71 162 0.123457 34
14380 25 45 70 -0.285714 21
14381 93 77 170 0.0941176 32
14382 9 155 164 -0.890244 26
14383 9 174 183 -0.901639 19
14384 133 5 138 0.927536 23
14385 98 55 153 0.281046 31
14386 20 151 171 -0.766082 31
14387 109 39 148 0.472973 31
14388 59 113 172 -0.313953 35
14389 56 99 155 -0.277419 33
14390 151 28 179 0.687151 33
14391 140 32 172 0.627907 33
14392 90 69 159 0.132075 32
14393 22 131 153 -0.712418 31
14394 44 108 152 -0.421053 34
14395 30 217 247 -0.757085 32
14396 12 168 180 -0.866667 14
14397 58 109 167 -0.305389 33
14398 17 164 181 -0.812155 29
14399 14 154 168 -0.833333 29
14400 98 45 143 0.370629 33
14401 14 221 235 -0.880851 28
14402 110 59 169 0.301775 36
14403 12 9 21 0.142857 13
14404 73 112 185 -0.210811 33
14405 4 229 233 -0.965665 18
14406 147 46 193 0.523316 33
14407 16 197 213 -0.849765 26
14408 137 24 161 0.701863 29
14409 180 63 243 0.481481 30
14410 42 82 124 -0.322581 30
14411 81 73 154 0.0519481 27
14412 152 13 165 0.842424 28
14413 22 180 202 -0.782178 32
14414 224 10 234 0.91453 20
14415 110 73 183 0.202186 35
14416 122 32 154 0.584416 30
14417 189 15 204 0.852941 27
14418 60 101 161 -0.254658 30
14419 54 102 156 -0.307692 31
14420 40 149 189 -0.57672 28
14421 33 73 106 -0.377358 30
14422 154 16 170 0.811765 26
14423 50 151 201 -0.502488 29
14424 120 34 154 0.558442 29
14425 135 58 193 0.398964 27
14426 58 53 111 0.045045 30
14427 4 200 204 -0.960784 18
14428 37 110 147 -0.496599 34
14429 34 174 208 -0.673077 29
14430 127 44 171 0.48538 32
14431 166 21 187 0.775401 30
14432 81 100 181 -0.104972 31
14433 115 58 173 0.32948 34
14434 54 117 171 -0.368421 30
14435 86 85 171 0.00584795 32
14436 85 87 172 -0.0116279 29
14437 45 132 177 -0.491525 34
14438 95 67 162 0.17284 23
14439 51 105 156 -0.346154 33
14440 44 62 106 -0.169811 33
14441 103 24 127 0.622047 28
14442 142 28 170 0.670588 28
14443 122 11 133 0.834586 22
14444 93 77 170 0.0941176 37
14445 29 156 185 -0.686486 31
14446 190 16 206 0.84466 20
14447 30 156 186 -0.677419 32
14448 34 100 134 -0.492537 31
14449 13 161 174 -0.850575 28
14450 8 173 181 -0.911602 24
14451 155 17 172 0.802326 28
14452 130 27 157 0.656051 29
14453 33 50 83 -0.204819 28
14454 6 170 176 -0.931818 22
14455 100 67 167 0.197605 33
14456 23 117 140 -0.671429 27
14457 42 99 141 -0.404255 30
14458 167 15 182 0.835165 31
14459 145 24 169 0.715976 32
14460 142 28 170 0.670588 31
14461 27 115 142 -0.619718 32
14462 88 48 136 0.294118 32
14463 186 10 196 0.897959 26
14464 195 16 211 0.848341 27
14465 34 138 172 -0.604651 31
14466 30 89 119 -0.495798 30
14467 14 184 198 -0.858586 24
14468 173 22 195 0.774359 30
14469 88 86 174 0.0114943 33
14470 21 112 133 -0.684211 28
14471 74 134 208 -0.288462 30
14472 18 181 199 -0.819095 26
14473 23 133 156 -0.705128 26
14474 121 41 162 0.493827 29
14475 96 63 159 0.207547 30
14476 49 148 197 -0.502538 34
14477 70 105 175 -0.2 34
14478 54 97 151 -0.284768 29
14479 121 58 179 0.351955 33
14480 158 36 194 0.628866 25
14481 87 62 149 0.167785 33
14482 116 39 155 0.496774 29
14483 151 8 159 0.899371 25
14484 4 188 192 -0.958333 14
14485 39 134 173 -0.549133 31
14486 188 49 237 0.586498 29
14487 40 109 149 -0.463087 29
14488 77 62 139 0.107914 33
14489 46 130 176 -0.477273 32
14490 95 83 178 0.0674157 32
14491 167 26 193 0.73057 32
14492 55 125 180 -0.388889 28
14493 133 53 186 0.430108 31
14494 23 140 163 -0.717791 30
14495 18 153 171 -0.789474 23
14496 4 145 149 -0.946309 20
14497 63 101 164 -0.231707 36
14498 88 55 143 0.230769 32
14499 86 85 171 0.00584795 36
14500 150 37 187 0.604278 32
14501 118 50 168 0.404762 36
14502 0 130 130 -1 6
14503 77 80 157 -0.0191083 31
14504 18 148 166 -0.783133 26
14505 51 109 160 -0.3625 28
14506 75 69 144 0.0416667 28
14507 22 185 207 -0.78744 31
14508 91 61 152 0.197368 33
14509 122 55 177 0.378531 31
14510 176 18 194 0.814433 26
14511 67 118 185 -0.275676 34
14512 183 24 207 0.768116 23
14513 72 83 155 -0.0709677 28
14514 70 67 137 0.0218978 27
14515 144 30 174 0.655172 29
14516 5 198 203 -0.950739 23
14517 88 64 152 0.157895 27
14518 55 116 171 -0.356725 30
14519 8 147 155 -0.896774 26
14520 74 105 179 -0.173184 27
14521 44 134 178 -0.505618 31
14522 33 93 126 -0.47619 31
14523 188 12 200 0.88 27
14524 123 11 134 0.835821 25
14525 52 107 159 -0.345912 32
14526 74 79 153 -0.0326797 23
14527 106 59 165 0.284848 32
14528 14 165 179 -0.843575 27
14529 7 210 217 -0.935484 20
14530 48 94 142 -0.323944 25
14531 9 154 163 -0.889571 24
14532 28 153 181 -0.690608 32
14533 56 80 136 -0.176471 30
14534 164 26 190 0.726316 29
14535 118 38 156 0.512821 34
14536 83 89 172 -0.0348837 34
14537 93 66 159 0.169811 36
14538 110 59 169 0.301775 34
14539 90 45 135 0.333333 28
14540 113 47 160 0.4125 32
14541 108 68 176 0.227273 33
14542 58 112 170 -0.317647 29
14543 119 42 161 0.478261 32
14544 83 110 193 -0.139896 30
14545 189 19 208 0.817308 28
14546 89 73 162 0.0987654 33
14547 164 18 182 0.802198 28
14548 177 19 196 0.806122 24
14549 187 17 204 0.833333 26
14550 39 115 154 -0.493506 25
14551 95 52 147 0.292517 35
14552 63 88 151 -0.165563 30
14553 108 35 143 0.51049 36
14554 68 76 144 -0.0555556 31
14555 123 72 195 0.261538 35
14556 79 6 85 0.858824 15
14557 164 5 169 0.940828 22
14558 144 55 199 0.447236 31
14559 93 75 168 0.107143 35
14560 39 91 130 -0.4 31
14561 51 100 151 -0.324503 32
14562 60 104 164 -0.268293 31
14563 85 78 163 0.0429448 34
14564 59 96 155 -0.23871 30
14565 101 59 160 0.2625 28
14566 38 48 86 -0.116279 29
14567 165 39 204 0.617647 30
14568 90 21 111 0.621622 30
14569 78 94 172 -0.0930233 32
14570 177 27 204 0.735294 27
14571 111 6 117 0.897436 23
14572 25 116 141 -0.64539 31
14573 22 146 168 -0.738095 29
14574 30 207 237 -0.746835 31
14575 56 64 120 -0.0666667 33
14576 127 20 147 0.727891 28
14577 44 119 163 -0.460123 34
14578 244 14 258 0.891473 25
14579 34 127 161 -0.57764 27
14580 35 168 203 -0.655172 32
14581 96 94 190 0.0105263 32
14582 31 129 160 -0.6125 31
14583 34 132 166 -0.590361 28
14584 71 91 162 -0.123457 34
14585 147 44 191 0.539267 32
14586 39 203 242 -0.677686 26
14587 6 171 177 -0.932203 18
14588 46 75 121 -0.239669 31
14589 14 196 210 -0.866667 23
14590 82 1 83 0.975904 17
14591 51 140 191 -0.465969 32
14592 25 128 153 -0.673203 28
14593 60 82 142 -0.15493 32
14594 167 16 183 0.825137 27
14595 90 86 176 0.0227273 35
14596 29 168 197 -0.705584 28
14597 33 191 224 -0.705357 34
14598 172 21 193 0.782383 27
14599 115 45 160 0.4375 22
14600 107 72 179 0.195531 31
14601 59 102 161 -0.267081 37
14602 80 70 150 0.0666667 34
14603 166 12 178 0.865169 26
14604 73 56 129 0.131783 32
14605 61 111 172 -0.290698 38
14606 43 159 202 -0.574257 34
14607 87 46 133 0.308271 32
14608 6 175 181 -0.933702 24
14609 6 206 212 -0.943396 24
14610 77 109 186 -0.172043 30
14611 31 141 172 -0.639535 29
14612 13 142 155 -0.832258 28
14613 27 119 146 -0.630137 34
14614 57 108 165 -0.309091 32
14615 134 47 181 0.480663 32
14616 87 93 180 -0.0333333 32
14617 132 19 151 0.748344 28
14618 15 134 149 -0.798658 28
14619 94 78 172 0.0930233 31
14620 41 87 128 -0.359375 34
14621 22 127 149 -0.704698 33
14622 82 112 194 -0.154639 29
14623 81 100 181 -0.104972 37
14624 164 9 173 0.895954 27
14625 60 105 165 -0.272727 32
14626 40 121 161 -0.503106 30
14627 150 14 164 0.829268 27
14628 27 172 199 -0.728643 25
14629 154 28 182 0.692308 32
14630 43 142 185 -0.535135 28
14631 155 24 179 0.731844 29
14632 21 152 173 -0.757225 26
14633 9 129 138 -0.869565 22
14634 11 221 232 -0.905172 23
14635 168 40 208 0.615385 26
14636 6 180 186 -0.935484 24
14637 73 84 157 -0.0700637 28
14638 218 30 248 0.758065 31
14639 93 108 201 -0.0746269 34
14640 56 94 150 -0.253333 30
14641 115 97 212 0.0849057 32
14642 147 16 163 0.803681 26
14643 43 110 153 -0.437908 30
14644 71 56 127 0.11811 29
14645 10 126 136 -0.852941 26
14646 117 12 129 0.813953 22
14647 110 51 161 0.36646 34
14648 10 111 121 -0.834711 26
14649 26 133 159 -0.672956 27
14650 140 23 163 0.717791 25
14651 62 97 159 -0.220126 30
14652 25 200 225 -0.777778 29
14653 178 15 193 0.84456 26
14654 154 40 194 0.587629 30
14655 184 38 222 0.657658 26
14656 178 7 185 0.924324 26
14657 88 81 169 0.0414201 32
14658 72 109 181 -0.20442 32
14659 62 114 176 -0.295455 36
14660 37 85 122 -0.393443 28
14661 76 66 142 0.0704225 31
14662 73 52 125 0.168 27
14663 146 17 163 0.791411 27
14664 60 144 204 -0.411765 30
14665 174 15 189 0.84127 30
14666 74 114 188 -0.212766 33
14667 40 174 214 -0.626168 29
14668 42 143 185 -0.545946 31
14669 123 17 140 0.757143 28
14670 177 36 213 0.661972 31
14671 45 124 169 -0.467456 34
14672 85 69 154 0.103896 31
14673 34 170 204 -0.666667 28
14674 82 79 161 0.0186335 32
14675 23 162 185 -0.751351 30
14676 43 148 191 -0.549738 35
14677 46 73 119 -0.226891 30
14678 99 75 174 0.137931 30
14679 145 26 171 0.695906 32
14680 94 67 161 0.167702 27
14681 25 177 202 -0.752475 32
14682 62 95 157 -0.210191 36
14683 116 40 156 0.487179 30
14684 69 112 181 -0.237569 30
14685 60 117 177 -0.322034 31
14686 76 129 205 -0.258537 31
14687 53 6 59 0.79661 17
14688 123 56 179 0.374302 35
14689 89 86 175 0.0171429 32
14690 74 78 152 -0.0263158 26
14691 137 14 151 0.81457 28
14692 65 55 120 0.0833333 31
14693 200 4 204 0.960784 20
14694 13 210 223 -0.883408 24
14695 145 55 200 0.45 34
14696 17 177 194 -0.824742 25
14697 63 106 169 -0.254438 30
14698 19 178 197 -0.807107 31
14699 181 8 189 0.915344 26
14700 31 118 149 -0.583893 31
14701 36 115 151 -0.523179 31
14702 127 33 160 0.5875 28
14703 84 70 154 0.0909091 33
14704 159 21 180 0.766667 26
14705 73 112 185 -0.210811 35
14706 123 96 219 0.123288 32
14707 219 17 236 0.855932 30
14708 102 51 153 0.333333 25
14709 82 69 151 0.0860927 33
14710 161 21 182 0.769231 31
14711 65 100 165 -0.212121 34
14712 54 130 184 -0.413043 29
14713 124 21 145 0.710345 27
14714 14 18 32 -0.125 18
14715 152 35 187 0.625668 31
14716 125 17 142 0.760563 27
14717 46 114 160 -0.425 30
14718 127 19 146 0.739726 30
14719 15 158 173 -0.82659 29
14720 89 59 148 0.202703 28
14721 43 99 142 -0.394366 32
14722 73 72 145 0.00689655 32
14723 56 97 153 -0.267974 27
14724 31 102 133 -0.533835 35
14725 50 109 159 -0.371069 34
14726 114 73 187 0.219251 32
14727 97 98 195 -0.00512821 33
14728 82 94 176 -0.0681818 29
14729 57 96 153 -0.254902 35
14730 127 63 190 0.336842 30
14731 86 64 150 0.146667 33
14732 167 17 184 0.815217 29
14733 251 14 265 0.89434 23
14734 21 162 183 -0.770492 28
14735 5 147 152 -0.934211 23
14736 25 174 199 -0.748744 25
14737 43 105 148 -0.418919 26
14738 153 56 209 0.464115 37
14739 88 71 159 0.106918 34
14740 37 107 144 -0.486111 30
14741 63 127 190 -0.336842 36
14742 121 41 162 0.493827 29
14743 42 172 214 -0.607477 35
14744 69 133 202 -0.316832 36
14745 76 104 180 -0.155556 34
14746 156 20 176 0.772727 24
14747 189 17 206 0.834951 25
14748 29 206 235 -0.753191 31
14749 63 88 151 -0.165563 30
14750 92 78 170 0.0823529 35
14751 43 109 152 -0.434211 35
14752 42 120 162 -0.481481 34
14753 17 198 215 -0.84186 25
14754 116 58 174 0.333333 32
14755 56 81 137 -0.182482 30
14756 77 71 148 0.0405405 30
14757 34 145 179 -0.620112 30
14758 79 104 183 -0.136612 36
14759 23 195 218 -0.788991 24
14760 142 24 166 0.710843 30
14761 191 6 197 0.939086 25
14762 85 40 125 0.36 32
14763 94 91 185 0.0162162 35
14764 132 24 156 0.692308 25
14765 93 119 212 -0.122642 35
14766 113 80 193 0.170984 37
14767 98 90 188 0.0425532 32
14768 111 58 169 0.313609 36
14769 204 20 224 0.821429 26
14770 27 149 176 -0.693182 33
14771 62 119 181 -0.314917 35
14772 88 112 200 -0.12 28
14773 70 144 214 -0.345794 36
14774 56 116 172 -0.348837 26
14775 139 52 191 0.455497 32
14776 68 101 169 -0.195266 32
14777 49 94 143 -0.314685 24
14778 89 20 109 0.633028 31
14779 137 13 150 0.826667 27
14780 158 26 184 0.717391 27
14781 22 84 106 -0.584906 28
14782 34 158 192 -0.645833 28
14783 92 96 188 -0.0212766 34
14784 197 21 218 0.807339 28
14785 54 123 177 -0.389831 34
14786 30 181 211 -0.71564 27
14787 17 75 92 -0.630435 24
14788 13 204 217 -0.880184 26
14789 21 133 154 -0.727273 24
14790 33 193 226 -0.707965 29
14791 89 43 132 0.348485 31
14792 189 17 206 0.834951 26
14793 35 127 162 -0.567901 31
14794 54 106 160 -0.325 27
14795 16 126 142 -0.774648 28
14796 166 36 202 0.643564 30
14797 136 14 150 0.813333 28
14798 116 31 147 0.578231 29
14799 46 102 148 -0.378378 29
14800 31 204 235 -0.73617 23
14801 15 187 202 -0.851485 28
14802 73 77 150 -0.0266667 31
14803 72 95 167 -0.137725 37
14804 33 122 155 -0.574194 35
14805 94 52 146 0.287671 35
14806 85 58 143 0.188811 34
14807 174 27 201 0.731343 29
14808 13 159 172 -0.848837 27
14809 39 110 149 -0.47651 34
14810 52 112 164 -0.365854 31
14811 79 81 160 -0.0125 31
14812 143 12 155 0.845161 27
14813 134 20 154 0.74026 29
14814 39 138 177 -0.559322 32
14815 33 214 247 -0.732794 29
14816 112 23 135 0.659259 31
14817 10 177 187 -0.893048 27
14818 94 103 197 -0.0456853 33
14819 32 118 150 -0.573333 32
14820 258 7 265 0.94717 22
14821 143 63 206 0.38835 35
14822 176 13 189 0.862434 24
14823 64 91 155 -0.174194 31
14824 13 242 255 -0.898039 26
14825 94 79 173 0.0867052 31
14826 95 73 168 0.130952 36
14827 93 29 122 0.52459 34
14828 97 44 141 0.375887 29
14829 37 80 117 -0.367521 35
14830 14 188 202 -0.861386 28
14831 58 111 169 -0.313609 31
14832 98 1 99 0.979798 11
14833 9 152 161 -0.888199 27
14834 95 66 161 0.180124 35
14835 5 183 188 -0.946809 24
14836 63 113 176 -0.284091 35
14837 107 59 166 0.289157 35
14838 77 75 152 0.0131579 27
14839 170 11 181 0.878453 28
14840 134 45 179 0.497207 32
14841 53 108 161 -0.341615 29
14842 134 54 188 0.425532 32
14843 10 207 217 -0.907834 17
14844 211 11 222 0.900901 23
14845 142 81 223 0.273543 35
14846 87 72 159 0.0943396 29
14847 154 35 189 0.62963 32
14848 207 13 220 0.881818 26
14849 117 33 150 0.56 32
14850 46 92 138 -0.333333 31
14851 73 67 140 0.0428571 29
14852 95 52 147 0.292517 33
14853 218 12 230 0.895652 24
14854 18 137 155 -0.767742 26
14855 54 97 151 -0.284768 33
14856 10 201 211 -0.905213 25
14857 141 25 166 0.698795 30
14858 111 76 187 0.187166 31
14859 51 119 170 -0.4 31
14860 102 51 153 0.333333 24
14861 141 36 177 0.59322 35
14862 36 120 156 -0.538462 33
14863 39 109 148 -0.472973 27
14864 14 132 146 -0.808219 28
14865 21 157 178 -0.764045 27
14866 141 18 159 0.773585 30
14867 8 173 181 -0.911602 27
14868 122 40 162 0.506173 32
14869 151 34 185 0.632432 31
14870 20 188 208 -0.807692 27
14871 10 122 132 -0.848485 26
14872 59 65 124 -0.0483871 18
14873 101 64 165 0.224242 29
14874 164 37 201 0.631841 28
14875 9 215 224 -0.919643 24
14876 98 63 161 0.217391 30
14877 88 39 127 0.385827 31
14878 189 23 212 0.783019 33
14879 42 126 168 -0.5 35
14880 77 109 186 -0.172043 28
14881 89 80 169 0.0532544 33
14882 56 57 113 -0.00884956 33
14883 13 163 176 -0.852273 24
14884 21 153 174 -0.758621 31
14885 31 199 230 -0.730435 23
14886 76 55 131 0.160305 26
14887 20 179 199 -0.798995 28
14888 147 49 196 0.5 34
14889 125 21 146 0.712329 25
14890 133 35 168 0.583333 31
14891 66 85 151 -0.125828 31
14892 90 59 149 0.208054 32
14893 133 52 185 0.437838 31
14894 18 212 230 -0.843478 28
14895 130 52 182 0.428571 30
14896 87 63 150 0.16 27
14897 94 57 151 0.245033 30
14898 26 143 169 -0.692308 34
14899 31 179 210 -0.704762 26
14900 51 107 158 -0.35443 26
14901 37 82 119 -0.378151 30
14902 7 237 244 -0.942623 23
14903 121 54 175 0.382857 30
14904 135 50 185 0.459459 29
14905 40 143 183 -0.562842 27
14906 6 178 184 -0.934783 24
14907 106 71 177 0.19774 32
14908 22 137 159 -0.72327 30
14909 101 54 155 0.303226 32
14910 37 147 184 -0.597826 31
14911 88 57 145 0.213793 27
14912 80 109 189 -0.153439 35
14913 117 28 145 0.613793 29
14914 86 95 181 -0.0497238 35
14915 32 133 165 -0.612121 28
14916 60 118 178 -0.325843 36
14917 93 99 192 -0.03125 37
14918 142 15 157 0.808917 27
14919 66 133 199 -0.336683 35
14920 79 75 154 0.025974 35
14921 43 178 221 -0.61086 32
14922 74 125 199 -0.256281 30
14923 17 55 72 -0.527778 23
14924 37 144 181 -0.59116 31
14925 68 120 188 -0.276596 31
14926 147 63 210 0.4 33
14927 22 149 171 -0.74269 28
14928 209 19 228 0.833333 32
14929 42 123 165 -0.490909 34
14930 59 103 162 -0.271605 28
14931 48 136 184 -0.478261 27
14932 31 162 193 -0.678756 26
14933 139 40 179 0.553073 35
14934 96 72 168 0.142857 34
14935 4 150 154 -0.948052 23
14936 16 128 144 -0.777778 26
14937 67 101 168 -0.202381 27
14938 5 195 200 -0.95 20
14939 13 177 190 -0.863158 26
14940 62 119 181 -0.314917 28
14941 73 111 184 -0.206522 32
14942 21 163 184 -0.771739 30
14943 139 70 209 0.330144 33
14944 122 64 186 0.311828 25
14945 193 12 205 0.882927 25
14946 24 118 142 -0.661972 26
14947 74 41 115 0.286957 29
14948 135 8 143 0.888112 23
14949 111 42 153 0.45098 31
14950 7 192 199 -0.929648 21
14951 188 17 205 0.834146 30
14952 105 74 179 0.173184 36
14953 31 137 168 -0.630952 33
14954 27 175 202 -0.732673 29
14955 26 84 110 -0.527273 27
14956 109 74 183 0.191257 34
14957 174 71 245 0.420408 32
14958 222 15 237 0.873418 22
14959 159 35 194 0.639175 36
14960 66 107 173 -0.236994 35
14961 161 39 200 0.61 32
14962 49 67 116 -0.155172 33
14963 210 9 219 0.917808 21
14964 43 110 153 -0.437908 30
14965 119 44 163 0.460123 29
14966 66 73 139 -0.0503597 30
14967 34 97 131 -0.480916 29
14968 130 16 146 0.780822 27
14969 175 13 188 0.861702 27
14970 114 45 159 0.433962 31
14971 42 4 46 0.826087 12
14972 75 78 153 -0.0196078 31
14973 52 86 138 -0.246377 29
14974 50 126 176 -0.431818 32
14975 69 57 126 0.0952381 28
14976 130 44 174 0.494253 32
14977 22 169 191 -0.769634 31
14978 71 73 144 -0.0138889 34
14979 139 57 196 0.418367 32
14980 122 52 174 0.402299 29
14981 66 92 158 -0.164557 33
14982 48 94 142 -0.323944 30
14983 5 221 226 -0.955752 20
14984 68 86 154 -0.116883 33
14985 35 148 183 -0.617486 28
14986 52 107 159 -0.345912 29
14987 66 27 93 0.419355 29
14988 171 25 196 0.744898 25
14989 65 75 140 -0.0714286 32
14990 134 34 168 0.595238 28
14991 182 30 212 0.716981 28
14992 83 68 151 0.0993377 32
14993 95 54 149 0.275168 29
14994 16 165 181 -0.823204 29
14995 54 169 223 -0.515695 35
14996 87 100 187 -0.0695187 29
14997 28 175 203 -0.724138 32
14998 90 104 194 -0.0721649 34
14999 166 29 195 0.702564 32
15000 232 3 235 0.974468 22
15001 91 73 164 0.109756 32
15002 105 101 206 0.0194175 31
15003 24 119 143 -0.664336 30
15004 170 44 214 0.588785 28
15005 144 13 157 0.834395 28
15006 11 209 220 -0.9 27
15007 191 10 201 0.900498 26
15008 63 98 161 -0.217391 34
15009 15 169 184 -0.836957 23
15010 151 32 183 0.650273 32
15011 89 66 155 0.148387 23
15012 125 8 133 0.879699 24
15013 115 39 154 0.493506 32
15014 168 47 215 0.562791 32
15015 41 146 187 -0.561497 35
15016 100 41 141 0.41844 31
15017 99 53 152 0.302632 29
15018 134 41 175 0.531429 33
15019 126 71 197 0.279188 38
15020 78 82 160 -0.025 30
15021 131 47 178 0.47191 34
15022 100 59 159 0.257862 34
15023 148 29 177 0.672316 32
15024 56 98 154 -0.272727 29
15025 8 183 191 -0.91623 19
15026 49 137 186 -0.473118 29
15027 136 41 177 0.536723 30
15028 116 38 154 0.506494 27
15029 182 21 203 0.793103 29
15030 7 225 232 -0.939655 19
15031 50 127 177 -0.435028 34
15032 111 74 185 0.2 34
15033 142 31 173 0.641618 31
15034 78 68 146 0.0684932 30
15035 6 181 187 -0.935829 24
15036 62 88 150 -0.173333 32
15037 7 102 109 -0.87156 24
15038 94 60 154 0.220779 34
15039 90 80 170 0.0588235 37
15040 46 76 122 -0.245902 26
15041 96 65 161 0.192547 25
15042 16 193 209 -0.84689 28
15043 57 124 181 -0.370166 31
15044 37 113 150 -0.506667 26
15045 14 213 227 -0.876652 25
15046 61 118 179 -0.318436 33
15047 110 20 130 0.692308 27
15048 128 17 145 0.765517 30
15049 174 5 179 0.944134 22
15050 52 99 151 -0.311258 28
15051 83 80 163 0.0184049 36
15052 81 65 146 0.109589 27
15053 52 177 229 -0.545852 31
15054 140 17 157 0.783439 29
15055 17 261 278 -0.877698 24
15056 111 57 168 0.321429 33
15057 74 83 157 -0.0573248 30
15058 16 143 159 -0.798742 28
15059 164 37 201 0.631841 33
15060 59 81 140 -0.157143 31
15061 18 83 101 -0.643564 28
15062 146 44 190 0.536842 30
15063 17 156 173 -0.803468 26
15064 155 15 170 0.823529 27
15065 10 180 190 -0.894737 23
15066 124 42 166 0.493976 30
15067 47 175 222 -0.576577 34
15068 54 112 166 -0.349398 32
15069 99 89 188 0.0531915 34
15070 30 126 156 -0.615385 32
15071 40 104 144 -0.444444 28
15072 118 46 164 0.439024 28
15073 43 151 194 -0.556701 33
15074 117 18 135 0.733333 29
15075 31 106 137 -0.547445 29
15076 96 76 172 0.116279 31
15077 101 55 156 0.294872 29
15078 85 96 181 -0.0607735 29
15079 130 24 154 0.688312 28
15080 112 36 148 0.513514 31
15081 14 154 168 -0.833333 30
15082 41 41 82 0 24
15083 32 154 186 -0.655914 31
15084 17 124 141 -0.758865 28
15085 111 56 167 0.329341 33
15086 184 8 192 0.916667 20
15087 50 55 105 -0.047619 31
15088 144 12 156 0.846154 24
15089 61 57 118 0.0338983 27
15090 208 20 228 0.824561 23
15091 17 193 210 -0.838095 31
15092 45 82 127 -0.291339 32
15093 40 138 178 -0.550562 33
15094 34 199 233 -0.708155 31
15095 176 6 182 0.934066 24
15096 8 117 125 -0.872 26
15097 174 21 195 0.784615 27
15098 98 63 161 0.217391 35
15099 14 218 232 -0.87931 26
15100 105 58 163 0.288344 33
15101 92 74 166 0.108434 33
15102 111 54 165 0.345455 37
15103 94 52 146 0.287671 31
15104 1 214 215 -0.990698 20
15105 14 215 229 -0.877729 28
15106 70 102 172 -0.186047 34
15107 44 105 149 -0.409396 35
15108 146 32 178 0.640449 29
15109 88 42 130 0.353846 26
15110 95 53 148 0.283784 30
15111 37 92 129 -0.426357 29
15112 7 165 172 -0.918605 23
15113 94 40 134 0.402985 31
15114 145 25 170 0.705882 32
15115 6 119 125 -0.904 23
15116 105 57 162 0.296296 31
15117 76 125 201 -0.243781 35
15118 29 112 141 -0.588652 26
15119 68 103 171 -0.204678 32
15120 14 78 92 -0.695652 26
15121 15 81 96 -0.6875 29
15122 115 39 154 0.493506 33
15123 109 43 152 0.434211 27
15124 5 171 176 -0.943182 22
15125 30 177 207 -0.710145 27
15126 149 34 183 0.628415 26
15127 66 109 175 -0.245714 34
15128 28 164 192 -0.708333 30
15129 131 25 156 0.679487 32
15130 60 86 146 -0.178082 30
15131 108 19 127 0.700787 27
15132 111 49 160 0.3875 28
15133 28 126 154 -0.636364 28
15134 169 31 200 0.69 33
15135 159 18 177 0.79661 28
15136 122 53 175 0.394286 31
15137 149 14 163 0.828221 28
15138 28 162 190 -0.705263 29
15139 6 192 198 -0.939394 24
15140 133 16 149 0.785235 28
15141 84 34 118 0.423729 31
15142 4 130 134 -0.940299 19
15143 25 101 126 -0.603175 32
15144 41 126 167 -0.508982 36
15145 61 79 140 -0.128571 34
15146 195 14 209 0.866029 29
15147 203 24 227 0.788546 30
15148 216 12 228 0.894737 20
15149 145 48 193 0.502591 33
15150 139 29 168 0.654762 34
15151 76 103 179 -0.150838 31
15152 133 11 144 0.847222 28
15153 61 80 141 -0.134752 33
15154 160 12 172 0.860465 27
15155 58 94 152 -0.236842 36
15156 87 45 132 0.318182 34
15157 126 29 155 0.625806 33
15158 118 58 176 0.340909 35
15159 23 173 196 -0.765306 29
15160 13 222 235 -0.889362 26
15161 10 158 168 -0.880952 26
15162 29 160 189 -0.693122 28
15163 92 80 172 0.0697674 33
15164 72 86 158 -0.0886076 34
15165 168 28 196 0.714286 29
15166 155 7 162 0.91358 23
15167 119 65 184 0.293478 31
15168 132 32 164 0.609756 31
15169 112 34 146 0.534247 30
15170 141 25 166 0.698795 23
15171 60 100 160 -0.25 34
15172 81 34 115 0.408696 32
15173 36 108 144 -0.5 29
15174 154 37 191 0.612565 27
15175 12 169 181 -0.867403 26
15176 114 40 154 0.480519 31
15177 69 52 121 0.140496 28
15178 102 67 169 0.207101 30
15179 15 165 180 -0.833333 25
15180 54 131 185 -0.416216 34
15181 58 44 102 0.137255 28
15182 234 21 255 0.835294 25
15183 22 147 169 -0.739645 30
15184 19 203 222 -0.828829 27
15185 78 78 156 0 30
15186 120 11 131 0.832061 28
15187 66 113 179 -0.26257 29
15188 231 18 249 0.855422 26
15189 20 197 217 -0.815668 30
15190 66 91 157 -0.159236 34
15191 25 126 151 -0.668874 27
15192 101 91 192 0.0520833 35
15193 55 107 162 -0.320988 33
15194 78 66 144 0.0833333 31
15195 152 63 215 0.413953 33
15196 13 58 71 -0.633803 26
15197 48 157 205 -0.531707 32
15198 39 137 176 -0.556818 29
15199 113 62 175 0.291429 34
15200 140 15 155 0.806452 22
15201 67 133 200 -0.33 32
15202 36 60 96 -0.25 30
15203 35 134 169 -0.585799 32
15204 33 157 190 -0.652632 32
15205 103 89 192 0.0729167 33
15206 55 121 176 -0.375 32
15207 57 100 157 -0.273885 33
15208 94 21 115 0.634783 27
15209 18 128 146 -0.753425 29
15210 4 203 207 -0.961353 22
15211 9 172 181 -0.900552 26
15212 79 74 153 0.0326797 31
15213 167 26 193 0.73057 29
15214 39 113 152 -0.486842 31
15215 50 106 156 -0.358974 31
15216 82 89 171 -0.0409357 36
15217 88 109 197 -0.106599 32
15218 167 18 185 0.805405 26
15219 23 172 195 -0.764103 31
15220 144 16 160 0.8 30
15221 87 59 146 0.191781 32
15222 64 134 198 -0.353535 33
15223 37 134 171 -0.567251 33
15224 124 45 169 0.467456 32
15225 72 131 203 -0.29064 29
15226 84 67 151 0.112583 30
15227 65 94 159 -0.18239 27
15228 116 14 130 0.784615 28
15229 108 40 148 0.459459 34
15230 58 104 162 -0.283951 35
15231 102 50 152 0.342105 33
15232 82 90 172 -0.0465116 33
15233 73 47 120 0.216667 29
15234 118 33 151 0.562914 32
15235 88 67 155 0.135484 34
15236 104 76 180 0.155556 30
15237 80 76 156 0.025641 32
15238 70 60 130 0.0769231 30
15239 40 121 161 -0.503106 31
15240 21 174 195 -0.784615 28
15241 37 87 124 -0.403226 30
15242 76 90 166 -0.0843373 29
15243 68 96 164 -0.170732 34
15244 155 51 206 0.504854 31
15245 10 133 143 -0.86014 26
15246 64 116 180 -0.288889 34
15247 8 188 196 -0.918367 25
15248 107 66 173 0.236994 28
15249 81 97 178 -0.0898876 30
15250 41 95 136 -0.397059 31
15251 16 172 188 -0.829787 27
15252 25 137 162 -0.691358 26
15253 31 80 111 -0.441441 30
15254 35 147 182 -0.615385 31
15255 154 23 177 0.740113 29
15256 99 76 175 0.131429 31
15257 63 107 170 -0.258824 28
15258 124 36 160 0.55 33
15259 97 71 168 0.154762 34
15260 41 104 145 -0.434483 33
15261 27 262 289 -0.813149 31
15262 48 128 176 -0.454545 26
15263 55 114 169 -0.349112 30
15264 33 113 146 -0.547945 27
15265 81 96 177 -0.0847458 35
15266 15 249 264 -0.886364 27
15267 32 142 174 -0.632184 27
15268 21 196 217 -0.806452 29
15269 143 12 155 0.845161 28
15270 44 120 164 -0.463415 27
15271 38 90 128 -0.40625 28
15272 26 127 153 -0.660131 32
15273 35 91 126 -0.444444 30
15274 60 87 147 -0.183673 27
15275 152 26 178 0.707865 28
15276 100 38 138 0.449275 28
15277 80 82 162 -0.0123457 31
15278 181 28 209 0.732057 30
15279 98 70 168 0.166667 29
15280 114 12 126 0.809524 27
15281 57 67 124 -0.0806452 30
15282 157 18 175 0.794286 29
15283 43 115 158 -0.455696 33
15284 108 92 200 0.08 29
15285 47 134 181 -0.480663 30
15286 70 103 173 -0.190751 27
15287 9 189 198 -0.909091 25
15288 14 91 105 -0.733333 25
15289 77 72 149 0.033557 32
15290 102 41 143 0.426573 32
15291 82 96 178 -0.0786517 30
15292 31 118 149 -0.583893 28
15293 107 33 140 0.528571 29
15294 13 221 234 -0.888889 24
15295 64 93 157 -0.184713 32
15296 46 96 142 -0.352113 27
15297 127 8 135 0.881481 26
15298 206 22 228 0.807018 31
15299 71 51 122 0.163934 26
15300 96 77 173 0.109827 32
15301 38 141 179 -0.575419 30
15302 30 184 214 -0.719626 31
15303 65 98 163 -0.202454 36
15304 54 115 169 -0.360947 31
15305 26 157 183 -0.715847 27
15306 73 51 124 0.177419 32
15307 87 45 132 0.318182 33
15308 160 28 188 0.702128 29
15309 162 34 196 0.653061 32
15310 19 137 156 -0.75641 28
15311 16 184 200 -0.84 27
15312 182 10 192 0.895833 24
15313 180 37 217 0.658986 30
15314 135 17 152 0.776316 25
15315 121 74 195 0.241026 28
15316 29 200 229 -0.746725 32
15317 31 186 217 -0.714286 33
15318 12 156 168 -0.857143 26
15319 111 29 140 0.585714 29
15320 138 46 184 0.5 33
15321 92 42 134 0.373134 30
15322 14 184 198 -0.858586 27
15323 47 87 134 -0.298507 32
15324 26 194 220 -0.763636 31
15325 8 201 209 -0.923445 23
15326 63 100 163 -0.226994 34
15327 20 161 181 -0.779006 28
15328 162 10 172 0.883721 26
15329 78 116 194 -0.195876 33
15330 39 105 144 -0.458333 32
15331 179 9 188 0.904255 23
15332 171 30 201 0.701493 28
15333 103 40 143 0.440559 23
15334 104 69 173 0.202312 30
15335 39 98 137 -0.430657 29
15336 56 71 127 -0.11811 32
15337 71 103 174 -0.183908 33
15338 209 10 219 0.908676 26
15339 166 25 191 0.73822 31
15340 84 74 158 0.0632911 31
15341 99 96 195 0.0153846 29
15342 148 14 162 0.82716 24
15343 48 134 182 -0.472527 34
15344 27 107 134 -0.597015 32
15345 19 174 193 -0.803109 27
15346 138 10 148 0.864865 24
15347 29 112 141 -0.588652 30
15348 62 53 115 0.0782609 32
15349 13 190 203 -0.871921 27
15350 153 29 182 0.681319 30
15351 88 68 156 0.128205 33
15352 83 102 185 -0.102703 35
15353 34 175 209 -0.674641 29
15354 135 28 163 0.656442 30
15355 81 32 113 0.433628 34
15356 77 122 199 -0.226131 32
15357 128 18 146 0.753425 27
15358 165 10 175 0.885714 29
15359 33 125 158 -0.582278 32
15360 188 8 196 0.918367 21
15361 96 46 142 0.352113 32
15362 50 123 173 -0.421965 33
15363 17 191 208 -0.836538 28
15364 48 126 174 -0.448276 34
15365 25 127 152 -0.671053 29
15366 34 104 138 -0.507246 27
15367 10 198 208 -0.903846 24
15368 9 172 181 -0.900552 25
15369 79 90 169 -0.0650888 34
15370 157 8 165 0.90303 24
15371 74 68 142 0.0422535 35
15372 141 9 150 0.88 25
15373 14 144 158 -0.822785 28
15374 56 109 165 -0.321212 33
15375 44 96 140 -0.371429 27
15376 11 271 282 -0.921986 26
15377 110 58 168 0.309524 26
15378 48 115 163 -0.411043 31
15379 228 27 255 0.788235 26
15380 177 21 198 0.787879 24
15381 98 52 150 0.306667 31
15382 194 13 207 0.874396 20
15383 96 74 170 0.129412 30
15384 79 64 143 0.104895 32
15385 123 42 165 0.490909 34
15386 137 23 160 0.7125 30
15387 69 95 164 -0.158537 38
15388 162 6 168 0.928571 21
15389 130 51 181 0.436464 31
15390 64 103 167 -0.233533 27
15391 19 129 148 -0.743243 32
15392 157 40 197 0.593909 35
15393 77 89 166 -0.0722892 30
15394 109 40 149 0.463087 27
15395 82 88 170 -0.0352941 31
15396 35 97 132 -0.469697 32
15397 135 40 175 0.542857 35
15398 29 103 132 -0.560606 32
15399 20 118 138 -0.710145 27
15400 112 85 197 0.137056 32
15401 55 37 92 0.195652 24
15402 8 180 188 -0.914894 24
15403 78 114 192 -0.1875 31
15404 145 21 166 0.746988 28
15405 11 159 170 -0.870588 27
15406 55 120 175 -0.371429 31
15407 8 206 214 -0.925234 25
15408 50 131 181 -0.447514 33
15409 197 19 216 0.824074 28
15410 19 162 181 -0.790055 26
15411 159 52 211 0.507109 34
15412 92 83 175 0.0514286 35
15413 192 9 201 0.910448 26
15414 139 42 181 0.535912 32
15415 14 173 187 -0.850267 28
15416 146 32 178 0.640449 35
15417 20 77 97 -0.587629 22
15418 26 127 153 -0.660131 30
15419 76 63 139 0.0935252 33
15420 123 67 190 0.294737 31
15421 149 43 192 0.552083 33
15422 26 88 114 -0.54386 27
15423 84 26 110 0.527273 26
15424 208 8 216 0.925926 17
15425 59 67 126 -0.0634921 29
15426 49 125 174 -0.436782 34
15427 56 179 235 -0.523404 31
15428 33 149 182 -0.637363 30
15429 41 141 182 -0.549451 30
15430 27 160 187 -0.71123 31
15431 191 20 211 0.810427 30
15432 14 204 218 -0.87156 22
15433 121 52 173 0.398844 29
15434 149 22 171 0.74269 29
15435 94 69 163 0.153374 32
15436 112 79 191 0.172775 32
15437 171 11 182 0.879121 28
15438 32 157 189 -0.661376 33
15439 105 67 172 0.22093 31
15440 48 84 132 -0.272727 33
15441 76 62 138 0.101449 30
15442 173 11 184 0.880435 23
15443 68 34 102 0.333333 22
15444 77 75 152 0.0131579 33
15445 163 39 202 0.613861 35
15446 91 42 133 0.368421 31
15447 42 147 189 -0.555556 32
15448 23 164 187 -0.754011 29
15449 18 86 104 -0.653846 28
15450 101 64 165 0.224242 36
15451 108 64 172 0.255814 29
15452 145 43 188 0.542553 29
15453 125 52 177 0.412429 28
15454 62 99 161 -0.229814 31
15455 113 42 155 0.458065 30
15456 85 90 175 -0.0285714 31
15457 226 18 244 0.852459 28
15458 55 83 138 -0.202899 34
15459 21 132 153 -0.72549 27
15460 33 133 166 -0.60241 28
15461 81 90 171 -0.0526316 33
15462 62 71 133 -0.0676692 28
15463 191 14 205 0.863415 21
15464 168 5 173 0.942197 23
15465 154 17 171 0.80117 22
15466 6 232 238 -0.94958 17
15467 13 222 235 -0.889362 25
15468 75 80 155 -0.0322581 32
15469 77 107 184 -0.163043 30
15470 44 122 166 -0.46988 28
15471 41 116 157 -0.477707 34
15472 61 126 187 -0.347594 33
15473 152 11 163 0.865031 26
15474 34 125 159 -0.572327 31
15475 73 108 181 -0.19337 32
15476 81 110 191 -0.151832 34
15477 32 148 180 -0.644444 27
15478 140 37 177 0.581921 37
15479 102 56 158 0.291139 35
15480 176 38 214 0.64486 33
15481 119 35 154 0.545455 27
15482 13 142 155 -0.832258 26
15483 72 118 190 -0.242105 30
15484 179 23 202 0.772277 29
15485 33 111 144 -0.541667 34
15486 80 83 163 -0.0184049 31
15487 141 58 199 0.417085 35
15488 28 81 109 -0.486239 25
15489 135 24 159 0.698113 29
15490 61 83 144 -0.152778 30
15491 93 43 136 0.367647 30
15492 110 45 155 0.419355 31
15493 128 31 159 0.610063 32
15494 131 24 155 0.690323 27
15495 93 45 138 0.347826 28
15496 26 189 215 -0.75814 28
15497 94 92 186 0.0107527 36
15498 13 162 175 -0.851429 24
15499 122 43 165 0.478788 31
15500 101 56 157 0.286624 28
15501 102 23 125 0.632 23
15502 5 203 208 -0.951923 19
15503 62 154 216 -0.425926 32
15504 47 38 85 0.105882 31
15505 39 9 48 0.625 18
15506 153 12 165 0.854545 27
15507 40 109 149 -0.463087 30
15508 168 22 190 0.768421 27
15509 116 41 157 0.477707 34
15510 75 107 182 -0.175824 34
15511 148 17 165 0.793939 30
15512 8 154 162 -0.901235 26
15513 119 13 132 0.80303 26
15514 115 37 152 0.513158 30
15515 181 10 191 0.895288 24
15516 6 189 195 -0.938462 24
15517 55 141 196 -0.438776 34
15518 65 94 159 -0.18239 31
15519 175 22 197 0.77665 31
15520 87 75 162 0.0740741 34
15521 119 69 188 0.265957 37
15522 117 51 168 0.392857 31
15523 95 59 154 0.233766 31
15524 40 102 142 -0.43662 30
15525 46 120 166 -0.445783 29
15526 41 133 174 -0.528736 29
15527 118 27 145 0.627586 32
15528 155 11 166 0.86747 22
15529 43 111 154 -0.441558 32
15530 69 65 134 0.0298507 27
15531 4 132 136 -0.941176 22
15532 126 48 174 0.448276 34
15533 116 66 182 0.274725 29
15534 123 66 189 0.301587 33
15535 101 82 183 0.103825 35
15536 29 126 155 -0.625806 34
15537 91 67 158 0.151899 32
15538 140 8 148 0.891892 20
15539 84 47 131 0.282443 30
15540 114 47 161 0.416149 29
15541 85 109 194 -0.123711 32
15542 84 92 176 -0.0454545 36
15543 141 58 199 0.417085 34
15544 113 53 166 0.361446 28
15545 90 80 170 0.0588235 33
15546 191 10 201 0.900498 21
15547 56 116 172 -0.348837 33
15548 74 39 113 0.309735 29
15549 131 28 159 0.647799 32
15550 104 59 163 0.276074 24
15551 130 30 160 0.625 33
15552 103 48 151 0.364238 25
15553 110 45 155 0.419355 31
15554 106 34 140 0.514286 34
15555 77 46 123 0.252033 31
15556 127 47 174 0.45977 31
15557 134 15 149 0.798658 24
15558 199 13 212 0.877358 29
15559 62 72 134 -0.0746269 33
15560 76 101 177 -0.141243 31
15561 70 45 115 0.217391 26
15562 88 72 160 0.1 37
15563 31 143 174 -0.643678 22
15564 145 42 187 0.550802 36
15565 35 170 205 -0.658537 32
15566 34 158 192 -0.645833 35
15567 74 65 139 0.0647482 31
15568 19 164 183 -0.79235 22
15569 3 127 130 -0.953846 20
15570 162 36 198 0.636364 31
15571 12 204 216 -0.888889 25
15572 94 83 177 0.0621469 24
15573 34 150 184 -0.630435 34
15574 136 67 203 0.339901 34
15575 81 54 135 0.2 33
15576 84 70 154 0.0909091 31
15577 139 26 165 0.684848 30
15578 95 117 212 -0.103774 30
15579 61 104 165 -0.260606 35
15580 140 37 177 0.581921 34
15581 26 158 184 -0.717391 31
15582 19 186 205 -0.814634 27
15583 98 70 168 0.166667 29
15584 63 129 192 -0.34375 35
15585 17 167 184 -0.815217 27
15586 48 76 124 -0.225806 32
15587 20 218 238 -0.831933 26
15588 179 26 205 0.746341 32
15589 51 123 174 -0.413793 32
15590 63 80 143 -0.118881 31
15591 109 68 177 0.231638 37
15592 50 120 170 -0.411765 30
15593 40 131 171 -0.532164 29
15594 20 192 212 -0.811321 31
15595 36 125 161 -0.552795 30
15596 14 134 148 -0.810811 27
15597 64 96 160 -0.2 34
15598 91 64 155 0.174194 28
15599 42 95 137 -0.386861 37
15600 16 85 101 -0.683168 26
15601 52 64 116 -0.103448 34
15602 12 191 203 -0.881773 29
15603 26 168 194 -0.731959 29
15604 92 97 189 -0.026455 26
15605 12 154 166 -0.855422 29
15606 69 111 180 -0.233333 34
15607 32 162 194 -0.670103 32
15608 202 6 208 0.942308 17
15609 8 222 230 -0.930435 23
15610 105 69 174 0.206897 31
15611 34 118 152 -0.552632 30
15612 12 162 174 -0.862069 27
15613 74 59 133 0.112782 34
15614 123 64 187 0.315508 34
15615 107 37 144 0.486111 33
15616 22 229 251 -0.824701 27
15617 82 64 146 0.123288 32
15618 98 39 137 0.430657 32
15619 17 147 164 -0.792683 23
15620 135 11 146 0.849315 22
15621 131 23 154 0.701299 33
15622 102 96 198 0.030303 30
15623 247 8 255 0.937255 23
15624 46 30 76 0.210526 25
15625 180 4 184 0.956522 22
15626 91 77 168 0.0833333 25
15627 189 27 216 0.75 28
15628 109 42 151 0.443709 30
15629 122 65 187 0.304813 32
15630 245 11 256 0.914062 26
15631 50 90 140 -0.285714 25
15632 109 44 153 0.424837 28
15633 52 113 165 -0.369697 31
15634 89 86 175 0.0171429 34
15635 93 12 105 0.771429 24
15636 96 15 111 0.72973 28
15637 83 118 201 -0.174129 35
15638 9 122 131 -0.862595 23
15639 187 25 212 0.764151 31
15640 43 73 116 -0.258621 31
15641 10 184 194 -0.896907 25
15642 148 25 173 0.710983 33
15643 63 101 164 -0.231707 30
15644 185 26 211 0.753555 26
15645 31 169 200 -0.69 32
15646 11 229 240 -0.908333 23
15647 92 73 165 0.115152 32
15648 94 29 123 0.528455 34
15649 147 27 174 0.689655 32
15650 248 13 261 0.900383 24
15651 181 30 211 0.71564 33
15652 94 72 166 0.13253 31
15653 83 122 205 -0.190244 37
15654 103 61 164 0.256098 27
15655 185 11 196 0.887755 26
15656 77 87 164 -0.0609756 36
15657 143 19 162 0.765432 30
15658 155 60 215 0.44186 30
15659 66 89 155 -0.148387 30
15660 128 28 156 0.641026 34
15661 43 146 189 -0.544974 29
15662 49 111 160 -0.3875 32
15663 106 33 139 0.52518 26
15664 163 12 175 0.862857 24
15665 20 171 191 -0.790576 29
15666 140 7 147 0.904762 25
15667 164 11 175 0.874286 25
15668 170 11 181 0.878453 25
15669 138 23 161 0.714286 28
15670 11 187 198 -0.888889 18
15671 27 142 169 -0.680473 29
15672 176 5 181 0.944751 24
15673 265 8 273 0.941392 18
15674 179 35 214 0.672897 32
15675 103 2 105 0.961905 14
15676 31 138 169 -0.633136 30
15677 15 160 175 -0.828571 29
15678 47 118 165 -0.430303 33
15679 65 105 170 -0.235294 34
15680 16 161 177 -0.819209 29
15681 17 166 183 -0.814208 28
15682 92 84 176 0.0454545 33
15683 25 159 184 -0.728261 28
15684 84 61 145 0.158621 34
15685 45 112 157 -0.426752 33
15686 10 180 190 -0.894737 25
15687 67 97 164 -0.182927 37
15688 70 94 164 -0.146341 30
15689 30 114 144 -0.583333 31
15690 14 146 160 -0.825 27
15691 92 67 159 0.157233 30
15692 118 56 174 0.356322 33
15693 82 115 197 -0.167513 34
15694 43 105 148 -0.418919 32
15695 5 172 177 -0.943503 23
15696 130 70 200 0.3 30
15697 95 75 170 0.117647 31
15698 65 81 146 -0.109589 28
15699 78 102 180 -0.133333 36
15700 75 95 170 -0.117647 31
15701 22 125 147 -0.70068 30
15702 32 153 185 -0.654054 33
15703 206 17 223 0.847534 23
15704 143 33 176 0.625 32
15705 136 47 183 0.486339 37
15706 26 116 142 -0.633803 31
15707 68 102 170 -0.2 32
15708 185 15 200 0.85 29
15709 77 68 145 0.062069 28
15710 84 101 185 -0.0918919 37
15711 17 155 172 -0.802326 20
15712 75 95 170 -0.117647 30
15713 57 71 128 -0.109375 32
15714 128 40 168 0.52381 31
15715 15 96 111 -0.72973 24
15716 100 52 152 0.315789 26
15717 16 129 145 -0.77931 28
15718 8 113 121 -0.867769 25
15719 112 69 181 0.237569 33
15720 194 19 213 0.821596 31
15721 111 57 168 0.321429 32
15722 47 91 138 -0.318841 34
15723 86 86 172 0 34
15724 185 14 199 0.859296 29
15725 160 15 175 0.828571 28
15726 30 133 163 -0.631902 30
15727 108 40 148 0.459459 34
15728 78 82 160 -0.025 29
15729 49 120 169 -0.420118 30
15730 135 46 181 0.491713 30
15731 156 17 173 0.803468 30
15732 81 80 161 0.00621118 32
15733 45 150 195 -0.538462 27
15734 48 145 193 -0.502591 29
15735 134 21 155 0.729032 30
15736 21 166 187 -0.775401 28
15737 44 129 173 -0.491329 32
15738 8 217 225 -0.928889 19
15739 29 152 181 -0.679558 32
15740 22 166 188 -0.765957 28
15741 1 141 142 -0.985915 12
15742 60 109 169 -0.289941 34
15743 95 68 163 0.165644 29
15744 172 23 195 0.764103 23
15745 78 49 127 0.228346 29
15746 41 117 158 -0.481013 29
15747 118 56 174 0.356322 33
15748 118 42 160 0.475 32
15749 15 166 181 -0.834254 27
15750 103 34 137 0.50365 31
15751 231 13 244 0.893443 26
15752 92 98 190 -0.0315789 33
15753 108 46 154 0.402597 25
15754 64 120 184 -0.304348 36
15755 22 155 177 -0.751412 28
15756 106 69 175 0.211429 33
15757 202 8 210 0.92381 25
15758 37 90 127 -0.417323 31
15759 110 42 152 0.447368 26
15760 80 26 106 0.509434 32
15761 56 51 107 0.046729 23
15762 209 8 217 0.926267 21
15763 59 99 158 -0.253165 33
15764 57 148 205 -0.443902 32
15765 99 70 169 0.171598 29
15766 52 76 128 -0.1875 28
15767 174 26 200 0.74 24
15768 77 94 171 -0.0994152 32
15769 119 53 172 0.383721 30
15770 66 81 147 -0.102041 30
15771 131 36 167 0.568862 31
15772 57 127 184 -0.380435 30
15773 137 54 191 0.434555 29
15774 7 186 193 -0.927461 15
15775 193 33 226 0.707965 27
15776 30 63 93 -0.354839 26
15777 59 98 157 -0.248408 31
15778 91 92 183 -0.00546448 37
15779 146 53 199 0.467337 37
15780 93 45 138 0.347826 35
15781 95 78 173 0.0982659 33
15782 106 69 175 0.211429 35
15783 139 29 168 0.654762 32
15784 11 134 145 -0.848276 27
15785 89 66 155 0.148387 35
15786 144 61 205 0.404878 31
15787 50 121 171 -0.415205 32
15788 18 30 48 -0.25 17
15789 55 81 136 -0.191176 28
15790 118 65 183 0.289617 36
15791 68 92 160 -0.15 32
15792 46 135 181 -0.491713 32
15793 37 80 117 -0.367521 31
15794 142 37 179 0.586592 31
15795 120 52 172 0.395349 32
15796 69 89 158 -0.126582 33
15797 83 107 190 -0.126316 28
15798 167 31 198 0.686869 31
15799 158 12 170 0.858824 19
15800 127 14 141 0.801418 26
15801 58 110 168 -0.309524 31
15802 62 94 156 -0.205128 32
15803 62 71 133 -0.0676692 30
15804 25 164 189 -0.73545 34
15805 150 23 173 0.734104 28
15806 110 76 186 0.182796 36
15807 138 29 167 0.652695 33
15808 185 8 193 0.917098 24
15809 184 37 221 0.665158 32
15810 3 175 178 -0.966292 15
15811 195 27 222 0.756757 27
15812 6 195 201 -0.940299 20
15813 115 49 164 0.402439 26
15814 35 166 201 -0.651741 30
15815 89 73 162 0.0987654 30
15816 72 78 150 -0.04 30
15817 54 116 170 -0.364706 33
15818 16 148 164 -0.804878 27
15819 100 57 157 0.273885 24
15820 9 198 207 -0.913043 25
15821 28 115 143 -0.608392 25
15822 96 32 128 0.5 29
15823 60 162 222 -0.459459 24
15824 13 149 162 -0.839506 28
15825 25 182 207 -0.758454 24
15826 102 63 165 0.236364 36
15827 13 158 171 -0.847953 24
15828 8 171 179 -0.910615 25
15829 91 104 195 -0.0666667 34
15830 15 155 170 -0.823529 27
15831 25 126 151 -0.668874 26
15832 134 6 140 0.914286 20
15833 71 90 161 -0.118012 26
15834 18 166 184 -0.804348 27
15835 58 98 156 -0.25641 31
15836 19 171 190 -0.8 27
15837 100 29 129 0.550388 27
15838 128 28 156 0.641026 27
15839 169 48 217 0.557604 33
15840 86 76 162 0.0617284 33
15841 44 126 170 -0.482353 30
15842 68 86 154 -0.116883 26
15843 97 83 180 0.0777778 36
15844 42 110 152 -0.447368 28
15845 149 45 194 0.536082 36
15846 85 95 180 -0.0555556 27
15847 20 126 146 -0.726027 30
15848 159 28 187 0.700535 28
15849 151 28 179 0.687151 28
15850 39 107 146 -0.465753 28
15851 32 128 160 -0.6 29
15852 21 154 175 -0.76 30
15853 76 108 184 -0.173913 28
15854 127 46 173 0.468208 32
15855 156 22 178 0.752809 32
15856 14 159 173 -0.83815 26
15857 87 82 169 0.0295858 31
15858 63 141 204 -0.382353 27
15859 86 76 162 0.0617284 31
15860 84 66 150 0.12 27
15861 58 99 157 -0.261146 33
15862 80 88 168 -0.047619 30
15863 43 110 153 -0.437908 34
15864 68 93 161 -0.15528 33
15865 163 7 170 0.917647 22
15866 61 117 178 -0.314607 31
15867 8 175 183 -0.912568 24
15868 131 16 147 0.782313 29
15869 154 15 169 0.822485 26
15870 47 110 157 -0.401274 23
15871 208 14 222 0.873874 27
15872 18 137 155 -0.767742 30
15873 82 84 166 -0.0120482 38
15874 100 45 145 0.37931 30
15875 137 42 179 0.530726 26
15876 174 23 197 0.766497 29
15877 35 128 163 -0.570552 29
15878 131 31 162 0.617284 24
15879 52 77 129 -0.193798 36
15880 41 135 176 -0.534091 35
15881 36 97 133 -0.458647 32
15882 29 175 204 -0.715686 29
15883 112 55 167 0.341317 30
15884 148 23 171 0.730994 27
15885 101 69 170 0.188235 33
15886 115 64 179 0.284916 36
15887 4 143 147 -0.945578 17
15888 87 93 180 -0.0333333 27
15889 147 44 191 0.539267 35
15890 59 98 157 -0.248408 28
15891 104 53 157 0.324841 33
15892 25 101 126 -0.603175 31
15893 241 9 250 0.928 23
15894 47 128 175 -0.462857 30
15895 123 44 167 0.473054 34
15896 102 16 118 0.728814 25
15897 77 83 160 -0.0375 30
15898 45 83 128 -0.296875 34
15899 67 129 196 -0.316327 27
15900 35 112 147 -0.52381 34
15901 21 138 159 -0.735849 30
15902 1 207 208 -0.990385 18
15903 125 55 180 0.388889 30
15904 13 164 177 -0.853107 26
15905 8 212 220 -0.927273 23
15906 141 20 161 0.751553 31
15907 134 30 164 0.634146 33
15908 47 100 147 -0.360544 34
15909 66 86 152 -0.131579 32
15910 21 145 166 -0.746988 24
15911 30 116 146 -0.589041 29
15912 72 137 209 -0.311005 33
15913 55 95 150 -0.266667 31
15914 63 90 153 -0.176471 30
15915 91 60 151 0.205298 29
15916 17 78 95 -0.642105 20
15917 94 59 153 0.228758 25
15918 41 112 153 -0.464052 28
15919 109 52 161 0.354037 32
15920 102 13 115 0.773913 23
15921 157 10 167 0.88024 21
15922 30 172 202 -0.70297 33
15923 10 150 160 -0.875 27
15924 126 48 174 0.448276 33
15925 199 30 229 0.737991 27
15926 108 60 168 0.285714 30
15927 26 142 168 -0.690476 34
15928 74 83 157 -0.0573248 29
15929 10 103 113 -0.823009 27
15930 142 34 176 0.613636 30
15931 160 13 173 0.849711 24
15932 45 85 130 -0.307692 27
15933 85 100 185 -0.0810811 35
15934 110 77 187 0.176471 34
15935 78 78 156 0 31
15936 63 78 141 -0.106383 25
15937 11 69 80 -0.725 23
15938 24 164 188 -0.744681 31
15939 128 37 165 0.551515 32
15940 155 48 203 0.527094 35
15941 31 118 149 -0.583893 28
15942 81 59 140 0.157143 32
15943 63 83 146 -0.136986 32
15944 139 21 160 0.7375 29
15945 50 114 164 -0.390244 32
15946 39 126 165 -0.527273 29
15947 68 108 176 -0.227273 35
15948 139 65 204 0.362745 35
15949 132 22 154 0.714286 29
15950 29 119 148 -0.608108 33
15951 28 116 144 -0.611111 30
15952 5 177 182 -0.945055 23
15953 48 178 226 -0.575221 35
15954 64 79 143 -0.104895 28
15955 88 93 181 -0.0276243 32
15956 48 59 107 -0.102804 26
15957 149 20 169 0.763314 22
15958 194 34 228 0.701754 32
15959 13 137 150 -0.826667 26
15960 44 160 204 -0.568627 35
15961 173 10 183 0.89071 26
15962 172 27 199 0.728643 33
15963 77 120 197 -0.218274 32
15964 51 108 159 -0.358491 32
15965 30 184 214 -0.719626 32
15966 163 13 176 0.852273 27
15967 7 4 11 0.272727 8
15968 149 50 199 0.497487 30
15969 84 81 165 0.0181818 33
15970 73 80 153 -0.0457516 32
15971 90 13 103 0.747573 26
15972 43 96 139 -0.381295 27
15973 154 9 163 0.889571 26
15974 95 77 172 0.104651 32
15975 86 106 192 -0.104167 34
15976 20 189 209 -0.808612 29
15977 102 112 214 -0.046729 27
15978 50 135 185 -0.459459 29
15979 84 95 179 -0.0614525 32
15980 82 92 174 -0.0574713 35
15981 176 15 191 0.842932 29
15982 160 41 201 0.59204 26
15983 48 120 168 -0.428571 31
15984 36 31 67 0.0746269 21
15985 148 7 155 0.909677 26
15986 82 67 149 0.100671 27
15987 76 55 131 0.160305 29
15988 142 41 183 0.551913 33
15989 80 66 146 0.0958904 28
15990 100 54 154 0.298701 29
15991 124 38 162 0.530864 34
15992 95 74 169 0.12426 32
15993 126 43 169 0.491124 32
15994 12 155 167 -0.856287 26
15995 73 107 180 -0.188889 35
15996 12 132 144 -0.833333 27
15997 134 11 145 0.848276 27
15998 10 122 132 -0.848485 26
15999 15 143 158 -0.810127 27
16000 110 109 219 0.00456621 33
16001 88 56 144 0.222222 34
16002 109 8 117 0.863248 21
16003 36 136 172 -0.581395 34
16004 194 8 202 0.920792 23
16005 115 53 168 0.369048 34
16006 27 106 133 -0.593985 28
16007 13 198 211 -0.876777 26
16008 159 32 191 0.664921 22
16009 148 70 218 0.357798 30
16010 123 55 178 0.382022 32
16011 62 67 129 -0.0387597 29
16012 16 94 110 -0.709091 26
16013 39 109 148 -0.472973 32
16014 103 65 168 0.22619 33
16015 107 49 156 0.371795 34
16016 14 197 211 -0.867299 18
16017 89 75 164 0.0853659 27
16018 138 68 206 0.339806 34
16019 70 111 181 -0.226519 29
16020 29 152 181 -0.679558 29
16021 118 41 159 0.484277 35
16022 70 65 135 0.037037 32
16023 21 197 218 -0.807339 31
16024 71 79 150 -0.0533333 33
16025 81 84 165 -0.0181818 34
16026 47 149 196 -0.520408 32
16027 123 22 145 0.696552 30
16028 154 5 159 0.937107 23
16029 156 55 211 0.478673 28
16030 80 116 196 -0.183673 33
16031 67 66 133 0.0075188 35
16032 137 59 196 0.397959 29
16033 160 3 163 0.96319 20
16034 52 139 191 -0.455497 34
16035 48 114 162 -0.407407 33
16036 124 4 128 0.9375 22
16037 163 24 187 0.743316 32
16038 58 107 165 -0.29697 32
16039 78 66 144 0.0833333 33
16040 122 36 158 0.544304 32
16041 39 167 206 -0.621359 36
16042 86 98 184 -0.0652174 31
16043 94 76 170 0.105882 34
16044 166 12 178 0.865169 25
16045 80 100 180 -0.111111 35
16046 17 195 212 -0.839623 30
16047 17 117 134 -0.746269 28
16048 72 119 191 -0.246073 34
16049 77 105 182 -0.153846 34
16050 89 92 181 -0.0165746 35
16051 168 8 176 0.909091 23
16052 106 94 200 0.06 37
16053 149 42 191 0.560209 33
16054 114 57 171 0.333333 32
16055 17 118 135 -0.748148 28
16056 102 27 129 0.581395 29
16057 10 177 187 -0.893048 24
16058 158 30 188 0.680851 34
16059 26 165 191 -0.727749 33
16060 7 198 205 -0.931707 24
16061 36 107 143 -0.496503 35
16062 17 146 163 -0.791411 28
16063 18 98 116 -0.689655 30
16064 90 64 154 0.168831 34
16065 163 39 202 0.613861 34
16066 69 73 142 -0.028169 25
16067 111 74 185 0.2 37
16068 78 118 196 -0.204082 36
16069 59 110 169 -0.301775 34
16070 126 26 152 0.657895 29
16071 115 22 137 0.678832 32
16072 111 17 128 0.734375 27
16073 46 87 133 -0.308271 34
16074 34 198 232 -0.706897 28
16075 156 25 181 0.723757 31
16076 86 91 177 -0.0282486 33
16077 115 64 179 0.284916 33
16078 164 7 171 0.918129 24
16079 56 142 198 -0.434343 33
16080 135 14 149 0.812081 27
16081 75 87 162 -0.0740741 33
16082 41 59 100 -0.18 31
16083 114 42 156 0.461538 30
16084 27 145 172 -0.686047 31
16085 105 63 168 0.25 29
16086 114 36 150 0.52 28
16087 147 13 160 0.8375 22
16088 48 123 171 -0.438596 31
16089 81 115 196 -0.173469 31
16090 22 145 167 -0.736527 24
16091 18 183 201 -0.820896 29
16092 2 176 178 -0.977528 15
16093 141 35 176 0.602273 31
16094 91 83 174 0.045977 34
16095 12 202 214 -0.88785 24
16096 76 84 160 -0.05 23
16097 104 37 141 0.475177 28
16098 24 137 161 -0.701863 24
16099 138 36 174 0.586207 30
16100 107 55 162 0.320988 31
16101 152 10 162 0.876543 14
16102 9 186 195 -0.907692 26
16103 81 101 182 -0.10989 31
16104 75 84 159 -0.0566038 28
16105 152 9 161 0.888199 26
16106 142 15 157 0.808917 28
16107 143 17 160 0.7875 27
16108 186 12 198 0.878788 28
16109 99 41 140 0.414286 29
16110 133 49 182 0.461538 32
16111 28 147 175 -0.68 30
16112 60 89 149 -0.194631 36
16113 114 80 194 0.175258 38
16114 128 44 172 0.488372 36
16115 67 102 169 -0.207101 33
16116 154 44 198 0.555556 35
16117 141 19 160 0.7625 28
16118 106 46 152 0.394737 33
16119 61 94 155 -0.212903 30
16120 16 124 140 -0.771429 27
16121 72 55 127 0.133858 34
16122 183 27 210 0.742857 25
16123 116 46 162 0.432099 25
16124 45 127 172 -0.476744 30
16125 123 53 176 0.397727 31
16126 85 57 142 0.197183 34
16127 108 50 158 0.367089 34
16128 91 56 147 0.238095 34
16129 63 111 174 -0.275862 30
16130 22 141 163 -0.730061 30
16131 20 118 138 -0.710145 32
16132 32 140 172 -0.627907 30
16133 93 80 173 0.0751445 34
16134 34 181 215 -0.683721 36
16135 46 119 165 -0.442424 34
16136 174 22 196 0.77551 27
16137 179 13 192 0.864583 25
16138 24 126 150 -0.68 28
16139 145 46 191 0.518325 33
16140 77 40 117 0.316239 28
16141 177 8 185 0.913514 27
16142 61 87 148 -0.175676 34
16143 112 71 183 0.224044 29
16144 122 58 180 0.355556 32
16145 93 72 165 0.127273 34
16146 126 46 172 0.465116 35
16147 19 154 173 -0.780347 28
16148 101 85 186 0.0860215 37
16149 13 193 206 -0.873786 29
16150 155 28 183 0.693989 22
16151 53 164 217 -0.511521 34
16152 72 44 116 0.241379 33
16153 144 43 187 0.540107 31
16154 31 124 155 -0.6 24
16155 98 75 173 0.132948 30
16156 8 171 179 -0.910615 24
16157 25 140 165 -0.69697 31
16158 37 130 167 -0.556886 34
16159 175 51 226 0.548673 27
16160 164 12 176 0.863636 25
16161 86 32 118 0.457627 33
16162 131 24 155 0.690323 29
16163 10 196 206 -0.902913 26
16164 23 168 191 -0.759162 28
16165 112 26 138 0.623188 26
16166 91 102 193 -0.0569948 34
16167 199 25 224 0.776786 28
16168 25 113 138 -0.637681 28
16169 88 62 150 0.173333 32
16170 42 114 156 -0.461538 31
16171 42 106 148 -0.432432 33
16172 55 104 159 -0.308176 31
16173 161 31 192 0.677083 32
16174 106 27 133 0.593985 31
16175 73 4 77 0.896104 22
16176 56 89 145 -0.227586 34
16177 58 31 89 0.303371 26
16178 21 151 172 -0.755814 32
16179 11 203 214 -0.897196 25
16180 35 135 170 -0.588235 33
16181 119 52 171 0.391813 33
16182 97 41 138 0.405797 32
16183 8 151 159 -0.899371 24
16184 71 114 185 -0.232432 33
16185 112 51 163 0.374233 30
16186 41 124 165 -0.50303 34
16187 163 18 181 0.801105 26
16188 96 58 154 0.246753 36
16189 91 83 174 0.045977 34
16190 12 137 149 -0.838926 28
16191 13 197 210 -0.87619 25
16192 19 99 118 -0.677966 29
16193 61 122 183 -0.333333 35
16194 106 69 175 0.211429 35
16195 44 208 252 -0.650794 31
16196 6 220 226 -0.946903 23
16197 130 24 154 0.688312 32
16198 63 39 102 0.235294 24
16199 41 132 173 -0.526012 33
16200 189 28 217 0.741935 23
16201 98 73 171 0.146199 38
16202 44 72 116 -0.241379 27
16203 131 25 156 0.679487 32
16204 85 70 155 0.0967742 31
16205 100 10 110 0.818182 26
16206 80 9 89 0.797753 22
16207 56 86 142 -0.211268 30
16208 8 209 217 -0.926267 24
16209 82 69 151 0.0860927 31
16210 18 122 140 -0.742857 29
16211 110 31 141 0.560284 30
16212 97 90 187 0.0374332 36
16213 234 11 245 0.910204 20
16214 19 171 190 -0.8 30
16215 139 30 169 0.64497 26
16216 30 141 171 -0.649123 30
16217 8 222 230 -0.930435 18
16218 96 37 133 0.443609 33
16219 138 27 165 0.672727 31
16220 50 89 139 -0.280576 30
16221 21 164 185 -0.772973 31
16222 119 69 188 0.265957 35
16223 11 205 216 -0.898148 27
16224 140 53 193 0.450777 30
16225 27 126 153 -0.647059 33
16226 163 32 195 0.671795 31
16227 53 83 136 -0.220588 32
16228 61 60 121 0.00826446 33
16229 23 148 171 -0.730994 30
16230 97 85 182 0.0659341 34
16231 21 179 200 -0.79 31
16232 59 127 186 -0.365591 36
16233 155 12 167 0.856287 28
16234 148 11 159 0.861635 28
16235 161 28 189 0.703704 28
16236 93 95 188 -0.0106383 31
16237 98 52 150 0.306667 34
16238 69 108 177 -0.220339 30
16239 15 132 147 -0.795918 31
16240 79 54 133 0.18797 27
16241 30 157 187 -0.679144 24
16242 88 46 134 0.313433 33
16243 108 35 143 0.51049 27
16244 168 15 183 0.836066 25
16245 100 90 190 0.0526316 33
16246 158 44 202 0.564356 30
16247 118 63 181 0.303867 36
16248 212 19 231 0.835498 28
16249 25 105 130 -0.615385 28
16250 3 196 199 -0.969849 12
16251 15 160 175 -0.828571 30
16252 156 13 169 0.846154 24
16253 12 44 56 -0.571429 21
16254 204 9 213 0.915493 25
16255 109 44 153 0.424837 31
16256 28 179 207 -0.729469 30
16257 58 128 186 -0.376344 32
16258 150 8 158 0.898734 23
16259 113 85 198 0.141414 35
16260 125 19 144 0.736111 26
16261 54 57 111 -0.027027 28
16262 13 176 189 -0.862434 28
16263 167 12 179 0.865922 26
16264 148 9 157 0.88535 26
16265 134 44 178 0.505618 29
16266 168 11 179 0.877095 29
16267 13 157 170 -0.847059 28
16268 122 39 161 0.515528 34
16269 104 51 155 0.341935 32
16270 100 41 141 0.41844 28
16271 23 119 142 -0.676056 29
16272 113 60 173 0.306358 32
16273 59 71 130 -0.0923077 32
16274 24 161 185 -0.740541 28
16275 51 137 188 -0.457447 33
16276 19 136 155 -0.754839 24
16277 12 177 189 -0.873016 26
16278 40 101 141 -0.432624 28
16279 38 113 151 -0.496689 29
16280 108 71 179 0.206704 30
16281 125 53 178 0.404494 33
16282 15 201 216 -0.861111 25
16283 88 96 184 -0.0434783 35
16284 93 103 196 -0.0510204 36
16285 56 81 137 -0.182482 33
16286 87 80 167 0.0419162 32
16287 19 175 194 -0.804124 29
16288 125 35 160 0.5625 34
16289 15 206 221 -0.864253 28
16290 113 64 177 0.276836 32
16291 61 60 121 0.00826446 26
16292 146 11 157 0.859873 26
16293 150 30 180 0.666667 31
16294 70 54 124 0.129032 33
16295 86 58 144 0.194444 30
16296 102 65 167 0.221557 34
16297 31 127 158 -0.607595 27
16298 148 36 184 0.608696 34
16299 31 16 47 0.319149 20
16300 119 43 162 0.469136 26
16301 189 27 216 0.75 35
16302 29 155 184 -0.684783 27
16303 47 108 155 -0.393548 34
16304 69 83 152 -0.0921053 29
16305 49 97 146 -0.328767 29
16306 179 7 186 0.924731 25
16307 240 17 257 0.867704 21
16308 155 42 197 0.573604 33
16309 113 51 164 0.378049 36
16310 49 111 160 -0.3875 34
16311 31 113 144 -0.569444 32
16312 129 21 150 0.72 31
16313 80 56 136 0.176471 28
16314 102 53 155 0.316129 29
16315 124 40 164 0.512195 33
16316 92 76 168 0.0952381 28
16317 82 23 105 0.561905 27
16318 39 130 169 -0.538462 33
16319 144 29 173 0.66474 25
16320 55 100 155 -0.290323 27
16321 217 3 220 0.972727 18
16322 219 6 225 0.946667 22
16323 51 71 122 -0.163934 35
16324 165 38 203 0.625616 33
16325 86 51 137 0.255474 28
16326 11 135 146 -0.849315 25
16327 181 20 201 0.800995 25
16328 87 87 174 0 26
16329 66 93 159 -0.169811 28
16330 11 155 166 -0.86747 28
16331 145 20 165 0.757576 26
16332 8 238 246 -0.934959 22
16333 74 1 75 0.973333 15
16334 102 65 167 0.221557 37
16335 10 203 213 -0.906103 27
16336 119 32 151 0.576159 31
16337 20 164 184 -0.782609 28
16338 71 101 172 -0.174419 29
16339 157 33 190 0.652632 25
16340 91 89 180 0.0111111 31
16341 155 29 184 0.684783 32
16342 77 74 151 0.0198675 27
16343 18 166 184 -0.804348 28
16344 175 20 195 0.794872 29
16345 32 142 174 -0.632184 30
16346 79 75 154 0.025974 34
16347 172 17 189 0.820106 30
16348 3 92 95 -0.936842 16
16349 114 47 161 0.416149 33
16350 9 107 116 -0.844828 28
16351 89 56 145 0.227586 32
16352 149 23 172 0.732558 27
16353 40 129 169 -0.526627 27
16354 14 201 215 -0.869767 27
16355 60 105 165 -0.272727 29
16356 7 153 160 -0.9125 25
16357 68 69 137 -0.00729927 32
16358 11 225 236 -0.90678 25
16359 64 110 174 -0.264368 30
16360 34 76 110 -0.381818 28
16361 39 83 122 -0.360656 25
16362 132 52 184 0.434783 35
16363 101 47 148 0.364865 32
16364 41 124 165 -0.50303 35
16365 84 68 152 0.105263 35
16366 135 39 174 0.551724 30
16367 96 60 156 0.230769 35
16368 92 52 144 0.277778 26
16369 42 123 165 -0.490909 30
16370 158 22 180 0.755556 27
16371 21 183 204 -0.794118 31
16372 167 8 175 0.908571 27
16373 26 180 206 -0.747573 27
16374 140 5 145 0.931034 24
16375 41 167 208 -0.605769 34
16376 24 172 196 -0.755102 29
16377 74 73 147 0.00680272 29
16378 83 54 137 0.211679 32
16379 100 67 167 0.197605 30
16380 71 78 149 -0.0469799 38
16381 49 125 174 -0.436782 32
16382 9 137 146 -0.876712 26
16383 97 67 164 0.182927 34
16384 55 118 173 -0.364162 30
16385 2 95 97 -0.958763 17
16386 24 136 160 -0.7 30
16387 3 170 173 -0.965318 12
16388 121 81 202 0.19802 35
16389 97 94 191 0.0157068 33
16390 57 106 163 -0.300613 30
16391 5 211 216 -0.953704 20
16392 59 77 136 -0.132353 28
16393 93 85 178 0.0449438 31
16394 73 86 159 -0.081761 29
16395 8 219 227 -0.929515 21
16396 17 147 164 -0.792683 28
16397 31 151 182 -0.659341 26
16398 29 104 133 -0.56391 31
16399 73 102 175 -0.165714 36
16400 101 83 184 0.0978261 30
16401 9 171 180 -0.9 27
16402 33 134 167 -0.60479 34
16403 262 4 266 0.969925 17
16404 118 97 215 0.0976744 34
16405 125 55 180 0.388889 30
16406 159 24 183 0.737705 29
16407 43 113 156 -0.448718 30
16408 149 58 207 0.439614 25
16409 119 60 179 0.329609 30
16410 32 150 182 -0.648352 26
16411 97 85 182 0.0659341 34
16412 56 107 163 -0.312883 32
16413 121 54 175 0.382857 30
16414 138 29 167 0.652695 32
16415 78 88 166 -0.060241 31
16416 180 11 191 0.884817 25
16417 176 32 208 0.692308 32
16418 196 21 217 0.806452 27
16419 177 20 197 0.796954 30
16420 66 82 148 -0.108108 34
16421 29 165 194 -0.701031 32
16422 77 105 182 -0.153846 31
16423 10 123 133 -0.849624 25
16424 48 94 142 -0.323944 29
16425 91 35 126 0.444444 33
16426 136 40 176 0.545455 34
16427 95 79 174 0.091954 36
16428 212 12 224 0.892857 23
16429 5 212 217 -0.953917 23
16430 59 89 148 -0.202703 31
16431 64 105 169 -0.242604 35
16432 40 80 120 -0.333333 30
16433 99 40 139 0.42446 35
16434 276 10 286 0.93007 21
16435 57 85 142 -0.197183 31
16436 10 147 157 -0.872611 27
16437 141 37 178 0.58427 30
16438 95 71 166 0.144578 36
16439 94 67 161 0.167702 36
16440 71 69 140 0.0142857 35
16441 19 96 115 -0.669565 29
16442 118 42 160 0.475 34
16443 43 125 168 -0.488095 31
16444 143 32 175 0.634286 31
16445 187 11 198 0.888889 27
16446 171 42 213 0.605634 31
16447 54 40 94 0.148936 24
16448 108 36 144 0.5 30
16449 123 56 179 0.374302 34
16450 58 107 165 -0.29697 38
16451 34 92 126 -0.460317 33
16452 85 100 185 -0.0810811 31
16453 76 76 152 0 38
16454 154 20 174 0.770115 31
16455 141 43 184 0.532609 30
16456 109 61 170 0.282353 31
16457 111 45 156 0.423077 32
16458 17 167 184 -0.815217 30
16459 108 40 148 0.459459 36
16460 134 23 157 0.707006 31
16461 14 198 212 -0.867925 28
16462 31 127 158 -0.607595 25
16463 43 101 144 -0.402778 26
16464 25 103 128 -0.609375 25
16465 11 291 302 -0.927152 17
16466 28 131 159 -0.647799 26
16467 123 28 151 0.629139 27
16468 79 93 172 -0.0813953 36
16469 28 115 143 -0.608392 32
16470 205 8 213 0.924883 22
16471 115 17 132 0.742424 27
16472 37 109 146 -0.493151 27
16473 21 132 153 -0.72549 25
16474 114 43 157 0.452229 34
16475 55 151 206 -0.466019 34
16476 82 90 172 -0.0465116 38
16477 127 9 136 0.867647 26
16478 99 131 230 -0.13913 28
16479 126 93 219 0.150685 33
16480 48 129 177 -0.457627 37
16481 55 73 128 -0.140625 28
16482 72 11 83 0.73494 23
16483 22 177 199 -0.778894 32
16484 87 33 120 0.45 32
16485 175 12 187 0.871658 26
16486 21 174 195 -0.784615 26
16487 105 42 147 0.428571 24
16488 172 14 186 0.849462 28
16489 151 23 174 0.735632 28
16490 18 125 143 -0.748252 31
16491 19 166 185 -0.794595 33
16492 8 226 234 -0.931624 24
16493 70 100 170 -0.176471 34
16494 71 74 145 -0.0206897 36
16495 169 12 181 0.867403 25
16496 91 44 135 0.348148 31
16497 210 12 222 0.891892 29
16498 5 175 180 -0.944444 22
16499 119 34 153 0.555556 30
16500 125 32 157 0.592357 27
16501 58 76 134 -0.134328 30
16502 24 186 210 -0.771429 31
16503 72 73 145 -0.00689655 27
16504 138 34 172 0.604651 29
16505 142 31 173 0.641618 28
16506 55 127 182 -0.395604 33
16507 21 150 171 -0.754386 28
16508 17 133 150 -0.773333 30
16509 10 161 171 -0.883041 24
16510 47 131 178 -0.47191 30
16511 2 51 53 -0.924528 14
16512 110 49 159 0.383648 31
16513 9 177 186 -0.903226 25
16514 142 24 166 0.710843 35
16515 11 165 176 -0.875 26
16516 12 186 198 -0.878788 26
16517 103 40 143 0.440559 36
16518 39 141 180 -0.566667 22
16519 31 11 42 0.47619 16
16520 40 135 175 -0.542857 33
16521 61 114 175 -0.302857 34
16522 99 46 145 0.365517 34
16523 35 146 181 -0.61326 31
16524 30 100 130 -0.538462 30
16525 122 22 144 0.694444 30
16526 45 80 125 -0.28 34
16527 168 12 180 0.866667 28
16528 90 95 185 -0.027027 29
16529 116 74 190 0.221053 33
16530 129 57 186 0.387097 30
16531 129 36 165 0.563636 32
16532 36 130 166 -0.566265 31
16533 48 132 180 -0.466667 35
16534 60 141 201 -0.402985 34
16535 128 44 172 0.488372 30
16536 43 73 116 -0.258621 26
16537 148 36 184 0.608696 31
16538 3 192 195 -0.969231 19
16539 19 125 144 -0.736111 28
16540 42 81 123 -0.317073 30
16541 17 125 142 -0.760563 27
16542 195 12 207 0.884058 23
16543 49 123 172 -0.430233 31
16544 85 47 132 0.287879 30
16545 50 79 129 -0.224806 34
16546 9 208 217 -0.917051 26
16547 66 97 163 -0.190184 31
16548 128 42 170 0.505882 32
16549 68 125 193 -0.295337 30
16550 51 141 192 -0.46875 30
16551 104 63 167 0.245509 29
16552 39 150 189 -0.587302 28
16553 25 176 201 -0.751244 31
16554 141 11 152 0.855263 28
16555 139 22 161 0.726708 31
16556 35 125 160 -0.5625 31
16557 84 80 164 0.0243902 34
16558 70 75 145 -0.0344828 34
16559 125 75 200 0.25 34
16560 106 61 167 0.269461 30
16561 9 154 163 -0.889571 26
16562 166 42 208 0.596154 30
16563 96 47 143 0.342657 28
16564 48 154 202 -0.524752 32
16565 5 205 210 -0.952381 21
16566 77 97 174 -0.114943 35
16567 19 150 169 -0.775148 30
16568 141 30 171 0.649123 28
16569 224 16 240 0.866667 25
16570 157 14 171 0.836257 23
16571 137 23 160 0.7125 30
16572 64 105 169 -0.242604 36
16573 78 107 185 -0.156757 32
16574 3 46 49 -0.877551 17
16575 22 128 150 -0.706667 26
16576 45 110 155 -0.419355 33
16577 119 67 186 0.27957 31
16578 119 60 179 0.329609 34
16579 88 84 172 0.0232558 32
16580 77 86 163 -0.0552147 33
16581 74 100 174 -0.149425 35
16582 112 56 168 0.333333 29
16583 110 67 177 0.242938 36
16584 89 40 129 0.379845 29
16585 107 58 165 0.29697 28
16586 101 75 176 0.147727 34
16587 83 91 174 -0.045977 33
16588 63 102 165 -0.236364 35
16589 23 110 133 -0.654135 30
16590 62 75 137 -0.0948905 33
16591 150 31 181 0.657459 28
16592 155 31 186 0.666667 29
16593 131 38 169 0.550296 30
16594 69 81 150 -0.08 26
16595 41 113 154 -0.467532 30
16596 49 63 112 -0.125 35
16597 60 89 149 -0.194631 26
16598 172 41 213 0.615023 31
16599 128 42 170 0.505882 29
16600 113 52 165 0.369697 35
16601 25 130 155 -0.677419 29
16602 14 99 113 -0.752212 27
16603 55 86 141 -0.219858 33
16604 131 41 172 0.523256 30
16605 63 105 168 -0.25 34
16606 75 45 120 0.25 30
16607 27 139 166 -0.674699 28
16608 25 63 88 -0.431818 25
16609 105 54 159 0.320755 29
16610 55 66 121 -0.0909091 29
16611 84 67 151 0.112583 32
16612 105 24 129 0.627907 28
16613 143 38 181 0.58011 33
16614 38 134 172 -0.55814 30
16615 16 122 138 -0.768116 18
16616 50 81 131 -0.236641 29
16617 119 51 170 0.4 30
16618 161 33 194 0.659794 32
16619 177 29 206 0.718447 32
16620 10 140 150 -0.866667 26
16621 143 6 149 0.919463 25
16622 74 70 144 0.0277778 31
16623 112 56 168 0.333333 34
16624 64 63 127 0.00787402 30
16625 7 243 250 -0.944 22
16626 159 24 183 0.737705 32
16627 134 48 182 0.472527 33
16628 151 17 168 0.797619 28
16629 4 197 201 -0.960199 21
16630 165 12 177 0.864407 27
16631 201 15 216 0.861111 29
16632 235 24 259 0.814672 30
16633 11 138 149 -0.852349 26
16634 92 60 152 0.210526 32
16635 8 145 153 -0.895425 22
16636 40 126 166 -0.518072 35
16637 26 195 221 -0.764706 25
16638 70 103 173 -0.190751 29
16639 29 139 168 -0.654762 26
16640 171 36 207 0.652174 27
16641 14 175 189 -0.851852 27
16642 60 105 165 -0.272727 35
16643 94 94 188 0 31
16644 109 29 138 0.57971 30
16645 155 1 156 0.987179 19
16646 139 45 184 0.51087 33
16647 110 77 187 0.176471 33
16648 149 11 160 0.8625 27
16649 20 194 214 -0.813084 32
16650 75 88 163 -0.0797546 30
16651 130 13 143 0.818182 26
16652 101 42 143 0.412587 29
16653 179 20 199 0.798995 28
16654 120 38 158 0.518987 28
16655 86 68 154 0.116883 35
16656 72 81 153 -0.0588235 29
16657 38 86 124 -0.387097 33
16658 8 175 183 -0.912568 25
16659 104 52 156 0.333333 29
16660 15 160 175 -0.828571 30
16661 17 141 158 -0.78481 31
16662 56 120 176 -0.363636 34
16663 37 105 142 -0.478873 33
16664 48 117 165 -0.418182 30
16665 93 49 142 0.309859 30
16666 15 168 183 -0.836066 23
16667 62 123 185 -0.32973 31
16668 182 8 190 0.915789 22
16669 164 31 195 0.682051 24
16670 50 120 170 -0.411765 30
16671 54 129 183 -0.409836 29
16672 32 123 155 -0.587097 33
16673 154 12 166 0.855422 21
16674 52 6 58 0.793103 16
16675 51 104 155 -0.341935 29
16676 94 98 192 -0.0208333 30
16677 83 86 169 -0.0177515 34
16678 76 43 119 0.277311 32
16679 82 49 131 0.251908 32
16680 71 99 170 -0.164706 32
16681 74 84 158 -0.0632911 34
16682 70 114 184 -0.23913 31
16683 92 76 168 0.0952381 30
16684 19 131 150 -0.746667 27
16685 53 39 92 0.152174 25
16686 109 56 165 0.321212 31
16687 22 200 222 -0.801802 27
16688 68 87 155 -0.122581 27
16689 158 29 187 0.68984 33
16690 99 61 160 0.2375 32
16691 17 170 187 -0.818182 27
16692 15 151 166 -0.819277 28
16693 62 130 192 -0.354167 31
16694 79 91 170 -0.0705882 32
16695 155 15 170 0.823529 26
16696 119 30 149 0.597315 33
16697 33 127 160 -0.5875 33
16698 141 66 207 0.362319 34
16699 38 59 97 -0.216495 21
16700 122 52 174 0.402299 33
16701 167 43 210 0.590476 35
16702 187 19 206 0.815534 26
16703 57 112 169 -0.325444 30
16704 193 14 207 0.864734 28
16705 63 69 132 -0.0454545 30
16706 44 107 151 -0.417219 33
16707 89 70 159 0.119497 38
16708 95 87 182 0.043956 33
16709 64 70 134 -0.0447761 31
16710 40 76 116 -0.310345 25
16711 195 24 219 0.780822 24
16712 114 43 157 0.452229 26
16713 68 106 174 -0.218391 31
16714 23 137 160 -0.7125 28
16715 49 118 167 -0.413174 34
16716 136 35 171 0.590643 30
16717 30 134 164 -0.634146 31
16718 99 55 154 0.285714 31
16719 134 22 156 0.717949 30
16720 42 112 154 -0.454545 29
16721 13 208 221 -0.882353 27
16722 50 102 152 -0.342105 24
16723 48 119 167 -0.42515 31
16724 72 69 141 0.0212766 32
16725 84 69 153 0.0980392 34
16726 181 9 190 0.905263 25
16727 48 87 135 -0.288889 29
16728 5 221 226 -0.955752 22
16729 22 191 213 -0.793427 33
16730 116 50 166 0.39759 30
16731 119 48 167 0.42515 31
16732 7 179 186 -0.924731 14
16733 86 70 156 0.102564 32
16734 89 37 126 0.412698 28
16735 113 19 132 0.712121 30
16736 20 192 212 -0.811321 29
16737 132 24 156 0.692308 27
16738 74 127 201 -0.263682 33
16739 7 116 123 -0.886179 23
16740 91 112 203 -0.103448 36
16741 79 63 142 0.112676 32
16742 86 66 152 0.131579 28
16743 73 36 109 0.33945 33
16744 81 54 135 0.2 34
16745 66 65 131 0.00763359 31
16746 154 66 220 0.4 29
16747 96 78 174 0.103448 31
16748 107 38 145 0.475862 30
16749 151 36 187 0.614973 31
16750 168 7 175 0.92 23
16751 77 108 185 -0.167568 28
16752 86 65 151 0.139073 38
16753 7 190 197 -0.928934 23
16754 95 5 100 0.9 23
16755 34 96 130 -0.476923 32
16756 176 37 213 0.652582 27
16757 100 79 179 0.117318 31
16758 101 73 174 0.16092 26
16759 22 142 164 -0.731707 24
16760 17 177 194 -0.824742 27
16761 79 58 137 0.153285 32
16762 97 86 183 0.0601093 32
16763 74 97 171 -0.134503 32
16764 194 17 211 0.838863 28
16765 55 112 167 -0.341317 28
16766 91 62 153 0.189542 30
16767 41 176 217 -0.62212 32
16768 26 153 179 -0.709497 34
16769 17 174 191 -0.82199 31
16770 75 85 160 -0.0625 29
16771 94 46 140 0.342857 28
16772 132 28 160 0.65 31
16773 173 13 186 0.860215 26
16774 88 96 184 -0.0434783 35
16775 123 27 150 0.64 33
16776 23 111 134 -0.656716 29
16777 107 32 139 0.539568 28
16778 123 51 174 0.413793 33
16779 50 108 158 -0.367089 30
16780 58 89 147 -0.210884 29
16781 78 14 92 0.695652 23
16782 10 167 177 -0.887006 24
16783 61 117 178 -0.314607 30
16784 67 137 204 -0.343137 37
16785 151 14 165 0.830303 26
16786 95 83 178 0.0674157 36
16787 33 143 176 -0.625 32
16788 92 40 132 0.393939 29
16789 31 136 167 -0.628743 28
16790 180 22 202 0.782178 31
16791 30 163 193 -0.689119 34
16792 171 7 178 0.921348 20
16793 88 87 175 0.00571429 32
16794 31 144 175 -0.645714 33
16795 84 61 145 0.158621 33
16796 15 178 193 -0.84456 27
16797 46 55 101 -0.0891089 25
16798 39 149 188 -0.585106 34
16799 77 72 149 0.033557 34
16800 109 20 129 0.689922 30
16801 88 96 184 -0.0434783 32
16802 37 118 155 -0.522581 30
16803 45 92 137 -0.343066 30
16804 100 47 147 0.360544 31
16805 17 107 124 -0.725806 29
16806 12 129 141 -0.829787 28
16807 57 119 176 -0.352273 33
16808 44 126 170 -0.482353 32
16809 8 98 106 -0.849057 22
16810 31 124 155 -0.6 29
16811 41 200 241 -0.659751 30
16812 139 42 181 0.535912 26
16813 19 161 180 -0.788889 25
16814 111 84 195 0.138462 34
16815 37 129 166 -0.554217 36
16816 92 80 172 0.0697674 31
16817 41 80 121 -0.322314 34
16818 51 134 185 -0.448649 23
16819 145 10 155 0.870968 25
16820 3 192 195 -0.969231 21
16821 251 3 254 0.976378 19
16822 39 81 120 -0.35 32
16823 23 114 137 -0.664234 22
16824 134 66 200 0.34 34
16825 179 15 194 0.845361 27
16826 192 10 202 0.90099 26
16827 101 56 157 0.286624 32
16828 44 130 174 -0.494253 33
16829 217 33 250 0.736 28
16830 207 20 227 0.823789 25
16831 22 145 167 -0.736527 24
16832 33 134 167 -0.60479 29
16833 34 121 155 -0.56129 34
16834 12 159 171 -0.859649 27
16835 145 25 170 0.705882 35
16836 34 201 235 -0.710638 31
16837 39 117 156 -0.5 37
16838 155 21 176 0.761364 30
16839 25 158 183 -0.726776 32
16840 27 138 165 -0.672727 28
16841 145 46 191 0.518325 32
16842 98 103 201 -0.0248756 34
16843 20 163 183 -0.781421 31
16844 65 90 155 -0.16129 31
16845 87 76 163 0.0674847 29
16846 111 54 165 0.345455 34
16847 76 55 131 0.160305 32
16848 163 26 189 0.724868 31
16849 153 9 162 0.888889 21
16850 68 96 164 -0.170732 25
16851 158 9 167 0.892216 27
16852 144 28 172 0.674419 32
16853 12 134 146 -0.835616 28
16854 22 125 147 -0.70068 28
16855 16 220 236 -0.864407 28
16856 39 114 153 -0.490196 30
16857 158 28 186 0.698925 31
16858 54 123 177 -0.389831 38
16859 30 102 132 -0.545455 30
16860 18 171 189 -0.809524 25
16861 6 147 153 -0.921569 24
16862 107 37 144 0.486111 31
16863 99 67 166 0.192771 34
16864 93 21 114 0.631579 27
16865 158 12 170 0.858824 23
16866 4 220 224 -0.964286 21
16867 3 105 108 -0.944444 19
16868 79 85 164 -0.0365854 26
16869 231 14 245 0.885714 19
16870 37 120 157 -0.528662 28
16871 68 89 157 -0.133758 31
16872 135 37 172 0.569767 25
16873 52 100 152 -0.315789 33
16874 73 98 171 -0.146199 27
16875 33 129 162 -0.592593 34
16876 45 136 181 -0.502762 32
16877 136 47 183 0.486339 32
16878 105 49 154 0.363636 32
16879 63 113 176 -0.284091 34
16880 32 122 154 -0.584416 28
16881 87 58 145 0.2 29
16882 81 98 179 -0.0949721 36
16883 108 21 129 0.674419 24
16884 67 87 154 -0.12987 31
16885 39 125 164 -0.52439 29
16886 84 88 172 -0.0232558 35
16887 97 42 139 0.395683 27
16888 198 10 208 0.903846 27
16889 147 40 187 0.572193 35
16890 92 57 149 0.234899 35
16891 37 145 182 -0.593407 32
16892 121 66 187 0.294118 34
16893 16 200 216 -0.851852 26
16894 8 163 171 -0.906433 23
16895 14 136 150 -0.813333 27
16896 107 42 149 0.436242 28
16897 124 77 201 0.233831 32
16898 127 47 174 0.45977 32
16899 135 16 151 0.788079 30
16900 127 41 168 0.511905 34
16901 74 68 142 0.0422535 26
16902 86 71 157 0.0955414 33
16903 33 157 190 -0.652632 32
16904 140 48 188 0.489362 35
16905 196 32 228 0.719298 31
16906 159 11 170 0.870588 27
16907 76 54 130 0.169231 35
16908 10 269 279 -0.928315 17
16909 182 14 196 0.857143 26
16910 46 103 149 -0.38255 24
16911 54 95 149 -0.275168 26
16912 104 28 132 0.575758 28
16913 171 16 187 0.828877 32
16914 123 63 186 0.322581 32
16915 18 120 138 -0.73913 25
16916 194 19 213 0.821596 27
16917 98 94 192 0.0208333 37
16918 162 15 177 0.830508 30
16919 7 197 204 -0.931373 23
16920 48 106 154 -0.376623 30
16921 12 180 192 -0.875 28
16922 37 81 118 -0.372881 32
16923 43 126 169 -0.491124 28
16924 65 93 158 -0.177215 31
16925 71 107 178 -0.202247 37
16926 27 139 166 -0.674699 32
16927 112 74 186 0.204301 36
16928 36 108 144 -0.5 30
16929 29 124 153 -0.620915 29
16930 22 87 109 -0.59633 27
16931 104 74 178 0.168539 35
16932 58 92 150 -0.226667 35
16933 23 185 208 -0.778846 27
16934 43 131 174 -0.505747 31
16935 25 162 187 -0.73262 31
16936 93 69 162 0.148148 29
16937 71 112 183 -0.224044 35
16938 32 134 166 -0.614458 35
16939 85 57 142 0.197183 27
16940 174 11 185 0.881081 27
16941 31 111 142 -0.56338 29
16942 54 123 177 -0.389831 36
16943 90 88 178 0.011236 31
16944 69 93 162 -0.148148 36
16945 64 113 177 -0.276836 31
16946 48 82 130 -0.261538 30
16947 45 118 163 -0.447853 29
16948 85 98 183 -0.0710383 30
16949 29 144 173 -0.66474 31
16950 138 23 161 0.714286 31
16951 9 208 217 -0.917051 26
16952 24 115 139 -0.654676 32
16953 82 115 197 -0.167513 34
16954 69 61 130 0.0615385 31
16955 141 42 183 0.540984 32
16956 20 174 194 -0.793814 22
16957 55 121 176 -0.375 30
16958 60 91 151 -0.205298 38
16959 38 179 217 -0.64977 35
16960 155 10 165 0.878788 25
16961 75 88 163 -0.0797546 31
16962 83 48 131 0.267176 29
16963 135 23 158 0.708861 27
16964 106 59 165 0.284848 34
16965 15 164 179 -0.832402 28
16966 52 148 200 -0.48 34
16967 54 104 158 -0.316456 30
16968 71 89 160 -0.1125 34
16969 148 11 159 0.861635 27
16970 82 59 141 0.163121 33
16971 91 74 165 0.10303 35
16972 18 113 131 -0.725191 29
16973 19 185 204 -0.813725 21
16974 140 51 191 0.465969 33
16975 77 47 124 0.241935 33
16976 37 133 170 -0.564706 32
16977 176 17 193 0.823834 29
16978 30 137 167 -0.640719 30
16979 51 117 168 -0.392857 31
16980 26 131 157 -0.66879 28
16981 181 11 192 0.885417 25
16982 253 21 274 0.846715 29
16983 184 24 208 0.769231 31
16984 73 108 181 -0.19337 30
16985 64 160 224 -0.428571 33
16986 23 114 137 -0.664234 30
16987 216 15 231 0.87013 27
16988 125 39 164 0.52439 35
16989 62 112 174 -0.287356 26
16990 34 104 138 -0.507246 34
16991 60 86 146 -0.178082 33
16992 127 49 176 0.443182 31
16993 17 166 183 -0.814208 26
16994 21 152 173 -0.757225 28
16995 41 198 239 -0.656904 29
16996 75 60 135 0.111111 29
16997 179 18 197 0.817259 29
16998 169 28 197 0.715736 25
16999 24 153 177 -0.728814 30
17000 109 35 144 0.513889 28
17001 54 118 172 -0.372093 31
17002 55 111 166 -0.337349 32
17003 116 71 187 0.240642 35
17004 156 34 190 0.642105 34
17005 156 47 203 0.536946 33
17006 143 44 187 0.529412 27
17007 13 76 89 -0.707865 25
17008 115 70 185 0.243243 33
17009 161 28 189 0.703704 33
17010 92 115 207 -0.111111 34
17011 29 136 165 -0.648485 33
17012 76 41 117 0.299145 33
17013 88 80 168 0.047619 32
17014 129 32 161 0.602484 31
17015 17 141 158 -0.78481 27
17016 7 89 96 -0.854167 25
17017 29 124 153 -0.620915 33
17018 26 154 180 -0.711111 26
17019 42 121 163 -0.484663 34
17020 83 94 177 -0.0621469 28
17021 185 13 198 0.868687 24
17022 80 99 179 -0.106145 30
17023 34 161 195 -0.651282 26
17024 107 36 143 0.496503 30
17025 17 140 157 -0.783439 23
17026 85 41 126 0.349206 31
17027 40 102 142 -0.43662 34
17028 151 27 178 0.696629 23
17029 121 53 174 0.390805 30
17030 77 84 161 -0.0434783 30
17031 11 160 171 -0.871345 28
17032 6 142 148 -0.918919 23
17033 135 21 156 0.730769 31
17034 63 74 137 -0.080292 32
17035 151 30 181 0.668508 32
17036 94 69 163 0.153374 26
17037 60 57 117 0.025641 30
17038 77 102 179 -0.139665 31
17039 71 86 157 -0.0955414 29
17040 23 111 134 -0.656716 27
17041 133 52 185 0.437838 33
17042 190 15 205 0.853659 27
17043 179 16 195 0.835897 27
17044 18 96 114 -0.684211 27
17045 17 117 134 -0.746269 29
17046 107 58 165 0.29697 33
17047 15 121 136 -0.779412 26
17048 98 79 177 0.107345 38
17049 70 88 158 -0.113924 32
17050 163 21 184 0.771739 29
17051 153 14 167 0.832335 21
17052 17 181 198 -0.828283 30
17053 71 109 180 -0.211111 35
17054 179 28 207 0.729469 26
17055 127 38 165 0.539394 27
17056 125 48 173 0.445087 35
17057 11 148 159 -0.861635 24
17058 70 77 147 -0.047619 29
17059 10 127 137 -0.854015 27
17060 74 103 177 -0.163842 33
17061 104 45 149 0.395973 33
17062 173 7 180 0.922222 25
17063 9 174 183 -0.901639 26
17064 6 4 10 0.2 7
17065 117 24 141 0.659574 31
17066 30 150 180 -0.666667 29
17067 165 24 189 0.746032 28
17068 25 143 168 -0.702381 28
17069 31 171 202 -0.693069 27
17070 122 52 174 0.402299 29
17071 68 38 106 0.283019 29
17072 70 89 159 -0.119497 34
17073 101 61 162 0.246914 27
17074 169 33 202 0.673267 28
17075 19 147 166 -0.771084 33
17076 67 82 149 -0.100671 33
17077 170 36 206 0.650485 29
17078 153 28 181 0.690608 33
17079 47 114 161 -0.416149 29
17080 4 198 202 -0.960396 22
17081 92 92 184 0 35
17082 83 42 125 0.328 31
17083 94 93 187 0.00534759 32
17084 41 160 201 -0.59204 31
17085 227 19 246 0.845528 17
17086 7 244 251 -0.944223 14
17087 35 135 170 -0.588235 29
17088 100 64 164 0.219512 33
17089 127 36 163 0.558282 30
17090 115 52 167 0.377246 34
17091 19 187 206 -0.815534 26
17092 170 16 186 0.827957 29
17093 106 28 134 0.58209 26
17094 154 19 173 0.780347 29
17095 127 39 166 0.53012 35
17096 160 36 196 0.632653 30
17097 160 42 202 0.584158 27
17098 16 145 161 -0.801242 30
17099 39 144 183 -0.57377 33
17100 42 95 137 -0.386861 34
17101 107 64 171 0.251462 32
17102 152 31 183 0.661202 32
17103 82 55 137 0.19708 30
17104 20 175 195 -0.794872 27
17105 190 10 200 0.9 24
17106 91 80 171 0.0643275 30
17107 136 45 181 0.502762 29
17108 57 106 163 -0.300613 29
17109 19 132 151 -0.748344 32
17110 107 78 185 0.156757 32
17111 130 40 170 0.529412 29
17112 127 58 185 0.372973 32
17113 83 67 150 0.106667 33
17114 73 97 170 -0.141176 33
17115 43 143 186 -0.537634 34
17116 39 133 172 -0.546512 31
17117 52 85 137 -0.240876 26
17118 45 88 133 -0.323308 29
17119 157 51 208 0.509615 29
17120 132 35 167 0.580838 32
17121 62 104 166 -0.253012 36
17122 107 50 157 0.363057 26
17123 108 52 160 0.35 29
17124 46 106 152 -0.394737 32
17125 30 129 159 -0.622642 35
17126 153 28 181 0.690608 28
17127 128 20 148 0.72973 32
17128 121 38 159 0.522013 29
17129 134 28 162 0.654321 29
17130 16 190 206 -0.84466 29
17131 41 131 172 -0.523256 30
17132 104 27 131 0.587786 22
17133 100 46 146 0.369863 30
17134 250 16 266 0.879699 28
17135 40 163 203 -0.605911 32
17136 58 118 176 -0.340909 32
17137 82 102 184 -0.108696 31
17138 46 101 147 -0.37415 33
17139 79 81 160 -0.0125 34
17140 15 161 176 -0.829545 26
17141 29 138 167 -0.652695 31
17142 24 121 145 -0.668966 25
17143 16 164 180 -0.822222 27
17144 42 112 154 -0.454545 30
17145 103 78 181 0.138122 34
17146 202 7 209 0.933014 21
17147 67 76 143 -0.0629371 30
17148 146 22 168 0.738095 30
17149 154 10 164 0.878049 26
17150 156 24 180 0.733333 33
17151 179 14 193 0.854922 27
17152 85 50 135 0.259259 33
17153 113 27 140 0.614286 25
17154 189 9 198 0.909091 26
17155 13 177 190 -0.863158 24
17156 138 9 147 0.877551 23
17157 83 86 169 -0.0177515 34
17158 11 198 209 -0.894737 25
17159 16 215 231 -0.861472 26
17160 23 125 148 -0.689189 33
17161 120 33 153 0.568627 33
17162 32 153 185 -0.654054 29
17163 70 102 172 -0.186047 31
17164 40 132 172 -0.534884 32
17165 3 106 109 -0.944954 10
17166 91 44 135 0.348148 32
17167 99 65 164 0.207317 35
17168 148 33 181 0.635359 26
17169 14 167 181 -0.845304 24
17170 86 99 185 -0.0702703 37
17171 87 83 170 0.0235294 31
17172 53 94 147 -0.278912 34
17173 142 43 185 0.535135 32
17174 174 24 198 0.757576 30
17175 72 105 177 -0.186441 29
17176 15 191 206 -0.854369 28
17177 15 162 177 -0.830508 27
17178 3 128 131 -0.954198 22
17179 145 24 169 0.715976 27
17180 140 9 149 0.879195 22
17181 50 112 162 -0.382716 31
17182 25 180 205 -0.756098 30
17183 102 79 181 0.127072 34
17184 10 205 215 -0.906977 16
17185 157 43 200 0.57 33
17186 24 178 202 -0.762376 32
17187 120 75 195 0.230769 27
17188 166 25 191 0.73822 27
17189 103 56 159 0.295597 29
17190 7 151 158 -0.911392 25
17191 124 39 163 0.521472 30
17192 36 156 192 -0.625 34
17193 101 40 141 0.432624 31
17194 101 67 168 0.202381 36
17195 10 121 131 -0.847328 25
17196 9 128 137 -0.868613 26
17197 12 145 157 -0.847134 28
17198 130 23 153 0.699346 31
17199 70 73 143 -0.020979 34
17200 50 59 109 -0.0825688 32
17201 25 115 140 -0.642857 30
17202 134 21 155 0.729032 25
17203 62 95 157 -0.210191 35
17204 54 117 171 -0.368421 34
17205 62 106 168 -0.261905 29
17206 109 43 152 0.434211 32
17207 90 88 178 0.011236 34
17208 125 56 181 0.381215 32
17209 33 154 187 -0.647059 33
17210 62 100 162 -0.234568 26
17211 80 112 192 -0.166667 28
17212 60 103 163 -0.263804 34
17213 173 4 177 0.954802 22
17214 73 51 124 0.177419 28
17215 40 172 212 -0.622642 31
17216 14 193 207 -0.864734 27
17217 12 177 189 -0.873016 21
17218 128 47 175 0.462857 30
17219 20 151 171 -0.766082 30
17220 151 17 168 0.797619 23
17221 35 194 229 -0.694323 30
17222 46 75 121 -0.239669 32
17223 83 115 198 -0.161616 35
17224 142 56 198 0.434343 34
17225 20 187 207 -0.806763 30
17226 51 124 175 -0.417143 29
17227 52 1 53 0.962264 14
17228 66 135 201 -0.343284 35
17229 41 103 144 -0.430556 29
17230 13 242 255 -0.898039 24
17231 27 127 154 -0.649351 25
17232 71 101 172 -0.174419 34
17233 43 112 155 -0.445161 31
17234 137 40 177 0.548023 29
17235 45 154 199 -0.547739 34
17236 7 151 158 -0.911392 23
17237 145 37 182 0.593407 31
17238 191 14 205 0.863415 22
17239 150 21 171 0.754386 27
17240 83 91 174 -0.045977 36
17241 59 97 156 -0.24359 30
17242 12 150 162 -0.851852 27
17243 14 136 150 -0.813333 29
17244 42 164 206 -0.592233 26
17245 28 80 108 -0.481481 31
17246 89 82 171 0.0409357 31
17247 185 5 190 0.947368 21
17248 59 118 177 -0.333333 36
17249 28 160 188 -0.702128 32
17250 179 12 191 0.874346 29
17251 144 28 172 0.674419 32
17252 35 136 171 -0.590643 29
17253 7 184 191 -0.926702 25
17254 82 105 187 -0.122995 33
17255 58 100 158 -0.265823 34
17256 40 55 95 -0.157895 28
17257 123 69 192 0.28125 33
17258 188 10 198 0.89899 25
17259 23 96 119 -0.613445 29
17260 212 23 235 0.804255 32
17261 8 102 110 -0.854545 22
17262 116 46 162 0.432099 33
17263 44 154 198 -0.555556 26
17264 70 90 160 -0.125 35
17265 170 31 201 0.691542 34
17266 142 16 158 0.797468 30
17267 31 127 158 -0.607595 28
17268 66 134 200 -0.34 33
17269 138 42 180 0.533333 31
17270 96 78 174 0.103448 32
17271 172 30 202 0.70297 26
17272 101 75 176 0.147727 24
17273 104 68 172 0.209302 30
17274 38 117 155 -0.509677 32
17275 132 17 149 0.771812 30
17276 121 43 164 0.47561 33
17277 94 56 150 0.253333 34
17278 192 36 228 0.684211 34
17279 105 58 163 0.288344 36
17280 30 180 210 -0.714286 24
17281 41 141 182 -0.549451 34
17282 29 123 152 -0.618421 32
17283 54 51 105 0.0285714 20
17284 26 191 217 -0.760369 32
17285 68 23 91 0.494505 28
17286 73 58 131 0.114504 33
17287 123 25 148 0.662162 25
17288 0 56 56 -1 12
17289 136 41 177 0.536723 30
17290 44 128 172 -0.488372 29
17291 191 21 212 0.801887 30
17292 121 30 151 0.602649 34
17293 190 28 218 0.743119 31
17294 146 67 213 0.370892 32
17295 140 45 185 0.513514 33
17296 49 42 91 0.0769231 30
17297 62 57 119 0.0420168 30
17298 66 90 156 -0.153846 32
17299 29 146 175 -0.668571 31
17300 52 90 142 -0.267606 30
17301 172 14 186 0.849462 28
17302 42 96 138 -0.391304 21
17303 46 123 169 -0.455621 38
17304 151 8 159 0.899371 25
17305 123 58 181 0.359116 34
17306 52 126 178 -0.41573 22
17307 219 5 224 0.955357 17
17308 62 87 149 -0.167785 26
17309 61 49 110 0.109091 29
17310 62 74 136 -0.0882353 34
17311 112 42 154 0.454545 34
17312 148 29 177 0.672316 27
17313 143 17 160 0.7875 28
17314 65 114 179 -0.273743 35
17315 10 208 218 -0.908257 19
17316 183 5 188 0.946809 22
17317 129 38 167 0.54491 29
17318 73 117 190 -0.231579 29
17319 131 23 154 0.701299 26
17320 16 183 199 -0.839196 30
17321 17 159 176 -0.806818 28
17322 73 82 155 -0.0580645 28
17323 40 77 117 -0.316239 27
17324 102 27 129 0.581395 25
17325 103 79 182 0.131868 33
17326 26 183 209 -0.751196 26
17327 174 15 189 0.84127 31
17328 57 110 167 -0.317365 26
17329 111 81 192 0.15625 30
17330 90 74 164 0.097561 32
17331 127 7 134 0.895522 25
17332 128 32 160 0.6 28
17333 23 125 148 -0.689189 30
17334 80 48 128 0.25 30
17335 26 152 178 -0.707865 24
17336 79 65 144 0.0972222 31
17337 112 56 168 0.333333 31
17338 205 36 241 0.701245 27
17339 33 190 223 -0.704036 31
17340 37 88 125 -0.408 30
17341 112 47 159 0.408805 27
17342 109 15 124 0.758065 24
17343 37 155 192 -0.614583 25
17344 22 115 137 -0.678832 27
17345 72 99 171 -0.157895 31
17346 190 11 201 0.890547 24
17347 44 122 166 -0.46988 28
17348 116 40 156 0.487179 29
17349 115 50 165 0.393939 32
17350 28 136 164 -0.658537 32
17351 50 80 130 -0.230769 33
17352 78 38 116 0.344828 28
17353 85 100 185 -0.0810811 36
17354 68 142 210 -0.352381 32
17355 171 17 188 0.819149 27
17356 74 68 142 0.0422535 31
17357 130 33 163 0.595092 29
17358 101 39 140 0.442857 23
17359 95 59 154 0.233766 30
17360 186 17 203 0.832512 29
17361 183 37 220 0.663636 33
17362 84 79 163 0.0306748 37
17363 20 146 166 -0.759036 30
17364 116 34 150 0.546667 30
17365 49 90 139 -0.294964 31
17366 92 47 139 0.323741 32
17367 39 123 162 -0.518519 30
17368 140 36 176 0.590909 30
17369 46 92 138 -0.333333 30
17370 25 148 173 -0.710983 27
17371 24 173 197 -0.756345 22
17372 152 58 210 0.447619 29
17373 102 33 135 0.511111 32
17374 42 116 158 -0.468354 32
17375 131 53 184 0.423913 35
17376 111 48 159 0.396226 29
17377 36 172 208 -0.653846 32
17378 196 16 212 0.849057 28
17379 64 111 175 -0.268571 32
17380 112 11 123 0.821138 27
17381 38 131 169 -0.550296 32
17382 16 180 196 -0.836735 26
17383 74 95 169 -0.12426 34
17384 124 57 181 0.370166 33
17385 50 149 199 -0.497487 34
17386 64 103 167 -0.233533 33
17387 102 83 185 0.102703 28
17388 114 47 161 0.416149 28
17389 121 14 135 0.792593 29
17390 7 183 190 -0.926316 23
17391 92 61 153 0.202614 32
17392 81 77 158 0.0253165 25
17393 137 23 160 0.7125 25
17394 102 75 177 0.152542 31
17395 62 146 208 -0.403846 33
17396 108 46 154 0.402597 32
17397 200 14 214 0.869159 20
17398 139 23 162 0.716049 29
17399 69 36 105 0.314286 21
17400 247 13 260 0.9 21
17401 77 65 142 0.084507 35
17402 139 15 154 0.805195 26
17403 102 15 117 0.74359 26
17404 21 108 129 -0.674419 29
17405 14 183 197 -0.857868 29
17406 24 99 123 -0.609756 33
17407 186 31 217 0.714286 31
17408 173 10 183 0.89071 26
17409 53 90 143 -0.258741 33
17410 262 19 281 0.864769 22
17411 154 34 188 0.638298 29
17412 59 133 192 -0.385417 26
17413 91 69 160 0.1375 36
17414 21 234 255 -0.835294 25
17415 24 143 167 -0.712575 34
17416 95 38 133 0.428571 29
17417 136 38 174 0.563218 33
17418 46 145 191 -0.518325 34
17419 139 34 173 0.606936 33
17420 81 40 121 0.338843 31
17421 165 29 194 0.701031 28
17422 116 44 160 0.45 30
17423 216 32 248 0.741935 26
17424 116 45 161 0.440994 33
17425 4 163 167 -0.952096 20
17426 35 114 149 -0.530201 33
17427 216 7 223 0.93722 23
17428 110 53 163 0.349693 35
17429 84 76 160 0.05 34
17430 90 94 184 -0.0217391 35
17431 53 163 216 -0.509259 29
17432 64 91 155 -0.174194 36
17433 91 75 166 0.0963855 27
17434 181 14 195 0.85641 25
17435 191 57 248 0.540323 35
17436 35 89 124 -0.435484 26
17437 30 145 175 -0.657143 31
17438 11 170 181 -0.878453 25
17439 32 138 170 -0.623529 32
17440 45 146 191 -0.528796 32
17441 14 167 181 -0.845304 20
17442 200 17 217 0.843318 27
17443 94 33 127 0.480315 28
17444 154 11 165 0.866667 24
17445 154 65 219 0.406393 34
17446 114 43 157 0.452229 32
17447 134 77 211 0.270142 34
17448 42 74 116 -0.275862 33
17449 126 60 186 0.354839 28
17450 44 143 187 -0.529412 34
17451 26 109 135 -0.614815 27
17452 54 115 169 -0.360947 32
17453 52 42 94 0.106383 25
17454 10 156 166 -0.879518 19
17455 29 103 132 -0.560606 30
17456 100 56 156 0.282051 35
17457 105 71 176 0.193182 30
17458 17 153 170 -0.8 26
17459 29 134 163 -0.644172 29
17460 210 7 217 0.935484 19
17461 101 35 136 0.485294 34
17462 79 65 144 0.0972222 30
17463 76 113 189 -0.195767 33
17464 96 101 197 -0.0253807 34
17465 125 29 154 0.623377 32
17466 94 89 183 0.0273224 29
17467 52 64 116 -0.103448 33
17468 61 111 172 -0.290698 29
17469 98 80 178 0.101124 32
17470 179 17 196 0.826531 28
17471 98 61 159 0.232704 29
17472 7 199 206 -0.932039 25
17473 115 51 166 0.385542 34
17474 29 161 190 -0.694737 28
17475 29 107 136 -0.573529 32
17476 41 44 85 -0.0352941 22
17477 133 48 181 0.469613 31
17478 177 39 216 0.638889 30
17479 35 113 148 -0.527027 26
17480 225 34 259 0.737452 26
17481 88 57 145 0.213793 34
17482 154 32 186 0.655914 30
17483 22 189 211 -0.791469 31
17484 126 15 141 0.787234 25
17485 51 125 176 -0.420455 29
17486 35 89 124 -0.435484 31
17487 66 120 186 -0.290323 36
17488 25 167 192 -0.739583 29
17489 8 126 134 -0.880597 22
17490 150 21 171 0.754386 24
17491 9 175 184 -0.902174 25
17492 50 113 163 -0.386503 32
17493 60 26 86 0.395349 31
17494 47 101 148 -0.364865 30
17495 19 215 234 -0.837607 28
17496 163 20 183 0.781421 26
17497 160 33 193 0.658031 35
17498 96 35 131 0.465649 27
17499 32 114 146 -0.561644 32
17500 62 57 119 0.0420168 33
17501 126 21 147 0.714286 28
17502 143 28 171 0.672515 29
17503 73 138 211 -0.308057 35
17504 89 85 174 0.0229885 34
17505 100 81 181 0.104972 35
17506 47 104 151 -0.377483 32
17507 72 102 174 -0.172414 28
17508 140 22 162 0.728395 30
17509 72 50 122 0.180328 31
17510 63 99 162 -0.222222 28
17511 125 72 197 0.269036 35
17512 11 180 191 -0.884817 27
17513 123 55 178 0.382022 34
17514 22 187 209 -0.789474 27
17515 126 60 186 0.354839 37
17516 84 85 169 -0.00591716 34
17517 66 77 143 -0.0769231 32
17518 101 61 162 0.246914 30
17519 3 193 196 -0.969388 20
17520 48 80 128 -0.25 29
17521 156 11 167 0.868263 26
17522 60 101 161 -0.254658 34
17523 27 160 187 -0.71123 25
17524 62 107 169 -0.266272 35
17525 46 120 166 -0.445783 35
17526 36 172 208 -0.653846 29
17527 182 16 198 0.838384 26
17528 16 235 251 -0.87251 21
17529 92 85 177 0.039548 33
17530 191 15 206 0.854369 30
17531 54 95 149 -0.275168 25
17532 51 82 133 -0.233083 34
17533 75 89 164 -0.0853659 31
17534 64 101 165 -0.224242 27
17535 85 89 174 -0.0229885 33
17536 161 8 169 0.905325 27
17537 27 139 166 -0.674699 33
17538 37 111 148 -0.5 30
17539 127 43 170 0.494118 32
17540 88 41 129 0.364341 28
17541 21 118 139 -0.697842 26
17542 96 65 161 0.192547 31
17543 109 82 191 0.141361 31
17544 148 21 169 0.751479 30
17545 71 97 168 -0.154762 32
17546 120 60 180 0.333333 30
17547 56 155 211 -0.469194 31
17548 123 11 134 0.835821 25
17549 83 77 160 0.0375 29
17550 231 30 261 0.770115 30
17551 183 26 209 0.751196 25
17552 69 123 192 -0.28125 33
17553 112 83 195 0.148718 34
17554 5 138 143 -0.93007 15
17555 140 15 155 0.806452 28
17556 17 213 230 -0.852174 29
17557 126 37 163 0.546012 34
17558 51 92 143 -0.286713 33
17559 113 60 173 0.306358 28
17560 90 48 138 0.304348 32
17561 88 65 153 0.150327 35
17562 84 35 119 0.411765 36
17563 36 157 193 -0.626943 32
17564 66 84 150 -0.12 23
17565 184 12 196 0.877551 28
17566 97 62 159 0.220126 35
17567 11 181 192 -0.885417 26
17568 226 6 232 0.948276 24
17569 101 46 147 0.37415 31
17570 61 108 169 -0.278107 29
17571 27 148 175 -0.691429 29
17572 76 82 158 -0.0379747 34
17573 164 31 195 0.682051 35
17574 76 69 145 0.0482759 32
17575 160 23 183 0.748634 31
17576 22 162 184 -0.76087 29
17577 67 95 162 -0.17284 31
17578 10 162 172 -0.883721 21
17579 96 59 155 0.23871 27
17580 94 102 196 -0.0408163 37
17581 210 14 224 0.875 25
17582 146 33 179 0.631285 29
17583 96 77 173 0.109827 32
17584 9 122 131 -0.862595 22
17585 27 124 151 -0.642384 31
17586 101 50 151 0.337748 36
17587 32 93 125 -0.488 29
17588 104 55 159 0.308176 28
17589 57 112 169 -0.325444 34
17590 108 88 196 0.102041 28
17591 67 104 171 -0.216374 33
17592 166 45 211 0.57346 32
17593 89 78 167 0.0658683 29
17594 135 36 171 0.578947 34
17595 155 33 188 0.648936 28
17596 76 83 159 -0.0440252 33
17597 24 118 142 -0.661972 33
17598 88 56 144 0.222222 33
17599 181 9 190 0.905263 24
17600 32 120 152 -0.578947 31
17601 38 95 133 -0.428571 28
17602 3 209 212 -0.971698 21
17603 57 67 124 -0.0806452 30
17604 151 58 209 0.444976 33
17605 174 5 179 0.944134 23
17606 140 51 191 0.465969 33
17607 70 85 155 -0.0967742 32
17608 129 22 151 0.708609 31
17609 202 7 209 0.933014 21
17610 89 44 133 0.338346 29
17611 113 82 195 0.158974 35
17612 78 117 195 -0.2 30
17613 99 62 161 0.229814 33
17614 81 99 180 -0.1 37
17615 91 68 159 0.144654 36
17616 152 50 202 0.50495 35
17617 3 207 210 -0.971429 21
17618 101 53 154 0.311688 29
17619 121 72 193 0.253886 35
17620 4 140 144 -0.944444 8
17621 17 132 149 -0.771812 23
17622 30 76 106 -0.433962 29
17623 61 130 191 -0.361257 31
17624 49 132 181 -0.458564 35
17625 17 186 203 -0.832512 29
17626 112 54 166 0.349398 31
17627 75 72 147 0.0204082 32
17628 64 82 146 -0.123288 31
17629 75 136 211 -0.2891 34
17630 181 32 213 0.699531 31
17631 4 213 217 -0.963134 22
17632 28 143 171 -0.672515 26
17633 87 45 132 0.318182 28
17634 85 54 139 0.223022 30
17635 51 28 79 0.291139 29
17636 120 45 165 0.454545 32
17637 59 122 181 -0.348066 30
17638 103 24 127 0.622047 25
17639 169 18 187 0.807487 25
17640 97 70 167 0.161677 34
17641 187 14 201 0.860697 23
17642 50 133 183 -0.453552 34
17643 33 98 131 -0.496183 31
17644 138 21 159 0.735849 26
17645 92 80 172 0.0697674 38
17646 15 158 173 -0.82659 27
17647 21 135 156 -0.730769 24
17648 14 150 164 -0.829268 26
17649 64 74 138 -0.0724638 28
17650 80 64 144 0.111111 32
17651 33 119 152 -0.565789 28
17652 45 142 187 -0.518717 30
17653 25 96 121 -0.586777 28
17654 56 86 142 -0.211268 32
17655 54 151 205 -0.473171 29
17656 27 156 183 -0.704918 29
17657 116 29 145 0.6 34
17658 118 59 177 0.333333 31
17659 120 49 169 0.420118 36
17660 165 22 187 0.764706 27
17661 60 99 159 -0.245283 29
17662 158 13 171 0.847953 28
17663 86 104 190 -0.0947368 28
17664 135 46 181 0.491713 34
17665 110 60 170 0.294118 23
17666 10 185 195 -0.897436 21
17667 4 213 217 -0.963134 23
17668 54 136 190 -0.431579 32
17669 155 23 178 0.741573 34
17670 153 8 161 0.900621 27
17671 75 56 131 0.145038 29
17672 29 131 160 -0.6375 30
17673 78 196 274 -0.430657 32
17674 131 36 167 0.568862 31
17675 78 80 158 -0.0126582 34
17676 92 64 156 0.179487 36
17677 142 13 155 0.832258 26
17678 110 61 171 0.28655 35
17679 64 91 155 -0.174194 28
17680 71 96 167 -0.149701 31
17681 32 145 177 -0.638418 33
17682 41 103 144 -0.430556 25
17683 114 57 171 0.333333 30
17684 107 78 185 0.156757 28
17685 82 83 165 -0.00606061 32
17686 123 84 207 0.188406 35
17687 21 146 167 -0.748503 21
17688 34 123 157 -0.566879 29
17689 110 38 148 0.486486 31
17690 12 194 206 -0.883495 28
17691 167 10 177 0.887006 26
17692 42 120 162 -0.481481 31
17693 130 23 153 0.699346 29
17694 35 133 168 -0.583333 32
17695 46 115 161 -0.428571 28
17696 0 11 11 -1 4
17697 10 160 170 -0.882353 21
17698 119 48 167 0.42515 35
17699 26 144 170 -0.694118 34
17700 13 197 210 -0.87619 22
17701 54 111 165 -0.345455 36
17702 47 86 133 -0.293233 26
17703 32 135 167 -0.616766 32
17704 5 210 215 -0.953488 23
17705 71 61 132 0.0757576 36
17706 164 14 178 0.842697 28
17707 121 47 168 0.440476 29
17708 119 35 154 0.545455 25
17709 58 122 180 -0.355556 36
17710 55 130 185 -0.405405 31
17711 101 54 155 0.303226 30
17712 118 32 150 0.573333 29
17713 132 61 193 0.367876 29
17714 107 52 159 0.345912 36
17715 58 86 144 -0.194444 31
17716 212 30 242 0.752066 32
17717 19 172 191 -0.801047 27
17718 130 47 177 0.468927 35
17719 28 135 163 -0.656442 34
17720 169 28 197 0.715736 26
17721 52 89 141 -0.262411 35
17722 98 80 178 0.101124 35
17723 149 19 168 0.77381 27
17724 105 46 151 0.390728 33
17725 117 63 180 0.3 32
17726 113 56 169 0.337278 31
17727 175 13 188 0.861702 28
17728 35 125 160 -0.5625 32
17729 87 115 202 -0.138614 28
17730 73 113 186 -0.215054 33
17731 44 105 149 -0.409396 28
17732 167 16 183 0.825137 30
17733 3 252 255 -0.976471 19
17734 47 111 158 -0.405063 26
17735 98 31 129 0.51938 27
17736 76 70 146 0.0410959 31
17737 4 174 178 -0.955056 22
17738 157 27 184 0.706522 28
17739 199 4 203 0.960591 20
17740 142 50 192 0.479167 36
17741 154 28 182 0.692308 30
17742 101 97 198 0.020202 34
17743 4 150 154 -0.948052 22
17744 131 17 148 0.77027 20
17745 77 52 129 0.193798 33
17746 140 57 197 0.42132 29
17747 133 49 182 0.461538 32
17748 103 36 139 0.482014 30
17749 172 28 200 0.72 33
17750 5 115 120 -0.916667 20
17751 52 127 179 -0.418994 34
17752 42 118 160 -0.475 31
17753 48 99 147 -0.346939 27
17754 141 37 178 0.58427 29
17755 94 43 137 0.372263 29
17756 52 169 221 -0.529412 31
17757 38 33 71 0.0704225 22
17758 120 21 141 0.702128 26
17759 202 9 211 0.914692 25
17760 152 41 193 0.57513 30
17761 41 144 185 -0.556757 27
17762 64 114 178 -0.280899 29
17763 75 83 158 -0.0506329 32
17764 17 186 203 -0.832512 29
17765 43 116 159 -0.459119 27
17766 20 88 108 -0.62963 23
17767 21 121 142 -0.704225 31
17768 83 87 170 -0.0235294 32
17769 104 64 168 0.238095 38
17770 44 101 145 -0.393103 31
17771 89 60 149 0.194631 32
17772 11 194 205 -0.892683 21
17773 202 11 213 0.896714 25
17774 10 188 198 -0.89899 21
17775 59 82 141 -0.163121 34
17776 50 124 174 -0.425287 33
17777 32 191 223 -0.713004 29
17778 11 216 227 -0.903084 23
17779 55 120 175 -0.371429 32
17780 42 137 179 -0.530726 28
17781 87 44 131 0.328244 29
17782 16 174 190 -0.831579 27
17783 21 115 136 -0.691176 33
17784 77 109 186 -0.172043 32
17785 55 98 153 -0.281046 32
17786 145 32 177 0.638418 29
17787 140 48 188 0.489362 33
17788 44 92 136 -0.352941 34
17789 112 42 154 0.454545 26
17790 157 49 206 0.524272 29
17791 59 30 89 0.325843 28
17792 40 135 175 -0.542857 28
17793 77 93 170 -0.0941176 31
17794 72 100 172 -0.162791 32
17795 74 68 142 0.0422535 34
17796 2 195 197 -0.979695 13
17797 36 137 173 -0.583815 32
17798 65 69 134 -0.0298507 27
17799 73 109 182 -0.197802 32
17800 84 70 154 0.0909091 33
17801 120 55 175 0.371429 31
17802 86 88 174 -0.0114943 34
17803 37 66 103 -0.281553 28
17804 23 104 127 -0.637795 31
17805 91 17 108 0.685185 21
17806 9 191 200 -0.91 23
17807 142 22 164 0.731707 29
17808 27 161 188 -0.712766 31
17809 61 130 191 -0.361257 35
17810 65 114 179 -0.273743 32
17811 101 66 167 0.209581 33
17812 46 106 152 -0.394737 30
17813 10 252 262 -0.923664 14
17814 87 37 124 0.403226 29
17815 172 26 198 0.737374 28
17816 11 183 194 -0.886598 24
17817 130 15 145 0.793103 26
17818 28 181 209 -0.732057 27
17819 149 14 163 0.828221 24
17820 28 159 187 -0.700535 27
17821 37 126 163 -0.546012 31
17822 176 24 200 0.76 29
17823 70 120 190 -0.263158 34
17824 94 67 161 0.167702 34
17825 161 29 190 0.694737 32
17826 154 5 159 0.937107 17
17827 72 99 171 -0.157895 35
17828 55 126 181 -0.392265 34
17829 62 96 158 -0.21519 30
17830 185 8 193 0.917098 24
17831 149 44 193 0.544041 30
17832 9 171 180 -0.9 24
17833 86 53 139 0.23741 31
17834 168 8 176 0.909091 25
17835 88 64 152 0.157895 32
17836 41 126 167 -0.508982 25
17837 160 11 171 0.871345 25
17838 110 70 180 0.222222 32
17839 14 104 118 -0.762712 27
17840 39 139 178 -0.561798 35
17841 109 20 129 0.689922 30
17842 92 15 107 0.719626 28
17843 128 41 169 0.514793 27
17844 38 97 135 -0.437037 32
17845 110 49 159 0.383648 33
17846 36 82 118 -0.389831 33
17847 77 23 100 0.54 30
17848 56 121 177 -0.367232 32
17849 47 110 157 -0.401274 28
17850 50 94 144 -0.305556 34
17851 137 43 180 0.522222 33
17852 38 105 143 -0.468531 30
17853 12 133 145 -0.834483 28
17854 17 155 172 -0.802326 28
17855 116 62 178 0.303371 34
17856 130 59 189 0.375661 27
17857 194 13 207 0.874396 29
17858 16 196 212 -0.849057 29
17859 158 29 187 0.68984 31
17860 121 53 174 0.390805 36
17861 113 40 153 0.477124 33
17862 117 52 169 0.384615 32
17863 99 62 161 0.229814 28
17864 13 164 177 -0.853107 29
17865 61 130 191 -0.361257 25
17866 167 11 178 0.876404 25
17867 159 20 179 0.776536 28
17868 84 92 176 -0.0454545 34
17869 44 163 207 -0.574879 32
17870 40 132 172 -0.534884 32
17871 86 58 144 0.194444 32
17872 102 62 164 0.243902 35
17873 180 6 186 0.935484 24
17874 74 77 151 -0.0198675 33
17875 92 72 164 0.121951 33
17876 93 68 161 0.15528 30
17877 32 120 152 -0.578947 30
17878 144 37 181 0.59116 31
17879 40 117 157 -0.490446 33
17880 28 118 146 -0.616438 29
17881 106 19 125 0.696 28
17882 51 154 205 -0.502439 31
17883 82 60 142 0.15493 30
17884 50 107 157 -0.363057 31
17885 110 56 166 0.325301 32
17886 79 83 162 -0.0246914 28
17887 8 8 16 0 11
17888 26 85 111 -0.531532 25
17889 131 43 174 0.505747 32
17890 154 14 168 0.833333 29
17891 64 125 189 -0.322751 28
17892 208 20 228 0.824561 23
17893 9 171 180 -0.9 25
17894 19 145 164 -0.768293 30
17895 41 100 141 -0.41844 30
17896 6 271 277 -0.956679 15
17897 129 62 191 0.350785 34
17898 69 129 198 -0.30303 32
17899 91 85 176 0.0340909 30
17900 96 29 125 0.536 27
17901 64 64 128 0 31
17902 65 13 78 0.666667 19
17903 17 127 144 -0.763889 27
17904 101 72 173 0.16763 29
17905 105 68 173 0.213873 33
17906 52 131 183 -0.431694 31
17907 42 106 148 -0.432432 34
17908 109 54 163 0.337423 33
17909 95 79 174 0.091954 32
17910 76 84 160 -0.05 34
17911 62 112 174 -0.287356 34
17912 111 48 159 0.396226 36
17913 51 146 197 -0.482234 32
17914 61 71 132 -0.0757576 33
17915 61 117 178 -0.314607 31
17916 12 143 155 -0.845161 21
17917 114 43 157 0.452229 31
17918 11 107 118 -0.813559 24
17919 6 151 157 -0.923567 22
17920 79 72 151 0.0463576 32
17921 28 110 138 -0.594203 29
17922 137 4 141 0.943262 23
17923 10 230 240 -0.916667 25
17924 26 109 135 -0.614815 30
17925 35 163 198 -0.646465 31
17926 40 129 169 -0.526627 29
17927 133 40 173 0.537572 32
17928 132 43 175 0.508571 35
17929 18 184 202 -0.821782 29
17930 86 57 143 0.202797 35
17931 78 82 160 -0.025 36
17932 16 167 183 -0.825137 28
17933 14 172 186 -0.849462 25
17934 55 59 114 -0.0350877 26
17935 46 68 114 -0.192982 25
17936 60 122 182 -0.340659 36
17937 178 6 184 0.934783 24
17938 93 74 167 0.113772 26
17939 209 11 220 0.9 28
17940 164 15 179 0.832402 26
17941 97 68 165 0.175758 31
17942 124 62 186 0.333333 30
17943 34 138 172 -0.604651 30
17944 76 84 160 -0.05 37
17945 141 40 181 0.558011 33
17946 183 43 226 0.619469 35
17947 157 17 174 0.804598 30
17948 91 69 160 0.1375 31
17949 149 30 179 0.664804 30
17950 156 16 172 0.813953 30
17951 117 33 150 0.56 27
17952 114 18 132 0.727273 29
17953 49 116 165 -0.406061 28
17954 69 93 162 -0.148148 32
17955 18 151 169 -0.786982 29
17956 178 35 213 0.671362 31
17957 100 15 115 0.73913 25
17958 135 12 147 0.836735 26
17959 22 159 181 -0.756906 28
17960 102 89 191 0.0680628 29
17961 91 54 145 0.255172 26
17962 91 92 183 -0.00546448 27
17963 81 98 179 -0.0949721 36
17964 98 67 165 0.187879 34
17965 205 13 218 0.880734 23
17966 117 72 189 0.238095 35
17967 144 41 185 0.556757 29
17968 111 56 167 0.329341 28
17969 162 25 187 0.73262 30
17970 18 146 164 -0.780488 31
17971 115 62 177 0.299435 32
17972 70 81 151 -0.0728477 30
17973 52 96 148 -0.297297 31
17974 94 81 175 0.0742857 31
17975 90 49 139 0.294964 26
17976 56 115 171 -0.345029 28
17977 2 165 167 -0.976048 21
17978 79 71 150 0.0533333 32
17979 48 125 173 -0.445087 31
17980 46 81 127 -0.275591 28
17981 136 42 178 0.52809 31
17982 158 14 172 0.837209 27
17983 175 10 185 0.891892 27
17984 151 11 162 0.864198 24
17985 91 91 182 0 30
17986 111 24 135 0.644444 29
17987 73 70 143 0.020979 36
17988 57 121 178 -0.359551 34
17989 190 20 210 0.809524 27
17990 33 180 213 -0.690141 33
17991 192 15 207 0.855072 27
17992 157 13 170 0.847059 25
17993 172 18 190 0.810526 25
17994 142 22 164 0.731707 31
17995 125 55 180 0.388889 32
17996 147 81 228 0.289474 37
17997 180 34 214 0.682243 34
17998 21 134 155 -0.729032 29
17999 120 31 151 0.589404 28
18000 134 56 190 0.410526 34
18001 155 67 222 0.396396 31
18002 84 54 138 0.217391 29
18003 47 94 141 -0.333333 29
18004 130 24 154 0.688312 29
18005 63 102 165 -0.236364 35
18006 113 66 179 0.26257 34
18007 118 47 165 0.430303 32
18008 58 79 137 -0.153285 31
18009 61 123 184 -0.336957 28
18010 165 32 197 0.675127 28
18011 30 131 161 -0.627329 33
18012 37 128 165 -0.551515 31
18013 4 187 191 -0.958115 22
18014 92 80 172 0.0697674 37
18015 109 43 152 0.434211 28
18016 55 106 161 -0.31677 33
18017 55 121 176 -0.375 34
18018 120 27 147 0.632653 33
18019 48 152 200 -0.52 26
18020 24 148 172 -0.72093 28
18021 26 156 182 -0.714286 31
18022 68 92 160 -0.15 32
18023 227 8 235 0.931915 21
18024 76 98 174 -0.126437 33
18025 34 110 144 -0.527778 31
18026 81 112 193 -0.160622 35
18027 107 55 162 0.320988 34
18028 24 150 174 -0.724138 28
18029 108 6 114 0.894737 17
18030 193 19 212 0.820755 29
18031 140 61 201 0.393035 33
18032 7 228 235 -0.940426 16
18033 83 73 156 0.0641026 29
18034 10 186 196 -0.897959 26
18035 122 53 175 0.394286 27
18036 49 109 158 -0.379747 33
18037 112 36 148 0.513514 31
18038 80 91 171 -0.0643275 32
18039 38 71 109 -0.302752 30
18040 50 80 130 -0.230769 26
18041 265 4 269 0.97026 8
18042 26 221 247 -0.789474 33
18043 33 153 186 -0.645161 31
18044 128 77 205 0.24878 32
18045 48 139 187 -0.486631 27
18046 84 74 158 0.0632911 36
18047 153 32 185 0.654054 32
18048 116 28 144 0.611111 30
18049 18 216 234 -0.846154 25
18050 34 184 218 -0.688073 30
18051 62 71 133 -0.0676692 32
18052 77 111 188 -0.180851 36
18053 26 121 147 -0.646259 30
18054 52 88 140 -0.257143 34
18055 135 41 176 0.534091 30
18056 138 46 184 0.5 34
18057 52 130 182 -0.428571 30
18058 52 130 182 -0.428571 36
18059 83 68 151 0.0993377 32
18060 113 23 136 0.661765 27
18061 114 53 167 0.365269 32
18062 137 12 149 0.838926 26
18063 30 133 163 -0.631902 33
18064 42 130 172 -0.511628 29
18065 138 15 153 0.803922 24
18066 13 100 113 -0.769912 24
18067 196 5 201 0.950249 23
18068 103 70 173 0.190751 35
18069 12 175 187 -0.871658 27
18070 87 72 159 0.0943396 35
18071 58 80 138 -0.15942 33
18072 113 24 137 0.649635 31
18073 122 57 179 0.363128 33
18074 8 231 239 -0.933054 24
18075 38 104 142 -0.464789 29
18076 20 171 191 -0.790576 30
18077 120 33 153 0.568627 24
18078 128 22 150 0.706667 27
18079 120 21 141 0.702128 28
18080 64 94 158 -0.189873 36
18081 55 147 202 -0.455446 32
18082 61 5 66 0.848485 20
18083 14 210 224 -0.875 26
18084 159 32 191 0.664921 29
18085 145 25 170 0.705882 32
18086 113 65 178 0.269663 30
18087 230 7 237 0.940928 23
18088 40 104 144 -0.444444 32
18089 42 114 156 -0.461538 36
18090 68 43 111 0.225225 27
18091 104 53 157 0.324841 31
18092 127 65 192 0.322917 30
18093 105 48 153 0.372549 33
18094 16 213 229 -0.860262 31
18095 24 171 195 -0.753846 34
18096 55 97 152 -0.276316 34
18097 126 35 161 0.565217 28
18098 68 92 160 -0.15 29
18099 97 58 155 0.251613 26
18100 118 16 134 0.761194 26
18101 208 16 224 0.857143 26
18102 100 100 200 0 34
18103 94 75 169 0.112426 35
18104 21 90 111 -0.621622 31
18105 200 11 211 0.895735 24
18106 79 80 159 -0.00628931 32
18107 33 120 153 -0.568627 30
18108 31 154 185 -0.664865 33
18109 149 26 175 0.702857 28
18110 84 94 178 -0.0561798 34
18111 60 83 143 -0.160839 33
18112 180 17 197 0.827411 26
18113 50 112 162 -0.382716 33
18114 77 89 166 -0.0722892 37
18115 43 142 185 -0.535135 28
18116 158 7 165 0.915152 26
18117 100 62 162 0.234568 29
18118 11 224 235 -0.906383 26
18119 168 26 194 0.731959 30
18120 68 111 179 -0.240223 35
18121 49 91 140 -0.3 30
18122 207 3 210 0.971429 19
18123 49 99 148 -0.337838 32
18124 130 28 158 0.64557 28
18125 34 129 163 -0.582822 30
18126 61 118 179 -0.318436 29
18127 113 54 167 0.353293 32
18128 11 113 124 -0.822581 26
18129 101 70 171 0.181287 30
18130 41 123 164 -0.5 32
18131 81 92 173 -0.0635838 32
18132 125 47 172 0.453488 32
18133 4 191 195 -0.958974 22
18134 134 33 167 0.60479 34
18135 115 41 156 0.474359 31
18136 104 90 194 0.0721649 34
18137 111 21 132 0.681818 29
18138 13 166 179 -0.854749 24
18139 144 31 175 0.645714 30
18140 234 10 244 0.918033 17
18141 153 13 166 0.843373 27
18142 12 226 238 -0.89916 24
18143 38 129 167 -0.54491 30
18144 18 233 251 -0.856574 15
18145 72 65 137 0.0510949 35
18146 147 13 160 0.8375 26
18147 10 143 153 -0.869281 27
18148 60 141 201 -0.402985 32
18149 13 148 161 -0.838509 28
18150 116 65 181 0.281768 33
18151 20 122 142 -0.71831 29
18152 58 85 143 -0.188811 35
18153 177 6 183 0.934426 22
18154 17 224 241 -0.858921 22
18155 34 107 141 -0.51773 33
18156 111 64 175 0.268571 33
18157 34 128 162 -0.580247 30
18158 36 174 210 -0.657143 33
18159 116 39 155 0.496774 30
18160 26 118 144 -0.638889 28
18161 30 139 169 -0.64497 30
18162 53 102 155 -0.316129 31
18163 104 84 188 0.106383 36
18164 103 39 142 0.450704 28
18165 137 21 158 0.734177 26
18166 75 124 199 -0.246231 33
18167 38 138 176 -0.568182 34
18168 77 125 202 -0.237624 35
18169 179 15 194 0.845361 27
18170 166 20 186 0.784946 29
18171 86 62 148 0.162162 31
18172 24 204 228 -0.789474 25
18173 159 28 187 0.700535 31
18174 117 52 169 0.384615 31
18175 23 149 172 -0.732558 32
18176 119 58 177 0.344633 30
18177 24 144 168 -0.714286 32
18178 48 142 190 -0.494737 35
18179 133 32 165 0.612121 29
18180 29 129 158 -0.632911 27
18181 131 53 184 0.423913 28
18182 143 11 154 0.857143 22
18183 60 77 137 -0.124088 36
18184 49 200 249 -0.606426 32
18185 5 203 208 -0.951923 22
18186 106 84 190 0.115789 32
18187 14 224 238 -0.882353 24
18188 50 46 96 0.0416667 29
18189 42 82 124 -0.322581 28
18190 80 91 171 -0.0643275 35
18191 149 13 162 0.839506 29
18192 42 121 163 -0.484663 34
18193 154 19 173 0.780347 30
18194 194 2 196 0.979592 19
18195 119 36 155 0.535484 36
18196 89 64 153 0.163399 30
18197 94 51 145 0.296552 29
18198 164 16 180 0.822222 31
18199 93 108 201 -0.0746269 32
18200 7 195 202 -0.930693 22
18201 138 45 183 0.508197 30
18202 36 88 124 -0.419355 33
18203 11 137 148 -0.851351 28
18204 47 129 176 -0.465909 28
18205 113 48 161 0.403727 32
18206 182 9 191 0.905759 23
18207 9 185 194 -0.907216 26
18208 66 99 165 -0.2 31
18209 123 10 133 0.849624 26
18210 30 167 197 -0.695431 31
18211 120 83 203 0.182266 35
18212 155 66 221 0.402715 33
18213 104 68 172 0.209302 36
18214 108 22 130 0.661538 26
18215 69 65 134 0.0298507 25
18216 43 137 180 -0.522222 29
18217 170 29 199 0.708543 33
18218 166 10 176 0.886364 25
18219 111 39 150 0.48 32
18220 129 37 166 0.554217 29
18221 128 21 149 0.718121 29
18222 129 37 166 0.554217 25
18223 80 73 153 0.0457516 33
18224 112 43 155 0.445161 34
18225 150 37 187 0.604278 31
18226 25 174 199 -0.748744 29
18227 13 202 215 -0.87907 22
18228 26 122 148 -0.648649 29
18229 138 30 168 0.642857 30
18230 144 42 186 0.548387 29
18231 220 19 239 0.841004 23
18232 54 119 173 -0.375723 33
18233 82 31 113 0.451327 26
18234 153 58 211 0.450237 37
18235 62 78 140 -0.114286 34
18236 58 67 125 -0.072 30
18237 32 186 218 -0.706422 26
18238 46 121 167 -0.449102 32
18239 19 164 183 -0.79235 27
18240 149 26 175 0.702857 30
18241 97 67 164 0.182927 34
18242 97 79 176 0.102273 34
18243 14 127 141 -0.801418 26
18244 65 94 159 -0.18239 30
18245 137 55 192 0.427083 33
18246 6 171 177 -0.932203 24
18247 30 105 135 -0.555556 33
18248 106 59 165 0.284848 35
18249 53 155 208 -0.490385 34
18250 59 133 192 -0.385417 31
18251 133 30 163 0.631902 34
18252 182 35 217 0.677419 34
18253 131 19 150 0.746667 25
18254 116 48 164 0.414634 28
18255 117 65 182 0.285714 32
18256 74 39 113 0.309735 25
18257 88 76 164 0.0731707 34
18258 39 91 130 -0.4 31
18259 128 40 168 0.52381 25
18260 43 89 132 -0.348485 30
18261 154 22 176 0.75 24
18262 153 20 173 0.768786 29
18263 132 38 170 0.552941 32
18264 29 175 204 -0.715686 31
18265 54 92 146 -0.260274 29
18266 8 158 166 -0.903614 23
18267 122 10 132 0.848485 25
18268 8 165 173 -0.907514 24
18269 46 112 158 -0.417722 34
18270 70 67 137 0.0218978 32
18271 15 128 143 -0.79021 26
18272 122 30 152 0.605263 32
18273 9 216 225 -0.92 25
18274 52 134 186 -0.44086 32
18275 188 16 204 0.843137 30
18276 90 83 173 0.0404624 31
18277 36 109 145 -0.503448 31
18278 13 158 171 -0.847953 27
18279 47 85 132 -0.287879 34
18280 185 14 199 0.859296 19
18281 172 8 180 0.911111 24
18282 110 56 166 0.325301 34
18283 37 154 191 -0.612565 32
18284 20 126 146 -0.726027 30
18285 48 82 130 -0.261538 32
18286 6 253 259 -0.953668 19
18287 117 44 161 0.453416 31
18288 108 67 175 0.234286 34
18289 185 10 195 0.897436 27
18290 161 18 179 0.798883 30
18291 84 93 177 -0.0508475 35
18292 30 132 162 -0.62963 31
18293 51 107 158 -0.35443 33
18294 54 96 150 -0.28 30
18295 87 31 118 0.474576 27
18296 17 155 172 -0.802326 26
18297 38 128 166 -0.542169 32
18298 15 168 183 -0.836066 27
18299 0 179 179 -1 13
18300 167 12 179 0.865922 28
18301 135 35 170 0.588235 30
18302 56 105 161 -0.304348 32
18303 185 12 197 0.878173 23
18304 135 77 212 0.273585 30
18305 64 69 133 -0.037594 32
18306 110 51 161 0.36646 35
18307 120 17 137 0.751825 30
18308 49 88 137 -0.284672 34
18309 7 127 134 -0.895522 22
18310 14 144 158 -0.822785 26
18311 166 15 181 0.834254 27
18312 35 150 185 -0.621622 30
18313 109 50 159 0.371069 33
18314 208 13 221 0.882353 26
18315 34 111 145 -0.531034 26
18316 98 82 180 0.0888889 27
18317 39 136 175 -0.554286 32
18318 67 45 112 0.196429 26
18319 186 4 190 0.957895 21
18320 76 55 131 0.160305 34
18321 17 165 182 -0.813187 23
18322 53 104 157 -0.324841 31
18323 199 12 211 0.886256 27
18324 75 84 159 -0.0566038 36
18325 24 202 226 -0.787611 28
18326 96 62 158 0.21519 33
18327 206 9 215 0.916279 21
18328 50 118 168 -0.404762 34
18329 13 51 64 -0.59375 24
18330 39 148 187 -0.582888 29
18331 40 175 215 -0.627907 34
18332 97 53 150 0.293333 33
18333 141 13 154 0.831169 25
18334 9 189 198 -0.909091 23
18335 146 14 160 0.825 25
18336 39 167 206 -0.621359 27
18337 105 55 160 0.3125 25
18338 147 37 184 0.597826 34
18339 12 170 182 -0.868132 24
18340 22 0 22 1 10
18341 77 134 211 -0.270142 35
18342 161 19 180 0.788889 27
18343 9 144 153 -0.882353 18
18344 66 98 164 -0.195122 35
18345 74 98 172 -0.139535 36
18346 128 40 168 0.52381 30
18347 55 128 183 -0.398907 30
18348 64 88 152 -0.157895 34
18349 110 29 139 0.582734 28
18350 65 122 187 -0.304813 30
18351 33 137 170 -0.611765 30
18352 26 193 219 -0.762557 32
18353 29 180 209 -0.722488 33
18354 45 121 166 -0.457831 29
18355 11 212 223 -0.901345 26
18356 140 26 166 0.686747 31
18357 102 72 174 0.172414 31
18358 26 141 167 -0.688623 30
18359 65 71 136 -0.0441176 33
18360 149 40 189 0.57672 32
18361 32 154 186 -0.655914 30
18362 26 171 197 -0.736041 32
18363 167 8 175 0.908571 26
18364 23 123 146 -0.684932 30
18365 178 19 197 0.807107 29
18366 16 124 140 -0.771429 29
18367 76 100 176 -0.136364 34
18368 59 100 159 -0.257862 33
18369 22 128 150 -0.706667 26
18370 14 154 168 -0.833333 29
18371 22 168 190 -0.768421 29
18372 80 98 178 -0.101124 31
18373 11 228 239 -0.90795 26
18374 100 34 134 0.492537 29
18375 29 160 189 -0.693122 34
18376 16 178 194 -0.835052 27
18377 99 57 156 0.269231 28
18378 114 54 168 0.357143 31
18379 72 79 151 -0.0463576 29
18380 103 74 177 0.163842 34
18381 48 117 165 -0.418182 34
18382 21 148 169 -0.751479 29
18383 26 204 230 -0.773913 29
18384 111 19 130 0.707692 29
18385 135 21 156 0.730769 31
18386 31 123 154 -0.597403 30
18387 30 166 196 -0.693878 32
18388 17 214 231 -0.852814 31
18389 113 70 183 0.234973 35
18390 62 109 171 -0.274854 25
18391 99 47 146 0.356164 30
18392 44 113 157 -0.43949 31
18393 91 66 157 0.159236 30
18394 17 198 215 -0.84186 25
18395 89 109 198 -0.10101 30
18396 38 110 148 -0.486486 29
18397 84 52 136 0.235294 30
18398 128 50 178 0.438202 33
18399 20 107 127 -0.685039 30
18400 147 10 157 0.872611 27
18401 140 34 174 0.609195 26
18402 72 74 146 -0.0136986 35
18403 135 48 183 0.47541 32
18404 12 122 134 -0.820896 25
18405 194 16 210 0.847619 26
18406 80 39 119 0.344538 23
18407 61 136 197 -0.380711 34
18408 36 130 166 -0.566265 35
18409 31 149 180 -0.655556 33
18410 188 17 205 0.834146 31
18411 151 44 195 0.548718 34
18412 132 5 137 0.927007 23
18413 8 177 185 -0.913514 25
18414 22 163 185 -0.762162 26
18415 45 148 193 -0.533679 30
18416 110 35 145 0.517241 27
18417 106 77 183 0.15847 33
18418 125 32 157 0.592357 31
18419 75 75 150 0 32
18420 31 30 61 0.0163934 18
18421 44 140 184 -0.521739 34
18422 200 8 208 0.923077 24
18423 124 60 184 0.347826 30
18424 139 32 171 0.625731 27
18425 146 9 155 0.883871 24
18426 137 24 161 0.701863 31
18427 40 103 143 -0.440559 29
18428 29 144 173 -0.66474 30
18429 92 83 175 0.0514286 30
18430 26 132 158 -0.670886 27
18431 113 25 138 0.637681 30
18432 111 68 179 0.240223 35
18433 35 137 172 -0.593023 32
18434 33 95 128 -0.484375 25
18435 93 66 159 0.169811 31
18436 32 135 167 -0.616766 34
18437 65 7 72 0.805556 21
18438 70 82 152 -0.0789474 25
18439 68 114 182 -0.252747 35
18440 100 55 155 0.290323 36
18441 89 69 158 0.126582 32
18442 77 92 169 -0.0887574 24
18443 29 123 152 -0.618421 30
18444 170 34 204 0.666667 30
18445 132 32 164 0.609756 29
18446 99 28 127 0.559055 25
18447 104 70 174 0.195402 28
18448 87 117 204 -0.147059 36
18449 97 74 171 0.134503 30
18450 65 64 129 0.00775194 37
18451 9 78 87 -0.793103 25
18452 82 71 153 0.0718954 32
18453 49 9 58 0.689655 14
18454 179 16 195 0.835897 32
18455 75 91 166 -0.0963855 32
18456 80 94 174 -0.0804598 36
18457 25 138 163 -0.693252 31
18458 105 46 151 0.390728 31
18459 69 88 157 -0.121019 32
18460 14 226 240 -0.883333 25
18461 105 66 171 0.22807 30
18462 70 81 151 -0.0728477 30
18463 170 23 193 0.761658 33
18464 116 47 163 0.423313 31
18465 13 172 185 -0.859459 27
18466 31 157 188 -0.670213 33
18467 119 62 181 0.314917 32
18468 60 91 151 -0.205298 32
18469 14 182 196 -0.857143 29
18470 10 124 134 -0.850746 25
18471 139 48 187 0.486631 32
18472 39 156 195 -0.6 28
18473 20 182 202 -0.80198 29
18474 72 63 135 0.0666667 34
18475 205 5 210 0.952381 22
18476 71 58 129 0.100775 31
18477 79 1 80 0.975 14
18478 14 135 149 -0.812081 27
18479 90 88 178 0.011236 36
18480 31 124 155 -0.6 34
18481 82 33 115 0.426087 26
18482 29 160 189 -0.693122 27
18483 106 40 146 0.452055 32
18484 8 174 182 -0.912088 24
18485 32 123 155 -0.587097 32
18486 45 70 115 -0.217391 27
18487 148 48 196 0.510204 35
18488 148 16 164 0.804878 28
18489 129 69 198 0.30303 25
18490 16 85 101 -0.683168 29
18491 98 73 171 0.146199 32
18492 77 24 101 0.524752 29
18493 98 67 165 0.187879 35
18494 126 68 194 0.298969 31
18495 86 87 173 -0.00578035 33
18496 70 82 152 -0.0789474 28
18497 220 19 239 0.841004 27
18498 119 58 177 0.344633 36
18499 122 27 149 0.637584 28
18500 73 91 164 -0.109756 33
18501 4 171 175 -0.954286 15
18502 177 15 192 0.84375 26
18503 31 103 134 -0.537313 31
18504 66 105 171 -0.22807 29
18505 13 1 14 0.857143 11
18506 118 43 161 0.465839 34
18507 46 98 144 -0.361111 34
18508 96 84 180 0.0666667 29
18509 17 90 107 -0.682243 27
18510 137 47 184 0.48913 31
18511 62 119 181 -0.314917 33
18512 152 20 172 0.767442 33
18513 125 22 147 0.70068 30
18514 28 130 158 -0.64557 32
18515 27 175 202 -0.732673 31
18516 21 130 151 -0.721854 20
18517 175 20 195 0.794872 30
18518 44 88 132 -0.333333 30
18519 21 157 178 -0.764045 25
18520 18 178 196 -0.816327 28
18521 12 126 138 -0.826087 27
18522 31 124 155 -0.6 35
18523 4 154 158 -0.949367 22
18524 94 53 147 0.278912 30
18525 90 91 181 -0.00552486 35
18526 19 168 187 -0.796791 26
18527 83 94 177 -0.0621469 27
18528 124 29 153 0.620915 29
18529 64 110 174 -0.264368 32
18530 27 190 217 -0.751152 30
18531 170 17 187 0.818182 28
18532 97 53 150 0.293333 27
18533 112 101 213 0.0516432 31
18534 44 174 218 -0.59633 33
18535 76 120 196 -0.22449 35
18536 121 43 164 0.47561 36
18537 90 80 170 0.0588235 35
18538 87 99 186 -0.0645161 35
18539 43 184 227 -0.621145 28
18540 123 48 171 0.438596 35
18541 58 108 166 -0.301205 35
18542 31 149 180 -0.655556 32
18543 58 87 145 -0.2 32
18544 60 86 146 -0.178082 32
18545 114 56 170 0.341176 24
18546 24 152 176 -0.727273 30
18547 78 45 123 0.268293 25
18548 129 22 151 0.708609 30
18549 140 14 154 0.818182 19
18550 126 14 140 0.8 29
18551 95 65 160 0.1875 34
18552 100 50 150 0.333333 29
18553 128 50 178 0.438202 31
18554 46 111 157 -0.414013 32
18555 41 73 114 -0.280702 36
18556 209 9 218 0.917431 23
18557 18 135 153 -0.764706 29
18558 71 88 159 -0.106918 34
18559 152 51 203 0.497537 34
18560 115 69 184 0.25 32
18561 7 166 173 -0.919075 19
18562 61 100 161 -0.242236 37
18563 17 169 186 -0.817204 26
18564 17 139 156 -0.782051 31
18565 74 105 179 -0.173184 37
18566 49 113 162 -0.395062 26
18567 42 102 144 -0.416667 28
18568 92 86 178 0.0337079 33
18569 15 150 165 -0.818182 28
18570 59 113 172 -0.313953 30
18571 102 84 186 0.0967742 34
18572 39 129 168 -0.535714 34
18573 75 95 170 -0.117647 35
18574 35 86 121 -0.421488 25
18575 50 107 157 -0.363057 32
18576 71 108 179 -0.206704 31
18577 64 84 148 -0.135135 36
18578 20 156 176 -0.772727 29
18579 95 52 147 0.292517 37
18580 60 101 161 -0.254658 29
18581 139 33 172 0.616279 29
18582 53 103 156 -0.320513 30
18583 133 7 140 0.9 24
18584 102 82 184 0.108696 36
18585 49 113 162 -0.395062 30
18586 203 6 209 0.942584 25
18587 18 142 160 -0.775 26
18588 18 147 165 -0.781818 31
18589 48 138 186 -0.483871 33
18590 45 111 156 -0.423077 30
18591 50 103 153 -0.346405 33
18592 118 52 170 0.388235 36
18593 51 97 148 -0.310811 31
18594 176 38 214 0.64486 37
18595 133 57 190 0.4 27
18596 83 69 152 0.0921053 34
18597 61 124 185 -0.340541 30
18598 99 42 141 0.404255 28
18599 81 89 170 -0.0470588 37
18600 145 44 189 0.534392 34
18601 267 1 268 0.992537 14
18602 121 38 159 0.522013 32
18603 46 128 174 -0.471264 34
18604 24 146 170 -0.717647 30
18605 100 74 174 0.149425 36
18606 48 105 153 -0.372549 25
18607 19 211 230 -0.834783 23
18608 57 62 119 -0.0420168 31
18609 27 130 157 -0.656051 30
18610 91 77 168 0.0833333 33
18611 149 37 186 0.602151 32
18612 75 99 174 -0.137931 33
18613 162 12 174 0.862069 25
18614 26 103 129 -0.596899 29
18615 100 70 170 0.176471 33
18616 22 122 144 -0.694444 30
18617 67 138 205 -0.346341 33
18618 13 192 205 -0.873171 26
18619 132 29 161 0.639752 34
18620 126 54 180 0.4 37
18621 100 80 180 0.111111 32
18622 45 160 205 -0.560976 34
18623 118 69 187 0.262032 31
18624 58 114 172 -0.325581 27
18625 91 94 185 -0.0162162 33
18626 62 101 163 -0.239264 34
18627 31 118 149 -0.583893 32
18628 141 22 163 0.730061 31
18629 158 23 181 0.745856 33
18630 229 14 243 0.884774 25
18631 67 99 166 -0.192771 28
18632 197 30 227 0.735683 28
18633 33 171 204 -0.676471 29
18634 24 165 189 -0.746032 30
18635 65 91 156 -0.166667 28
18636 145 29 174 0.666667 31
18637 25 190 215 -0.767442 32
18638 85 99 184 -0.076087 32
18639 111 57 168 0.321429 33
18640 190 18 208 0.826923 30
18641 147 55 202 0.455446 31
18642 54 158 212 -0.490566 32
18643 26 140 166 -0.686747 31
18644 29 114 143 -0.594406 30
18645 112 25 137 0.635036 33
18646 142 21 163 0.742331 28
18647 68 76 144 -0.0555556 34
18648 10 237 247 -0.919028 28
18649 46 130 176 -0.477273 30
18650 141 61 202 0.39604 32
18651 79 77 156 0.0128205 29
18652 62 136 198 -0.373737 34
18653 26 164 190 -0.726316 30
18654 89 93 182 -0.021978 31
18655 180 40 220 0.636364 34
18656 97 74 171 0.134503 31
18657 18 155 173 -0.791908 30
18658 100 64 164 0.219512 37
18659 128 37 165 0.551515 33
18660 66 152 218 -0.394495 36
18661 139 33 172 0.616279 32
18662 117 6 123 0.902439 15
18663 122 46 168 0.452381 30
18664 211 41 252 0.674603 32
18665 95 6 101 0.881188 15
18666 114 58 172 0.325581 28
18667 63 100 163 -0.226994 34
18668 65 104 169 -0.230769 27
18669 109 67 176 0.238636 35
18670 65 110 175 -0.257143 34
18671 23 139 162 -0.716049 30
18672 95 66 161 0.180124 28
18673 135 36 171 0.578947 31
18674 78 109 187 -0.165775 31
18675 158 37 195 0.620513 30
18676 62 88 150 -0.173333 35
18677 10 215 225 -0.911111 24
18678 73 96 169 -0.136095 37
18679 201 21 222 0.810811 23
18680 133 53 186 0.430108 29
18681 93 77 170 0.0941176 37
18682 94 43 137 0.372263 28
18683 50 107 157 -0.363057 32
18684 96 78 174 0.103448 32
18685 20 236 256 -0.84375 26
18686 114 86 200 0.14 33
18687 110 66 176 0.25 32
18688 68 95 163 -0.165644 34
18689 111 41 152 0.460526 29
18690 134 29 163 0.644172 26
18691 90 87 177 0.0169492 34
18692 27 188 215 -0.748837 31
18693 25 147 172 -0.709302 31
18694 133 27 160 0.6625 31
18695 108 42 150 0.44 34
18696 86 90 176 -0.0227273 31
18697 74 88 162 -0.0864198 35
18698 138 80 218 0.266055 33
18699 155 14 169 0.83432 25
18700 78 94 172 -0.0930233 36
18701 54 156 210 -0.485714 34
18702 24 116 140 -0.657143 29
18703 12 173 185 -0.87027 25
18704 163 9 172 0.895349 26
18705 57 136 193 -0.409326 32
18706 49 85 134 -0.268657 31
18707 24 175 199 -0.758794 28
18708 17 148 165 -0.793939 27
18709 85 98 183 -0.0710383 35
18710 98 42 140 0.4 21
18711 48 57 105 -0.0857143 32
18712 66 87 153 -0.137255 34
18713 56 94 150 -0.253333 31
18714 82 101 183 -0.103825 26
18715 78 93 171 -0.0877193 34
18716 144 56 200 0.44 33
18717 63 91 154 -0.181818 28
18718 11 225 236 -0.90678 19
18719 12 139 151 -0.84106 25
18720 135 49 184 0.467391 33
18721 100 59 159 0.257862 26
18722 34 104 138 -0.507246 23
18723 83 48 131 0.267176 32
18724 23 140 163 -0.717791 28
18725 53 108 161 -0.341615 30
18726 48 114 162 -0.407407 29
18727 49 123 172 -0.430233 33
18728 90 92 182 -0.010989 34
18729 199 13 212 0.877358 19
18730 87 29 116 0.5 29
18731 102 42 144 0.416667 29
18732 100 55 155 0.290323 27
18733 81 17 98 0.653061 27
18734 35 89 124 -0.435484 32
18735 71 114 185 -0.232432 35
18736 82 76 158 0.0379747 33
18737 138 13 151 0.827815 25
18738 27 103 130 -0.584615 30
18739 136 8 144 0.888889 26
18740 10 194 204 -0.901961 24
18741 123 27 150 0.64 29
18742 208 13 221 0.882353 21
18743 19 115 134 -0.716418 27
18744 135 40 175 0.542857 29
18745 64 77 141 -0.0921986 34
18746 62 96 158 -0.21519 34
18747 83 47 130 0.276923 32
18748 187 30 217 0.723502 34
18749 91 101 192 -0.0520833 38
18750 106 78 184 0.152174 32
18751 68 100 168 -0.190476 33
18752 93 90 183 0.0163934 34
18753 109 76 185 0.178378 33
18754 78 85 163 -0.0429448 32
18755 58 134 192 -0.395833 29
18756 62 132 194 -0.360825 35
18757 38 135 173 -0.560694 31
18758 142 20 162 0.753086 28
18759 41 135 176 -0.534091 33
18760 75 55 130 0.153846 28
18761 46 102 148 -0.378378 27
18762 17 169 186 -0.817204 28
18763 98 33 131 0.496183 27
18764 60 92 152 -0.210526 28
18765 97 67 164 0.182927 35
18766 32 155 187 -0.657754 30
18767 109 62 171 0.274854 33
18768 25 144 169 -0.704142 30
18769 27 147 174 -0.689655 30
18770 40 113 153 -0.477124 34
18771 175 40 215 0.627907 30
18772 153 21 174 0.758621 32
18773 82 87 169 -0.0295858 33
18774 81 91 172 -0.0581395 32
18775 61 136 197 -0.380711 28
18776 14 145 159 -0.823899 27
18777 118 53 171 0.380117 33
18778 109 47 156 0.397436 33
18779 155 17 172 0.802326 28
18780 91 80 171 0.0643275 27
18781 63 87 150 -0.16 31
18782 36 189 225 -0.68 30
18783 195 6 201 0.940299 24
18784 93 112 205 -0.0926829 32
18785 100 59 159 0.257862 30
18786 98 69 167 0.173653 32
18787 123 45 168 0.464286 30
18788 30 148 178 -0.662921 33
18789 123 49 172 0.430233 29
18790 96 74 170 0.129412 29
18791 108 70 178 0.213483 35
18792 128 43 171 0.497076 28
18793 86 109 195 -0.117949 34
18794 37 128 165 -0.551515 27
18795 105 32 137 0.532847 31
18796 20 148 168 -0.761905 29
18797 130 57 187 0.390374 27
18798 148 19 167 0.772455 31
18799 131 53 184 0.423913 34
18800 101 53 154 0.311688 32
18801 24 176 200 -0.76 29
18802 131 36 167 0.568862 34
18803 99 64 163 0.214724 32
18804 91 29 120 0.516667 31
18805 201 25 226 0.778761 33
18806 120 68 188 0.276596 37
18807 84 80 164 0.0243902 37
18808 46 125 171 -0.461988 34
18809 66 73 139 -0.0503597 28
18810 158 11 169 0.869822 29
18811 56 111 167 -0.329341 34
18812 64 98 162 -0.209877 34
18813 160 25 185 0.72973 30
18814 152 25 177 0.717514 29
18815 145 33 178 0.629213 31
18816 89 105 194 -0.0824742 36
18817 9 138 147 -0.877551 26
18818 21 146 167 -0.748503 28
18819 54 95 149 -0.275168 34
18820 12 169 181 -0.867403 27
18821 89 40 129 0.379845 28
18822 89 91 180 -0.0111111 33
18823 120 34 154 0.558442 29
18824 9 161 170 -0.894118 25
18825 93 62 155 0.2 33
18826 136 48 184 0.478261 37
18827 13 224 237 -0.890295 28
18828 89 100 189 -0.0582011 32
18829 112 30 142 0.577465 33
18830 16 226 242 -0.867769 24
18831 115 10 125 0.84 24
18832 68 75 143 -0.048951 34
18833 124 43 167 0.48503 34
18834 111 59 170 0.305882 26
18835 76 103 179 -0.150838 34
18836 23 142 165 -0.721212 22
18837 103 71 174 0.183908 31
18838 110 29 139 0.582734 31
18839 14 155 169 -0.83432 29
18840 122 56 178 0.370787 33
18841 46 138 184 -0.5 29
18842 14 194 208 -0.865385 27
18843 18 142 160 -0.775 26
18844 43 126 169 -0.491124 32
18845 161 44 205 0.570732 37
18846 143 27 170 0.682353 21
18847 72 51 123 0.170732 33
18848 105 85 190 0.105263 28
18849 113 80 193 0.170984 36
18850 32 144 176 -0.636364 33
18851 186 20 206 0.805825 28
18852 206 22 228 0.807018 28
18853 39 139 178 -0.561798 37
18854 188 9 197 0.908629 23
18855 181 38 219 0.652968 34
18856 45 121 166 -0.457831 30
18857 135 48 183 0.47541 29
18858 53 158 211 -0.49763 31
18859 82 61 143 0.146853 33
18860 60 134 194 -0.381443 32
18861 169 10 179 0.888268 25
18862 21 139 160 -0.7375 29
18863 9 199 208 -0.913462 24
18864 101 19 120 0.683333 25
18865 36 124 160 -0.55 33
18866 138 66 204 0.352941 36
18867 56 117 173 -0.352601 33
18868 18 174 192 -0.8125 26
18869 61 128 189 -0.354497 35
18870 47 121 168 -0.440476 29
18871 89 95 184 -0.0326087 30
18872 135 38 173 0.560694 33
18873 60 108 168 -0.285714 30
18874 68 108 176 -0.227273 33
18875 110 73 183 0.202186 34
18876 78 89 167 -0.0658683 35
18877 67 101 168 -0.202381 31
18878 19 142 161 -0.763975 25
18879 137 37 174 0.574713 34
18880 146 27 173 0.687861 29
18881 114 73 187 0.219251 35
18882 29 110 139 -0.582734 28
18883 34 94 128 -0.46875 34
18884 141 37 178 0.58427 29
18885 187 23 210 0.780952 30
18886 46 152 198 -0.535354 32
18887 55 136 191 -0.424084 32
18888 72 96 168 -0.142857 28
18889 149 43 192 0.552083 25
18890 15 139 154 -0.805195 28
18891 131 35 166 0.578313 32
18892 211 14 225 0.875556 27
18893 20 171 191 -0.790576 27
18894 73 39 112 0.303571 26
18895 158 22 180 0.755556 28
18896 129 85 214 0.205607 33
18897 120 12 132 0.818182 28
18898 210 26 236 0.779661 28
18899 112 29 141 0.588652 32
18900 51 98 149 -0.315436 28
18901 20 78 98 -0.591837 30
18902 19 198 217 -0.824885 27
18903 122 28 150 0.626667 29
18904 188 11 199 0.889447 26
18905 17 97 114 -0.701754 29
18906 16 155 171 -0.812865 30
18907 47 99 146 -0.356164 24
18908 101 46 147 0.37415 32
18909 189 25 214 0.766355 32
18910 128 33 161 0.590062 28
18911 76 89 165 -0.0787879 30
18912 73 101 174 -0.16092 32
18913 73 93 166 -0.120482 35
18914 160 10 170 0.882353 26
18915 64 76 140 -0.0857143 24
18916 22 136 158 -0.721519 30
18917 0 236 236 -1 12
18918 37 108 145 -0.489655 33
18919 125 82 207 0.207729 34
18920 142 39 181 0.569061 24
18921 137 41 178 0.539326 28
18922 44 87 131 -0.328244 34
18923 149 47 196 0.520408 33
18924 79 105 184 -0.141304 29
18925 111 46 157 0.414013 32
18926 46 137 183 -0.497268 31
18927 75 56 131 0.145038 23
18928 84 76 160 0.05 28
18929 170 2 172 0.976744 20
18930 89 54 143 0.244755 29
18931 84 88 172 -0.0232558 27
18932 186 6 192 0.9375 24
18933 102 87 189 0.0793651 35
18934 64 99 163 -0.214724 32
18935 127 58 185 0.372973 36
18936 80 72 152 0.0526316 31
18937 38 77 115 -0.33913 31
18938 135 18 153 0.764706 30
18939 128 26 154 0.662338 27
18940 10 210 220 -0.909091 22
18941 56 109 165 -0.321212 33
18942 102 61 163 0.251534 33
18943 88 52 140 0.257143 29
18944 136 29 165 0.648485 34
18945 64 160 224 -0.428571 33
18946 197 17 214 0.841121 27
18947 125 64 189 0.322751 32
18948 47 96 143 -0.342657 31
18949 188 15 203 0.852217 27
18950 44 130 174 -0.494253 32
18951 90 69 159 0.132075 31
18952 95 71 166 0.144578 27
18953 9 158 167 -0.892216 26
18954 84 79 163 0.0306748 31
18955 92 67 159 0.157233 28
18956 83 106 189 -0.121693 35
18957 87 89 176 -0.0113636 34
18958 58 102 160 -0.275 29
18959 108 63 171 0.263158 35
18960 53 90 143 -0.258741 32
18961 35 106 141 -0.503546 30
18962 142 33 175 0.622857 34
18963 74 123 197 -0.248731 26
18964 129 43 172 0.5 29
18965 78 67 145 0.0758621 34
18966 223 12 235 0.897872 24
18967 136 42 178 0.52809 34
18968 158 17 175 0.805714 27
18969 139 38 177 0.570621 28
18970 77 103 180 -0.144444 31
18971 79 60 139 0.136691 31
18972 97 36 133 0.458647 32
18973 154 32 186 0.655914 26
18974 94 70 164 0.146341 33
18975 74 134 208 -0.288462 29
18976 176 3 179 0.96648 14
18977 91 72 163 0.116564 35
18978 55 38 93 0.182796 28
18979 58 88 146 -0.205479 33
18980 42 83 125 -0.328 34
18981 18 163 181 -0.801105 29
18982 142 35 177 0.60452 31
18983 118 41 159 0.484277 26
18984 152 23 175 0.737143 31
18985 56 105 161 -0.304348 27
18986 50 8 58 0.724138 18
18987 90 110 200 -0.1 34
18988 44 120 164 -0.463415 32
18989 148 5 153 0.934641 16
18990 81 96 177 -0.0847458 30
18991 233 14 247 0.88664 27
18992 38 133 171 -0.555556 31
18993 14 180 194 -0.85567 27
18994 112 53 165 0.357576 31
18995 30 122 152 -0.605263 30
18996 147 12 159 0.849057 27
18997 42 111 153 -0.45098 29
18998 48 116 164 -0.414634 28
18999 8 227 235 -0.931915 27
19000 43 104 147 -0.414966 30
19001 104 54 158 0.316456 31
19002 85 99 184 -0.076087 29
19003 54 78 132 -0.181818 30
19004 39 126 165 -0.527273 32
19005 107 43 150 0.426667 30
19006 34 157 191 -0.643979 34
19007 212 20 232 0.827586 28
19008 72 113 185 -0.221622 34
19009 17 129 146 -0.767123 29
19010 165 20 185 0.783784 27
19011 9 171 180 -0.9 27
19012 141 26 167 0.688623 31
19013 184 13 197 0.86802 27
19014 73 60 133 0.0977444 34
19015 101 58 159 0.27044 31
19016 71 100 171 -0.169591 29
19017 132 67 199 0.326633 31
19018 176 34 210 0.67619 36
19019 65 67 132 -0.0151515 34
19020 37 96 133 -0.443609 32
19021 41 110 151 -0.456954 28
19022 71 106 177 -0.19774 34
19023 36 112 148 -0.513514 29
19024 88 63 151 0.165563 36
19025 23 159 182 -0.747253 26
19026 125 71 196 0.27551 32
19027 15 187 202 -0.851485 27
19028 89 107 196 -0.0918367 36
19029 36 105 141 -0.489362 29
19030 51 101 152 -0.328947 33
19031 142 37 179 0.586592 25
19032 62 75 137 -0.0948905 28
19033 90 55 145 0.241379 33
19034 143 49 192 0.489583 30
19035 105 46 151 0.390728 32
19036 61 89 150 -0.186667 29
19037 61 126 187 -0.347594 29
19038 154 25 179 0.72067 29
19039 9 205 214 -0.915888 17
19040 120 67 187 0.283422 36
19041 59 121 180 -0.344444 25
19042 153 25 178 0.719101 24
19043 29 162 191 -0.696335 31
19044 57 99 156 -0.269231 23
19045 15 160 175 -0.828571 29
19046 22 189 211 -0.791469 32
19047 137 44 181 0.513812 30
19048 172 20 192 0.791667 26
19049 9 157 166 -0.891566 24
19050 29 133 162 -0.641975 31
19051 42 106 148 -0.432432 32
19052 92 68 160 0.15 35
19053 116 28 144 0.611111 32
19054 127 44 171 0.48538 37
19055 33 60 93 -0.290323 23
19056 164 19 183 0.79235 33
19057 104 77 181 0.149171 34
19058 103 56 159 0.295597 28
19059 102 76 178 0.146067 28
19060 101 68 169 0.195266 31
19061 29 131 160 -0.6375 32
19062 60 100 160 -0.25 29
19063 85 89 174 -0.0229885 25
19064 84 52 136 0.235294 32
19065 76 83 159 -0.0440252 38
19066 54 90 144 -0.25 29
19067 65 40 105 0.238095 30
19068 71 100 171 -0.169591 28
19069 48 144 192 -0.5 24
19070 41 108 149 -0.449664 34
19071 22 151 173 -0.745665 29
19072 17 154 171 -0.80117 26
19073 138 23 161 0.714286 31
19074 202 6 208 0.942308 16
19075 19 145 164 -0.768293 29
19076 131 45 176 0.488636 33
19077 122 40 162 0.506173 32
19078 196 38 234 0.675214 33
19079 74 92 166 -0.108434 30
19080 20 159 179 -0.776536 29
19081 78 72 150 0.04 30
19082 74 132 206 -0.281553 35
19083 173 35 208 0.663462 31
19084 31 133 164 -0.621951 31
19085 97 77 174 0.114943 36
19086 74 78 152 -0.0263158 34
19087 195 13 208 0.875 25
19088 141 24 165 0.709091 30
19089 12 165 177 -0.864407 26
19090 88 127 215 -0.181395 35
19091 27 138 165 -0.672727 25
19092 27 107 134 -0.597015 25
19093 64 90 154 -0.168831 31
19094 184 33 217 0.695853 28
19095 192 14 206 0.864078 23
19096 103 91 194 0.0618557 33
19097 57 95 152 -0.25 35
19098 136 41 177 0.536723 30
19099 80 72 152 0.0526316 31
19100 129 26 155 0.664516 33
19101 113 75 188 0.202128 34
19102 40 112 152 -0.473684 27
19103 75 65 140 0.0714286 35
19104 169 24 193 0.751295 32
19105 67 117 184 -0.271739 28
19106 138 35 173 0.595376 28
19107 167 8 175 0.908571 24
19108 65 74 139 -0.0647482 29
19109 45 135 180 -0.5 31
19110 75 75 150 0 29
19111 59 91 150 -0.213333 32
19112 33 85 118 -0.440678 28
19113 196 15 211 0.85782 30
19114 48 122 170 -0.435294 24
19115 104 18 122 0.704918 28
19116 88 60 148 0.189189 32
19117 75 114 189 -0.206349 28
19118 75 74 149 0.00671141 28
19119 27 142 169 -0.680473 29
19120 162 10 172 0.883721 23
19121 19 159 178 -0.786517 31
19122 23 134 157 -0.707006 31
19123 78 59 137 0.138686 33
19124 92 82 174 0.0574713 33
19125 65 107 172 -0.244186 28
19126 19 172 191 -0.801047 27
19127 134 35 169 0.585799 32
19128 65 87 152 -0.144737 33
19129 99 96 195 0.0153846 31
19130 250 8 258 0.937984 23
19131 82 94 176 -0.0681818 32
19132 48 152 200 -0.52 32
19133 95 81 176 0.0795455 33
19134 11 183 194 -0.886598 26
19135 30 143 173 -0.653179 30
19136 143 37 180 0.588889 33
19137 7 155 162 -0.91358 21
19138 16 167 183 -0.825137 28
19139 13 177 190 -0.863158 24
19140 58 147 205 -0.434146 27
19141 147 16 163 0.803681 28
19142 103 76 179 0.150838 34
19143 61 81 142 -0.140845 36
19144 67 116 183 -0.26776 33
19145 131 60 191 0.371728 26
19146 95 75 170 0.117647 35
19147 16 130 146 -0.780822 27
19148 73 111 184 -0.206522 32
19149 25 161 186 -0.731183 32
19150 8 178 186 -0.913978 23
19151 45 175 220 -0.590909 30
19152 17 165 182 -0.813187 31
19153 41 77 118 -0.305085 28
19154 184 14 198 0.858586 30
19155 204 23 227 0.797357 25
19156 13 179 192 -0.864583 25
19157 164 11 175 0.874286 18
19158 4 167 171 -0.953216 23
19159 26 149 175 -0.702857 28
19160 106 65 171 0.239766 31
19161 73 85 158 -0.0759494 36
19162 129 58 187 0.379679 31
19163 79 54 133 0.18797 35
19164 246 16 262 0.877863 27
19165 110 17 127 0.732283 29
19166 50 94 144 -0.305556 34
19167 107 35 142 0.507042 32
19168 42 102 144 -0.416667 23
19169 132 47 179 0.47486 32
19170 23 204 227 -0.797357 33
19171 50 100 150 -0.333333 34
19172 171 19 190 0.8 30
19173 156 16 172 0.813953 29
19174 49 124 173 -0.433526 30
19175 187 10 197 0.898477 19
19176 87 55 142 0.225352 26
19177 49 93 142 -0.309859 36
19178 137 16 153 0.79085 25
19179 142 40 182 0.56044 31
19180 11 172 183 -0.879781 26
19181 90 47 137 0.313869 29
19182 81 107 188 -0.138298 32
19183 24 196 220 -0.781818 28
19184 49 70 119 -0.176471 23
19185 70 112 182 -0.230769 33
19186 154 9 163 0.889571 25
19187 30 163 193 -0.689119 30
19188 211 16 227 0.859031 25
19189 90 26 116 0.551724 27
19190 102 53 155 0.316129 37
19191 24 114 138 -0.652174 27
19192 40 86 126 -0.365079 31
19193 39 140 179 -0.564246 33
19194 42 175 217 -0.612903 33
19195 14 139 153 -0.816993 30
19196 57 112 169 -0.325444 32
19197 73 81 154 -0.0519481 33
19198 22 176 198 -0.777778 31
19199 181 18 199 0.819095 29
19200 12 108 120 -0.8 23
19201 76 58 134 0.134328 28
19202 41 110 151 -0.456954 30
19203 126 38 164 0.536585 31
19204 141 36 177 0.59322 34
19205 124 68 192 0.291667 31
19206 168 19 187 0.796791 27
19207 13 182 195 -0.866667 28
19208 85 67 152 0.118421 32
19209 68 74 142 -0.0422535 29
19210 88 75 163 0.0797546 33
19211 9 157 166 -0.891566 26
19212 88 116 204 -0.137255 33
19213 35 139 174 -0.597701 31
19214 37 144 181 -0.59116 29
19215 51 140 191 -0.465969 31
19216 73 53 126 0.15873 33
19217 59 89 148 -0.202703 33
19218 96 66 162 0.185185 23
19219 119 48 167 0.42515 33
19220 168 47 215 0.562791 32
19221 148 50 198 0.494949 31
19222 29 173 202 -0.712871 22
19223 213 19 232 0.836207 28
19224 71 84 155 -0.083871 33
19225 140 19 159 0.761006 28
19226 32 150 182 -0.648352 35
19227 84 93 177 -0.0508475 34
19228 37 109 146 -0.493151 32
19229 134 34 168 0.595238 34
19230 87 70 157 0.10828 31
19231 11 163 174 -0.873563 23
19232 96 67 163 0.177914 30
19233 169 16 185 0.827027 24
19234 74 65 139 0.0647482 33
19235 73 73 146 0 28
19236 58 121 179 -0.351955 28
19237 117 63 180 0.3 35
19238 178 35 213 0.671362 35
19239 34 94 128 -0.46875 26
19240 115 16 131 0.755725 29
19241 128 34 162 0.580247 33
19242 78 50 128 0.21875 32
19243 124 18 142 0.746479 27
19244 222 12 234 0.897436 25
19245 67 86 153 -0.124183 30
19246 138 47 185 0.491892 34
19247 111 40 151 0.470199 31
19248 159 39 198 0.606061 27
19249 32 156 188 -0.659574 31
19250 123 21 144 0.708333 28
19251 77 104 181 -0.149171 32
19252 75 11 86 0.744186 20
19253 30 129 159 -0.622642 33
19254 126 37 163 0.546012 31
19255 93 41 134 0.38806 25
19256 49 75 124 -0.209677 32
19257 110 55 165 0.333333 35
19258 98 40 138 0.42029 31
19259 80 70 150 0.0666667 31
19260 19 142 161 -0.763975 24
19261 96 8 104 0.846154 24
19262 89 66 155 0.148387 37
19263 85 81 166 0.0240964 31
19264 207 11 218 0.899083 28
19265 157 44 201 0.562189 31
19266 77 108 185 -0.167568 35
19267 63 102 165 -0.236364 34
19268 53 141 194 -0.453608 33
19269 60 87 147 -0.183673 32
19270 144 61 205 0.404878 32
19271 163 21 184 0.771739 29
19272 58 68 126 -0.0793651 33
19273 274 5 279 0.964158 19
19274 99 95 194 0.0206186 36
19275 76 79 155 -0.0193548 27
19276 155 10 165 0.878788 22
19277 125 66 191 0.308901 30
19278 141 50 191 0.47644 31
19279 53 130 183 -0.420765 33
19280 165 26 191 0.727749 22
19281 220 17 237 0.85654 27
19282 10 178 188 -0.893617 27
19283 8 170 178 -0.910112 25
19284 94 37 131 0.435115 29
19285 96 71 167 0.149701 34
19286 72 92 164 -0.121951 35
19287 193 17 210 0.838095 22
19288 177 26 203 0.743842 28
19289 28 126 154 -0.636364 32
19290 16 201 217 -0.852535 23
19291 65 107 172 -0.244186 33
19292 45 101 146 -0.383562 30
19293 102 70 172 0.186047 30
19294 118 32 150 0.573333 27
19295 168 9 177 0.898305 25
19296 67 49 116 0.155172 34
19297 26 140 166 -0.686747 27
19298 108 36 144 0.5 32
19299 68 23 91 0.494505 26
19300 50 148 198 -0.494949 33
19301 146 37 183 0.595628 35
19302 100 68 168 0.190476 31
19303 94 33 127 0.480315 29
19304 161 44 205 0.570732 29
19305 39 144 183 -0.57377 30
19306 70 91 161 -0.130435 25
19307 35 120 155 -0.548387 33
19308 93 60 153 0.215686 31
19309 29 158 187 -0.68984 24
19310 167 22 189 0.767196 26
19311 67 80 147 -0.0884354 31
19312 37 46 83 -0.108434 25
19313 52 72 124 -0.16129 28
19314 66 102 168 -0.214286 35
19315 115 47 162 0.419753 27
19316 83 52 135 0.22963 33
19317 111 42 153 0.45098 33
19318 85 107 192 -0.114583 31
19319 77 149 226 -0.318584 35
19320 12 226 238 -0.89916 22
19321 77 64 141 0.0921986 25
19322 101 27 128 0.578125 32
19323 155 11 166 0.86747 25
19324 107 73 180 0.188889 32
19325 8 101 109 -0.853211 24
19326 103 41 144 0.430556 30
19327 155 21 176 0.761364 31
19328 81 67 148 0.0945946 25
19329 60 108 168 -0.285714 34
19330 11 188 199 -0.889447 27
19331 105 29 134 0.567164 29
19332 72 81 153 -0.0588235 33
19333 40 105 145 -0.448276 29
19334 11 188 199 -0.889447 25
19335 149 59 208 0.432692 26
19336 12 144 156 -0.846154 26
19337 115 60 175 0.314286 36
19338 25 131 156 -0.679487 31
19339 196 18 214 0.831776 21
19340 31 135 166 -0.626506 28
19341 108 24 132 0.636364 30
19342 52 33 85 0.223529 20
19343 30 141 171 -0.649123 28
19344 70 101 171 -0.181287 32
19345 221 24 245 0.804082 29
19346 19 149 168 -0.77381 31
19347 43 155 198 -0.565657 34
19348 173 27 200 0.73 30
19349 147 0 147 1 1
19350 135 21 156 0.730769 30
19351 82 116 198 -0.171717 33
19352 107 56 163 0.312883 33
19353 160 14 174 0.83908 26
19354 48 143 191 -0.497382 35
19355 133 54 187 0.42246 30
19356 120 30 150 0.6 29
19357 14 179 193 -0.854922 27
19358 77 97 174 -0.114943 32
19359 43 116 159 -0.459119 28
19360 19 189 208 -0.817308 25
19361 214 11 225 0.902222 21
19362 73 93 166 -0.120482 32
19363 87 17 104 0.673077 24
19364 96 58 154 0.246753 35
19365 113 36 149 0.516779 33
19366 90 72 162 0.111111 34
19367 52 61 113 -0.079646 33
19368 185 11 196 0.887755 25
19369 122 63 185 0.318919 31
19370 99 59 158 0.253165 35
19371 92 80 172 0.0697674 36
19372 34 193 227 -0.700441 30
19373 129 52 181 0.425414 35
19374 118 50 168 0.404762 35
19375 66 88 154 -0.142857 32
19376 44 108 152 -0.421053 33
19377 11 111 122 -0.819672 23
19378 15 138 153 -0.803922 28
19379 85 86 171 -0.00584795 34
19380 16 212 228 -0.859649 27
19381 117 44 161 0.453416 35
19382 206 39 245 0.681633 28
19383 149 24 173 0.722543 30
19384 66 86 152 -0.131579 35
19385 76 65 141 0.0780142 35
19386 37 158 195 -0.620513 26
19387 10 162 172 -0.883721 28
19388 126 67 193 0.305699 32
19389 43 142 185 -0.535135 33
19390 34 170 204 -0.666667 30
19391 66 99 165 -0.2 29
19392 142 52 194 0.463918 35
19393 112 58 170 0.317647 31
19394 117 24 141 0.659574 31
19395 136 81 217 0.253456 26
19396 106 87 193 0.0984456 30
19397 90 74 164 0.097561 32
19398 194 16 210 0.847619 26
19399 97 60 157 0.235669 28
19400 172 26 198 0.737374 27
19401 34 99 133 -0.488722 29
19402 106 60 166 0.277108 33
19403 15 172 187 -0.839572 25
19404 121 33 154 0.571429 32
19405 24 115 139 -0.654676 31
19406 125 69 194 0.28866 33
19407 7 144 151 -0.907285 23
19408 76 85 161 -0.0559006 34
19409 63 92 155 -0.187097 37
19410 141 31 172 0.639535 31
19411 219 15 234 0.871795 27
19412 34 141 175 -0.611429 32
19413 45 108 153 -0.411765 33
19414 88 53 141 0.248227 31
19415 76 86 162 -0.0617284 32
19416 134 16 150 0.786667 29
19417 49 102 151 -0.350993 33
19418 20 176 196 -0.795918 24
19419 76 62 138 0.101449 30
19420 36 83 119 -0.394958 31
19421 226 3 229 0.973799 19
19422 9 162 171 -0.894737 26
19423 50 70 120 -0.166667 30
19424 15 193 208 -0.855769 25
19425 126 32 158 0.594937 26
19426 100 75 175 0.142857 36
19427 108 52 160 0.35 31
19428 133 14 147 0.809524 28
19429 114 57 171 0.333333 36
19430 116 24 140 0.657143 31
19431 123 29 152 0.618421 32
19432 69 84 153 -0.0980392 31
19433 53 78 131 -0.19084 33
19434 248 5 253 0.960474 24
19435 236 8 244 0.934426 25
19436 52 110 162 -0.358025 36
19437 135 48 183 0.47541 27
19438 136 61 197 0.380711 35
19439 50 114 164 -0.390244 33
19440 27 191 218 -0.752294 29
19441 96 64 160 0.2 34
19442 29 145 174 -0.666667 28
19443 156 30 186 0.677419 31
19444 48 104 152 -0.368421 34
19445 110 31 141 0.560284 27
19446 72 111 183 -0.213115 31
19447 119 53 172 0.383721 31
19448 138 51 189 0.460317 33
19449 96 94 190 0.0105263 33
19450 61 147 208 -0.413462 30
19451 53 93 146 -0.273973 36
19452 50 118 168 -0.404762 36
19453 211 10 221 0.909502 24
19454 106 40 146 0.452055 29
19455 24 140 164 -0.707317 28
19456 18 154 172 -0.790698 26
19457 176 26 202 0.742574 30
19458 147 56 203 0.448276 34
19459 43 176 219 -0.607306 27
19460 106 50 156 0.358974 31
19461 68 93 161 -0.15528 35
19462 175 6 181 0.933702 25
19463 30 126 156 -0.615385 33
19464 208 12 220 0.890909 22
19465 33 140 173 -0.618497 34
19466 161 40 201 0.60199 31
19467 28 88 116 -0.517241 29
19468 32 6 38 0.684211 17
19469 54 62 116 -0.0689655 31
19470 112 50 162 0.382716 26
19471 42 149 191 -0.560209 32
19472 9 124 133 -0.864662 23
19473 91 78 169 0.0769231 34
19474 46 165 211 -0.563981 35
19475 65 65 130 0 34
19476 10 193 203 -0.901478 26
19477 13 172 185 -0.859459 27
19478 16 25 41 -0.219512 21
19479 29 179 208 -0.721154 32
19480 59 157 216 -0.453704 33
19481 122 51 173 0.410405 31
19482 48 134 182 -0.472527 32
19483 23 121 144 -0.680556 33
19484 121 64 185 0.308108 36
19485 56 117 173 -0.352601 30
19486 144 54 198 0.454545 34
19487 58 39 97 0.195876 26
19488 89 80 169 0.0532544 35
19489 128 41 169 0.514793 28
19490 144 20 164 0.756098 30
19491 41 115 156 -0.474359 32
19492 140 35 175 0.6 33
19493 178 11 189 0.883598 25
19494 47 45 92 0.0217391 27
19495 53 150 203 -0.477833 28
19496 46 142 188 -0.510638 31
19497 19 161 180 -0.788889 29
19498 135 40 175 0.542857 34
19499 14 245 259 -0.891892 18
19500 68 45 113 0.20354 27
19501 93 14 107 0.738318 28
19502 73 85 158 -0.0759494 35
19503 13 70 83 -0.686747 26
19504 116 77 193 0.202073 33
19505 177 2 179 0.977654 21
19506 94 65 159 0.18239 31
19507 101 59 160 0.2625 30
19508 72 90 162 -0.111111 28
19509 211 15 226 0.867257 23
19510 63 103 166 -0.240964 31
19511 118 30 148 0.594595 29
19512 133 76 209 0.272727 34
19513 122 56 178 0.370787 33
19514 90 69 159 0.132075 35
19515 81 34 115 0.408696 25
19516 94 40 134 0.402985 29
19517 14 175 189 -0.851852 24
19518 93 59 152 0.223684 28
19519 103 64 167 0.233533 29
19520 52 105 157 -0.33758 26
19521 32 97 129 -0.503876 33
19522 14 194 208 -0.865385 29
19523 107 62 169 0.266272 25
19524 14 165 179 -0.843575 28
19525 10 207 217 -0.907834 25
19526 164 46 210 0.561905 31
19527 64 96 160 -0.2 32
19528 36 73 109 -0.33945 30
19529 152 19 171 0.777778 25
19530 60 143 203 -0.408867 34
19531 142 25 167 0.700599 29
19532 200 13 213 0.877934 22
19533 135 10 145 0.862069 27
19534 97 58 155 0.251613 31
19535 41 117 158 -0.481013 30
19536 30 143 173 -0.653179 31
19537 69 101 170 -0.188235 36
19538 92 43 135 0.362963 27
19539 72 119 191 -0.246073 30
19540 64 122 186 -0.311828 33
19541 106 42 148 0.432432 30
19542 156 11 167 0.868263 25
19543 55 112 167 -0.341317 35
19544 73 112 185 -0.210811 31
19545 37 152 189 -0.608466 31
19546 54 125 179 -0.396648 27
19547 112 66 178 0.258427 35
19548 72 88 160 -0.1 30
19549 114 39 153 0.490196 32
19550 213 20 233 0.828326 24
19551 118 28 146 0.616438 28
19552 37 141 178 -0.58427 33
19553 119 44 163 0.460123 33
19554 140 57 197 0.42132 30
19555 123 16 139 0.769784 25
19556 83 44 127 0.307087 27
19557 104 70 174 0.195402 29
19558 140 55 195 0.435897 34
19559 61 59 120 0.0166667 32
19560 13 163 176 -0.852273 28
19561 24 127 151 -0.682119 26
19562 11 197 208 -0.894231 27
19563 126 32 158 0.594937 29
19564 16 193 209 -0.84689 23
19565 125 50 175 0.428571 34
19566 64 92 156 -0.179487 34
19567 50 84 134 -0.253731 33
19568 88 96 184 -0.0434783 30
19569 143 47 190 0.505263 33
19570 88 59 147 0.197279 33
19571 82 69 151 0.0860927 29
19572 206 33 239 0.723849 35
19573 148 14 162 0.82716 28
19574 133 36 169 0.573964 31
19575 25 146 171 -0.707602 27
19576 88 84 172 0.0232558 28
19577 33 140 173 -0.618497 25
19578 10 47 57 -0.649123 18
19579 50 148 198 -0.494949 33
19580 51 142 193 -0.471503 28
19581 89 31 120 0.483333 27
19582 56 116 172 -0.348837 32
19583 54 133 187 -0.42246 31
19584 122 63 185 0.318919 32
19585 95 45 140 0.357143 32
19586 39 161 200 -0.61 29
19587 132 84 216 0.222222 33
19588 230 11 241 0.908714 24
19589 7 192 199 -0.929648 22
19590 98 38 136 0.441176 25
19591 28 149 177 -0.683616 31
19592 36 126 162 -0.555556 30
19593 105 67 172 0.22093 29
19594 63 81 144 -0.125 28
19595 32 155 187 -0.657754 31
19596 67 68 135 -0.00740741 29
19597 154 28 182 0.692308 32
19598 54 132 186 -0.419355 33
19599 26 209 235 -0.778723 30
19600 97 83 180 0.0777778 33
19601 130 60 190 0.368421 34
19602 81 79 160 0.0125 36
19603 122 33 155 0.574194 31
19604 180 15 195 0.846154 27
19605 75 81 156 -0.0384615 35
19606 18 261 279 -0.870968 21
19607 70 94 164 -0.146341 33
19608 76 66 142 0.0704225 27
19609 6 112 118 -0.898305 22
19610 71 71 142 0 30
19611 150 17 167 0.796407 25
19612 176 16 192 0.833333 26
19613 24 198 222 -0.783784 24
19614 68 102 170 -0.2 31
19615 68 89 157 -0.133758 28
19616 157 23 180 0.744444 28
19617 129 46 175 0.474286 34
19618 29 174 203 -0.714286 30
19619 60 106 166 -0.277108 32
19620 113 37 150 0.506667 31
19621 99 46 145 0.365517 29
19622 8 158 166 -0.903614 26
19623 7 117 124 -0.887097 24
19624 74 56 130 0.138462 32
19625 116 51 167 0.389222 28
19626 74 91 165 -0.10303 36
19627 6 193 199 -0.939698 20
19628 205 23 228 0.798246 27
19629 163 20 183 0.781421 30
19630 170 30 200 0.7 33
19631 172 22 194 0.773196 23
19632 71 117 188 -0.244681 30
19633 32 111 143 -0.552448 34
19634 107 23 130 0.646154 27
19635 102 45 147 0.387755 34
19636 109 34 143 0.524476 33
19637 114 81 195 0.169231 31
19638 105 49 154 0.363636 34
19639 62 58 120 0.0333333 30
19640 31 140 171 -0.637427 29
19641 23 159 182 -0.747253 30
19642 146 23 169 0.727811 27
19643 113 49 162 0.395062 33
19644 173 58 231 0.497835 22
19645 24 122 146 -0.671233 32
19646 26 129 155 -0.664516 32
19647 157 32 189 0.661376 33
19648 61 92 153 -0.202614 33
19649 34 145 179 -0.620112 29
19650 54 139 193 -0.440415 32
19651 8 168 176 -0.909091 26
19652 110 37 147 0.496599 34
19653 173 14 187 0.850267 24
19654 53 77 130 -0.184615 31
19655 122 36 158 0.544304 31
19656 15 202 217 -0.861751 21
19657 170 45 215 0.581395 33
19658 45 81 126 -0.285714 29
19659 166 4 170 0.952941 23
19660 115 56 171 0.345029 33
19661 116 33 149 0.557047 31
19662 16 186 202 -0.841584 25
19663 57 126 183 -0.377049 32
19664 8 83 91 -0.824176 25
19665 24 235 259 -0.814672 23
19666 59 124 183 -0.355191 29
19667 19 52 71 -0.464789 22
19668 109 46 155 0.406452 28
19669 149 38 187 0.593583 31
19670 103 63 166 0.240964 36
19671 141 18 159 0.773585 29
19672 66 105 171 -0.22807 31
19673 140 6 146 0.917808 24
19674 142 20 162 0.753086 30
19675 3 211 214 -0.971963 19
19676 31 169 200 -0.69 32
19677 58 123 181 -0.359116 33
19678 53 68 121 -0.123967 35
19679 146 33 179 0.631285 33
19680 92 29 121 0.520661 31
19681 40 113 153 -0.477124 32
19682 77 54 131 0.175573 38
19683 138 62 200 0.38 29
19684 44 150 194 -0.546392 33
19685 16 161 177 -0.819209 24
19686 120 32 152 0.578947 28
19687 17 223 240 -0.858333 28
19688 14 147 161 -0.826087 21
19689 108 41 149 0.449664 36
19690 235 2 237 0.983122 19
19691 37 143 180 -0.588889 28
19692 161 42 203 0.586207 31
19693 64 112 176 -0.272727 34
19694 67 74 141 -0.0496454 35
19695 24 116 140 -0.657143 31
19696 47 123 170 -0.447059 31
19697 19 153 172 -0.77907 28
19698 17 128 145 -0.765517 27
19699 130 47 177 0.468927 27
19700 103 34 137 0.50365 34
19701 131 56 187 0.40107 29
19702 116 38 154 0.506494 26
19703 201 27 228 0.763158 31
19704 26 3 29 0.793103 15
19705 25 154 179 -0.72067 30
19706 9 157 166 -0.891566 26
19707 65 90 155 -0.16129 30
19708 172 14 186 0.849462 28
19709 126 56 182 0.384615 35
19710 22 171 193 -0.772021 23
19711 109 71 180 0.211111 34
19712 106 56 162 0.308642 31
19713 156 15 171 0.824561 28
19714 115 25 140 0.642857 26
19715 11 106 117 -0.811966 24
19716 163 17 180 0.811111 28
19717 78 97 175 -0.108571 27
19718 128 54 182 0.406593 34
19719 120 31 151 0.589404 28
19720 156 19 175 0.782857 27
19721 62 83 145 -0.144828 36
19722 58 117 175 -0.337143 35
19723 85 35 120 0.416667 30
19724 169 21 190 0.778947 29
19725 52 93 145 -0.282759 33
19726 61 81 142 -0.140845 32
19727 7 191 198 -0.929293 20
19728 22 181 203 -0.783251 30
19729 120 43 163 0.472393 33
19730 98 59 157 0.248408 28
19731 99 40 139 0.42446 30
19732 60 121 181 -0.337017 30
19733 56 131 187 -0.40107 30
19734 79 106 185 -0.145946 27
19735 109 55 164 0.329268 35
19736 10 215 225 -0.911111 24
19737 73 108 181 -0.19337 32
19738 19 164 183 -0.79235 29
19739 126 68 194 0.298969 33
19740 129 78 207 0.246377 35
19741 44 139 183 -0.519126 28
19742 166 12 178 0.865169 29
19743 108 59 167 0.293413 36
19744 44 57 101 -0.128713 24
19745 219 15 234 0.871795 25
19746 24 147 171 -0.719298 29
19747 62 80 142 -0.126761 25
19748 95 78 173 0.0982659 29
19749 60 86 146 -0.178082 33
19750 137 30 167 0.640719 32
19751 97 88 185 0.0486486 27
19752 35 124 159 -0.559748 25
19753 56 121 177 -0.367232 21
19754 146 19 165 0.769697 31
19755 45 106 151 -0.403974 24
19756 31 154 185 -0.664865 26
19757 28 136 164 -0.658537 24
19758 74 82 156 -0.0512821 30
19759 142 27 169 0.680473 31
19760 191 14 205 0.863415 27
19761 51 96 147 -0.306122 31
19762 133 42 175 0.52 29
19763 175 11 186 0.88172 26
19764 117 51 168 0.392857 35
19765 139 47 186 0.494624 32
19766 22 189 211 -0.791469 31
19767 11 237 248 -0.91129 17
19768 181 32 213 0.699531 27
19769 114 35 149 0.530201 32
19770 79 55 134 0.179104 29
19771 80 73 153 0.0457516 37
19772 14 120 134 -0.791045 26
19773 32 135 167 -0.616766 29
19774 89 83 172 0.0348837 33
19775 5 149 154 -0.935065 19
19776 155 27 182 0.703297 27
19777 15 253 268 -0.88806 22
19778 7 200 207 -0.932367 24
19779 56 65 121 -0.0743802 32
19780 92 68 160 0.15 32
19781 35 125 160 -0.5625 33
19782 88 89 177 -0.00564972 28
19783 139 58 197 0.411168 33
19784 30 183 213 -0.71831 29
19785 26 157 183 -0.715847 28
19786 37 143 180 -0.588889 31
19787 59 106 165 -0.284848 32
19788 25 113 138 -0.637681 29
19789 138 39 177 0.559322 32
19790 9 126 135 -0.866667 20
19791 8 156 164 -0.902439 26
19792 114 44 158 0.443038 34
19793 101 62 163 0.239264 32
19794 89 64 153 0.163399 27
19795 22 127 149 -0.704698 31
19796 27 158 185 -0.708108 30
19797 43 106 149 -0.422819 33
19798 100 55 155 0.290323 35
19799 34 162 196 -0.653061 28
19800 119 35 154 0.545455 27
19801 128 35 163 0.570552 34
19802 187 41 228 0.640351 32
19803 40 127 167 -0.520958 32
19804 113 43 156 0.448718 32
19805 45 115 160 -0.4375 27
19806 109 42 151 0.443709 36
19807 129 38 167 0.54491 31
19808 109 80 189 0.153439 34
19809 95 55 150 0.266667 28
19810 88 83 171 0.0292398 32
19811 98 52 150 0.306667 32
19812 62 120 182 -0.318681 36
19813 189 4 193 0.958549 21
19814 43 102 145 -0.406897 32
19815 40 125 165 -0.515152 33
19816 32 148 180 -0.644444 32
19817 107 39 146 0.465753 32
19818 151 41 192 0.572917 36
19819 72 75 147 -0.0204082 27
19820 23 198 221 -0.791855 30
19821 162 30 192 0.6875 34
19822 101 71 172 0.174419 33
19823 108 36 144 0.5 30
19824 108 43 151 0.430464 31
19825 163 11 174 0.873563 27
19826 100 53 153 0.30719 26
19827 19 212 231 -0.835498 28
19828 12 123 135 -0.822222 24
19829 138 32 170 0.623529 28
19830 15 202 217 -0.861751 28
19831 59 138 197 -0.401015 34
19832 42 102 144 -0.416667 34
19833 169 39 208 0.625 32
19834 80 62 142 0.126761 35
19835 76 101 177 -0.141243 30
19836 10 214 224 -0.910714 26
19837 71 126 197 -0.279188 35
19838 91 61 152 0.197368 34
19839 117 52 169 0.384615 31
19840 166 9 175 0.897143 28
19841 86 35 121 0.421488 31
19842 47 94 141 -0.333333 31
19843 30 139 169 -0.64497 25
19844 22 116 138 -0.681159 28
19845 131 59 190 0.378947 37
19846 74 105 179 -0.173184 29
19847 12 166 178 -0.865169 26
19848 28 139 167 -0.664671 34
19849 202 38 240 0.683333 35
19850 42 130 172 -0.511628 30
19851 83 26 109 0.522936 28
19852 142 34 176 0.613636 30
19853 133 31 164 0.621951 31
19854 35 129 164 -0.573171 32
19855 140 16 156 0.794872 28
19856 36 168 204 -0.647059 35
19857 166 13 179 0.854749 25
19858 32 149 181 -0.646409 24
19859 114 40 154 0.480519 32
19860 126 39 165 0.527273 28
19861 44 103 147 -0.401361 33
19862 6 179 185 -0.935135 24
19863 78 79 157 -0.00636943 35
19864 54 79 133 -0.18797 34
19865 0 38 38 -1 14
19866 50 124 174 -0.425287 33
19867 68 84 152 -0.105263 28
19868 50 113 163 -0.386503 34
19869 17 170 187 -0.818182 31
19870 111 46 157 0.414013 33
19871 33 113 146 -0.547945 32
19872 88 77 165 0.0666667 34
19873 68 92 160 -0.15 25
19874 72 92 164 -0.121951 35
19875 73 95 168 -0.130952 36
19876 190 3 193 0.968912 15
19877 174 19 193 0.803109 25
19878 37 151 188 -0.606383 27
19879 13 208 221 -0.882353 26
19880 98 49 147 0.333333 32
19881 102 34 136 0.5 26
19882 35 82 117 -0.401709 23
19883 110 54 164 0.341463 29
19884 98 73 171 0.146199 28
19885 129 45 174 0.482759 32
19886 109 73 182 0.197802 32
19887 87 49 136 0.279412 32
19888 157 13 170 0.847059 28
19889 103 53 156 0.320513 33
19890 74 76 150 -0.0133333 30
19891 71 99 170 -0.164706 35
19892 15 204 219 -0.863014 31
19893 134 27 161 0.664596 32
19894 80 62 142 0.126761 31
19895 70 90 160 -0.125 33
19896 16 245 261 -0.877395 20
19897 92 60 152 0.210526 31
19898 16 128 144 -0.777778 25
19899 136 27 163 0.668712 30
19900 103 47 150 0.373333 31
19901 70 64 134 0.0447761 32
19902 149 34 183 0.628415 31
19903 85 85 170 0 29
19904 181 21 202 0.792079 29
19905 142 54 196 0.44898 31
19906 26 198 224 -0.767857 26
19907 102 74 176 0.159091 34
19908 137 10 147 0.863946 24
19909 17 198 215 -0.84186 31
19910 97 78 175 0.108571 35
19911 90 95 185 -0.027027 32
19912 35 133 168 -0.583333 29
19913 63 71 134 -0.0597015 31
19914 172 23 195 0.764103 32
19915 95 67 162 0.17284 33
19916 9 115 124 -0.854839 22
19917 154 19 173 0.780347 26
19918 12 199 211 -0.886256 27
19919 17 234 251 -0.864542 29
19920 28 163 191 -0.706806 31
19921 54 88 142 -0.239437 33
19922 76 122 198 -0.232323 35
19923 146 53 199 0.467337 32
19924 67 81 148 -0.0945946 31
19925 101 73 174 0.16092 30
19926 136 20 156 0.74359 29
19927 132 58 190 0.389474 34
19928 128 50 178 0.438202 34
19929 71 101 172 -0.174419 33
19930 3 171 174 -0.965517 22
19931 187 9 196 0.908163 22
19932 85 38 123 0.382114 26
19933 37 140 177 -0.581921 35
19934 131 28 159 0.647799 29
19935 114 62 176 0.295455 32
19936 149 9 158 0.886076 25
19937 1 235 236 -0.991525 19
19938 9 146 155 -0.883871 27
19939 42 175 217 -0.612903 33
19940 11 207 218 -0.899083 26
19941 69 87 156 -0.115385 28
19942 32 145 177 -0.638418 31
19943 53 103 156 -0.320513 31
19944 170 5 175 0.942857 24
19945 14 192 206 -0.864078 26
19946 141 59 200 0.41 26
19947 116 69 185 0.254054 32
19948 132 49 181 0.458564 31
19949 48 139 187 -0.486631 32
19950 17 114 131 -0.740458 28
19951 34 114 148 -0.540541 32
19952 78 84 162 -0.037037 26
19953 117 51 168 0.392857 32
19954 115 61 176 0.306818 25
19955 78 92 170 -0.0823529 32
19956 79 82 161 -0.0186335 30
19957 100 99 199 0.00502513 36
19958 54 54 108 0 29
19959 91 79 170 0.0705882 33
19960 58 130 188 -0.382979 32
19961 82 44 126 0.301587 35
19962 78 47 125 0.248 32
19963 86 75 161 0.068323 24
19964 110 55 165 0.333333 32
19965 18 118 136 -0.735294 28
19966 35 25 60 0.166667 19
19967 198 4 202 0.960396 22
19968 48 98 146 -0.342466 35
19969 15 233 248 -0.879032 24
19970 53 35 88 0.204545 29
19971 118 58 176 0.340909 32
19972 49 97 146 -0.328767 32
19973 172 27 199 0.728643 26
19974 15 198 213 -0.859155 27
19975 43 155 198 -0.565657 32
19976 73 86 159 -0.081761 30
19977 13 180 193 -0.865285 23
19978 123 26 149 0.651007 31
19979 35 112 147 -0.52381 28
19980 119 43 162 0.469136 34
19981 8 142 150 -0.893333 25
19982 90 75 165 0.0909091 32
19983 175 19 194 0.804124 26
19984 120 20 140 0.714286 29
19985 57 107 164 -0.304878 31
19986 85 64 149 0.14094 31
19987 175 11 186 0.88172 22
19988 62 134 196 -0.367347 33
19989 96 63 159 0.207547 32
19990 104 45 149 0.395973 29
19991 169 22 191 0.769634 35
19992 234 7 241 0.941909 18
19993 54 125 179 -0.396648 34
19994 23 115 138 -0.666667 32
19995 101 51 152 0.328947 34
19996 75 77 152 -0.0131579 29
19997 191 6 197 0.939086 23
19998 11 201 212 -0.896226 24
19999 7 231 238 -0.941176 19
