# event_id generated_optical_photons
0 478
1 553
2 379
3 525
4 503
5 307
6 467
7 535
8 371
9 585
10 574
11 520
12 486
13 559
14 498
15 448
16 540
17 404
18 504
19 452
20 581
21 404
22 479
23 632
24 459
25 529
26 424
27 511
28 250
29 518
30 529
31 382
32 575
33 504
34 382
35 427
36 474
37 547
38 566
39 477
40 472
41 521
42 458
43 536
44 450
45 357
46 460
47 510
48 512
49 570
50 559
51 424
52 525
53 456
54 583
55 502
56 476
57 493
58 599
59 555
60 560
61 495
62 592
63 368
64 521
65 435
66 622
67 607
68 536
69 472
70 388
71 504
72 553
73 612
74 446
75 515
76 408
77 529
78 515
79 498
80 561
81 428
82 491
83 526
84 536
85 522
86 498
87 529
88 490
89 616
90 576
91 604
92 362
93 497
94 535
95 541
96 547
97 567
98 426
99 86
100 433
101 575
102 508
103 366
104 505
105 659
106 550
107 558
108 455
109 523
110 507
111 544
112 525
113 405
114 316
115 569
116 591
117 527
118 267
119 485
120 323
121 513
122 352
123 596
124 539
125 494
126 406
127 566
128 507
129 538
130 431
131 592
132 237
133 616
134 330
135 417
136 428
137 447
138 506
139 553
140 515
141 553
142 585
143 416
144 581
145 509
146 294
147 521
148 514
149 566
150 427
151 502
152 414
153 564
154 489
155 486
156 463
157 470
158 483
159 341
160 568
161 482
162 542
163 561
164 491
165 289
166 410
167 596
168 480
169 545
170 485
171 550
172 313
173 501
174 449
175 491
176 461
177 551
178 514
179 524
180 313
181 442
182 527
183 407
184 571
185 425
186 433
187 579
188 346
189 429
190 550
191 305
192 417
193 562
194 511
195 596
196 388
197 515
198 483
199 282
200 622
201 298
202 370
203 531
204 478
205 366
206 468
207 337
208 370
209 619
210 462
211 540
212 446
213 346
214 374
215 499
216 512
217 444
218 544
219 520
220 498
221 508
222 562
223 611
224 507
225 546
226 610
227 417
228 515
229 520
230 636
231 379
232 497
233 533
234 507
235 547
236 384
237 328
238 564
239 400
240 529
241 584
242 512
243 610
244 519
245 462
246 514
247 462
248 163
249 517
250 585
251 510
252 496
253 552
254 328
255 501
256 574
257 428
258 518
259 234
260 607
261 469
262 453
263 540
264 489
265 472
266 581
267 526
268 558
269 494
270 518
271 545
272 541
273 624
274 474
275 429
276 489
277 476
278 345
279 545
280 482
281 321
282 554
283 474
284 513
285 374
286 449
287 371
288 537
289 421
290 519
291 469
292 438
293 520
294 444
295 518
296 512
297 560
298 490
299 455
300 450
301 550
302 456
303 537
304 587
305 525
306 553
307 538
308 470
309 343
310 532
311 490
312 556
313 490
314 585
315 550
316 454
317 550
318 593
319 391
320 491
321 520
322 381
323 454
324 383
325 343
326 490
327 450
328 601
329 530
330 592
331 434
332 530
333 545
334 523
335 461
336 541
337 531
338 611
339 433
340 644
341 381
342 444
343 559
344 487
345 443
346 570
347 493
348 569
349 502
350 449
351 474
352 587
353 388
354 472
355 445
356 623
357 489
358 519
359 515
360 535
361 481
362 441
363 506
364 471
365 424
366 646
367 630
368 466
369 519
370 500
371 531
372 558
373 539
374 552
375 481
376 581
377 389
378 526
379 575
380 538
381 502
382 523
383 434
384 588
385 334
386 531
387 384
388 499
389 505
390 383
391 610
392 533
393 486
394 448
395 475
396 411
397 397
398 474
399 615
400 528
401 429
402 480
403 554
404 474
405 515
406 397
407 466
408 625
409 550
410 501
411 447
412 469
413 570
414 510
415 487
416 524
417 508
418 294
419 480
420 477
421 424
422 611
423 589
424 455
425 576
426 477
427 459
428 575
429 514
430 495
431 548
432 75
433 532
434 561
435 616
436 389
437 606
438 522
439 497
440 518
441 482
442 565
443 591
444 565
445 549
446 588
447 448
448 576
449 550
450 376
451 345
452 547
453 499
454 479
455 490
456 617
457 561
458 504
459 379
460 500
461 566
462 490
463 492
464 425
465 520
466 392
467 494
468 540
469 335
470 512
471 535
472 448
473 470
474 668
475 540
476 390
477 527
478 476
479 561
480 200
481 524
482 484
483 536
484 457
485 456
486 397
487 383
488 590
489 549
490 550
491 427
492 462
493 553
494 368
495 174
496 434
497 583
498 440
499 504
500 515
501 463
502 518
503 529
504 535
505 603
506 512
507 584
508 502
509 478
510 480
511 517
512 458
513 557
514 363
515 317
516 532
517 567
518 470
519 258
520 330
521 628
522 477
523 542
524 405
525 639
526 570
527 548
528 453
529 480
530 381
531 460
532 506
533 561
534 404
535 612
536 533
537 537
538 529
539 383
540 537
541 446
542 576
543 608
544 490
545 549
546 520
547 454
548 554
549 517
550 106
551 491
552 499
553 558
554 474
555 316
556 388
557 425
558 370
559 465
560 525
561 487
562 551
563 499
564 452
565 486
566 604
567 559
568 545
569 498
570 497
571 515
572 461
573 548
574 401
575 107
576 547
577 518
578 532
579 555
580 610
581 552
582 589
583 515
584 390
585 520
586 571
587 357
588 419
589 449
590 404
591 506
592 506
593 440
594 408
595 426
596 397
597 506
598 547
599 539
600 501
601 495
602 489
603 530
604 472
605 531
606 515
607 529
608 451
609 431
610 544
611 405
612 365
613 527
614 387
615 623
616 494
617 585
618 506
619 518
620 454
621 570
622 465
623 517
624 485
625 587
626 544
627 556
628 279
629 475
630 479
631 516
632 460
633 570
634 579
635 432
636 533
637 528
638 469
639 412
640 258
641 577
642 428
643 566
644 358
645 597
646 481
647 434
648 576
649 477
650 585
651 371
652 583
653 500
654 469
655 431
656 554
657 482
658 461
659 502
660 512
661 441
662 405
663 299
664 562
665 498
666 582
667 466
668 519
669 600
670 548
671 530
672 457
673 520
674 531
675 500
676 531
677 544
678 501
679 507
680 598
681 473
682 543
683 563
684 453
685 564
686 582
687 443
688 598
689 506
690 557
691 549
692 534
693 535
694 473
695 580
696 508
697 318
698 559
699 462
700 578
701 458
702 308
703 544
704 320
705 482
706 474
707 337
708 605
709 516
710 447
711 501
712 442
713 340
714 563
715 451
716 584
717 495
718 498
719 523
720 502
721 518
722 573
723 523
724 492
725 345
726 398
727 461
728 380
729 333
730 376
731 546
732 540
733 474
734 588
735 374
736 558
737 539
738 364
739 560
740 485
741 543
742 545
743 517
744 474
745 453
746 541
747 541
748 585
749 386
750 631
751 484
752 492
753 474
754 500
755 445
756 584
757 415
758 347
759 530
760 364
761 550
762 366
763 390
764 383
765 407
766 496
767 506
768 386
769 478
770 487
771 587
772 519
773 548
774 596
775 501
776 629
777 545
778 432
779 356
780 579
781 551
782 566
783 563
784 333
785 519
786 583
787 551
788 515
789 545
790 435
791 510
792 411
793 533
794 479
795 550
796 528
797 463
798 312
799 576
800 435
801 508
802 600
803 574
804 497
805 435
806 444
807 301
808 410
809 427
810 592
811 528
812 479
813 554
814 553
815 541
816 298
817 396
818 587
819 574
820 429
821 365
822 542
823 478
824 542
825 372
826 547
827 509
828 327
829 477
830 551
831 506
832 479
833 595
834 487
835 439
836 570
837 536
838 564
839 377
840 600
841 516
842 591
843 540
844 507
845 559
846 493
847 404
848 505
849 590
850 505
851 365
852 491
853 546
854 341
855 640
856 557
857 511
858 468
859 466
860 638
861 424
862 495
863 525
864 546
865 556
866 560
867 537
868 545
869 502
870 467
871 484
872 549
873 605
874 450
875 566
876 419
877 529
878 460
879 241
880 532
881 549
882 352
883 553
884 471
885 451
886 329
887 440
888 401
889 514
890 483
891 587
892 518
893 502
894 424
895 583
896 509
897 363
898 567
899 481
900 486
901 511
902 370
903 476
904 545
905 533
906 372
907 489
908 521
909 569
910 543
911 389
912 377
913 545
914 491
915 499
916 443
917 587
918 494
919 419
920 439
921 511
922 531
923 477
924 334
925 444
926 473
927 378
928 534
929 534
930 601
931 467
932 431
933 566
934 438
935 523
936 655
937 494
938 444
939 475
940 587
941 461
942 440
943 445
944 495
945 573
946 251
947 542
948 530
949 479
950 492
951 422
952 494
953 501
954 492
955 325
956 407
957 521
958 582
959 485
960 411
961 411
962 511
963 476
964 577
965 256
966 516
967 539
968 586
969 468
970 531
971 568
972 537
973 496
974 488
975 556
976 448
977 540
978 565
979 488
980 487
981 395
982 462
983 538
984 424
985 421
986 383
987 585
988 542
989 285
990 348
991 603
992 481
993 495
994 445
995 486
996 535
997 578
998 523
999 568
1000 506
1001 567
1002 507
1003 524
1004 507
1005 563
1006 390
1007 619
1008 567
1009 526
1010 619
1011 542
1012 543
1013 447
1014 383
1015 482
1016 453
1017 514
1018 480
1019 549
1020 520
1021 323
1022 542
1023 440
1024 511
1025 495
1026 418
1027 470
1028 392
1029 606
1030 600
1031 596
1032 434
1033 457
1034 621
1035 310
1036 584
1037 581
1038 501
1039 557
1040 404
1041 456
1042 494
1043 545
1044 404
1045 500
1046 532
1047 518
1048 331
1049 171
1050 525
1051 401
1052 503
1053 481
1054 588
1055 488
1056 575
1057 545
1058 505
1059 470
1060 453
1061 532
1062 400
1063 565
1064 474
1065 581
1066 538
1067 513
1068 581
1069 519
1070 519
1071 591
1072 573
1073 586
1074 347
1075 523
1076 493
1077 574
1078 375
1079 361
1080 419
1081 510
1082 506
1083 366
1084 514
1085 495
1086 414
1087 523
1088 500
1089 553
1090 423
1091 529
1092 542
1093 523
1094 325
1095 468
1096 558
1097 561
1098 483
1099 547
1100 507
1101 414
1102 362
1103 540
1104 605
1105 377
1106 588
1107 453
1108 514
1109 510
1110 598
1111 492
1112 433
1113 537
1114 520
1115 555
1116 571
1117 420
1118 342
1119 609
1120 485
1121 540
1122 399
1123 336
1124 565
1125 626
1126 554
1127 518
1128 542
1129 491
1130 445
1131 500
1132 415
1133 452
1134 542
1135 524
1136 465
1137 435
1138 501
1139 551
1140 408
1141 389
1142 559
1143 502
1144 427
1145 416
1146 538
1147 290
1148 604
1149 360
1150 443
1151 486
1152 593
1153 459
1154 443
1155 539
1156 331
1157 539
1158 494
1159 542
1160 469
1161 473
1162 457
1163 414
1164 295
1165 459
1166 505
1167 495
1168 481
1169 549
1170 532
1171 530
1172 479
1173 525
1174 522
1175 457
1176 548
1177 591
1178 524
1179 493
1180 519
1181 489
1182 387
1183 447
1184 553
1185 512
1186 523
1187 432
1188 258
1189 627
1190 559
1191 564
1192 508
1193 502
1194 501
1195 493
1196 511
1197 520
1198 377
1199 467
1200 494
1201 502
1202 453
1203 545
1204 484
1205 525
1206 473
1207 410
1208 545
1209 426
1210 584
1211 434
1212 584
1213 506
1214 524
1215 524
1216 573
1217 416
1218 528
1219 516
1220 534
1221 374
1222 481
1223 442
1224 416
1225 582
1226 411
1227 591
1228 564
1229 513
1230 548
1231 516
1232 533
1233 438
1234 561
1235 431
1236 663
1237 510
1238 522
1239 241
1240 541
1241 482
1242 498
1243 461
1244 555
1245 507
1246 482
1247 482
1248 437
1249 444
1250 586
1251 431
1252 568
1253 440
1254 518
1255 519
1256 529
1257 543
1258 416
1259 329
1260 589
1261 521
1262 546
1263 457
1264 408
1265 537
1266 557
1267 490
1268 569
1269 536
1270 610
1271 568
1272 386
1273 609
1274 512
1275 511
1276 536
1277 451
1278 336
1279 477
1280 336
1281 473
1282 523
1283 546
1284 466
1285 484
1286 558
1287 537
1288 469
1289 505
1290 566
1291 504
1292 458
1293 538
1294 525
1295 464
1296 524
1297 538
1298 557
1299 565
1300 606
1301 578
1302 509
1303 523
1304 464
1305 314
1306 472
1307 504
1308 524
1309 617
1310 305
1311 554
1312 410
1313 576
1314 552
1315 546
1316 403
1317 411
1318 489
1319 294
1320 534
1321 508
1322 493
1323 434
1324 410
1325 447
1326 422
1327 581
1328 409
1329 557
1330 392
1331 520
1332 456
1333 609
1334 574
1335 345
1336 555
1337 553
1338 465
1339 402
1340 341
1341 480
1342 611
1343 453
1344 260
1345 553
1346 550
1347 411
1348 332
1349 557
1350 439
1351 626
1352 587
1353 491
1354 545
1355 565
1356 506
1357 441
1358 472
1359 485
1360 554
1361 516
1362 503
1363 489
1364 290
1365 468
1366 501
1367 555
1368 546
1369 572
1370 406
1371 519
1372 402
1373 513
1374 386
1375 497
1376 523
1377 506
1378 557
1379 311
1380 454
1381 405
1382 461
1383 525
1384 564
1385 601
1386 579
1387 438
1388 347
1389 513
1390 462
1391 546
1392 388
1393 534
1394 487
1395 509
1396 496
1397 428
1398 604
1399 455
1400 551
1401 482
1402 450
1403 578
1404 513
1405 497
1406 545
1407 487
1408 589
1409 524
1410 490
1411 482
1412 398
1413 538
1414 498
1415 547
1416 465
1417 506
1418 453
1419 550
1420 489
1421 504
1422 542
1423 505
1424 493
1425 501
1426 357
1427 598
1428 550
1429 479
1430 378
1431 445
1432 573
1433 463
1434 551
1435 458
1436 449
1437 360
1438 520
1439 615
1440 391
1441 534
1442 591
1443 411
1444 586
1445 387
1446 518
1447 514
1448 457
1449 507
1450 505
1451 524
1452 568
1453 599
1454 557
1455 422
1456 587
1457 468
1458 425
1459 531
1460 405
1461 551
1462 531
1463 628
1464 421
1465 572
1466 493
1467 528
1468 479
1469 346
1470 445
1471 483
1472 271
1473 536
1474 378
1475 369
1476 470
1477 522
1478 600
1479 410
1480 462
1481 423
1482 559
1483 554
1484 443
1485 520
1486 355
1487 539
1488 537
1489 560
1490 593
1491 384
1492 449
1493 475
1494 519
1495 547
1496 526
1497 555
1498 548
1499 411
1500 499
1501 419
1502 500
1503 326
1504 537
1505 539
1506 505
1507 487
1508 469
1509 520
1510 517
1511 511
1512 602
1513 570
1514 361
1515 425
1516 499
1517 537
1518 480
1519 528
1520 499
1521 545
1522 506
1523 523
1524 558
1525 466
1526 497
1527 510
1528 515
1529 557
1530 412
1531 472
1532 461
1533 502
1534 545
1535 517
1536 561
1537 467
1538 552
1539 387
1540 482
1541 484
1542 285
1543 585
1544 499
1545 537
1546 382
1547 492
1548 447
1549 298
1550 440
1551 460
1552 546
1553 466
1554 547
1555 507
1556 495
1557 557
1558 522
1559 406
1560 553
1561 496
1562 366
1563 495
1564 429
1565 490
1566 376
1567 337
1568 512
1569 559
1570 603
1571 610
1572 531
1573 533
1574 550
1575 624
1576 562
1577 365
1578 565
1579 467
1580 485
1581 405
1582 383
1583 500
1584 544
1585 554
1586 571
1587 496
1588 465
1589 419
1590 501
1591 445
1592 550
1593 597
1594 535
1595 458
1596 512
1597 448
1598 386
1599 404
1600 580
1601 444
1602 561
1603 511
1604 342
1605 477
1606 547
1607 470
1608 536
1609 532
1610 461
1611 367
1612 575
1613 601
1614 470
1615 436
1616 571
1617 580
1618 507
1619 424
1620 539
1621 546
1622 469
1623 337
1624 495
1625 538
1626 622
1627 528
1628 410
1629 435
1630 504
1631 492
1632 571
1633 491
1634 529
1635 397
1636 523
1637 516
1638 476
1639 552
1640 398
1641 514
1642 555
1643 466
1644 528
1645 485
1646 554
1647 533
1648 549
1649 488
1650 511
1651 530
1652 522
1653 502
1654 342
1655 418
1656 494
1657 515
1658 546
1659 475
1660 468
1661 576
1662 534
1663 457
1664 481
1665 543
1666 473
1667 518
1668 505
1669 522
1670 483
1671 291
1672 555
1673 611
1674 514
1675 532
1676 556
1677 464
1678 509
1679 522
1680 479
1681 390
1682 572
1683 600
1684 333
1685 465
1686 579
1687 501
1688 541
1689 555
1690 603
1691 548
1692 470
1693 570
1694 453
1695 343
1696 372
1697 550
1698 492
1699 538
1700 440
1701 432
1702 537
1703 475
1704 332
1705 489
1706 513
1707 560
1708 513
1709 400
1710 381
1711 525
1712 536
1713 388
1714 522
1715 568
1716 511
1717 450
1718 572
1719 586
1720 505
1721 624
1722 495
1723 541
1724 549
1725 504
1726 515
1727 621
1728 468
1729 400
1730 416
1731 509
1732 615
1733 428
1734 333
1735 606
1736 557
1737 509
1738 393
1739 419
1740 571
1741 521
1742 457
1743 265
1744 490
1745 349
1746 556
1747 357
1748 359
1749 587
1750 506
1751 576
1752 605
1753 586
1754 423
1755 495
1756 381
1757 414
1758 387
1759 416
1760 337
1761 496
1762 560
1763 440
1764 534
1765 497
1766 506
1767 538
1768 487
1769 421
1770 537
1771 469
1772 315
1773 366
1774 399
1775 453
1776 584
1777 508
1778 509
1779 456
1780 443
1781 623
1782 549
1783 563
1784 449
1785 506
1786 556
1787 609
1788 460
1789 544
1790 440
1791 572
1792 475
1793 543
1794 476
1795 558
1796 484
1797 587
1798 542
1799 492
1800 467
1801 387
1802 425
1803 526
1804 423
1805 389
1806 580
1807 452
1808 494
1809 535
1810 395
1811 531
1812 399
1813 451
1814 499
1815 416
1816 561
1817 613
1818 601
1819 451
1820 485
1821 643
1822 530
1823 486
1824 563
1825 407
1826 569
1827 481
1828 536
1829 517
1830 553
1831 365
1832 500
1833 406
1834 543
1835 280
1836 541
1837 515
1838 404
1839 544
1840 347
1841 550
1842 396
1843 328
1844 610
1845 463
1846 522
1847 512
1848 592
1849 532
1850 163
1851 268
1852 509
1853 541
1854 379
1855 492
1856 536
1857 578
1858 515
1859 518
1860 424
1861 467
1862 395
1863 465
1864 462
1865 448
1866 476
1867 497
1868 519
1869 398
1870 531
1871 466
1872 450
1873 595
1874 577
1875 509
1876 516
1877 558
1878 490
1879 372
1880 529
1881 569
1882 506
1883 555
1884 543
1885 309
1886 548
1887 496
1888 505
1889 551
1890 438
1891 353
1892 508
1893 562
1894 426
1895 418
1896 465
1897 420
1898 351
1899 421
1900 495
1901 550
1902 471
1903 512
1904 638
1905 525
1906 510
1907 591
1908 529
1909 614
1910 576
1911 391
1912 545
1913 563
1914 521
1915 291
1916 531
1917 524
1918 517
1919 532
1920 588
1921 405
1922 533
1923 513
1924 542
1925 418
1926 453
1927 540
1928 431
1929 569
1930 375
1931 480
1932 511
1933 285
1934 503
1935 437
1936 490
1937 439
1938 534
1939 370
1940 523
1941 541
1942 554
1943 557
1944 457
1945 568
1946 519
1947 476
1948 572
1949 468
1950 403
1951 446
1952 585
1953 549
1954 595
1955 577
1956 409
1957 514
1958 449
1959 506
1960 570
1961 578
1962 449
1963 403
1964 486
1965 468
1966 494
1967 523
1968 420
1969 514
1970 470
1971 534
1972 448
1973 448
1974 505
1975 585
1976 486
1977 387
1978 507
1979 404
1980 491
1981 444
1982 547
1983 492
1984 405
1985 439
1986 445
1987 506
1988 386
1989 161
1990 494
1991 467
1992 578
1993 510
1994 569
1995 553
1996 388
1997 482
1998 507
1999 469
2000 552
2001 425
2002 512
2003 427
2004 527
2005 512
2006 545
2007 505
2008 525
2009 481
2010 381
2011 541
2012 436
2013 295
2014 538
2015 469
2016 538
2017 508
2018 433
2019 400
2020 521
2021 552
2022 421
2023 422
2024 394
2025 453
2026 175
2027 559
2028 584
2029 534
2030 557
2031 559
2032 462
2033 536
2034 417
2035 521
2036 435
2037 538
2038 451
2039 464
2040 432
2041 382
2042 464
2043 578
2044 519
2045 474
2046 211
2047 581
2048 623
2049 580
2050 395
2051 550
2052 299
2053 307
2054 286
2055 542
2056 494
2057 483
2058 483
2059 590
2060 519
2061 515
2062 558
2063 539
2064 412
2065 512
2066 517
2067 568
2068 541
2069 492
2070 469
2071 560
2072 560
2073 516
2074 496
2075 512
2076 471
2077 534
2078 542
2079 519
2080 541
2081 537
2082 579
2083 445
2084 451
2085 496
2086 573
2087 401
2088 581
2089 560
2090 560
2091 564
2092 440
2093 590
2094 559
2095 620
2096 592
2097 472
2098 492
2099 494
2100 548
2101 520
2102 466
2103 540
2104 532
2105 342
2106 449
2107 369
2108 446
2109 555
2110 525
2111 537
2112 587
2113 385
2114 537
2115 562
2116 579
2117 452
2118 424
2119 540
2120 550
2121 585
2122 559
2123 412
2124 539
2125 462
2126 300
2127 482
2128 442
2129 447
2130 471
2131 495
2132 512
2133 503
2134 564
2135 396
2136 491
2137 569
2138 539
2139 514
2140 412
2141 563
2142 565
2143 413
2144 460
2145 523
2146 505
2147 520
2148 522
2149 489
2150 503
2151 527
2152 585
2153 571
2154 540
2155 553
2156 611
2157 449
2158 527
2159 421
2160 545
2161 420
2162 514
2163 540
2164 474
2165 574
2166 503
2167 531
2168 399
2169 555
2170 306
2171 551
2172 582
2173 417
2174 468
2175 430
2176 600
2177 471
2178 530
2179 573
2180 523
2181 525
2182 535
2183 545
2184 445
2185 594
2186 532
2187 486
2188 435
2189 543
2190 556
2191 500
2192 486
2193 439
2194 469
2195 554
2196 483
2197 405
2198 514
2199 473
2200 496
2201 421
2202 555
2203 390
2204 524
2205 487
2206 328
2207 496
2208 427
2209 548
2210 436
2211 514
2212 537
2213 517
2214 406
2215 471
2216 554
2217 545
2218 573
2219 627
2220 490
2221 431
2222 392
2223 485
2224 497
2225 547
2226 566
2227 532
2228 562
2229 340
2230 460
2231 466
2232 594
2233 563
2234 340
2235 526
2236 497
2237 472
2238 538
2239 532
2240 618
2241 379
2242 560
2243 451
2244 629
2245 520
2246 585
2247 450
2248 546
2249 524
2250 519
2251 545
2252 541
2253 457
2254 457
2255 464
2256 492
2257 488
2258 607
2259 547
2260 428
2261 550
2262 498
2263 113
2264 433
2265 520
2266 531
2267 409
2268 521
2269 548
2270 562
2271 540
2272 560
2273 538
2274 509
2275 406
2276 497
2277 484
2278 568
2279 539
2280 437
2281 516
2282 542
2283 458
2284 529
2285 214
2286 392
2287 553
2288 498
2289 537
2290 401
2291 568
2292 231
2293 441
2294 489
2295 577
2296 551
2297 356
2298 553
2299 527
2300 425
2301 612
2302 548
2303 500
2304 514
2305 491
2306 540
2307 516
2308 481
2309 465
2310 489
2311 364
2312 467
2313 532
2314 373
2315 500
2316 328
2317 459
2318 545
2319 570
2320 511
2321 578
2322 476
2323 565
2324 580
2325 494
2326 582
2327 506
2328 404
2329 491
2330 591
2331 425
2332 510
2333 513
2334 453
2335 460
2336 539
2337 370
2338 561
2339 461
2340 390
2341 518
2342 390
2343 631
2344 433
2345 584
2346 480
2347 454
2348 411
2349 543
2350 540
2351 479
2352 392
2353 502
2354 329
2355 514
2356 447
2357 577
2358 474
2359 420
2360 350
2361 552
2362 562
2363 525
2364 523
2365 504
2366 514
2367 364
2368 544
2369 485
2370 555
2371 435
2372 483
2373 636
2374 485
2375 349
2376 458
2377 504
2378 397
2379 467
2380 540
2381 503
2382 627
2383 593
2384 496
2385 497
2386 480
2387 614
2388 450
2389 526
2390 473
2391 553
2392 536
2393 376
2394 571
2395 480
2396 456
2397 482
2398 630
2399 541
2400 400
2401 452
2402 524
2403 569
2404 594
2405 459
2406 514
2407 501
2408 559
2409 482
2410 355
2411 506
2412 508
2413 507
2414 538
2415 531
2416 456
2417 580
2418 472
2419 607
2420 521
2421 539
2422 501
2423 538
2424 382
2425 356
2426 473
2427 248
2428 595
2429 299
2430 512
2431 454
2432 477
2433 492
2434 486
2435 532
2436 664
2437 563
2438 336
2439 508
2440 608
2441 409
2442 492
2443 468
2444 410
2445 561
2446 424
2447 477
2448 480
2449 442
2450 371
2451 482
2452 555
2453 571
2454 508
2455 511
2456 508
2457 500
2458 464
2459 523
2460 333
2461 488
2462 481
2463 532
2464 514
2465 534
2466 370
2467 461
2468 482
2469 503
2470 511
2471 495
2472 490
2473 281
2474 558
2475 508
2476 436
2477 432
2478 410
2479 505
2480 473
2481 516
2482 557
2483 544
2484 580
2485 496
2486 566
2487 487
2488 493
2489 634
2490 494
2491 420
2492 568
2493 450
2494 587
2495 495
2496 335
2497 547
2498 489
2499 462
2500 513
2501 406
2502 476
2503 475
2504 583
2505 575
2506 499
2507 517
2508 400
2509 495
2510 354
2511 589
2512 477
2513 541
2514 439
2515 694
2516 616
2517 536
2518 524
2519 614
2520 519
2521 599
2522 474
2523 432
2524 486
2525 475
2526 631
2527 506
2528 467
2529 496
2530 383
2531 503
2532 481
2533 490
2534 475
2535 590
2536 471
2537 565
2538 483
2539 548
2540 575
2541 549
2542 472
2543 514
2544 588
2545 566
2546 441
2547 541
2548 477
2549 514
2550 486
2551 443
2552 519
2553 573
2554 491
2555 83
2556 562
2557 279
2558 470
2559 477
2560 369
2561 496
2562 400
2563 526
2564 457
2565 518
2566 572
2567 551
2568 528
2569 576
2570 389
2571 508
2572 606
2573 596
2574 424
2575 605
2576 447
2577 565
2578 454
2579 572
2580 351
2581 377
2582 423
2583 575
2584 587
2585 575
2586 549
2587 383
2588 526
2589 405
2590 505
2591 479
2592 525
2593 343
2594 367
2595 583
2596 507
2597 536
2598 453
2599 382
2600 489
2601 556
2602 491
2603 477
2604 496
2605 562
2606 491
2607 417
2608 478
2609 197
2610 531
2611 419
2612 495
2613 552
2614 479
2615 394
2616 175
2617 512
2618 578
2619 482
2620 537
2621 652
2622 515
2623 398
2624 553
2625 559
2626 543
2627 549
2628 508
2629 425
2630 474
2631 447
2632 431
2633 531
2634 497
2635 541
2636 591
2637 487
2638 513
2639 522
2640 427
2641 525
2642 537
2643 421
2644 554
2645 404
2646 529
2647 473
2648 538
2649 594
2650 524
2651 504
2652 273
2653 577
2654 603
2655 482
2656 507
2657 545
2658 408
2659 493
2660 336
2661 102
2662 423
2663 613
2664 444
2665 478
2666 547
2667 494
2668 501
2669 494
2670 488
2671 517
2672 560
2673 578
2674 354
2675 283
2676 437
2677 172
2678 343
2679 423
2680 403
2681 468
2682 568
2683 330
2684 537
2685 563
2686 472
2687 400
2688 324
2689 490
2690 595
2691 590
2692 496
2693 438
2694 320
2695 542
2696 585
2697 508
2698 461
2699 484
2700 495
2701 521
2702 487
2703 482
2704 539
2705 513
2706 473
2707 404
2708 408
2709 306
2710 540
2711 538
2712 494
2713 441
2714 217
2715 555
2716 545
2717 396
2718 478
2719 550
2720 555
2721 597
2722 402
2723 481
2724 620
2725 476
2726 549
2727 532
2728 446
2729 498
2730 559
2731 545
2732 550
2733 520
2734 527
2735 386
2736 496
2737 533
2738 553
2739 450
2740 544
2741 505
2742 470
2743 570
2744 403
2745 525
2746 438
2747 571
2748 455
2749 586
2750 344
2751 472
2752 528
2753 541
2754 461
2755 463
2756 485
2757 605
2758 446
2759 510
2760 433
2761 354
2762 658
2763 572
2764 477
2765 489
2766 437
2767 533
2768 445
2769 548
2770 475
2771 458
2772 538
2773 510
2774 515
2775 490
2776 574
2777 566
2778 418
2779 379
2780 468
2781 620
2782 509
2783 505
2784 452
2785 377
2786 556
2787 537
2788 581
2789 469
2790 504
2791 579
2792 429
2793 405
2794 606
2795 536
2796 571
2797 582
2798 451
2799 596
2800 465
2801 504
2802 398
2803 505
2804 564
2805 439
2806 493
2807 605
2808 420
2809 527
2810 570
2811 468
2812 525
2813 523
2814 464
2815 200
2816 520
2817 501
2818 544
2819 387
2820 516
2821 427
2822 458
2823 525
2824 549
2825 554
2826 521
2827 444
2828 486
2829 508
2830 557
2831 467
2832 530
2833 686
2834 515
2835 424
2836 511
2837 535
2838 396
2839 444
2840 518
2841 343
2842 487
2843 549
2844 534
2845 618
2846 518
2847 591
2848 528
2849 533
2850 535
2851 389
2852 544
2853 566
2854 449
2855 525
2856 549
2857 418
2858 517
2859 314
2860 478
2861 485
2862 598
2863 414
2864 514
2865 485
2866 568
2867 547
2868 466
2869 580
2870 510
2871 593
2872 563
2873 530
2874 458
2875 325
2876 643
2877 501
2878 488
2879 219
2880 362
2881 528
2882 375
2883 498
2884 439
2885 488
2886 543
2887 483
2888 453
2889 414
2890 555
2891 577
2892 595
2893 436
2894 537
2895 534
2896 431
2897 487
2898 415
2899 467
2900 382
2901 558
2902 371
2903 364
2904 578
2905 574
2906 581
2907 460
2908 502
2909 510
2910 532
2911 581
2912 592
2913 375
2914 523
2915 472
2916 286
2917 526
2918 381
2919 555
2920 489
2921 547
2922 549
2923 493
2924 473
2925 352
2926 463
2927 579
2928 574
2929 542
2930 504
2931 515
2932 531
2933 563
2934 438
2935 517
2936 497
2937 449
2938 470
2939 263
2940 500
2941 537
2942 431
2943 551
2944 550
2945 611
2946 570
2947 467
2948 369
2949 520
2950 560
2951 463
2952 490
2953 493
2954 589
2955 462
2956 458
2957 514
2958 382
2959 466
2960 523
2961 27
2962 457
2963 461
2964 356
2965 530
2966 174
2967 570
2968 499
2969 356
2970 595
2971 398
2972 496
2973 566
2974 485
2975 550
2976 496
2977 517
2978 556
2979 471
2980 374
2981 483
2982 524
2983 427
2984 556
2985 472
2986 320
2987 416
2988 487
2989 581
2990 493
2991 554
2992 576
2993 603
2994 495
2995 561
2996 272
2997 572
2998 584
2999 515
3000 392
3001 449
3002 420
3003 510
3004 616
3005 501
3006 504
3007 421
3008 259
3009 538
3010 514
3011 532
3012 409
3013 572
3014 585
3015 369
3016 575
3017 514
3018 509
3019 527
3020 444
3021 516
3022 477
3023 566
3024 465
3025 494
3026 504
3027 562
3028 371
3029 504
3030 579
3031 562
3032 410
3033 594
3034 494
3035 512
3036 436
3037 479
3038 468
3039 533
3040 454
3041 302
3042 262
3043 442
3044 543
3045 570
3046 492
3047 446
3048 485
3049 419
3050 468
3051 605
3052 539
3053 535
3054 529
3055 613
3056 560
3057 469
3058 522
3059 370
3060 424
3061 406
3062 313
3063 475
3064 514
3065 531
3066 573
3067 404
3068 532
3069 396
3070 572
3071 459
3072 582
3073 487
3074 400
3075 520
3076 517
3077 364
3078 474
3079 544
3080 523
3081 471
3082 654
3083 473
3084 461
3085 466
3086 471
3087 552
3088 529
3089 554
3090 531
3091 588
3092 498
3093 450
3094 519
3095 233
3096 573
3097 564
3098 339
3099 515
3100 522
3101 462
3102 455
3103 620
3104 528
3105 422
3106 492
3107 373
3108 515
3109 547
3110 497
3111 551
3112 565
3113 273
3114 422
3115 534
3116 536
3117 431
3118 438
3119 433
3120 566
3121 438
3122 497
3123 475
3124 480
3125 509
3126 549
3127 518
3128 610
3129 561
3130 520
3131 550
3132 259
3133 499
3134 478
3135 493
3136 279
3137 418
3138 476
3139 396
3140 547
3141 582
3142 445
3143 520
3144 596
3145 450
3146 568
3147 546
3148 607
3149 548
3150 413
3151 547
3152 279
3153 467
3154 485
3155 438
3156 576
3157 447
3158 494
3159 518
3160 71
3161 552
3162 453
3163 606
3164 344
3165 502
3166 312
3167 454
3168 473
3169 582
3170 479
3171 524
3172 552
3173 409
3174 575
3175 506
3176 580
3177 589
3178 563
3179 615
3180 595
3181 314
3182 275
3183 524
3184 379
3185 459
3186 526
3187 511
3188 483
3189 430
3190 578
3191 333
3192 461
3193 500
3194 557
3195 545
3196 477
3197 503
3198 448
3199 340
3200 531
3201 400
3202 367
3203 547
3204 375
3205 557
3206 513
3207 541
3208 422
3209 407
3210 545
3211 380
3212 555
3213 522
3214 528
3215 485
3216 456
3217 484
3218 583
3219 619
3220 507
3221 369
3222 463
3223 545
3224 579
3225 574
3226 518
3227 489
3228 512
3229 572
3230 573
3231 565
3232 502
3233 547
3234 520
3235 455
3236 449
3237 443
3238 545
3239 554
3240 560
3241 484
3242 377
3243 587
3244 531
3245 560
3246 471
3247 441
3248 541
3249 512
3250 425
3251 448
3252 622
3253 230
3254 502
3255 585
3256 520
3257 553
3258 462
3259 458
3260 550
3261 537
3262 544
3263 558
3264 589
3265 538
3266 600
3267 622
3268 477
3269 496
3270 568
3271 424
3272 475
3273 495
3274 476
3275 390
3276 386
3277 423
3278 585
3279 356
3280 583
3281 461
3282 652
3283 610
3284 461
3285 488
3286 525
3287 356
3288 551
3289 529
3290 431
3291 559
3292 506
3293 442
3294 513
3295 527
3296 516
3297 630
3298 434
3299 437
3300 593
3301 470
3302 439
3303 548
3304 364
3305 587
3306 357
3307 556
3308 541
3309 454
3310 527
3311 272
3312 382
3313 549
3314 572
3315 532
3316 537
3317 457
3318 507
3319 545
3320 522
3321 405
3322 488
3323 571
3324 414
3325 615
3326 517
3327 565
3328 466
3329 540
3330 473
3331 363
3332 449
3333 481
3334 498
3335 401
3336 318
3337 499
3338 537
3339 591
3340 519
3341 320
3342 487
3343 583
3344 606
3345 509
3346 316
3347 562
3348 518
3349 448
3350 462
3351 469
3352 527
3353 526
3354 572
3355 504
3356 385
3357 468
3358 571
3359 568
3360 494
3361 581
3362 507
3363 546
3364 510
3365 356
3366 551
3367 352
3368 456
3369 468
3370 408
3371 402
3372 437
3373 574
3374 321
3375 600
3376 285
3377 575
3378 430
3379 548
3380 269
3381 535
3382 408
3383 384
3384 612
3385 430
3386 563
3387 427
3388 452
3389 466
3390 495
3391 382
3392 535
3393 556
3394 514
3395 597
3396 472
3397 434
3398 514
3399 641
3400 508
3401 537
3402 446
3403 509
3404 486
3405 437
3406 561
3407 575
3408 531
3409 498
3410 611
3411 471
3412 395
3413 350
3414 578
3415 384
3416 558
3417 534
3418 561
3419 589
3420 407
3421 509
3422 555
3423 288
3424 450
3425 498
3426 524
3427 516
3428 321
3429 524
3430 569
3431 565
3432 537
3433 467
3434 480
3435 485
3436 549
3437 521
3438 437
3439 610
3440 348
3441 544
3442 525
3443 463
3444 538
3445 576
3446 486
3447 542
3448 524
3449 473
3450 550
3451 478
3452 550
3453 528
3454 476
3455 601
3456 504
3457 521
3458 527
3459 580
3460 476
3461 271
3462 484
3463 546
3464 373
3465 606
3466 522
3467 501
3468 516
3469 505
3470 443
3471 452
3472 462
3473 501
3474 431
3475 544
3476 616
3477 518
3478 443
3479 510
3480 419
3481 477
3482 508
3483 466
3484 417
3485 423
3486 535
3487 510
3488 584
3489 532
3490 134
3491 293
3492 565
3493 421
3494 471
3495 519
3496 488
3497 583
3498 444
3499 427
3500 515
3501 548
3502 532
3503 546
3504 420
3505 599
3506 514
3507 535
3508 583
3509 526
3510 512
3511 537
3512 505
3513 525
3514 597
3515 506
3516 425
3517 420
3518 466
3519 537
3520 430
3521 425
3522 448
3523 534
3524 443
3525 356
3526 416
3527 568
3528 432
3529 588
3530 494
3531 262
3532 511
3533 494
3534 437
3535 571
3536 484
3537 488
3538 491
3539 426
3540 369
3541 354
3542 164
3543 415
3544 464
3545 462
3546 355
3547 493
3548 553
3549 458
3550 561
3551 420
3552 535
3553 535
3554 579
3555 459
3556 574
3557 498
3558 492
3559 488
3560 358
3561 466
3562 417
3563 586
3564 591
3565 352
3566 432
3567 553
3568 504
3569 472
3570 419
3571 483
3572 567
3573 529
3574 523
3575 549
3576 548
3577 510
3578 216
3579 553
3580 538
3581 303
3582 528
3583 521
3584 547
3585 492
3586 453
3587 559
3588 500
3589 354
3590 485
3591 564
3592 605
3593 523
3594 563
3595 460
3596 425
3597 498
3598 424
3599 328
3600 539
3601 577
3602 486
3603 536
3604 514
3605 452
3606 482
3607 442
3608 344
3609 577
3610 552
3611 422
3612 363
3613 602
3614 447
3615 437
3616 434
3617 513
3618 600
3619 583
3620 382
3621 481
3622 525
3623 466
3624 492
3625 506
3626 565
3627 554
3628 461
3629 569
3630 608
3631 516
3632 533
3633 515
3634 385
3635 564
3636 578
3637 521
3638 676
3639 590
3640 498
3641 454
3642 473
3643 512
3644 532
3645 521
3646 471
3647 541
3648 619
3649 398
3650 522
3651 486
3652 548
3653 504
3654 471
3655 547
3656 431
3657 537
3658 516
3659 525
3660 531
3661 566
3662 534
3663 551
3664 357
3665 498
3666 479
3667 314
3668 513
3669 561
3670 451
3671 502
3672 500
3673 584
3674 550
3675 496
3676 546
3677 326
3678 413
3679 320
3680 373
3681 544
3682 493
3683 301
3684 452
3685 535
3686 458
3687 455
3688 533
3689 473
3690 438
3691 477
3692 491
3693 499
3694 468
3695 412
3696 581
3697 569
3698 541
3699 381
3700 508
3701 348
3702 471
3703 525
3704 442
3705 457
3706 581
3707 533
3708 455
3709 495
3710 469
3711 551
3712 557
3713 538
3714 547
3715 492
3716 558
3717 287
3718 349
3719 408
3720 492
3721 436
3722 521
3723 561
3724 548
3725 464
3726 540
3727 565
3728 483
3729 465
3730 554
3731 508
3732 518
3733 497
3734 533
3735 595
3736 489
3737 457
3738 438
3739 479
3740 432
3741 605
3742 436
3743 552
3744 543
3745 569
3746 556
3747 498
3748 469
3749 475
3750 390
3751 447
3752 478
3753 527
3754 377
3755 606
3756 340
3757 445
3758 494
3759 462
3760 234
3761 335
3762 614
3763 556
3764 445
3765 546
3766 504
3767 582
3768 535
3769 457
3770 489
3771 360
3772 477
3773 406
3774 560
3775 572
3776 537
3777 406
3778 446
3779 436
3780 593
3781 529
3782 547
3783 297
3784 354
3785 532
3786 397
3787 372
3788 358
3789 487
3790 496
3791 588
3792 407
3793 402
3794 85
3795 541
3796 504
3797 539
3798 371
3799 496
3800 529
3801 486
3802 455
3803 181
3804 614
3805 536
3806 409
3807 526
3808 516
3809 508
3810 578
3811 538
3812 474
3813 263
3814 474
3815 528
3816 474
3817 585
3818 447
3819 463
3820 410
3821 457
3822 336
3823 513
3824 553
3825 580
3826 526
3827 570
3828 673
3829 513
3830 582
3831 348
3832 578
3833 550
3834 506
3835 462
3836 395
3837 451
3838 359
3839 355
3840 533
3841 568
3842 518
3843 351
3844 420
3845 337
3846 503
3847 505
3848 544
3849 507
3850 530
3851 491
3852 334
3853 524
3854 557
3855 596
3856 619
3857 586
3858 460
3859 546
3860 544
3861 423
3862 593
3863 495
3864 439
3865 392
3866 486
3867 491
3868 461
3869 434
3870 491
3871 423
3872 603
3873 525
3874 535
3875 393
3876 551
3877 484
3878 504
3879 470
3880 413
3881 492
3882 402
3883 355
3884 342
3885 550
3886 517
3887 521
3888 513
3889 527
3890 526
3891 521
3892 363
3893 475
3894 601
3895 537
3896 548
3897 560
3898 457
3899 562
3900 513
3901 505
3902 511
3903 559
3904 601
3905 449
3906 486
3907 345
3908 438
3909 511
3910 459
3911 546
3912 543
3913 357
3914 548
3915 539
3916 579
3917 569
3918 543
3919 599
3920 462
3921 608
3922 543
3923 359
3924 447
3925 524
3926 535
3927 532
3928 519
3929 484
3930 514
3931 448
3932 643
3933 591
3934 436
3935 487
3936 573
3937 493
3938 470
3939 560
3940 617
3941 421
3942 467
3943 540
3944 551
3945 505
3946 540
3947 372
3948 475
3949 435
3950 550
3951 575
3952 441
3953 563
3954 538
3955 562
3956 440
3957 381
3958 499
3959 466
3960 469
3961 548
3962 470
3963 525
3964 457
3965 501
3966 505
3967 459
3968 563
3969 407
3970 384
3971 599
3972 511
3973 419
3974 500
3975 586
3976 317
3977 512
3978 492
3979 489
3980 497
3981 507
3982 522
3983 569
3984 601
3985 527
3986 496
3987 579
3988 472
3989 542
3990 388
3991 499
3992 519
3993 549
3994 480
3995 364
3996 509
3997 503
3998 502
3999 413
4000 410
4001 532
4002 554
4003 490
4004 550
4005 450
4006 475
4007 454
4008 506
4009 528
4010 507
4011 444
4012 473
4013 434
4014 595
4015 354
4016 492
4017 497
4018 564
4019 476
4020 386
4021 526
4022 592
4023 281
4024 513
4025 572
4026 534
4027 512
4028 540
4029 487
4030 529
4031 432
4032 507
4033 471
4034 546
4035 605
4036 536
4037 412
4038 450
4039 506
4040 505
4041 504
4042 448
4043 511
4044 460
4045 564
4046 619
4047 406
4048 374
4049 492
4050 576
4051 516
4052 563
4053 510
4054 434
4055 477
4056 579
4057 513
4058 505
4059 425
4060 510
4061 516
4062 501
4063 464
4064 614
4065 552
4066 545
4067 515
4068 504
4069 419
4070 529
4071 508
4072 577
4073 537
4074 400
4075 487
4076 534
4077 580
4078 335
4079 372
4080 481
4081 479
4082 455
4083 506
4084 492
4085 454
4086 552
4087 502
4088 571
4089 538
4090 597
4091 589
4092 474
4093 447
4094 540
4095 562
4096 418
4097 402
4098 579
4099 596
4100 498
4101 382
4102 466
4103 574
4104 530
4105 580
4106 502
4107 559
4108 467
4109 373
4110 575
4111 538
4112 580
4113 614
4114 484
4115 555
4116 562
4117 365
4118 382
4119 473
4120 539
4121 476
4122 493
4123 434
4124 407
4125 562
4126 447
4127 436
4128 538
4129 594
4130 467
4131 432
4132 489
4133 485
4134 235
4135 528
4136 616
4137 474
4138 496
4139 494
4140 467
4141 556
4142 480
4143 433
4144 464
4145 355
4146 528
4147 454
4148 417
4149 567
4150 561
4151 598
4152 585
4153 558
4154 436
4155 532
4156 504
4157 580
4158 570
4159 566
4160 635
4161 471
4162 402
4163 320
4164 473
4165 546
4166 561
4167 342
4168 398
4169 591
4170 493
4171 506
4172 493
4173 540
4174 435
4175 362
4176 455
4177 509
4178 546
4179 367
4180 460
4181 405
4182 551
4183 490
4184 476
4185 544
4186 517
4187 453
4188 493
4189 473
4190 491
4191 508
4192 400
4193 518
4194 523
4195 454
4196 412
4197 306
4198 487
4199 579
4200 461
4201 580
4202 523
4203 313
4204 430
4205 429
4206 438
4207 322
4208 597
4209 428
4210 510
4211 398
4212 447
4213 555
4214 576
4215 453
4216 512
4217 476
4218 530
4219 510
4220 394
4221 500
4222 574
4223 374
4224 489
4225 389
4226 454
4227 548
4228 615
4229 613
4230 565
4231 632
4232 571
4233 561
4234 556
4235 505
4236 505
4237 524
4238 506
4239 553
4240 444
4241 357
4242 385
4243 360
4244 419
4245 430
4246 551
4247 366
4248 595
4249 487
4250 582
4251 518
4252 513
4253 547
4254 555
4255 502
4256 540
4257 599
4258 410
4259 513
4260 493
4261 557
4262 518
4263 471
4264 501
4265 474
4266 515
4267 525
4268 591
4269 524
4270 632
4271 570
4272 454
4273 555
4274 536
4275 531
4276 535
4277 338
4278 527
4279 540
4280 473
4281 469
4282 558
4283 420
4284 350
4285 512
4286 640
4287 402
4288 594
4289 578
4290 347
4291 548
4292 451
4293 550
4294 417
4295 520
4296 528
4297 465
4298 413
4299 524
4300 607
4301 512
4302 530
4303 504
4304 499
4305 497
4306 510
4307 576
4308 506
4309 583
4310 574
4311 553
4312 534
4313 458
4314 463
4315 503
4316 243
4317 413
4318 484
4319 362
4320 542
4321 473
4322 495
4323 512
4324 479
4325 475
4326 460
4327 583
4328 557
4329 456
4330 559
4331 514
4332 382
4333 516
4334 569
4335 508
4336 566
4337 579
4338 627
4339 603
4340 405
4341 393
4342 486
4343 411
4344 481
4345 281
4346 549
4347 590
4348 245
4349 457
4350 498
4351 410
4352 569
4353 440
4354 567
4355 378
4356 527
4357 478
4358 427
4359 340
4360 566
4361 591
4362 481
4363 537
4364 542
4365 567
4366 532
4367 549
4368 383
4369 571
4370 523
4371 521
4372 545
4373 565
4374 520
4375 424
4376 419
4377 592
4378 566
4379 628
4380 435
4381 607
4382 491
4383 508
4384 370
4385 588
4386 523
4387 553
4388 429
4389 519
4390 588
4391 508
4392 466
4393 399
4394 327
4395 574
4396 528
4397 528
4398 530
4399 545
4400 534
4401 590
4402 496
4403 545
4404 577
4405 453
4406 535
4407 576
4408 589
4409 498
4410 476
4411 552
4412 518
4413 539
4414 431
4415 588
4416 377
4417 611
4418 579
4419 554
4420 471
4421 468
4422 484
4423 631
4424 481
4425 510
4426 332
4427 473
4428 428
4429 458
4430 485
4431 518
4432 523
4433 413
4434 589
4435 548
4436 475
4437 550
4438 445
4439 587
4440 430
4441 597
4442 541
4443 527
4444 401
4445 570
4446 459
4447 557
4448 486
4449 378
4450 529
4451 515
4452 465
4453 462
4454 467
4455 570
4456 556
4457 567
4458 555
4459 535
4460 420
4461 502
4462 513
4463 452
4464 462
4465 619
4466 570
4467 508
4468 412
4469 567
4470 550
4471 540
4472 511
4473 518
4474 427
4475 299
4476 618
4477 555
4478 572
4479 473
4480 571
4481 409
4482 421
4483 243
4484 552
4485 538
4486 445
4487 528
4488 507
4489 571
4490 543
4491 558
4492 280
4493 547
4494 550
4495 536
4496 366
4497 578
4498 525
4499 527
4500 583
4501 528
4502 520
4503 437
4504 509
4505 518
4506 471
4507 408
4508 481
4509 467
4510 493
4511 491
4512 546
4513 458
4514 463
4515 523
4516 461
4517 580
4518 537
4519 537
4520 473
4521 548
4522 618
4523 426
4524 525
4525 540
4526 539
4527 402
4528 503
4529 469
4530 519
4531 539
4532 471
4533 521
4534 606
4535 436
4536 574
4537 473
4538 380
4539 557
4540 373
4541 580
4542 590
4543 552
4544 439
4545 572
4546 469
4547 395
4548 478
4549 469
4550 441
4551 502
4552 383
4553 541
4554 567
4555 544
4556 598
4557 569
4558 536
4559 540
4560 554
4561 559
4562 527
4563 461
4564 462
4565 486
4566 447
4567 411
4568 399
4569 531
4570 573
4571 548
4572 533
4573 553
4574 516
4575 518
4576 546
4577 529
4578 472
4579 547
4580 540
4581 392
4582 561
4583 460
4584 532
4585 494
4586 602
4587 580
4588 558
4589 465
4590 552
4591 425
4592 416
4593 504
4594 579
4595 503
4596 457
4597 578
4598 541
4599 543
4600 484
4601 361
4602 465
4603 404
4604 482
4605 519
4606 471
4607 444
4608 519
4609 422
4610 410
4611 501
4612 410
4613 558
4614 551
4615 468
4616 507
4617 512
4618 572
4619 558
4620 520
4621 408
4622 383
4623 490
4624 532
4625 521
4626 617
4627 318
4628 577
4629 380
4630 541
4631 322
4632 332
4633 514
4634 415
4635 459
4636 567
4637 551
4638 576
4639 456
4640 549
4641 607
4642 433
4643 594
4644 509
4645 518
4646 556
4647 550
4648 478
4649 519
4650 156
4651 392
4652 499
4653 540
4654 495
4655 515
4656 380
4657 586
4658 430
4659 607
4660 422
4661 568
4662 451
4663 432
4664 460
4665 451
4666 490
4667 565
4668 418
4669 508
4670 493
4671 482
4672 447
4673 435
4674 482
4675 543
4676 514
4677 557
4678 567
4679 594
4680 507
4681 508
4682 430
4683 531
4684 568
4685 498
4686 305
4687 453
4688 497
4689 544
4690 512
4691 447
4692 565
4693 470
4694 426
4695 439
4696 551
4697 446
4698 545
4699 91
4700 414
4701 560
4702 481
4703 424
4704 446
4705 555
4706 429
4707 467
4708 540
4709 583
4710 541
4711 508
4712 504
4713 473
4714 535
4715 460
4716 568
4717 427
4718 501
4719 468
4720 474
4721 556
4722 485
4723 461
4724 479
4725 559
4726 277
4727 561
4728 579
4729 533
4730 320
4731 541
4732 478
4733 449
4734 563
4735 628
4736 394
4737 463
4738 516
4739 471
4740 559
4741 617
4742 495
4743 391
4744 587
4745 466
4746 464
4747 520
4748 453
4749 467
4750 537
4751 466
4752 534
4753 568
4754 427
4755 511
4756 517
4757 533
4758 446
4759 489
4760 529
4761 539
4762 639
4763 493
4764 495
4765 541
4766 414
4767 547
4768 487
4769 497
4770 454
4771 459
4772 462
4773 441
4774 331
4775 483
4776 508
4777 178
4778 538
4779 483
4780 440
4781 410
4782 429
4783 455
4784 234
4785 409
4786 524
4787 554
4788 447
4789 398
4790 504
4791 487
4792 454
4793 526
4794 486
4795 453
4796 543
4797 504
4798 451
4799 422
4800 471
4801 594
4802 339
4803 538
4804 503
4805 501
4806 565
4807 575
4808 529
4809 573
4810 492
4811 538
4812 571
4813 393
4814 490
4815 513
4816 213
4817 530
4818 528
4819 398
4820 466
4821 430
4822 550
4823 476
4824 520
4825 580
4826 442
4827 203
4828 506
4829 568
4830 415
4831 495
4832 464
4833 498
4834 400
4835 567
4836 390
4837 591
4838 544
4839 543
4840 349
4841 512
4842 538
4843 385
4844 357
4845 418
4846 451
4847 507
4848 543
4849 378
4850 531
4851 569
4852 458
4853 513
4854 439
4855 516
4856 520
4857 410
4858 464
4859 474
4860 453
4861 525
4862 504
4863 384
4864 458
4865 384
4866 522
4867 495
4868 522
4869 547
4870 575
4871 463
4872 494
4873 442
4874 507
4875 382
4876 546
4877 518
4878 526
4879 504
4880 357
4881 522
4882 544
4883 492
4884 324
4885 502
4886 621
4887 526
4888 439
4889 547
4890 586
4891 498
4892 415
4893 593
4894 570
4895 536
4896 630
4897 494
4898 449
4899 498
4900 401
4901 563
4902 494
4903 390
4904 491
4905 574
4906 462
4907 307
4908 501
4909 489
4910 458
4911 555
4912 517
4913 541
4914 426
4915 622
4916 593
4917 450
4918 280
4919 526
4920 509
4921 524
4922 354
4923 421
4924 455
4925 495
4926 534
4927 462
4928 398
4929 395
4930 546
4931 540
4932 470
4933 472
4934 451
4935 401
4936 513
4937 471
4938 552
4939 546
4940 568
4941 262
4942 451
4943 258
4944 562
4945 427
4946 544
4947 401
4948 510
4949 542
4950 442
4951 545
4952 433
4953 569
4954 486
4955 468
4956 472
4957 561
4958 525
4959 367
4960 521
4961 587
4962 538
4963 451
4964 551
4965 522
4966 544
4967 564
4968 454
4969 619
4970 365
4971 432
4972 590
4973 437
4974 573
4975 553
4976 325
4977 552
4978 243
4979 556
4980 545
4981 620
4982 491
4983 516
4984 422
4985 508
4986 518
4987 496
4988 547
4989 491
4990 486
4991 496
4992 544
4993 558
4994 492
4995 492
4996 299
4997 520
4998 511
4999 482
5000 561
5001 505
5002 470
5003 390
5004 480
5005 515
5006 392
5007 535
5008 476
5009 546
5010 486
5011 50
5012 528
5013 516
5014 420
5015 453
5016 482
5017 333
5018 478
5019 505
5020 561
5021 539
5022 418
5023 601
5024 333
5025 232
5026 354
5027 478
5028 551
5029 485
5030 517
5031 563
5032 419
5033 570
5034 520
5035 402
5036 471
5037 508
5038 571
5039 562
5040 581
5041 389
5042 476
5043 549
5044 559
5045 389
5046 599
5047 389
5048 520
5049 473
5050 472
5051 387
5052 514
5053 523
5054 423
5055 450
5056 247
5057 487
5058 464
5059 392
5060 535
5061 592
5062 516
5063 516
5064 466
5065 457
5066 403
5067 342
5068 413
5069 513
5070 471
5071 572
5072 593
5073 533
5074 520
5075 477
5076 374
5077 452
5078 392
5079 563
5080 574
5081 590
5082 383
5083 536
5084 412
5085 509
5086 482
5087 504
5088 495
5089 591
5090 492
5091 394
5092 586
5093 422
5094 502
5095 587
5096 604
5097 429
5098 568
5099 518
5100 520
5101 511
5102 345
5103 372
5104 479
5105 518
5106 382
5107 511
5108 455
5109 472
5110 600
5111 408
5112 604
5113 478
5114 344
5115 351
5116 575
5117 492
5118 501
5119 543
5120 464
5121 515
5122 570
5123 556
5124 553
5125 440
5126 554
5127 543
5128 416
5129 522
5130 484
5131 404
5132 536
5133 542
5134 458
5135 520
5136 474
5137 512
5138 536
5139 440
5140 437
5141 414
5142 351
5143 406
5144 569
5145 433
5146 545
5147 414
5148 581
5149 552
5150 476
5151 450
5152 440
5153 402
5154 352
5155 486
5156 393
5157 17
5158 536
5159 340
5160 602
5161 504
5162 490
5163 482
5164 516
5165 480
5166 510
5167 514
5168 473
5169 569
5170 522
5171 511
5172 454
5173 594
5174 552
5175 472
5176 512
5177 386
5178 484
5179 578
5180 515
5181 441
5182 484
5183 497
5184 373
5185 535
5186 492
5187 377
5188 499
5189 492
5190 533
5191 412
5192 479
5193 360
5194 545
5195 564
5196 305
5197 552
5198 559
5199 459
5200 488
5201 478
5202 506
5203 475
5204 451
5205 486
5206 549
5207 498
5208 466
5209 488
5210 524
5211 65
5212 441
5213 598
5214 476
5215 641
5216 370
5217 569
5218 494
5219 504
5220 566
5221 381
5222 430
5223 394
5224 491
5225 548
5226 571
5227 537
5228 465
5229 556
5230 575
5231 546
5232 462
5233 612
5234 517
5235 430
5236 535
5237 497
5238 469
5239 557
5240 447
5241 513
5242 522
5243 325
5244 450
5245 492
5246 406
5247 541
5248 530
5249 545
5250 337
5251 493
5252 385
5253 500
5254 506
5255 434
5256 574
5257 504
5258 481
5259 417
5260 496
5261 210
5262 530
5263 389
5264 561
5265 571
5266 486
5267 464
5268 577
5269 516
5270 514
5271 553
5272 422
5273 511
5274 574
5275 566
5276 582
5277 102
5278 525
5279 670
5280 472
5281 582
5282 398
5283 472
5284 489
5285 423
5286 426
5287 469
5288 453
5289 482
5290 546
5291 557
5292 367
5293 592
5294 560
5295 443
5296 447
5297 492
5298 514
5299 440
5300 532
5301 565
5302 574
5303 483
5304 554
5305 401
5306 320
5307 617
5308 567
5309 580
5310 404
5311 553
5312 521
5313 472
5314 391
5315 540
5316 538
5317 577
5318 477
5319 514
5320 540
5321 515
5322 549
5323 531
5324 510
5325 437
5326 429
5327 501
5328 471
5329 485
5330 568
5331 561
5332 447
5333 488
5334 516
5335 519
5336 519
5337 531
5338 521
5339 427
5340 632
5341 521
5342 492
5343 567
5344 574
5345 457
5346 578
5347 556
5348 369
5349 440
5350 511
5351 601
5352 404
5353 596
5354 616
5355 374
5356 422
5357 516
5358 581
5359 532
5360 550
5361 352
5362 558
5363 554
5364 475
5365 469
5366 461
5367 486
5368 579
5369 542
5370 469
5371 366
5372 432
5373 464
5374 432
5375 468
5376 466
5377 551
5378 561
5379 391
5380 463
5381 513
5382 525
5383 523
5384 408
5385 552
5386 443
5387 531
5388 519
5389 373
5390 331
5391 550
5392 493
5393 543
5394 552
5395 427
5396 578
5397 543
5398 558
5399 391
5400 320
5401 545
5402 475
5403 525
5404 323
5405 528
5406 439
5407 549
5408 537
5409 618
5410 525
5411 359
5412 569
5413 504
5414 525
5415 321
5416 459
5417 360
5418 534
5419 372
5420 480
5421 454
5422 535
5423 572
5424 528
5425 381
5426 532
5427 481
5428 464
5429 492
5430 487
5431 518
5432 565
5433 523
5434 577
5435 479
5436 552
5437 559
5438 584
5439 578
5440 474
5441 550
5442 480
5443 456
5444 425
5445 448
5446 568
5447 413
5448 546
5449 464
5450 546
5451 484
5452 557
5453 562
5454 440
5455 517
5456 445
5457 636
5458 475
5459 593
5460 480
5461 462
5462 546
5463 493
5464 559
5465 511
5466 461
5467 527
5468 529
5469 455
5470 540
5471 457
5472 370
5473 457
5474 323
5475 464
5476 586
5477 423
5478 291
5479 571
5480 605
5481 481
5482 502
5483 553
5484 484
5485 524
5486 428
5487 249
5488 603
5489 390
5490 557
5491 442
5492 420
5493 597
5494 505
5495 480
5496 472
5497 563
5498 477
5499 566
5500 509
5501 553
5502 601
5503 523
5504 600
5505 477
5506 487
5507 501
5508 443
5509 514
5510 536
5511 345
5512 562
5513 509
5514 545
5515 510
5516 506
5517 520
5518 517
5519 437
5520 581
5521 483
5522 540
5523 448
5524 484
5525 202
5526 513
5527 426
5528 532
5529 505
5530 564
5531 545
5532 485
5533 438
5534 480
5535 587
5536 331
5537 524
5538 519
5539 504
5540 430
5541 633
5542 531
5543 488
5544 497
5545 485
5546 545
5547 567
5548 481
5549 522
5550 482
5551 476
5552 392
5553 554
5554 582
5555 241
5556 358
5557 526
5558 505
5559 522
5560 645
5561 512
5562 517
5563 446
5564 557
5565 566
5566 485
5567 545
5568 359
5569 380
5570 570
5571 381
5572 448
5573 558
5574 592
5575 473
5576 436
5577 475
5578 445
5579 388
5580 241
5581 406
5582 520
5583 409
5584 503
5585 529
5586 481
5587 382
5588 469
5589 439
5590 432
5591 492
5592 491
5593 486
5594 495
5595 488
5596 530
5597 577
5598 555
5599 536
5600 407
5601 381
5602 533
5603 479
5604 502
5605 379
5606 561
5607 469
5608 521
5609 560
5610 439
5611 554
5612 557
5613 519
5614 508
5615 581
5616 581
5617 497
5618 488
5619 402
5620 460
5621 556
5622 532
5623 591
5624 470
5625 630
5626 488
5627 482
5628 369
5629 515
5630 536
5631 479
5632 494
5633 512
5634 500
5635 574
5636 584
5637 522
5638 449
5639 259
5640 521
5641 556
5642 485
5643 532
5644 396
5645 482
5646 480
5647 498
5648 534
5649 491
5650 495
5651 494
5652 528
5653 280
5654 465
5655 498
5656 494
5657 365
5658 569
5659 322
5660 545
5661 431
5662 489
5663 519
5664 566
5665 445
5666 571
5667 578
5668 407
5669 511
5670 568
5671 476
5672 608
5673 460
5674 584
5675 604
5676 441
5677 306
5678 599
5679 518
5680 366
5681 525
5682 482
5683 502
5684 581
5685 503
5686 613
5687 462
5688 583
5689 559
5690 365
5691 513
5692 557
5693 402
5694 503
5695 407
5696 394
5697 458
5698 482
5699 450
5700 242
5701 535
5702 435
5703 483
5704 388
5705 453
5706 448
5707 466
5708 558
5709 527
5710 497
5711 542
5712 405
5713 598
5714 532
5715 263
5716 630
5717 466
5718 499
5719 502
5720 526
5721 470
5722 540
5723 553
5724 408
5725 533
5726 510
5727 379
5728 321
5729 422
5730 436
5731 570
5732 577
5733 368
5734 568
5735 364
5736 458
5737 515
5738 482
5739 556
5740 338
5741 394
5742 562
5743 481
5744 570
5745 284
5746 400
5747 543
5748 476
5749 521
5750 415
5751 428
5752 472
5753 467
5754 501
5755 630
5756 439
5757 540
5758 433
5759 436
5760 555
5761 531
5762 559
5763 486
5764 422
5765 479
5766 467
5767 531
5768 501
5769 576
5770 522
5771 419
5772 467
5773 584
5774 590
5775 534
5776 507
5777 528
5778 559
5779 561
5780 447
5781 517
5782 584
5783 540
5784 522
5785 515
5786 514
5787 483
5788 560
5789 518
5790 452
5791 586
5792 509
5793 525
5794 505
5795 426
5796 327
5797 584
5798 483
5799 573
5800 544
5801 482
5802 479
5803 417
5804 460
5805 529
5806 551
5807 455
5808 530
5809 466
5810 536
5811 558
5812 567
5813 482
5814 228
5815 531
5816 497
5817 409
5818 369
5819 533
5820 617
5821 496
5822 594
5823 529
5824 459
5825 452
5826 630
5827 350
5828 288
5829 477
5830 517
5831 477
5832 439
5833 325
5834 430
5835 438
5836 446
5837 555
5838 499
5839 526
5840 541
5841 490
5842 478
5843 497
5844 592
5845 527
5846 484
5847 521
5848 365
5849 546
5850 470
5851 410
5852 559
5853 480
5854 528
5855 540
5856 460
5857 390
5858 448
5859 394
5860 536
5861 368
5862 468
5863 489
5864 629
5865 486
5866 335
5867 582
5868 513
5869 352
5870 465
5871 530
5872 402
5873 516
5874 568
5875 472
5876 557
5877 466
5878 472
5879 504
5880 574
5881 520
5882 285
5883 569
5884 483
5885 176
5886 544
5887 530
5888 507
5889 412
5890 421
5891 386
5892 479
5893 531
5894 469
5895 550
5896 471
5897 467
5898 514
5899 303
5900 492
5901 490
5902 542
5903 482
5904 371
5905 583
5906 526
5907 407
5908 420
5909 514
5910 587
5911 561
5912 456
5913 481
5914 506
5915 536
5916 466
5917 635
5918 407
5919 511
5920 435
5921 471
5922 419
5923 543
5924 589
5925 459
5926 556
5927 602
5928 432
5929 500
5930 575
5931 579
5932 446
5933 457
5934 506
5935 385
5936 575
5937 536
5938 615
5939 409
5940 491
5941 479
5942 543
5943 410
5944 393
5945 478
5946 368
5947 449
5948 525
5949 352
5950 498
5951 573
5952 506
5953 521
5954 375
5955 575
5956 382
5957 511
5958 539
5959 330
5960 545
5961 541
5962 546
5963 476
5964 385
5965 465
5966 524
5967 462
5968 393
5969 511
5970 532
5971 489
5972 513
5973 497
5974 492
5975 516
5976 416
5977 425
5978 460
5979 476
5980 415
5981 375
5982 536
5983 477
5984 157
5985 502
5986 383
5987 468
5988 572
5989 412
5990 362
5991 465
5992 503
5993 489
5994 494
5995 536
5996 501
5997 476
5998 522
5999 473
6000 584
6001 564
6002 461
6003 484
6004 431
6005 496
6006 568
6007 589
6008 553
6009 460
6010 579
6011 458
6012 567
6013 569
6014 560
6015 545
6016 494
6017 567
6018 589
6019 589
6020 590
6021 535
6022 515
6023 519
6024 592
6025 525
6026 517
6027 549
6028 278
6029 548
6030 419
6031 447
6032 481
6033 422
6034 14
6035 478
6036 546
6037 549
6038 502
6039 582
6040 530
6041 574
6042 478
6043 310
6044 452
6045 498
6046 591
6047 351
6048 540
6049 349
6050 492
6051 484
6052 307
6053 483
6054 426
6055 563
6056 515
6057 407
6058 505
6059 558
6060 600
6061 548
6062 552
6063 429
6064 526
6065 490
6066 501
6067 497
6068 457
6069 454
6070 572
6071 416
6072 592
6073 581
6074 394
6075 459
6076 556
6077 463
6078 513
6079 570
6080 493
6081 432
6082 559
6083 577
6084 612
6085 253
6086 548
6087 582
6088 505
6089 405
6090 394
6091 477
6092 545
6093 656
6094 462
6095 537
6096 490
6097 561
6098 413
6099 602
6100 448
6101 580
6102 524
6103 491
6104 568
6105 492
6106 587
6107 327
6108 529
6109 549
6110 442
6111 524
6112 414
6113 568
6114 584
6115 581
6116 471
6117 465
6118 541
6119 410
6120 460
6121 353
6122 598
6123 567
6124 523
6125 411
6126 549
6127 447
6128 441
6129 498
6130 521
6131 144
6132 572
6133 485
6134 474
6135 543
6136 526
6137 450
6138 532
6139 465
6140 480
6141 474
6142 483
6143 556
6144 478
6145 476
6146 556
6147 435
6148 273
6149 604
6150 529
6151 552
6152 499
6153 563
6154 480
6155 565
6156 572
6157 425
6158 556
6159 371
6160 386
6161 455
6162 507
6163 590
6164 523
6165 450
6166 614
6167 558
6168 341
6169 605
6170 527
6171 421
6172 492
6173 553
6174 555
6175 582
6176 564
6177 577
6178 438
6179 591
6180 241
6181 505
6182 457
6183 576
6184 419
6185 558
6186 496
6187 503
6188 568
6189 400
6190 464
6191 495
6192 510
6193 474
6194 533
6195 350
6196 405
6197 487
6198 556
6199 539
6200 557
6201 540
6202 313
6203 437
6204 534
6205 485
6206 464
6207 378
6208 345
6209 487
6210 438
6211 452
6212 505
6213 557
6214 416
6215 523
6216 326
6217 516
6218 500
6219 557
6220 555
6221 494
6222 523
6223 487
6224 470
6225 468
6226 570
6227 546
6228 398
6229 472
6230 545
6231 499
6232 390
6233 451
6234 520
6235 525
6236 564
6237 599
6238 484
6239 600
6240 460
6241 390
6242 570
6243 288
6244 565
6245 538
6246 485
6247 490
6248 468
6249 566
6250 522
6251 513
6252 524
6253 491
6254 358
6255 562
6256 516
6257 496
6258 614
6259 530
6260 543
6261 516
6262 561
6263 553
6264 484
6265 408
6266 587
6267 552
6268 457
6269 539
6270 608
6271 391
6272 501
6273 558
6274 477
6275 425
6276 518
6277 462
6278 512
6279 445
6280 416
6281 472
6282 404
6283 494
6284 447
6285 465
6286 501
6287 536
6288 542
6289 485
6290 508
6291 367
6292 540
6293 628
6294 568
6295 438
6296 412
6297 509
6298 518
6299 533
6300 460
6301 583
6302 489
6303 525
6304 373
6305 514
6306 578
6307 586
6308 520
6309 480
6310 481
6311 501
6312 485
6313 488
6314 541
6315 416
6316 471
6317 441
6318 533
6319 489
6320 455
6321 446
6322 534
6323 508
6324 530
6325 310
6326 370
6327 562
6328 544
6329 406
6330 366
6331 493
6332 385
6333 390
6334 563
6335 565
6336 387
6337 492
6338 513
6339 540
6340 545
6341 558
6342 397
6343 503
6344 498
6345 513
6346 514
6347 552
6348 501
6349 571
6350 488
6351 403
6352 509
6353 491
6354 472
6355 489
6356 383
6357 391
6358 533
6359 568
6360 538
6361 562
6362 453
6363 592
6364 496
6365 279
6366 410
6367 520
6368 568
6369 446
6370 550
6371 493
6372 520
6373 468
6374 436
6375 504
6376 577
6377 281
6378 533
6379 0
6380 452
6381 496
6382 404
6383 545
6384 340
6385 481
6386 487
6387 448
6388 574
6389 499
6390 582
6391 504
6392 6
6393 428
6394 519
6395 582
6396 480
6397 452
6398 589
6399 624
6400 516
6401 617
6402 500
6403 538
6404 425
6405 483
6406 413
6407 384
6408 528
6409 559
6410 510
6411 457
6412 593
6413 521
6414 553
6415 563
6416 28
6417 534
6418 463
6419 551
6420 482
6421 186
6422 582
6423 581
6424 508
6425 540
6426 502
6427 501
6428 577
6429 479
6430 456
6431 554
6432 569
6433 528
6434 522
6435 585
6436 552
6437 474
6438 521
6439 461
6440 582
6441 416
6442 504
6443 568
6444 551
6445 328
6446 366
6447 565
6448 492
6449 525
6450 474
6451 372
6452 524
6453 504
6454 494
6455 524
6456 452
6457 326
6458 486
6459 566
6460 425
6461 520
6462 507
6463 475
6464 545
6465 543
6466 479
6467 569
6468 557
6469 477
6470 485
6471 454
6472 535
6473 469
6474 520
6475 502
6476 549
6477 533
6478 593
6479 512
6480 519
6481 499
6482 553
6483 561
6484 559
6485 467
6486 392
6487 615
6488 523
6489 561
6490 605
6491 584
6492 502
6493 564
6494 582
6495 519
6496 446
6497 463
6498 396
6499 469
6500 474
6501 480
6502 352
6503 437
6504 405
6505 467
6506 463
6507 545
6508 437
6509 292
6510 488
6511 506
6512 568
6513 476
6514 566
6515 529
6516 359
6517 620
6518 508
6519 385
6520 509
6521 583
6522 421
6523 532
6524 548
6525 476
6526 463
6527 457
6528 591
6529 406
6530 429
6531 520
6532 470
6533 461
6534 576
6535 482
6536 563
6537 562
6538 421
6539 623
6540 532
6541 574
6542 584
6543 406
6544 547
6545 574
6546 473
6547 537
6548 581
6549 521
6550 536
6551 574
6552 445
6553 608
6554 526
6555 534
6556 318
6557 558
6558 407
6559 524
6560 485
6561 510
6562 577
6563 481
6564 523
6565 455
6566 373
6567 482
6568 401
6569 541
6570 387
6571 545
6572 372
6573 576
6574 450
6575 600
6576 376
6577 603
6578 583
6579 475
6580 486
6581 548
6582 252
6583 493
6584 541
6585 496
6586 446
6587 414
6588 459
6589 378
6590 559
6591 407
6592 527
6593 432
6594 483
6595 501
6596 568
6597 318
6598 499
6599 521
6600 484
6601 523
6602 470
6603 489
6604 542
6605 395
6606 566
6607 420
6608 551
6609 508
6610 526
6611 524
6612 429
6613 545
6614 449
6615 449
6616 534
6617 524
6618 395
6619 457
6620 535
6621 517
6622 633
6623 557
6624 449
6625 434
6626 189
6627 617
6628 525
6629 568
6630 469
6631 491
6632 582
6633 554
6634 566
6635 520
6636 559
6637 547
6638 534
6639 511
6640 385
6641 517
6642 454
6643 534
6644 427
6645 592
6646 451
6647 537
6648 561
6649 539
6650 592
6651 488
6652 503
6653 214
6654 481
6655 459
6656 408
6657 518
6658 496
6659 526
6660 574
6661 479
6662 589
6663 570
6664 559
6665 547
6666 538
6667 459
6668 509
6669 590
6670 614
6671 395
6672 586
6673 546
6674 557
6675 343
6676 452
6677 516
6678 464
6679 415
6680 542
6681 484
6682 461
6683 343
6684 535
6685 383
6686 398
6687 321
6688 376
6689 497
6690 475
6691 254
6692 322
6693 488
6694 477
6695 551
6696 485
6697 554
6698 571
6699 558
6700 397
6701 407
6702 547
6703 583
6704 252
6705 498
6706 583
6707 468
6708 316
6709 367
6710 511
6711 617
6712 372
6713 455
6714 580
6715 267
6716 515
6717 461
6718 529
6719 569
6720 478
6721 373
6722 545
6723 424
6724 361
6725 425
6726 512
6727 624
6728 530
6729 458
6730 305
6731 523
6732 554
6733 542
6734 625
6735 453
6736 507
6737 366
6738 529
6739 539
6740 538
6741 537
6742 354
6743 529
6744 552
6745 542
6746 316
6747 539
6748 498
6749 408
6750 555
6751 536
6752 613
6753 473
6754 449
6755 349
6756 562
6757 474
6758 500
6759 458
6760 473
6761 488
6762 454
6763 457
6764 572
6765 492
6766 338
6767 511
6768 555
6769 598
6770 453
6771 508
6772 478
6773 550
6774 504
6775 500
6776 550
6777 291
6778 562
6779 545
6780 478
6781 529
6782 495
6783 552
6784 532
6785 488
6786 481
6787 405
6788 571
6789 331
6790 575
6791 504
6792 448
6793 540
6794 526
6795 452
6796 451
6797 486
6798 502
6799 516
6800 530
6801 571
6802 435
6803 564
6804 390
6805 554
6806 540
6807 526
6808 562
6809 536
6810 598
6811 499
6812 362
6813 417
6814 465
6815 575
6816 536
6817 571
6818 349
6819 591
6820 422
6821 554
6822 356
6823 471
6824 451
6825 429
6826 494
6827 401
6828 518
6829 285
6830 305
6831 370
6832 526
6833 616
6834 515
6835 597
6836 445
6837 564
6838 475
6839 539
6840 301
6841 541
6842 556
6843 460
6844 485
6845 446
6846 523
6847 513
6848 456
6849 496
6850 553
6851 372
6852 630
6853 517
6854 502
6855 499
6856 543
6857 526
6858 589
6859 484
6860 387
6861 502
6862 573
6863 503
6864 485
6865 451
6866 591
6867 422
6868 484
6869 436
6870 409
6871 514
6872 579
6873 479
6874 588
6875 470
6876 436
6877 579
6878 544
6879 567
6880 404
6881 420
6882 540
6883 509
6884 499
6885 577
6886 566
6887 568
6888 537
6889 560
6890 473
6891 355
6892 389
6893 455
6894 461
6895 480
6896 304
6897 573
6898 565
6899 507
6900 444
6901 550
6902 476
6903 433
6904 476
6905 455
6906 505
6907 489
6908 441
6909 529
6910 528
6911 548
6912 583
6913 512
6914 398
6915 507
6916 492
6917 536
6918 590
6919 561
6920 497
6921 451
6922 352
6923 569
6924 341
6925 513
6926 559
6927 493
6928 505
6929 536
6930 535
6931 507
6932 540
6933 423
6934 486
6935 496
6936 509
6937 565
6938 449
6939 452
6940 439
6941 556
6942 449
6943 568
6944 560
6945 543
6946 382
6947 452
6948 478
6949 527
6950 528
6951 557
6952 473
6953 471
6954 475
6955 465
6956 511
6957 578
6958 562
6959 487
6960 445
6961 582
6962 592
6963 598
6964 566
6965 377
6966 459
6967 518
6968 483
6969 481
6970 524
6971 511
6972 560
6973 542
6974 455
6975 523
6976 464
6977 462
6978 610
6979 556
6980 603
6981 549
6982 440
6983 452
6984 442
6985 362
6986 514
6987 545
6988 531
6989 554
6990 558
6991 543
6992 528
6993 490
6994 554
6995 419
6996 586
6997 482
6998 381
6999 501
7000 389
7001 569
7002 528
7003 474
7004 623
7005 523
7006 449
7007 444
7008 297
7009 393
7010 400
7011 471
7012 551
7013 447
7014 563
7015 465
7016 496
7017 450
7018 520
7019 509
7020 524
7021 490
7022 413
7023 483
7024 589
7025 498
7026 498
7027 530
7028 478
7029 564
7030 402
7031 437
7032 470
7033 530
7034 519
7035 567
7036 373
7037 476
7038 365
7039 478
7040 572
7041 452
7042 324
7043 551
7044 593
7045 529
7046 485
7047 369
7048 460
7049 559
7050 608
7051 455
7052 496
7053 561
7054 467
7055 452
7056 475
7057 532
7058 551
7059 537
7060 559
7061 341
7062 527
7063 428
7064 501
7065 253
7066 479
7067 512
7068 555
7069 491
7070 447
7071 551
7072 583
7073 383
7074 537
7075 545
7076 538
7077 489
7078 527
7079 490
7080 521
7081 485
7082 0
7083 392
7084 346
7085 490
7086 535
7087 542
7088 434
7089 499
7090 546
7091 458
7092 552
7093 488
7094 535
7095 583
7096 481
7097 574
7098 455
7099 449
7100 564
7101 483
7102 449
7103 432
7104 362
7105 547
7106 516
7107 525
7108 520
7109 470
7110 375
7111 544
7112 558
7113 508
7114 574
7115 499
7116 510
7117 501
7118 444
7119 580
7120 273
7121 537
7122 537
7123 464
7124 473
7125 555
7126 372
7127 462
7128 483
7129 561
7130 482
7131 561
7132 512
7133 332
7134 538
7135 511
7136 457
7137 533
7138 417
7139 467
7140 414
7141 565
7142 584
7143 376
7144 516
7145 600
7146 487
7147 152
7148 465
7149 554
7150 555
7151 580
7152 558
7153 336
7154 460
7155 561
7156 514
7157 595
7158 415
7159 579
7160 433
7161 358
7162 493
7163 513
7164 458
7165 552
7166 488
7167 449
7168 494
7169 418
7170 513
7171 519
7172 584
7173 536
7174 477
7175 459
7176 531
7177 532
7178 708
7179 620
7180 509
7181 431
7182 552
7183 549
7184 490
7185 479
7186 442
7187 440
7188 332
7189 540
7190 519
7191 287
7192 130
7193 460
7194 565
7195 292
7196 516
7197 379
7198 444
7199 561
7200 490
7201 379
7202 464
7203 535
7204 556
7205 501
7206 526
7207 438
7208 439
7209 468
7210 530
7211 356
7212 486
7213 466
7214 506
7215 590
7216 503
7217 336
7218 574
7219 580
7220 598
7221 488
7222 432
7223 511
7224 479
7225 515
7226 389
7227 545
7228 571
7229 613
7230 354
7231 530
7232 593
7233 509
7234 450
7235 621
7236 592
7237 471
7238 402
7239 527
7240 611
7241 535
7242 531
7243 539
7244 457
7245 503
7246 634
7247 500
7248 469
7249 467
7250 521
7251 557
7252 350
7253 490
7254 568
7255 566
7256 539
7257 605
7258 419
7259 528
7260 560
7261 556
7262 297
7263 495
7264 565
7265 514
7266 549
7267 562
7268 487
7269 471
7270 589
7271 518
7272 592
7273 494
7274 555
7275 511
7276 472
7277 461
7278 600
7279 435
7280 608
7281 485
7282 300
7283 578
7284 408
7285 475
7286 489
7287 375
7288 468
7289 628
7290 555
7291 449
7292 276
7293 606
7294 491
7295 568
7296 588
7297 586
7298 652
7299 595
7300 521
7301 572
7302 566
7303 561
7304 522
7305 488
7306 482
7307 477
7308 474
7309 552
7310 390
7311 464
7312 515
7313 543
7314 442
7315 431
7316 423
7317 528
7318 571
7319 393
7320 523
7321 531
7322 488
7323 444
7324 587
7325 547
7326 631
7327 549
7328 473
7329 482
7330 534
7331 584
7332 409
7333 460
7334 509
7335 496
7336 501
7337 485
7338 423
7339 509
7340 342
7341 541
7342 376
7343 619
7344 562
7345 539
7346 483
7347 525
7348 562
7349 363
7350 526
7351 318
7352 461
7353 584
7354 571
7355 475
7356 599
7357 390
7358 482
7359 471
7360 371
7361 596
7362 517
7363 450
7364 525
7365 572
7366 496
7367 569
7368 423
7369 580
7370 364
7371 475
7372 487
7373 500
7374 468
7375 461
7376 187
7377 352
7378 555
7379 536
7380 416
7381 521
7382 480
7383 325
7384 492
7385 528
7386 420
7387 451
7388 551
7389 483
7390 452
7391 524
7392 500
7393 560
7394 525
7395 415
7396 522
7397 403
7398 500
7399 172
7400 532
7401 526
7402 593
7403 303
7404 424
7405 423
7406 502
7407 473
7408 459
7409 505
7410 630
7411 535
7412 408
7413 116
7414 439
7415 526
7416 459
7417 555
7418 575
7419 541
7420 464
7421 580
7422 478
7423 389
7424 539
7425 601
7426 448
7427 551
7428 351
7429 502
7430 534
7431 444
7432 455
7433 460
7434 611
7435 534
7436 431
7437 518
7438 506
7439 613
7440 324
7441 473
7442 531
7443 417
7444 444
7445 617
7446 516
7447 491
7448 542
7449 519
7450 247
7451 452
7452 522
7453 537
7454 466
7455 431
7456 548
7457 505
7458 467
7459 484
7460 409
7461 611
7462 451
7463 505
7464 490
7465 659
7466 534
7467 359
7468 432
7469 608
7470 507
7471 480
7472 521
7473 506
7474 538
7475 513
7476 442
7477 602
7478 382
7479 452
7480 503
7481 613
7482 569
7483 565
7484 469
7485 401
7486 428
7487 489
7488 546
7489 379
7490 465
7491 531
7492 210
7493 560
7494 552
7495 549
7496 544
7497 564
7498 605
7499 483
7500 559
7501 458
7502 483
7503 593
7504 313
7505 542
7506 466
7507 548
7508 305
7509 572
7510 449
7511 556
7512 546
7513 602
7514 491
7515 486
7516 541
7517 465
7518 478
7519 470
7520 473
7521 453
7522 573
7523 545
7524 413
7525 318
7526 439
7527 514
7528 480
7529 497
7530 585
7531 362
7532 449
7533 530
7534 523
7535 547
7536 537
7537 329
7538 468
7539 508
7540 543
7541 482
7542 522
7543 378
7544 536
7545 469
7546 573
7547 541
7548 571
7549 452
7550 585
7551 501
7552 407
7553 445
7554 549
7555 505
7556 513
7557 469
7558 396
7559 536
7560 530
7561 563
7562 586
7563 507
7564 582
7565 584
7566 447
7567 411
7568 525
7569 492
7570 715
7571 475
7572 474
7573 607
7574 502
7575 476
7576 585
7577 569
7578 255
7579 571
7580 591
7581 410
7582 490
7583 498
7584 487
7585 507
7586 541
7587 514
7588 506
7589 501
7590 463
7591 462
7592 515
7593 557
7594 440
7595 599
7596 534
7597 450
7598 407
7599 483
7600 489
7601 492
7602 429
7603 433
7604 503
7605 481
7606 563
7607 455
7608 517
7609 493
7610 603
7611 613
7612 451
7613 508
7614 593
7615 498
7616 587
7617 513
7618 459
7619 541
7620 530
7621 360
7622 446
7623 517
7624 332
7625 518
7626 456
7627 519
7628 525
7629 350
7630 540
7631 563
7632 502
7633 536
7634 460
7635 407
7636 464
7637 561
7638 582
7639 574
7640 475
7641 496
7642 577
7643 557
7644 415
7645 495
7646 519
7647 600
7648 246
7649 506
7650 535
7651 278
7652 530
7653 464
7654 476
7655 606
7656 527
7657 392
7658 547
7659 332
7660 512
7661 457
7662 440
7663 568
7664 425
7665 500
7666 421
7667 576
7668 476
7669 651
7670 532
7671 594
7672 515
7673 561
7674 520
7675 552
7676 553
7677 562
7678 548
7679 357
7680 565
7681 445
7682 539
7683 572
7684 460
7685 617
7686 530
7687 378
7688 545
7689 522
7690 512
7691 617
7692 581
7693 492
7694 440
7695 434
7696 516
7697 374
7698 578
7699 571
7700 553
7701 434
7702 480
7703 553
7704 578
7705 383
7706 469
7707 539
7708 613
7709 463
7710 489
7711 415
7712 488
7713 579
7714 491
7715 503
7716 495
7717 542
7718 502
7719 620
7720 456
7721 531
7722 481
7723 577
7724 495
7725 555
7726 555
7727 363
7728 533
7729 387
7730 446
7731 462
7732 579
7733 404
7734 500
7735 358
7736 449
7737 547
7738 511
7739 563
7740 331
7741 555
7742 388
7743 402
7744 506
7745 580
7746 551
7747 323
7748 581
7749 551
7750 547
7751 588
7752 402
7753 410
7754 538
7755 480
7756 530
7757 498
7758 419
7759 371
7760 398
7761 578
7762 541
7763 504
7764 456
7765 577
7766 433
7767 517
7768 493
7769 505
7770 477
7771 596
7772 520
7773 558
7774 295
7775 620
7776 418
7777 476
7778 507
7779 506
7780 566
7781 417
7782 365
7783 536
7784 552
7785 445
7786 373
7787 370
7788 611
7789 487
7790 588
7791 528
7792 522
7793 551
7794 469
7795 515
7796 637
7797 347
7798 465
7799 474
7800 411
7801 504
7802 522
7803 372
7804 498
7805 504
7806 516
7807 544
7808 626
7809 307
7810 564
7811 532
7812 544
7813 515
7814 415
7815 524
7816 354
7817 512
7818 430
7819 487
7820 518
7821 375
7822 424
7823 483
7824 427
7825 560
7826 587
7827 470
7828 501
7829 503
7830 555
7831 520
7832 526
7833 508
7834 552
7835 528
7836 591
7837 502
7838 562
7839 559
7840 396
7841 417
7842 480
7843 580
7844 544
7845 433
7846 341
7847 402
7848 302
7849 492
7850 421
7851 613
7852 310
7853 451
7854 518
7855 537
7856 587
7857 388
7858 577
7859 403
7860 513
7861 515
7862 508
7863 599
7864 561
7865 577
7866 491
7867 443
7868 455
7869 479
7870 527
7871 429
7872 625
7873 541
7874 571
7875 481
7876 543
7877 592
7878 523
7879 380
7880 526
7881 282
7882 539
7883 495
7884 419
7885 299
7886 573
7887 287
7888 520
7889 559
7890 550
7891 543
7892 516
7893 433
7894 521
7895 426
7896 521
7897 432
7898 575
7899 440
7900 518
7901 598
7902 322
7903 505
7904 498
7905 567
7906 509
7907 488
7908 462
7909 451
7910 491
7911 392
7912 463
7913 495
7914 326
7915 530
7916 474
7917 578
7918 549
7919 430
7920 523
7921 569
7922 503
7923 352
7924 479
7925 421
7926 604
7927 323
7928 420
7929 459
7930 566
7931 401
7932 415
7933 527
7934 569
7935 423
7936 540
7937 557
7938 502
7939 555
7940 578
7941 505
7942 528
7943 426
7944 397
7945 488
7946 524
7947 512
7948 327
7949 486
7950 456
7951 583
7952 507
7953 474
7954 588
7955 520
7956 370
7957 409
7958 560
7959 555
7960 439
7961 335
7962 500
7963 444
7964 525
7965 556
7966 532
7967 477
7968 455
7969 94
7970 504
7971 474
7972 498
7973 522
7974 0
7975 526
7976 440
7977 417
7978 507
7979 333
7980 593
7981 508
7982 474
7983 481
7984 450
7985 312
7986 588
7987 487
7988 572
7989 506
7990 496
7991 556
7992 478
7993 567
7994 548
7995 499
7996 520
7997 560
7998 500
7999 367
8000 518
8001 308
8002 564
8003 555
8004 433
8005 535
8006 502
8007 564
8008 553
8009 434
8010 543
8011 212
8012 403
8013 598
8014 514
8015 314
8016 528
8017 396
8018 524
8019 460
8020 598
8021 394
8022 645
8023 501
8024 468
8025 537
8026 475
8027 526
8028 358
8029 571
8030 430
8031 562
8032 516
8033 521
8034 560
8035 506
8036 479
8037 396
8038 554
8039 545
8040 589
8041 344
8042 486
8043 441
8044 568
8045 547
8046 442
8047 570
8048 369
8049 586
8050 478
8051 380
8052 500
8053 531
8054 506
8055 473
8056 504
8057 459
8058 359
8059 582
8060 615
8061 493
8062 567
8063 534
8064 417
8065 628
8066 551
8067 491
8068 502
8069 553
8070 466
8071 376
8072 326
8073 575
8074 481
8075 445
8076 494
8077 492
8078 613
8079 572
8080 554
8081 259
8082 480
8083 412
8084 522
8085 539
8086 598
8087 433
8088 374
8089 424
8090 307
8091 507
8092 400
8093 583
8094 415
8095 396
8096 524
8097 398
8098 433
8099 473
8100 434
8101 382
8102 607
8103 578
8104 539
8105 542
8106 566
8107 579
8108 547
8109 502
8110 612
8111 579
8112 436
8113 571
8114 526
8115 392
8116 507
8117 511
8118 506
8119 468
8120 405
8121 505
8122 521
8123 537
8124 436
8125 579
8126 418
8127 370
8128 511
8129 557
8130 579
8131 592
8132 390
8133 395
8134 448
8135 477
8136 162
8137 398
8138 489
8139 469
8140 534
8141 510
8142 581
8143 482
8144 575
8145 602
8146 399
8147 445
8148 383
8149 483
8150 458
8151 526
8152 556
8153 453
8154 512
8155 489
8156 472
8157 432
8158 452
8159 561
8160 505
8161 528
8162 520
8163 636
8164 480
8165 448
8166 427
8167 532
8168 406
8169 363
8170 385
8171 645
8172 403
8173 515
8174 440
8175 526
8176 408
8177 366
8178 478
8179 446
8180 569
8181 532
8182 621
8183 348
8184 405
8185 463
8186 589
8187 438
8188 497
8189 524
8190 529
8191 527
8192 467
8193 560
8194 474
8195 442
8196 490
8197 518
8198 579
8199 556
8200 461
8201 445
8202 506
8203 397
8204 462
8205 529
8206 576
8207 535
8208 478
8209 529
8210 490
8211 365
8212 412
8213 576
8214 565
8215 506
8216 570
8217 543
8218 427
8219 411
8220 532
8221 438
8222 475
8223 324
8224 391
8225 499
8226 517
8227 478
8228 516
8229 463
8230 470
8231 475
8232 399
8233 493
8234 519
8235 616
8236 509
8237 556
8238 601
8239 566
8240 493
8241 544
8242 510
8243 543
8244 374
8245 550
8246 493
8247 515
8248 607
8249 467
8250 456
8251 382
8252 481
8253 483
8254 426
8255 449
8256 502
8257 507
8258 400
8259 516
8260 324
8261 575
8262 518
8263 547
8264 572
8265 485
8266 593
8267 398
8268 362
8269 380
8270 371
8271 320
8272 327
8273 367
8274 446
8275 541
8276 476
8277 630
8278 609
8279 550
8280 301
8281 603
8282 550
8283 494
8284 513
8285 554
8286 568
8287 534
8288 613
8289 561
8290 506
8291 441
8292 427
8293 503
8294 525
8295 526
8296 547
8297 403
8298 525
8299 332
8300 498
8301 496
8302 550
8303 511
8304 457
8305 493
8306 413
8307 514
8308 520
8309 421
8310 442
8311 582
8312 302
8313 551
8314 565
8315 456
8316 516
8317 591
8318 474
8319 619
8320 387
8321 587
8322 525
8323 518
8324 613
8325 518
8326 561
8327 454
8328 340
8329 632
8330 427
8331 410
8332 372
8333 503
8334 538
8335 580
8336 534
8337 549
8338 461
8339 394
8340 581
8341 534
8342 570
8343 614
8344 441
8345 595
8346 493
8347 516
8348 500
8349 490
8350 502
8351 530
8352 557
8353 503
8354 526
8355 506
8356 537
8357 283
8358 605
8359 496
8360 536
8361 586
8362 533
8363 547
8364 315
8365 521
8366 426
8367 571
8368 525
8369 458
8370 558
8371 601
8372 574
8373 370
8374 576
8375 461
8376 507
8377 532
8378 458
8379 530
8380 492
8381 477
8382 576
8383 591
8384 440
8385 604
8386 530
8387 380
8388 509
8389 536
8390 404
8391 365
8392 553
8393 583
8394 279
8395 520
8396 478
8397 626
8398 587
8399 496
8400 560
8401 546
8402 447
8403 509
8404 503
8405 523
8406 573
8407 578
8408 335
8409 516
8410 559
8411 465
8412 531
8413 367
8414 556
8415 453
8416 468
8417 448
8418 504
8419 482
8420 438
8421 437
8422 543
8423 593
8424 504
8425 502
8426 552
8427 595
8428 565
8429 602
8430 324
8431 447
8432 572
8433 591
8434 597
8435 499
8436 596
8437 528
8438 548
8439 528
8440 487
8441 484
8442 546
8443 504
8444 440
8445 564
8446 501
8447 546
8448 608
8449 567
8450 601
8451 465
8452 603
8453 587
8454 445
8455 412
8456 429
8457 607
8458 549
8459 576
8460 521
8461 406
8462 557
8463 451
8464 607
8465 398
8466 526
8467 537
8468 484
8469 480
8470 467
8471 583
8472 487
8473 455
8474 501
8475 604
8476 598
8477 486
8478 412
8479 537
8480 500
8481 556
8482 459
8483 492
8484 564
8485 472
8486 379
8487 613
8488 634
8489 502
8490 595
8491 507
8492 474
8493 545
8494 553
8495 489
8496 464
8497 328
8498 518
8499 553
8500 516
8501 454
8502 469
8503 454
8504 569
8505 585
8506 533
8507 549
8508 565
8509 394
8510 481
8511 539
8512 531
8513 454
8514 543
8515 575
8516 480
8517 490
8518 547
8519 596
8520 542
8521 532
8522 517
8523 445
8524 363
8525 495
8526 375
8527 636
8528 493
8529 416
8530 457
8531 522
8532 425
8533 504
8534 414
8535 528
8536 409
8537 474
8538 541
8539 556
8540 460
8541 523
8542 415
8543 457
8544 502
8545 556
8546 462
8547 494
8548 431
8549 467
8550 546
8551 566
8552 595
8553 529
8554 535
8555 428
8556 505
8557 539
8558 508
8559 463
8560 458
8561 243
8562 516
8563 492
8564 323
8565 589
8566 593
8567 477
8568 555
8569 483
8570 471
8571 594
8572 381
8573 494
8574 319
8575 563
8576 553
8577 494
8578 636
8579 483
8580 552
8581 468
8582 555
8583 454
8584 457
8585 392
8586 543
8587 198
8588 538
8589 500
8590 590
8591 542
8592 517
8593 655
8594 498
8595 527
8596 564
8597 543
8598 420
8599 484
8600 393
8601 644
8602 382
8603 500
8604 443
8605 527
8606 469
8607 505
8608 455
8609 573
8610 519
8611 432
8612 427
8613 444
8614 498
8615 492
8616 413
8617 440
8618 453
8619 479
8620 549
8621 254
8622 579
8623 426
8624 502
8625 539
8626 489
8627 319
8628 246
8629 485
8630 476
8631 521
8632 606
8633 505
8634 377
8635 506
8636 463
8637 505
8638 549
8639 488
8640 320
8641 551
8642 524
8643 621
8644 406
8645 545
8646 524
8647 468
8648 580
8649 403
8650 522
8651 364
8652 498
8653 431
8654 530
8655 420
8656 358
8657 527
8658 593
8659 447
8660 501
8661 493
8662 543
8663 592
8664 415
8665 477
8666 423
8667 580
8668 416
8669 494
8670 504
8671 537
8672 375
8673 530
8674 615
8675 528
8676 572
8677 493
8678 546
8679 398
8680 409
8681 425
8682 535
8683 550
8684 543
8685 522
8686 489
8687 433
8688 387
8689 545
8690 484
8691 570
8692 476
8693 486
8694 414
8695 494
8696 510
8697 509
8698 554
8699 588
8700 490
8701 238
8702 490
8703 409
8704 495
8705 482
8706 396
8707 504
8708 523
8709 553
8710 511
8711 395
8712 454
8713 469
8714 439
8715 509
8716 522
8717 511
8718 573
8719 549
8720 381
8721 548
8722 434
8723 474
8724 505
8725 525
8726 559
8727 425
8728 475
8729 469
8730 530
8731 397
8732 623
8733 494
8734 570
8735 544
8736 498
8737 643
8738 536
8739 559
8740 599
8741 385
8742 600
8743 590
8744 485
8745 426
8746 426
8747 471
8748 506
8749 556
8750 418
8751 518
8752 431
8753 613
8754 493
8755 449
8756 480
8757 576
8758 567
8759 539
8760 356
8761 512
8762 568
8763 448
8764 500
8765 591
8766 508
8767 346
8768 538
8769 507
8770 559
8771 607
8772 463
8773 513
8774 461
8775 598
8776 433
8777 480
8778 473
8779 486
8780 446
8781 650
8782 573
8783 428
8784 444
8785 398
8786 578
8787 506
8788 589
8789 522
8790 562
8791 450
8792 582
8793 465
8794 539
8795 494
8796 573
8797 578
8798 337
8799 456
8800 483
8801 472
8802 512
8803 473
8804 550
8805 517
8806 532
8807 419
8808 409
8809 380
8810 403
8811 551
8812 456
8813 569
8814 529
8815 267
8816 228
8817 355
8818 490
8819 525
8820 520
8821 438
8822 544
8823 533
8824 583
8825 455
8826 543
8827 541
8828 567
8829 458
8830 484
8831 435
8832 413
8833 493
8834 166
8835 538
8836 295
8837 537
8838 432
8839 597
8840 556
8841 462
8842 532
8843 397
8844 485
8845 514
8846 491
8847 373
8848 558
8849 683
8850 538
8851 484
8852 549
8853 596
8854 176
8855 601
8856 503
8857 572
8858 476
8859 560
8860 473
8861 488
8862 531
8863 515
8864 509
8865 537
8866 538
8867 365
8868 554
8869 506
8870 472
8871 482
8872 487
8873 546
8874 578
8875 447
8876 606
8877 584
8878 481
8879 581
8880 611
8881 440
8882 574
8883 507
8884 526
8885 589
8886 508
8887 528
8888 471
8889 460
8890 413
8891 535
8892 577
8893 429
8894 530
8895 465
8896 485
8897 422
8898 521
8899 478
8900 600
8901 380
8902 600
8903 496
8904 576
8905 584
8906 517
8907 535
8908 390
8909 492
8910 384
8911 513
8912 591
8913 499
8914 491
8915 479
8916 326
8917 426
8918 451
8919 591
8920 536
8921 564
8922 341
8923 207
8924 467
8925 468
8926 505
8927 499
8928 617
8929 535
8930 467
8931 389
8932 611
8933 523
8934 455
8935 599
8936 422
8937 396
8938 453
8939 519
8940 403
8941 443
8942 535
8943 490
8944 453
8945 567
8946 531
8947 565
8948 598
8949 361
8950 559
8951 498
8952 534
8953 442
8954 513
8955 438
8956 515
8957 404
8958 492
8959 513
8960 549
8961 484
8962 378
8963 371
8964 327
8965 625
8966 561
8967 331
8968 543
8969 325
8970 427
8971 534
8972 589
8973 526
8974 571
8975 514
8976 427
8977 527
8978 549
8979 597
8980 301
8981 518
8982 553
8983 428
8984 474
8985 519
8986 469
8987 504
8988 544
8989 514
8990 505
8991 531
8992 496
8993 444
8994 425
8995 485
8996 641
8997 420
8998 472
8999 540
9000 408
9001 362
9002 548
9003 469
9004 434
9005 536
9006 459
9007 437
9008 533
9009 552
9010 396
9011 424
9012 471
9013 539
9014 416
9015 469
9016 508
9017 447
9018 517
9019 552
9020 539
9021 462
9022 535
9023 550
9024 535
9025 467
9026 581
9027 363
9028 576
9029 603
9030 384
9031 546
9032 439
9033 539
9034 550
9035 541
9036 265
9037 460
9038 463
9039 463
9040 472
9041 466
9042 578
9043 562
9044 216
9045 475
9046 521
9047 409
9048 544
9049 496
9050 533
9051 267
9052 515
9053 391
9054 478
9055 595
9056 415
9057 482
9058 464
9059 144
9060 489
9061 369
9062 522
9063 324
9064 431
9065 560
9066 561
9067 593
9068 450
9069 503
9070 523
9071 406
9072 477
9073 522
9074 524
9075 253
9076 429
9077 500
9078 465
9079 589
9080 589
9081 363
9082 593
9083 516
9084 524
9085 331
9086 509
9087 505
9088 594
9089 569
9090 627
9091 501
9092 331
9093 494
9094 550
9095 452
9096 446
9097 501
9098 470
9099 461
9100 470
9101 529
9102 508
9103 405
9104 564
9105 370
9106 399
9107 493
9108 321
9109 509
9110 541
9111 376
9112 573
9113 519
9114 391
9115 489
9116 494
9117 533
9118 543
9119 353
9120 395
9121 445
9122 409
9123 467
9124 446
9125 363
9126 490
9127 509
9128 526
9129 587
9130 408
9131 639
9132 441
9133 527
9134 452
9135 570
9136 556
9137 527
9138 491
9139 629
9140 582
9141 324
9142 314
9143 532
9144 557
9145 513
9146 522
9147 484
9148 462
9149 529
9150 482
9151 542
9152 524
9153 429
9154 544
9155 430
9156 402
9157 372
9158 441
9159 267
9160 422
9161 495
9162 547
9163 381
9164 593
9165 386
9166 403
9167 300
9168 383
9169 432
9170 517
9171 274
9172 367
9173 516
9174 543
9175 424
9176 535
9177 441
9178 514
9179 439
9180 599
9181 507
9182 474
9183 485
9184 526
9185 468
9186 522
9187 474
9188 446
9189 467
9190 530
9191 456
9192 551
9193 280
9194 531
9195 420
9196 385
9197 499
9198 525
9199 0
9200 540
9201 455
9202 455
9203 524
9204 475
9205 536
9206 400
9207 478
9208 373
9209 469
9210 557
9211 399
9212 516
9213 467
9214 378
9215 535
9216 510
9217 479
9218 446
9219 492
9220 345
9221 488
9222 521
9223 475
9224 476
9225 543
9226 535
9227 619
9228 564
9229 487
9230 467
9231 621
9232 558
9233 549
9234 538
9235 282
9236 442
9237 402
9238 400
9239 601
9240 376
9241 592
9242 408
9243 539
9244 467
9245 434
9246 559
9247 412
9248 490
9249 388
9250 563
9251 452
9252 557
9253 579
9254 600
9255 586
9256 588
9257 425
9258 444
9259 492
9260 475
9261 474
9262 521
9263 541
9264 649
9265 512
9266 511
9267 505
9268 494
9269 379
9270 620
9271 603
9272 553
9273 558
9274 527
9275 375
9276 575
9277 371
9278 559
9279 424
9280 374
9281 276
9282 568
9283 533
9284 549
9285 437
9286 484
9287 523
9288 516
9289 528
9290 554
9291 427
9292 488
9293 231
9294 523
9295 578
9296 543
9297 479
9298 467
9299 535
9300 578
9301 555
9302 497
9303 482
9304 584
9305 171
9306 515
9307 501
9308 189
9309 479
9310 482
9311 431
9312 464
9313 474
9314 403
9315 592
9316 519
9317 405
9318 390
9319 433
9320 482
9321 488
9322 504
9323 406
9324 553
9325 473
9326 511
9327 504
9328 492
9329 569
9330 603
9331 330
9332 507
9333 588
9334 529
9335 363
9336 408
9337 458
9338 542
9339 217
9340 557
9341 452
9342 544
9343 353
9344 355
9345 399
9346 540
9347 397
9348 486
9349 575
9350 263
9351 426
9352 487
9353 532
9354 665
9355 468
9356 343
9357 509
9358 487
9359 538
9360 503
9361 486
9362 580
9363 386
9364 519
9365 369
9366 238
9367 506
9368 363
9369 450
9370 479
9371 565
9372 496
9373 456
9374 545
9375 486
9376 424
9377 391
9378 528
9379 518
9380 614
9381 493
9382 511
9383 493
9384 558
9385 562
9386 598
9387 395
9388 496
9389 466
9390 495
9391 551
9392 546
9393 365
9394 445
9395 523
9396 497
9397 472
9398 412
9399 179
9400 471
9401 504
9402 506
9403 575
9404 516
9405 552
9406 507
9407 571
9408 463
9409 205
9410 563
9411 597
9412 446
9413 489
9414 462
9415 460
9416 526
9417 578
9418 511
9419 391
9420 538
9421 484
9422 480
9423 423
9424 540
9425 401
9426 564
9427 477
9428 528
9429 327
9430 568
9431 446
9432 575
9433 530
9434 518
9435 524
9436 461
9437 416
9438 506
9439 538
9440 466
9441 470
9442 511
9443 529
9444 392
9445 557
9446 501
9447 429
9448 446
9449 299
9450 321
9451 595
9452 470
9453 507
9454 594
9455 552
9456 532
9457 502
9458 519
9459 483
9460 351
9461 574
9462 461
9463 575
9464 499
9465 537
9466 546
9467 546
9468 460
9469 510
9470 515
9471 521
9472 580
9473 528
9474 402
9475 497
9476 429
9477 482
9478 429
9479 493
9480 477
9481 613
9482 528
9483 535
9484 464
9485 535
9486 402
9487 594
9488 623
9489 493
9490 531
9491 504
9492 541
9493 450
9494 560
9495 574
9496 549
9497 500
9498 419
9499 504
9500 601
9501 518
9502 521
9503 427
9504 486
9505 548
9506 561
9507 393
9508 416
9509 485
9510 543
9511 492
9512 497
9513 615
9514 461
9515 423
9516 477
9517 522
9518 481
9519 552
9520 518
9521 518
9522 528
9523 572
9524 610
9525 490
9526 560
9527 526
9528 537
9529 330
9530 477
9531 482
9532 519
9533 510
9534 503
9535 442
9536 541
9537 370
9538 444
9539 424
9540 545
9541 594
9542 548
9543 428
9544 505
9545 482
9546 445
9547 581
9548 349
9549 434
9550 521
9551 522
9552 383
9553 379
9554 391
9555 473
9556 552
9557 438
9558 511
9559 442
9560 531
9561 549
9562 370
9563 537
9564 454
9565 451
9566 542
9567 501
9568 482
9569 484
9570 507
9571 225
9572 569
9573 530
9574 464
9575 482
9576 542
9577 430
9578 507
9579 430
9580 506
9581 596
9582 475
9583 605
9584 549
9585 587
9586 595
9587 459
9588 522
9589 603
9590 527
9591 390
9592 524
9593 457
9594 512
9595 462
9596 518
9597 545
9598 463
9599 382
9600 419
9601 529
9602 456
9603 552
9604 595
9605 490
9606 368
9607 484
9608 406
9609 558
9610 356
9611 362
9612 500
9613 412
9614 405
9615 438
9616 466
9617 392
9618 515
9619 515
9620 533
9621 555
9622 541
9623 532
9624 762
9625 530
9626 527
9627 592
9628 589
9629 415
9630 382
9631 616
9632 472
9633 197
9634 521
9635 490
9636 529
9637 420
9638 569
9639 429
9640 386
9641 582
9642 486
9643 493
9644 518
9645 505
9646 424
9647 485
9648 610
9649 486
9650 533
9651 454
9652 552
9653 484
9654 432
9655 549
9656 462
9657 474
9658 575
9659 501
9660 489
9661 608
9662 501
9663 425
9664 486
9665 323
9666 560
9667 504
9668 294
9669 361
9670 441
9671 414
9672 483
9673 516
9674 388
9675 453
9676 495
9677 538
9678 564
9679 480
9680 448
9681 411
9682 466
9683 520
9684 548
9685 369
9686 547
9687 392
9688 427
9689 560
9690 362
9691 525
9692 602
9693 411
9694 288
9695 430
9696 496
9697 563
9698 573
9699 536
9700 410
9701 510
9702 557
9703 533
9704 390
9705 472
9706 598
9707 560
9708 596
9709 550
9710 561
9711 536
9712 398
9713 477
9714 511
9715 389
9716 496
9717 509
9718 606
9719 450
9720 526
9721 518
9722 452
9723 303
9724 600
9725 537
9726 520
9727 478
9728 608
9729 593
9730 561
9731 551
9732 501
9733 485
9734 448
9735 307
9736 513
9737 539
9738 465
9739 478
9740 435
9741 442
9742 525
9743 479
9744 454
9745 503
9746 500
9747 528
9748 546
9749 444
9750 468
9751 576
9752 506
9753 525
9754 404
9755 540
9756 268
9757 541
9758 556
9759 308
9760 512
9761 460
9762 592
9763 510
9764 516
9765 403
9766 454
9767 514
9768 455
9769 478
9770 454
9771 553
9772 490
9773 291
9774 526
9775 520
9776 501
9777 557
9778 531
9779 414
9780 511
9781 476
9782 514
9783 525
9784 386
9785 374
9786 524
9787 474
9788 535
9789 608
9790 562
9791 530
9792 345
9793 497
9794 507
9795 630
9796 573
9797 445
9798 525
9799 454
9800 571
9801 535
9802 401
9803 506
9804 496
9805 537
9806 591
9807 508
9808 510
9809 407
9810 539
9811 544
9812 567
9813 411
9814 36
9815 334
9816 602
9817 618
9818 468
9819 488
9820 432
9821 447
9822 514
9823 585
9824 269
9825 582
9826 489
9827 555
9828 566
9829 549
9830 475
9831 500
9832 565
9833 505
9834 570
9835 521
9836 485
9837 548
9838 484
9839 540
9840 529
9841 526
9842 494
9843 484
9844 460
9845 533
9846 466
9847 304
9848 570
9849 507
9850 430
9851 478
9852 573
9853 531
9854 474
9855 388
9856 427
9857 531
9858 538
9859 373
9860 543
9861 646
9862 508
9863 485
9864 398
9865 203
9866 499
9867 457
9868 526
9869 454
9870 420
9871 402
9872 443
9873 291
9874 566
9875 505
9876 557
9877 539
9878 572
9879 615
9880 443
9881 549
9882 548
9883 429
9884 360
9885 468
9886 245
9887 553
9888 536
9889 492
9890 480
9891 516
9892 497
9893 527
9894 586
9895 294
9896 516
9897 531
9898 550
9899 486
9900 471
9901 472
9902 533
9903 480
9904 588
9905 581
9906 510
9907 556
9908 533
9909 514
9910 418
9911 636
9912 592
9913 516
9914 455
9915 516
9916 406
9917 334
9918 553
9919 458
9920 546
9921 541
9922 519
9923 396
9924 508
9925 360
9926 489
9927 597
9928 562
9929 461
9930 352
9931 533
9932 505
9933 496
9934 531
9935 534
9936 547
9937 524
9938 338
9939 470
9940 529
9941 536
9942 583
9943 484
9944 574
9945 510
9946 428
9947 418
9948 443
9949 538
9950 462
9951 491
9952 587
9953 506
9954 552
9955 557
9956 469
9957 392
9958 557
9959 597
9960 493
9961 425
9962 494
9963 521
9964 527
9965 497
9966 524
9967 553
9968 586
9969 572
9970 447
9971 383
9972 516
9973 517
9974 536
9975 331
9976 350
9977 510
9978 523
9979 573
9980 486
9981 413
9982 392
9983 567
9984 617
9985 471
9986 332
9987 505
9988 569
9989 330
9990 533
9991 559
9992 450
9993 307
9994 553
9995 557
9996 480
9997 560
9998 495
9999 548
10000 478
10001 359
10002 577
10003 571
10004 548
10005 498
10006 416
10007 607
10008 478
10009 432
10010 521
10011 487
10012 586
10013 566
10014 253
10015 524
10016 541
10017 517
10018 501
10019 354
10020 413
10021 489
10022 511
10023 557
10024 475
10025 534
10026 540
10027 457
10028 249
10029 558
10030 291
10031 305
10032 457
10033 593
10034 566
10035 436
10036 541
10037 553
10038 564
10039 81
10040 540
10041 553
10042 399
10043 346
10044 486
10045 360
10046 482
10047 340
10048 428
10049 529
10050 591
10051 288
10052 359
10053 517
10054 395
10055 580
10056 567
10057 543
10058 303
10059 525
10060 625
10061 579
10062 427
10063 460
10064 320
10065 410
10066 542
10067 360
10068 580
10069 446
10070 536
10071 536
10072 323
10073 522
10074 484
10075 500
10076 534
10077 508
10078 567
10079 476
10080 553
10081 430
10082 258
10083 364
10084 457
10085 578
10086 476
10087 506
10088 529
10089 529
10090 549
10091 495
10092 625
10093 446
10094 474
10095 498
10096 491
10097 502
10098 482
10099 421
10100 521
10101 533
10102 505
10103 476
10104 548
10105 554
10106 554
10107 534
10108 461
10109 369
10110 453
10111 356
10112 495
10113 503
10114 475
10115 398
10116 526
10117 338
10118 529
10119 541
10120 436
10121 450
10122 522
10123 512
10124 457
10125 412
10126 508
10127 564
10128 515
10129 318
10130 394
10131 442
10132 565
10133 299
10134 477
10135 390
10136 567
10137 529
10138 436
10139 455
10140 558
10141 523
10142 410
10143 424
10144 513
10145 310
10146 285
10147 483
10148 318
10149 512
10150 467
10151 521
10152 407
10153 412
10154 493
10155 513
10156 565
10157 462
10158 506
10159 570
10160 514
10161 492
10162 298
10163 506
10164 407
10165 550
10166 520
10167 533
10168 542
10169 423
10170 365
10171 375
10172 538
10173 513
10174 503
10175 502
10176 405
10177 575
10178 514
10179 633
10180 614
10181 495
10182 496
10183 388
10184 524
10185 341
10186 485
10187 434
10188 528
10189 407
10190 446
10191 526
10192 523
10193 573
10194 471
10195 440
10196 599
10197 408
10198 509
10199 316
10200 521
10201 512
10202 555
10203 460
10204 468
10205 447
10206 506
10207 517
10208 481
10209 404
10210 598
10211 530
10212 471
10213 526
10214 502
10215 494
10216 482
10217 390
10218 427
10219 545
10220 268
10221 535
10222 617
10223 514
10224 481
10225 601
10226 360
10227 529
10228 506
10229 418
10230 487
10231 496
10232 339
10233 522
10234 488
10235 498
10236 620
10237 415
10238 475
10239 447
10240 394
10241 439
10242 598
10243 514
10244 495
10245 470
10246 529
10247 451
10248 470
10249 497
10250 533
10251 587
10252 490
10253 546
10254 311
10255 376
10256 468
10257 475
10258 516
10259 454
10260 505
10261 476
10262 497
10263 242
10264 473
10265 500
10266 561
10267 480
10268 471
10269 418
10270 541
10271 581
10272 529
10273 494
10274 484
10275 553
10276 523
10277 528
10278 478
10279 544
10280 570
10281 562
10282 545
10283 320
10284 521
10285 601
10286 556
10287 549
10288 459
10289 386
10290 528
10291 489
10292 490
10293 549
10294 572
10295 523
10296 425
10297 514
10298 601
10299 586
10300 561
10301 491
10302 455
10303 390
10304 550
10305 418
10306 548
10307 369
10308 588
10309 526
10310 613
10311 543
10312 401
10313 548
10314 306
10315 558
10316 427
10317 474
10318 361
10319 597
10320 504
10321 424
10322 501
10323 610
10324 522
10325 530
10326 550
10327 525
10328 523
10329 532
10330 521
10331 559
10332 497
10333 567
10334 477
10335 387
10336 559
10337 593
10338 443
10339 499
10340 451
10341 383
10342 577
10343 525
10344 480
10345 542
10346 408
10347 517
10348 502
10349 514
10350 680
10351 516
10352 562
10353 552
10354 583
10355 562
10356 505
10357 526
10358 442
10359 541
10360 516
10361 535
10362 596
10363 547
10364 562
10365 475
10366 304
10367 497
10368 489
10369 465
10370 643
10371 550
10372 509
10373 528
10374 451
10375 472
10376 424
10377 472
10378 504
10379 588
10380 447
10381 514
10382 605
10383 400
10384 487
10385 281
10386 540
10387 538
10388 419
10389 519
10390 557
10391 487
10392 576
10393 470
10394 491
10395 563
10396 331
10397 323
10398 488
10399 518
10400 524
10401 509
10402 506
10403 449
10404 523
10405 605
10406 563
10407 435
10408 518
10409 510
10410 530
10411 460
10412 329
10413 284
10414 509
10415 470
10416 518
10417 491
10418 398
10419 575
10420 456
10421 628
10422 489
10423 420
10424 537
10425 482
10426 423
10427 566
10428 513
10429 484
10430 544
10431 344
10432 540
10433 494
10434 478
10435 548
10436 484
10437 536
10438 545
10439 176
10440 591
10441 534
10442 464
10443 524
10444 493
10445 654
10446 610
10447 442
10448 448
10449 251
10450 603
10451 560
10452 597
10453 465
10454 582
10455 558
10456 640
10457 492
10458 429
10459 516
10460 468
10461 541
10462 551
10463 471
10464 530
10465 479
10466 533
10467 436
10468 489
10469 548
10470 397
10471 547
10472 497
10473 531
10474 442
10475 547
10476 534
10477 472
10478 573
10479 467
10480 546
10481 436
10482 376
10483 477
10484 604
10485 401
10486 520
10487 559
10488 516
10489 492
10490 556
10491 555
10492 531
10493 600
10494 384
10495 390
10496 370
10497 470
10498 531
10499 411
10500 384
10501 505
10502 513
10503 572
10504 582
10505 464
10506 465
10507 476
10508 486
10509 378
10510 533
10511 523
10512 518
10513 507
10514 588
10515 531
10516 542
10517 535
10518 570
10519 542
10520 500
10521 555
10522 497
10523 572
10524 478
10525 445
10526 490
10527 390
10528 267
10529 525
10530 452
10531 558
10532 588
10533 462
10534 519
10535 483
10536 514
10537 558
10538 534
10539 555
10540 545
10541 501
10542 508
10543 522
10544 452
10545 415
10546 551
10547 525
10548 541
10549 464
10550 387
10551 527
10552 489
10553 468
10554 442
10555 545
10556 468
10557 484
10558 529
10559 488
10560 501
10561 467
10562 418
10563 471
10564 516
10565 566
10566 624
10567 514
10568 585
10569 404
10570 550
10571 571
10572 512
10573 510
10574 484
10575 502
10576 475
10577 405
10578 474
10579 564
10580 577
10581 440
10582 568
10583 417
10584 512
10585 525
10586 503
10587 318
10588 372
10589 541
10590 517
10591 595
10592 633
10593 528
10594 542
10595 541
10596 462
10597 470
10598 449
10599 507
10600 450
10601 449
10602 564
10603 453
10604 477
10605 569
10606 471
10607 568
10608 457
10609 490
10610 494
10611 499
10612 456
10613 523
10614 623
10615 402
10616 404
10617 467
10618 393
10619 506
10620 545
10621 547
10622 484
10623 636
10624 379
10625 427
10626 558
10627 535
10628 522
10629 404
10630 498
10631 400
10632 418
10633 507
10634 440
10635 591
10636 442
10637 431
10638 564
10639 539
10640 558
10641 485
10642 495
10643 502
10644 549
10645 403
10646 579
10647 377
10648 510
10649 471
10650 486
10651 572
10652 374
10653 540
10654 532
10655 403
10656 491
10657 475
10658 413
10659 523
10660 568
10661 509
10662 452
10663 597
10664 236
10665 521
10666 500
10667 394
10668 548
10669 528
10670 528
10671 552
10672 429
10673 572
10674 406
10675 628
10676 526
10677 471
10678 583
10679 424
10680 487
10681 464
10682 433
10683 501
10684 529
10685 595
10686 509
10687 543
10688 622
10689 582
10690 612
10691 501
10692 371
10693 425
10694 384
10695 547
10696 430
10697 438
10698 455
10699 450
10700 505
10701 353
10702 464
10703 541
10704 586
10705 504
10706 513
10707 500
10708 495
10709 561
10710 471
10711 611
10712 570
10713 582
10714 521
10715 510
10716 524
10717 500
10718 423
10719 537
10720 391
10721 437
10722 499
10723 494
10724 471
10725 458
10726 515
10727 449
10728 578
10729 424
10730 520
10731 494
10732 547
10733 513
10734 407
10735 453
10736 464
10737 462
10738 587
10739 287
10740 366
10741 515
10742 610
10743 574
10744 492
10745 511
10746 550
10747 553
10748 520
10749 487
10750 440
10751 517
10752 451
10753 538
10754 594
10755 520
10756 456
10757 595
10758 427
10759 494
10760 582
10761 551
10762 443
10763 482
10764 441
10765 435
10766 377
10767 407
10768 500
10769 579
10770 497
10771 476
10772 374
10773 555
10774 383
10775 595
10776 509
10777 499
10778 523
10779 380
10780 560
10781 460
10782 517
10783 438
10784 562
10785 498
10786 411
10787 670
10788 567
10789 474
10790 462
10791 311
10792 500
10793 596
10794 399
10795 522
10796 535
10797 496
10798 389
10799 641
10800 531
10801 536
10802 417
10803 307
10804 594
10805 563
10806 616
10807 370
10808 460
10809 342
10810 558
10811 471
10812 349
10813 390
10814 300
10815 405
10816 458
10817 415
10818 498
10819 597
10820 567
10821 538
10822 611
10823 501
10824 537
10825 460
10826 490
10827 104
10828 511
10829 507
10830 513
10831 490
10832 472
10833 368
10834 567
10835 487
10836 574
10837 541
10838 397
10839 496
10840 549
10841 441
10842 552
10843 577
10844 605
10845 480
10846 564
10847 603
10848 392
10849 533
10850 602
10851 513
10852 562
10853 477
10854 500
10855 540
10856 344
10857 603
10858 481
10859 492
10860 516
10861 384
10862 455
10863 492
10864 445
10865 489
10866 519
10867 598
10868 407
10869 535
10870 292
10871 557
10872 489
10873 511
10874 333
10875 472
10876 545
10877 259
10878 600
10879 528
10880 437
10881 491
10882 513
10883 444
10884 462
10885 300
10886 391
10887 334
10888 567
10889 500
10890 540
10891 577
10892 521
10893 506
10894 517
10895 307
10896 513
10897 593
10898 623
10899 468
10900 517
10901 507
10902 563
10903 543
10904 574
10905 510
10906 346
10907 570
10908 523
10909 376
10910 586
10911 460
10912 495
10913 535
10914 516
10915 355
10916 459
10917 498
10918 542
10919 510
10920 522
10921 522
10922 448
10923 514
10924 394
10925 584
10926 496
10927 400
10928 451
10929 341
10930 554
10931 566
10932 421
10933 543
10934 554
10935 548
10936 451
10937 381
10938 216
10939 519
10940 546
10941 569
10942 476
10943 469
10944 450
10945 407
10946 322
10947 618
10948 640
10949 538
10950 500
10951 570
10952 471
10953 574
10954 483
10955 347
10956 569
10957 547
10958 493
10959 551
10960 508
10961 492
10962 417
10963 315
10964 558
10965 452
10966 519
10967 566
10968 538
10969 369
10970 451
10971 453
10972 288
10973 465
10974 426
10975 223
10976 309
10977 528
10978 560
10979 332
10980 564
10981 598
10982 483
10983 529
10984 533
10985 527
10986 503
10987 412
10988 597
10989 478
10990 572
10991 426
10992 402
10993 532
10994 529
10995 555
10996 483
10997 531
10998 481
10999 380
11000 510
11001 383
11002 367
11003 519
11004 507
11005 564
11006 356
11007 535
11008 570
11009 279
11010 491
11011 467
11012 522
11013 451
11014 518
11015 495
11016 508
11017 528
11018 550
11019 377
11020 392
11021 507
11022 600
11023 564
11024 445
11025 574
11026 532
11027 421
11028 607
11029 458
11030 578
11031 395
11032 477
11033 542
11034 440
11035 453
11036 524
11037 445
11038 520
11039 349
11040 510
11041 593
11042 411
11043 466
11044 597
11045 614
11046 482
11047 543
11048 483
11049 407
11050 585
11051 404
11052 398
11053 567
11054 580
11055 488
11056 569
11057 466
11058 413
11059 536
11060 594
11061 450
11062 529
11063 387
11064 508
11065 560
11066 561
11067 357
11068 596
11069 494
11070 427
11071 504
11072 475
11073 403
11074 530
11075 549
11076 284
11077 495
11078 471
11079 475
11080 553
11081 375
11082 543
11083 430
11084 496
11085 451
11086 513
11087 514
11088 388
11089 548
11090 391
11091 557
11092 530
11093 531
11094 501
11095 426
11096 520
11097 529
11098 447
11099 412
11100 333
11101 513
11102 504
11103 579
11104 497
11105 590
11106 611
11107 510
11108 438
11109 557
11110 492
11111 479
11112 541
11113 494
11114 467
11115 525
11116 477
11117 436
11118 425
11119 548
11120 548
11121 513
11122 458
11123 483
11124 317
11125 418
11126 560
11127 364
11128 590
11129 540
11130 430
11131 449
11132 374
11133 415
11134 435
11135 514
11136 442
11137 548
11138 525
11139 471
11140 477
11141 555
11142 504
11143 549
11144 543
11145 507
11146 406
11147 618
11148 392
11149 555
11150 580
11151 538
11152 404
11153 455
11154 535
11155 537
11156 472
11157 457
11158 460
11159 491
11160 455
11161 575
11162 322
11163 517
11164 561
11165 532
11166 299
11167 494
11168 388
11169 504
11170 317
11171 512
11172 421
11173 550
11174 527
11175 500
11176 447
11177 561
11178 494
11179 471
11180 551
11181 523
11182 428
11183 549
11184 526
11185 504
11186 554
11187 544
11188 465
11189 541
11190 559
11191 566
11192 466
11193 486
11194 564
11195 386
11196 548
11197 552
11198 526
11199 566
11200 506
11201 154
11202 590
11203 606
11204 337
11205 342
11206 444
11207 574
11208 516
11209 497
11210 519
11211 531
11212 596
11213 475
11214 493
11215 364
11216 489
11217 551
11218 477
11219 558
11220 346
11221 432
11222 572
11223 604
11224 538
11225 477
11226 393
11227 558
11228 516
11229 531
11230 408
11231 453
11232 543
11233 236
11234 542
11235 489
11236 464
11237 491
11238 416
11239 509
11240 500
11241 465
11242 386
11243 479
11244 527
11245 573
11246 451
11247 531
11248 455
11249 448
11250 523
11251 523
11252 411
11253 601
11254 397
11255 518
11256 395
11257 563
11258 500
11259 410
11260 471
11261 488
11262 516
11263 568
11264 559
11265 174
11266 558
11267 409
11268 556
11269 339
11270 368
11271 535
11272 559
11273 473
11274 523
11275 483
11276 449
11277 341
11278 594
11279 538
11280 541
11281 297
11282 500
11283 476
11284 574
11285 581
11286 169
11287 538
11288 492
11289 619
11290 376
11291 509
11292 535
11293 480
11294 359
11295 521
11296 437
11297 492
11298 550
11299 471
11300 588
11301 474
11302 516
11303 390
11304 430
11305 533
11306 424
11307 533
11308 312
11309 532
11310 508
11311 528
11312 505
11313 478
11314 558
11315 485
11316 403
11317 538
11318 485
11319 203
11320 332
11321 554
11322 493
11323 588
11324 359
11325 516
11326 443
11327 593
11328 359
11329 580
11330 526
11331 557
11332 577
11333 578
11334 334
11335 591
11336 498
11337 441
11338 414
11339 433
11340 386
11341 546
11342 515
11343 372
11344 506
11345 520
11346 507
11347 464
11348 511
11349 350
11350 434
11351 531
11352 518
11353 477
11354 550
11355 230
11356 461
11357 515
11358 502
11359 455
11360 491
11361 464
11362 422
11363 581
11364 532
11365 424
11366 391
11367 490
11368 466
11369 549
11370 510
11371 417
11372 327
11373 429
11374 518
11375 588
11376 534
11377 494
11378 496
11379 496
11380 523
11381 562
11382 504
11383 582
11384 457
11385 483
11386 553
11387 466
11388 562
11389 530
11390 459
11391 566
11392 560
11393 370
11394 544
11395 578
11396 468
11397 560
11398 425
11399 498
11400 496
11401 574
11402 530
11403 601
11404 416
11405 511
11406 431
11407 447
11408 436
11409 480
11410 514
11411 540
11412 468
11413 509
11414 506
11415 494
11416 502
11417 518
11418 572
11419 506
11420 396
11421 400
11422 553
11423 544
11424 465
11425 593
11426 508
11427 525
11428 490
11429 561
11430 419
11431 498
11432 380
11433 419
11434 287
11435 587
11436 453
11437 575
11438 494
11439 459
11440 608
11441 516
11442 539
11443 439
11444 569
11445 529
11446 580
11447 565
11448 622
11449 556
11450 593
11451 507
11452 430
11453 428
11454 502
11455 546
11456 363
11457 431
11458 432
11459 480
11460 514
11461 554
11462 344
11463 492
11464 476
11465 421
11466 565
11467 497
11468 492
11469 504
11470 522
11471 640
11472 305
11473 530
11474 541
11475 554
11476 607
11477 461
11478 455
11479 544
11480 529
11481 554
11482 530
11483 483
11484 530
11485 35
11486 498
11487 489
11488 581
11489 568
11490 540
11491 489
11492 519
11493 400
11494 546
11495 601
11496 411
11497 580
11498 357
11499 498
11500 453
11501 610
11502 421
11503 392
11504 463
11505 356
11506 580
11507 554
11508 361
11509 543
11510 578
11511 542
11512 494
11513 479
11514 414
11515 596
11516 586
11517 450
11518 524
11519 487
11520 330
11521 602
11522 567
11523 405
11524 469
11525 535
11526 592
11527 389
11528 540
11529 517
11530 374
11531 517
11532 499
11533 539
11534 338
11535 403
11536 586
11537 409
11538 448
11539 449
11540 524
11541 472
11542 341
11543 564
11544 531
11545 533
11546 440
11547 506
11548 545
11549 502
11550 442
11551 496
11552 508
11553 385
11554 491
11555 308
11556 509
11557 559
11558 565
11559 537
11560 494
11561 480
11562 557
11563 427
11564 545
11565 542
11566 401
11567 403
11568 306
11569 473
11570 579
11571 437
11572 470
11573 562
11574 529
11575 459
11576 501
11577 548
11578 568
11579 507
11580 542
11581 591
11582 521
11583 564
11584 473
11585 609
11586 529
11587 391
11588 601
11589 531
11590 574
11591 458
11592 558
11593 551
11594 570
11595 476
11596 512
11597 544
11598 523
11599 602
11600 524
11601 450
11602 290
11603 486
11604 478
11605 359
11606 567
11607 534
11608 498
11609 314
11610 372
11611 526
11612 562
11613 472
11614 500
11615 217
11616 555
11617 494
11618 477
11619 337
11620 515
11621 483
11622 578
11623 573
11624 431
11625 485
11626 520
11627 431
11628 405
11629 506
11630 544
11631 501
11632 540
11633 543
11634 454
11635 484
11636 504
11637 558
11638 456
11639 555
11640 420
11641 555
11642 532
11643 579
11644 576
11645 476
11646 419
11647 509
11648 432
11649 459
11650 389
11651 519
11652 557
11653 377
11654 532
11655 593
11656 470
11657 523
11658 489
11659 489
11660 356
11661 372
11662 572
11663 614
11664 342
11665 507
11666 552
11667 641
11668 486
11669 543
11670 479
11671 474
11672 523
11673 508
11674 508
11675 489
11676 551
11677 588
11678 486
11679 412
11680 493
11681 580
11682 571
11683 573
11684 559
11685 480
11686 572
11687 531
11688 502
11689 507
11690 569
11691 496
11692 562
11693 453
11694 552
11695 518
11696 532
11697 494
11698 521
11699 513
11700 334
11701 462
11702 463
11703 578
11704 504
11705 391
11706 476
11707 439
11708 469
11709 451
11710 456
11711 505
11712 502
11713 532
11714 601
11715 506
11716 518
11717 512
11718 562
11719 472
11720 510
11721 558
11722 505
11723 529
11724 549
11725 533
11726 606
11727 532
11728 580
11729 619
11730 508
11731 519
11732 481
11733 582
11734 474
11735 577
11736 546
11737 534
11738 524
11739 557
11740 438
11741 343
11742 442
11743 505
11744 528
11745 488
11746 496
11747 550
11748 609
11749 484
11750 354
11751 540
11752 524
11753 466
11754 601
11755 526
11756 574
11757 561
11758 608
11759 454
11760 481
11761 507
11762 482
11763 553
11764 532
11765 547
11766 502
11767 563
11768 447
11769 445
11770 520
11771 437
11772 516
11773 492
11774 542
11775 640
11776 349
11777 271
11778 243
11779 392
11780 490
11781 477
11782 376
11783 465
11784 383
11785 462
11786 383
11787 373
11788 439
11789 490
11790 449
11791 403
11792 487
11793 449
11794 531
11795 541
11796 529
11797 288
11798 347
11799 515
11800 570
11801 567
11802 1
11803 300
11804 489
11805 497
11806 550
11807 469
11808 561
11809 527
11810 578
11811 513
11812 591
11813 537
11814 438
11815 382
11816 561
11817 577
11818 533
11819 434
11820 271
11821 549
11822 543
11823 509
11824 342
11825 559
11826 451
11827 613
11828 444
11829 593
11830 186
11831 486
11832 458
11833 554
11834 451
11835 307
11836 520
11837 368
11838 535
11839 608
11840 535
11841 489
11842 582
11843 293
11844 571
11845 507
11846 503
11847 391
11848 517
11849 311
11850 520
11851 538
11852 471
11853 588
11854 491
11855 494
11856 406
11857 541
11858 529
11859 395
11860 365
11861 309
11862 385
11863 479
11864 533
11865 558
11866 377
11867 459
11868 393
11869 444
11870 540
11871 564
11872 500
11873 325
11874 559
11875 615
11876 576
11877 528
11878 482
11879 574
11880 487
11881 355
11882 489
11883 411
11884 581
11885 473
11886 558
11887 556
11888 421
11889 431
11890 568
11891 463
11892 496
11893 399
11894 420
11895 237
11896 595
11897 579
11898 487
11899 458
11900 563
11901 570
11902 556
11903 435
11904 463
11905 538
11906 536
11907 399
11908 421
11909 510
11910 433
11911 630
11912 455
11913 514
11914 462
11915 573
11916 408
11917 401
11918 558
11919 573
11920 480
11921 383
11922 418
11923 393
11924 395
11925 401
11926 449
11927 406
11928 408
11929 388
11930 338
11931 524
11932 498
11933 523
11934 546
11935 452
11936 393
11937 519
11938 515
11939 426
11940 497
11941 508
11942 304
11943 436
11944 483
11945 323
11946 490
11947 397
11948 424
11949 373
11950 526
11951 474
11952 598
11953 510
11954 562
11955 550
11956 626
11957 387
11958 479
11959 525
11960 471
11961 458
11962 509
11963 325
11964 467
11965 435
11966 533
11967 377
11968 488
11969 495
11970 480
11971 598
11972 577
11973 462
11974 563
11975 542
11976 499
11977 540
11978 452
11979 492
11980 349
11981 550
11982 503
11983 581
11984 436
11985 540
11986 424
11987 558
11988 457
11989 575
11990 468
11991 195
11992 546
11993 520
11994 333
11995 489
11996 515
11997 455
11998 535
11999 526
12000 550
12001 598
12002 484
12003 531
12004 419
12005 431
12006 427
12007 599
12008 585
12009 455
12010 491
12011 515
12012 273
12013 539
12014 582
12015 379
12016 354
12017 492
12018 560
12019 580
12020 434
12021 555
12022 503
12023 420
12024 487
12025 642
12026 483
12027 468
12028 380
12029 559
12030 345
12031 360
12032 519
12033 515
12034 370
12035 466
12036 260
12037 538
12038 601
12039 535
12040 567
12041 549
12042 456
12043 468
12044 499
12045 304
12046 434
12047 529
12048 607
12049 505
12050 459
12051 538
12052 451
12053 547
12054 516
12055 419
12056 541
12057 452
12058 527
12059 512
12060 433
12061 498
12062 536
12063 439
12064 580
12065 604
12066 561
12067 580
12068 683
12069 582
12070 509
12071 376
12072 548
12073 579
12074 418
12075 601
12076 559
12077 633
12078 364
12079 505
12080 523
12081 566
12082 495
12083 413
12084 577
12085 505
12086 521
12087 508
12088 389
12089 410
12090 535
12091 340
12092 483
12093 608
12094 551
12095 519
12096 595
12097 521
12098 536
12099 270
12100 537
12101 497
12102 477
12103 529
12104 523
12105 492
12106 504
12107 393
12108 458
12109 376
12110 571
12111 329
12112 518
12113 474
12114 586
12115 472
12116 445
12117 437
12118 345
12119 547
12120 587
12121 562
12122 517
12123 482
12124 575
12125 389
12126 548
12127 488
12128 489
12129 450
12130 548
12131 588
12132 305
12133 542
12134 603
12135 466
12136 317
12137 556
12138 499
12139 300
12140 512
12141 403
12142 560
12143 481
12144 467
12145 470
12146 212
12147 517
12148 537
12149 490
12150 487
12151 442
12152 476
12153 326
12154 332
12155 469
12156 547
12157 355
12158 482
12159 515
12160 498
12161 465
12162 504
12163 519
12164 571
12165 526
12166 555
12167 488
12168 342
12169 595
12170 542
12171 465
12172 575
12173 481
12174 591
12175 376
12176 532
12177 528
12178 550
12179 440
12180 536
12181 521
12182 558
12183 645
12184 444
12185 488
12186 533
12187 550
12188 530
12189 472
12190 530
12191 547
12192 503
12193 553
12194 491
12195 531
12196 477
12197 575
12198 516
12199 536
12200 418
12201 521
12202 543
12203 503
12204 511
12205 467
12206 526
12207 578
12208 478
12209 618
12210 617
12211 474
12212 400
12213 393
12214 561
12215 459
12216 500
12217 440
12218 509
12219 434
12220 532
12221 428
12222 510
12223 446
12224 317
12225 314
12226 538
12227 525
12228 489
12229 381
12230 601
12231 474
12232 480
12233 507
12234 530
12235 476
12236 569
12237 401
12238 481
12239 451
12240 505
12241 550
12242 502
12243 525
12244 419
12245 484
12246 489
12247 363
12248 594
12249 555
12250 567
12251 507
12252 429
12253 556
12254 395
12255 550
12256 533
12257 510
12258 354
12259 547
12260 422
12261 591
12262 511
12263 508
12264 451
12265 471
12266 552
12267 401
12268 496
12269 492
12270 363
12271 446
12272 275
12273 506
12274 411
12275 516
12276 484
12277 462
12278 432
12279 475
12280 591
12281 583
12282 518
12283 526
12284 522
12285 512
12286 502
12287 169
12288 428
12289 306
12290 495
12291 383
12292 462
12293 544
12294 475
12295 533
12296 587
12297 497
12298 587
12299 457
12300 490
12301 549
12302 572
12303 572
12304 556
12305 588
12306 591
12307 572
12308 471
12309 486
12310 451
12311 585
12312 588
12313 611
12314 558
12315 479
12316 364
12317 585
12318 537
12319 523
12320 516
12321 451
12322 658
12323 584
12324 463
12325 576
12326 496
12327 613
12328 529
12329 462
12330 574
12331 521
12332 496
12333 499
12334 496
12335 486
12336 502
12337 487
12338 512
12339 140
12340 545
12341 413
12342 539
12343 513
12344 426
12345 535
12346 443
12347 569
12348 550
12349 440
12350 480
12351 437
12352 345
12353 509
12354 564
12355 478
12356 497
12357 594
12358 376
12359 502
12360 553
12361 572
12362 527
12363 363
12364 491
12365 622
12366 528
12367 473
12368 550
12369 569
12370 440
12371 524
12372 542
12373 432
12374 571
12375 591
12376 528
12377 418
12378 456
12379 407
12380 564
12381 555
12382 465
12383 481
12384 556
12385 533
12386 385
12387 541
12388 572
12389 535
12390 10
12391 522
12392 545
12393 450
12394 411
12395 544
12396 630
12397 572
12398 510
12399 569
12400 406
12401 262
12402 559
12403 405
12404 360
12405 363
12406 511
12407 487
12408 517
12409 508
12410 484
12411 585
12412 345
12413 528
12414 535
12415 597
12416 524
12417 521
12418 413
12419 564
12420 366
12421 590
12422 442
12423 606
12424 512
12425 544
12426 574
12427 493
12428 486
12429 443
12430 530
12431 563
12432 597
12433 540
12434 442
12435 498
12436 579
12437 588
12438 351
12439 476
12440 530
12441 479
12442 604
12443 504
12444 564
12445 535
12446 525
12447 277
12448 528
12449 498
12450 584
12451 443
12452 530
12453 393
12454 552
12455 320
12456 551
12457 481
12458 512
12459 561
12460 476
12461 452
12462 578
12463 282
12464 428
12465 483
12466 436
12467 458
12468 500
12469 533
12470 466
12471 437
12472 507
12473 478
12474 461
12475 545
12476 485
12477 506
12478 441
12479 538
12480 514
12481 511
12482 502
12483 509
12484 505
12485 398
12486 509
12487 605
12488 527
12489 553
12490 416
12491 515
12492 597
12493 529
12494 595
12495 371
12496 630
12497 538
12498 385
12499 560
12500 512
12501 531
12502 539
12503 486
12504 462
12505 401
12506 560
12507 537
12508 554
12509 512
12510 502
12511 419
12512 539
12513 482
12514 581
12515 403
12516 483
12517 531
12518 561
12519 489
12520 497
12521 625
12522 531
12523 464
12524 419
12525 545
12526 501
12527 468
12528 420
12529 474
12530 519
12531 513
12532 250
12533 498
12534 377
12535 429
12536 458
12537 525
12538 517
12539 408
12540 447
12541 598
12542 616
12543 564
12544 407
12545 500
12546 536
12547 506
12548 479
12549 500
12550 524
12551 495
12552 601
12553 571
12554 571
12555 499
12556 568
12557 414
12558 365
12559 562
12560 411
12561 436
12562 432
12563 519
12564 536
12565 502
12566 431
12567 545
12568 552
12569 507
12570 387
12571 515
12572 447
12573 506
12574 450
12575 416
12576 560
12577 407
12578 357
12579 367
12580 446
12581 539
12582 384
12583 484
12584 178
12585 351
12586 383
12587 507
12588 568
12589 548
12590 475
12591 564
12592 525
12593 425
12594 310
12595 571
12596 541
12597 407
12598 374
12599 563
12600 503
12601 399
12602 470
12603 500
12604 549
12605 527
12606 465
12607 515
12608 516
12609 455
12610 261
12611 509
12612 545
12613 301
12614 494
12615 520
12616 546
12617 479
12618 539
12619 562
12620 469
12621 431
12622 410
12623 543
12624 529
12625 497
12626 589
12627 531
12628 533
12629 523
12630 572
12631 414
12632 425
12633 577
12634 493
12635 520
12636 430
12637 538
12638 603
12639 484
12640 400
12641 459
12642 447
12643 572
12644 536
12645 412
12646 323
12647 594
12648 522
12649 540
12650 536
12651 460
12652 558
12653 488
12654 500
12655 546
12656 354
12657 564
12658 515
12659 523
12660 541
12661 514
12662 576
12663 460
12664 560
12665 429
12666 481
12667 559
12668 518
12669 440
12670 460
12671 531
12672 524
12673 300
12674 452
12675 472
12676 487
12677 526
12678 311
12679 557
12680 429
12681 536
12682 530
12683 472
12684 417
12685 484
12686 515
12687 559
12688 489
12689 478
12690 521
12691 468
12692 549
12693 572
12694 543
12695 429
12696 358
12697 451
12698 541
12699 528
12700 488
12701 498
12702 413
12703 586
12704 576
12705 527
12706 577
12707 544
12708 490
12709 520
12710 510
12711 628
12712 554
12713 565
12714 374
12715 542
12716 478
12717 564
12718 530
12719 501
12720 406
12721 578
12722 544
12723 576
12724 414
12725 442
12726 566
12727 574
12728 411
12729 533
12730 550
12731 535
12732 358
12733 611
12734 434
12735 510
12736 444
12737 532
12738 558
12739 475
12740 437
12741 508
12742 456
12743 507
12744 535
12745 513
12746 422
12747 491
12748 509
12749 435
12750 498
12751 612
12752 547
12753 553
12754 492
12755 527
12756 488
12757 383
12758 510
12759 488
12760 413
12761 585
12762 525
12763 504
12764 496
12765 549
12766 551
12767 571
12768 527
12769 442
12770 503
12771 565
12772 556
12773 557
12774 473
12775 419
12776 533
12777 542
12778 294
12779 462
12780 372
12781 580
12782 324
12783 396
12784 428
12785 457
12786 547
12787 538
12788 518
12789 542
12790 599
12791 441
12792 459
12793 478
12794 445
12795 546
12796 529
12797 486
12798 530
12799 416
12800 467
12801 544
12802 508
12803 503
12804 582
12805 535
12806 274
12807 545
12808 574
12809 538
12810 427
12811 344
12812 394
12813 486
12814 495
12815 455
12816 529
12817 535
12818 462
12819 476
12820 495
12821 510
12822 595
12823 546
12824 517
12825 401
12826 519
12827 444
12828 349
12829 513
12830 486
12831 593
12832 467
12833 516
12834 484
12835 529
12836 507
12837 484
12838 674
12839 579
12840 495
12841 513
12842 297
12843 440
12844 571
12845 558
12846 500
12847 522
12848 567
12849 288
12850 434
12851 589
12852 572
12853 541
12854 543
12855 498
12856 426
12857 398
12858 558
12859 586
12860 444
12861 580
12862 448
12863 513
12864 274
12865 566
12866 563
12867 455
12868 543
12869 449
12870 543
12871 495
12872 525
12873 424
12874 570
12875 481
12876 541
12877 577
12878 527
12879 527
12880 575
12881 550
12882 461
12883 322
12884 447
12885 506
12886 539
12887 506
12888 553
12889 557
12890 591
12891 560
12892 445
12893 556
12894 531
12895 621
12896 557
12897 587
12898 335
12899 574
12900 427
12901 543
12902 503
12903 499
12904 504
12905 666
12906 460
12907 655
12908 430
12909 541
12910 488
12911 437
12912 560
12913 550
12914 482
12915 181
12916 519
12917 424
12918 530
12919 564
12920 569
12921 530
12922 329
12923 495
12924 510
12925 365
12926 523
12927 527
12928 432
12929 433
12930 568
12931 554
12932 541
12933 553
12934 531
12935 413
12936 579
12937 445
12938 501
12939 435
12940 483
12941 462
12942 396
12943 511
12944 415
12945 552
12946 461
12947 569
12948 593
12949 561
12950 441
12951 485
12952 395
12953 429
12954 583
12955 519
12956 502
12957 325
12958 410
12959 554
12960 527
12961 475
12962 489
12963 367
12964 590
12965 618
12966 470
12967 579
12968 577
12969 485
12970 321
12971 582
12972 563
12973 525
12974 541
12975 451
12976 539
12977 570
12978 498
12979 533
12980 424
12981 540
12982 501
12983 396
12984 529
12985 439
12986 400
12987 234
12988 463
12989 538
12990 485
12991 540
12992 506
12993 466
12994 315
12995 519
12996 233
12997 603
12998 305
12999 402
13000 477
13001 464
13002 540
13003 546
13004 504
13005 379
13006 583
13007 502
13008 360
13009 565
13010 521
13011 426
13012 583
13013 416
13014 579
13015 467
13016 576
13017 521
13018 501
13019 522
13020 503
13021 541
13022 384
13023 495
13024 496
13025 525
13026 475
13027 476
13028 442
13029 485
13030 605
13031 568
13032 432
13033 287
13034 471
13035 632
13036 439
13037 491
13038 451
13039 515
13040 392
13041 328
13042 520
13043 470
13044 531
13045 499
13046 542
13047 475
13048 574
13049 491
13050 421
13051 542
13052 439
13053 432
13054 465
13055 544
13056 520
13057 501
13058 540
13059 407
13060 494
13061 531
13062 450
13063 598
13064 588
13065 206
13066 656
13067 436
13068 468
13069 562
13070 586
13071 541
13072 563
13073 572
13074 560
13075 501
13076 555
13077 486
13078 330
13079 420
13080 594
13081 531
13082 493
13083 572
13084 607
13085 519
13086 407
13087 466
13088 392
13089 588
13090 500
13091 270
13092 531
13093 356
13094 553
13095 534
13096 562
13097 519
13098 576
13099 448
13100 499
13101 518
13102 508
13103 575
13104 316
13105 435
13106 495
13107 461
13108 402
13109 517
13110 505
13111 513
13112 533
13113 534
13114 501
13115 495
13116 504
13117 575
13118 565
13119 506
13120 317
13121 555
13122 492
13123 558
13124 431
13125 497
13126 507
13127 498
13128 447
13129 466
13130 454
13131 492
13132 562
13133 516
13134 549
13135 264
13136 501
13137 600
13138 439
13139 497
13140 379
13141 531
13142 499
13143 449
13144 493
13145 560
13146 541
13147 582
13148 525
13149 413
13150 516
13151 541
13152 577
13153 468
13154 615
13155 591
13156 486
13157 411
13158 498
13159 386
13160 466
13161 525
13162 531
13163 417
13164 393
13165 514
13166 358
13167 497
13168 393
13169 328
13170 513
13171 479
13172 548
13173 531
13174 373
13175 543
13176 581
13177 601
13178 532
13179 411
13180 555
13181 541
13182 554
13183 447
13184 501
13185 526
13186 542
13187 560
13188 448
13189 546
13190 396
13191 417
13192 568
13193 578
13194 389
13195 561
13196 470
13197 434
13198 482
13199 371
13200 556
13201 472
13202 490
13203 555
13204 492
13205 562
13206 569
13207 477
13208 496
13209 553
13210 585
13211 449
13212 488
13213 524
13214 499
13215 485
13216 578
13217 398
13218 560
13219 626
13220 138
13221 559
13222 610
13223 587
13224 588
13225 582
13226 616
13227 230
13228 430
13229 526
13230 404
13231 487
13232 466
13233 380
13234 538
13235 485
13236 522
13237 512
13238 452
13239 586
13240 582
13241 422
13242 537
13243 529
13244 541
13245 521
13246 565
13247 534
13248 637
13249 576
13250 542
13251 555
13252 485
13253 415
13254 517
13255 366
13256 556
13257 371
13258 292
13259 578
13260 471
13261 315
13262 503
13263 503
13264 448
13265 607
13266 588
13267 567
13268 552
13269 571
13270 425
13271 533
13272 508
13273 550
13274 560
13275 521
13276 468
13277 531
13278 521
13279 265
13280 496
13281 424
13282 476
13283 529
13284 486
13285 393
13286 610
13287 456
13288 398
13289 651
13290 545
13291 601
13292 372
13293 421
13294 534
13295 540
13296 453
13297 561
13298 453
13299 551
13300 438
13301 493
13302 491
13303 639
13304 502
13305 556
13306 368
13307 548
13308 546
13309 383
13310 601
13311 582
13312 485
13313 535
13314 511
13315 414
13316 493
13317 541
13318 629
13319 541
13320 398
13321 479
13322 399
13323 601
13324 584
13325 333
13326 545
13327 598
13328 478
13329 400
13330 443
13331 575
13332 421
13333 525
13334 543
13335 418
13336 561
13337 529
13338 525
13339 613
13340 441
13341 398
13342 383
13343 526
13344 525
13345 502
13346 495
13347 540
13348 441
13349 387
13350 592
13351 419
13352 474
13353 454
13354 567
13355 451
13356 491
13357 461
13358 525
13359 527
13360 464
13361 401
13362 544
13363 553
13364 487
13365 527
13366 457
13367 495
13368 479
13369 600
13370 396
13371 544
13372 582
13373 513
13374 521
13375 564
13376 450
13377 511
13378 254
13379 520
13380 556
13381 544
13382 584
13383 497
13384 513
13385 475
13386 436
13387 560
13388 580
13389 530
13390 385
13391 550
13392 487
13393 514
13394 327
13395 568
13396 508
13397 551
13398 518
13399 415
13400 549
13401 358
13402 557
13403 611
13404 434
13405 568
13406 603
13407 399
13408 479
13409 413
13410 433
13411 335
13412 479
13413 436
13414 528
13415 587
13416 606
13417 521
13418 536
13419 390
13420 429
13421 469
13422 469
13423 415
13424 441
13425 497
13426 513
13427 455
13428 514
13429 517
13430 581
13431 539
13432 463
13433 527
13434 423
13435 516
13436 295
13437 557
13438 517
13439 548
13440 367
13441 547
13442 510
13443 272
13444 351
13445 488
13446 520
13447 267
13448 515
13449 604
13450 430
13451 451
13452 547
13453 454
13454 445
13455 578
13456 564
13457 489
13458 409
13459 582
13460 445
13461 505
13462 406
13463 491
13464 404
13465 418
13466 484
13467 542
13468 337
13469 596
13470 588
13471 553
13472 499
13473 377
13474 445
13475 486
13476 496
13477 511
13478 460
13479 586
13480 532
13481 510
13482 417
13483 553
13484 635
13485 378
13486 538
13487 491
13488 394
13489 538
13490 527
13491 424
13492 486
13493 514
13494 438
13495 516
13496 460
13497 559
13498 578
13499 551
13500 384
13501 499
13502 456
13503 447
13504 547
13505 558
13506 472
13507 479
13508 488
13509 362
13510 500
13511 602
13512 462
13513 491
13514 437
13515 323
13516 331
13517 508
13518 481
13519 565
13520 605
13521 548
13522 410
13523 395
13524 481
13525 370
13526 509
13527 449
13528 495
13529 513
13530 590
13531 526
13532 576
13533 473
13534 533
13535 463
13536 521
13537 450
13538 435
13539 538
13540 512
13541 505
13542 453
13543 586
13544 576
13545 563
13546 619
13547 555
13548 551
13549 510
13550 448
13551 386
13552 443
13553 457
13554 565
13555 480
13556 388
13557 516
13558 479
13559 483
13560 428
13561 518
13562 285
13563 505
13564 394
13565 605
13566 334
13567 455
13568 528
13569 617
13570 526
13571 571
13572 473
13573 570
13574 398
13575 508
13576 583
13577 512
13578 369
13579 492
13580 463
13581 538
13582 578
13583 506
13584 503
13585 407
13586 244
13587 410
13588 555
13589 577
13590 475
13591 540
13592 499
13593 500
13594 573
13595 484
13596 444
13597 578
13598 390
13599 359
13600 547
13601 528
13602 594
13603 431
13604 566
13605 403
13606 494
13607 533
13608 552
13609 284
13610 397
13611 399
13612 404
13613 583
13614 486
13615 363
13616 539
13617 531
13618 599
13619 382
13620 464
13621 367
13622 613
13623 275
13624 511
13625 336
13626 491
13627 496
13628 514
13629 321
13630 376
13631 574
13632 501
13633 442
13634 597
13635 462
13636 568
13637 523
13638 495
13639 478
13640 475
13641 573
13642 457
13643 484
13644 481
13645 345
13646 515
13647 538
13648 570
13649 460
13650 546
13651 495
13652 400
13653 499
13654 563
13655 528
13656 563
13657 504
13658 562
13659 468
13660 498
13661 513
13662 620
13663 474
13664 521
13665 519
13666 500
13667 585
13668 485
13669 511
13670 578
13671 573
13672 526
13673 572
13674 534
13675 551
13676 510
13677 543
13678 541
13679 601
13680 461
13681 468
13682 522
13683 464
13684 563
13685 257
13686 507
13687 361
13688 452
13689 456
13690 403
13691 481
13692 584
13693 506
13694 442
13695 526
13696 607
13697 637
13698 486
13699 531
13700 488
13701 507
13702 374
13703 563
13704 562
13705 443
13706 511
13707 353
13708 516
13709 505
13710 491
13711 527
13712 522
13713 480
13714 542
13715 524
13716 484
13717 530
13718 489
13719 569
13720 504
13721 505
13722 526
13723 509
13724 572
13725 600
13726 508
13727 522
13728 539
13729 502
13730 529
13731 532
13732 537
13733 438
13734 563
13735 438
13736 480
13737 529
13738 572
13739 605
13740 531
13741 486
13742 584
13743 575
13744 554
13745 378
13746 543
13747 546
13748 534
13749 611
13750 534
13751 593
13752 460
13753 583
13754 586
13755 524
13756 472
13757 597
13758 481
13759 487
13760 448
13761 416
13762 541
13763 461
13764 533
13765 544
13766 471
13767 536
13768 446
13769 362
13770 549
13771 537
13772 572
13773 540
13774 468
13775 501
13776 500
13777 528
13778 385
13779 462
13780 575
13781 452
13782 463
13783 497
13784 527
13785 566
13786 478
13787 249
13788 531
13789 554
13790 560
13791 489
13792 396
13793 556
13794 440
13795 481
13796 361
13797 582
13798 578
13799 459
13800 492
13801 573
13802 441
13803 421
13804 518
13805 452
13806 527
13807 376
13808 489
13809 461
13810 386
13811 393
13812 569
13813 619
13814 445
13815 433
13816 528
13817 442
13818 590
13819 471
13820 533
13821 525
13822 468
13823 410
13824 578
13825 411
13826 590
13827 516
13828 503
13829 530
13830 557
13831 391
13832 580
13833 506
13834 519
13835 413
13836 463
13837 541
13838 519
13839 472
13840 513
13841 479
13842 499
13843 493
13844 446
13845 590
13846 495
13847 539
13848 555
13849 374
13850 546
13851 560
13852 559
13853 608
13854 591
13855 535
13856 496
13857 280
13858 559
13859 553
13860 529
13861 573
13862 581
13863 566
13864 516
13865 605
13866 573
13867 506
13868 520
13869 479
13870 557
13871 461
13872 538
13873 471
13874 191
13875 544
13876 579
13877 444
13878 499
13879 451
13880 472
13881 251
13882 314
13883 376
13884 486
13885 539
13886 463
13887 496
13888 426
13889 494
13890 534
13891 547
13892 548
13893 559
13894 582
13895 461
13896 568
13897 543
13898 564
13899 553
13900 405
13901 561
13902 553
13903 549
13904 432
13905 458
13906 290
13907 533
13908 505
13909 376
13910 613
13911 606
13912 510
13913 471
13914 575
13915 403
13916 566
13917 604
13918 574
13919 487
13920 448
13921 440
13922 467
13923 582
13924 333
13925 475
13926 202
13927 286
13928 471
13929 470
13930 540
13931 449
13932 525
13933 530
13934 503
13935 626
13936 537
13937 492
13938 529
13939 519
13940 623
13941 509
13942 574
13943 463
13944 544
13945 482
13946 428
13947 537
13948 309
13949 580
13950 642
13951 554
13952 452
13953 507
13954 572
13955 472
13956 536
13957 532
13958 493
13959 509
13960 565
13961 525
13962 600
13963 470
13964 513
13965 383
13966 561
13967 488
13968 500
13969 471
13970 543
13971 486
13972 287
13973 513
13974 500
13975 432
13976 214
13977 481
13978 524
13979 591
13980 490
13981 328
13982 450
13983 542
13984 473
13985 604
13986 551
13987 503
13988 411
13989 564
13990 589
13991 561
13992 518
13993 436
13994 509
13995 530
13996 479
13997 394
13998 551
13999 488
14000 197
14001 468
14002 499
14003 456
14004 616
14005 342
14006 541
14007 470
14008 521
14009 518
14010 474
14011 421
14012 367
14013 565
14014 567
14015 524
14016 389
14017 470
14018 426
14019 394
14020 569
14021 400
14022 341
14023 521
14024 539
14025 163
14026 482
14027 575
14028 565
14029 579
14030 546
14031 549
14032 306
14033 313
14034 512
14035 310
14036 540
14037 469
14038 502
14039 548
14040 492
14041 484
14042 486
14043 537
14044 520
14045 510
14046 532
14047 501
14048 419
14049 402
14050 479
14051 523
14052 537
14053 479
14054 402
14055 480
14056 448
14057 633
14058 592
14059 569
14060 577
14061 514
14062 457
14063 598
14064 567
14065 527
14066 499
14067 484
14068 470
14069 570
14070 526
14071 505
14072 378
14073 342
14074 495
14075 388
14076 398
14077 543
14078 519
14079 516
14080 504
14081 475
14082 525
14083 461
14084 554
14085 617
14086 554
14087 219
14088 434
14089 519
14090 474
14091 565
14092 471
14093 523
14094 600
14095 475
14096 495
14097 525
14098 527
14099 439
14100 391
14101 555
14102 575
14103 609
14104 497
14105 503
14106 548
14107 510
14108 521
14109 492
14110 504
14111 365
14112 523
14113 535
14114 500
14115 411
14116 569
14117 568
14118 538
14119 493
14120 395
14121 596
14122 546
14123 515
14124 416
14125 529
14126 582
14127 361
14128 519
14129 484
14130 457
14131 464
14132 502
14133 529
14134 502
14135 458
14136 541
14137 582
14138 531
14139 509
14140 534
14141 365
14142 537
14143 475
14144 528
14145 494
14146 506
14147 544
14148 563
14149 401
14150 456
14151 488
14152 597
14153 539
14154 530
14155 497
14156 424
14157 465
14158 528
14159 425
14160 558
14161 317
14162 454
14163 435
14164 554
14165 607
14166 299
14167 496
14168 495
14169 491
14170 508
14171 457
14172 549
14173 539
14174 456
14175 530
14176 511
14177 571
14178 568
14179 565
14180 541
14181 406
14182 511
14183 556
14184 416
14185 533
14186 464
14187 562
14188 540
14189 535
14190 521
14191 422
14192 434
14193 454
14194 531
14195 564
14196 559
14197 537
14198 610
14199 393
14200 527
14201 548
14202 597
14203 461
14204 629
14205 364
14206 498
14207 532
14208 470
14209 515
14210 556
14211 346
14212 561
14213 609
14214 413
14215 493
14216 386
14217 349
14218 506
14219 566
14220 449
14221 556
14222 506
14223 505
14224 551
14225 487
14226 496
14227 551
14228 567
14229 554
14230 445
14231 553
14232 532
14233 389
14234 570
14235 528
14236 622
14237 521
14238 569
14239 491
14240 458
14241 498
14242 547
14243 620
14244 536
14245 448
14246 462
14247 473
14248 423
14249 544
14250 545
14251 494
14252 485
14253 547
14254 541
14255 460
14256 418
14257 504
14258 485
14259 527
14260 607
14261 445
14262 556
14263 477
14264 550
14265 611
14266 588
14267 509
14268 520
14269 560
14270 523
14271 520
14272 485
14273 437
14274 554
14275 439
14276 424
14277 510
14278 552
14279 481
14280 577
14281 538
14282 534
14283 554
14284 351
14285 413
14286 475
14287 618
14288 287
14289 361
14290 477
14291 245
14292 550
14293 526
14294 510
14295 338
14296 513
14297 553
14298 588
14299 478
14300 569
14301 490
14302 414
14303 435
14304 606
14305 458
14306 563
14307 307
14308 560
14309 508
14310 488
14311 541
14312 554
14313 532
14314 305
14315 560
14316 636
14317 414
14318 543
14319 534
14320 388
14321 554
14322 451
14323 447
14324 580
14325 555
14326 456
14327 515
14328 536
14329 466
14330 509
14331 559
14332 580
14333 440
14334 464
14335 513
14336 522
14337 334
14338 404
14339 550
14340 409
14341 535
14342 524
14343 604
14344 554
14345 398
14346 473
14347 558
14348 541
14349 417
14350 362
14351 564
14352 480
14353 470
14354 558
14355 619
14356 519
14357 603
14358 460
14359 529
14360 488
14361 499
14362 392
14363 571
14364 545
14365 572
14366 530
14367 594
14368 416
14369 547
14370 513
14371 511
14372 481
14373 445
14374 496
14375 624
14376 426
14377 513
14378 426
14379 504
14380 507
14381 583
14382 452
14383 405
14384 651
14385 481
14386 596
14387 510
14388 425
14389 544
14390 525
14391 621
14392 428
14393 403
14394 594
14395 495
14396 454
14397 493
14398 263
14399 401
14400 508
14401 589
14402 550
14403 504
14404 535
14405 404
14406 533
14407 469
14408 547
14409 503
14410 512
14411 541
14412 482
14413 394
14414 426
14415 558
14416 565
14417 557
14418 447
14419 520
14420 19
14421 332
14422 325
14423 549
14424 256
14425 520
14426 516
14427 320
14428 533
14429 290
14430 511
14431 534
14432 593
14433 443
14434 531
14435 450
14436 536
14437 530
14438 507
14439 475
14440 395
14441 475
14442 358
14443 393
14444 367
14445 468
14446 457
14447 589
14448 464
14449 562
14450 318
14451 382
14452 494
14453 570
14454 489
14455 407
14456 438
14457 480
14458 493
14459 541
14460 502
14461 420
14462 291
14463 586
14464 563
14465 524
14466 531
14467 577
14468 509
14469 517
14470 518
14471 485
14472 510
14473 514
14474 508
14475 477
14476 509
14477 460
14478 528
14479 534
14480 472
14481 521
14482 562
14483 517
14484 542
14485 485
14486 421
14487 447
14488 505
14489 459
14490 460
14491 613
14492 570
14493 543
14494 449
14495 627
14496 549
14497 252
14498 481
14499 432
14500 450
14501 377
14502 349
14503 468
14504 552
14505 611
14506 388
14507 505
14508 513
14509 498
14510 485
14511 549
14512 367
14513 496
14514 639
14515 506
14516 590
14517 421
14518 487
14519 419
14520 532
14521 553
14522 589
14523 561
14524 574
14525 482
14526 520
14527 477
14528 514
14529 440
14530 531
14531 490
14532 546
14533 506
14534 544
14535 334
14536 489
14537 424
14538 377
14539 367
14540 407
14541 456
14542 486
14543 530
14544 350
14545 469
14546 437
14547 575
14548 546
14549 501
14550 610
14551 550
14552 379
14553 304
14554 474
14555 329
14556 327
14557 531
14558 430
14559 482
14560 564
14561 341
14562 420
14563 350
14564 504
14565 480
14566 490
14567 564
14568 471
14569 582
14570 580
14571 438
14572 374
14573 390
14574 466
14575 468
14576 550
14577 461
14578 471
14579 507
14580 510
14581 515
14582 582
14583 510
14584 250
14585 515
14586 530
14587 528
14588 566
14589 557
14590 546
14591 575
14592 511
14593 535
14594 454
14595 520
14596 314
14597 514
14598 509
14599 578
14600 582
14601 557
14602 518
14603 566
14604 545
14605 546
14606 542
14607 549
14608 574
14609 487
14610 552
14611 526
14612 587
14613 497
14614 541
14615 568
14616 367
14617 570
14618 575
14619 511
14620 558
14621 379
14622 449
14623 580
14624 504
14625 447
14626 454
14627 589
14628 576
14629 594
14630 387
14631 543
14632 316
14633 573
14634 493
14635 447
14636 497
14637 552
14638 545
14639 546
14640 643
14641 529
14642 393
14643 558
14644 569
14645 330
14646 231
14647 506
14648 434
14649 439
14650 437
14651 439
14652 537
14653 444
14654 468
14655 514
14656 453
14657 455
14658 460
14659 515
14660 571
14661 606
14662 476
14663 335
14664 515
14665 311
14666 477
14667 523
14668 532
14669 543
14670 513
14671 543
14672 476
14673 570
14674 494
14675 493
14676 494
14677 545
14678 492
14679 555
14680 507
14681 283
14682 463
14683 454
14684 600
14685 431
14686 481
14687 578
14688 549
14689 435
14690 530
14691 496
14692 556
14693 536
14694 541
14695 495
14696 511
14697 557
14698 552
14699 351
14700 442
14701 397
14702 577
14703 409
14704 316
14705 511
14706 527
14707 502
14708 476
14709 604
14710 595
14711 560
14712 545
14713 590
14714 516
14715 477
14716 495
14717 462
14718 480
14719 509
14720 544
14721 416
14722 461
14723 355
14724 514
14725 414
14726 599
14727 487
14728 425
14729 567
14730 484
14731 563
14732 464
14733 341
14734 462
14735 528
14736 444
14737 471
14738 552
14739 516
14740 491
14741 448
14742 483
14743 510
14744 459
14745 576
14746 424
14747 465
14748 609
14749 447
14750 544
14751 560
14752 434
14753 607
14754 475
14755 512
14756 551
14757 492
14758 530
14759 445
14760 524
14761 435
14762 501
14763 479
14764 500
14765 540
14766 554
14767 509
14768 454
14769 503
14770 202
14771 413
14772 518
14773 474
14774 529
14775 457
14776 373
14777 396
14778 404
14779 593
14780 507
14781 439
14782 498
14783 489
14784 250
14785 435
14786 573
14787 521
14788 535
14789 382
14790 534
14791 565
14792 468
14793 409
14794 505
14795 317
14796 429
14797 540
14798 358
14799 455
14800 560
14801 529
14802 493
14803 385
14804 540
14805 447
14806 534
14807 559
14808 568
14809 455
14810 488
14811 505
14812 555
14813 567
14814 494
14815 581
14816 400
14817 441
14818 397
14819 497
14820 508
14821 507
14822 387
14823 570
14824 547
14825 491
14826 408
14827 486
14828 523
14829 487
14830 497
14831 513
14832 519
14833 444
14834 255
14835 486
14836 405
14837 346
14838 536
14839 393
14840 499
14841 441
14842 478
14843 469
14844 496
14845 471
14846 601
14847 559
14848 499
14849 427
14850 511
14851 563
14852 491
14853 517
14854 400
14855 556
14856 558
14857 340
14858 346
14859 553
14860 500
14861 553
14862 487
14863 635
14864 540
14865 523
14866 560
14867 525
14868 324
14869 423
14870 606
14871 436
14872 465
14873 409
14874 594
14875 594
14876 564
14877 317
14878 569
14879 501
14880 438
14881 579
14882 439
14883 577
14884 502
14885 597
14886 583
14887 554
14888 506
14889 383
14890 551
14891 399
14892 397
14893 479
14894 543
14895 498
14896 550
14897 495
14898 460
14899 454
14900 540
14901 524
14902 524
14903 494
14904 580
14905 524
14906 390
14907 489
14908 533
14909 478
14910 510
14911 510
14912 468
14913 534
14914 423
14915 490
14916 393
14917 578
14918 388
14919 406
14920 451
14921 465
14922 440
14923 582
14924 501
14925 571
14926 560
14927 524
14928 503
14929 408
14930 521
14931 414
14932 510
14933 554
14934 491
14935 541
14936 510
14937 518
14938 595
14939 438
14940 576
14941 496
14942 407
14943 484
14944 536
14945 269
14946 541
14947 519
14948 363
14949 547
14950 368
14951 450
14952 500
14953 482
14954 515
14955 350
14956 428
14957 342
14958 589
14959 500
14960 574
14961 581
14962 456
14963 347
14964 469
14965 574
14966 484
14967 392
14968 510
14969 328
14970 555
14971 500
14972 483
14973 583
14974 505
14975 582
14976 525
14977 478
14978 408
14979 491
14980 466
14981 459
14982 199
14983 536
14984 484
14985 542
14986 589
14987 501
14988 492
14989 587
14990 533
14991 464
14992 544
14993 449
14994 345
14995 504
14996 513
14997 610
14998 552
14999 433
15000 562
15001 489
15002 516
15003 527
15004 513
15005 477
15006 466
15007 443
15008 452
15009 560
15010 566
15011 285
15012 553
15013 584
15014 482
15015 537
15016 512
15017 575
15018 536
15019 374
15020 599
15021 528
15022 500
15023 546
15024 381
15025 420
15026 459
15027 568
15028 500
15029 580
15030 493
15031 526
15032 352
15033 586
15034 498
15035 484
15036 515
15037 483
15038 521
15039 413
15040 496
15041 518
15042 188
15043 575
15044 612
15045 421
15046 504
15047 484
15048 463
15049 370
15050 530
15051 636
15052 523
15053 448
15054 478
15055 492
15056 555
15057 615
15058 478
15059 511
15060 527
15061 378
15062 502
15063 470
15064 387
15065 534
15066 498
15067 529
15068 542
15069 454
15070 516
15071 516
15072 503
15073 474
15074 362
15075 564
15076 392
15077 444
15078 461
15079 559
15080 554
15081 493
15082 401
15083 402
15084 388
15085 398
15086 478
15087 438
15088 481
15089 597
15090 412
15091 446
15092 548
15093 537
15094 536
15095 471
15096 388
15097 476
15098 562
15099 496
15100 393
15101 518
15102 287
15103 509
15104 327
15105 482
15106 615
15107 595
15108 538
15109 563
15110 677
15111 625
15112 432
15113 519
15114 543
15115 486
15116 426
15117 419
15118 636
15119 506
15120 635
15121 541
15122 527
15123 588
15124 471
15125 590
15126 485
15127 483
15128 442
15129 521
15130 514
15131 449
15132 392
15133 599
15134 547
15135 505
15136 615
15137 530
15138 508
15139 399
15140 574
15141 497
15142 503
15143 558
15144 482
15145 383
15146 599
15147 466
15148 502
15149 477
15150 353
15151 517
15152 481
15153 599
15154 548
15155 479
15156 478
15157 532
15158 493
15159 431
15160 520
15161 547
15162 415
15163 583
15164 352
15165 562
15166 485
15167 503
15168 494
15169 484
15170 446
15171 386
15172 469
15173 602
15174 488
15175 459
15176 565
15177 464
15178 481
15179 468
15180 430
15181 443
15182 527
15183 525
15184 412
15185 330
15186 540
15187 388
15188 598
15189 510
15190 464
15191 446
15192 548
15193 416
15194 565
15195 469
15196 362
15197 610
15198 503
15199 525
15200 523
15201 537
15202 473
15203 297
15204 541
15205 353
15206 429
15207 535
15208 519
15209 396
15210 435
15211 549
15212 571
15213 565
15214 414
15215 545
15216 538
15217 385
15218 574
15219 507
15220 415
15221 621
15222 437
15223 515
15224 536
15225 501
15226 583
15227 392
15228 501
15229 517
15230 410
15231 626
15232 417
15233 439
15234 567
15235 595
15236 291
15237 540
15238 461
15239 440
15240 563
15241 473
15242 565
15243 465
15244 418
15245 576
15246 492
15247 539
15248 483
15249 426
15250 576
15251 616
15252 358
15253 534
15254 485
15255 514
15256 414
15257 517
15258 473
15259 474
15260 537
15261 581
15262 559
15263 458
15264 382
15265 354
15266 417
15267 293
15268 372
15269 392
15270 583
15271 297
15272 558
15273 522
15274 476
15275 447
15276 485
15277 550
15278 515
15279 446
15280 590
15281 578
15282 459
15283 529
15284 407
15285 491
15286 576
15287 508
15288 399
15289 514
15290 440
15291 554
15292 529
15293 533
15294 568
15295 557
15296 489
15297 514
15298 482
15299 477
15300 502
15301 471
15302 545
15303 409
15304 482
15305 610
15306 580
15307 443
15308 475
15309 467
15310 452
15311 271
15312 479
15313 536
15314 525
15315 563
15316 438
15317 457
15318 573
15319 528
15320 535
15321 510
15322 422
15323 436
15324 514
15325 433
15326 366
15327 369
15328 521
15329 535
15330 446
15331 579
15332 510
15333 562
15334 563
15335 437
15336 444
15337 568
15338 415
15339 550
15340 511
15341 428
15342 552
15343 510
15344 543
15345 494
15346 560
15347 465
15348 501
15349 494
15350 323
15351 502
15352 486
15353 549
15354 505
15355 542
15356 578
15357 537
15358 578
15359 343
15360 539
15361 458
15362 497
15363 294
15364 501
15365 508
15366 552
15367 502
15368 529
15369 435
15370 429
15371 525
15372 483
15373 480
15374 530
15375 511
15376 365
15377 487
15378 456
15379 523
15380 535
15381 466
15382 497
15383 560
15384 584
15385 509
15386 532
15387 569
15388 550
15389 464
15390 546
15391 535
15392 555
15393 404
15394 495
15395 595
15396 577
15397 507
15398 565
15399 439
15400 387
15401 568
15402 528
15403 517
15404 506
15405 476
15406 551
15407 498
15408 432
15409 328
15410 446
15411 389
15412 515
15413 580
15414 501
15415 557
15416 414
15417 551
15418 477
15419 363
15420 436
15421 521
15422 430
15423 559
15424 510
15425 421
15426 476
15427 529
15428 384
15429 555
15430 583
15431 573
15432 552
15433 584
15434 537
15435 511
15436 519
15437 576
15438 572
15439 399
15440 464
15441 476
15442 510
15443 481
15444 508
15445 605
15446 525
15447 579
15448 477
15449 548
15450 454
15451 424
15452 421
15453 480
15454 579
15455 516
15456 569
15457 1
15458 475
15459 500
15460 421
15461 522
15462 529
15463 440
15464 594
15465 278
15466 401
15467 523
15468 412
15469 558
15470 426
15471 560
15472 519
15473 512
15474 411
15475 509
15476 519
15477 487
15478 519
15479 378
15480 540
15481 490
15482 376
15483 482
15484 354
15485 393
15486 498
15487 594
15488 520
15489 525
15490 538
15491 517
15492 606
15493 413
15494 575
15495 510
15496 500
15497 515
15498 546
15499 648
15500 386
15501 453
15502 474
15503 579
15504 491
15505 576
15506 488
15507 530
15508 370
15509 456
15510 426
15511 500
15512 506
15513 588
15514 480
15515 509
15516 485
15517 412
15518 483
15519 551
15520 492
15521 524
15522 539
15523 561
15524 430
15525 606
15526 474
15527 435
15528 580
15529 465
15530 606
15531 399
15532 455
15533 524
15534 535
15535 438
15536 536
15537 461
15538 595
15539 563
15540 595
15541 535
15542 424
15543 560
15544 390
15545 612
15546 497
15547 563
15548 605
15549 424
15550 547
15551 476
15552 409
15553 491
15554 496
15555 498
15556 428
15557 629
15558 595
15559 571
15560 402
15561 527
15562 489
15563 444
15564 463
15565 530
15566 519
15567 496
15568 431
15569 460
15570 555
15571 474
15572 557
15573 459
15574 482
15575 382
15576 428
15577 517
15578 545
15579 592
15580 411
15581 588
15582 455
15583 467
15584 387
15585 456
15586 402
15587 516
15588 556
15589 501
15590 395
15591 562
15592 315
15593 346
15594 544
15595 480
15596 572
15597 519
15598 284
15599 437
15600 537
15601 564
15602 585
15603 410
15604 503
15605 382
15606 371
15607 524
15608 491
15609 479
15610 366
15611 513
15612 494
15613 555
15614 428
15615 511
15616 474
15617 551
15618 553
15619 514
15620 386
15621 446
15622 439
15623 596
15624 572
15625 413
15626 595
15627 323
15628 563
15629 518
15630 513
15631 496
15632 630
15633 427
15634 496
15635 438
15636 308
15637 512
15638 563
15639 366
15640 584
15641 514
15642 560
15643 595
15644 382
15645 569
15646 546
15647 485
15648 421
15649 459
15650 590
15651 419
15652 572
15653 585
15654 507
15655 512
15656 420
15657 519
15658 548
15659 496
15660 582
15661 493
15662 378
15663 555
15664 467
15665 470
15666 482
15667 388
15668 472
15669 429
15670 367
15671 415
15672 579
15673 451
15674 366
15675 448
15676 407
15677 547
15678 571
15679 542
15680 524
15681 479
15682 337
15683 440
15684 562
15685 636
15686 529
15687 460
15688 591
15689 588
15690 610
15691 207
15692 403
15693 506
15694 623
15695 461
15696 529
15697 525
15698 588
15699 412
15700 274
15701 526
15702 545
15703 588
15704 486
15705 556
15706 610
15707 365
15708 592
15709 602
15710 565
15711 387
15712 492
15713 510
15714 482
15715 557
15716 457
15717 573
15718 536
15719 553
15720 597
15721 605
15722 408
15723 554
15724 370
15725 335
15726 458
15727 245
15728 345
15729 560
15730 457
15731 400
15732 563
15733 515
15734 487
15735 413
15736 474
15737 508
15738 565
15739 516
15740 502
15741 545
15742 521
15743 434
15744 543
15745 532
15746 566
15747 577
15748 461
15749 472
15750 591
15751 506
15752 426
15753 604
15754 521
15755 429
15756 503
15757 590
15758 512
15759 510
15760 656
15761 399
15762 540
15763 574
15764 557
15765 572
15766 524
15767 602
15768 555
15769 484
15770 555
15771 487
15772 489
15773 334
15774 468
15775 519
15776 347
15777 453
15778 306
15779 537
15780 295
15781 517
15782 578
15783 465
15784 390
15785 360
15786 561
15787 521
15788 533
15789 454
15790 465
15791 404
15792 528
15793 545
15794 463
15795 514
15796 269
15797 529
15798 357
15799 565
15800 327
15801 514
15802 557
15803 518
15804 441
15805 463
15806 488
15807 519
15808 396
15809 563
15810 360
15811 586
15812 527
15813 458
15814 473
15815 538
15816 491
15817 353
15818 358
15819 89
15820 458
15821 500
15822 534
15823 372
15824 552
15825 429
15826 587
15827 569
15828 412
15829 464
15830 555
15831 533
15832 481
15833 437
15834 545
15835 441
15836 573
15837 493
15838 506
15839 519
15840 477
15841 429
15842 481
15843 472
15844 501
15845 490
15846 484
15847 501
15848 560
15849 471
15850 380
15851 541
15852 524
15853 567
15854 478
15855 512
15856 514
15857 502
15858 630
15859 578
15860 596
15861 480
15862 538
15863 551
15864 340
15865 403
15866 618
15867 488
15868 526
15869 536
15870 486
15871 509
15872 488
15873 528
15874 456
15875 362
15876 530
15877 450
15878 532
15879 491
15880 517
15881 246
15882 372
15883 470
15884 454
15885 502
15886 580
15887 440
15888 402
15889 530
15890 435
15891 475
15892 564
15893 484
15894 455
15895 519
15896 469
15897 459
15898 592
15899 439
15900 508
15901 276
15902 510
15903 598
15904 349
15905 352
15906 559
15907 596
15908 491
15909 521
15910 543
15911 532
15912 537
15913 495
15914 582
15915 551
15916 536
15917 477
15918 538
15919 463
15920 607
15921 538
15922 559
15923 390
15924 589
15925 520
15926 353
15927 485
15928 516
15929 498
15930 544
15931 555
15932 465
15933 535
15934 548
15935 504
15936 481
15937 497
15938 479
15939 480
15940 455
15941 293
15942 522
15943 373
15944 487
15945 392
15946 427
15947 441
15948 500
15949 622
15950 588
15951 478
15952 539
15953 472
15954 403
15955 616
15956 611
15957 604
15958 590
15959 454
15960 559
15961 587
15962 507
15963 557
15964 528
15965 569
15966 505
15967 455
15968 446
15969 580
15970 445
15971 576
15972 478
15973 557
15974 609
15975 411
15976 516
15977 526
15978 572
15979 472
15980 592
15981 319
15982 488
15983 551
15984 330
15985 646
15986 553
15987 488
15988 436
15989 504
15990 481
15991 430
15992 535
15993 550
15994 564
15995 551
15996 565
15997 619
15998 392
15999 528
16000 481
16001 525
16002 534
16003 442
16004 519
16005 622
16006 527
16007 604
16008 491
16009 483
16010 464
16011 523
16012 248
16013 457
16014 310
16015 579
16016 363
16017 541
16018 331
16019 496
16020 486
16021 448
16022 533
16023 457
16024 512
16025 384
16026 524
16027 528
16028 631
16029 570
16030 383
16031 483
16032 392
16033 343
16034 393
16035 537
16036 523
16037 395
16038 559
16039 430
16040 581
16041 512
16042 508
16043 472
16044 452
16045 511
16046 586
16047 562
16048 122
16049 492
16050 436
16051 567
16052 482
16053 505
16054 544
16055 495
16056 528
16057 559
16058 465
16059 548
16060 420
16061 556
16062 487
16063 566
16064 528
16065 374
16066 657
16067 567
16068 294
16069 565
16070 455
16071 541
16072 530
16073 400
16074 551
16075 666
16076 524
16077 542
16078 287
16079 457
16080 410
16081 527
16082 376
16083 426
16084 498
16085 555
16086 570
16087 576
16088 643
16089 568
16090 461
16091 374
16092 367
16093 466
16094 504
16095 377
16096 544
16097 544
16098 547
16099 491
16100 353
16101 609
16102 480
16103 259
16104 335
16105 347
16106 561
16107 463
16108 524
16109 458
16110 522
16111 453
16112 434
16113 613
16114 468
16115 444
16116 519
16117 460
16118 572
16119 530
16120 616
16121 485
16122 376
16123 528
16124 312
16125 537
16126 495
16127 567
16128 327
16129 509
16130 491
16131 530
16132 576
16133 452
16134 461
16135 500
16136 564
16137 478
16138 467
16139 362
16140 462
16141 571
16142 473
16143 464
16144 524
16145 469
16146 495
16147 478
16148 426
16149 440
16150 174
16151 455
16152 630
16153 597
16154 531
16155 431
16156 474
16157 523
16158 551
16159 542
16160 479
16161 337
16162 562
16163 530
16164 580
16165 547
16166 555
16167 585
16168 522
16169 510
16170 476
16171 566
16172 483
16173 547
16174 304
16175 414
16176 534
16177 407
16178 578
16179 537
16180 481
16181 464
16182 541
16183 571
16184 595
16185 636
16186 478
16187 514
16188 536
16189 300
16190 519
16191 442
16192 509
16193 500
16194 518
16195 535
16196 347
16197 428
16198 449
16199 546
16200 296
16201 529
16202 512
16203 611
16204 516
16205 545
16206 514
16207 517
16208 317
16209 578
16210 406
16211 413
16212 551
16213 570
16214 404
16215 448
16216 435
16217 491
16218 426
16219 512
16220 477
16221 485
16222 465
16223 557
16224 526
16225 558
16226 535
16227 563
16228 540
16229 530
16230 568
16231 587
16232 576
16233 459
16234 586
16235 487
16236 474
16237 566
16238 462
16239 391
16240 551
16241 446
16242 440
16243 430
16244 511
16245 553
16246 602
16247 527
16248 485
16249 552
16250 528
16251 457
16252 601
16253 541
16254 537
16255 387
16256 430
16257 379
16258 445
16259 552
16260 386
16261 326
16262 521
16263 388
16264 438
16265 563
16266 586
16267 499
16268 404
16269 620
16270 581
16271 389
16272 451
16273 528
16274 509
16275 596
16276 423
16277 539
16278 378
16279 467
16280 507
16281 558
16282 473
16283 588
16284 559
16285 523
16286 616
16287 427
16288 561
16289 476
16290 557
16291 516
16292 556
16293 610
16294 572
16295 525
16296 540
16297 357
16298 308
16299 363
16300 405
16301 417
16302 473
16303 445
16304 479
16305 519
16306 503
16307 492
16308 463
16309 490
16310 405
16311 453
16312 478
16313 417
16314 470
16315 499
16316 592
16317 479
16318 468
16319 511
16320 377
16321 511
16322 580
16323 482
16324 519
16325 482
16326 426
16327 481
16328 484
16329 480
16330 503
16331 526
16332 369
16333 472
16334 554
16335 533
16336 587
16337 526
16338 436
16339 531
16340 412
16341 317
16342 386
16343 604
16344 469
16345 459
16346 516
16347 492
16348 520
16349 494
16350 611
16351 576
16352 344
16353 534
16354 286
16355 419
16356 469
16357 487
16358 537
16359 482
16360 549
16361 513
16362 481
16363 338
16364 602
16365 605
16366 581
16367 367
16368 425
16369 587
16370 511
16371 581
16372 573
16373 483
16374 466
16375 313
16376 344
16377 535
16378 493
16379 472
16380 593
16381 574
16382 475
16383 547
16384 396
16385 531
16386 593
16387 478
16388 587
16389 415
16390 406
16391 565
16392 516
16393 441
16394 474
16395 613
16396 531
16397 621
16398 298
16399 503
16400 525
16401 468
16402 539
16403 548
16404 571
16405 576
16406 503
16407 358
16408 526
16409 404
16410 432
16411 529
16412 584
16413 533
16414 505
16415 588
16416 371
16417 550
16418 476
16419 428
16420 512
16421 472
16422 398
16423 588
16424 470
16425 471
16426 598
16427 604
16428 491
16429 297
16430 552
16431 525
16432 579
16433 393
16434 456
16435 512
16436 530
16437 420
16438 460
16439 475
16440 418
16441 509
16442 501
16443 278
16444 616
16445 561
16446 372
16447 583
16448 473
16449 434
16450 291
16451 414
16452 268
16453 596
16454 512
16455 469
16456 566
16457 466
16458 552
16459 520
16460 381
16461 445
16462 554
16463 408
16464 386
16465 312
16466 601
16467 474
16468 476
16469 441
16470 478
16471 511
16472 495
16473 454
16474 534
16475 506
16476 246
16477 444
16478 504
16479 442
16480 573
16481 605
16482 548
16483 445
16484 541
16485 510
16486 573
16487 509
16488 485
16489 531
16490 480
16491 539
16492 569
16493 548
16494 522
16495 456
16496 463
16497 483
16498 585
16499 514
16500 548
16501 506
16502 487
16503 541
16504 551
16505 414
16506 525
16507 544
16508 506
16509 515
16510 365
16511 478
16512 569
16513 522
16514 511
16515 432
16516 405
16517 552
16518 575
16519 491
16520 531
16521 504
16522 537
16523 548
16524 391
16525 483
16526 469
16527 506
16528 526
16529 421
16530 567
16531 551
16532 472
16533 418
16534 554
16535 399
16536 579
16537 569
16538 528
16539 522
16540 445
16541 527
16542 556
16543 600
16544 507
16545 341
16546 445
16547 445
16548 602
16549 486
16550 555
16551 538
16552 0
16553 638
16554 529
16555 519
16556 301
16557 347
16558 461
16559 529
16560 559
16561 488
16562 546
16563 426
16564 472
16565 534
16566 382
16567 469
16568 415
16569 406
16570 447
16571 404
16572 447
16573 569
16574 347
16575 519
16576 397
16577 488
16578 486
16579 539
16580 517
16581 471
16582 542
16583 430
16584 496
16585 427
16586 456
16587 365
16588 526
16589 504
16590 514
16591 463
16592 441
16593 549
16594 500
16595 555
16596 564
16597 522
16598 424
16599 416
16600 542
16601 471
16602 454
16603 528
16604 526
16605 593
16606 546
16607 519
16608 397
16609 519
16610 518
16611 442
16612 598
16613 435
16614 564
16615 518
16616 524
16617 537
16618 428
16619 550
16620 465
16621 527
16622 396
16623 558
16624 460
16625 475
16626 540
16627 423
16628 586
16629 392
16630 564
16631 548
16632 485
16633 538
16634 465
16635 501
16636 550
16637 431
16638 466
16639 544
16640 543
16641 596
16642 532
16643 642
16644 581
16645 404
16646 369
16647 628
16648 435
16649 446
16650 328
16651 455
16652 491
16653 524
16654 418
16655 434
16656 335
16657 410
16658 600
16659 469
16660 487
16661 547
16662 619
16663 439
16664 458
16665 535
16666 476
16667 547
16668 295
16669 596
16670 642
16671 525
16672 591
16673 515
16674 492
16675 503
16676 563
16677 557
16678 591
16679 597
16680 541
16681 493
16682 522
16683 491
16684 194
16685 540
16686 478
16687 466
16688 529
16689 552
16690 563
16691 509
16692 524
16693 594
16694 521
16695 470
16696 463
16697 597
16698 490
16699 387
16700 450
16701 487
16702 528
16703 505
16704 615
16705 535
16706 421
16707 456
16708 536
16709 443
16710 482
16711 409
16712 535
16713 473
16714 461
16715 529
16716 489
16717 603
16718 580
16719 604
16720 545
16721 542
16722 495
16723 524
16724 540
16725 377
16726 407
16727 453
16728 493
16729 511
16730 415
16731 534
16732 562
16733 569
16734 519
16735 540
16736 436
16737 267
16738 459
16739 537
16740 571
16741 377
16742 537
16743 551
16744 557
16745 394
16746 413
16747 491
16748 556
16749 495
16750 570
16751 468
16752 507
16753 594
16754 457
16755 384
16756 462
16757 412
16758 588
16759 539
16760 583
16761 537
16762 517
16763 567
16764 379
16765 571
16766 541
16767 573
16768 438
16769 537
16770 287
16771 563
16772 535
16773 582
16774 594
16775 517
16776 538
16777 473
16778 539
16779 439
16780 547
16781 551
16782 568
16783 476
16784 464
16785 490
16786 544
16787 461
16788 561
16789 396
16790 507
16791 515
16792 399
16793 458
16794 483
16795 578
16796 544
16797 488
16798 472
16799 540
16800 573
16801 561
16802 568
16803 555
16804 496
16805 627
16806 441
16807 453
16808 424
16809 508
16810 448
16811 567
16812 470
16813 495
16814 365
16815 486
16816 444
16817 340
16818 441
16819 500
16820 465
16821 429
16822 587
16823 571
16824 418
16825 447
16826 428
16827 456
16828 482
16829 488
16830 564
16831 483
16832 562
16833 453
16834 481
16835 550
16836 517
16837 533
16838 538
16839 514
16840 359
16841 436
16842 467
16843 507
16844 500
16845 474
16846 478
16847 571
16848 453
16849 501
16850 567
16851 580
16852 570
16853 599
16854 518
16855 567
16856 550
16857 515
16858 511
16859 590
16860 452
16861 584
16862 471
16863 468
16864 554
16865 443
16866 506
16867 300
16868 484
16869 392
16870 480
16871 331
16872 523
16873 519
16874 469
16875 476
16876 504
16877 331
16878 459
16879 518
16880 493
16881 572
16882 637
16883 538
16884 407
16885 589
16886 468
16887 472
16888 326
16889 379
16890 496
16891 604
16892 474
16893 437
16894 438
16895 546
16896 527
16897 555
16898 536
16899 462
16900 533
16901 568
16902 468
16903 582
16904 556
16905 550
16906 480
16907 528
16908 430
16909 503
16910 229
16911 571
16912 425
16913 315
16914 502
16915 593
16916 557
16917 429
16918 530
16919 480
16920 602
16921 537
16922 440
16923 438
16924 426
16925 528
16926 287
16927 427
16928 568
16929 359
16930 498
16931 607
16932 404
16933 542
16934 431
16935 369
16936 343
16937 410
16938 408
16939 574
16940 587
16941 548
16942 413
16943 575
16944 491
16945 436
16946 387
16947 542
16948 484
16949 408
16950 417
16951 593
16952 343
16953 498
16954 397
16955 582
16956 570
16957 372
16958 642
16959 451
16960 508
16961 593
16962 360
16963 512
16964 648
16965 464
16966 411
16967 479
16968 356
16969 342
16970 596
16971 461
16972 520
16973 558
16974 493
16975 541
16976 537
16977 291
16978 522
16979 438
16980 494
16981 463
16982 374
16983 518
16984 537
16985 521
16986 535
16987 537
16988 516
16989 529
16990 480
16991 365
16992 485
16993 236
16994 438
16995 204
16996 541
16997 495
16998 515
16999 507
17000 505
17001 549
17002 541
17003 498
17004 527
17005 559
17006 382
17007 363
17008 567
17009 585
17010 392
17011 201
17012 390
17013 419
17014 547
17015 460
17016 582
17017 611
17018 393
17019 414
17020 500
17021 576
17022 514
17023 515
17024 550
17025 524
17026 552
17027 531
17028 399
17029 501
17030 484
17031 514
17032 533
17033 588
17034 526
17035 507
17036 451
17037 506
17038 348
17039 544
17040 419
17041 562
17042 423
17043 574
17044 567
17045 560
17046 502
17047 447
17048 358
17049 495
17050 620
17051 470
17052 555
17053 495
17054 424
17055 593
17056 449
17057 423
17058 535
17059 382
17060 452
17061 493
17062 424
17063 532
17064 540
17065 501
17066 463
17067 572
17068 606
17069 539
17070 387
17071 544
17072 529
17073 573
17074 374
17075 523
17076 492
17077 602
17078 510
17079 454
17080 535
17081 511
17082 565
17083 525
17084 519
17085 530
17086 470
17087 418
17088 414
17089 521
17090 481
17091 494
17092 443
17093 368
17094 393
17095 525
17096 493
17097 577
17098 505
17099 416
17100 572
17101 392
17102 489
17103 623
17104 511
17105 458
17106 456
17107 292
17108 459
17109 489
17110 578
17111 631
17112 527
17113 381
17114 484
17115 285
17116 624
17117 557
17118 541
17119 448
17120 480
17121 245
17122 353
17123 504
17124 528
17125 560
17126 447
17127 548
17128 291
17129 476
17130 545
17131 442
17132 609
17133 470
17134 483
17135 612
17136 538
17137 419
17138 482
17139 525
17140 550
17141 568
17142 589
17143 471
17144 531
17145 503
17146 467
17147 490
17148 519
17149 553
17150 536
17151 338
17152 561
17153 370
17154 547
17155 477
17156 378
17157 486
17158 523
17159 530
17160 495
17161 529
17162 616
17163 533
17164 379
17165 254
17166 445
17167 478
17168 385
17169 379
17170 523
17171 531
17172 506
17173 542
17174 481
17175 543
17176 521
17177 524
17178 585
17179 534
17180 548
17181 535
17182 520
17183 497
17184 565
17185 509
17186 557
17187 528
17188 578
17189 501
17190 572
17191 555
17192 559
17193 490
17194 422
17195 516
17196 557
17197 536
17198 437
17199 420
17200 562
17201 500
17202 564
17203 544
17204 536
17205 523
17206 591
17207 607
17208 502
17209 488
17210 531
17211 533
17212 548
17213 525
17214 475
17215 633
17216 561
17217 449
17218 541
17219 336
17220 548
17221 553
17222 337
17223 497
17224 517
17225 549
17226 418
17227 587
17228 524
17229 432
17230 415
17231 444
17232 520
17233 602
17234 520
17235 511
17236 529
17237 498
17238 576
17239 558
17240 566
17241 541
17242 556
17243 646
17244 539
17245 533
17246 482
17247 417
17248 550
17249 527
17250 450
17251 558
17252 495
17253 510
17254 539
17255 614
17256 605
17257 380
17258 410
17259 374
17260 487
17261 614
17262 469
17263 335
17264 568
17265 588
17266 559
17267 486
17268 403
17269 597
17270 474
17271 563
17272 311
17273 573
17274 518
17275 527
17276 524
17277 474
17278 569
17279 478
17280 496
17281 505
17282 460
17283 534
17284 478
17285 481
17286 546
17287 519
17288 447
17289 482
17290 569
17291 314
17292 485
17293 475
17294 439
17295 430
17296 422
17297 582
17298 462
17299 526
17300 319
17301 616
17302 589
17303 510
17304 344
17305 560
17306 513
17307 579
17308 476
17309 609
17310 606
17311 379
17312 509
17313 317
17314 594
17315 152
17316 693
17317 510
17318 479
17319 574
17320 575
17321 573
17322 506
17323 419
17324 563
17325 470
17326 522
17327 454
17328 594
17329 559
17330 423
17331 508
17332 429
17333 385
17334 583
17335 546
17336 429
17337 574
17338 458
17339 301
17340 508
17341 320
17342 567
17343 568
17344 561
17345 430
17346 509
17347 456
17348 562
17349 524
17350 523
17351 501
17352 418
17353 576
17354 591
17355 506
17356 422
17357 526
17358 417
17359 520
17360 442
17361 449
17362 555
17363 587
17364 585
17365 436
17366 622
17367 413
17368 580
17369 538
17370 478
17371 492
17372 516
17373 442
17374 517
17375 469
17376 529
17377 559
17378 568
17379 472
17380 568
17381 563
17382 533
17383 547
17384 496
17385 501
17386 460
17387 561
17388 551
17389 231
17390 602
17391 440
17392 554
17393 377
17394 546
17395 501
17396 467
17397 620
17398 515
17399 566
17400 534
17401 502
17402 363
17403 454
17404 359
17405 566
17406 395
17407 618
17408 452
17409 511
17410 333
17411 563
17412 544
17413 545
17414 554
17415 558
17416 498
17417 431
17418 562
17419 509
17420 519
17421 440
17422 319
17423 565
17424 520
17425 619
17426 599
17427 410
17428 479
17429 491
17430 430
17431 482
17432 558
17433 435
17434 462
17435 517
17436 403
17437 514
17438 557
17439 504
17440 437
17441 497
17442 471
17443 362
17444 535
17445 621
17446 504
17447 442
17448 616
17449 509
17450 461
17451 481
17452 526
17453 578
17454 410
17455 577
17456 556
17457 546
17458 471
17459 510
17460 487
17461 463
17462 438
17463 447
17464 568
17465 565
17466 488
17467 485
17468 545
17469 430
17470 572
17471 542
17472 586
17473 537
17474 479
17475 464
17476 543
17477 457
17478 478
17479 450
17480 446
17481 516
17482 494
17483 560
17484 403
17485 470
17486 461
17487 403
17488 518
17489 529
17490 435
17491 467
17492 340
17493 611
17494 414
17495 392
17496 565
17497 530
17498 365
17499 483
17500 541
17501 567
17502 514
17503 420
17504 571
17505 555
17506 286
17507 536
17508 559
17509 577
17510 521
17511 519
17512 578
17513 596
17514 477
17515 347
17516 349
17517 599
17518 473
17519 373
17520 492
17521 408
17522 542
17523 590
17524 529
17525 440
17526 566
17527 487
17528 453
17529 528
17530 468
17531 517
17532 643
17533 458
17534 506
17535 495
17536 479
17537 545
17538 476
17539 494
17540 510
17541 559
17542 505
17543 445
17544 540
17545 473
17546 537
17547 540
17548 462
17549 428
17550 321
17551 490
17552 463
17553 522
17554 383
17555 462
17556 464
17557 490
17558 516
17559 571
17560 380
17561 516
17562 519
17563 403
17564 238
17565 395
17566 501
17567 588
17568 360
17569 529
17570 518
17571 362
17572 540
17573 457
17574 577
17575 513
17576 558
17577 409
17578 448
17579 530
17580 401
17581 558
17582 599
17583 425
17584 393
17585 528
17586 344
17587 450
17588 613
17589 534
17590 438
17591 479
17592 491
17593 477
17594 306
17595 427
17596 533
17597 380
17598 503
17599 520
17600 565
17601 413
17602 600
17603 481
17604 620
17605 480
17606 276
17607 558
17608 437
17609 556
17610 542
17611 574
17612 428
17613 468
17614 439
17615 365
17616 558
17617 499
17618 468
17619 410
17620 450
17621 566
17622 555
17623 583
17624 530
17625 563
17626 452
17627 532
17628 341
17629 567
17630 528
17631 529
17632 365
17633 545
17634 469
17635 422
17636 443
17637 508
17638 540
17639 495
17640 468
17641 464
17642 601
17643 479
17644 508
17645 453
17646 512
17647 439
17648 514
17649 560
17650 466
17651 498
17652 486
17653 452
17654 584
17655 519
17656 363
17657 562
17658 611
17659 506
17660 481
17661 478
17662 395
17663 579
17664 322
17665 388
17666 487
17667 512
17668 577
17669 459
17670 562
17671 347
17672 461
17673 533
17674 578
17675 548
17676 336
17677 268
17678 332
17679 606
17680 410
17681 540
17682 310
17683 495
17684 434
17685 494
17686 483
17687 390
17688 457
17689 588
17690 511
17691 450
17692 616
17693 460
17694 526
17695 382
17696 342
17697 609
17698 440
17699 520
17700 581
17701 503
17702 532
17703 574
17704 377
17705 538
17706 411
17707 578
17708 560
17709 542
17710 509
17711 578
17712 560
17713 542
17714 418
17715 525
17716 589
17717 507
17718 525
17719 566
17720 614
17721 432
17722 587
17723 566
17724 423
17725 526
17726 549
17727 556
17728 443
17729 405
17730 528
17731 516
17732 412
17733 556
17734 508
17735 355
17736 595
17737 504
17738 463
17739 510
17740 583
17741 557
17742 388
17743 519
17744 400
17745 473
17746 340
17747 536
17748 544
17749 560
17750 421
17751 442
17752 479
17753 607
17754 482
17755 399
17756 580
17757 484
17758 556
17759 450
17760 448
17761 467
17762 451
17763 516
17764 469
17765 571
17766 427
17767 449
17768 534
17769 549
17770 525
17771 517
17772 476
17773 638
17774 480
17775 470
17776 587
17777 460
17778 498
17779 572
17780 579
17781 468
17782 401
17783 187
17784 346
17785 432
17786 520
17787 365
17788 545
17789 472
17790 499
17791 457
17792 490
17793 423
17794 496
17795 631
17796 543
17797 469
17798 305
17799 246
17800 580
17801 428
17802 604
17803 541
17804 428
17805 510
17806 485
17807 485
17808 498
17809 597
17810 516
17811 570
17812 366
17813 465
17814 449
17815 587
17816 385
17817 511
17818 528
17819 568
17820 366
17821 591
17822 402
17823 552
17824 532
17825 539
17826 408
17827 531
17828 323
17829 486
17830 396
17831 566
17832 539
17833 499
17834 590
17835 583
17836 418
17837 450
17838 525
17839 522
17840 414
17841 464
17842 515
17843 500
17844 491
17845 500
17846 509
17847 523
17848 444
17849 311
17850 530
17851 467
17852 396
17853 388
17854 531
17855 544
17856 534
17857 340
17858 461
17859 445
17860 554
17861 392
17862 384
17863 355
17864 621
17865 311
17866 535
17867 471
17868 632
17869 437
17870 324
17871 443
17872 539
17873 571
17874 560
17875 442
17876 503
17877 568
17878 371
17879 545
17880 280
17881 289
17882 542
17883 500
17884 457
17885 534
17886 473
17887 501
17888 609
17889 550
17890 565
17891 336
17892 480
17893 563
17894 488
17895 517
17896 544
17897 558
17898 454
17899 418
17900 0
17901 543
17902 459
17903 500
17904 450
17905 396
17906 519
17907 454
17908 547
17909 434
17910 95
17911 494
17912 474
17913 548
17914 530
17915 466
17916 509
17917 480
17918 578
17919 562
17920 463
17921 337
17922 551
17923 637
17924 405
17925 572
17926 472
17927 489
17928 515
17929 438
17930 584
17931 466
17932 555
17933 596
17934 539
17935 508
17936 555
17937 545
17938 171
17939 547
17940 508
17941 606
17942 515
17943 304
17944 496
17945 442
17946 410
17947 556
17948 469
17949 530
17950 541
17951 505
17952 458
17953 530
17954 501
17955 367
17956 518
17957 574
17958 568
17959 502
17960 493
17961 548
17962 553
17963 534
17964 485
17965 621
17966 546
17967 529
17968 482
17969 304
17970 494
17971 436
17972 371
17973 486
17974 403
17975 547
17976 472
17977 468
17978 517
17979 528
17980 584
17981 549
17982 566
17983 585
17984 518
17985 548
17986 555
17987 534
17988 293
17989 553
17990 542
17991 558
17992 142
17993 571
17994 574
17995 476
17996 515
17997 469
17998 593
17999 501
18000 507
18001 558
18002 573
18003 537
18004 504
18005 365
18006 462
18007 409
18008 467
18009 550
18010 507
18011 357
18012 411
18013 587
18014 488
18015 556
18016 579
18017 533
18018 511
18019 519
18020 562
18021 416
18022 597
18023 383
18024 485
18025 566
18026 543
18027 430
18028 425
18029 349
18030 390
18031 348
18032 502
18033 419
18034 528
18035 502
18036 443
18037 460
18038 462
18039 572
18040 310
18041 557
18042 584
18043 529
18044 400
18045 470
18046 526
18047 520
18048 307
18049 523
18050 537
18051 512
18052 507
18053 465
18054 530
18055 535
18056 466
18057 543
18058 507
18059 591
18060 512
18061 504
18062 599
18063 535
18064 527
18065 556
18066 332
18067 512
18068 496
18069 417
18070 490
18071 442
18072 557
18073 494
18074 550
18075 559
18076 434
18077 502
18078 617
18079 506
18080 527
18081 548
18082 553
18083 291
18084 519
18085 338
18086 547
18087 529
18088 537
18089 457
18090 510
18091 565
18092 486
18093 514
18094 582
18095 512
18096 489
18097 273
18098 400
18099 514
18100 470
18101 519
18102 510
18103 532
18104 497
18105 560
18106 414
18107 575
18108 586
18109 466
18110 512
18111 582
18112 578
18113 436
18114 507
18115 533
18116 504
18117 485
18118 557
18119 492
18120 525
18121 514
18122 387
18123 536
18124 563
18125 368
18126 538
18127 512
18128 173
18129 361
18130 514
18131 395
18132 387
18133 578
18134 582
18135 395
18136 587
18137 459
18138 544
18139 513
18140 428
18141 476
18142 492
18143 485
18144 435
18145 499
18146 452
18147 500
18148 459
18149 598
18150 486
18151 544
18152 337
18153 435
18154 434
18155 517
18156 449
18157 395
18158 474
18159 533
18160 313
18161 566
18162 428
18163 541
18164 428
18165 436
18166 495
18167 448
18168 427
18169 579
18170 528
18171 534
18172 593
18173 568
18174 486
18175 442
18176 570
18177 496
18178 647
18179 559
18180 557
18181 614
18182 460
18183 383
18184 559
18185 523
18186 353
18187 474
18188 455
18189 463
18190 506
18191 451
18192 578
18193 305
18194 519
18195 409
18196 578
18197 560
18198 491
18199 593
18200 500
18201 424
18202 493
18203 539
18204 499
18205 561
18206 476
18207 558
18208 379
18209 558
18210 516
18211 554
18212 544
18213 520
18214 353
18215 508
18216 500
18217 511
18218 477
18219 529
18220 434
18221 442
18222 622
18223 529
18224 507
18225 511
18226 539
18227 589
18228 470
18229 484
18230 442
18231 556
18232 523
18233 497
18234 406
18235 530
18236 499
18237 456
18238 486
18239 509
18240 458
18241 491
18242 444
18243 555
18244 529
18245 340
18246 560
18247 497
18248 609
18249 546
18250 516
18251 460
18252 331
18253 539
18254 517
18255 402
18256 528
18257 466
18258 517
18259 430
18260 463
18261 358
18262 441
18263 539
18264 423
18265 434
18266 567
18267 578
18268 465
18269 540
18270 562
18271 405
18272 459
18273 548
18274 500
18275 513
18276 489
18277 556
18278 562
18279 465
18280 561
18281 594
18282 480
18283 546
18284 494
18285 501
18286 508
18287 457
18288 573
18289 543
18290 602
18291 457
18292 581
18293 488
18294 539
18295 555
18296 524
18297 269
18298 376
18299 561
18300 560
18301 542
18302 601
18303 445
18304 442
18305 328
18306 509
18307 473
18308 622
18309 627
18310 595
18311 521
18312 602
18313 454
18314 394
18315 470
18316 409
18317 570
18318 525
18319 329
18320 424
18321 460
18322 542
18323 609
18324 453
18325 478
18326 540
18327 536
18328 438
18329 543
18330 512
18331 455
18332 342
18333 515
18334 558
18335 318
18336 411
18337 497
18338 526
18339 536
18340 368
18341 519
18342 377
18343 714
18344 453
18345 420
18346 532
18347 532
18348 468
18349 342
18350 441
18351 485
18352 542
18353 525
18354 454
18355 328
18356 482
18357 467
18358 469
18359 585
18360 501
18361 513
18362 501
18363 385
18364 569
18365 480
18366 295
18367 527
18368 626
18369 499
18370 536
18371 478
18372 524
18373 280
18374 425
18375 390
18376 549
18377 480
18378 325
18379 467
18380 470
18381 536
18382 381
18383 553
18384 436
18385 457
18386 490
18387 556
18388 520
18389 401
18390 505
18391 533
18392 538
18393 543
18394 488
18395 489
18396 537
18397 602
18398 555
18399 496
18400 444
18401 413
18402 537
18403 518
18404 527
18405 543
18406 503
18407 545
18408 530
18409 638
18410 455
18411 507
18412 516
18413 541
18414 619
18415 539
18416 520
18417 518
18418 441
18419 465
18420 616
18421 437
18422 582
18423 491
18424 439
18425 493
18426 513
18427 428
18428 478
18429 462
18430 435
18431 493
18432 338
18433 448
18434 561
18435 448
18436 354
18437 481
18438 338
18439 541
18440 493
18441 405
18442 452
18443 542
18444 563
18445 423
18446 560
18447 550
18448 484
18449 563
18450 577
18451 572
18452 533
18453 420
18454 510
18455 462
18456 513
18457 337
18458 513
18459 458
18460 437
18461 421
18462 367
18463 444
18464 520
18465 497
18466 429
18467 527
18468 455
18469 517
18470 486
18471 594
18472 517
18473 564
18474 476
18475 531
18476 551
18477 598
18478 454
18479 534
18480 541
18481 347
18482 187
18483 382
18484 339
18485 541
18486 530
18487 513
18488 555
18489 582
18490 477
18491 546
18492 510
18493 622
18494 500
18495 443
18496 511
18497 522
18498 650
18499 496
18500 450
18501 535
18502 568
18503 419
18504 508
18505 482
18506 494
18507 443
18508 473
18509 523
18510 538
18511 598
18512 478
18513 566
18514 402
18515 512
18516 563
18517 481
18518 549
18519 527
18520 527
18521 560
18522 579
18523 550
18524 378
18525 384
18526 537
18527 407
18528 404
18529 406
18530 525
18531 589
18532 521
18533 453
18534 484
18535 612
18536 337
18537 486
18538 528
18539 543
18540 440
18541 522
18542 187
18543 533
18544 484
18545 564
18546 277
18547 593
18548 541
18549 440
18550 582
18551 510
18552 437
18553 594
18554 560
18555 506
18556 549
18557 577
18558 387
18559 432
18560 477
18561 431
18562 510
18563 447
18564 584
18565 592
18566 442
18567 509
18568 385
18569 541
18570 541
18571 535
18572 548
18573 488
18574 458
18575 547
18576 559
18577 308
18578 399
18579 474
18580 521
18581 303
18582 565
18583 598
18584 489
18585 575
18586 574
18587 544
18588 521
18589 389
18590 370
18591 359
18592 594
18593 491
18594 485
18595 452
18596 356
18597 0
18598 380
18599 610
18600 558
18601 531
18602 444
18603 332
18604 548
18605 311
18606 604
18607 472
18608 511
18609 556
18610 471
18611 501
18612 530
18613 249
18614 458
18615 261
18616 520
18617 575
18618 511
18619 570
18620 418
18621 571
18622 566
18623 501
18624 493
18625 529
18626 546
18627 508
18628 509
18629 350
18630 402
18631 513
18632 527
18633 523
18634 550
18635 520
18636 473
18637 469
18638 430
18639 588
18640 422
18641 425
18642 343
18643 642
18644 454
18645 509
18646 446
18647 563
18648 383
18649 477
18650 415
18651 583
18652 451
18653 552
18654 512
18655 532
18656 545
18657 521
18658 433
18659 541
18660 441
18661 450
18662 452
18663 466
18664 402
18665 562
18666 466
18667 502
18668 549
18669 446
18670 507
18671 540
18672 596
18673 492
18674 538
18675 561
18676 588
18677 355
18678 522
18679 558
18680 541
18681 521
18682 465
18683 486
18684 489
18685 473
18686 478
18687 498
18688 528
18689 475
18690 605
18691 466
18692 486
18693 513
18694 402
18695 428
18696 548
18697 570
18698 450
18699 410
18700 507
18701 475
18702 478
18703 439
18704 574
18705 585
18706 591
18707 494
18708 512
18709 578
18710 528
18711 384
18712 477
18713 516
18714 527
18715 484
18716 379
18717 548
18718 455
18719 558
18720 522
18721 526
18722 466
18723 479
18724 525
18725 562
18726 463
18727 392
18728 450
18729 583
18730 556
18731 526
18732 517
18733 451
18734 457
18735 507
18736 483
18737 537
18738 491
18739 488
18740 454
18741 606
18742 581
18743 532
18744 529
18745 185
18746 501
18747 520
18748 551
18749 526
18750 522
18751 617
18752 505
18753 509
18754 524
18755 493
18756 417
18757 543
18758 456
18759 442
18760 463
18761 486
18762 498
18763 507
18764 470
18765 511
18766 571
18767 421
18768 575
18769 590
18770 491
18771 464
18772 450
18773 495
18774 505
18775 482
18776 427
18777 317
18778 480
18779 477
18780 509
18781 582
18782 538
18783 489
18784 543
18785 387
18786 461
18787 459
18788 347
18789 521
18790 475
18791 168
18792 301
18793 553
18794 367
18795 430
18796 600
18797 490
18798 415
18799 521
18800 466
18801 479
18802 422
18803 438
18804 298
18805 416
18806 505
18807 371
18808 524
18809 485
18810 533
18811 561
18812 364
18813 444
18814 528
18815 541
18816 347
18817 390
18818 592
18819 558
18820 567
18821 557
18822 540
18823 575
18824 475
18825 545
18826 563
18827 594
18828 504
18829 486
18830 478
18831 540
18832 520
18833 536
18834 512
18835 460
18836 451
18837 510
18838 427
18839 392
18840 535
18841 486
18842 0
18843 539
18844 489
18845 577
18846 546
18847 646
18848 522
18849 552
18850 468
18851 500
18852 567
18853 330
18854 499
18855 450
18856 573
18857 481
18858 570
18859 326
18860 426
18861 490
18862 509
18863 544
18864 533
18865 533
18866 402
18867 296
18868 519
18869 390
18870 400
18871 327
18872 542
18873 446
18874 328
18875 598
18876 505
18877 550
18878 513
18879 435
18880 425
18881 595
18882 511
18883 535
18884 534
18885 617
18886 592
18887 480
18888 533
18889 565
18890 594
18891 371
18892 483
18893 508
18894 524
18895 273
18896 480
18897 444
18898 507
18899 312
18900 553
18901 559
18902 392
18903 534
18904 532
18905 554
18906 592
18907 327
18908 566
18909 546
18910 378
18911 537
18912 591
18913 609
18914 476
18915 407
18916 492
18917 536
18918 429
18919 546
18920 533
18921 503
18922 527
18923 523
18924 462
18925 454
18926 495
18927 472
18928 474
18929 514
18930 575
18931 415
18932 663
18933 479
18934 522
18935 387
18936 545
18937 525
18938 501
18939 447
18940 508
18941 454
18942 530
18943 605
18944 524
18945 405
18946 400
18947 559
18948 536
18949 448
18950 564
18951 453
18952 563
18953 560
18954 564
18955 472
18956 531
18957 527
18958 569
18959 524
18960 660
18961 519
18962 615
18963 489
18964 533
18965 515
18966 489
18967 283
18968 575
18969 476
18970 512
18971 361
18972 480
18973 548
18974 403
18975 416
18976 367
18977 642
18978 531
18979 630
18980 538
18981 515
18982 443
18983 549
18984 590
18985 418
18986 543
18987 482
18988 491
18989 329
18990 528
18991 389
18992 464
18993 531
18994 349
18995 666
18996 496
18997 492
18998 398
18999 571
19000 477
19001 503
19002 446
19003 593
19004 598
19005 440
19006 525
19007 548
19008 521
19009 570
19010 571
19011 464
19012 571
19013 507
19014 436
19015 342
19016 534
19017 272
19018 554
19019 460
19020 512
19021 405
19022 518
19023 535
19024 467
19025 483
19026 538
19027 540
19028 450
19029 415
19030 506
19031 538
19032 553
19033 424
19034 556
19035 449
19036 548
19037 588
19038 466
19039 576
19040 503
19041 611
19042 513
19043 571
19044 474
19045 580
19046 493
19047 567
19048 512
19049 573
19050 465
19051 361
19052 441
19053 350
19054 387
19055 476
19056 548
19057 491
19058 576
19059 537
19060 550
19061 512
19062 400
19063 246
19064 413
19065 549
19066 498
19067 393
19068 424
19069 492
19070 425
19071 503
19072 585
19073 473
19074 496
19075 565
19076 536
19077 452
19078 519
19079 497
19080 549
19081 421
19082 68
19083 362
19084 462
19085 547
19086 396
19087 586
19088 414
19089 557
19090 511
19091 521
19092 576
19093 535
19094 524
19095 607
19096 560
19097 369
19098 547
19099 605
19100 558
19101 565
19102 560
19103 550
19104 480
19105 516
19106 569
19107 452
19108 319
19109 486
19110 400
19111 471
19112 455
19113 523
19114 547
19115 532
19116 485
19117 501
19118 526
19119 472
19120 481
19121 565
19122 604
19123 436
19124 352
19125 538
19126 530
19127 423
19128 470
19129 485
19130 562
19131 516
19132 531
19133 524
19134 417
19135 481
19136 541
19137 471
19138 430
19139 537
19140 535
19141 502
19142 541
19143 365
19144 453
19145 372
19146 503
19147 592
19148 519
19149 613
19150 456
19151 503
19152 484
19153 472
19154 338
19155 499
19156 592
19157 616
19158 590
19159 490
19160 479
19161 532
19162 531
19163 335
19164 513
19165 577
19166 391
19167 599
19168 569
19169 489
19170 290
19171 478
19172 500
19173 527
19174 452
19175 607
19176 561
19177 265
19178 588
19179 475
19180 559
19181 517
19182 526
19183 350
19184 487
19185 388
19186 536
19187 515
19188 495
19189 445
19190 550
19191 447
19192 544
19193 493
19194 475
19195 398
19196 222
19197 511
19198 550
19199 479
19200 543
19201 517
19202 520
19203 608
19204 570
19205 507
19206 472
19207 551
19208 382
19209 488
19210 450
19211 596
19212 531
19213 444
19214 588
19215 476
19216 497
19217 543
19218 614
19219 511
19220 590
19221 443
19222 509
19223 533
19224 528
19225 526
19226 525
19227 558
19228 429
19229 500
19230 632
19231 404
19232 533
19233 591
19234 458
19235 447
19236 315
19237 340
19238 310
19239 466
19240 497
19241 483
19242 607
19243 545
19244 464
19245 558
19246 540
19247 438
19248 555
19249 529
19250 505
19251 529
19252 580
19253 476
19254 463
19255 539
19256 461
19257 477
19258 636
19259 492
19260 356
19261 520
19262 402
19263 549
19264 589
19265 495
19266 529
19267 481
19268 525
19269 481
19270 525
19271 507
19272 494
19273 544
19274 521
19275 476
19276 435
19277 471
19278 523
19279 486
19280 496
19281 343
19282 454
19283 391
19284 565
19285 583
19286 454
19287 478
19288 563
19289 488
19290 406
19291 366
19292 427
19293 462
19294 545
19295 595
19296 416
19297 639
19298 486
19299 553
19300 591
19301 459
19302 517
19303 579
19304 419
19305 534
19306 485
19307 595
19308 445
19309 563
19310 497
19311 588
19312 473
19313 508
19314 485
19315 426
19316 588
19317 451
19318 511
19319 422
19320 609
19321 592
19322 498
19323 545
19324 597
19325 534
19326 573
19327 463
19328 440
19329 533
19330 474
19331 463
19332 558
19333 564
19334 596
19335 484
19336 556
19337 485
19338 433
19339 341
19340 413
19341 536
19342 470
19343 500
19344 405
19345 267
19346 550
19347 523
19348 505
19349 507
19350 577
19351 501
19352 488
19353 316
19354 531
19355 533
19356 574
19357 561
19358 465
19359 517
19360 371
19361 518
19362 440
19363 458
19364 527
19365 539
19366 502
19367 478
19368 534
19369 509
19370 335
19371 522
19372 444
19373 478
19374 520
19375 586
19376 408
19377 536
19378 568
19379 605
19380 513
19381 515
19382 554
19383 421
19384 457
19385 449
19386 567
19387 321
19388 628
19389 456
19390 429
19391 570
19392 388
19393 399
19394 515
19395 449
19396 434
19397 548
19398 526
19399 547
19400 444
19401 588
19402 509
19403 487
19404 538
19405 517
19406 621
19407 563
19408 419
19409 391
19410 475
19411 507
19412 287
19413 491
19414 536
19415 468
19416 453
19417 364
19418 472
19419 382
19420 466
19421 580
19422 496
19423 602
19424 441
19425 413
19426 530
19427 431
19428 588
19429 436
19430 301
19431 576
19432 536
19433 505
19434 457
19435 328
19436 550
19437 553
19438 384
19439 389
19440 501
19441 488
19442 539
19443 555
19444 440
19445 562
19446 471
19447 269
19448 579
19449 417
19450 514
19451 490
19452 493
19453 530
19454 540
19455 410
19456 463
19457 543
19458 567
19459 443
19460 464
19461 583
19462 461
19463 493
19464 504
19465 355
19466 324
19467 418
19468 588
19469 466
19470 426
19471 277
19472 548
19473 383
19474 598
19475 500
19476 474
19477 470
19478 521
19479 503
19480 439
19481 503
19482 544
19483 363
19484 493
19485 455
19486 511
19487 583
19488 597
19489 377
19490 497
19491 544
19492 319
19493 482
19494 450
19495 431
19496 454
19497 526
19498 489
19499 433
19500 516
19501 543
19502 578
19503 562
19504 517
19505 360
19506 493
19507 553
19508 585
19509 557
19510 487
19511 302
19512 568
19513 471
19514 538
19515 445
19516 506
19517 442
19518 481
19519 548
19520 516
19521 514
19522 637
19523 566
19524 615
19525 495
19526 400
19527 531
19528 555
19529 562
19530 394
19531 532
19532 602
19533 572
19534 509
19535 342
19536 566
19537 548
19538 564
19539 539
19540 423
19541 460
19542 464
19543 601
19544 591
19545 343
19546 582
19547 529
19548 579
19549 387
19550 565
19551 544
19552 612
19553 365
19554 598
19555 524
19556 478
19557 429
19558 580
19559 534
19560 439
19561 486
19562 323
19563 491
19564 498
19565 523
19566 605
19567 508
19568 445
19569 506
19570 433
19571 436
19572 514
19573 525
19574 551
19575 526
19576 545
19577 465
19578 486
19579 456
19580 534
19581 528
19582 548
19583 421
19584 509
19585 544
19586 562
19587 391
19588 558
19589 480
19590 529
19591 447
19592 540
19593 580
19594 434
19595 568
19596 582
19597 585
19598 464
19599 516
19600 540
19601 596
19602 544
19603 434
19604 559
19605 446
19606 378
19607 352
19608 502
19609 490
19610 534
19611 580
19612 473
19613 377
19614 438
19615 512
19616 478
19617 496
19618 516
19619 509
19620 475
19621 434
19622 577
19623 396
19624 471
19625 272
19626 531
19627 395
19628 520
19629 581
19630 469
19631 495
19632 426
19633 452
19634 367
19635 504
19636 586
19637 559
19638 512
19639 621
19640 660
19641 568
19642 516
19643 527
19644 538
19645 447
19646 472
19647 496
19648 464
19649 454
19650 377
19651 563
19652 421
19653 431
19654 418
19655 426
19656 464
19657 533
19658 504
19659 509
19660 550
19661 529
19662 557
19663 499
19664 517
19665 469
19666 341
19667 454
19668 516
19669 436
19670 482
19671 564
19672 585
19673 502
19674 365
19675 595
19676 485
19677 525
19678 515
19679 538
19680 484
19681 565
19682 529
19683 392
19684 456
19685 468
19686 518
19687 404
19688 578
19689 486
19690 506
19691 510
19692 383
19693 554
19694 487
19695 562
19696 425
19697 557
19698 363
19699 588
19700 460
19701 478
19702 512
19703 495
19704 503
19705 437
19706 301
19707 457
19708 511
19709 511
19710 454
19711 541
19712 538
19713 521
19714 489
19715 508
19716 352
19717 389
19718 479
19719 385
19720 497
19721 461
19722 465
19723 458
19724 499
19725 524
19726 377
19727 570
19728 583
19729 491
19730 596
19731 428
19732 430
19733 263
19734 559
19735 570
19736 503
19737 500
19738 562
19739 537
19740 415
19741 494
19742 583
19743 483
19744 481
19745 622
19746 389
19747 582
19748 529
19749 246
19750 516
19751 488
19752 491
19753 561
19754 530
19755 597
19756 552
19757 551
19758 525
19759 302
19760 564
19761 522
19762 543
19763 519
19764 284
19765 591
19766 386
19767 563
19768 511
19769 549
19770 561
19771 417
19772 293
19773 518
19774 608
19775 529
19776 557
19777 550
19778 364
19779 511
19780 401
19781 595
19782 417
19783 587
19784 354
19785 408
19786 481
19787 422
19788 582
19789 389
19790 590
19791 579
19792 447
19793 522
19794 506
19795 358
19796 473
19797 530
19798 524
19799 266
19800 484
19801 481
19802 351
19803 565
19804 354
19805 360
19806 574
19807 600
19808 437
19809 478
19810 557
19811 577
19812 534
19813 546
19814 586
19815 546
19816 329
19817 586
19818 401
19819 547
19820 513
19821 599
19822 613
19823 490
19824 594
19825 557
19826 623
19827 526
19828 523
19829 504
19830 436
19831 542
19832 222
19833 360
19834 518
19835 498
19836 540
19837 561
19838 307
19839 565
19840 507
19841 527
19842 552
19843 549
19844 370
19845 651
19846 539
19847 579
19848 546
19849 314
19850 326
19851 346
19852 515
19853 500
19854 495
19855 452
19856 514
19857 585
19858 544
19859 552
19860 550
19861 539
19862 566
19863 378
19864 524
19865 433
19866 537
19867 505
19868 503
19869 525
19870 524
19871 508
19872 479
19873 565
19874 372
19875 492
19876 585
19877 583
19878 548
19879 573
19880 525
19881 547
19882 496
19883 543
19884 404
19885 473
19886 535
19887 525
19888 532
19889 497
19890 564
19891 472
19892 553
19893 451
19894 432
19895 375
19896 571
19897 581
19898 586
19899 602
19900 591
19901 380
19902 570
19903 600
19904 514
19905 532
19906 585
19907 393
19908 484
19909 322
19910 483
19911 590
19912 489
19913 484
19914 448
19915 454
19916 606
19917 496
19918 443
19919 406
19920 480
19921 544
19922 394
19923 468
19924 302
19925 456
19926 536
19927 495
19928 549
19929 353
19930 552
19931 430
19932 558
19933 507
19934 389
19935 520
19936 509
19937 502
19938 630
19939 480
19940 573
19941 528
19942 479
19943 554
19944 499
19945 485
19946 494
19947 475
19948 527
19949 428
19950 412
19951 564
19952 471
19953 422
19954 504
19955 459
19956 567
19957 563
19958 564
19959 475
19960 640
19961 472
19962 446
19963 479
19964 473
19965 567
19966 374
19967 526
19968 504
19969 504
19970 569
19971 420
19972 442
19973 556
19974 363
19975 261
19976 590
19977 454
19978 499
19979 508
19980 429
19981 512
19982 500
19983 595
19984 416
19985 567
19986 502
19987 450
19988 484
19989 396
19990 566
19991 551
19992 452
19993 513
19994 422
19995 452
19996 424
19997 504
19998 487
19999 536
