# event_id  Npe_top  Npe_bottom  Npe_total  asym  N_fired_PMTs
0 77 9 86 0.790698 28
1 35 74 109 -0.357798 30
2 71 27 98 0.44898 28
3 12 129 141 -0.829787 26
4 30 67 97 -0.381443 23
5 94 9 103 0.825243 24
6 4 118 122 -0.934426 22
7 42 54 96 -0.125 24
8 54 35 89 0.213483 29
9 17 140 157 -0.783439 28
10 116 11 127 0.826772 23
11 6 127 133 -0.909774 14
12 22 63 85 -0.482353 25
13 9 99 108 -0.833333 26
14 2 124 126 -0.968254 21
15 51 49 100 0.02 29
16 33 49 82 -0.195122 22
17 77 16 93 0.655914 28
18 78 43 121 0.289256 36
19 22 56 78 -0.435897 27
20 27 45 72 -0.25 29
21 50 49 99 0.010101 29
22 11 76 87 -0.747126 27
23 53 41 94 0.12766 28
24 47 36 83 0.13253 30
25 51 48 99 0.030303 28
26 3 110 113 -0.946903 22
27 117 7 124 0.887097 21
28 76 24 100 0.52 29
29 4 120 124 -0.935484 22
30 44 68 112 -0.214286 22
31 24 59 83 -0.421687 28
32 61 30 91 0.340659 29
33 76 17 93 0.634409 18
34 51 55 106 -0.0377358 25
35 30 70 100 -0.4 28
36 51 56 107 -0.046729 32
37 66 21 87 0.517241 31
38 82 17 99 0.656566 27
39 57 34 91 0.252747 30
40 14 98 112 -0.75 29
41 19 94 113 -0.663717 27
42 61 43 104 0.173077 31
43 40 56 96 -0.166667 27
44 50 33 83 0.204819 33
45 46 73 119 -0.226891 33
46 71 23 94 0.510638 27
47 29 117 146 -0.60274 29
48 21 68 89 -0.52809 31
49 18 68 86 -0.581395 24
50 77 7 84 0.833333 21
51 65 11 76 0.710526 23
52 67 19 86 0.55814 30
53 47 67 114 -0.175439 32
54 69 56 125 0.104 30
55 60 23 83 0.445783 24
56 21 84 105 -0.6 24
57 67 35 102 0.313725 28
58 34 75 109 -0.376147 27
59 139 3 142 0.957746 18
60 75 46 121 0.239669 27
61 73 33 106 0.377358 31
62 45 72 117 -0.230769 30
63 18 71 89 -0.595506 23
64 47 49 96 -0.0208333 29
65 22 14 36 0.222222 16
66 69 39 108 0.277778 29
67 31 76 107 -0.420561 23
68 56 28 84 0.333333 27
69 39 61 100 -0.22 26
70 56 72 128 -0.125 34
71 38 46 84 -0.0952381 28
72 106 21 127 0.669291 29
73 12 58 70 -0.657143 24
74 48 64 112 -0.142857 31
75 33 111 144 -0.541667 24
76 87 6 93 0.870968 22
77 10 63 73 -0.726027 24
78 50 54 104 -0.0384615 29
79 82 49 131 0.251908 33
80 24 95 119 -0.596639 29
81 52 74 126 -0.174603 35
82 6 169 175 -0.931429 19
83 5 103 108 -0.907407 21
84 30 78 108 -0.444444 30
85 116 7 123 0.886179 22
86 21 82 103 -0.592233 27
87 80 53 133 0.203008 33
88 20 84 104 -0.615385 30
89 23 75 98 -0.530612 27
90 106 12 118 0.79661 23
91 18 68 86 -0.581395 28
92 6 105 111 -0.891892 23
93 83 22 105 0.580952 30
94 7 134 141 -0.900709 18
95 5 131 136 -0.926471 19
96 125 7 132 0.893939 21
97 67 39 106 0.264151 32
98 35 66 101 -0.306931 26
99 59 34 93 0.268817 31
100 80 32 112 0.428571 30
101 9 93 102 -0.823529 23
102 9 117 126 -0.857143 20
103 20 79 99 -0.59596 30
104 71 16 87 0.632184 24
105 109 6 115 0.895652 23
106 112 13 125 0.792 28
107 43 75 118 -0.271186 30
108 124 17 141 0.758865 26
109 71 21 92 0.543478 31
110 18 104 122 -0.704918 28
111 12 92 104 -0.769231 25
112 74 38 112 0.321429 27
113 87 13 100 0.74 27
114 39 60 99 -0.212121 28
115 50 43 93 0.0752688 24
116 70 29 99 0.414141 31
117 56 68 124 -0.0967742 28
118 80 35 115 0.391304 25
119 144 8 152 0.894737 20
120 5 72 77 -0.87013 23
121 68 26 94 0.446809 22
122 18 111 129 -0.72093 27
123 84 6 90 0.866667 23
124 21 109 130 -0.676923 27
125 34 83 117 -0.418803 32
126 79 32 111 0.423423 28
127 27 72 99 -0.454545 27
128 49 79 128 -0.234375 29
129 60 58 118 0.0169492 26
130 13 109 122 -0.786885 29
131 12 79 91 -0.736264 25
132 31 81 112 -0.446429 32
133 105 18 123 0.707317 26
134 27 85 112 -0.517857 29
135 28 72 100 -0.44 28
136 120 7 127 0.889764 15
137 106 13 119 0.781513 26
138 91 13 104 0.75 26
139 28 78 106 -0.471698 26
140 26 87 113 -0.539823 29
141 70 14 84 0.666667 27
142 3 102 105 -0.942857 20
143 72 30 102 0.411765 32
144 52 62 114 -0.0877193 29
145 44 51 95 -0.0736842 31
146 70 34 104 0.346154 31
147 48 43 91 0.0549451 28
148 2 104 106 -0.962264 19
149 125 6 131 0.908397 21
150 116 12 128 0.8125 26
151 82 15 97 0.690722 24
152 14 148 162 -0.82716 22
153 76 18 94 0.617021 26
154 6 152 158 -0.924051 22
155 11 92 103 -0.786408 27
156 9 38 47 -0.617021 20
157 111 20 131 0.694656 27
158 51 32 83 0.228916 28
159 24 72 96 -0.5 26
160 86 27 113 0.522124 27
161 28 95 123 -0.544715 31
162 95 2 97 0.958763 11
163 7 76 83 -0.831325 24
164 15 103 118 -0.745763 28
165 70 17 87 0.609195 21
166 70 22 92 0.521739 29
167 27 52 79 -0.316456 25
168 73 37 110 0.327273 25
169 41 47 88 -0.0681818 28
170 10 101 111 -0.81982 25
171 28 59 87 -0.356322 32
172 4 125 129 -0.937984 23
173 132 19 151 0.748344 21
174 98 25 123 0.593496 26
175 68 45 113 0.20354 25
176 33 78 111 -0.405405 28
177 66 31 97 0.360825 28
178 6 91 97 -0.876289 23
179 62 19 81 0.530864 19
180 65 35 100 0.3 27
181 117 43 160 0.4625 28
182 90 12 102 0.764706 24
183 107 10 117 0.82906 22
184 42 66 108 -0.222222 28
185 18 107 125 -0.712 22
186 81 14 95 0.705263 27
187 35 75 110 -0.363636 24
188 66 20 86 0.534884 20
189 9 110 119 -0.848739 23
190 109 26 135 0.614815 29
191 37 57 94 -0.212766 29
192 59 19 78 0.512821 24
193 101 28 129 0.565891 29
194 57 62 119 -0.0420168 25
195 32 56 88 -0.272727 27
196 21 63 84 -0.5 25
197 76 17 93 0.634409 23
198 16 69 85 -0.623529 25
199 5 161 166 -0.939759 16
200 4 80 84 -0.904762 18
201 46 75 121 -0.239669 32
202 79 14 93 0.698925 29
203 2 149 151 -0.97351 21
204 85 9 94 0.808511 24
205 47 40 87 0.0804598 25
206 29 72 101 -0.425743 29
207 76 15 91 0.67033 25
208 150 22 172 0.744186 31
209 32 67 99 -0.353535 29
210 56 38 94 0.191489 26
211 5 141 146 -0.931507 20
212 67 66 133 0.0075188 31
213 70 30 100 0.4 31
214 9 59 68 -0.735294 21
215 30 71 101 -0.405941 26
216 78 46 124 0.258065 33
217 93 9 102 0.823529 25
218 7 54 61 -0.770492 18
219 51 57 108 -0.0555556 25
220 23 76 99 -0.535354 30
221 20 78 98 -0.591837 29
222 110 3 113 0.946903 15
223 60 45 105 0.142857 25
224 47 80 127 -0.259843 31
225 68 47 115 0.182609 32
226 20 66 86 -0.534884 26
227 78 48 126 0.238095 31
228 64 60 124 0.0322581 32
229 28 64 92 -0.391304 24
230 96 6 102 0.882353 22
231 57 55 112 0.0178571 35
232 111 4 115 0.930435 14
233 52 57 109 -0.0458716 26
234 18 90 108 -0.666667 23
235 14 108 122 -0.770492 29
236 44 59 103 -0.145631 30
237 72 31 103 0.398058 29
238 0 0 0 0 0
239 54 49 103 0.0485437 29
240 53 56 109 -0.0275229 30
241 58 55 113 0.0265487 33
242 10 104 114 -0.824561 26
243 29 79 108 -0.462963 26
244 16 110 126 -0.746032 29
245 18 35 53 -0.320755 24
246 84 19 103 0.631068 27
247 43 73 116 -0.258621 31
248 21 107 128 -0.671875 30
249 50 65 115 -0.130435 35
250 46 4 50 0.84 20
251 28 76 104 -0.461538 17
252 28 39 67 -0.164179 24
253 106 15 121 0.752066 24
254 21 87 108 -0.611111 25
255 39 61 100 -0.22 30
256 93 6 99 0.878788 24
257 70 22 92 0.521739 28
258 100 10 110 0.818182 27
259 84 23 107 0.570093 27
260 55 66 121 -0.0909091 27
261 13 153 166 -0.843373 24
262 69 40 109 0.266055 26
263 75 20 95 0.578947 26
264 86 50 136 0.264706 25
265 28 45 73 -0.232877 24
266 105 12 117 0.794872 22
267 54 51 105 0.0285714 33
268 95 13 108 0.759259 28
269 42 55 97 -0.134021 28
270 47 72 119 -0.210084 28
271 95 14 109 0.743119 25
272 58 66 124 -0.0645161 35
273 112 26 138 0.623188 28
274 100 30 130 0.538462 28
275 96 3 99 0.939394 19
276 91 30 121 0.504132 28
277 100 20 120 0.666667 28
278 88 22 110 0.6 28
279 104 21 125 0.664 30
280 51 41 92 0.108696 32
281 88 21 109 0.614679 28
282 51 30 81 0.259259 27
283 45 80 125 -0.28 26
284 34 68 102 -0.333333 32
285 66 41 107 0.233645 31
286 62 52 114 0.0877193 33
287 116 21 137 0.693431 23
288 17 80 97 -0.649485 28
289 115 5 120 0.916667 22
290 18 58 76 -0.526316 25
291 46 48 94 -0.0212766 30
292 8 133 141 -0.886525 20
293 94 20 114 0.649123 27
294 102 8 110 0.854545 26
295 25 67 92 -0.456522 26
296 59 48 107 0.102804 30
297 18 125 143 -0.748252 26
298 31 45 76 -0.184211 27
299 119 0 119 1 1
300 73 51 124 0.177419 29
301 81 23 104 0.557692 27
302 88 22 110 0.6 27
303 91 18 109 0.669725 29
304 79 15 94 0.680851 23
305 39 61 100 -0.22 32
306 66 52 118 0.118644 29
307 71 52 123 0.154472 32
308 125 23 148 0.689189 27
309 28 50 78 -0.282051 20
310 84 29 113 0.486726 32
311 37 56 93 -0.204301 29
312 31 78 109 -0.431193 26
313 59 39 98 0.204082 24
314 51 36 87 0.172414 28
315 18 79 97 -0.628866 30
316 121 13 134 0.80597 24
317 44 101 145 -0.393103 33
318 76 13 89 0.707865 24
319 38 47 85 -0.105882 28
320 41 66 107 -0.233645 29
321 14 120 134 -0.791045 29
322 23 100 123 -0.626016 25
323 51 43 94 0.0851064 30
324 46 81 127 -0.275591 31
325 120 6 126 0.904762 23
326 80 25 105 0.52381 27
327 9 112 121 -0.85124 18
328 22 105 127 -0.653543 29
329 78 29 107 0.457944 30
330 73 40 113 0.292035 32
331 32 96 128 -0.5 29
332 33 86 119 -0.445378 28
333 70 33 103 0.359223 25
334 14 68 82 -0.658537 26
335 101 30 131 0.541985 28
336 75 16 91 0.648352 29
337 4 134 138 -0.942029 20
338 48 65 113 -0.150442 21
339 41 48 89 -0.0786517 31
340 81 17 98 0.653061 23
341 15 75 90 -0.666667 27
342 75 49 124 0.209677 23
343 36 55 91 -0.208791 25
344 119 3 122 0.95082 21
345 71 57 128 0.109375 31
346 21 72 93 -0.548387 29
347 34 73 107 -0.364486 25
348 5 124 129 -0.922481 23
349 75 42 117 0.282051 26
350 5 126 131 -0.923664 21
351 38 79 117 -0.350427 22
352 30 129 159 -0.622642 28
353 15 121 136 -0.779412 21
354 59 65 124 -0.0483871 32
355 84 29 113 0.486726 29
356 3 142 145 -0.958621 14
357 58 21 79 0.468354 30
358 102 21 123 0.658537 30
359 4 119 123 -0.934959 21
360 46 49 95 -0.0315789 25
361 52 49 101 0.029703 31
362 9 128 137 -0.868613 25
363 133 7 140 0.9 23
364 58 60 118 -0.0169492 26
365 111 11 122 0.819672 21
366 72 6 78 0.846154 21
367 19 94 113 -0.663717 27
368 14 27 41 -0.317073 20
369 24 76 100 -0.52 26
370 129 9 138 0.869565 16
371 21 89 110 -0.618182 27
372 69 35 104 0.326923 31
373 43 59 102 -0.156863 30
374 97 5 102 0.901961 22
375 50 53 103 -0.0291262 27
376 63 11 74 0.702703 20
377 37 70 107 -0.308411 33
378 84 27 111 0.513514 30
379 81 37 118 0.372881 30
380 57 30 87 0.310345 24
381 64 11 75 0.706667 24
382 82 6 88 0.863636 23
383 6 91 97 -0.876289 18
384 91 21 112 0.625 24
385 52 40 92 0.130435 31
386 71 13 84 0.690476 27
387 9 106 115 -0.843478 24
388 70 33 103 0.359223 26
389 124 26 150 0.653333 31
390 45 48 93 -0.0322581 25
391 57 54 111 0.027027 25
392 16 91 107 -0.700935 23
393 79 25 104 0.519231 24
394 44 69 113 -0.221239 26
395 122 4 126 0.936508 13
396 130 5 135 0.925926 15
397 59 10 69 0.710145 25
398 68 31 99 0.373737 29
399 25 108 133 -0.62406 28
400 49 13 62 0.580645 23
401 87 2 89 0.955056 21
402 16 96 112 -0.714286 23
403 70 30 100 0.4 28
404 40 74 114 -0.298246 27
405 74 39 113 0.309735 32
406 113 24 137 0.649635 27
407 86 26 112 0.535714 30
408 8 103 111 -0.855856 23
409 61 36 97 0.257732 31
410 32 77 109 -0.412844 29
411 43 86 129 -0.333333 31
412 22 89 111 -0.603604 27
413 21 75 96 -0.5625 29
414 94 18 112 0.678571 29
415 102 20 122 0.672131 26
416 48 42 90 0.0666667 26
417 54 30 84 0.285714 32
418 70 61 131 0.0687023 32
419 79 46 125 0.264 28
420 73 36 109 0.33945 30
421 75 52 127 0.181102 31
422 2 113 115 -0.965217 19
423 104 3 107 0.943925 20
424 57 51 108 0.0555556 27
425 39 81 120 -0.35 26
426 61 46 107 0.140187 30
427 59 42 101 0.168317 29
428 3 6 9 -0.333333 7
429 26 87 113 -0.539823 30
430 25 57 82 -0.390244 25
431 105 27 132 0.590909 24
432 38 88 126 -0.396825 29
433 90 10 100 0.8 21
434 16 71 87 -0.632184 25
435 77 18 95 0.621053 25
436 26 63 89 -0.41573 30
437 48 45 93 0.0322581 27
438 40 64 104 -0.230769 22
439 59 23 82 0.439024 28
440 44 47 91 -0.032967 25
441 77 24 101 0.524752 20
442 45 41 86 0.0465116 30
443 13 113 126 -0.793651 24
444 10 145 155 -0.870968 24
445 89 40 129 0.379845 33
446 56 17 73 0.534247 27
447 104 36 140 0.485714 29
448 35 91 126 -0.444444 30
449 27 69 96 -0.4375 29
450 101 36 137 0.474453 29
451 37 103 140 -0.471429 28
452 80 22 102 0.568627 29
453 5 53 58 -0.827586 16
454 18 154 172 -0.790698 24
455 95 18 113 0.681416 28
456 67 28 95 0.410526 21
457 80 36 116 0.37931 23
458 5 123 128 -0.921875 23
459 39 75 114 -0.315789 27
460 72 47 119 0.210084 32
461 89 36 125 0.424 27
462 17 3 20 0.7 9
463 44 49 93 -0.0537634 33
464 69 23 92 0.5 28
465 78 66 144 0.0833333 33
466 88 22 110 0.6 29
467 70 44 114 0.22807 34
468 24 78 102 -0.529412 21
469 64 47 111 0.153153 26
470 48 41 89 0.0786517 27
471 112 18 130 0.723077 28
472 25 72 97 -0.484536 28
473 60 29 89 0.348315 30
474 39 55 94 -0.170213 32
475 14 109 123 -0.772358 26
476 37 88 125 -0.408 28
477 65 25 90 0.444444 30
478 69 29 98 0.408163 23
479 66 34 100 0.32 32
480 31 69 100 -0.38 29
481 86 11 97 0.773196 26
482 26 69 95 -0.452632 26
483 45 64 109 -0.174312 30
484 20 61 81 -0.506173 28
485 131 2 133 0.969925 16
486 14 103 117 -0.760684 26
487 93 38 131 0.419847 32
488 7 111 118 -0.881356 22
489 88 47 135 0.303704 34
490 75 39 114 0.315789 29
491 3 148 151 -0.960265 20
492 27 71 98 -0.44898 21
493 51 28 79 0.291139 24
494 21 56 77 -0.454545 24
495 20 59 79 -0.493671 22
496 67 20 87 0.54023 28
497 11 116 127 -0.826772 20
498 14 93 107 -0.738318 27
499 38 81 119 -0.361345 26
500 46 24 70 0.314286 30
501 12 94 106 -0.773585 23
502 35 77 112 -0.375 30
503 63 51 114 0.105263 31
504 37 47 84 -0.119048 31
505 47 37 84 0.119048 27
506 31 72 103 -0.398058 25
507 11 87 98 -0.77551 26
508 71 45 116 0.224138 26
509 12 90 102 -0.764706 26
510 15 116 131 -0.770992 26
511 57 54 111 0.027027 35
512 51 59 110 -0.0727273 32
513 35 67 102 -0.313725 30
514 40 58 98 -0.183673 26
515 32 70 102 -0.372549 22
516 58 65 123 -0.0569106 36
517 10 76 86 -0.767442 25
518 46 45 91 0.010989 24
519 36 51 87 -0.172414 32
520 116 7 123 0.886179 22
521 47 48 95 -0.0105263 28
522 9 92 101 -0.821782 23
523 23 98 121 -0.619835 27
524 42 52 94 -0.106383 25
525 81 12 93 0.741935 22
526 83 31 114 0.45614 29
527 45 68 113 -0.20354 31
528 54 61 115 -0.0608696 33
529 30 56 86 -0.302326 26
530 92 22 114 0.614035 26
531 57 32 89 0.280899 26
532 9 94 103 -0.825243 24
533 75 22 97 0.546392 26
534 23 110 133 -0.654135 25
535 26 96 122 -0.57377 28
536 20 103 123 -0.674797 26
537 58 2 60 0.933333 12
538 27 84 111 -0.513514 31
539 59 72 131 -0.0992366 33
540 59 31 90 0.311111 20
541 10 118 128 -0.84375 24
542 55 24 79 0.392405 26
543 140 9 149 0.879195 23
544 29 98 127 -0.543307 32
545 22 75 97 -0.546392 29
546 51 69 120 -0.15 27
547 6 123 129 -0.906977 24
548 69 36 105 0.314286 32
549 100 3 103 0.941748 22
550 61 38 99 0.232323 33
551 55 63 118 -0.0677966 30
552 61 39 100 0.22 25
553 54 40 94 0.148936 24
554 52 45 97 0.0721649 32
555 24 78 102 -0.529412 30
556 48 41 89 0.0786517 23
557 95 18 113 0.681416 30
558 85 24 109 0.559633 25
559 78 33 111 0.405405 31
560 10 160 170 -0.882353 21
561 109 14 123 0.772358 19
562 38 32 70 0.0857143 26
563 80 16 96 0.666667 21
564 37 77 114 -0.350877 32
565 54 50 104 0.0384615 29
566 22 74 96 -0.541667 25
567 49 93 142 -0.309859 32
568 83 17 100 0.66 26
569 24 53 77 -0.376623 26
570 86 14 100 0.72 21
571 67 48 115 0.165217 36
572 22 91 113 -0.610619 31
573 114 4 118 0.932203 22
574 34 74 108 -0.37037 29
575 36 81 117 -0.384615 30
576 124 3 127 0.952756 19
577 98 30 128 0.53125 24
578 45 67 112 -0.196429 30
579 19 81 100 -0.62 27
580 42 22 64 0.3125 21
581 105 22 127 0.653543 26
582 60 77 137 -0.124088 32
583 57 47 104 0.0961538 28
584 14 84 98 -0.714286 28
585 12 118 130 -0.815385 21
586 25 41 66 -0.242424 27
587 99 11 110 0.8 27
588 75 12 87 0.724138 23
589 103 10 113 0.823009 25
590 23 66 89 -0.483146 24
591 135 5 140 0.928571 17
592 56 32 88 0.272727 30
593 7 52 59 -0.762712 19
594 51 39 90 0.133333 31
595 61 56 117 0.042735 30
596 74 12 86 0.72093 23
597 77 12 89 0.730337 29
598 21 103 124 -0.66129 25
599 81 31 112 0.446429 27
600 98 32 130 0.507692 27
601 31 56 87 -0.287356 25
602 3 76 79 -0.924051 22
603 62 43 105 0.180952 30
604 22 65 87 -0.494253 29
605 14 109 123 -0.772358 28
606 91 12 103 0.76699 27
607 12 110 122 -0.803279 23
608 68 42 110 0.236364 30
609 6 135 141 -0.914894 23
610 113 20 133 0.699248 22
611 85 13 98 0.734694 24
612 8 82 90 -0.822222 18
613 13 107 120 -0.783333 25
614 126 2 128 0.96875 11
615 46 32 78 0.179487 26
616 13 118 131 -0.801527 28
617 76 33 109 0.394495 28
618 61 43 104 0.173077 32
619 14 114 128 -0.78125 27
620 30 38 68 -0.117647 25
621 127 14 141 0.801418 24
622 13 61 74 -0.648649 19
623 26 41 67 -0.223881 24
624 91 4 95 0.915789 22
625 62 47 109 0.137615 29
626 48 46 94 0.0212766 29
627 16 92 108 -0.703704 27
628 3 105 108 -0.944444 19
629 45 74 119 -0.243697 29
630 64 57 121 0.0578512 35
631 36 70 106 -0.320755 30
632 32 71 103 -0.378641 25
633 87 26 113 0.539823 29
634 18 85 103 -0.650485 28
635 84 21 105 0.6 29
636 24 90 114 -0.578947 30
637 91 23 114 0.596491 29
638 27 85 112 -0.517857 25
639 43 61 104 -0.173077 29
640 105 21 126 0.666667 25
641 143 3 146 0.958904 20
642 83 22 105 0.580952 31
643 76 48 124 0.225806 30
644 154 7 161 0.913043 17
645 78 22 100 0.56 24
646 84 8 92 0.826087 26
647 105 8 113 0.858407 24
648 46 69 115 -0.2 32
649 17 81 98 -0.653061 26
650 26 68 94 -0.446809 24
651 94 20 114 0.649123 25
652 59 8 67 0.761194 22
653 13 99 112 -0.767857 27
654 13 98 111 -0.765766 23
655 20 94 114 -0.649123 24
656 47 54 101 -0.0693069 29
657 5 43 48 -0.791667 20
658 66 19 85 0.552941 28
659 85 25 110 0.545455 29
660 94 19 113 0.663717 32
661 89 25 114 0.561404 27
662 48 61 109 -0.119266 34
663 0 140 140 -1 8
664 10 75 85 -0.764706 24
665 47 40 87 0.0804598 30
666 25 97 122 -0.590164 33
667 85 54 139 0.223022 30
668 49 53 102 -0.0392157 31
669 101 11 112 0.803571 27
670 36 86 122 -0.409836 25
671 71 20 91 0.56044 28
672 96 5 101 0.90099 23
673 63 49 112 0.125 28
674 99 18 117 0.692308 27
675 15 138 153 -0.803922 23
676 57 51 108 0.0555556 31
677 151 11 162 0.864198 20
678 126 31 157 0.605096 29
679 61 23 84 0.452381 27
680 68 30 98 0.387755 24
681 11 96 107 -0.794393 20
682 3 125 128 -0.953125 21
683 67 16 83 0.614458 27
684 41 69 110 -0.254545 29
685 67 37 104 0.288462 31
686 45 81 126 -0.285714 31
687 71 53 124 0.145161 35
688 22 98 120 -0.633333 28
689 95 18 113 0.681416 26
690 15 79 94 -0.680851 28
691 49 36 85 0.152941 27
692 3 129 132 -0.954545 20
693 45 57 102 -0.117647 27
694 70 40 110 0.272727 28
695 13 112 125 -0.792 27
696 41 106 147 -0.442177 32
697 49 31 80 0.225 28
698 112 19 131 0.709924 21
699 91 26 117 0.555556 28
700 59 53 112 0.0535714 24
701 72 12 84 0.714286 21
702 44 86 130 -0.323077 28
703 28 4 32 0.75 11
704 39 52 91 -0.142857 30
705 51 48 99 0.030303 31
706 73 39 112 0.303571 29
707 38 58 96 -0.208333 31
708 85 26 111 0.531532 28
709 93 17 110 0.690909 25
710 36 101 137 -0.474453 28
711 24 69 93 -0.483871 24
712 28 71 99 -0.434343 23
713 47 15 62 0.516129 27
714 29 89 118 -0.508475 28
715 7 148 155 -0.909677 16
716 13 100 113 -0.769912 28
717 19 90 109 -0.651376 28
718 28 54 82 -0.317073 27
719 20 85 105 -0.619048 29
720 60 34 94 0.276596 33
721 11 131 142 -0.84507 23
722 35 97 132 -0.469697 31
723 45 32 77 0.168831 22
724 18 62 80 -0.55 29
725 33 53 86 -0.232558 25
726 93 23 116 0.603448 22
727 32 65 97 -0.340206 29
728 36 43 79 -0.0886076 27
729 85 13 98 0.734694 20
730 32 110 142 -0.549296 32
731 13 96 109 -0.761468 27
732 21 103 124 -0.66129 23
733 3 112 115 -0.947826 14
734 105 19 124 0.693548 27
735 115 17 132 0.742424 27
736 73 33 106 0.377358 31
737 110 2 112 0.964286 21
738 101 23 124 0.629032 27
739 12 92 104 -0.769231 22
740 87 17 104 0.673077 23
741 13 119 132 -0.80303 26
742 78 13 91 0.714286 26
743 36 34 70 0.0285714 28
744 39 70 109 -0.284404 29
745 6 90 96 -0.875 23
746 83 31 114 0.45614 29
747 13 147 160 -0.8375 26
748 104 20 124 0.677419 30
749 96 17 113 0.699115 29
750 57 30 87 0.310345 22
751 54 53 107 0.00934579 30
752 55 68 123 -0.105691 32
753 101 10 111 0.81982 22
754 81 36 117 0.384615 33
755 17 95 112 -0.696429 28
756 120 13 133 0.804511 24
757 10 128 138 -0.855072 18
758 46 61 107 -0.140187 31
759 92 11 103 0.786408 18
760 26 76 102 -0.490196 33
761 38 57 95 -0.2 29
762 134 14 148 0.810811 28
763 35 67 102 -0.313725 28
764 44 49 93 -0.0537634 29
765 90 21 111 0.621622 28
766 5 113 118 -0.915254 20
767 81 9 90 0.8 27
768 9 85 94 -0.808511 21
769 61 35 96 0.270833 29
770 48 24 72 0.333333 25
771 113 5 118 0.915254 20
772 58 32 90 0.288889 24
773 104 16 120 0.733333 24
774 23 41 64 -0.28125 20
775 110 9 119 0.848739 25
776 12 91 103 -0.76699 23
777 127 20 147 0.727891 27
778 99 33 132 0.5 31
779 30 62 92 -0.347826 26
780 112 19 131 0.709924 25
781 45 39 84 0.0714286 29
782 10 120 130 -0.846154 25
783 27 90 117 -0.538462 34
784 57 36 93 0.225806 29
785 44 69 113 -0.221239 24
786 22 95 117 -0.623932 29
787 65 49 114 0.140351 31
788 52 39 91 0.142857 29
789 76 29 105 0.447619 28
790 23 48 71 -0.352113 22
791 25 82 107 -0.53271 31
792 57 56 113 0.00884956 30
793 61 59 120 0.0166667 30
794 58 29 87 0.333333 25
795 79 31 110 0.436364 27
796 18 12 30 0.2 15
797 25 97 122 -0.590164 27
798 40 60 100 -0.2 25
799 9 118 127 -0.858268 26
800 117 3 120 0.95 19
801 42 60 102 -0.176471 31
802 62 22 84 0.47619 21
803 18 63 81 -0.555556 20
804 28 77 105 -0.466667 22
805 53 27 80 0.325 23
806 33 73 106 -0.377358 33
807 87 21 108 0.611111 29
808 15 98 113 -0.734513 29
809 60 45 105 0.142857 32
810 11 90 101 -0.782178 18
811 95 16 111 0.711712 27
812 13 62 75 -0.653333 28
813 38 74 112 -0.321429 27
814 69 32 101 0.366337 30
815 20 84 104 -0.615385 29
816 10 82 92 -0.782609 26
817 56 56 112 0 30
818 31 71 102 -0.392157 27
819 36 27 63 0.142857 24
820 91 32 123 0.479675 27
821 23 92 115 -0.6 24
822 10 92 102 -0.803922 23
823 12 137 149 -0.838926 26
824 123 19 142 0.732394 24
825 31 93 124 -0.5 26
826 5 117 122 -0.918033 20
827 55 70 125 -0.12 34
828 46 83 129 -0.286822 32
829 86 20 106 0.622642 29
830 26 73 99 -0.474747 28
831 62 3 65 0.907692 13
832 25 86 111 -0.54955 30
833 152 6 158 0.924051 25
834 71 22 93 0.526882 27
835 96 8 104 0.846154 24
836 76 22 98 0.55102 22
837 128 12 140 0.828571 27
838 6 74 80 -0.85 23
839 110 11 121 0.818182 23
840 28 78 106 -0.471698 26
841 14 95 109 -0.743119 24
842 12 114 126 -0.809524 20
843 67 45 112 0.196429 26
844 93 17 110 0.690909 27
845 14 90 104 -0.730769 21
846 62 48 110 0.127273 27
847 48 57 105 -0.0857143 32
848 29 94 123 -0.528455 23
849 43 46 89 -0.0337079 24
850 14 119 133 -0.789474 24
851 12 79 91 -0.736264 22
852 34 87 121 -0.438017 29
853 80 27 107 0.495327 28
854 38 77 115 -0.33913 26
855 11 120 131 -0.832061 24
856 53 47 100 0.06 30
857 8 125 133 -0.879699 24
858 57 38 95 0.2 25
859 13 130 143 -0.818182 26
860 29 32 61 -0.0491803 27
861 51 26 77 0.324675 25
862 32 50 82 -0.219512 26
863 33 112 145 -0.544828 31
864 24 59 83 -0.421687 28
865 26 78 104 -0.5 29
866 20 115 135 -0.703704 23
867 44 46 90 -0.0222222 25
868 11 86 97 -0.773196 24
869 62 68 130 -0.0461538 36
870 79 19 98 0.612245 29
871 8 86 94 -0.829787 19
872 22 64 86 -0.488372 26
873 115 24 139 0.654676 25
874 46 94 140 -0.342857 25
875 12 139 151 -0.84106 21
876 79 19 98 0.612245 28
877 78 26 104 0.5 25
878 15 70 85 -0.647059 19
879 56 64 120 -0.0666667 29
880 33 92 125 -0.472 25
881 36 43 79 -0.0886076 27
882 65 64 129 0.00775194 28
883 41 78 119 -0.310924 30
884 62 81 143 -0.132867 27
885 76 7 83 0.831325 26
886 133 4 137 0.941606 15
887 7 88 95 -0.852632 20
888 37 88 125 -0.408 27
889 62 40 102 0.215686 27
890 15 107 122 -0.754098 22
891 34 100 134 -0.492537 26
892 20 87 107 -0.626168 27
893 6 94 100 -0.88 25
894 26 92 118 -0.559322 32
895 12 118 130 -0.815385 24
896 64 26 90 0.422222 29
897 75 31 106 0.415094 28
898 20 3 23 0.73913 10
899 15 112 127 -0.76378 26
900 113 5 118 0.915254 22
901 102 22 124 0.645161 26
902 5 137 142 -0.929577 23
903 36 80 116 -0.37931 29
904 69 38 107 0.28972 27
905 8 136 144 -0.888889 21
906 79 30 109 0.449541 34
907 30 59 89 -0.325843 29
908 58 25 83 0.39759 24
909 42 19 61 0.377049 23
910 76 28 104 0.461538 22
911 96 5 101 0.90099 21
912 56 24 80 0.4 28
913 16 75 91 -0.648352 21
914 78 36 114 0.368421 29
915 9 97 106 -0.830189 25
916 30 63 93 -0.354839 29
917 18 89 107 -0.663551 30
918 8 87 95 -0.831579 21
919 6 142 148 -0.918919 24
920 0 85 85 -1 17
921 4 103 107 -0.925234 19
922 7 98 105 -0.866667 26
923 7 53 60 -0.766667 24
924 27 85 112 -0.517857 22
925 10 85 95 -0.789474 19
926 67 21 88 0.522727 32
927 56 42 98 0.142857 28
928 63 43 106 0.188679 33
929 93 25 118 0.576271 31
930 45 65 110 -0.181818 33
931 62 31 93 0.333333 25
932 62 15 77 0.61039 25
933 16 66 82 -0.609756 24
934 34 69 103 -0.339806 33
935 38 43 81 -0.0617284 33
936 62 62 124 0 32
937 12 86 98 -0.755102 20
938 46 42 88 0.0454545 28
939 30 46 76 -0.210526 31
940 81 35 116 0.396552 30
941 6 126 132 -0.909091 21
942 66 36 102 0.294118 29
943 89 16 105 0.695238 28
944 22 87 109 -0.59633 27
945 73 51 124 0.177419 31
946 42 51 93 -0.0967742 30
947 47 48 95 -0.0105263 23
948 18 64 82 -0.560976 23
949 9 79 88 -0.795455 24
950 88 29 117 0.504274 31
951 58 55 113 0.0265487 32
952 97 9 106 0.830189 23
953 15 27 42 -0.285714 20
954 18 63 81 -0.555556 28
955 81 55 136 0.191176 31
956 14 109 123 -0.772358 26
957 18 57 75 -0.52 23
958 42 126 168 -0.5 27
959 55 27 82 0.341463 30
960 66 11 77 0.714286 22
961 26 103 129 -0.596899 32
962 10 123 133 -0.849624 18
963 59 35 94 0.255319 28
964 39 37 76 0.0263158 25
965 36 67 103 -0.300971 24
966 98 29 127 0.543307 31
967 113 13 126 0.793651 24
968 62 44 106 0.169811 26
969 14 196 210 -0.866667 24
970 114 2 116 0.965517 21
971 28 83 111 -0.495495 25
972 72 31 103 0.398058 25
973 10 121 131 -0.847328 24
974 35 72 107 -0.345794 29
975 23 84 107 -0.570093 29
976 60 34 94 0.276596 30
977 71 40 111 0.279279 22
978 87 9 96 0.8125 25
979 60 20 80 0.5 26
980 79 32 111 0.423423 25
981 61 45 106 0.150943 29
982 78 22 100 0.56 30
983 33 57 90 -0.266667 30
984 15 115 130 -0.769231 25
985 61 40 101 0.207921 27
986 27 101 128 -0.578125 25
987 112 22 134 0.671642 31
988 64 23 87 0.471264 25
989 77 48 125 0.232 29
990 42 56 98 -0.142857 24
991 67 55 122 0.0983607 30
992 18 58 76 -0.526316 18
993 94 26 120 0.566667 30
994 51 48 99 0.030303 27
995 54 30 84 0.285714 24
996 97 13 110 0.763636 24
997 14 71 85 -0.670588 27
998 12 68 80 -0.7 26
999 96 32 128 0.5 30
1000 84 36 120 0.4 28
1001 110 9 119 0.848739 26
1002 42 68 110 -0.236364 35
1003 45 81 126 -0.285714 30
1004 38 43 81 -0.0617284 25
1005 50 47 97 0.0309278 31
1006 28 106 134 -0.58209 33
1007 87 19 106 0.641509 19
1008 51 56 107 -0.046729 24
1009 15 88 103 -0.708738 24
1010 40 69 109 -0.266055 31
1011 34 71 105 -0.352381 26
1012 3 104 107 -0.943925 16
1013 38 46 84 -0.0952381 26
1014 29 66 95 -0.389474 27
1015 14 114 128 -0.78125 27
1016 119 7 126 0.888889 21
1017 43 78 121 -0.289256 28
1018 53 75 128 -0.171875 32
1019 66 28 94 0.404255 27
1020 49 33 82 0.195122 32
1021 132 1 133 0.984962 17
1022 18 100 118 -0.694915 27
1023 34 64 98 -0.306122 30
1024 66 30 96 0.375 29
1025 42 60 102 -0.176471 27
1026 7 16 23 -0.391304 16
1027 76 33 109 0.394495 30
1028 16 103 119 -0.731092 28
1029 62 52 114 0.0877193 32
1030 29 72 101 -0.425743 30
1031 40 79 119 -0.327731 28
1032 112 19 131 0.709924 29
1033 38 59 97 -0.216495 26
1034 18 74 92 -0.608696 27
1035 55 67 122 -0.0983607 31
1036 29 66 95 -0.389474 27
1037 3 149 152 -0.960526 15
1038 117 13 130 0.8 25
1039 66 31 97 0.360825 31
1040 55 32 87 0.264368 31
1041 27 30 57 -0.0526316 22
1042 80 20 100 0.6 27
1043 53 58 111 -0.045045 24
1044 13 91 104 -0.75 26
1045 21 98 119 -0.647059 26
1046 25 63 88 -0.431818 29
1047 22 95 117 -0.623932 32
1048 22 85 107 -0.588785 22
1049 69 34 103 0.339806 29
1050 67 31 98 0.367347 30
1051 10 104 114 -0.824561 25
1052 38 56 94 -0.191489 25
1053 126 11 137 0.839416 23
1054 112 11 123 0.821138 24
1055 11 135 146 -0.849315 23
1056 29 59 88 -0.340909 27
1057 85 35 120 0.416667 24
1058 19 49 68 -0.441176 26
1059 45 31 76 0.184211 27
1060 63 22 85 0.482353 25
1061 72 20 92 0.565217 28
1062 24 67 91 -0.472527 30
1063 72 17 89 0.617978 30
1064 120 22 142 0.690141 24
1065 48 50 98 -0.0204082 32
1066 58 60 118 -0.0169492 26
1067 42 33 75 0.12 24
1068 23 52 75 -0.386667 21
1069 116 7 123 0.886179 23
1070 64 24 88 0.454545 26
1071 134 13 147 0.823129 20
1072 80 49 129 0.24031 27
1073 31 80 111 -0.441441 29
1074 87 18 105 0.657143 27
1075 39 61 100 -0.22 31
1076 28 85 113 -0.504425 25
1077 50 68 118 -0.152542 33
1078 48 59 107 -0.102804 30
1079 102 10 112 0.821429 19
1080 37 55 92 -0.195652 25
1081 80 28 108 0.481481 26
1082 86 19 105 0.638095 29
1083 112 24 136 0.647059 31
1084 64 28 92 0.391304 25
1085 21 120 141 -0.702128 27
1086 111 5 116 0.913793 16
1087 72 45 117 0.230769 31
1088 59 24 83 0.421687 27
1089 31 75 106 -0.415094 30
1090 126 8 134 0.880597 17
1091 50 40 90 0.111111 32
1092 118 11 129 0.829457 18
1093 47 121 168 -0.440476 31
1094 99 23 122 0.622951 25
1095 79 43 122 0.295082 26
1096 7 105 112 -0.875 25
1097 114 5 119 0.915966 21
1098 91 9 100 0.82 26
1099 77 26 103 0.495146 30
1100 11 97 108 -0.796296 24
1101 30 0 30 1 4
1102 32 79 111 -0.423423 31
1103 125 11 136 0.838235 27
1104 47 68 115 -0.182609 28
1105 10 89 99 -0.79798 23
1106 35 59 94 -0.255319 26
1107 59 41 100 0.18 34
1108 71 42 113 0.256637 34
1109 21 94 115 -0.634783 23
1110 88 26 114 0.54386 28
1111 26 72 98 -0.469388 26
1112 65 29 94 0.382979 23
1113 11 93 104 -0.788462 23
1114 29 43 72 -0.194444 26
1115 93 19 112 0.660714 23
1116 56 48 104 0.0769231 27
1117 70 24 94 0.489362 28
1118 81 16 97 0.670103 28
1119 39 57 96 -0.1875 22
1120 32 68 100 -0.36 33
1121 44 56 100 -0.12 24
1122 107 15 122 0.754098 24
1123 45 41 86 0.0465116 22
1124 57 33 90 0.266667 30
1125 57 42 99 0.151515 29
1126 96 21 117 0.641026 27
1127 73 27 100 0.46 29
1128 8 94 102 -0.843137 23
1129 61 37 98 0.244898 28
1130 102 10 112 0.821429 23
1131 80 42 122 0.311475 26
1132 35 63 98 -0.285714 30
1133 43 62 105 -0.180952 31
1134 9 77 86 -0.790698 24
1135 115 44 159 0.446541 33
1136 40 39 79 0.0126582 28
1137 54 17 71 0.521127 24
1138 36 61 97 -0.257732 31
1139 71 22 93 0.526882 27
1140 12 120 132 -0.818182 22
1141 88 9 97 0.814433 23
1142 62 12 74 0.675676 19
1143 37 50 87 -0.149425 27
1144 54 42 96 0.125 29
1145 36 69 105 -0.314286 29
1146 91 38 129 0.410853 26
1147 86 26 112 0.535714 30
1148 153 13 166 0.843373 26
1149 36 55 91 -0.208791 25
1150 57 43 100 0.14 29
1151 126 6 132 0.909091 17
1152 68 39 107 0.271028 30
1153 19 92 111 -0.657658 24
1154 58 58 116 0 31
1155 19 82 101 -0.623762 32
1156 21 166 187 -0.775401 23
1157 14 138 152 -0.815789 19
1158 46 63 109 -0.155963 27
1159 30 72 102 -0.411765 24
1160 52 20 72 0.444444 25
1161 5 81 86 -0.883721 22
1162 49 59 108 -0.0925926 31
1163 48 63 111 -0.135135 29
1164 18 88 106 -0.660377 26
1165 66 52 118 0.118644 33
1166 11 84 95 -0.768421 26
1167 67 20 87 0.54023 24
1168 47 42 89 0.0561798 31
1169 111 21 132 0.681818 22
1170 84 8 92 0.826087 22
1171 41 46 87 -0.0574713 29
1172 13 123 136 -0.808824 26
1173 37 56 93 -0.204301 25
1174 99 25 124 0.596774 29
1175 3 95 98 -0.938776 18
1176 30 120 150 -0.6 27
1177 54 53 107 0.00934579 24
1178 94 47 141 0.333333 33
1179 43 46 89 -0.0337079 30
1180 58 10 68 0.705882 24
1181 64 25 89 0.438202 27
1182 69 22 91 0.516484 32
1183 53 86 139 -0.23741 30
1184 113 26 139 0.625899 28
1185 58 41 99 0.171717 30
1186 52 59 111 -0.0630631 30
1187 106 12 118 0.79661 23
1188 32 69 101 -0.366337 30
1189 48 70 118 -0.186441 29
1190 99 38 137 0.445255 33
1191 124 10 134 0.850746 21
1192 16 96 112 -0.714286 17
1193 113 13 126 0.793651 23
1194 26 89 115 -0.547826 23
1195 25 82 107 -0.53271 25
1196 78 35 113 0.380531 29
1197 101 8 109 0.853211 26
1198 74 54 128 0.15625 36
1199 6 83 89 -0.865169 23
1200 111 18 129 0.72093 31
1201 110 18 128 0.71875 23
1202 110 6 116 0.896552 22
1203 23 92 115 -0.6 20
1204 65 47 112 0.160714 30
1205 23 59 82 -0.439024 29
1206 83 10 93 0.784946 25
1207 27 82 109 -0.504587 29
1208 63 5 68 0.852941 23
1209 33 90 123 -0.463415 31
1210 8 158 166 -0.903614 23
1211 31 82 113 -0.451327 31
1212 3 32 35 -0.828571 15
1213 53 53 106 0 30
1214 106 8 114 0.859649 24
1215 37 74 111 -0.333333 32
1216 55 79 134 -0.179104 30
1217 65 37 102 0.27451 31
1218 73 16 89 0.640449 28
1219 27 110 137 -0.605839 30
1220 29 59 88 -0.340909 27
1221 93 8 101 0.841584 25
1222 9 52 61 -0.704918 17
1223 93 25 118 0.576271 31
1224 76 22 98 0.55102 24
1225 61 56 117 0.042735 27
1226 18 41 59 -0.389831 19
1227 30 55 85 -0.294118 25
1228 32 54 86 -0.255814 29
1229 78 11 89 0.752809 25
1230 92 18 110 0.672727 28
1231 61 19 80 0.525 29
1232 75 21 96 0.5625 23
1233 101 6 107 0.88785 23
1234 106 7 113 0.876106 21
1235 107 4 111 0.927928 17
1236 94 7 101 0.861386 22
1237 76 34 110 0.381818 32
1238 82 25 107 0.53271 28
1239 49 61 110 -0.109091 29
1240 20 82 102 -0.607843 23
1241 4 128 132 -0.939394 13
1242 75 41 116 0.293103 32
1243 107 14 121 0.768595 28
1244 15 79 94 -0.680851 25
1245 121 7 128 0.890625 19
1246 127 5 132 0.924242 18
1247 102 12 114 0.789474 28
1248 23 115 138 -0.666667 29
1249 91 19 110 0.654545 23
1250 72 41 113 0.274336 29
1251 4 193 197 -0.959391 14
1252 20 63 83 -0.518072 29
1253 79 43 122 0.295082 30
1254 10 120 130 -0.846154 22
1255 93 26 119 0.563025 29
1256 44 46 90 -0.0222222 25
1257 17 109 126 -0.730159 28
1258 39 59 98 -0.204082 27
1259 57 15 72 0.583333 22
1260 56 56 112 0 25
1261 25 88 113 -0.557522 21
1262 59 38 97 0.216495 27
1263 75 29 104 0.442308 29
1264 77 21 98 0.571429 28
1265 63 66 129 -0.0232558 27
1266 63 24 87 0.448276 21
1267 30 84 114 -0.473684 31
1268 41 51 92 -0.108696 30
1269 45 52 97 -0.0721649 30
1270 6 135 141 -0.914894 21
1271 23 82 105 -0.561905 28
1272 35 73 108 -0.351852 32
1273 31 41 72 -0.138889 27
1274 85 24 109 0.559633 28
1275 89 18 107 0.663551 23
1276 65 33 98 0.326531 29
1277 93 13 106 0.754717 22
1278 56 22 78 0.435897 27
1279 22 104 126 -0.650794 30
1280 94 7 101 0.861386 21
1281 102 11 113 0.80531 22
1282 102 45 147 0.387755 37
1283 79 29 108 0.462963 25
1284 8 104 112 -0.857143 26
1285 68 44 112 0.214286 27
1286 24 118 142 -0.661972 24
1287 66 30 96 0.375 30
1288 6 110 116 -0.896552 17
1289 62 51 113 0.0973451 30
1290 28 81 109 -0.486239 31
1291 27 52 79 -0.316456 25
1292 32 65 97 -0.340206 31
1293 20 73 93 -0.569892 28
1294 65 51 116 0.12069 35
1295 36 74 110 -0.345455 30
1296 15 75 90 -0.666667 28
1297 45 36 81 0.111111 27
1298 63 30 93 0.354839 28
1299 23 78 101 -0.544554 28
1300 34 60 94 -0.276596 24
1301 7 122 129 -0.891473 23
1302 79 10 89 0.775281 28
1303 96 17 113 0.699115 27
1304 38 55 93 -0.182796 33
1305 65 20 85 0.529412 23
1306 112 19 131 0.709924 24
1307 48 75 123 -0.219512 27
1308 41 53 94 -0.12766 26
1309 108 9 117 0.846154 26
1310 51 30 81 0.259259 25
1311 93 49 142 0.309859 34
1312 46 55 101 -0.0891089 23
1313 33 98 131 -0.496183 30
1314 12 100 112 -0.785714 26
1315 82 25 107 0.53271 28
1316 89 21 110 0.618182 23
1317 20 66 86 -0.534884 31
1318 62 45 107 0.158879 29
1319 42 61 103 -0.184466 22
1320 87 33 120 0.45 33
1321 20 83 103 -0.61165 24
1322 83 27 110 0.509091 27
1323 86 17 103 0.669903 26
1324 61 51 112 0.0892857 33
1325 32 79 111 -0.423423 31
1326 149 13 162 0.839506 18
1327 5 81 86 -0.883721 20
1328 20 93 113 -0.646018 27
1329 8 59 67 -0.761194 24
1330 56 52 108 0.037037 30
1331 98 28 126 0.555556 31
1332 89 3 92 0.934783 22
1333 79 38 117 0.350427 29
1334 32 71 103 -0.378641 24
1335 19 97 116 -0.672414 27
1336 38 20 58 0.310345 23
1337 45 66 111 -0.189189 33
1338 15 76 91 -0.67033 23
1339 111 20 131 0.694656 28
1340 62 40 102 0.215686 25
1341 42 92 134 -0.373134 31
1342 12 99 111 -0.783784 24
1343 78 26 104 0.5 26
1344 5 100 105 -0.904762 21
1345 5 124 129 -0.922481 18
1346 4 97 101 -0.920792 23
1347 80 13 93 0.72043 22
1348 33 64 97 -0.319588 29
1349 39 79 118 -0.338983 29
1350 89 30 119 0.495798 31
1351 64 57 121 0.0578512 31
1352 30 73 103 -0.417476 25
1353 61 55 116 0.0517241 28
1354 48 35 83 0.156627 31
1355 131 6 137 0.912409 21
1356 57 64 121 -0.0578512 31
1357 145 4 149 0.946309 19
1358 12 98 110 -0.781818 26
1359 39 17 56 0.392857 21
1360 119 11 130 0.830769 27
1361 58 52 110 0.0545455 25
1362 2 101 103 -0.961165 21
1363 12 88 100 -0.76 24
1364 57 62 119 -0.0420168 29
1365 10 119 129 -0.844961 26
1366 23 68 91 -0.494505 26
1367 102 12 114 0.789474 23
1368 89 10 99 0.79798 25
1369 51 75 126 -0.190476 34
1370 13 114 127 -0.795276 26
1371 65 29 94 0.382979 34
1372 22 61 83 -0.46988 25
1373 36 65 101 -0.287129 30
1374 12 102 114 -0.789474 28
1375 74 51 125 0.184 29
1376 67 35 102 0.313725 28
1377 36 80 116 -0.37931 21
1378 7 154 161 -0.913043 24
1379 3 118 121 -0.950413 21
1380 11 138 149 -0.852349 20
1381 28 71 99 -0.434343 33
1382 25 80 105 -0.52381 30
1383 86 0 86 1 19
1384 91 10 101 0.80198 20
1385 56 44 100 0.12 24
1386 19 106 125 -0.696 26
1387 12 117 129 -0.813953 25
1388 113 20 133 0.699248 22
1389 20 76 96 -0.583333 28
1390 20 89 109 -0.633028 30
1391 137 19 156 0.75641 28
1392 29 60 89 -0.348315 29
1393 61 23 84 0.452381 27
1394 14 74 88 -0.681818 27
1395 9 5 14 0.285714 11
1396 18 128 146 -0.753425 23
1397 89 12 101 0.762376 28
1398 10 104 114 -0.824561 24
1399 75 20 95 0.578947 32
1400 80 36 116 0.37931 28
1401 123 11 134 0.835821 22
1402 61 42 103 0.184466 28
1403 81 20 101 0.60396 28
1404 37 83 120 -0.383333 28
1405 57 31 88 0.295455 26
1406 102 17 119 0.714286 26
1407 50 52 102 -0.0196078 31
1408 30 84 114 -0.473684 26
1409 11 110 121 -0.818182 23
1410 37 73 110 -0.327273 32
1411 22 77 99 -0.555556 30
1412 68 20 88 0.545455 23
1413 51 13 64 0.59375 24
1414 8 86 94 -0.829787 25
1415 72 84 156 -0.0769231 34
1416 59 17 76 0.552632 26
1417 60 35 95 0.263158 31
1418 4 51 55 -0.854545 23
1419 13 88 101 -0.742574 25
1420 1 36 37 -0.945946 15
1421 12 64 76 -0.684211 26
1422 39 61 100 -0.22 32
1423 0 6 6 -1 4
1424 4 91 95 -0.915789 16
1425 46 44 90 0.0222222 30
1426 23 69 92 -0.5 21
1427 102 31 133 0.533835 23
1428 96 6 102 0.882353 22
1429 126 18 144 0.75 30
1430 15 91 106 -0.716981 24
1431 78 46 124 0.258065 30
1432 14 109 123 -0.772358 25
1433 7 71 78 -0.820513 23
1434 13 67 80 -0.675 25
1435 59 31 90 0.311111 33
1436 114 4 118 0.932203 20
1437 8 88 96 -0.833333 24
1438 19 64 83 -0.542169 27
1439 55 58 113 -0.0265487 30
1440 124 14 138 0.797101 21
1441 83 23 106 0.566038 26
1442 91 22 113 0.610619 18
1443 49 51 100 -0.02 33
1444 66 44 110 0.2 30
1445 16 94 110 -0.709091 26
1446 17 107 124 -0.725806 24
1447 135 12 147 0.836735 19
1448 57 27 84 0.357143 31
1449 24 66 90 -0.466667 25
1450 69 41 110 0.254545 29
1451 12 96 108 -0.777778 23
1452 10 68 78 -0.74359 20
1453 50 46 96 0.0416667 30
1454 115 9 124 0.854839 24
1455 65 24 89 0.460674 32
1456 19 92 111 -0.657658 31
1457 82 8 90 0.822222 24
1458 80 13 93 0.72043 23
1459 22 113 135 -0.674074 28
1460 22 74 96 -0.541667 33
1461 21 80 101 -0.584158 29
1462 27 56 83 -0.349398 26
1463 115 11 126 0.825397 26
1464 65 37 102 0.27451 28
1465 64 53 117 0.0940171 33
1466 92 22 114 0.614035 28
1467 14 84 98 -0.714286 25
1468 9 153 162 -0.888889 22
1469 48 53 101 -0.049505 29
1470 30 62 92 -0.347826 29
1471 66 18 84 0.571429 29
1472 82 13 95 0.726316 27
1473 27 85 112 -0.517857 30
1474 34 60 94 -0.276596 29
1475 31 34 65 -0.0461538 21
1476 121 18 139 0.741007 23
1477 78 38 116 0.344828 33
1478 43 77 120 -0.283333 26
1479 55 24 79 0.392405 26
1480 85 45 130 0.307692 25
1481 13 119 132 -0.80303 26
1482 7 114 121 -0.884298 25
1483 84 27 111 0.513514 29
1484 47 36 83 0.13253 27
1485 23 116 139 -0.669065 27
1486 38 43 81 -0.0617284 26
1487 8 116 124 -0.870968 23
1488 69 34 103 0.339806 28
1489 120 11 131 0.832061 19
1490 105 10 115 0.826087 26
1491 105 5 110 0.909091 22
1492 72 36 108 0.333333 31
1493 131 26 157 0.66879 32
1494 53 60 113 -0.0619469 27
1495 34 58 92 -0.26087 31
1496 65 48 113 0.150442 28
1497 14 94 108 -0.740741 25
1498 72 50 122 0.180328 31
1499 68 29 97 0.402062 23
1500 86 19 105 0.638095 26
1501 117 25 142 0.647887 24
1502 81 18 99 0.636364 25
1503 65 17 82 0.585366 21
1504 10 116 126 -0.84127 26
1505 2 84 86 -0.953488 20
1506 35 58 93 -0.247312 30
1507 137 8 145 0.889655 25
1508 135 6 141 0.914894 16
1509 4 106 110 -0.927273 20
1510 10 111 121 -0.834711 29
1511 88 35 123 0.430894 28
1512 124 6 130 0.907692 21
1513 110 26 136 0.617647 28
1514 95 24 119 0.596639 23
1515 77 17 94 0.638298 25
1516 70 38 108 0.296296 26
1517 27 83 110 -0.509091 29
1518 48 60 108 -0.111111 29
1519 39 47 86 -0.0930233 23
1520 96 14 110 0.745455 25
1521 27 87 114 -0.526316 20
1522 79 42 121 0.305785 27
1523 28 83 111 -0.495495 29
1524 11 80 91 -0.758242 25
1525 26 77 103 -0.495146 21
1526 30 86 116 -0.482759 26
1527 64 51 115 0.113043 25
1528 38 59 97 -0.216495 30
1529 30 82 112 -0.464286 27
1530 53 21 74 0.432432 24
1531 10 130 140 -0.857143 24
1532 30 59 89 -0.325843 25
1533 29 64 93 -0.376344 32
1534 29 41 70 -0.171429 24
1535 42 60 102 -0.176471 34
1536 26 85 111 -0.531532 28
1537 19 83 102 -0.627451 25
1538 105 7 112 0.875 24
1539 37 60 97 -0.237113 25
1540 43 42 85 0.0117647 27
1541 72 22 94 0.531915 30
1542 66 51 117 0.128205 26
1543 91 29 120 0.516667 30
1544 47 60 107 -0.121495 24
1545 49 66 115 -0.147826 26
1546 33 88 121 -0.454545 27
1547 18 87 105 -0.657143 31
1548 110 3 113 0.946903 21
1549 92 44 136 0.352941 26
1550 79 33 112 0.410714 26
1551 38 61 99 -0.232323 25
1552 82 15 97 0.690722 27
1553 20 75 95 -0.578947 26
1554 5 111 116 -0.913793 23
1555 54 19 73 0.479452 27
1556 100 23 123 0.626016 30
1557 94 24 118 0.59322 24
1558 41 75 116 -0.293103 34
1559 80 31 111 0.441441 31
1560 97 17 114 0.701754 29
1561 18 63 81 -0.555556 19
1562 36 40 76 -0.0526316 22
1563 14 108 122 -0.770492 25
1564 48 43 91 0.0549451 26
1565 54 17 71 0.521127 27
1566 107 5 112 0.910714 20
1567 10 71 81 -0.753086 21
1568 53 52 105 0.00952381 32
1569 13 72 85 -0.694118 25
1570 140 4 144 0.944444 21
1571 68 44 112 0.214286 28
1572 97 34 131 0.480916 32
1573 62 29 91 0.362637 26
1574 29 59 88 -0.340909 28
1575 11 117 128 -0.828125 24
1576 91 16 107 0.700935 26
1577 126 12 138 0.826087 25
1578 16 104 120 -0.733333 24
1579 71 39 110 0.290909 30
1580 37 67 104 -0.288462 27
1581 51 66 117 -0.128205 27
1582 81 18 99 0.636364 24
1583 54 62 116 -0.0689655 29
1584 66 23 89 0.483146 23
1585 24 85 109 -0.559633 25
1586 72 35 107 0.345794 28
1587 147 15 162 0.814815 29
1588 28 60 88 -0.363636 30
1589 106 19 125 0.696 26
1590 113 16 129 0.751938 26
1591 10 67 77 -0.74026 18
1592 18 80 98 -0.632653 21
1593 72 17 89 0.617978 25
1594 99 13 112 0.767857 28
1595 57 47 104 0.0961538 34
1596 53 22 75 0.413333 23
1597 59 42 101 0.168317 29
1598 39 71 110 -0.290909 32
1599 66 62 128 0.03125 32
1600 89 14 103 0.728155 27
1601 122 10 132 0.848485 20
1602 7 110 117 -0.880342 19
1603 55 55 110 0 29
1604 24 59 83 -0.421687 30
1605 28 71 99 -0.434343 31
1606 17 64 81 -0.580247 22
1607 9 98 107 -0.831776 19
1608 48 68 116 -0.172414 32
1609 22 82 104 -0.576923 30
1610 57 37 94 0.212766 26
1611 13 105 118 -0.779661 27
1612 82 15 97 0.690722 23
1613 121 22 143 0.692308 31
1614 11 92 103 -0.786408 20
1615 82 18 100 0.64 25
1616 21 96 117 -0.641026 27
1617 80 14 94 0.702128 26
1618 6 105 111 -0.891892 20
1619 85 34 119 0.428571 33
1620 60 31 91 0.318681 29
1621 43 29 72 0.194444 27
1622 15 51 66 -0.545455 26
1623 12 73 85 -0.717647 27
1624 91 13 104 0.75 23
1625 50 35 85 0.176471 25
1626 44 53 97 -0.0927835 24
1627 9 64 73 -0.753425 20
1628 14 87 101 -0.722772 19
1629 78 24 102 0.529412 30
1630 16 111 127 -0.748031 28
1631 74 16 90 0.644444 24
1632 51 57 108 -0.0555556 22
1633 71 33 104 0.365385 26
1634 17 53 70 -0.514286 22
1635 75 31 106 0.415094 23
1636 41 44 85 -0.0352941 26
1637 79 46 125 0.264 31
1638 28 74 102 -0.45098 24
1639 70 50 120 0.166667 31
1640 3 15 18 -0.666667 9
1641 54 52 106 0.0188679 31
1642 113 10 123 0.837398 23
1643 9 130 139 -0.870504 25
1644 82 12 94 0.744681 25
1645 57 51 108 0.0555556 31
1646 101 25 126 0.603175 30
1647 89 1 90 0.977778 14
1648 18 96 114 -0.684211 26
1649 103 23 126 0.634921 30
1650 54 36 90 0.2 25
1651 73 13 86 0.697674 24
1652 3 88 91 -0.934066 19
1653 78 6 84 0.857143 24
1654 45 29 74 0.216216 23
1655 9 92 101 -0.821782 26
1656 50 102 152 -0.342105 33
1657 9 89 98 -0.816327 26
1658 92 13 105 0.752381 29
1659 65 18 83 0.566265 27
1660 19 84 103 -0.631068 25
1661 48 24 72 0.333333 26
1662 63 40 103 0.223301 25
1663 115 23 138 0.666667 28
1664 12 123 135 -0.822222 25
1665 51 51 102 0 32
1666 64 35 99 0.292929 26
1667 16 84 100 -0.68 23
1668 40 67 107 -0.252336 30
1669 27 79 106 -0.490566 31
1670 46 79 125 -0.264 31
1671 15 81 96 -0.6875 23
1672 23 60 83 -0.445783 28
1673 123 12 135 0.822222 27
1674 62 32 94 0.319149 23
1675 8 112 120 -0.866667 21
1676 73 35 108 0.351852 27
1677 64 54 118 0.0847458 28
1678 75 23 98 0.530612 26
1679 32 8 40 0.6 18
1680 114 15 129 0.767442 26
1681 62 24 86 0.44186 27
1682 143 32 175 0.634286 21
1683 4 127 131 -0.938931 17
1684 55 56 111 -0.00900901 27
1685 65 23 88 0.477273 28
1686 95 18 113 0.681416 21
1687 123 12 135 0.822222 23
1688 71 15 86 0.651163 27
1689 13 95 108 -0.759259 21
1690 24 125 149 -0.677852 25
1691 15 116 131 -0.770992 19
1692 68 52 120 0.133333 32
1693 65 37 102 0.27451 24
1694 32 98 130 -0.507692 33
1695 120 10 130 0.846154 27
1696 81 13 94 0.723404 25
1697 35 97 132 -0.469697 32
1698 106 38 144 0.472222 30
1699 80 10 90 0.777778 20
1700 36 61 97 -0.257732 30
1701 107 10 117 0.82906 24
1702 45 83 128 -0.296875 26
1703 39 67 106 -0.264151 31
1704 77 14 91 0.692308 25
1705 100 7 107 0.869159 23
1706 30 69 99 -0.393939 25
1707 12 66 78 -0.692308 24
1708 44 54 98 -0.102041 31
1709 76 6 82 0.853659 20
1710 42 77 119 -0.294118 31
1711 3 105 108 -0.944444 20
1712 87 6 93 0.870968 23
1713 9 68 77 -0.766234 27
1714 8 90 98 -0.836735 20
1715 6 127 133 -0.909774 22
1716 83 21 104 0.596154 27
1717 29 84 113 -0.486726 27
1718 16 110 126 -0.746032 30
1719 110 13 123 0.788618 26
1720 10 128 138 -0.855072 28
1721 22 65 87 -0.494253 24
1722 25 109 134 -0.626866 26
1723 74 17 91 0.626374 26
1724 78 35 113 0.380531 32
1725 62 37 99 0.252525 29
1726 56 43 99 0.131313 30
1727 101 2 103 0.961165 18
1728 73 31 104 0.403846 31
1729 106 9 115 0.843478 26
1730 51 36 87 0.172414 25
1731 69 46 115 0.2 35
1732 111 6 117 0.897436 23
1733 53 59 112 -0.0535714 25
1734 67 53 120 0.116667 31
1735 55 50 105 0.047619 27
1736 29 92 121 -0.520661 23
1737 22 86 108 -0.592593 26
1738 25 76 101 -0.50495 27
1739 64 21 85 0.505882 23
1740 24 81 105 -0.542857 27
1741 36 65 101 -0.287129 27
1742 92 31 123 0.495935 27
1743 8 135 143 -0.888112 19
1744 79 37 116 0.362069 28
1745 47 32 79 0.189873 29
1746 49 60 109 -0.100917 31
1747 7 106 113 -0.876106 25
1748 90 5 95 0.894737 17
1749 43 57 100 -0.14 30
1750 89 16 105 0.695238 27
1751 9 108 117 -0.846154 24
1752 31 65 96 -0.354167 23
1753 33 95 128 -0.484375 28
1754 56 54 110 0.0181818 24
1755 88 14 102 0.72549 23
1756 53 17 70 0.514286 28
1757 22 105 127 -0.653543 29
1758 20 58 78 -0.487179 25
1759 56 42 98 0.142857 25
1760 26 90 116 -0.551724 25
1761 58 21 79 0.468354 24
1762 37 71 108 -0.314815 28
1763 128 7 135 0.896296 21
1764 35 56 91 -0.230769 27
1765 103 28 131 0.572519 27
1766 76 21 97 0.56701 32
1767 62 39 101 0.227723 30
1768 33 67 100 -0.34 27
1769 28 80 108 -0.481481 29
1770 48 39 87 0.103448 29
1771 17 81 98 -0.653061 26
1772 87 16 103 0.68932 26
1773 103 22 125 0.648 27
1774 130 7 137 0.89781 20
1775 80 36 116 0.37931 30
1776 36 49 85 -0.152941 27
1777 52 57 109 -0.0458716 31
1778 58 24 82 0.414634 27
1779 58 15 73 0.589041 23
1780 87 38 125 0.392 31
1781 7 136 143 -0.902098 22
1782 61 38 99 0.232323 27
1783 62 35 97 0.278351 29
1784 96 8 104 0.846154 24
1785 67 52 119 0.12605 31
1786 23 76 99 -0.535354 30
1787 87 14 101 0.722772 22
1788 53 41 94 0.12766 29
1789 36 58 94 -0.234043 29
1790 14 103 117 -0.760684 24
1791 18 106 124 -0.709677 24
1792 75 29 104 0.442308 26
1793 89 10 99 0.79798 28
1794 64 43 107 0.196262 30
1795 49 42 91 0.0769231 31
1796 7 96 103 -0.864078 26
1797 24 95 119 -0.596639 31
1798 8 109 117 -0.863248 25
1799 128 12 140 0.828571 23
1800 21 61 82 -0.487805 30
1801 12 106 118 -0.79661 19
1802 140 3 143 0.958042 13
1803 10 90 100 -0.8 23
1804 38 62 100 -0.24 27
1805 45 5 50 0.8 24
1806 8 94 102 -0.843137 24
1807 8 122 130 -0.876923 20
1808 35 86 121 -0.421488 33
1809 19 114 133 -0.714286 28
1810 9 93 102 -0.823529 23
1811 23 63 86 -0.465116 28
1812 54 34 88 0.227273 28
1813 78 25 103 0.514563 28
1814 0 0 0 0 0
1815 50 57 107 -0.0654206 26
1816 5 122 127 -0.92126 21
1817 81 34 115 0.408696 27
1818 46 96 142 -0.352113 33
1819 25 103 128 -0.609375 25
1820 117 17 134 0.746269 22
1821 30 97 127 -0.527559 26
1822 62 48 110 0.127273 29
1823 90 28 118 0.525424 27
1824 15 98 113 -0.734513 30
1825 37 71 108 -0.314815 34
1826 112 19 131 0.709924 26
1827 17 77 94 -0.638298 28
1828 46 74 120 -0.233333 30
1829 64 32 96 0.333333 28
1830 28 77 105 -0.466667 25
1831 62 55 117 0.0598291 27
1832 28 84 112 -0.5 30
1833 19 103 122 -0.688525 29
1834 39 89 128 -0.390625 28
1835 60 23 83 0.445783 27
1836 75 14 89 0.685393 27
1837 64 43 107 0.196262 21
1838 42 57 99 -0.151515 29
1839 11 57 68 -0.676471 22
1840 51 54 105 -0.0285714 27
1841 117 8 125 0.872 23
1842 114 19 133 0.714286 27
1843 129 18 147 0.755102 25
1844 55 35 90 0.222222 23
1845 115 11 126 0.825397 28
1846 0 0 0 0 0
1847 6 74 80 -0.85 20
1848 20 46 66 -0.393939 25
1849 30 78 108 -0.444444 32
1850 66 49 115 0.147826 30
1851 72 18 90 0.6 27
1852 37 49 86 -0.139535 26
1853 66 13 79 0.670886 17
1854 47 46 93 0.0107527 27
1855 87 30 117 0.487179 32
1856 23 77 100 -0.54 25
1857 10 93 103 -0.805825 26
1858 101 14 115 0.756522 22
1859 28 92 120 -0.533333 27
1860 77 41 118 0.305085 35
1861 71 9 80 0.775 21
1862 112 11 123 0.821138 26
1863 22 104 126 -0.650794 29
1864 12 102 114 -0.789474 24
1865 109 3 112 0.946429 22
1866 63 37 100 0.26 31
1867 39 27 66 0.181818 26
1868 22 59 81 -0.45679 24
1869 19 63 82 -0.536585 30
1870 164 1 165 0.987879 11
1871 39 54 93 -0.16129 23
1872 61 42 103 0.184466 29
1873 56 32 88 0.272727 27
1874 86 18 104 0.653846 28
1875 5 95 100 -0.9 20
1876 28 95 123 -0.544715 28
1877 48 65 113 -0.150442 31
1878 108 21 129 0.674419 23
1879 24 62 86 -0.44186 28
1880 52 40 92 0.130435 28
1881 70 35 105 0.333333 25
1882 37 70 107 -0.308411 30
1883 25 71 96 -0.479167 30
1884 18 84 102 -0.647059 29
1885 71 16 87 0.632184 22
1886 47 56 103 -0.0873786 27
1887 90 18 108 0.666667 25
1888 50 28 78 0.282051 26
1889 58 69 127 -0.0866142 27
1890 12 126 138 -0.826087 22
1891 123 5 128 0.921875 18
1892 90 7 97 0.85567 23
1893 77 19 96 0.604167 25
1894 10 112 122 -0.836066 23
1895 15 101 116 -0.741379 26
1896 59 40 99 0.191919 26
1897 87 11 98 0.77551 25
1898 59 48 107 0.102804 32
1899 49 80 129 -0.24031 30
1900 64 29 93 0.376344 29
1901 7 133 140 -0.9 20
1902 22 70 92 -0.521739 31
1903 55 35 90 0.222222 31
1904 84 19 103 0.631068 30
1905 44 53 97 -0.0927835 26
1906 4 76 80 -0.9 21
1907 52 17 69 0.507246 24
1908 36 56 92 -0.217391 28
1909 7 136 143 -0.902098 21
1910 127 7 134 0.895522 18
1911 24 93 117 -0.589744 24
1912 102 5 107 0.906542 24
1913 127 6 133 0.909774 18
1914 61 10 71 0.71831 25
1915 79 10 89 0.775281 24
1916 61 34 95 0.284211 32
1917 8 87 95 -0.831579 24
1918 92 14 106 0.735849 21
1919 28 70 98 -0.428571 30
1920 57 31 88 0.295455 26
1921 73 41 114 0.280702 29
1922 49 61 110 -0.109091 31
1923 30 76 106 -0.433962 23
1924 5 106 111 -0.90991 20
1925 96 22 118 0.627119 27
1926 32 57 89 -0.280899 24
1927 112 6 118 0.898305 24
1928 27 58 85 -0.364706 28
1929 54 57 111 -0.027027 28
1930 90 12 102 0.764706 26
1931 85 18 103 0.650485 32
1932 46 51 97 -0.0515464 30
1933 107 11 118 0.813559 23
1934 44 38 82 0.0731707 25
1935 54 62 116 -0.0689655 27
1936 86 18 104 0.653846 24
1937 58 45 103 0.126214 23
1938 35 56 91 -0.230769 24
1939 38 76 114 -0.333333 25
1940 39 20 59 0.322034 24
1941 141 5 146 0.931507 22
1942 0 150 150 -1 17
1943 8 79 87 -0.816092 22
1944 89 8 97 0.835052 21
1945 77 24 101 0.524752 31
1946 9 152 161 -0.888199 20
1947 56 33 89 0.258427 21
1948 57 70 127 -0.102362 30
1949 45 85 130 -0.307692 25
1950 28 68 96 -0.416667 24
1951 8 94 102 -0.843137 22
1952 121 33 154 0.571429 30
1953 40 32 72 0.111111 24
1954 88 32 120 0.466667 30
1955 7 73 80 -0.825 22
1956 103 13 116 0.775862 28
1957 70 48 118 0.186441 24
1958 23 65 88 -0.477273 28
1959 24 103 127 -0.622047 32
1960 79 34 113 0.39823 24
1961 75 26 101 0.485149 26
1962 88 5 93 0.892473 23
1963 121 4 125 0.936 18
1964 33 70 103 -0.359223 33
1965 11 129 140 -0.842857 24
1966 64 63 127 0.00787402 29
1967 23 44 67 -0.313433 27
1968 27 82 109 -0.504587 28
1969 60 33 93 0.290323 28
1970 13 103 116 -0.775862 21
1971 51 57 108 -0.0555556 26
1972 59 26 85 0.388235 30
1973 85 15 100 0.7 27
1974 53 63 116 -0.0862069 29
1975 48 37 85 0.129412 30
1976 64 38 102 0.254902 22
1977 15 82 97 -0.690722 29
1978 25 85 110 -0.545455 28
1979 85 48 133 0.278195 33
1980 125 6 131 0.908397 24
1981 45 78 123 -0.268293 33
1982 101 15 116 0.741379 28
1983 45 54 99 -0.0909091 32
1984 55 55 110 0 29
1985 6 126 132 -0.909091 22
1986 22 82 104 -0.576923 29
1987 80 4 84 0.904762 22
1988 100 19 119 0.680672 26
1989 71 43 114 0.245614 32
1990 31 63 94 -0.340426 30
1991 127 6 133 0.909774 21
1992 7 69 76 -0.815789 22
1993 62 25 87 0.425287 29
1994 17 85 102 -0.666667 26
1995 11 95 106 -0.792453 25
1996 72 19 91 0.582418 24
1997 37 79 116 -0.362069 27
1998 76 46 122 0.245902 30
1999 41 79 120 -0.316667 31
2000 62 47 109 0.137615 30
2001 62 37 99 0.252525 30
2002 67 34 101 0.326733 29
2003 4 108 112 -0.928571 21
2004 6 115 121 -0.900826 19
2005 16 92 108 -0.703704 27
2006 4 108 112 -0.928571 23
2007 68 10 78 0.74359 18
2008 52 20 72 0.444444 22
2009 33 70 103 -0.359223 26
2010 43 93 136 -0.367647 28
2011 117 11 128 0.828125 27
2012 109 17 126 0.730159 27
2013 87 28 115 0.513043 33
2014 89 7 96 0.854167 17
2015 55 70 125 -0.12 31
2016 42 37 79 0.0632911 25
2017 86 29 115 0.495652 26
2018 87 20 107 0.626168 26
2019 105 4 109 0.926606 21
2020 79 37 116 0.362069 31
2021 116 12 128 0.8125 24
2022 150 15 165 0.818182 26
2023 25 64 89 -0.438202 27
2024 39 63 102 -0.235294 29
2025 145 3 148 0.959459 18
2026 40 76 116 -0.310345 34
2027 28 111 139 -0.597122 27
2028 20 137 157 -0.745223 31
2029 4 113 117 -0.931624 20
2030 90 25 115 0.565217 27
2031 71 37 108 0.314815 28
2032 98 20 118 0.661017 25
2033 29 39 68 -0.147059 25
2034 63 40 103 0.223301 29
2035 39 42 81 -0.037037 27
2036 26 75 101 -0.485149 28
2037 3 146 149 -0.959732 18
2038 36 64 100 -0.28 29
2039 18 77 95 -0.621053 27
2040 114 4 118 0.932203 22
2041 6 49 55 -0.781818 23
2042 46 75 121 -0.239669 33
2043 17 70 87 -0.609195 24
2044 102 21 123 0.658537 27
2045 48 16 64 0.5 22
2046 105 11 116 0.810345 26
2047 77 33 110 0.4 34
2048 55 60 115 -0.0434783 24
2049 34 68 102 -0.333333 26
2050 122 25 147 0.659864 20
2051 79 17 96 0.645833 27
2052 131 12 143 0.832168 26
2053 64 31 95 0.347368 29
2054 70 15 85 0.647059 25
2055 20 103 123 -0.674797 21
2056 57 63 120 -0.05 29
2057 49 75 124 -0.209677 30
2058 27 83 110 -0.509091 28
2059 15 116 131 -0.770992 29
2060 3 110 113 -0.946903 20
2061 6 95 101 -0.881188 21
2062 27 84 111 -0.513514 27
2063 20 87 107 -0.626168 27
2064 16 65 81 -0.604938 24
2065 67 23 90 0.488889 27
2066 16 8 24 0.333333 10
2067 61 0 61 1 8
2068 13 132 145 -0.82069 18
2069 29 71 100 -0.42 28
2070 51 40 91 0.120879 23
2071 74 37 111 0.333333 28
2072 57 36 93 0.225806 34
2073 32 74 106 -0.396226 32
2074 61 45 106 0.150943 23
2075 22 53 75 -0.413333 27
2076 61 20 81 0.506173 25
2077 81 17 98 0.653061 27
2078 137 13 150 0.826667 22
2079 79 60 139 0.136691 23
2080 49 81 130 -0.246154 33
2081 31 75 106 -0.415094 21
2082 28 75 103 -0.456311 26
2083 69 29 98 0.408163 28
2084 68 53 121 0.123967 34
2085 15 110 125 -0.76 28
2086 50 26 76 0.315789 22
2087 2 126 128 -0.96875 21
2088 53 53 106 0 30
2089 11 73 84 -0.738095 16
2090 39 17 56 0.392857 22
2091 95 27 122 0.557377 29
2092 48 63 111 -0.135135 27
2093 46 67 113 -0.185841 30
2094 75 49 124 0.209677 32
2095 113 3 116 0.948276 16
2096 67 32 99 0.353535 33
2097 89 20 109 0.633028 30
2098 121 13 134 0.80597 24
2099 60 52 112 0.0714286 31
2100 90 43 133 0.353383 32
2101 71 66 137 0.0364964 28
2102 42 56 98 -0.142857 31
2103 62 28 90 0.377778 24
2104 73 11 84 0.738095 18
2105 25 75 100 -0.5 33
2106 10 105 115 -0.826087 23
2107 93 32 125 0.488 24
2108 38 51 89 -0.146067 31
2109 19 78 97 -0.608247 29
2110 6 114 120 -0.9 17
2111 23 87 110 -0.581818 21
2112 85 31 116 0.465517 26
2113 37 103 140 -0.471429 32
2114 73 8 81 0.802469 20
2115 7 125 132 -0.893939 20
2116 97 29 126 0.539683 24
2117 117 9 126 0.857143 19
2118 73 23 96 0.520833 28
2119 34 82 116 -0.413793 33
2120 51 60 111 -0.0810811 28
2121 112 22 134 0.671642 27
2122 69 47 116 0.189655 29
2123 9 74 83 -0.783133 23
2124 4 108 112 -0.928571 18
2125 10 127 137 -0.854015 19
2126 93 18 111 0.675676 22
2127 81 25 106 0.528302 26
2128 3 130 133 -0.954887 13
2129 21 69 90 -0.533333 27
2130 45 51 96 -0.0625 24
2131 29 82 111 -0.477477 32
2132 7 127 134 -0.895522 19
2133 79 21 100 0.58 28
2134 17 100 117 -0.709402 26
2135 86 29 115 0.495652 31
2136 54 53 107 0.00934579 29
2137 9 85 94 -0.808511 23
2138 1 11 12 -0.833333 9
2139 81 32 113 0.433628 24
2140 34 55 89 -0.235955 32
2141 72 28 100 0.44 23
2142 109 9 118 0.847458 27
2143 46 25 71 0.295775 22
2144 49 40 89 0.101124 28
2145 5 138 143 -0.93007 19
2146 66 26 92 0.434783 23
2147 37 54 91 -0.186813 21
2148 26 80 106 -0.509434 28
2149 47 55 102 -0.0784314 28
2150 30 69 99 -0.393939 28
2151 27 78 105 -0.485714 26
2152 27 85 112 -0.517857 22
2153 43 41 84 0.0238095 28
2154 34 64 98 -0.306122 29
2155 20 70 90 -0.555556 23
2156 71 13 84 0.690476 19
2157 16 116 132 -0.757576 29
2158 81 34 115 0.408696 30
2159 36 57 93 -0.225806 28
2160 6 108 114 -0.894737 23
2161 5 94 99 -0.89899 21
2162 80 38 118 0.355932 27
2163 55 50 105 0.047619 36
2164 73 49 122 0.196721 29
2165 7 100 107 -0.869159 25
2166 11 53 64 -0.65625 23
2167 71 33 104 0.365385 31
2168 75 18 93 0.612903 26
2169 4 63 67 -0.880597 21
2170 39 55 94 -0.170213 26
2171 10 116 126 -0.84127 27
2172 64 38 102 0.254902 19
2173 15 99 114 -0.736842 28
2174 16 91 107 -0.700935 28
2175 89 30 119 0.495798 29
2176 48 46 94 0.0212766 29
2177 84 25 109 0.541284 25
2178 44 79 123 -0.284553 29
2179 118 5 123 0.918699 22
2180 50 51 101 -0.00990099 31
2181 38 65 103 -0.262136 27
2182 58 37 95 0.221053 32
2183 95 6 101 0.881188 17
2184 27 25 52 0.0384615 21
2185 29 46 75 -0.226667 25
2186 78 12 90 0.733333 24
2187 36 70 106 -0.320755 28
2188 111 11 122 0.819672 24
2189 8 86 94 -0.829787 24
2190 8 75 83 -0.807229 24
2191 35 29 64 0.09375 27
2192 21 85 106 -0.603774 27
2193 28 69 97 -0.42268 29
2194 29 118 147 -0.605442 27
2195 10 125 135 -0.851852 22
2196 66 45 111 0.189189 26
2197 3 70 73 -0.917808 18
2198 26 56 82 -0.365854 26
2199 102 27 129 0.581395 28
2200 78 47 125 0.248 29
2201 75 46 121 0.239669 30
2202 56 81 137 -0.182482 25
2203 7 114 121 -0.884298 21
2204 17 72 89 -0.617978 27
2205 18 88 106 -0.660377 29
2206 18 95 113 -0.681416 26
2207 32 68 100 -0.36 33
2208 55 41 96 0.145833 27
2209 111 9 120 0.85 26
2210 59 39 98 0.204082 30
2211 40 68 108 -0.259259 24
2212 58 47 105 0.104762 31
2213 93 9 102 0.823529 25
2214 59 45 104 0.134615 36
2215 93 23 116 0.603448 30
2216 133 6 139 0.913669 19
2217 52 49 101 0.029703 30
2218 29 91 120 -0.516667 26
2219 43 42 85 0.0117647 28
2220 7 98 105 -0.866667 25
2221 34 62 96 -0.291667 31
2222 56 49 105 0.0666667 32
2223 23 92 115 -0.6 25
2224 88 13 101 0.742574 21
2225 74 51 125 0.184 33
2226 4 93 97 -0.917526 20
2227 95 22 117 0.623932 25
2228 9 134 143 -0.874126 23
2229 96 16 112 0.714286 28
2230 57 51 108 0.0555556 35
2231 18 81 99 -0.636364 27
2232 116 13 129 0.79845 27
2233 61 46 107 0.140187 34
2234 70 26 96 0.458333 28
2235 110 19 129 0.705426 22
2236 77 33 110 0.4 28
2237 55 46 101 0.0891089 33
2238 65 41 106 0.226415 22
2239 4 20 24 -0.666667 9
2240 9 95 104 -0.826923 23
2241 46 33 79 0.164557 26
2242 90 22 112 0.607143 33
2243 32 65 97 -0.340206 29
2244 70 42 112 0.25 21
2245 22 79 101 -0.564356 32
2246 107 7 114 0.877193 22
2247 90 9 99 0.818182 22
2248 101 14 115 0.756522 21
2249 24 65 89 -0.460674 26
2250 67 43 110 0.218182 25
2251 33 91 124 -0.467742 27
2252 6 112 118 -0.898305 24
2253 86 33 119 0.445378 31
2254 67 27 94 0.425532 23
2255 28 82 110 -0.490909 27
2256 30 56 86 -0.302326 26
2257 37 94 131 -0.435115 25
2258 39 46 85 -0.0823529 32
2259 92 8 100 0.84 25
2260 56 57 113 -0.00884956 30
2261 73 50 123 0.186992 31
2262 49 61 110 -0.109091 29
2263 100 4 104 0.923077 21
2264 69 85 154 -0.103896 30
2265 12 109 121 -0.801653 27
2266 11 108 119 -0.815126 26
2267 45 73 118 -0.237288 34
2268 63 31 94 0.340426 28
2269 29 114 143 -0.594406 27
2270 24 33 57 -0.157895 24
2271 13 96 109 -0.761468 26
2272 65 17 82 0.585366 25
2273 15 95 110 -0.727273 27
2274 70 16 86 0.627907 23
2275 60 26 86 0.395349 24
2276 37 75 112 -0.339286 32
2277 84 36 120 0.4 27
2278 76 56 132 0.151515 30
2279 17 98 115 -0.704348 24
2280 37 60 97 -0.237113 24
2281 45 56 101 -0.108911 28
2282 59 27 86 0.372093 26
2283 63 25 88 0.431818 26
2284 32 32 64 0 25
2285 26 68 94 -0.446809 25
2286 38 65 103 -0.262136 29
2287 5 128 133 -0.924812 24
2288 66 44 110 0.2 27
2289 79 49 128 0.234375 29
2290 115 5 120 0.916667 21
2291 29 100 129 -0.550388 28
2292 33 56 89 -0.258427 24
2293 104 3 107 0.943925 17
2294 29 63 92 -0.369565 26
2295 83 47 130 0.276923 26
2296 60 68 128 -0.0625 34
2297 4 134 138 -0.942029 22
2298 29 68 97 -0.402062 29
2299 88 2 90 0.955556 17
2300 15 38 53 -0.433962 21
2301 50 46 96 0.0416667 31
2302 58 44 102 0.137255 28
2303 118 10 128 0.84375 22
2304 38 53 91 -0.164835 26
2305 101 24 125 0.616 25
2306 130 7 137 0.89781 24
2307 25 79 104 -0.519231 30
2308 39 71 110 -0.290909 32
2309 16 99 115 -0.721739 24
2310 21 93 114 -0.631579 31
2311 50 51 101 -0.00990099 28
2312 51 37 88 0.159091 32
2313 71 47 118 0.20339 25
2314 43 45 88 -0.0227273 28
2315 16 146 162 -0.802469 26
2316 6 103 109 -0.889908 24
2317 113 19 132 0.712121 30
2318 72 44 116 0.241379 35
2319 15 69 84 -0.642857 27
2320 67 21 88 0.522727 28
2321 12 97 109 -0.779817 24
2322 38 73 111 -0.315315 33
2323 9 97 106 -0.830189 24
2324 90 19 109 0.651376 29
2325 11 84 95 -0.768421 22
2326 17 87 104 -0.673077 28
2327 42 70 112 -0.25 31
2328 36 8 44 0.636364 18
2329 34 35 69 -0.0144928 27
2330 55 48 103 0.0679612 31
2331 8 109 117 -0.863248 23
2332 62 40 102 0.215686 26
2333 44 78 122 -0.278689 32
2334 56 46 102 0.0980392 27
2335 33 54 87 -0.241379 28
2336 66 22 88 0.5 28
2337 13 80 93 -0.72043 29
2338 78 71 149 0.0469799 35
2339 13 147 160 -0.8375 26
2340 14 109 123 -0.772358 25
2341 42 61 103 -0.184466 28
2342 67 15 82 0.634146 24
2343 46 71 117 -0.213675 30
2344 95 21 116 0.637931 26
2345 32 88 120 -0.466667 27
2346 70 30 100 0.4 32
2347 51 39 90 0.133333 31
2348 57 53 110 0.0363636 23
2349 33 39 72 -0.0833333 26
2350 11 99 110 -0.8 27
2351 7 13 20 -0.3 11
2352 17 94 111 -0.693694 21
2353 10 105 115 -0.826087 24
2354 35 80 115 -0.391304 31
2355 64 44 108 0.185185 26
2356 54 62 116 -0.0689655 32
2357 74 45 119 0.243697 30
2358 86 32 118 0.457627 27
2359 16 69 85 -0.623529 29
2360 105 42 147 0.428571 28
2361 88 23 111 0.585586 25
2362 32 65 97 -0.340206 30
2363 44 86 130 -0.323077 27
2364 40 46 86 -0.0697674 28
2365 44 66 110 -0.2 30
2366 45 49 94 -0.0425532 32
2367 29 98 127 -0.543307 24
2368 14 130 144 -0.805556 24
2369 21 113 134 -0.686567 28
2370 19 72 91 -0.582418 28
2371 72 27 99 0.454545 26
2372 9 148 157 -0.88535 24
2373 8 134 142 -0.887324 19
2374 60 21 81 0.481481 28
2375 86 35 121 0.421488 31
2376 5 109 114 -0.912281 19
2377 12 97 109 -0.779817 22
2378 27 2 29 0.862069 14
2379 82 27 109 0.504587 24
2380 42 63 105 -0.2 29
2381 108 28 136 0.588235 25
2382 23 74 97 -0.525773 28
2383 42 39 81 0.037037 31
2384 53 56 109 -0.0275229 30
2385 85 33 118 0.440678 30
2386 109 14 123 0.772358 24
2387 47 53 100 -0.06 29
2388 64 60 124 0.0322581 26
2389 52 9 61 0.704918 18
2390 26 111 137 -0.620438 28
2391 25 89 114 -0.561404 23
2392 5 84 89 -0.88764 21
2393 78 11 89 0.752809 26
2394 67 27 94 0.425532 27
2395 75 41 116 0.293103 32
2396 7 82 89 -0.842697 25
2397 29 85 114 -0.491228 34
2398 89 28 117 0.521368 31
2399 36 105 141 -0.489362 29
2400 27 91 118 -0.542373 29
2401 109 25 134 0.626866 28
2402 4 158 162 -0.950617 15
2403 95 6 101 0.881188 23
2404 124 7 131 0.89313 24
2405 106 12 118 0.79661 26
2406 98 23 121 0.619835 30
2407 72 37 109 0.321101 26
2408 34 72 106 -0.358491 24
2409 85 35 120 0.416667 23
2410 21 94 115 -0.634783 24
2411 54 59 113 -0.0442478 30
2412 83 8 91 0.824176 21
2413 6 79 85 -0.858824 23
2414 62 57 119 0.0420168 33
2415 17 72 89 -0.617978 20
2416 61 40 101 0.207921 30
2417 42 65 107 -0.214953 31
2418 51 54 105 -0.0285714 31
2419 53 66 119 -0.109244 31
2420 125 3 128 0.953125 16
2421 67 56 123 0.0894309 30
2422 11 51 62 -0.645161 21
2423 88 14 102 0.72549 23
2424 79 27 106 0.490566 25
2425 28 78 106 -0.471698 27
2426 11 111 122 -0.819672 19
2427 72 18 90 0.6 27
2428 100 8 108 0.851852 24
2429 24 58 82 -0.414634 22
2430 70 30 100 0.4 29
2431 10 80 90 -0.777778 25
2432 119 14 133 0.789474 27
2433 53 45 98 0.0816327 30
2434 69 9 78 0.769231 22
2435 85 19 104 0.634615 24
2436 84 8 92 0.826087 24
2437 75 31 106 0.415094 23
2438 81 26 107 0.514019 32
2439 84 13 97 0.731959 19
2440 39 110 149 -0.47651 31
2441 67 73 140 -0.0428571 28
2442 7 122 129 -0.891473 23
2443 109 25 134 0.626866 24
2444 41 52 93 -0.11828 27
2445 24 99 123 -0.609756 31
2446 53 80 133 -0.203008 28
2447 6 87 93 -0.870968 24
2448 76 8 84 0.809524 22
2449 15 56 71 -0.577465 28
2450 9 40 49 -0.632653 15
2451 91 7 98 0.857143 22
2452 68 56 124 0.0967742 29
2453 18 120 138 -0.73913 27
2454 51 36 87 0.172414 18
2455 23 78 101 -0.544554 30
2456 25 78 103 -0.514563 26
2457 75 27 102 0.470588 26
2458 58 34 92 0.26087 27
2459 65 36 101 0.287129 32
2460 88 26 114 0.54386 32
2461 10 89 99 -0.79798 22
2462 43 37 80 0.075 28
2463 5 103 108 -0.907407 23
2464 70 8 78 0.794872 22
2465 97 12 109 0.779817 27
2466 15 89 104 -0.711538 26
2467 67 1 68 0.970588 20
2468 132 11 143 0.846154 23
2469 92 14 106 0.735849 27
2470 19 117 136 -0.720588 27
2471 33 83 116 -0.431034 30
2472 110 11 121 0.818182 26
2473 32 59 91 -0.296703 25
2474 58 49 107 0.0841121 28
2475 5 75 80 -0.875 20
2476 96 35 131 0.465649 34
2477 87 19 106 0.641509 27
2478 104 33 137 0.518248 30
2479 60 47 107 0.121495 33
2480 5 121 126 -0.920635 18
2481 21 89 110 -0.618182 22
2482 29 67 96 -0.395833 27
2483 97 20 117 0.65812 29
2484 89 35 124 0.435484 25
2485 32 81 113 -0.433628 28
2486 7 109 116 -0.87931 22
2487 51 42 93 0.0967742 28
2488 85 37 122 0.393443 27
2489 68 21 89 0.52809 27
2490 14 56 70 -0.6 23
2491 18 102 120 -0.7 22
2492 92 44 136 0.352941 31
2493 109 1 110 0.981818 20
2494 118 7 125 0.888 16
2495 22 67 89 -0.505618 24
2496 41 39 80 0.025 29
2497 83 31 114 0.45614 33
2498 109 15 124 0.758065 23
2499 59 36 95 0.242105 31
2500 35 87 122 -0.42623 29
2501 45 86 131 -0.312977 28
2502 44 50 94 -0.0638298 28
2503 91 10 101 0.80198 28
2504 107 14 121 0.768595 22
2505 56 60 116 -0.0344828 31
2506 39 67 106 -0.264151 34
2507 128 29 157 0.630573 24
2508 15 97 112 -0.732143 25
2509 93 5 98 0.897959 22
2510 29 47 76 -0.236842 20
2511 52 35 87 0.195402 21
2512 138 20 158 0.746835 26
2513 40 74 114 -0.298246 32
2514 9 116 125 -0.856 23
2515 14 91 105 -0.733333 24
2516 26 94 120 -0.566667 28
2517 85 4 89 0.910112 14
2518 24 46 70 -0.314286 25
2519 53 56 109 -0.0275229 29
2520 16 93 109 -0.706422 28
2521 35 68 103 -0.320388 31
2522 18 87 105 -0.657143 21
2523 39 90 129 -0.395349 28
2524 24 88 112 -0.571429 28
2525 58 44 102 0.137255 25
2526 56 46 102 0.0980392 30
2527 48 1 49 0.959184 16
2528 33 93 126 -0.47619 30
2529 45 50 95 -0.0526316 26
2530 67 35 102 0.313725 32
2531 56 37 93 0.204301 30
2532 138 7 145 0.903448 22
2533 32 11 43 0.488372 18
2534 65 23 88 0.477273 28
2535 71 33 104 0.365385 24
2536 76 20 96 0.583333 27
2537 8 89 97 -0.835052 25
2538 56 33 89 0.258427 28
2539 63 20 83 0.518072 23
2540 61 10 71 0.71831 23
2541 11 126 137 -0.839416 26
2542 69 24 93 0.483871 27
2543 54 40 94 0.148936 29
2544 61 24 85 0.435294 25
2545 86 23 109 0.577982 30
2546 95 28 123 0.544715 30
2547 62 62 124 0 28
2548 18 112 130 -0.723077 26
2549 29 18 47 0.234043 22
2550 43 48 91 -0.0549451 29
2551 60 31 91 0.318681 28
2552 61 39 100 0.22 26
2553 63 39 102 0.235294 29
2554 60 51 111 0.0810811 28
2555 54 48 102 0.0588235 29
2556 83 27 110 0.509091 33
2557 32 80 112 -0.428571 27
2558 88 9 97 0.814433 24
2559 55 51 106 0.0377358 26
2560 8 108 116 -0.862069 23
2561 63 44 107 0.17757 25
2562 28 55 83 -0.325301 22
2563 20 81 101 -0.60396 29
2564 15 81 96 -0.6875 25
2565 9 122 131 -0.862595 25
2566 62 38 100 0.24 32
2567 47 44 91 0.032967 26
2568 29 67 96 -0.395833 24
2569 55 45 100 0.1 24
2570 74 38 112 0.321429 19
2571 12 73 85 -0.717647 21
2572 65 60 125 0.04 28
2573 6 139 145 -0.917241 23
2574 68 45 113 0.20354 32
2575 118 8 126 0.873016 23
2576 50 43 93 0.0752688 25
2577 47 12 59 0.59322 20
2578 49 43 92 0.0652174 32
2579 42 57 99 -0.151515 27
2580 92 20 112 0.642857 26
2581 72 13 85 0.694118 27
2582 37 73 110 -0.327273 33
2583 4 173 177 -0.954802 15
2584 72 26 98 0.469388 22
2585 57 6 63 0.809524 18
2586 131 20 151 0.735099 22
2587 36 98 134 -0.462687 27
2588 153 7 160 0.9125 15
2589 125 7 132 0.893939 24
2590 36 109 145 -0.503448 28
2591 64 51 115 0.113043 28
2592 89 6 95 0.873684 21
2593 72 38 110 0.309091 28
2594 52 54 106 -0.0188679 28
2595 14 87 101 -0.722772 22
2596 51 30 81 0.259259 26
2597 33 69 102 -0.352941 32
2598 101 34 135 0.496296 33
2599 57 49 106 0.0754717 26
2600 39 65 104 -0.25 28
2601 32 93 125 -0.488 31
2602 54 46 100 0.08 31
2603 18 100 118 -0.694915 26
2604 92 9 101 0.821782 23
2605 27 56 83 -0.349398 24
2606 51 60 111 -0.0810811 27
2607 99 9 108 0.833333 19
2608 1 90 91 -0.978022 19
2609 21 60 81 -0.481481 22
2610 23 79 102 -0.54902 29
2611 45 29 74 0.216216 30
2612 4 118 122 -0.934426 16
2613 97 15 112 0.732143 20
2614 76 37 113 0.345133 30
2615 95 31 126 0.507937 29
2616 21 114 135 -0.688889 26
2617 6 100 106 -0.886792 18
2618 4 89 93 -0.913978 22
2619 113 12 125 0.808 28
2620 35 89 124 -0.435484 25
2621 17 114 131 -0.740458 28
2622 4 88 92 -0.913043 21
2623 45 52 97 -0.0721649 31
2624 103 19 122 0.688525 31
2625 21 68 89 -0.52809 27
2626 29 11 40 0.45 18
2627 119 28 147 0.619048 24
2628 25 103 128 -0.609375 30
2629 44 29 73 0.205479 21
2630 19 73 92 -0.586957 26
2631 2 109 111 -0.963964 20
2632 12 85 97 -0.752577 27
2633 25 60 85 -0.411765 28
2634 52 36 88 0.181818 23
2635 40 89 129 -0.379845 29
2636 30 56 86 -0.302326 27
2637 92 5 97 0.896907 19
2638 11 87 98 -0.77551 26
2639 9 73 82 -0.780488 24
2640 4 93 97 -0.917526 20
2641 14 102 116 -0.758621 25
2642 87 9 96 0.8125 25
2643 56 20 76 0.473684 23
2644 27 77 104 -0.480769 25
2645 120 5 125 0.92 24
2646 61 39 100 0.22 26
2647 10 120 130 -0.846154 23
2648 29 80 109 -0.46789 27
2649 13 70 83 -0.686747 22
2650 125 11 136 0.838235 23
2651 114 26 140 0.628571 33
2652 32 86 118 -0.457627 26
2653 71 41 112 0.267857 23
2654 60 54 114 0.0526316 29
2655 14 89 103 -0.728155 25
2656 55 37 92 0.195652 24
2657 7 91 98 -0.857143 22
2658 27 93 120 -0.55 28
2659 118 19 137 0.722628 27
2660 114 6 120 0.9 24
2661 105 11 116 0.810345 27
2662 78 39 117 0.333333 30
2663 10 145 155 -0.870968 19
2664 74 52 126 0.174603 32
2665 70 11 81 0.728395 22
2666 36 70 106 -0.320755 29
2667 22 101 123 -0.642276 32
2668 22 5 27 0.62963 13
2669 47 19 66 0.424242 23
2670 40 25 65 0.230769 25
2671 15 113 128 -0.765625 18
2672 70 32 102 0.372549 23
2673 33 62 95 -0.305263 25
2674 71 12 83 0.710843 21
2675 25 65 90 -0.444444 31
2676 19 53 72 -0.472222 25
2677 91 25 116 0.568966 27
2678 62 23 85 0.458824 29
2679 92 22 114 0.614035 27
2680 44 61 105 -0.161905 27
2681 22 39 61 -0.278689 27
2682 32 53 85 -0.247059 30
2683 67 61 128 0.046875 29
2684 55 45 100 0.1 33
2685 45 37 82 0.097561 26
2686 37 48 85 -0.129412 24
2687 23 63 86 -0.465116 27
2688 33 66 99 -0.333333 28
2689 22 97 119 -0.630252 27
2690 70 50 120 0.166667 30
2691 114 5 119 0.915966 20
2692 78 10 88 0.772727 25
2693 9 70 79 -0.772152 26
2694 81 41 122 0.327869 28
2695 61 53 114 0.0701754 36
2696 4 139 143 -0.944056 23
2697 72 8 80 0.8 22
2698 38 55 93 -0.182796 26
2699 52 38 90 0.155556 21
2700 12 74 86 -0.72093 25
2701 13 80 93 -0.72043 27
2702 11 104 115 -0.808696 23
2703 69 34 103 0.339806 23
2704 59 39 98 0.204082 30
2705 11 94 105 -0.790476 26
2706 18 87 105 -0.657143 28
2707 34 43 77 -0.116883 27
2708 88 7 95 0.852632 25
2709 58 54 112 0.0357143 27
2710 4 119 123 -0.934959 21
2711 55 30 85 0.294118 22
2712 11 128 139 -0.841727 24
2713 20 102 122 -0.672131 25
2714 34 66 100 -0.32 27
2715 111 36 147 0.510204 28
2716 76 48 124 0.225806 23
2717 82 25 107 0.53271 23
2718 21 73 94 -0.553191 26
2719 40 86 126 -0.365079 29
2720 14 130 144 -0.805556 23
2721 9 87 96 -0.8125 20
2722 36 63 99 -0.272727 29
2723 22 99 121 -0.636364 28
2724 37 43 80 -0.075 25
2725 52 42 94 0.106383 27
2726 19 1 20 0.9 10
2727 49 48 97 0.0103093 29
2728 40 67 107 -0.252336 31
2729 92 7 99 0.858586 25
2730 38 51 89 -0.146067 26
2731 114 10 124 0.83871 22
2732 20 88 108 -0.62963 19
2733 19 15 34 0.117647 21
2734 104 24 128 0.625 26
2735 44 70 114 -0.22807 32
2736 94 5 99 0.89899 22
2737 91 9 100 0.82 18
2738 52 36 88 0.181818 24
2739 28 57 85 -0.341176 30
2740 13 130 143 -0.818182 23
2741 51 72 123 -0.170732 33
2742 21 97 118 -0.644068 24
2743 137 5 142 0.929577 23
2744 29 66 95 -0.389474 25
2745 97 2 99 0.959596 20
2746 89 18 107 0.663551 29
2747 11 108 119 -0.815126 26
2748 9 136 145 -0.875862 22
2749 51 27 78 0.307692 20
2750 31 56 87 -0.287356 31
2751 32 50 82 -0.219512 29
2752 111 24 135 0.644444 30
2753 41 49 90 -0.0888889 28
2754 33 53 86 -0.232558 20
2755 93 22 115 0.617391 30
2756 76 2 78 0.948718 19
2757 2 141 143 -0.972028 12
2758 21 51 72 -0.416667 23
2759 27 56 83 -0.349398 29
2760 71 14 85 0.670588 24
2761 59 18 77 0.532468 20
2762 62 33 95 0.305263 26
2763 20 60 80 -0.5 23
2764 10 110 120 -0.833333 23
2765 81 26 107 0.514019 31
2766 19 89 108 -0.648148 29
2767 86 21 107 0.607477 27
2768 85 17 102 0.666667 29
2769 55 88 143 -0.230769 33
2770 7 119 126 -0.888889 21
2771 88 29 117 0.504274 30
2772 61 58 119 0.0252101 29
2773 21 52 73 -0.424658 22
2774 76 33 109 0.394495 28
2775 11 75 86 -0.744186 25
2776 75 40 115 0.304348 29
2777 64 48 112 0.142857 30
2778 95 45 140 0.357143 35
2779 40 69 109 -0.266055 33
2780 70 45 115 0.217391 29
2781 95 16 111 0.711712 26
2782 60 18 78 0.538462 24
2783 63 32 95 0.326316 26
2784 89 25 114 0.561404 26
2785 41 53 94 -0.12766 22
2786 53 43 96 0.104167 30
2787 30 95 125 -0.52 19
2788 25 47 72 -0.305556 25
2789 86 27 113 0.522124 30
2790 96 18 114 0.684211 24
2791 113 11 124 0.822581 26
2792 9 137 146 -0.876712 24
2793 116 19 135 0.718519 25
2794 12 75 87 -0.724138 25
2795 24 93 117 -0.589744 29
2796 101 11 112 0.803571 25
2797 35 64 99 -0.292929 21
2798 66 34 100 0.32 27
2799 38 62 100 -0.24 26
2800 117 28 145 0.613793 29
2801 154 8 162 0.901235 20
2802 97 13 110 0.763636 25
2803 87 17 104 0.673077 29
2804 46 26 72 0.277778 28
2805 23 104 127 -0.637795 21
2806 70 26 96 0.458333 30
2807 72 78 150 -0.04 33
2808 47 54 101 -0.0693069 34
2809 67 27 94 0.425532 21
2810 92 16 108 0.703704 30
2811 78 59 137 0.138686 32
2812 83 28 111 0.495495 34
2813 106 18 124 0.709677 31
2814 7 101 108 -0.87037 24
2815 101 15 116 0.741379 29
2816 76 13 89 0.707865 28
2817 11 113 124 -0.822581 25
2818 78 19 97 0.608247 24
2819 74 54 128 0.15625 33
2820 81 26 107 0.514019 27
2821 66 26 92 0.434783 31
2822 80 30 110 0.454545 28
2823 64 40 104 0.230769 26
2824 60 25 85 0.411765 27
2825 92 26 118 0.559322 33
2826 27 35 62 -0.129032 27
2827 27 79 106 -0.490566 28
2828 37 66 103 -0.281553 33
2829 76 17 93 0.634409 26
2830 51 45 96 0.0625 27
2831 138 19 157 0.757962 21
2832 72 40 112 0.285714 33
2833 64 34 98 0.306122 24
2834 172 6 178 0.932584 22
2835 56 47 103 0.0873786 31
2836 58 51 109 0.0642202 33
2837 85 9 94 0.808511 22
2838 12 63 75 -0.68 24
2839 21 109 130 -0.676923 30
2840 67 21 88 0.522727 26
2841 83 22 105 0.580952 22
2842 2 131 133 -0.969925 20
2843 34 38 72 -0.0555556 25
2844 39 51 90 -0.133333 28
2845 19 90 109 -0.651376 32
2846 46 48 94 -0.0212766 28
2847 76 44 120 0.266667 25
2848 85 34 119 0.428571 25
2849 10 106 116 -0.827586 27
2850 78 19 97 0.608247 21
2851 58 46 104 0.115385 31
2852 53 86 139 -0.23741 33
2853 20 62 82 -0.512195 29
2854 48 52 100 -0.04 33
2855 23 73 96 -0.520833 28
2856 9 100 109 -0.834862 20
2857 91 24 115 0.582609 32
2858 106 26 132 0.606061 25
2859 83 17 100 0.66 25
2860 64 22 86 0.488372 27
2861 55 30 85 0.294118 25
2862 14 79 93 -0.698925 26
2863 103 7 110 0.872727 23
2864 63 37 100 0.26 31
2865 29 63 92 -0.369565 30
2866 50 68 118 -0.152542 26
2867 117 19 136 0.720588 29
2868 18 74 92 -0.608696 25
2869 130 9 139 0.870504 18
2870 76 10 86 0.767442 22
2871 78 31 109 0.431193 31
2872 16 95 111 -0.711712 30
2873 4 88 92 -0.913043 21
2874 96 27 123 0.560976 33
2875 45 68 113 -0.20354 24
2876 105 15 120 0.75 27
2877 111 24 135 0.644444 26
2878 39 65 104 -0.25 31
2879 45 78 123 -0.268293 30
2880 116 15 131 0.770992 29
2881 43 27 70 0.228571 18
2882 36 53 89 -0.191011 28
2883 19 55 74 -0.486486 25
2884 67 44 111 0.207207 31
2885 19 92 111 -0.657658 29
2886 47 60 107 -0.121495 31
2887 40 63 103 -0.223301 23
2888 68 35 103 0.320388 29
2889 55 40 95 0.157895 30
2890 30 70 100 -0.4 24
2891 32 38 70 -0.0857143 24
2892 33 78 111 -0.405405 23
2893 5 82 87 -0.885057 22
2894 7 81 88 -0.840909 24
2895 15 90 105 -0.714286 23
2896 76 34 110 0.381818 27
2897 83 15 98 0.693878 27
2898 86 21 107 0.607477 27
2899 22 76 98 -0.55102 26
2900 78 41 119 0.310924 25
2901 78 26 104 0.5 27
2902 31 46 77 -0.194805 24
2903 37 55 92 -0.195652 25
2904 12 30 42 -0.428571 18
2905 123 8 131 0.877863 25
2906 98 7 105 0.866667 25
2907 9 101 110 -0.836364 22
2908 85 23 108 0.574074 23
2909 4 143 147 -0.945578 19
2910 51 43 94 0.0851064 24
2911 16 87 103 -0.68932 26
2912 6 134 140 -0.914286 20
2913 118 8 126 0.873016 26
2914 23 47 70 -0.342857 26
2915 34 59 93 -0.268817 33
2916 60 43 103 0.165049 23
2917 13 113 126 -0.793651 26
2918 114 10 124 0.83871 26
2919 147 9 156 0.884615 24
2920 17 56 73 -0.534247 23
2921 75 9 84 0.785714 20
2922 9 93 102 -0.823529 22
2923 15 74 89 -0.662921 30
2924 24 84 108 -0.555556 25
2925 64 45 109 0.174312 29
2926 50 55 105 -0.047619 27
2927 82 34 116 0.413793 29
2928 88 26 114 0.54386 25
2929 63 18 81 0.555556 26
2930 8 147 155 -0.896774 21
2931 23 88 111 -0.585586 31
2932 63 38 101 0.247525 32
2933 36 33 69 0.0434783 31
2934 26 89 115 -0.547826 23
2935 33 79 112 -0.410714 29
2936 15 102 117 -0.74359 26
2937 47 64 111 -0.153153 27
2938 62 36 98 0.265306 25
2939 105 15 120 0.75 28
2940 65 40 105 0.238095 30
2941 14 2 16 0.75 10
2942 78 5 83 0.879518 19
2943 61 41 102 0.196078 30
2944 20 62 82 -0.512195 24
2945 24 107 131 -0.633588 30
2946 49 40 89 0.101124 27
2947 104 15 119 0.747899 27
2948 21 78 99 -0.575758 27
2949 2 110 112 -0.964286 13
2950 8 96 104 -0.846154 26
2951 70 32 102 0.372549 29
2952 27 102 129 -0.581395 28
2953 12 132 144 -0.833333 16
2954 44 77 121 -0.272727 29
2955 7 126 133 -0.894737 24
2956 85 21 106 0.603774 28
2957 35 75 110 -0.363636 30
2958 29 78 107 -0.457944 29
2959 96 10 106 0.811321 24
2960 67 24 91 0.472527 26
2961 87 15 102 0.705882 26
2962 25 92 117 -0.57265 32
2963 18 77 95 -0.621053 24
2964 34 112 146 -0.534247 24
2965 26 86 112 -0.535714 29
2966 89 9 98 0.816327 16
2967 81 47 128 0.265625 28
2968 63 46 109 0.155963 28
2969 28 51 79 -0.291139 29
2970 116 9 125 0.856 24
2971 6 101 107 -0.88785 24
2972 101 1 102 0.980392 17
2973 37 84 121 -0.38843 28
2974 55 40 95 0.157895 24
2975 57 21 78 0.461538 26
2976 41 39 80 0.025 23
2977 53 64 117 -0.0940171 29
2978 131 14 145 0.806897 29
2979 45 49 94 -0.0425532 27
2980 87 4 91 0.912088 21
2981 22 79 101 -0.564356 22
2982 74 29 103 0.436893 29
2983 28 81 109 -0.486239 35
2984 13 81 94 -0.723404 27
2985 107 38 145 0.475862 32
2986 108 19 127 0.700787 26
2987 44 64 108 -0.185185 29
2988 59 65 124 -0.0483871 28
2989 113 8 121 0.867769 25
2990 83 23 106 0.566038 23
2991 131 4 135 0.940741 20
2992 35 76 111 -0.369369 30
2993 53 31 84 0.261905 30
2994 49 17 66 0.484848 25
2995 8 127 135 -0.881481 20
2996 91 16 107 0.700935 25
2997 103 13 116 0.775862 25
2998 3 156 159 -0.962264 10
2999 95 34 129 0.472868 30
3000 60 51 111 0.0810811 32
3001 22 106 128 -0.65625 28
3002 31 75 106 -0.415094 27
3003 10 87 97 -0.793814 24
3004 70 29 99 0.414141 27
3005 90 8 98 0.836735 25
3006 13 104 117 -0.777778 25
3007 141 5 146 0.931507 19
3008 11 74 85 -0.741176 25
3009 42 57 99 -0.151515 30
3010 121 14 135 0.792593 27
3011 112 5 117 0.91453 15
3012 6 97 103 -0.883495 20
3013 100 3 103 0.941748 21
3014 38 64 102 -0.254902 28
3015 10 102 112 -0.821429 27
3016 77 44 121 0.272727 30
3017 86 23 109 0.577982 21
3018 45 48 93 -0.0322581 29
3019 36 85 121 -0.404959 28
3020 56 55 111 0.00900901 28
3021 54 40 94 0.148936 29
3022 19 86 105 -0.638095 27
3023 103 24 127 0.622047 29
3024 68 30 98 0.387755 30
3025 13 89 102 -0.745098 24
3026 67 12 79 0.696203 24
3027 17 69 86 -0.604651 27
3028 122 23 145 0.682759 23
3029 42 31 73 0.150685 22
3030 16 82 98 -0.673469 25
3031 17 95 112 -0.696429 23
3032 10 113 123 -0.837398 21
3033 20 117 137 -0.708029 29
3034 29 57 86 -0.325581 30
3035 13 61 74 -0.648649 29
3036 35 69 104 -0.326923 30
3037 28 72 100 -0.44 27
3038 5 137 142 -0.929577 19
3039 6 75 81 -0.851852 21
3040 80 50 130 0.230769 33
3041 55 67 122 -0.0983607 24
3042 150 6 156 0.923077 23
3043 85 32 117 0.452991 28
3044 64 59 123 0.0406504 27
3045 15 71 86 -0.651163 26
3046 26 67 93 -0.44086 20
3047 112 15 127 0.76378 26
3048 29 64 93 -0.376344 21
3049 14 94 108 -0.740741 25
3050 56 49 105 0.0666667 31
3051 43 42 85 0.0117647 25
3052 78 22 100 0.56 29
3053 58 77 135 -0.140741 30
3054 106 6 112 0.892857 18
3055 37 74 111 -0.333333 23
3056 51 55 106 -0.0377358 27
3057 13 95 108 -0.759259 23
3058 23 66 89 -0.483146 30
3059 50 52 102 -0.0196078 29
3060 60 32 92 0.304348 28
3061 13 86 99 -0.737374 23
3062 24 55 79 -0.392405 22
3063 44 97 141 -0.375887 31
3064 48 49 97 -0.0103093 32
3065 17 88 105 -0.67619 25
3066 37 50 87 -0.149425 29
3067 94 5 99 0.89899 21
3068 63 54 117 0.0769231 33
3069 42 48 90 -0.0666667 24
3070 76 55 131 0.160305 31
3071 117 13 130 0.8 19
3072 64 36 100 0.28 31
3073 105 18 123 0.707317 21
3074 55 76 131 -0.160305 33
3075 12 99 111 -0.783784 27
3076 23 86 109 -0.577982 24
3077 55 49 104 0.0576923 28
3078 63 40 103 0.223301 22
3079 44 38 82 0.0731707 26
3080 70 24 94 0.489362 26
3081 5 98 103 -0.902913 23
3082 1 56 57 -0.964912 17
3083 98 16 114 0.719298 28
3084 6 109 115 -0.895652 24
3085 42 53 95 -0.115789 28
3086 9 100 109 -0.834862 19
3087 54 45 99 0.0909091 30
3088 8 119 127 -0.874016 23
3089 80 18 98 0.632653 23
3090 20 72 92 -0.565217 22
3091 18 93 111 -0.675676 24
3092 115 8 123 0.869919 26
3093 19 95 114 -0.666667 27
3094 15 75 90 -0.666667 26
3095 54 51 105 0.0285714 28
3096 52 50 102 0.0196078 26
3097 36 54 90 -0.2 24
3098 22 89 111 -0.603604 27
3099 44 54 98 -0.102041 35
3100 5 149 154 -0.935065 15
3101 24 74 98 -0.510204 22
3102 87 12 99 0.757576 26
3103 81 30 111 0.459459 26
3104 19 100 119 -0.680672 25
3105 6 83 89 -0.865169 18
3106 17 79 96 -0.645833 28
3107 45 56 101 -0.108911 23
3108 77 27 104 0.480769 31
3109 23 87 110 -0.581818 29
3110 17 76 93 -0.634409 30
3111 82 29 111 0.477477 33
3112 34 53 87 -0.218391 25
3113 15 137 152 -0.802632 28
3114 20 56 76 -0.473684 27
3115 9 85 94 -0.808511 24
3116 4 101 105 -0.92381 23
3117 81 24 105 0.542857 31
3118 101 15 116 0.741379 27
3119 83 19 102 0.627451 27
3120 51 42 93 0.0967742 23
3121 64 22 86 0.488372 26
3122 72 16 88 0.636364 28
3123 93 5 98 0.897959 23
3124 39 57 96 -0.1875 28
3125 30 68 98 -0.387755 27
3126 105 18 123 0.707317 21
3127 123 5 128 0.921875 20
3128 33 49 82 -0.195122 27
3129 62 41 103 0.203883 32
3130 19 30 49 -0.22449 20
3131 63 36 99 0.272727 29
3132 21 110 131 -0.679389 29
3133 89 22 111 0.603604 27
3134 43 27 70 0.228571 26
3135 98 4 102 0.921569 23
3136 19 77 96 -0.604167 21
3137 64 43 107 0.196262 27
3138 20 83 103 -0.61165 32
3139 50 97 147 -0.319728 28
3140 85 1 86 0.976744 16
3141 10 88 98 -0.795918 24
3142 41 61 102 -0.196078 35
3143 23 59 82 -0.439024 26
3144 72 51 123 0.170732 34
3145 26 45 71 -0.267606 23
3146 12 131 143 -0.832168 20
3147 80 42 122 0.311475 24
3148 28 104 132 -0.575758 26
3149 51 35 86 0.186047 28
3150 66 36 102 0.294118 32
3151 15 67 82 -0.634146 27
3152 35 69 104 -0.326923 30
3153 22 72 94 -0.531915 28
3154 64 46 110 0.163636 32
3155 45 55 100 -0.1 34
3156 86 18 104 0.653846 28
3157 99 17 116 0.706897 32
3158 109 10 119 0.831933 22
3159 26 37 63 -0.174603 17
3160 25 91 116 -0.568966 29
3161 8 94 102 -0.843137 23
3162 54 50 104 0.0384615 21
3163 2 122 124 -0.967742 16
3164 36 78 114 -0.368421 26
3165 24 95 119 -0.596639 28
3166 55 22 77 0.428571 29
3167 89 29 118 0.508475 31
3168 10 81 91 -0.78022 25
3169 46 26 72 0.277778 26
3170 40 48 88 -0.0909091 33
3171 31 56 87 -0.287356 27
3172 79 25 104 0.519231 28
3173 69 22 91 0.516484 26
3174 59 35 94 0.255319 27
3175 18 87 105 -0.657143 23
3176 92 23 115 0.6 29
3177 104 22 126 0.650794 25
3178 9 103 112 -0.839286 24
3179 10 130 140 -0.857143 23
3180 26 110 136 -0.617647 31
3181 22 87 109 -0.59633 24
3182 107 19 126 0.698413 26
3183 109 10 119 0.831933 26
3184 89 23 112 0.589286 30
3185 50 68 118 -0.152542 32
3186 87 30 117 0.487179 31
3187 53 39 92 0.152174 25
3188 53 38 91 0.164835 27
3189 68 40 108 0.259259 30
3190 117 17 134 0.746269 24
3191 95 27 122 0.557377 30
3192 87 12 99 0.757576 26
3193 58 22 80 0.45 26
3194 46 42 88 0.0454545 28
3195 9 116 125 -0.856 26
3196 20 67 87 -0.54023 26
3197 23 36 59 -0.220339 26
3198 94 16 110 0.709091 21
3199 22 92 114 -0.614035 26
3200 119 17 136 0.75 29
3201 56 26 82 0.365854 30
3202 23 84 107 -0.570093 29
3203 104 6 110 0.890909 22
3204 9 112 121 -0.85124 24
3205 15 93 108 -0.722222 25
3206 64 28 92 0.391304 30
3207 126 35 161 0.565217 30
3208 16 82 98 -0.673469 26
3209 42 66 108 -0.222222 28
3210 106 33 139 0.52518 29
3211 109 16 125 0.744 24
3212 51 70 121 -0.157025 33
3213 100 15 115 0.73913 27
3214 85 29 114 0.491228 29
3215 132 6 138 0.913043 24
3216 42 45 87 -0.0344828 26
3217 16 71 87 -0.632184 26
3218 43 61 104 -0.173077 34
3219 154 9 163 0.889571 22
3220 93 20 113 0.646018 25
3221 83 29 112 0.482143 30
3222 84 18 102 0.647059 29
3223 129 7 136 0.897059 26
3224 76 32 108 0.407407 30
3225 107 17 124 0.725806 29
3226 32 90 122 -0.47541 33
3227 60 56 116 0.0344828 31
3228 80 34 114 0.403509 33
3229 64 37 101 0.267327 33
3230 60 65 125 -0.04 27
3231 50 54 104 -0.0384615 28
3232 74 18 92 0.608696 23
3233 91 12 103 0.76699 27
3234 33 81 114 -0.421053 29
3235 90 30 120 0.5 29
3236 73 42 115 0.269565 33
3237 38 53 91 -0.164835 27
3238 3 131 134 -0.955224 21
3239 17 63 80 -0.575 26
3240 148 14 162 0.82716 25
3241 31 49 80 -0.225 28
3242 75 36 111 0.351351 30
3243 30 85 115 -0.478261 31
3244 77 15 92 0.673913 24
3245 52 38 90 0.155556 30
3246 27 96 123 -0.560976 27
3247 73 54 127 0.149606 29
3248 69 37 106 0.301887 31
3249 122 23 145 0.682759 33
3250 87 23 110 0.581818 25
3251 119 9 128 0.859375 17
3252 62 27 89 0.393258 27
3253 67 37 104 0.288462 24
3254 69 21 90 0.533333 28
3255 76 45 121 0.256198 27
3256 102 20 122 0.672131 25
3257 16 109 125 -0.744 27
3258 83 8 91 0.824176 24
3259 51 28 79 0.291139 28
3260 12 104 116 -0.793103 26
3261 85 16 101 0.683168 28
3262 5 97 102 -0.901961 21
3263 67 22 89 0.505618 30
3264 37 50 87 -0.149425 25
3265 79 49 128 0.234375 34
3266 75 37 112 0.339286 30
3267 88 23 111 0.585586 27
3268 36 40 76 -0.0526316 25
3269 129 9 138 0.869565 26
3270 19 101 120 -0.683333 30
3271 124 17 141 0.758865 28
3272 77 20 97 0.587629 24
3273 19 80 99 -0.616162 29
3274 37 40 77 -0.038961 29
3275 29 57 86 -0.325581 31
3276 76 17 93 0.634409 24
3277 75 27 102 0.470588 28
3278 84 36 120 0.4 21
3279 115 4 119 0.932773 22
3280 56 39 95 0.178947 25
3281 40 75 115 -0.304348 33
3282 47 53 100 -0.06 30
3283 97 17 114 0.701754 28
3284 73 53 126 0.15873 27
3285 19 60 79 -0.518987 24
3286 38 59 97 -0.216495 27
3287 65 25 90 0.444444 25
3288 67 34 101 0.326733 32
3289 101 5 106 0.90566 23
3290 102 24 126 0.619048 24
3291 100 9 109 0.834862 17
3292 80 36 116 0.37931 29
3293 68 29 97 0.402062 24
3294 60 37 97 0.237113 26
3295 41 53 94 -0.12766 30
3296 4 77 81 -0.901235 16
3297 7 143 150 -0.906667 20
3298 16 63 79 -0.594937 26
3299 118 18 136 0.735294 24
3300 57 43 100 0.14 29
3301 16 113 129 -0.751938 26
3302 100 29 129 0.550388 22
3303 43 57 100 -0.14 28
3304 92 4 96 0.916667 20
3305 12 94 106 -0.773585 27
3306 61 25 86 0.418605 27
3307 23 81 104 -0.557692 26
3308 93 41 134 0.38806 27
3309 47 83 130 -0.276923 29
3310 65 17 82 0.585366 28
3311 10 88 98 -0.795918 24
3312 11 119 130 -0.830769 25
3313 74 50 124 0.193548 27
3314 34 51 85 -0.2 28
3315 72 34 106 0.358491 30
3316 110 28 138 0.594203 28
3317 38 78 116 -0.344828 29
3318 13 106 119 -0.781513 30
3319 80 9 89 0.797753 23
3320 74 36 110 0.345455 27
3321 63 28 91 0.384615 27
3322 96 28 124 0.548387 24
3323 23 12 35 0.314286 19
3324 50 40 90 0.111111 25
3325 104 42 146 0.424658 32
3326 29 68 97 -0.402062 29
3327 51 55 106 -0.0377358 27
3328 85 10 95 0.789474 25
3329 7 65 72 -0.805556 21
3330 67 31 98 0.367347 29
3331 62 48 110 0.127273 27
3332 33 84 117 -0.435897 30
3333 61 56 117 0.042735 26
3334 3 126 129 -0.953488 20
3335 90 18 108 0.666667 26
3336 78 33 111 0.405405 27
3337 61 23 84 0.452381 29
3338 41 33 74 0.108108 24
3339 64 10 74 0.72973 20
3340 103 3 106 0.943396 19
3341 104 47 151 0.377483 33
3342 20 87 107 -0.626168 31
3343 53 42 95 0.115789 28
3344 73 42 115 0.269565 28
3345 45 42 87 0.0344828 25
3346 57 25 82 0.390244 25
3347 22 58 80 -0.45 24
3348 22 53 75 -0.413333 24
3349 2 123 125 -0.968 16
3350 78 26 104 0.5 27
3351 71 49 120 0.183333 34
3352 31 69 100 -0.38 26
3353 1 117 118 -0.983051 13
3354 53 42 95 0.115789 29
3355 56 6 62 0.806452 19
3356 60 41 101 0.188119 32
3357 97 9 106 0.830189 23
3358 21 79 100 -0.58 27
3359 143 4 147 0.945578 21
3360 35 59 94 -0.255319 22
3361 16 198 214 -0.850467 16
3362 52 48 100 0.04 26
3363 12 83 95 -0.747368 24
3364 80 49 129 0.24031 29
3365 146 6 152 0.921053 18
3366 9 122 131 -0.862595 24
3367 33 80 113 -0.415929 28
3368 129 3 132 0.954545 18
3369 68 34 102 0.333333 24
3370 34 88 122 -0.442623 29
3371 10 90 100 -0.8 23
3372 20 76 96 -0.583333 30
3373 99 22 121 0.636364 27
3374 29 88 117 -0.504274 25
3375 34 96 130 -0.476923 31
3376 79 41 120 0.316667 30
3377 91 27 118 0.542373 28
3378 76 35 111 0.369369 34
3379 83 30 113 0.469027 26
3380 32 93 125 -0.488 27
3381 114 17 131 0.740458 26
3382 150 3 153 0.960784 18
3383 65 29 94 0.382979 28
3384 8 123 131 -0.877863 25
3385 63 43 106 0.188679 31
3386 80 14 94 0.702128 22
3387 2 105 107 -0.962617 18
3388 12 63 75 -0.68 23
3389 42 37 79 0.0632911 28
3390 80 5 85 0.882353 22
3391 73 23 96 0.520833 27
3392 21 62 83 -0.493976 28
3393 70 37 107 0.308411 29
3394 5 78 83 -0.879518 21
3395 46 49 95 -0.0315789 26
3396 97 7 104 0.865385 24
3397 7 96 103 -0.864078 25
3398 82 22 104 0.576923 29
3399 46 67 113 -0.185841 30
3400 38 64 102 -0.254902 28
3401 175 0 175 1 9
3402 54 58 112 -0.0357143 36
3403 33 97 130 -0.492308 30
3404 56 55 111 0.00900901 30
3405 13 73 86 -0.697674 31
3406 20 66 86 -0.534884 24
3407 29 81 110 -0.472727 27
3408 86 21 107 0.607477 29
3409 154 4 158 0.949367 15
3410 61 14 75 0.626667 27
3411 3 113 116 -0.948276 21
3412 11 147 158 -0.860759 25
3413 58 50 108 0.0740741 31
3414 11 120 131 -0.832061 23
3415 113 5 118 0.915254 23
3416 18 45 63 -0.428571 22
3417 45 79 124 -0.274194 29
3418 40 50 90 -0.111111 27
3419 80 41 121 0.322314 32
3420 4 124 128 -0.9375 23
3421 68 31 99 0.373737 26
3422 80 32 112 0.428571 28
3423 121 11 132 0.833333 25
3424 110 7 117 0.880342 19
3425 101 9 110 0.836364 24
3426 116 5 121 0.917355 21
3427 32 63 95 -0.326316 30
3428 10 120 130 -0.846154 25
3429 11 90 101 -0.782178 24
3430 23 68 91 -0.494505 28
3431 39 81 120 -0.35 27
3432 21 131 152 -0.723684 27
3433 68 50 118 0.152542 32
3434 70 25 95 0.473684 28
3435 79 41 120 0.316667 28
3436 21 71 92 -0.543478 30
3437 27 83 110 -0.509091 30
3438 49 48 97 0.0103093 26
3439 59 3 62 0.903226 22
3440 82 13 95 0.726316 22
3441 19 84 103 -0.631068 23
3442 17 117 134 -0.746269 28
3443 4 62 66 -0.878788 19
3444 91 18 109 0.669725 27
3445 27 36 63 -0.142857 25
3446 61 46 107 0.140187 30
3447 86 28 114 0.508772 32
3448 10 75 85 -0.764706 23
3449 27 85 112 -0.517857 27
3450 49 73 122 -0.196721 24
3451 26 66 92 -0.434783 29
3452 39 55 94 -0.170213 32
3453 9 76 85 -0.788235 22
3454 95 21 116 0.637931 29
3455 69 55 124 0.112903 35
3456 3 110 113 -0.946903 22
3457 101 28 129 0.565891 31
3458 23 97 120 -0.616667 29
3459 95 22 117 0.623932 27
3460 59 62 121 -0.0247934 31
3461 47 49 96 -0.0208333 33
3462 59 41 100 0.18 31
3463 104 0 104 1 18
3464 59 22 81 0.45679 26
3465 46 53 99 -0.0707071 29
3466 80 20 100 0.6 24
3467 19 95 114 -0.666667 26
3468 38 73 111 -0.315315 30
3469 71 36 107 0.327103 25
3470 110 12 122 0.803279 20
3471 23 70 93 -0.505376 28
3472 5 97 102 -0.901961 23
3473 38 44 82 -0.0731707 29
3474 28 91 119 -0.529412 29
3475 11 114 125 -0.824 26
3476 132 14 146 0.808219 25
3477 88 22 110 0.6 30
3478 26 59 85 -0.388235 28
3479 47 40 87 0.0804598 27
3480 115 6 121 0.900826 17
3481 9 88 97 -0.814433 23
3482 90 27 117 0.538462 32
3483 24 83 107 -0.551402 29
3484 20 66 86 -0.534884 28
3485 26 71 97 -0.463918 28
3486 50 65 115 -0.130435 30
3487 65 38 103 0.262136 31
3488 82 41 123 0.333333 28
3489 45 83 128 -0.296875 28
3490 32 78 110 -0.418182 28
3491 33 56 89 -0.258427 24
3492 35 70 105 -0.333333 30
3493 50 54 104 -0.0384615 36
3494 86 27 113 0.522124 29
3495 108 13 121 0.785124 26
3496 57 60 117 -0.025641 30
3497 70 28 98 0.428571 21
3498 4 135 139 -0.942446 23
3499 2 102 104 -0.961538 16
3500 69 15 84 0.642857 22
3501 109 3 112 0.946429 18
3502 71 20 91 0.56044 29
3503 35 43 78 -0.102564 29
3504 62 58 120 0.0333333 32
3505 51 31 82 0.243902 28
3506 108 19 127 0.700787 24
3507 16 97 113 -0.716814 25
3508 74 18 92 0.608696 31
3509 38 50 88 -0.136364 31
3510 11 151 162 -0.864198 26
3511 37 94 131 -0.435115 32
3512 15 79 94 -0.680851 26
3513 50 45 95 0.0526316 23
3514 30 53 83 -0.277108 24
3515 23 101 124 -0.629032 23
3516 29 69 98 -0.408163 28
3517 113 9 122 0.852459 21
3518 30 60 90 -0.333333 24
3519 117 11 128 0.828125 19
3520 13 118 131 -0.801527 25
3521 20 56 76 -0.473684 31
3522 60 34 94 0.276596 26
3523 41 49 90 -0.0888889 31
3524 72 24 96 0.5 19
3525 152 4 156 0.948718 22
3526 10 143 153 -0.869281 16
3527 141 2 143 0.972028 15
3528 19 75 94 -0.595745 22
3529 118 28 146 0.616438 27
3530 5 102 107 -0.906542 21
3531 37 52 89 -0.168539 22
3532 65 43 108 0.203704 30
3533 12 67 79 -0.696203 26
3534 109 19 128 0.703125 30
3535 38 73 111 -0.315315 30
3536 26 57 83 -0.373494 26
3537 58 40 98 0.183673 34
3538 52 66 118 -0.118644 28
3539 7 123 130 -0.892308 16
3540 7 105 112 -0.875 24
3541 3 95 98 -0.938776 21
3542 126 5 131 0.923664 19
3543 92 34 126 0.460317 30
3544 63 57 120 0.05 31
3545 81 45 126 0.285714 31
3546 11 81 92 -0.76087 25
3547 22 76 98 -0.55102 28
3548 63 23 86 0.465116 22
3549 118 12 130 0.815385 24
3550 15 90 105 -0.714286 22
3551 54 47 101 0.0693069 29
3552 14 71 85 -0.670588 29
3553 13 58 71 -0.633803 23
3554 102 12 114 0.789474 23
3555 9 104 113 -0.840708 26
3556 63 47 110 0.145455 31
3557 96 19 115 0.669565 28
3558 41 86 127 -0.354331 29
3559 43 18 61 0.409836 20
3560 28 66 94 -0.404255 28
3561 24 72 96 -0.5 31
3562 167 5 172 0.94186 18
3563 65 35 100 0.3 31
3564 96 20 116 0.655172 19
3565 110 7 117 0.880342 17
3566 96 36 132 0.454545 31
3567 10 71 81 -0.753086 27
3568 5 94 99 -0.89899 20
3569 10 107 117 -0.82906 25
3570 148 6 154 0.922078 22
3571 36 54 90 -0.2 27
3572 18 57 75 -0.52 28
3573 28 49 77 -0.272727 24
3574 2 90 92 -0.956522 20
3575 36 65 101 -0.287129 28
3576 25 103 128 -0.609375 24
3577 90 31 121 0.487603 29
3578 61 17 78 0.564103 23
3579 25 73 98 -0.489796 26
3580 87 47 134 0.298507 24
3581 68 56 124 0.0967742 30
3582 32 73 105 -0.390476 31
3583 7 135 142 -0.901408 23
3584 61 38 99 0.232323 25
3585 85 12 97 0.752577 26
3586 21 70 91 -0.538462 25
3587 63 35 98 0.285714 28
3588 36 76 112 -0.357143 29
3589 26 90 116 -0.551724 29
3590 96 2 98 0.959184 19
3591 50 43 93 0.0752688 23
3592 65 57 122 0.0655738 29
3593 65 30 95 0.368421 28
3594 35 66 101 -0.306931 28
3595 83 28 111 0.495495 26
3596 45 62 107 -0.158879 27
3597 57 32 89 0.280899 24
3598 66 43 109 0.211009 26
3599 58 23 81 0.432099 27
3600 142 5 147 0.931973 23
3601 66 0 66 1 13
3602 2 54 56 -0.928571 18
3603 143 6 149 0.919463 13
3604 17 61 78 -0.564103 24
3605 118 15 133 0.774436 24
3606 66 35 101 0.306931 25
3607 84 18 102 0.647059 26
3608 49 46 95 0.0315789 31
3609 33 82 115 -0.426087 28
3610 67 28 95 0.410526 30
3611 72 20 92 0.565217 29
3612 85 24 109 0.559633 30
3613 25 100 125 -0.6 35
3614 45 28 73 0.232877 19
3615 66 33 99 0.333333 24
3616 56 42 98 0.142857 27
3617 80 5 85 0.882353 23
3618 47 55 102 -0.0784314 24
3619 12 142 154 -0.844156 20
3620 27 85 112 -0.517857 26
3621 87 18 105 0.657143 26
3622 46 56 102 -0.0980392 33
3623 43 70 113 -0.238938 33
3624 31 68 99 -0.373737 27
3625 59 23 82 0.439024 27
3626 8 127 135 -0.881481 23
3627 106 22 128 0.65625 26
3628 87 36 123 0.414634 25
3629 22 80 102 -0.568627 26
3630 41 39 80 0.025 27
3631 64 54 118 0.0847458 35
3632 3 152 155 -0.96129 13
3633 77 15 92 0.673913 24
3634 37 68 105 -0.295238 29
3635 13 92 105 -0.752381 28
3636 119 9 128 0.859375 21
3637 8 137 145 -0.889655 25
3638 6 95 101 -0.881188 24
3639 40 108 148 -0.459459 33
3640 16 58 74 -0.567568 28
3641 114 24 138 0.652174 30
3642 43 52 95 -0.0947368 29
3643 13 74 87 -0.701149 27
3644 5 115 120 -0.916667 22
3645 56 68 124 -0.0967742 31
3646 30 92 122 -0.508197 21
3647 55 60 115 -0.0434783 26
3648 18 47 65 -0.446154 23
3649 75 50 125 0.2 24
3650 28 73 101 -0.445545 30
3651 11 108 119 -0.815126 25
3652 9 107 116 -0.844828 24
3653 75 36 111 0.351351 28
3654 35 54 89 -0.213483 28
3655 82 27 109 0.504587 23
3656 164 4 168 0.952381 18
3657 34 75 109 -0.376147 27
3658 51 31 82 0.243902 31
3659 33 49 82 -0.195122 30
3660 27 70 97 -0.443299 31
3661 35 78 113 -0.380531 31
3662 3 133 136 -0.955882 19
3663 130 16 146 0.780822 24
3664 32 77 109 -0.412844 31
3665 13 98 111 -0.765766 25
3666 13 57 70 -0.628571 27
3667 52 36 88 0.181818 27
3668 57 46 103 0.106796 24
3669 21 108 129 -0.674419 25
3670 56 60 116 -0.0344828 30
3671 59 36 95 0.242105 28
3672 37 88 125 -0.408 27
3673 20 78 98 -0.591837 27
3674 49 41 90 0.0888889 30
3675 59 22 81 0.45679 27
3676 70 23 93 0.505376 33
3677 129 12 141 0.829787 27
3678 23 96 119 -0.613445 31
3679 105 32 137 0.532847 32
3680 93 2 95 0.957895 17
3681 69 79 148 -0.0675676 34
3682 98 4 102 0.921569 20
3683 36 79 115 -0.373913 28
3684 11 109 120 -0.816667 27
3685 50 68 118 -0.152542 25
3686 103 24 127 0.622047 26
3687 26 70 96 -0.458333 29
3688 48 13 61 0.57377 20
3689 26 89 115 -0.547826 24
3690 70 29 99 0.414141 24
3691 96 18 114 0.684211 27
3692 46 68 114 -0.192982 29
3693 3 108 111 -0.945946 22
3694 58 34 92 0.26087 28
3695 94 9 103 0.825243 22
3696 58 50 108 0.0740741 31
3697 28 84 112 -0.5 32
3698 13 79 92 -0.717391 22
3699 131 7 138 0.898551 19
3700 21 62 83 -0.493976 24
3701 28 44 72 -0.222222 23
3702 14 71 85 -0.670588 26
3703 23 100 123 -0.626016 31
3704 56 37 93 0.204301 29
3705 114 17 131 0.740458 24
3706 62 26 88 0.409091 27
3707 65 10 75 0.733333 22
3708 37 50 87 -0.149425 29
3709 86 6 92 0.869565 24
3710 1 149 150 -0.986667 19
3711 58 65 123 -0.0569106 27
3712 52 34 86 0.209302 25
3713 103 16 119 0.731092 26
3714 22 83 105 -0.580952 31
3715 76 15 91 0.67033 25
3716 23 82 105 -0.561905 25
3717 100 15 115 0.73913 29
3718 40 73 113 -0.292035 30
3719 15 102 117 -0.74359 26
3720 78 32 110 0.418182 30
3721 44 54 98 -0.102041 26
3722 37 35 72 0.0277778 25
3723 30 48 78 -0.230769 30
3724 48 56 104 -0.0769231 27
3725 39 48 87 -0.103448 27
3726 20 56 76 -0.473684 27
3727 30 45 75 -0.2 24
3728 55 56 111 -0.00900901 35
3729 37 70 107 -0.308411 29
3730 96 14 110 0.745455 27
3731 130 6 136 0.911765 25
3732 21 79 100 -0.58 24
3733 58 84 142 -0.183099 35
3734 40 23 63 0.269841 24
3735 22 11 33 0.333333 15
3736 4 114 118 -0.932203 13
3737 21 125 146 -0.712329 23
3738 30 66 96 -0.375 25
3739 33 112 145 -0.544828 26
3740 6 93 99 -0.878788 25
3741 42 61 103 -0.184466 24
3742 21 62 83 -0.493976 24
3743 94 20 114 0.649123 27
3744 9 113 122 -0.852459 24
3745 32 47 79 -0.189873 33
3746 89 21 110 0.618182 30
3747 66 40 106 0.245283 28
3748 104 31 135 0.540741 27
3749 35 33 68 0.0294118 22
3750 48 65 113 -0.150442 30
3751 32 70 102 -0.372549 28
3752 78 50 128 0.21875 33
3753 54 22 76 0.421053 27
3754 60 35 95 0.263158 27
3755 75 28 103 0.456311 30
3756 60 32 92 0.304348 26
3757 21 67 88 -0.522727 29
3758 64 19 83 0.542169 27
3759 81 34 115 0.408696 26
3760 86 19 105 0.638095 24
3761 61 50 111 0.0990991 32
3762 11 80 91 -0.758242 22
3763 19 65 84 -0.547619 28
3764 130 13 143 0.818182 24
3765 38 106 144 -0.472222 31
3766 46 46 92 0 24
3767 44 23 67 0.313433 25
3768 107 10 117 0.82906 24
3769 56 34 90 0.244444 28
3770 80 16 96 0.666667 28
3771 44 45 89 -0.011236 28
3772 29 83 112 -0.482143 31
3773 37 68 105 -0.295238 30
3774 9 71 80 -0.775 19
3775 77 36 113 0.362832 30
3776 109 12 121 0.801653 28
3777 93 6 99 0.878788 23
3778 10 108 118 -0.830508 26
3779 96 25 121 0.586777 29
3780 44 59 103 -0.145631 30
3781 20 85 105 -0.619048 29
3782 44 62 106 -0.169811 24
3783 61 65 126 -0.031746 25
3784 136 8 144 0.888889 15
3785 22 69 91 -0.516484 21
3786 3 100 103 -0.941748 19
3787 19 77 96 -0.604167 23
3788 28 72 100 -0.44 31
3789 63 15 78 0.615385 19
3790 83 12 95 0.747368 25
3791 41 34 75 0.0933333 23
3792 27 93 120 -0.55 29
3793 105 9 114 0.842105 24
3794 38 65 103 -0.262136 28
3795 54 57 111 -0.027027 35
3796 68 31 99 0.373737 32
3797 87 44 131 0.328244 27
3798 93 24 117 0.589744 26
3799 62 47 109 0.137615 30
3800 132 6 138 0.913043 21
3801 39 52 91 -0.142857 27
3802 72 60 132 0.0909091 34
3803 38 30 68 0.117647 30
3804 44 65 109 -0.192661 32
3805 36 55 91 -0.208791 29
3806 32 58 90 -0.288889 30
3807 12 86 98 -0.755102 26
3808 90 4 94 0.914894 18
3809 54 55 109 -0.00917431 30
3810 74 43 117 0.264957 26
3811 22 91 113 -0.610619 28
3812 14 92 106 -0.735849 16
3813 27 76 103 -0.475728 29
3814 1 15 16 -0.875 6
3815 39 97 136 -0.426471 32
3816 91 55 146 0.246575 35
3817 41 58 99 -0.171717 27
3818 52 33 85 0.223529 22
3819 95 17 112 0.696429 27
3820 18 90 108 -0.666667 27
3821 20 84 104 -0.615385 24
3822 67 23 90 0.488889 23
3823 4 95 99 -0.919192 23
3824 62 41 103 0.203883 32
3825 36 59 95 -0.242105 24
3826 73 20 93 0.569892 27
3827 83 4 87 0.908046 21
3828 17 95 112 -0.696429 25
3829 38 73 111 -0.315315 25
3830 10 100 110 -0.818182 26
3831 83 23 106 0.566038 26
3832 38 66 104 -0.269231 28
3833 96 31 127 0.511811 29
3834 123 12 135 0.822222 21
3835 13 135 148 -0.824324 24
3836 44 85 129 -0.317829 22
3837 75 53 128 0.171875 31
3838 30 55 85 -0.294118 21
3839 49 53 102 -0.0392157 32
3840 72 15 87 0.655172 26
3841 27 71 98 -0.44898 27
3842 19 59 78 -0.512821 25
3843 18 93 111 -0.675676 26
3844 90 11 101 0.782178 28
3845 80 16 96 0.666667 26
3846 47 61 108 -0.12963 29
3847 49 41 90 0.0888889 33
3848 29 71 100 -0.42 24
3849 93 1 94 0.978723 10
3850 79 26 105 0.504762 25
3851 67 40 107 0.252336 30
3852 56 31 87 0.287356 27
3853 30 86 116 -0.482759 26
3854 26 72 98 -0.469388 24
3855 76 17 93 0.634409 20
3856 21 72 93 -0.548387 26
3857 7 97 104 -0.865385 25
3858 21 52 73 -0.424658 28
3859 100 7 107 0.869159 23
3860 7 57 64 -0.78125 20
3861 106 8 114 0.859649 24
3862 61 62 123 -0.00813008 31
3863 30 80 110 -0.454545 29
3864 72 46 118 0.220339 28
3865 56 17 73 0.534247 24
3866 11 96 107 -0.794393 20
3867 129 3 132 0.954545 18
3868 68 19 87 0.563218 30
3869 43 58 101 -0.148515 27
3870 17 108 125 -0.728 26
3871 97 15 112 0.732143 23
3872 113 21 134 0.686567 30
3873 2 61 63 -0.936508 20
3874 77 34 111 0.387387 31
3875 74 31 105 0.409524 26
3876 75 24 99 0.515152 29
3877 54 26 80 0.35 25
3878 77 27 104 0.480769 27
3879 47 62 109 -0.137615 28
3880 53 14 67 0.58209 21
3881 13 76 89 -0.707865 26
3882 30 35 65 -0.0769231 26
3883 13 101 114 -0.77193 25
3884 59 15 74 0.594595 25
3885 35 81 116 -0.396552 33
3886 72 16 88 0.636364 28
3887 7 124 131 -0.89313 25
3888 35 54 89 -0.213483 27
3889 120 12 132 0.818182 18
3890 49 48 97 0.0103093 26
3891 42 56 98 -0.142857 29
3892 37 95 132 -0.439394 24
3893 18 45 63 -0.428571 24
3894 26 46 72 -0.277778 25
3895 32 81 113 -0.433628 24
3896 27 90 117 -0.538462 31
3897 61 40 101 0.207921 31
3898 120 10 130 0.846154 27
3899 119 10 129 0.844961 25
3900 21 86 107 -0.607477 29
3901 56 45 101 0.108911 29
3902 56 66 122 -0.0819672 31
3903 28 50 78 -0.282051 29
3904 89 13 102 0.745098 24
3905 104 9 113 0.840708 23
3906 27 100 127 -0.574803 29
3907 10 97 107 -0.813084 24
3908 36 66 102 -0.294118 30
3909 97 3 100 0.94 19
3910 68 12 80 0.7 24
3911 18 119 137 -0.737226 31
3912 25 66 91 -0.450549 21
3913 24 86 110 -0.563636 31
3914 4 135 139 -0.942446 23
3915 53 65 118 -0.101695 28
3916 15 100 115 -0.73913 28
3917 111 12 123 0.804878 25
3918 68 19 87 0.563218 29
3919 52 78 130 -0.2 30
3920 54 37 91 0.186813 26
3921 92 5 97 0.896907 23
3922 122 5 127 0.92126 23
3923 37 58 95 -0.221053 30
3924 85 10 95 0.789474 27
3925 55 74 129 -0.147287 32
3926 15 76 91 -0.67033 24
3927 66 22 88 0.5 23
3928 19 108 127 -0.700787 29
3929 30 51 81 -0.259259 26
3930 17 70 87 -0.609195 29
3931 153 8 161 0.900621 17
3932 46 56 102 -0.0980392 31
3933 65 31 96 0.354167 27
3934 10 120 130 -0.846154 25
3935 4 130 134 -0.940299 22
3936 117 31 148 0.581081 23
3937 108 18 126 0.714286 28
3938 16 66 82 -0.609756 30
3939 48 22 70 0.371429 28
3940 98 22 120 0.633333 24
3941 77 56 133 0.157895 31
3942 63 41 104 0.211538 26
3943 16 88 104 -0.692308 29
3944 8 110 118 -0.864407 24
3945 30 63 93 -0.354839 21
3946 21 84 105 -0.6 20
3947 67 40 107 0.252336 28
3948 31 70 101 -0.386139 29
3949 146 13 159 0.836478 23
3950 55 56 111 -0.00900901 32
3951 39 96 135 -0.422222 28
3952 30 67 97 -0.381443 29
3953 48 42 90 0.0666667 25
3954 50 29 79 0.265823 21
3955 13 137 150 -0.826667 29
3956 134 3 137 0.956204 20
3957 19 81 100 -0.62 25
3958 8 141 149 -0.892617 19
3959 6 138 144 -0.916667 20
3960 70 27 97 0.443299 34
3961 27 64 91 -0.406593 29
3962 56 44 100 0.12 31
3963 22 72 94 -0.531915 29
3964 20 54 74 -0.459459 28
3965 27 93 120 -0.55 32
3966 7 95 102 -0.862745 21
3967 2 103 105 -0.961905 11
3968 45 66 111 -0.189189 34
3969 24 118 142 -0.661972 27
3970 141 15 156 0.807692 24
3971 26 96 122 -0.57377 30
3972 42 19 61 0.377049 27
3973 63 36 99 0.272727 25
3974 62 26 88 0.409091 27
3975 35 57 92 -0.23913 29
3976 37 36 73 0.0136986 25
3977 31 51 82 -0.243902 28
3978 27 66 93 -0.419355 28
3979 70 19 89 0.573034 30
3980 12 108 120 -0.8 27
3981 15 112 127 -0.76378 24
3982 56 43 99 0.131313 25
3983 90 36 126 0.428571 29
3984 12 68 80 -0.7 25
3985 27 74 101 -0.465347 31
3986 79 20 99 0.59596 26
3987 63 44 107 0.17757 32
3988 52 45 97 0.0721649 28
3989 6 56 62 -0.806452 22
3990 91 18 109 0.669725 28
3991 71 17 88 0.613636 25
3992 35 75 110 -0.363636 29
3993 76 24 100 0.52 30
3994 43 38 81 0.0617284 25
3995 14 69 83 -0.662651 20
3996 80 36 116 0.37931 28
3997 81 23 104 0.557692 29
3998 109 17 126 0.730159 27
3999 5 81 86 -0.883721 23
4000 9 75 84 -0.785714 22
4001 66 10 76 0.736842 24
4002 74 34 108 0.37037 27
4003 57 35 92 0.23913 28
4004 57 55 112 0.0178571 23
4005 42 18 60 0.4 20
4006 91 15 106 0.716981 21
4007 113 4 117 0.931624 20
4008 17 117 134 -0.746269 27
4009 92 5 97 0.896907 20
4010 13 75 88 -0.704545 19
4011 79 38 117 0.350427 26
4012 101 2 103 0.961165 16
4013 117 15 132 0.772727 27
4014 67 30 97 0.381443 27
4015 67 48 115 0.165217 31
4016 64 13 77 0.662338 27
4017 96 17 113 0.699115 28
4018 62 15 77 0.61039 24
4019 43 47 90 -0.0444444 29
4020 26 111 137 -0.620438 28
4021 63 45 108 0.166667 37
4022 103 15 118 0.745763 20
4023 70 22 92 0.521739 23
4024 21 106 127 -0.669291 24
4025 17 104 121 -0.719008 26
4026 0 76 76 -1 16
4027 52 34 86 0.209302 29
4028 41 70 111 -0.261261 26
4029 16 78 94 -0.659574 22
4030 60 15 75 0.6 27
4031 93 6 99 0.878788 23
4032 45 27 72 0.25 25
4033 88 21 109 0.614679 27
4034 33 83 116 -0.431034 22
4035 95 16 111 0.711712 23
4036 72 36 108 0.333333 25
4037 27 89 116 -0.534483 27
4038 142 6 148 0.918919 21
4039 77 4 81 0.901235 16
4040 74 45 119 0.243697 26
4041 24 71 95 -0.494737 26
4042 107 45 152 0.407895 32
4043 111 5 116 0.913793 19
4044 42 92 134 -0.373134 32
4045 50 80 130 -0.230769 27
4046 34 64 98 -0.306122 29
4047 47 64 111 -0.153153 30
4048 63 43 106 0.188679 28
4049 16 92 108 -0.703704 24
4050 42 57 99 -0.151515 28
4051 93 24 117 0.589744 30
4052 21 139 160 -0.7375 30
4053 62 58 120 0.0333333 32
4054 15 77 92 -0.673913 27
4055 4 84 88 -0.909091 23
4056 92 10 102 0.803922 22
4057 59 47 106 0.113208 32
4058 33 70 103 -0.359223 27
4059 28 71 99 -0.434343 32
4060 67 13 80 0.675 29
4061 70 40 110 0.272727 28
4062 22 74 96 -0.541667 27
4063 10 132 142 -0.859155 24
4064 39 16 55 0.418182 20
4065 65 42 107 0.214953 26
4066 48 72 120 -0.2 33
4067 93 4 97 0.917526 17
4068 64 40 104 0.230769 27
4069 33 62 95 -0.305263 29
4070 8 136 144 -0.888889 23
4071 76 35 111 0.369369 28
4072 64 46 110 0.163636 22
4073 26 70 96 -0.458333 31
4074 67 42 109 0.229358 20
4075 59 33 92 0.282609 27
4076 58 26 84 0.380952 22
4077 54 34 88 0.227273 32
4078 49 74 123 -0.203252 34
4079 71 32 103 0.378641 26
4080 83 19 102 0.627451 26
4081 34 86 120 -0.433333 34
4082 45 51 96 -0.0625 26
4083 113 11 124 0.822581 25
4084 61 6 67 0.820896 22
4085 39 59 98 -0.204082 23
4086 62 41 103 0.203883 28
4087 27 52 79 -0.316456 28
4088 32 53 85 -0.247059 30
4089 117 9 126 0.857143 16
4090 91 8 99 0.838384 17
4091 62 32 94 0.319149 30
4092 83 14 97 0.71134 29
4093 20 58 78 -0.487179 27
4094 100 3 103 0.941748 19
4095 96 3 99 0.939394 22
4096 90 20 110 0.636364 22
4097 109 23 132 0.651515 22
4098 68 40 108 0.259259 27
4099 51 59 110 -0.0727273 31
4100 43 65 108 -0.203704 31
4101 11 74 85 -0.741176 24
4102 58 38 96 0.208333 28
4103 47 37 84 0.119048 30
4104 25 57 82 -0.390244 25
4105 51 40 91 0.120879 24
4106 71 19 90 0.577778 24
4107 68 37 105 0.295238 29
4108 65 47 112 0.160714 26
4109 16 87 103 -0.68932 27
4110 15 106 121 -0.752066 27
4111 65 26 91 0.428571 25
4112 38 67 105 -0.27619 29
4113 25 94 119 -0.579832 31
4114 50 35 85 0.176471 30
4115 38 57 95 -0.2 32
4116 87 12 99 0.757576 23
4117 28 62 90 -0.377778 28
4118 52 47 99 0.0505051 23
4119 29 75 104 -0.442308 27
4120 23 94 117 -0.606838 27
4121 56 60 116 -0.0344828 30
4122 85 18 103 0.650485 27
4123 32 69 101 -0.366337 28
4124 47 40 87 0.0804598 24
4125 38 50 88 -0.136364 33
4126 54 29 83 0.301205 26
4127 118 8 126 0.873016 22
4128 6 106 112 -0.892857 25
4129 52 71 123 -0.154472 30
4130 6 115 121 -0.900826 19
4131 88 28 116 0.517241 31
4132 61 39 100 0.22 33
4133 89 17 106 0.679245 27
4134 95 5 100 0.9 23
4135 67 52 119 0.12605 31
4136 73 10 83 0.759036 23
4137 124 9 133 0.864662 26
4138 81 6 87 0.862069 20
4139 55 40 95 0.157895 31
4140 5 112 117 -0.91453 18
4141 111 7 118 0.881356 22
4142 36 68 104 -0.307692 25
4143 41 47 88 -0.0681818 28
4144 99 12 111 0.783784 28
4145 115 15 130 0.769231 26
4146 132 8 140 0.885714 22
4147 33 57 90 -0.266667 25
4148 6 46 52 -0.769231 19
4149 1 93 94 -0.978723 16
4150 48 60 108 -0.111111 30
4151 28 69 97 -0.42268 29
4152 48 59 107 -0.102804 29
4153 15 131 146 -0.794521 22
4154 32 49 81 -0.209877 26
4155 98 17 115 0.704348 28
4156 114 7 121 0.884298 21
4157 80 13 93 0.72043 25
4158 124 4 128 0.9375 16
4159 10 84 94 -0.787234 25
4160 55 56 111 -0.00900901 35
4161 3 76 79 -0.924051 16
4162 34 70 104 -0.346154 27
4163 2 0 2 1 2
4164 29 75 104 -0.442308 26
4165 28 65 93 -0.397849 30
4166 28 122 150 -0.626667 29
4167 22 76 98 -0.55102 25
4168 90 21 111 0.621622 23
4169 27 123 150 -0.64 23
4170 51 23 74 0.378378 22
4171 99 7 106 0.867925 24
4172 7 102 109 -0.87156 23
4173 86 34 120 0.433333 27
4174 21 72 93 -0.548387 28
4175 46 53 99 -0.0707071 30
4176 115 7 122 0.885246 23
4177 31 70 101 -0.386139 28
4178 68 30 98 0.387755 28
4179 62 31 93 0.333333 28
4180 95 8 103 0.84466 20
4181 24 68 92 -0.478261 30
4182 60 42 102 0.176471 30
4183 46 87 133 -0.308271 34
4184 7 107 114 -0.877193 22
4185 59 66 125 -0.056 33
4186 9 87 96 -0.8125 26
4187 30 54 84 -0.285714 27
4188 47 77 124 -0.241935 34
4189 73 35 108 0.351852 30
4190 80 10 90 0.777778 26
4191 37 51 88 -0.159091 27
4192 20 77 97 -0.587629 26
4193 7 124 131 -0.89313 21
4194 50 46 96 0.0416667 29
4195 48 37 85 0.129412 29
4196 55 55 110 0 28
4197 85 5 90 0.888889 16
4198 17 35 52 -0.346154 24
4199 33 76 109 -0.394495 27
4200 12 94 106 -0.773585 23
4201 75 29 104 0.442308 28
4202 107 5 112 0.910714 21
4203 6 151 157 -0.923567 13
4204 100 8 108 0.851852 24
4205 105 8 113 0.858407 16
4206 102 8 110 0.854545 22
4207 18 107 125 -0.712 25
4208 85 31 116 0.465517 28
4209 63 6 69 0.826087 17
4210 57 54 111 0.027027 28
4211 2 58 60 -0.933333 17
4212 2 130 132 -0.969697 12
4213 9 133 142 -0.873239 24
4214 133 21 154 0.727273 25
4215 30 97 127 -0.527559 31
4216 0 108 108 -1 2
4217 18 117 135 -0.733333 27
4218 26 99 125 -0.584 33
4219 107 11 118 0.813559 23
4220 80 16 96 0.666667 21
4221 9 82 91 -0.802198 24
4222 6 83 89 -0.865169 24
4223 56 44 100 0.12 26
4224 42 81 123 -0.317073 27
4225 81 15 96 0.6875 27
4226 40 83 123 -0.349593 31
4227 109 9 118 0.847458 24
4228 4 140 144 -0.944444 15
4229 59 41 100 0.18 26
4230 118 12 130 0.815385 25
4231 7 147 154 -0.909091 24
4232 13 130 143 -0.818182 26
4233 34 95 129 -0.472868 33
4234 96 19 115 0.669565 30
4235 51 67 118 -0.135593 28
4236 15 120 135 -0.777778 24
4237 73 3 76 0.921053 16
4238 56 78 134 -0.164179 25
4239 67 35 102 0.313725 31
4240 82 42 124 0.322581 30
4241 6 106 112 -0.892857 17
4242 6 78 84 -0.857143 17
4243 81 34 115 0.408696 29
4244 9 143 152 -0.881579 19
4245 14 129 143 -0.804196 27
4246 22 73 95 -0.536842 27
4247 108 5 113 0.911504 19
4248 22 105 127 -0.653543 28
4249 66 36 102 0.294118 30
4250 66 52 118 0.118644 29
4251 15 101 116 -0.741379 26
4252 12 92 104 -0.769231 25
4253 56 27 83 0.349398 24
4254 41 59 100 -0.18 26
4255 46 59 105 -0.12381 29
4256 14 95 109 -0.743119 27
4257 74 26 100 0.48 28
4258 49 28 77 0.272727 25
4259 78 30 108 0.444444 20
4260 14 74 88 -0.681818 27
4261 51 68 119 -0.142857 24
4262 15 62 77 -0.61039 24
4263 8 117 125 -0.872 21
4264 11 92 103 -0.786408 18
4265 71 21 92 0.543478 26
4266 64 32 96 0.333333 25
4267 70 46 116 0.206897 32
4268 83 22 105 0.580952 25
4269 58 39 97 0.195876 32
4270 81 28 109 0.486239 29
4271 67 41 108 0.240741 29
4272 66 8 74 0.783784 23
4273 8 79 87 -0.816092 20
4274 43 51 94 -0.0851064 28
4275 111 4 115 0.930435 22
4276 110 18 128 0.71875 23
4277 107 25 132 0.621212 29
4278 63 52 115 0.0956522 26
4279 15 60 75 -0.6 23
4280 91 11 102 0.784314 21
4281 103 9 112 0.839286 25
4282 83 12 95 0.747368 24
4283 87 27 114 0.526316 23
4284 36 93 129 -0.44186 31
4285 69 41 110 0.254545 29
4286 59 63 122 -0.0327869 27
4287 31 82 113 -0.451327 33
4288 25 121 146 -0.657534 27
4289 69 28 97 0.42268 28
4290 29 117 146 -0.60274 26
4291 135 17 152 0.776316 29
4292 20 90 110 -0.636364 30
4293 83 15 98 0.693878 25
4294 73 39 112 0.303571 31
4295 102 19 121 0.68595 22
4296 5 136 141 -0.929078 20
4297 83 25 108 0.537037 28
4298 118 16 134 0.761194 22
4299 36 71 107 -0.327103 27
4300 15 53 68 -0.558824 22
4301 74 4 78 0.897436 18
4302 66 40 106 0.245283 30
4303 10 84 94 -0.787234 23
4304 86 29 115 0.495652 25
4305 66 39 105 0.257143 28
4306 46 62 108 -0.148148 31
4307 47 60 107 -0.121495 30
4308 82 15 97 0.690722 27
4309 82 17 99 0.656566 28
4310 50 59 109 -0.0825688 26
4311 122 7 129 0.891473 21
4312 59 45 104 0.134615 27
4313 83 28 111 0.495495 27
4314 130 5 135 0.925926 23
4315 20 67 87 -0.54023 21
4316 13 76 89 -0.707865 25
4317 124 10 134 0.850746 27
4318 62 9 71 0.746479 20
4319 49 46 95 0.0315789 26
4320 71 19 90 0.577778 19
4321 116 2 118 0.966102 20
4322 68 22 90 0.511111 27
4323 46 40 86 0.0697674 26
4324 96 4 100 0.92 23
4325 25 91 116 -0.568966 25
4326 91 42 133 0.368421 28
4327 83 7 90 0.844444 23
4328 72 40 112 0.285714 26
4329 46 85 131 -0.29771 32
4330 14 100 114 -0.754386 24
4331 71 49 120 0.183333 30
4332 16 87 103 -0.68932 17
4333 8 138 146 -0.890411 19
4334 124 7 131 0.89313 24
4335 87 24 111 0.567568 27
4336 30 105 135 -0.555556 27
4337 33 66 99 -0.333333 23
4338 45 38 83 0.0843373 27
4339 86 23 109 0.577982 29
4340 4 97 101 -0.920792 23
4341 65 12 77 0.688312 26
4342 99 5 104 0.903846 21
4343 12 80 92 -0.73913 26
4344 130 3 133 0.954887 21
4345 18 73 91 -0.604396 29
4346 6 147 153 -0.921569 19
4347 79 9 88 0.795455 20
4348 60 47 107 0.121495 29
4349 51 57 108 -0.0555556 28
4350 32 59 91 -0.296703 25
4351 102 22 124 0.645161 26
4352 34 81 115 -0.408696 30
4353 90 16 106 0.698113 25
4354 53 44 97 0.0927835 32
4355 9 143 152 -0.881579 25
4356 23 53 76 -0.394737 32
4357 17 64 81 -0.580247 25
4358 27 70 97 -0.443299 28
4359 48 56 104 -0.0769231 33
4360 101 17 118 0.711864 25
4361 81 37 118 0.372881 26
4362 62 43 105 0.180952 31
4363 69 14 83 0.662651 29
4364 54 42 96 0.125 23
4365 21 81 102 -0.588235 29
4366 42 66 108 -0.222222 29
4367 4 98 102 -0.921569 21
4368 24 49 73 -0.342466 18
4369 28 57 85 -0.341176 23
4370 81 25 106 0.528302 24
4371 55 49 104 0.0576923 32
4372 15 75 90 -0.666667 26
4373 79 17 96 0.645833 26
4374 51 82 133 -0.233083 29
4375 39 63 102 -0.235294 30
4376 79 14 93 0.698925 27
4377 34 65 99 -0.313131 29
4378 77 30 107 0.439252 30
4379 41 50 91 -0.0989011 25
4380 27 70 97 -0.443299 30
4381 68 32 100 0.36 27
4382 4 0 4 1 2
4383 27 58 85 -0.364706 25
4384 8 98 106 -0.849057 23
4385 46 19 65 0.415385 29
4386 107 8 115 0.86087 24
4387 19 93 112 -0.660714 27
4388 101 23 124 0.629032 30
4389 35 66 101 -0.306931 29
4390 47 33 80 0.175 31
4391 69 12 81 0.703704 22
4392 50 7 57 0.754386 22
4393 81 18 99 0.636364 24
4394 22 64 86 -0.488372 25
4395 15 97 112 -0.732143 23
4396 124 16 140 0.771429 21
4397 12 91 103 -0.76699 27
4398 46 54 100 -0.08 29
4399 132 4 136 0.941176 22
4400 30 46 76 -0.210526 22
4401 30 55 85 -0.294118 25
4402 59 70 129 -0.0852713 37
4403 65 51 116 0.12069 26
4404 60 44 104 0.153846 31
4405 73 52 125 0.168 28
4406 15 84 99 -0.69697 27
4407 43 63 106 -0.188679 29
4408 30 59 89 -0.325843 31
4409 34 85 119 -0.428571 28
4410 6 60 66 -0.818182 17
4411 81 31 112 0.446429 26
4412 38 70 108 -0.296296 27
4413 84 17 101 0.663366 32
4414 7 81 88 -0.840909 22
4415 112 15 127 0.76378 25
4416 106 25 131 0.618321 28
4417 25 95 120 -0.583333 27
4418 93 23 116 0.603448 29
4419 105 9 114 0.842105 24
4420 51 41 92 0.108696 30
4421 43 43 86 0 31
4422 117 3 120 0.95 16
4423 45 72 117 -0.230769 29
4424 82 41 123 0.333333 33
4425 82 12 94 0.744681 27
4426 77 16 93 0.655914 31
4427 41 79 120 -0.316667 29
4428 117 7 124 0.887097 14
4429 120 9 129 0.860465 24
4430 38 74 112 -0.321429 34
4431 28 57 85 -0.341176 29
4432 14 24 38 -0.263158 20
4433 61 60 121 0.00826446 32
4434 75 52 127 0.181102 34
4435 115 14 129 0.782946 24
4436 70 25 95 0.473684 27
4437 16 108 124 -0.741935 24
4438 49 41 90 0.0888889 34
4439 27 42 69 -0.217391 22
4440 112 13 125 0.792 26
4441 9 68 77 -0.766234 20
4442 74 19 93 0.591398 21
4443 38 15 53 0.433962 18
4444 91 24 115 0.582609 23
4445 67 18 85 0.576471 23
4446 78 35 113 0.380531 31
4447 116 22 138 0.681159 32
4448 6 194 200 -0.94 22
4449 46 61 107 -0.140187 29
4450 24 107 131 -0.633588 26
4451 33 46 79 -0.164557 28
4452 92 19 111 0.657658 18
4453 40 42 82 -0.0243902 27
4454 38 60 98 -0.22449 25
4455 91 10 101 0.80198 26
4456 69 20 89 0.550562 23
4457 105 24 129 0.627907 32
4458 23 62 85 -0.458824 27
4459 46 54 100 -0.08 32
4460 54 42 96 0.125 32
4461 9 106 115 -0.843478 20
4462 48 43 91 0.0549451 27
4463 122 24 146 0.671233 31
4464 135 7 142 0.901408 20
4465 105 9 114 0.842105 25
4466 1 127 128 -0.984375 8
4467 60 58 118 0.0169492 34
4468 57 52 109 0.0458716 32
4469 82 15 97 0.690722 25
4470 88 40 128 0.375 32
4471 71 33 104 0.365385 27
4472 35 75 110 -0.363636 30
4473 44 38 82 0.0731707 31
4474 20 74 94 -0.574468 23
4475 34 38 72 -0.0555556 25
4476 75 22 97 0.546392 30
4477 135 6 141 0.914894 24
4478 43 53 96 -0.104167 25
4479 33 65 98 -0.326531 29
4480 49 42 91 0.0769231 25
4481 22 55 77 -0.428571 23
4482 15 85 100 -0.7 26
4483 14 101 115 -0.756522 23
4484 35 54 89 -0.213483 26
4485 92 25 117 0.57265 26
4486 49 50 99 -0.010101 24
4487 8 141 149 -0.892617 17
4488 114 11 125 0.824 26
4489 13 87 100 -0.74 21
4490 11 91 102 -0.784314 24
4491 20 88 108 -0.62963 24
4492 37 93 130 -0.430769 30
4493 58 21 79 0.468354 19
4494 42 72 114 -0.263158 30
4495 103 16 119 0.731092 23
4496 13 94 107 -0.757009 25
4497 86 6 92 0.869565 22
4498 38 74 112 -0.321429 30
4499 54 58 112 -0.0357143 31
4500 39 49 88 -0.113636 25
4501 30 45 75 -0.2 29
4502 37 51 88 -0.159091 22
4503 33 77 110 -0.4 30
4504 28 61 89 -0.370787 28
4505 3 131 134 -0.955224 18
4506 48 45 93 0.0322581 32
4507 79 14 93 0.698925 27
4508 25 88 113 -0.557522 23
4509 114 12 126 0.809524 24
4510 24 78 102 -0.529412 25
4511 13 94 107 -0.757009 24
4512 65 25 90 0.444444 27
4513 77 49 126 0.222222 27
4514 32 44 76 -0.157895 28
4515 59 41 100 0.18 32
4516 4 102 106 -0.924528 19
4517 20 133 153 -0.738562 24
4518 113 25 138 0.637681 29
4519 121 17 138 0.753623 25
4520 20 98 118 -0.661017 23
4521 27 74 101 -0.465347 32
4522 2 123 125 -0.968 19
4523 10 103 113 -0.823009 26
4524 10 143 153 -0.869281 25
4525 97 32 129 0.503876 31
4526 68 26 94 0.446809 23
4527 49 61 110 -0.109091 27
4528 71 21 92 0.543478 31
4529 2 113 115 -0.965217 21
4530 124 18 142 0.746479 28
4531 92 10 102 0.803922 21
4532 46 42 88 0.0454545 26
4533 40 81 121 -0.338843 26
4534 77 37 114 0.350877 32
4535 49 64 113 -0.132743 29
4536 26 62 88 -0.409091 25
4537 18 61 79 -0.544304 23
4538 38 58 96 -0.208333 30
4539 83 4 87 0.908046 22
4540 8 91 99 -0.838384 23
4541 27 68 95 -0.431579 29
4542 9 76 85 -0.788235 26
4543 11 111 122 -0.819672 27
4544 62 57 119 0.0420168 33
4545 76 54 130 0.169231 30
4546 84 37 121 0.38843 30
4547 69 22 91 0.516484 26
4548 59 46 105 0.12381 27
4549 49 55 104 -0.0576923 27
4550 68 46 114 0.192982 31
4551 62 27 89 0.393258 25
4552 40 77 117 -0.316239 24
4553 31 94 125 -0.504 31
4554 24 80 104 -0.538462 28
4555 126 11 137 0.839416 23
4556 110 10 120 0.833333 25
4557 92 43 135 0.362963 28
4558 22 109 131 -0.664122 27
4559 51 31 82 0.243902 29
4560 61 29 90 0.355556 27
4561 25 80 105 -0.52381 33
4562 90 18 108 0.666667 26
4563 38 95 133 -0.428571 31
4564 27 107 134 -0.597015 34
4565 94 6 100 0.88 25
4566 5 91 96 -0.895833 21
4567 5 59 64 -0.84375 18
4568 57 55 112 0.0178571 27
4569 55 51 106 0.0377358 24
4570 18 60 78 -0.538462 24
4571 8 110 118 -0.864407 23
4572 36 54 90 -0.2 30
4573 18 65 83 -0.566265 27
4574 24 99 123 -0.609756 26
4575 97 4 101 0.920792 22
4576 88 33 121 0.454545 30
4577 38 52 90 -0.155556 31
4578 14 147 161 -0.826087 23
4579 42 68 110 -0.236364 29
4580 36 54 90 -0.2 23
4581 22 84 106 -0.584906 28
4582 6 122 128 -0.90625 23
4583 11 51 62 -0.645161 20
4584 68 26 94 0.446809 20
4585 1 82 83 -0.975904 12
4586 77 69 146 0.0547945 34
4587 38 97 135 -0.437037 23
4588 82 40 122 0.344262 29
4589 31 95 126 -0.507937 31
4590 6 111 117 -0.897436 22
4591 60 42 102 0.176471 32
4592 101 3 104 0.942308 20
4593 96 31 127 0.511811 28
4594 30 55 85 -0.294118 31
4595 52 42 94 0.106383 27
4596 68 53 121 0.123967 32
4597 106 2 108 0.962963 13
4598 105 23 128 0.640625 25
4599 25 54 79 -0.367089 24
4600 93 33 126 0.47619 34
4601 113 8 121 0.867769 15
4602 54 39 93 0.16129 33
4603 29 46 75 -0.226667 28
4604 96 7 103 0.864078 22
4605 31 69 100 -0.38 29
4606 36 51 87 -0.172414 32
4607 62 43 105 0.180952 31
4608 56 44 100 0.12 32
4609 8 75 83 -0.807229 11
4610 108 14 122 0.770492 25
4611 4 79 83 -0.903614 21
4612 46 55 101 -0.0891089 31
4613 94 24 118 0.59322 25
4614 44 61 105 -0.161905 28
4615 17 106 123 -0.723577 30
4616 19 84 103 -0.631068 31
4617 47 48 95 -0.0105263 20
4618 37 74 111 -0.333333 31
4619 8 104 112 -0.857143 24
4620 65 59 124 0.0483871 21
4621 4 107 111 -0.927928 16
4622 93 18 111 0.675676 30
4623 94 4 98 0.918367 22
4624 75 27 102 0.470588 27
4625 5 57 62 -0.83871 22
4626 29 73 102 -0.431373 22
4627 10 73 83 -0.759036 27
4628 50 49 99 0.010101 32
4629 25 4 29 0.724138 17
4630 112 3 115 0.947826 19
4631 65 45 110 0.181818 25
4632 49 46 95 0.0315789 26
4633 31 95 126 -0.507937 19
4634 76 28 104 0.461538 27
4635 57 35 92 0.23913 30
4636 8 105 113 -0.858407 23
4637 122 10 132 0.848485 27
4638 53 32 85 0.247059 28
4639 26 88 114 -0.54386 29
4640 32 52 84 -0.238095 26
4641 47 35 82 0.146341 22
4642 42 53 95 -0.115789 29
4643 49 51 100 -0.02 30
4644 63 64 127 -0.00787402 27
4645 21 83 104 -0.596154 30
4646 52 72 124 -0.16129 27
4647 12 121 133 -0.819549 28
4648 62 21 83 0.493976 24
4649 76 27 103 0.475728 22
4650 74 40 114 0.298246 30
4651 71 24 95 0.494737 28
4652 71 46 117 0.213675 27
4653 87 33 120 0.45 28
4654 50 60 110 -0.0909091 24
4655 19 59 78 -0.512821 26
4656 29 92 121 -0.520661 28
4657 50 47 97 0.0309278 33
4658 92 27 119 0.546218 25
4659 66 18 84 0.571429 21
4660 1 121 122 -0.983607 18
4661 28 63 91 -0.384615 25
4662 9 141 150 -0.88 20
4663 15 109 124 -0.758065 23
4664 17 114 131 -0.740458 23
4665 37 58 95 -0.221053 28
4666 87 34 121 0.438017 30
4667 10 70 80 -0.75 19
4668 27 69 96 -0.4375 26
4669 40 72 112 -0.285714 27
4670 73 14 87 0.678161 20
4671 62 48 110 0.127273 28
4672 29 65 94 -0.382979 30
4673 123 5 128 0.921875 21
4674 57 35 92 0.23913 32
4675 4 149 153 -0.947712 15
4676 35 78 113 -0.380531 33
4677 81 27 108 0.5 26
4678 23 44 67 -0.313433 32
4679 108 21 129 0.674419 28
4680 4 123 127 -0.937008 17
4681 34 38 72 -0.0555556 24
4682 18 103 121 -0.702479 27
4683 83 24 107 0.551402 27
4684 53 34 87 0.218391 28
4685 12 89 101 -0.762376 25
4686 59 12 71 0.661972 23
4687 100 14 114 0.754386 24
4688 44 52 96 -0.0833333 25
4689 47 53 100 -0.06 28
4690 5 87 92 -0.891304 22
4691 53 51 104 0.0192308 29
4692 68 39 107 0.271028 26
4693 26 109 135 -0.614815 30
4694 72 32 104 0.384615 30
4695 54 41 95 0.136842 26
4696 116 9 125 0.856 13
4697 18 89 107 -0.663551 27
4698 42 53 95 -0.115789 26
4699 60 34 94 0.276596 32
4700 122 2 124 0.967742 18
4701 4 147 151 -0.94702 14
4702 96 6 102 0.882353 25
4703 13 30 43 -0.395349 20
4704 52 19 71 0.464789 18
4705 57 50 107 0.0654206 27
4706 17 109 126 -0.730159 30
4707 93 17 110 0.690909 25
4708 116 14 130 0.784615 27
4709 79 21 100 0.58 31
4710 53 61 114 -0.0701754 29
4711 86 17 103 0.669903 29
4712 53 69 122 -0.131148 29
4713 30 66 96 -0.375 27
4714 56 49 105 0.0666667 28
4715 51 55 106 -0.0377358 25
4716 14 121 135 -0.792593 26
4717 13 92 105 -0.752381 27
4718 24 85 109 -0.559633 25
4719 58 22 80 0.45 23
4720 22 44 66 -0.333333 26
4721 75 9 84 0.785714 25
4722 103 27 130 0.584615 29
4723 68 38 106 0.283019 27
4724 68 35 103 0.320388 31
4725 33 55 88 -0.25 28
4726 81 67 148 0.0945946 37
4727 67 46 113 0.185841 26
4728 67 46 113 0.185841 31
4729 49 52 101 -0.029703 29
4730 44 80 124 -0.290323 24
4731 28 55 83 -0.325301 24
4732 61 28 89 0.370787 26
4733 84 36 120 0.4 27
4734 28 54 82 -0.317073 24
4735 5 97 102 -0.901961 21
4736 25 88 113 -0.557522 29
4737 7 34 41 -0.658537 23
4738 113 14 127 0.779528 23
4739 34 51 85 -0.2 30
4740 65 41 106 0.226415 30
4741 37 80 117 -0.367521 31
4742 17 103 120 -0.716667 18
4743 28 41 69 -0.188406 26
4744 97 7 104 0.865385 20
4745 51 31 82 0.243902 24
4746 54 30 84 0.285714 29
4747 128 10 138 0.855072 23
4748 74 36 110 0.345455 31
4749 121 16 137 0.766423 28
4750 20 68 88 -0.545455 28
4751 68 17 85 0.6 27
4752 36 51 87 -0.172414 30
4753 18 76 94 -0.617021 20
4754 49 64 113 -0.132743 34
4755 24 49 73 -0.342466 24
4756 111 36 147 0.510204 29
4757 37 102 139 -0.467626 31
4758 34 58 92 -0.26087 29
4759 18 89 107 -0.663551 30
4760 25 78 103 -0.514563 33
4761 49 53 102 -0.0392157 28
4762 27 95 122 -0.557377 27
4763 33 40 73 -0.0958904 23
4764 60 43 103 0.165049 27
4765 1 109 110 -0.981818 18
4766 14 130 144 -0.805556 25
4767 83 18 101 0.643564 28
4768 19 82 101 -0.623762 28
4769 53 32 85 0.247059 20
4770 34 62 96 -0.291667 29
4771 57 16 73 0.561644 27
4772 77 16 93 0.655914 29
4773 38 61 99 -0.232323 27
4774 87 21 108 0.611111 30
4775 57 9 66 0.727273 23
4776 53 32 85 0.247059 32
4777 30 86 116 -0.482759 26
4778 71 30 101 0.405941 22
4779 8 95 103 -0.84466 26
4780 37 79 116 -0.362069 25
4781 27 80 107 -0.495327 28
4782 67 45 112 0.196429 35
4783 84 7 91 0.846154 22
4784 66 30 96 0.375 25
4785 68 28 96 0.416667 25
4786 66 49 115 0.147826 32
4787 13 36 49 -0.469388 23
4788 115 23 138 0.666667 19
4789 18 22 40 -0.1 16
4790 72 29 101 0.425743 27
4791 55 47 102 0.0784314 29
4792 61 39 100 0.22 22
4793 41 51 92 -0.108696 30
4794 25 94 119 -0.579832 28
4795 45 60 105 -0.142857 30
4796 37 56 93 -0.204301 21
4797 15 55 70 -0.571429 25
4798 21 82 103 -0.592233 29
4799 22 75 97 -0.546392 24
4800 82 21 103 0.592233 23
4801 81 32 113 0.433628 26
4802 80 26 106 0.509434 22
4803 59 37 96 0.229167 28
4804 38 53 91 -0.164835 31
4805 44 67 111 -0.207207 25
4806 94 23 117 0.606838 24
4807 18 105 123 -0.707317 24
4808 66 55 121 0.0909091 36
4809 71 12 83 0.710843 25
4810 65 45 110 0.181818 24
4811 33 75 108 -0.388889 29
4812 40 59 99 -0.191919 28
4813 119 11 130 0.830769 25
4814 68 53 121 0.123967 30
4815 34 71 105 -0.352381 27
4816 17 99 116 -0.706897 28
4817 171 11 182 0.879121 24
4818 19 108 127 -0.700787 30
4819 6 126 132 -0.909091 21
4820 3 139 142 -0.957746 14
4821 76 16 92 0.652174 24
4822 93 32 125 0.488 26
4823 56 41 97 0.154639 20
4824 23 110 133 -0.654135 21
4825 25 81 106 -0.528302 29
4826 107 2 109 0.963303 20
4827 76 11 87 0.747126 20
4828 41 53 94 -0.12766 24
4829 66 44 110 0.2 31
4830 99 0 99 1 2
4831 58 13 71 0.633803 25
4832 113 21 134 0.686567 31
4833 71 42 113 0.256637 27
4834 89 23 112 0.589286 22
4835 71 9 80 0.775 20
4836 23 73 96 -0.520833 29
4837 2 126 128 -0.96875 20
4838 54 68 122 -0.114754 31
4839 51 46 97 0.0515464 31
4840 92 27 119 0.546218 31
4841 73 42 115 0.269565 30
4842 32 57 89 -0.280899 26
4843 38 57 95 -0.2 25
4844 16 18 34 -0.0588235 17
4845 31 65 96 -0.354167 31
4846 85 17 102 0.666667 28
4847 20 73 93 -0.569892 29
4848 44 90 134 -0.343284 29
4849 15 92 107 -0.719626 26
4850 49 42 91 0.0769231 29
4851 29 83 112 -0.482143 26
4852 34 45 79 -0.139241 23
4853 75 22 97 0.546392 29
4854 121 6 127 0.905512 21
4855 74 32 106 0.396226 30
4856 14 90 104 -0.730769 20
4857 21 86 107 -0.607477 24
4858 57 39 96 0.1875 31
4859 8 93 101 -0.841584 24
4860 17 78 95 -0.642105 25
4861 24 105 129 -0.627907 28
4862 76 3 79 0.924051 19
4863 21 83 104 -0.596154 25
4864 51 65 116 -0.12069 31
4865 92 44 136 0.352941 25
4866 47 62 109 -0.137615 29
4867 46 58 104 -0.115385 30
4868 27 68 95 -0.431579 27
4869 19 98 117 -0.675214 28
4870 47 33 80 0.175 27
4871 45 65 110 -0.181818 28
4872 74 15 89 0.662921 22
4873 57 60 117 -0.025641 24
4874 7 101 108 -0.87037 23
4875 20 86 106 -0.622642 26
4876 25 65 90 -0.444444 25
4877 28 41 69 -0.188406 24
4878 132 7 139 0.899281 25
4879 82 34 116 0.413793 30
4880 31 64 95 -0.347368 27
4881 56 62 118 -0.0508475 33
4882 49 55 104 -0.0576923 24
4883 9 126 135 -0.866667 26
4884 59 45 104 0.134615 28
4885 7 104 111 -0.873874 24
4886 43 66 109 -0.211009 30
4887 52 47 99 0.0505051 22
4888 67 39 106 0.264151 27
4889 75 28 103 0.456311 28
4890 53 31 84 0.261905 23
4891 88 22 110 0.6 27
4892 75 37 112 0.339286 33
4893 58 39 97 0.195876 26
4894 13 101 114 -0.77193 27
4895 8 92 100 -0.84 16
4896 48 61 109 -0.119266 24
4897 37 61 98 -0.244898 26
4898 134 4 138 0.942029 15
4899 15 109 124 -0.758065 26
4900 83 32 115 0.443478 28
4901 61 41 102 0.196078 27
4902 59 45 104 0.134615 29
4903 83 29 112 0.482143 27
4904 11 95 106 -0.792453 26
4905 30 58 88 -0.318182 25
4906 69 37 106 0.301887 30
4907 72 15 87 0.655172 22
4908 43 51 94 -0.0851064 23
4909 85 11 96 0.770833 25
4910 20 85 105 -0.619048 26
4911 46 70 116 -0.206897 31
4912 79 8 87 0.816092 23
4913 54 25 79 0.367089 27
4914 41 56 97 -0.154639 27
4915 98 29 127 0.543307 28
4916 46 91 137 -0.328467 26
4917 12 113 125 -0.808 26
4918 94 21 115 0.634783 29
4919 52 8 60 0.733333 18
4920 131 19 150 0.746667 31
4921 19 65 84 -0.547619 22
4922 6 104 110 -0.890909 23
4923 138 12 150 0.84 23
4924 12 132 144 -0.833333 19
4925 20 99 119 -0.663866 31
4926 43 37 80 0.075 23
4927 49 52 101 -0.029703 26
4928 13 94 107 -0.757009 26
4929 31 78 109 -0.431193 30
4930 129 6 135 0.911111 22
4931 34 68 102 -0.333333 27
4932 41 42 83 -0.0120482 27
4933 58 78 136 -0.147059 29
4934 130 13 143 0.818182 28
4935 45 53 98 -0.0816327 27
4936 78 37 115 0.356522 24
4937 67 43 110 0.218182 30
4938 100 13 113 0.769912 25
4939 45 66 111 -0.189189 24
4940 21 84 105 -0.6 26
4941 11 106 117 -0.811966 25
4942 126 3 129 0.953488 22
4943 38 68 106 -0.283019 30
4944 102 23 125 0.632 25
4945 52 48 100 0.04 32
4946 37 43 80 -0.075 28
4947 81 14 95 0.705263 30
4948 37 62 99 -0.252525 33
4949 28 89 117 -0.521368 28
4950 78 13 91 0.714286 26
4951 89 16 105 0.695238 28
4952 9 107 116 -0.844828 25
4953 55 43 98 0.122449 27
4954 15 89 104 -0.711538 26
4955 13 92 105 -0.752381 24
4956 16 86 102 -0.686275 21
4957 30 67 97 -0.381443 29
4958 28 77 105 -0.466667 26
4959 95 39 134 0.41791 29
4960 19 81 100 -0.62 27
4961 82 21 103 0.592233 31
4962 58 27 85 0.364706 31
4963 107 21 128 0.671875 27
4964 19 76 95 -0.6 27
4965 34 78 112 -0.392857 25
4966 114 20 134 0.701493 24
4967 90 4 94 0.914894 22
4968 127 17 144 0.763889 22
4969 101 21 122 0.655738 24
4970 54 50 104 0.0384615 30
4971 36 53 89 -0.191011 18
4972 41 71 112 -0.267857 34
4973 58 46 104 0.115385 29
4974 60 19 79 0.518987 26
4975 72 8 80 0.8 22
4976 23 72 95 -0.515789 25
4977 8 70 78 -0.794872 24
4978 65 41 106 0.226415 28
4979 60 48 108 0.111111 34
4980 94 10 104 0.807692 25
4981 65 43 108 0.203704 25
4982 72 43 115 0.252174 30
4983 3 120 123 -0.95122 20
4984 22 87 109 -0.59633 32
4985 52 36 88 0.181818 31
4986 47 49 96 -0.0208333 27
4987 41 87 128 -0.359375 29
4988 58 33 91 0.274725 31
4989 60 54 114 0.0526316 25
4990 32 52 84 -0.238095 23
4991 4 74 78 -0.897436 19
4992 81 33 114 0.421053 32
4993 73 59 132 0.106061 31
4994 123 7 130 0.892308 21
4995 7 108 115 -0.878261 24
4996 5 10 15 -0.333333 7
4997 5 83 88 -0.886364 23
4998 16 80 96 -0.666667 29
4999 97 32 129 0.503876 29
5000 86 8 94 0.829787 23
5001 11 69 80 -0.725 23
5002 48 56 104 -0.0769231 28
5003 51 65 116 -0.12069 31
5004 20 99 119 -0.663866 28
5005 23 69 92 -0.5 28
5006 13 126 139 -0.81295 23
5007 25 83 108 -0.537037 25
5008 51 51 102 0 26
5009 81 34 115 0.408696 30
5010 44 72 116 -0.241379 29
5011 33 97 130 -0.492308 29
5012 90 23 113 0.59292 25
5013 33 73 106 -0.377358 29
5014 15 139 154 -0.805195 30
5015 82 17 99 0.656566 23
5016 127 29 156 0.628205 30
5017 75 20 95 0.578947 25
5018 74 28 102 0.45098 30
5019 94 23 117 0.606838 26
5020 20 82 102 -0.607843 31
5021 11 124 135 -0.837037 25
5022 35 46 81 -0.135802 28
5023 40 74 114 -0.298246 25
5024 108 8 116 0.862069 23
5025 22 84 106 -0.584906 27
5026 141 9 150 0.88 24
5027 11 95 106 -0.792453 24
5028 20 111 131 -0.694656 27
5029 40 67 107 -0.252336 24
5030 104 17 121 0.719008 24
5031 66 12 78 0.692308 25
5032 27 94 121 -0.553719 29
5033 60 64 124 -0.0322581 28
5034 43 42 85 0.0117647 29
5035 41 64 105 -0.219048 27
5036 75 32 107 0.401869 29
5037 24 84 108 -0.555556 25
5038 20 86 106 -0.622642 26
5039 64 52 116 0.103448 33
5040 89 10 99 0.79798 27
5041 3 117 120 -0.95 21
5042 76 31 107 0.420561 27
5043 35 62 97 -0.278351 32
5044 55 39 94 0.170213 31
5045 13 90 103 -0.747573 23
5046 64 66 130 -0.0153846 32
5047 26 82 108 -0.518519 29
5048 163 3 166 0.963855 16
5049 46 66 112 -0.178571 33
5050 83 27 110 0.509091 30
5051 94 34 128 0.46875 25
5052 23 68 91 -0.494505 26
5053 54 59 113 -0.0442478 27
5054 20 90 110 -0.636364 23
5055 83 6 89 0.865169 25
5056 64 8 72 0.777778 23
5057 66 10 76 0.736842 26
5058 31 74 105 -0.409524 26
5059 31 47 78 -0.205128 22
5060 90 10 100 0.8 25
5061 93 25 118 0.576271 33
5062 60 46 106 0.132075 32
5063 47 62 109 -0.137615 27
5064 46 67 113 -0.185841 33
5065 75 10 85 0.764706 22
5066 52 50 102 0.0196078 31
5067 43 58 101 -0.148515 32
5068 89 27 116 0.534483 31
5069 54 40 94 0.148936 30
5070 90 20 110 0.636364 29
5071 43 85 128 -0.328125 32
5072 80 22 102 0.568627 24
5073 97 6 103 0.883495 24
5074 95 27 122 0.557377 29
5075 85 11 96 0.770833 27
5076 57 60 117 -0.025641 33
5077 96 23 119 0.613445 24
5078 34 60 94 -0.276596 29
5079 48 48 96 0 24
5080 22 80 102 -0.568627 28
5081 28 91 119 -0.529412 21
5082 23 107 130 -0.646154 22
5083 139 16 155 0.793548 26
5084 102 10 112 0.821429 23
5085 59 11 70 0.685714 25
5086 13 90 103 -0.747573 28
5087 5 126 131 -0.923664 22
5088 79 26 105 0.504762 26
5089 23 82 105 -0.561905 29
5090 0 121 121 -1 15
5091 39 65 104 -0.25 26
5092 13 85 98 -0.734694 23
5093 48 71 119 -0.193277 29
5094 23 64 87 -0.471264 23
5095 65 49 114 0.140351 30
5096 33 65 98 -0.326531 29
5097 43 57 100 -0.14 25
5098 62 40 102 0.215686 29
5099 12 102 114 -0.789474 21
5100 11 117 128 -0.828125 25
5101 30 102 132 -0.545455 30
5102 109 1 110 0.981818 15
5103 59 34 93 0.268817 30
5104 99 19 118 0.677966 25
5105 11 89 100 -0.78 23
5106 28 66 94 -0.404255 23
5107 33 78 111 -0.405405 30
5108 79 26 105 0.504762 27
5109 113 9 122 0.852459 24
5110 14 75 89 -0.685393 26
5111 116 15 131 0.770992 26
5112 35 53 88 -0.204545 33
5113 69 51 120 0.15 35
5114 28 74 102 -0.45098 26
5115 20 78 98 -0.591837 26
5116 61 55 116 0.0517241 29
5117 58 39 97 0.195876 25
5118 102 25 127 0.606299 34
5119 61 26 87 0.402299 31
5120 98 19 117 0.675214 26
5121 98 26 124 0.580645 27
5122 38 68 106 -0.283019 29
5123 87 17 104 0.673077 26
5124 20 65 85 -0.529412 28
5125 85 32 117 0.452991 32
5126 84 40 124 0.354839 33
5127 74 11 85 0.741176 24
5128 76 28 104 0.461538 31
5129 35 76 111 -0.369369 26
5130 152 5 157 0.936306 21
5131 37 12 49 0.510204 19
5132 42 68 110 -0.236364 29
5133 68 49 117 0.162393 31
5134 23 75 98 -0.530612 30
5135 54 44 98 0.102041 30
5136 43 86 129 -0.333333 31
5137 47 48 95 -0.0105263 28
5138 20 89 109 -0.633028 27
5139 9 69 78 -0.769231 21
5140 30 67 97 -0.381443 29
5141 2 33 35 -0.885714 17
5142 59 42 101 0.168317 25
5143 13 16 29 -0.103448 13
5144 49 56 105 -0.0666667 31
5145 4 131 135 -0.940741 19
5146 91 28 119 0.529412 26
5147 108 22 130 0.661538 30
5148 103 3 106 0.943396 18
5149 75 20 95 0.578947 30
5150 48 40 88 0.0909091 24
5151 44 66 110 -0.2 30
5152 63 27 90 0.4 24
5153 8 106 114 -0.859649 24
5154 4 136 140 -0.942857 22
5155 11 121 132 -0.833333 25
5156 12 96 108 -0.777778 19
5157 8 99 107 -0.850467 26
5158 55 66 121 -0.0909091 35
5159 85 37 122 0.393443 31
5160 53 49 102 0.0392157 28
5161 47 64 111 -0.153153 33
5162 98 10 108 0.814815 22
5163 37 74 111 -0.333333 32
5164 59 56 115 0.026087 31
5165 109 2 111 0.963964 21
5166 19 88 107 -0.64486 25
5167 59 38 97 0.216495 31
5168 121 5 126 0.920635 19
5169 96 10 106 0.811321 23
5170 6 8 14 -0.142857 8
5171 62 58 120 0.0333333 31
5172 27 56 83 -0.349398 21
5173 32 47 79 -0.189873 24
5174 24 54 78 -0.384615 24
5175 36 72 108 -0.333333 31
5176 26 90 116 -0.551724 28
5177 104 20 124 0.677419 28
5178 65 9 74 0.756757 24
5179 17 121 138 -0.753623 24
5180 38 70 108 -0.296296 26
5181 18 73 91 -0.604396 29
5182 7 105 112 -0.875 21
5183 42 78 120 -0.3 29
5184 109 15 124 0.758065 27
5185 53 23 76 0.394737 26
5186 12 105 117 -0.794872 25
5187 43 73 116 -0.258621 33
5188 60 46 106 0.132075 25
5189 32 86 118 -0.457627 34
5190 59 45 104 0.134615 30
5191 50 35 85 0.176471 27
5192 4 83 87 -0.908046 19
5193 127 9 136 0.867647 26
5194 115 22 137 0.678832 24
5195 64 51 115 0.113043 29
5196 84 27 111 0.513514 24
5197 25 66 91 -0.450549 27
5198 18 57 75 -0.52 21
5199 25 96 121 -0.586777 30
5200 44 59 103 -0.145631 33
5201 101 16 117 0.726496 19
5202 64 54 118 0.0847458 29
5203 8 114 122 -0.868852 20
5204 24 75 99 -0.515152 30
5205 47 59 106 -0.113208 28
5206 20 99 119 -0.663866 27
5207 76 30 106 0.433962 28
5208 2 140 142 -0.971831 19
5209 139 2 141 0.971631 20
5210 15 93 108 -0.722222 21
5211 73 34 107 0.364486 28
5212 77 16 93 0.655914 26
5213 80 13 93 0.72043 26
5214 90 33 123 0.463415 34
5215 72 34 106 0.358491 29
5216 60 60 120 0 31
5217 61 54 115 0.0608696 29
5218 148 10 158 0.873418 26
5219 65 34 99 0.313131 29
5220 23 103 126 -0.634921 30
5221 20 77 97 -0.587629 26
5222 60 25 85 0.411765 27
5223 85 26 111 0.531532 32
5224 56 51 107 0.046729 33
5225 112 23 135 0.659259 26
5226 91 35 126 0.444444 32
5227 40 17 57 0.403509 21
5228 65 49 114 0.140351 31
5229 43 87 130 -0.338462 32
5230 61 63 124 -0.016129 32
5231 71 41 112 0.267857 35
5232 43 59 102 -0.156863 26
5233 56 30 86 0.302326 29
5234 87 27 114 0.526316 28
5235 112 9 121 0.85124 22
5236 108 15 123 0.756098 21
5237 33 60 93 -0.290323 29
5238 39 54 93 -0.16129 30
5239 49 54 103 -0.0485437 26
5240 25 64 89 -0.438202 28
5241 89 13 102 0.745098 26
5242 57 58 115 -0.00869565 31
5243 4 103 107 -0.925234 18
5244 133 1 134 0.985075 11
5245 27 74 101 -0.465347 30
5246 40 77 117 -0.316239 31
5247 57 51 108 0.0555556 23
5248 50 24 74 0.351351 27
5249 71 20 91 0.56044 25
5250 125 27 152 0.644737 32
5251 29 74 103 -0.436893 27
5252 125 4 129 0.937984 20
5253 91 14 105 0.733333 24
5254 104 5 109 0.908257 19
5255 11 77 88 -0.75 22
5256 10 107 117 -0.82906 23
5257 62 43 105 0.180952 29
5258 112 9 121 0.85124 27
5259 113 16 129 0.751938 29
5260 81 37 118 0.372881 31
5261 106 11 117 0.811966 20
5262 64 50 114 0.122807 26
5263 56 35 91 0.230769 30
5264 53 44 97 0.0927835 30
5265 93 33 126 0.47619 31
5266 50 22 72 0.388889 23
5267 99 30 129 0.534884 29
5268 12 106 118 -0.79661 23
5269 13 52 65 -0.6 21
5270 52 65 117 -0.111111 36
5271 29 67 96 -0.395833 27
5272 46 41 87 0.0574713 31
5273 11 48 59 -0.627119 22
5274 26 114 140 -0.628571 30
5275 76 31 107 0.420561 28
5276 63 51 114 0.105263 33
5277 64 41 105 0.219048 26
5278 3 82 85 -0.929412 18
5279 63 26 89 0.41573 30
5280 72 38 110 0.309091 29
5281 64 57 121 0.0578512 32
5282 37 87 124 -0.403226 33
5283 111 7 118 0.881356 20
5284 22 94 116 -0.62069 31
5285 45 56 101 -0.108911 29
5286 111 9 120 0.85 25
5287 31 74 105 -0.409524 26
5288 66 38 104 0.269231 29
5289 45 46 91 -0.010989 27
5290 69 33 102 0.352941 34
5291 66 43 109 0.211009 32
5292 35 75 110 -0.363636 27
5293 111 25 136 0.632353 31
5294 3 137 140 -0.957143 19
5295 10 120 130 -0.846154 20
5296 95 1 96 0.979167 17
5297 103 18 121 0.702479 31
5298 43 99 142 -0.394366 31
5299 34 78 112 -0.392857 27
5300 85 16 101 0.683168 23
5301 89 18 107 0.663551 25
5302 5 98 103 -0.902913 20
5303 103 27 130 0.584615 24
5304 66 17 83 0.590361 26
5305 38 66 104 -0.269231 29
5306 9 97 106 -0.830189 23
5307 10 92 102 -0.803922 27
5308 78 17 95 0.642105 28
5309 74 23 97 0.525773 26
5310 4 115 119 -0.932773 21
5311 87 22 109 0.59633 30
5312 82 8 90 0.822222 25
5313 11 102 113 -0.80531 27
5314 107 9 116 0.844828 26
5315 96 38 134 0.432836 32
5316 59 33 92 0.282609 26
5317 14 76 90 -0.688889 24
5318 52 14 66 0.575758 23
5319 66 33 99 0.333333 26
5320 6 109 115 -0.895652 21
5321 31 65 96 -0.354167 23
5322 49 66 115 -0.147826 28
5323 116 8 124 0.870968 25
5324 97 9 106 0.830189 21
5325 26 48 74 -0.297297 28
5326 7 104 111 -0.873874 19
5327 5 94 99 -0.89899 20
5328 69 35 104 0.326923 23
5329 42 65 107 -0.214953 29
5330 9 101 110 -0.836364 21
5331 27 40 67 -0.19403 27
5332 12 79 91 -0.736264 24
5333 58 63 121 -0.0413223 30
5334 49 63 112 -0.125 29
5335 55 44 99 0.111111 25
5336 29 89 118 -0.508475 30
5337 44 51 95 -0.0736842 34
5338 54 52 106 0.0188679 31
5339 20 74 94 -0.574468 25
5340 147 6 153 0.921569 19
5341 12 141 153 -0.843137 21
5342 113 17 130 0.738462 27
5343 65 36 101 0.287129 32
5344 27 76 103 -0.475728 23
5345 2 84 86 -0.953488 19
5346 151 2 153 0.973856 12
5347 30 86 116 -0.482759 26
5348 61 45 106 0.150943 26
5349 69 46 115 0.2 33
5350 107 18 125 0.712 27
5351 62 47 109 0.137615 30
5352 63 35 98 0.285714 32
5353 46 62 108 -0.148148 30
5354 63 50 113 0.115044 30
5355 38 74 112 -0.321429 32
5356 4 103 107 -0.925234 23
5357 82 27 109 0.504587 25
5358 18 91 109 -0.669725 29
5359 55 50 105 0.047619 27
5360 59 21 80 0.475 27
5361 22 84 106 -0.584906 31
5362 38 65 103 -0.262136 31
5363 70 38 108 0.296296 27
5364 11 89 100 -0.78 17
5365 35 37 72 -0.0277778 26
5366 16 80 96 -0.666667 20
5367 91 20 111 0.63964 24
5368 73 49 122 0.196721 24
5369 69 34 103 0.339806 33
5370 106 11 117 0.811966 24
5371 61 36 97 0.257732 32
5372 12 44 56 -0.571429 14
5373 34 81 115 -0.408696 22
5374 86 21 107 0.607477 27
5375 64 69 133 -0.037594 30
5376 21 42 63 -0.333333 22
5377 143 3 146 0.958904 22
5378 41 73 114 -0.280702 30
5379 64 52 116 0.103448 31
5380 119 6 125 0.904 21
5381 101 25 126 0.603175 27
5382 19 80 99 -0.616162 23
5383 88 26 114 0.54386 28
5384 32 91 123 -0.479675 29
5385 90 17 107 0.682243 27
5386 108 11 119 0.815126 23
5387 66 53 119 0.109244 31
5388 99 6 105 0.885714 19
5389 37 62 99 -0.252525 25
5390 13 133 146 -0.821918 26
5391 51 50 101 0.00990099 31
5392 79 23 102 0.54902 28
5393 53 23 76 0.394737 27
5394 40 61 101 -0.207921 34
5395 6 90 96 -0.875 20
5396 19 42 61 -0.377049 26
5397 24 79 103 -0.533981 28
5398 92 31 123 0.495935 28
5399 112 14 126 0.777778 26
5400 50 58 108 -0.0740741 28
5401 29 81 110 -0.472727 33
5402 36 46 82 -0.121951 29
5403 23 88 111 -0.585586 24
5404 37 50 87 -0.149425 29
5405 75 48 123 0.219512 27
5406 7 45 52 -0.730769 18
5407 78 33 111 0.405405 31
5408 24 87 111 -0.567568 26
5409 28 115 143 -0.608392 27
5410 40 44 84 -0.047619 25
5411 27 79 106 -0.490566 29
5412 48 56 104 -0.0769231 34
5413 64 43 107 0.196262 26
5414 37 93 130 -0.430769 27
5415 41 51 92 -0.108696 29
5416 50 37 87 0.149425 28
5417 48 42 90 0.0666667 33
5418 71 34 105 0.352381 30
5419 9 129 138 -0.869565 21
5420 33 53 86 -0.232558 25
5421 42 42 84 0 29
5422 95 30 125 0.52 33
5423 135 12 147 0.836735 26
5424 12 106 118 -0.79661 29
5425 43 72 115 -0.252174 33
5426 49 33 82 0.195122 23
5427 22 80 102 -0.568627 24
5428 76 11 87 0.747126 17
5429 13 62 75 -0.653333 21
5430 81 20 101 0.60396 28
5431 69 31 100 0.38 28
5432 36 44 80 -0.1 28
5433 53 22 75 0.413333 31
5434 70 51 121 0.157025 31
5435 107 2 109 0.963303 20
5436 83 24 107 0.551402 30
5437 6 129 135 -0.911111 21
5438 14 107 121 -0.768595 28
5439 34 46 80 -0.15 25
5440 60 42 102 0.176471 27
5441 22 85 107 -0.588785 29
5442 8 95 103 -0.84466 25
5443 50 25 75 0.333333 30
5444 110 11 121 0.818182 21
5445 115 25 140 0.642857 24
5446 75 4 79 0.898734 22
5447 31 83 114 -0.45614 31
5448 88 16 104 0.692308 28
5449 58 37 95 0.221053 27
5450 107 7 114 0.877193 19
5451 20 94 114 -0.649123 20
5452 7 93 100 -0.86 24
5453 95 11 106 0.792453 25
5454 51 64 115 -0.113043 24
5455 8 115 123 -0.869919 22
5456 46 52 98 -0.0612245 32
5457 55 72 127 -0.133858 33
5458 63 7 70 0.8 22
5459 99 4 103 0.92233 20
5460 95 16 111 0.711712 25
5461 25 112 137 -0.635036 29
5462 62 3 65 0.907692 20
5463 9 106 115 -0.843478 21
5464 8 131 139 -0.884892 24
5465 62 32 94 0.319149 23
5466 10 89 99 -0.79798 22
5467 49 55 104 -0.0576923 28
5468 69 21 90 0.533333 24
5469 56 5 61 0.836066 17
5470 39 62 101 -0.227723 27
5471 55 68 123 -0.105691 31
5472 23 63 86 -0.465116 20
5473 97 8 105 0.847619 22
5474 140 12 152 0.842105 21
5475 68 51 119 0.142857 33
5476 84 49 133 0.263158 30
5477 67 23 90 0.488889 28
5478 63 29 92 0.369565 30
5479 115 2 117 0.965812 21
5480 25 114 139 -0.640288 28
5481 72 39 111 0.297297 32
5482 25 92 117 -0.57265 30
5483 50 60 110 -0.0909091 25
5484 103 23 126 0.634921 26
5485 45 59 104 -0.134615 29
5486 18 87 105 -0.657143 28
5487 16 96 112 -0.714286 30
5488 36 71 107 -0.327103 29
5489 67 29 96 0.395833 30
5490 17 56 73 -0.534247 27
5491 128 16 144 0.777778 29
5492 20 114 134 -0.701493 31
5493 67 47 114 0.175439 30
5494 79 38 117 0.350427 31
5495 30 61 91 -0.340659 23
5496 15 61 76 -0.605263 20
5497 10 86 96 -0.791667 28
5498 49 36 85 0.152941 26
5499 68 48 116 0.172414 29
5500 26 88 114 -0.54386 32
5501 37 80 117 -0.367521 27
5502 60 62 122 -0.0163934 33
5503 68 38 106 0.283019 24
5504 3 215 218 -0.972477 11
5505 6 94 100 -0.88 23
5506 97 16 113 0.716814 27
5507 14 60 74 -0.621622 28
5508 15 100 115 -0.73913 25
5509 13 111 124 -0.790323 27
5510 68 29 97 0.402062 29
5511 43 70 113 -0.238938 31
5512 78 27 105 0.485714 29
5513 50 51 101 -0.00990099 22
5514 30 70 100 -0.4 29
5515 77 38 115 0.33913 24
5516 41 48 89 -0.0786517 21
5517 15 85 100 -0.7 24
5518 25 70 95 -0.473684 22
5519 11 115 126 -0.825397 26
5520 86 28 114 0.508772 26
5521 66 54 120 0.1 33
5522 122 12 134 0.820896 24
5523 69 39 108 0.277778 28
5524 59 28 87 0.356322 33
5525 123 3 126 0.952381 20
5526 94 7 101 0.861386 19
5527 3 97 100 -0.94 21
5528 6 99 105 -0.885714 19
5529 6 116 122 -0.901639 19
5530 14 108 122 -0.770492 28
5531 94 42 136 0.382353 34
5532 128 12 140 0.828571 23
5533 45 75 120 -0.25 31
5534 13 92 105 -0.752381 16
5535 109 8 117 0.863248 24
5536 39 82 121 -0.355372 30
5537 12 75 87 -0.724138 24
5538 93 30 123 0.512195 29
5539 47 23 70 0.342857 27
5540 79 14 93 0.698925 29
5541 18 72 90 -0.6 20
5542 63 46 109 0.155963 33
5543 44 49 93 -0.0537634 28
5544 45 35 80 0.125 21
5545 122 5 127 0.92126 18
5546 48 53 101 -0.049505 27
5547 80 31 111 0.441441 33
5548 33 45 78 -0.153846 23
5549 132 14 146 0.808219 28
5550 53 32 85 0.247059 28
5551 56 47 103 0.0873786 24
5552 7 66 73 -0.808219 23
5553 104 23 127 0.637795 26
5554 73 31 104 0.403846 27
5555 39 14 53 0.471698 23
5556 15 95 110 -0.727273 28
5557 42 97 139 -0.395683 30
5558 43 55 98 -0.122449 30
5559 86 9 95 0.810526 24
5560 136 9 145 0.875862 23
5561 21 49 70 -0.4 19
5562 70 24 94 0.489362 31
5563 9 95 104 -0.826923 23
5564 67 12 79 0.696203 22
5565 57 66 123 -0.0731707 31
5566 126 9 135 0.866667 26
5567 62 30 92 0.347826 27
5568 103 18 121 0.702479 22
5569 110 12 122 0.803279 18
5570 47 50 97 -0.0309278 28
5571 107 32 139 0.539568 30
5572 35 86 121 -0.421488 32
5573 37 42 79 -0.0632911 23
5574 13 71 84 -0.690476 25
5575 14 107 121 -0.768595 28
5576 85 36 121 0.404959 28
5577 88 6 94 0.87234 22
5578 51 49 100 0.02 25
5579 112 17 129 0.736434 28
5580 51 44 95 0.0736842 27
5581 60 55 115 0.0434783 27
5582 111 41 152 0.460526 22
5583 63 19 82 0.536585 24
5584 101 31 132 0.530303 28
5585 38 53 91 -0.164835 27
5586 101 22 123 0.642276 21
5587 63 10 73 0.726027 21
5588 60 54 114 0.0526316 23
5589 132 7 139 0.899281 23
5590 10 76 86 -0.767442 26
5591 94 12 106 0.773585 26
5592 91 36 127 0.433071 24
5593 32 80 112 -0.428571 24
5594 27 108 135 -0.6 30
5595 21 53 74 -0.432432 23
5596 95 21 116 0.637931 28
5597 75 15 90 0.666667 20
5598 62 11 73 0.69863 24
5599 15 58 73 -0.589041 26
5600 30 77 107 -0.439252 33
5601 148 12 160 0.85 23
5602 42 77 119 -0.294118 26
5603 69 46 115 0.2 31
5604 32 53 85 -0.247059 27
5605 112 6 118 0.898305 17
5606 116 20 136 0.705882 27
5607 102 3 105 0.942857 20
5608 110 11 121 0.818182 25
5609 63 37 100 0.26 30
5610 14 138 152 -0.815789 22
5611 57 71 128 -0.109375 29
5612 26 65 91 -0.428571 26
5613 18 66 84 -0.571429 26
5614 70 50 120 0.166667 29
5615 24 80 104 -0.538462 24
5616 50 56 106 -0.0566038 33
5617 30 63 93 -0.354839 30
5618 49 41 90 0.0888889 27
5619 46 64 110 -0.163636 27
5620 32 80 112 -0.428571 30
5621 84 19 103 0.631068 29
5622 43 55 98 -0.122449 28
5623 5 91 96 -0.895833 21
5624 65 30 95 0.368421 22
5625 22 72 94 -0.531915 32
5626 52 47 99 0.0505051 26
5627 68 40 108 0.259259 29
5628 54 71 125 -0.136 33
5629 8 115 123 -0.869919 25
5630 3 152 155 -0.96129 18
5631 50 41 91 0.0989011 29
5632 31 62 93 -0.333333 24
5633 13 120 133 -0.804511 26
5634 60 52 112 0.0714286 28
5635 91 23 114 0.596491 26
5636 44 69 113 -0.221239 31
5637 84 43 127 0.322835 27
5638 55 60 115 -0.0434783 28
5639 29 24 53 0.0943396 24
5640 58 13 71 0.633803 14
5641 56 38 94 0.191489 27
5642 78 13 91 0.714286 22
5643 16 108 124 -0.741935 23
5644 12 105 117 -0.794872 25
5645 37 76 113 -0.345133 29
5646 49 41 90 0.0888889 28
5647 95 23 118 0.610169 28
5648 38 83 121 -0.371901 27
5649 101 15 116 0.741379 21
5650 56 49 105 0.0666667 32
5651 26 43 69 -0.246377 19
5652 51 26 77 0.324675 25
5653 70 37 107 0.308411 26
5654 75 6 81 0.851852 21
5655 95 35 130 0.461538 29
5656 28 101 129 -0.565891 23
5657 54 60 114 -0.0526316 34
5658 89 43 132 0.348485 27
5659 48 76 124 -0.225806 32
5660 49 44 93 0.0537634 28
5661 13 47 60 -0.566667 26
5662 53 16 69 0.536232 22
5663 10 103 113 -0.823009 26
5664 71 34 105 0.352381 29
5665 45 77 122 -0.262295 32
5666 41 34 75 0.0933333 29
5667 103 19 122 0.688525 27
5668 58 40 98 0.183673 29
5669 4 97 101 -0.920792 23
5670 55 48 103 0.0679612 27
5671 32 71 103 -0.378641 30
5672 75 23 98 0.530612 24
5673 95 37 132 0.439394 24
5674 96 14 110 0.745455 24
5675 33 67 100 -0.34 28
5676 67 31 98 0.367347 30
5677 52 58 110 -0.0545455 28
5678 49 61 110 -0.109091 30
5679 50 37 87 0.149425 29
5680 84 46 130 0.292308 35
5681 43 61 104 -0.173077 30
5682 21 58 79 -0.468354 26
5683 19 61 80 -0.525 20
5684 77 13 90 0.711111 25
5685 19 64 83 -0.542169 24
5686 20 71 91 -0.56044 19
5687 65 31 96 0.354167 28
5688 12 68 80 -0.7 25
5689 68 54 122 0.114754 27
5690 93 17 110 0.690909 25
5691 34 70 104 -0.346154 22
5692 1 72 73 -0.972603 17
5693 72 32 104 0.384615 29
5694 36 67 103 -0.300971 28
5695 55 50 105 0.047619 24
5696 165 4 169 0.952663 16
5697 26 63 89 -0.41573 28
5698 102 16 118 0.728814 29
5699 82 14 96 0.708333 26
5700 102 26 128 0.59375 26
5701 62 44 106 0.169811 24
5702 53 51 104 0.0192308 21
5703 100 17 117 0.709402 27
5704 9 79 88 -0.795455 20
5705 77 32 109 0.412844 28
5706 71 24 95 0.494737 31
5707 45 52 97 -0.0721649 28
5708 97 24 121 0.603306 23
5709 73 22 95 0.536842 25
5710 97 15 112 0.732143 27
5711 21 81 102 -0.588235 25
5712 65 31 96 0.354167 30
5713 110 8 118 0.864407 23
5714 12 87 99 -0.757576 25
5715 15 83 98 -0.693878 19
5716 63 20 83 0.518072 25
5717 17 79 96 -0.645833 27
5718 100 6 106 0.886792 23
5719 48 23 71 0.352113 26
5720 27 97 124 -0.564516 28
5721 120 8 128 0.875 26
5722 32 87 119 -0.462185 32
5723 98 8 106 0.849057 21
5724 13 121 134 -0.80597 25
5725 67 52 119 0.12605 31
5726 45 67 112 -0.196429 30
5727 35 95 130 -0.461538 28
5728 115 1 116 0.982759 19
5729 12 88 100 -0.76 22
5730 72 19 91 0.582418 24
5731 55 47 102 0.0784314 29
5732 124 19 143 0.734266 27
5733 35 69 104 -0.326923 32
5734 112 20 132 0.69697 29
5735 22 131 153 -0.712418 27
5736 47 45 92 0.0217391 23
5737 12 87 99 -0.757576 23
5738 18 79 97 -0.628866 25
5739 0 16 16 -1 10
5740 35 64 99 -0.292929 28
5741 53 22 75 0.413333 22
5742 143 6 149 0.919463 23
5743 33 48 81 -0.185185 30
5744 48 61 109 -0.119266 32
5745 74 30 104 0.423077 31
5746 16 89 105 -0.695238 23
5747 76 7 83 0.831325 19
5748 53 77 130 -0.184615 27
5749 74 7 81 0.82716 21
5750 74 36 110 0.345455 29
5751 48 63 111 -0.135135 26
5752 8 92 100 -0.84 23
5753 109 7 116 0.87931 26
5754 66 19 85 0.552941 24
5755 42 39 81 0.037037 30
5756 12 48 60 -0.6 24
5757 101 31 132 0.530303 31
5758 36 54 90 -0.2 27
5759 65 58 123 0.0569106 33
5760 57 48 105 0.0857143 35
5761 86 36 122 0.409836 25
5762 82 20 102 0.607843 25
5763 70 51 121 0.157025 28
5764 26 76 102 -0.490196 28
5765 19 52 71 -0.464789 28
5766 19 95 114 -0.666667 29
5767 40 83 123 -0.349593 24
5768 75 14 89 0.685393 25
5769 13 89 102 -0.745098 22
5770 32 88 120 -0.466667 33
5771 36 75 111 -0.351351 31
5772 40 77 117 -0.316239 32
5773 104 16 120 0.733333 24
5774 53 78 131 -0.19084 32
5775 111 12 123 0.804878 22
5776 72 26 98 0.469388 31
5777 88 4 92 0.913043 21
5778 32 84 116 -0.448276 32
5779 68 21 89 0.52809 25
5780 91 32 123 0.479675 33
5781 115 4 119 0.932773 22
5782 52 56 108 -0.037037 27
5783 11 122 133 -0.834586 22
5784 29 57 86 -0.325581 26
5785 140 5 145 0.931034 15
5786 77 40 117 0.316239 31
5787 76 19 95 0.6 29
5788 73 12 85 0.717647 21
5789 11 73 84 -0.738095 26
5790 3 117 120 -0.95 19
5791 33 50 83 -0.204819 24
5792 9 121 130 -0.861538 22
5793 102 10 112 0.821429 23
5794 65 26 91 0.428571 24
5795 8 126 134 -0.880597 19
5796 71 14 85 0.670588 26
5797 135 4 139 0.942446 15
5798 27 101 128 -0.578125 25
5799 25 44 69 -0.275362 23
5800 11 82 93 -0.763441 18
5801 9 157 166 -0.891566 22
5802 54 32 86 0.255814 29
5803 24 64 88 -0.454545 27
5804 49 61 110 -0.109091 28
5805 12 119 131 -0.816794 25
5806 33 85 118 -0.440678 30
5807 31 62 93 -0.333333 20
5808 169 15 184 0.836957 16
5809 53 68 121 -0.123967 29
5810 24 78 102 -0.529412 30
5811 50 53 103 -0.0291262 31
5812 87 34 121 0.438017 28
5813 7 96 103 -0.864078 16
5814 71 41 112 0.267857 29
5815 51 36 87 0.172414 33
5816 1 112 113 -0.982301 18
5817 39 100 139 -0.438849 26
5818 89 28 117 0.521368 26
5819 60 48 108 0.111111 28
5820 27 94 121 -0.553719 27
5821 40 76 116 -0.310345 27
5822 21 56 77 -0.454545 23
5823 91 39 130 0.4 34
5824 16 90 106 -0.698113 19
5825 36 107 143 -0.496503 27
5826 116 43 159 0.459119 33
5827 143 4 147 0.945578 19
5828 93 11 104 0.788462 25
5829 66 25 91 0.450549 26
5830 73 29 102 0.431373 28
5831 87 36 123 0.414634 32
5832 3 89 92 -0.934783 18
5833 30 73 103 -0.417476 27
5834 6 122 128 -0.90625 20
5835 55 44 99 0.111111 28
5836 91 20 111 0.63964 26
5837 55 39 94 0.170213 31
5838 68 12 80 0.7 22
5839 16 123 139 -0.769784 28
5840 52 22 74 0.405405 24
5841 41 62 103 -0.203883 29
5842 12 95 107 -0.775701 24
5843 41 62 103 -0.203883 28
5844 3 81 84 -0.928571 16
5845 38 66 104 -0.269231 29
5846 74 49 123 0.203252 27
5847 37 81 118 -0.372881 30
5848 88 36 124 0.419355 29
5849 71 64 135 0.0518519 38
5850 25 88 113 -0.557522 34
5851 40 45 85 -0.0588235 28
5852 90 7 97 0.85567 22
5853 31 52 83 -0.253012 28
5854 107 34 141 0.51773 16
5855 75 39 114 0.315789 28
5856 41 72 113 -0.274336 29
5857 14 62 76 -0.631579 27
5858 42 9 51 0.647059 18
5859 63 50 113 0.115044 28
5860 0 6 6 -1 4
5861 94 10 104 0.807692 25
5862 34 66 100 -0.32 28
5863 15 37 52 -0.423077 23
5864 120 15 135 0.777778 19
5865 39 30 69 0.130435 22
5866 54 37 91 0.186813 27
5867 89 46 135 0.318519 31
5868 91 37 128 0.421875 29
5869 32 100 132 -0.515152 30
5870 53 66 119 -0.109244 30
5871 100 12 112 0.785714 28
5872 144 1 145 0.986207 17
5873 5 163 168 -0.940476 23
5874 36 27 63 0.142857 29
5875 53 39 92 0.152174 25
5876 3 145 148 -0.959459 20
5877 13 96 109 -0.761468 27
5878 33 56 89 -0.258427 28
5879 18 105 123 -0.707317 26
5880 144 11 155 0.858065 28
5881 47 50 97 -0.0309278 30
5882 62 28 90 0.377778 29
5883 34 41 75 -0.0933333 23
5884 82 33 115 0.426087 27
5885 69 15 84 0.642857 23
5886 103 4 107 0.925234 15
5887 22 95 117 -0.623932 25
5888 57 52 109 0.0458716 35
5889 74 30 104 0.423077 30
5890 60 29 89 0.348315 29
5891 69 20 89 0.550562 29
5892 93 7 100 0.86 21
5893 61 70 131 -0.0687023 32
5894 84 40 124 0.354839 24
5895 14 76 90 -0.688889 24
5896 84 17 101 0.663366 26
5897 59 46 105 0.12381 30
5898 9 76 85 -0.788235 25
5899 32 54 86 -0.255814 30
5900 57 48 105 0.0857143 29
5901 12 120 132 -0.818182 25
5902 72 33 105 0.371429 26
5903 75 40 115 0.304348 23
5904 46 45 91 0.010989 26
5905 59 52 111 0.0630631 26
5906 85 27 112 0.517857 23
5907 50 51 101 -0.00990099 28
5908 72 25 97 0.484536 29
5909 28 72 100 -0.44 29
5910 48 37 85 0.129412 31
5911 52 40 92 0.130435 27
5912 37 88 125 -0.408 30
5913 56 46 102 0.0980392 33
5914 26 79 105 -0.504762 30
5915 29 110 139 -0.582734 25
5916 123 8 131 0.877863 19
5917 158 7 165 0.915152 24
5918 104 18 122 0.704918 31
5919 77 20 97 0.587629 27
5920 87 20 107 0.626168 26
5921 54 30 84 0.285714 27
5922 5 105 110 -0.909091 21
5923 32 33 65 -0.0153846 26
5924 107 5 112 0.910714 24
5925 25 84 109 -0.541284 29
5926 77 18 95 0.621053 28
5927 59 44 103 0.145631 28
5928 61 45 106 0.150943 33
5929 48 59 107 -0.102804 34
5930 14 16 30 -0.0666667 16
5931 73 22 95 0.536842 25
5932 87 25 112 0.553571 23
5933 38 63 101 -0.247525 29
5934 68 27 95 0.431579 30
5935 20 105 125 -0.68 26
5936 57 38 95 0.2 27
5937 29 63 92 -0.369565 24
5938 14 89 103 -0.728155 28
5939 53 53 106 0 25
5940 75 31 106 0.415094 17
5941 46 72 118 -0.220339 30
5942 7 97 104 -0.865385 22
5943 125 11 136 0.838235 23
5944 40 42 82 -0.0243902 29
5945 81 44 125 0.296 32
5946 94 10 104 0.807692 24
5947 5 129 134 -0.925373 22
5948 4 125 129 -0.937984 21
5949 76 5 81 0.876543 22
5950 17 87 104 -0.673077 28
5951 79 26 105 0.504762 24
5952 34 56 90 -0.244444 32
5953 91 19 110 0.654545 30
5954 42 64 106 -0.207547 29
5955 101 14 115 0.756522 26
5956 46 53 99 -0.0707071 28
5957 20 80 100 -0.6 23
5958 74 28 102 0.45098 29
5959 51 41 92 0.108696 24
5960 40 63 103 -0.223301 25
5961 32 68 100 -0.36 31
5962 78 5 83 0.879518 23
5963 101 24 125 0.616 22
5964 7 26 33 -0.575758 16
5965 79 8 87 0.816092 24
5966 63 30 93 0.354839 29
5967 57 63 120 -0.05 29
5968 21 131 152 -0.723684 28
5969 14 110 124 -0.774194 25
5970 27 65 92 -0.413043 27
5971 15 96 111 -0.72973 23
5972 150 9 159 0.886792 17
5973 4 122 126 -0.936508 18
5974 21 57 78 -0.461538 29
5975 93 11 104 0.788462 27
5976 10 79 89 -0.775281 28
5977 72 40 112 0.285714 30
5978 115 12 127 0.811024 20
5979 32 99 131 -0.51145 24
5980 60 25 85 0.411765 27
5981 56 48 104 0.0769231 32
5982 63 35 98 0.285714 32
5983 87 21 108 0.611111 28
5984 16 89 105 -0.695238 22
5985 7 67 74 -0.810811 18
5986 24 69 93 -0.483871 25
5987 61 29 90 0.355556 30
5988 19 63 82 -0.536585 25
5989 131 3 134 0.955224 19
5990 36 48 84 -0.142857 27
5991 64 30 94 0.361702 33
5992 94 29 123 0.528455 25
5993 100 28 128 0.5625 31
5994 88 20 108 0.62963 28
5995 50 33 83 0.204819 29
5996 90 17 107 0.682243 28
5997 84 24 108 0.555556 28
5998 45 66 111 -0.189189 31
5999 36 60 96 -0.25 29
6000 31 65 96 -0.354167 27
6001 70 23 93 0.505376 27
6002 53 44 97 0.0927835 23
6003 79 51 130 0.215385 27
6004 29 63 92 -0.369565 25
6005 120 22 142 0.690141 29
6006 97 1 98 0.979592 20
6007 29 94 123 -0.528455 31
6008 4 83 87 -0.908046 11
6009 84 9 93 0.806452 26
6010 128 7 135 0.896296 19
6011 74 37 111 0.333333 22
6012 33 106 139 -0.52518 30
6013 41 60 101 -0.188119 29
6014 84 24 108 0.555556 30
6015 38 66 104 -0.269231 30
6016 33 87 120 -0.45 28
6017 46 52 98 -0.0612245 37
6018 43 64 107 -0.196262 29
6019 96 20 116 0.655172 25
6020 85 7 92 0.847826 24
6021 4 22 26 -0.692308 13
6022 11 79 90 -0.755556 20
6023 22 78 100 -0.56 30
6024 43 43 86 0 23
6025 11 110 121 -0.818182 25
6026 48 53 101 -0.049505 30
6027 53 33 86 0.232558 29
6028 0 138 138 -1 16
6029 102 12 114 0.789474 24
6030 49 44 93 0.0537634 26
6031 81 25 106 0.528302 21
6032 52 30 82 0.268293 29
6033 78 35 113 0.380531 25
6034 105 29 134 0.567164 24
6035 94 9 103 0.825243 25
6036 65 33 98 0.326531 33
6037 14 71 85 -0.670588 22
6038 7 89 96 -0.854167 23
6039 11 100 111 -0.801802 24
6040 3 116 119 -0.94958 18
6041 51 44 95 0.0736842 25
6042 89 13 102 0.745098 28
6043 23 83 106 -0.566038 30
6044 18 106 124 -0.709677 26
6045 12 127 139 -0.827338 26
6046 58 45 103 0.126214 30
6047 116 11 127 0.826772 23
6048 11 78 89 -0.752809 24
6049 40 49 89 -0.101124 28
6050 86 19 105 0.638095 27
6051 96 25 121 0.586777 30
6052 21 66 87 -0.517241 27
6053 67 45 112 0.196429 30
6054 42 47 89 -0.0561798 32
6055 38 67 105 -0.27619 28
6056 62 65 127 -0.023622 29
6057 22 92 114 -0.614035 28
6058 30 82 112 -0.464286 33
6059 83 27 110 0.509091 31
6060 116 12 128 0.8125 25
6061 17 85 102 -0.666667 22
6062 10 76 86 -0.767442 22
6063 31 72 103 -0.398058 32
6064 33 54 87 -0.241379 28
6065 133 14 147 0.809524 30
6066 88 30 118 0.491525 30
6067 62 61 123 0.00813008 26
6068 51 60 111 -0.0810811 31
6069 32 113 145 -0.558621 27
6070 92 17 109 0.688073 25
6071 129 19 148 0.743243 28
6072 41 47 88 -0.0681818 25
6073 24 70 94 -0.489362 28
6074 42 30 72 0.166667 31
6075 17 110 127 -0.732283 23
6076 36 66 102 -0.294118 28
6077 76 28 104 0.461538 30
6078 18 107 125 -0.712 24
6079 41 54 95 -0.136842 29
6080 97 21 118 0.644068 26
6081 25 61 86 -0.418605 25
6082 4 120 124 -0.935484 21
6083 70 52 122 0.147541 28
6084 34 59 93 -0.268817 29
6085 41 58 99 -0.171717 32
6086 59 54 113 0.0442478 29
6087 134 7 141 0.900709 22
6088 51 60 111 -0.0810811 32
6089 45 72 117 -0.230769 30
6090 41 44 85 -0.0352941 26
6091 59 35 94 0.255319 35
6092 2 92 94 -0.957447 18
6093 18 130 148 -0.756757 22
6094 136 17 153 0.777778 29
6095 27 50 77 -0.298701 29
6096 86 24 110 0.563636 28
6097 74 48 122 0.213115 29
6098 113 4 117 0.931624 21
6099 167 0 167 1 17
6100 110 6 116 0.896552 21
6101 38 85 123 -0.382114 28
6102 135 13 148 0.824324 25
6103 103 6 109 0.889908 20
6104 36 54 90 -0.2 28
6105 5 94 99 -0.89899 16
6106 61 65 126 -0.031746 29
6107 23 45 68 -0.323529 25
6108 79 38 117 0.350427 31
6109 100 17 117 0.709402 23
6110 72 32 104 0.384615 28
6111 128 7 135 0.896296 24
6112 38 63 101 -0.247525 31
6113 66 34 100 0.32 28
6114 128 11 139 0.841727 26
6115 36 51 87 -0.172414 26
6116 50 60 110 -0.0909091 33
6117 36 49 85 -0.152941 32
6118 86 22 108 0.592593 28
6119 95 5 100 0.9 21
6120 38 35 73 0.0410959 27
6121 34 56 90 -0.244444 28
6122 38 56 94 -0.191489 31
6123 74 35 109 0.357798 30
6124 25 76 101 -0.50495 29
6125 118 11 129 0.829457 21
6126 65 46 111 0.171171 27
6127 95 29 124 0.532258 24
6128 83 10 93 0.784946 24
6129 64 42 106 0.207547 21
6130 25 76 101 -0.50495 20
6131 63 63 126 0 33
6132 32 62 94 -0.319149 32
6133 140 1 141 0.985816 14
6134 50 66 116 -0.137931 28
6135 35 49 84 -0.166667 29
6136 10 86 96 -0.791667 21
6137 42 41 83 0.0120482 25
6138 12 147 159 -0.849057 21
6139 13 102 115 -0.773913 26
6140 64 25 89 0.438202 27
6141 84 8 92 0.826087 23
6142 5 113 118 -0.915254 21
6143 11 89 100 -0.78 26
6144 14 93 107 -0.738318 25
6145 30 93 123 -0.512195 30
6146 59 34 93 0.268817 31
6147 108 27 135 0.6 21
6148 66 34 100 0.32 31
6149 44 32 76 0.157895 25
6150 23 118 141 -0.673759 24
6151 29 72 101 -0.425743 34
6152 74 31 105 0.409524 33
6153 57 47 104 0.0961538 26
6154 40 61 101 -0.207921 24
6155 26 68 94 -0.446809 30
6156 37 46 83 -0.108434 27
6157 59 16 75 0.573333 21
6158 66 33 99 0.333333 30
6159 86 9 95 0.810526 23
6160 71 32 103 0.378641 30
6161 16 52 68 -0.529412 27
6162 35 57 92 -0.23913 27
6163 2 131 133 -0.969925 13
6164 62 45 107 0.158879 31
6165 45 45 90 0 30
6166 33 41 74 -0.108108 23
6167 71 43 114 0.245614 30
6168 13 110 123 -0.788618 28
6169 21 87 108 -0.611111 29
6170 11 80 91 -0.758242 25
6171 90 31 121 0.487603 29
6172 29 66 95 -0.389474 29
6173 79 19 98 0.612245 24
6174 39 59 98 -0.204082 29
6175 30 62 92 -0.347826 26
6176 94 11 105 0.790476 25
6177 67 15 82 0.634146 24
6178 51 54 105 -0.0285714 30
6179 20 94 114 -0.649123 29
6180 94 18 112 0.678571 31
6181 99 10 109 0.816514 24
6182 47 52 99 -0.0505051 28
6183 102 3 105 0.942857 20
6184 59 54 113 0.0442478 26
6185 45 56 101 -0.108911 31
6186 4 52 56 -0.857143 19
6187 9 107 116 -0.844828 25
6188 78 32 110 0.418182 31
6189 126 23 149 0.691275 24
6190 66 49 115 0.147826 30
6191 31 87 118 -0.474576 24
6192 129 5 134 0.925373 14
6193 82 32 114 0.438596 30
6194 63 38 101 0.247525 28
6195 38 103 141 -0.460993 31
6196 32 52 84 -0.238095 26
6197 104 7 111 0.873874 24
6198 116 14 130 0.784615 22
6199 32 65 97 -0.340206 23
6200 48 64 112 -0.142857 32
6201 31 44 75 -0.173333 20
6202 25 68 93 -0.462366 28
6203 90 26 116 0.551724 28
6204 74 36 110 0.345455 31
6205 23 84 107 -0.570093 22
6206 60 37 97 0.237113 29
6207 46 49 95 -0.0315789 27
6208 95 0 95 1 17
6209 125 12 137 0.824818 26
6210 41 74 115 -0.286957 27
6211 126 6 132 0.909091 16
6212 26 70 96 -0.458333 25
6213 46 52 98 -0.0612245 27
6214 33 44 77 -0.142857 29
6215 19 87 106 -0.641509 21
6216 36 43 79 -0.0886076 30
6217 77 33 110 0.4 28
6218 41 79 120 -0.316667 26
6219 60 40 100 0.2 28
6220 65 37 102 0.27451 26
6221 88 19 107 0.64486 25
6222 22 67 89 -0.505618 23
6223 48 69 117 -0.179487 27
6224 17 99 116 -0.706897 24
6225 66 33 99 0.333333 29
6226 31 54 85 -0.270588 29
6227 41 57 98 -0.163265 28
6228 35 85 120 -0.416667 28
6229 78 45 123 0.268293 29
6230 44 66 110 -0.2 26
6231 38 92 130 -0.415385 31
6232 15 108 123 -0.756098 25
6233 14 148 162 -0.82716 28
6234 59 29 88 0.340909 29
6235 80 19 99 0.616162 28
6236 24 76 100 -0.52 32
6237 33 70 103 -0.359223 28
6238 15 82 97 -0.690722 27
6239 82 28 110 0.490909 23
6240 18 114 132 -0.727273 26
6241 132 8 140 0.885714 19
6242 52 45 97 0.0721649 31
6243 52 45 97 0.0721649 24
6244 33 82 115 -0.426087 31
6245 14 129 143 -0.804196 23
6246 31 74 105 -0.409524 29
6247 83 13 96 0.729167 25
6248 11 116 127 -0.826772 23
6249 9 90 99 -0.818182 23
6250 11 104 115 -0.808696 28
6251 19 78 97 -0.608247 28
6252 31 74 105 -0.409524 22
6253 13 108 121 -0.785124 26
6254 56 51 107 0.046729 29
6255 36 74 110 -0.345455 26
6256 119 31 150 0.586667 24
6257 84 10 94 0.787234 23
6258 18 101 119 -0.697479 27
6259 101 13 114 0.77193 28
6260 77 28 105 0.466667 28
6261 11 114 125 -0.824 27
6262 31 42 73 -0.150685 24
6263 98 21 119 0.647059 27
6264 113 5 118 0.915254 20
6265 26 115 141 -0.631206 23
6266 26 67 93 -0.44086 25
6267 142 9 151 0.880795 23
6268 15 86 101 -0.70297 27
6269 35 63 98 -0.285714 23
6270 9 127 136 -0.867647 18
6271 22 71 93 -0.526882 28
6272 115 14 129 0.782946 27
6273 14 94 108 -0.740741 26
6274 69 44 113 0.221239 33
6275 77 34 111 0.387387 28
6276 13 101 114 -0.77193 27
6277 143 18 161 0.776398 21
6278 85 21 106 0.603774 31
6279 32 72 104 -0.384615 28
6280 52 42 94 0.106383 23
6281 10 104 114 -0.824561 25
6282 72 28 100 0.44 29
6283 3 131 134 -0.955224 20
6284 41 93 134 -0.38806 33
6285 138 24 162 0.703704 25
6286 14 107 121 -0.768595 20
6287 58 27 85 0.364706 30
6288 53 28 81 0.308642 25
6289 12 118 130 -0.815385 24
6290 28 91 119 -0.529412 30
6291 25 100 125 -0.6 31
6292 40 37 77 0.038961 30
6293 58 40 98 0.183673 27
6294 68 13 81 0.679012 26
6295 72 35 107 0.345794 24
6296 69 15 84 0.642857 23
6297 87 18 105 0.657143 30
6298 57 49 106 0.0754717 28
6299 5 76 81 -0.876543 22
6300 57 65 122 -0.0655738 31
6301 94 10 104 0.807692 24
6302 20 92 112 -0.642857 29
6303 18 62 80 -0.55 26
6304 31 77 108 -0.425926 28
6305 58 44 102 0.137255 29
6306 29 11 40 0.45 18
6307 63 53 116 0.0862069 23
6308 36 50 86 -0.162791 30
6309 10 107 117 -0.82906 21
6310 126 6 132 0.909091 22
6311 82 45 127 0.291339 32
6312 53 59 112 -0.0535714 29
6313 45 39 84 0.0714286 25
6314 74 15 89 0.662921 30
6315 81 29 110 0.472727 29
6316 23 81 104 -0.557692 24
6317 72 20 92 0.565217 24
6318 3 126 129 -0.953488 14
6319 48 35 83 0.156627 25
6320 117 8 125 0.872 21
6321 131 14 145 0.806897 26
6322 18 98 116 -0.689655 33
6323 57 51 108 0.0555556 30
6324 48 83 131 -0.267176 33
6325 36 52 88 -0.181818 24
6326 74 18 92 0.608696 25
6327 38 75 113 -0.327434 26
6328 15 75 90 -0.666667 29
6329 26 75 101 -0.485149 29
6330 23 68 91 -0.494505 22
6331 109 17 126 0.730159 26
6332 12 115 127 -0.811024 22
6333 73 7 80 0.825 20
6334 9 128 137 -0.868613 22
6335 14 68 82 -0.658537 23
6336 60 55 115 0.0434783 31
6337 2 31 33 -0.878788 15
6338 84 30 114 0.473684 30
6339 29 103 132 -0.560606 29
6340 32 87 119 -0.462185 29
6341 111 25 136 0.632353 26
6342 122 12 134 0.820896 26
6343 23 77 100 -0.54 27
6344 31 88 119 -0.478992 34
6345 46 79 125 -0.264 34
6346 73 49 122 0.196721 29
6347 14 92 106 -0.735849 27
6348 56 61 117 -0.042735 32
6349 47 55 102 -0.0784314 28
6350 59 14 73 0.616438 25
6351 5 75 80 -0.875 24
6352 79 20 99 0.59596 30
6353 49 44 93 0.0537634 30
6354 59 66 125 -0.056 33
6355 66 37 103 0.281553 33
6356 29 87 116 -0.5 32
6357 76 26 102 0.490196 28
6358 130 18 148 0.756757 29
6359 8 80 88 -0.818182 23
6360 50 67 117 -0.145299 33
6361 122 24 146 0.671233 26
6362 74 32 106 0.396226 30
6363 116 5 121 0.917355 22
6364 22 85 107 -0.588785 25
6365 70 28 98 0.428571 21
6366 65 40 105 0.238095 23
6367 3 90 93 -0.935484 19
6368 76 18 94 0.617021 31
6369 99 13 112 0.767857 27
6370 63 68 131 -0.0381679 35
6371 73 33 106 0.377358 33
6372 81 43 124 0.306452 31
6373 44 92 136 -0.352941 26
6374 12 135 147 -0.836735 25
6375 16 69 85 -0.623529 27
6376 22 97 119 -0.630252 29
6377 9 94 103 -0.825243 24
6378 94 25 119 0.579832 29
6379 66 34 100 0.32 29
6380 17 134 151 -0.774834 23
6381 2 97 99 -0.959596 20
6382 45 80 125 -0.28 28
6383 45 73 118 -0.237288 35
6384 61 24 85 0.435294 27
6385 55 42 97 0.134021 22
6386 64 68 132 -0.030303 30
6387 58 36 94 0.234043 28
6388 23 140 163 -0.717791 26
6389 55 27 82 0.341463 25
6390 13 90 103 -0.747573 26
6391 27 87 114 -0.526316 31
6392 46 39 85 0.0823529 27
6393 123 12 135 0.822222 21
6394 106 16 122 0.737705 22
6395 20 97 117 -0.65812 31
6396 16 105 121 -0.735537 26
6397 35 57 92 -0.23913 26
6398 62 7 69 0.797101 22
6399 61 1 62 0.967742 16
6400 80 27 107 0.495327 28
6401 13 73 86 -0.697674 19
6402 33 85 118 -0.440678 26
6403 82 18 100 0.64 26
6404 51 25 76 0.342105 26
6405 60 57 117 0.025641 33
6406 2 136 138 -0.971014 13
6407 7 96 103 -0.864078 22
6408 92 22 114 0.614035 28
6409 83 9 92 0.804348 20
6410 20 86 106 -0.622642 25
6411 87 7 94 0.851064 24
6412 11 96 107 -0.794393 23
6413 73 59 132 0.106061 36
6414 58 60 118 -0.0169492 29
6415 59 33 92 0.282609 28
6416 105 3 108 0.944444 16
6417 31 79 110 -0.436364 30
6418 9 114 123 -0.853659 16
6419 17 66 83 -0.590361 23
6420 99 27 126 0.571429 33
6421 107 16 123 0.739837 20
6422 86 34 120 0.433333 23
6423 27 51 78 -0.307692 26
6424 12 71 83 -0.710843 27
6425 50 60 110 -0.0909091 27
6426 107 5 112 0.910714 22
6427 8 126 134 -0.880597 22
6428 53 62 115 -0.0782609 29
6429 12 86 98 -0.755102 27
6430 45 52 97 -0.0721649 26
6431 19 35 54 -0.296296 22
6432 55 30 85 0.294118 24
6433 35 46 81 -0.135802 28
6434 122 12 134 0.820896 26
6435 35 39 74 -0.0540541 26
6436 10 74 84 -0.761905 23
6437 65 26 91 0.428571 29
6438 7 120 127 -0.889764 21
6439 85 23 108 0.574074 18
6440 49 54 103 -0.0485437 29
6441 62 20 82 0.512195 18
6442 77 32 109 0.412844 35
6443 151 8 159 0.899371 21
6444 20 87 107 -0.626168 17
6445 114 8 122 0.868852 24
6446 60 29 89 0.348315 29
6447 113 5 118 0.915254 24
6448 49 56 105 -0.0666667 29
6449 24 72 96 -0.5 27
6450 101 11 112 0.803571 20
6451 12 65 77 -0.688312 23
6452 40 42 82 -0.0243902 23
6453 40 48 88 -0.0909091 25
6454 70 20 90 0.555556 26
6455 111 10 121 0.834711 24
6456 113 8 121 0.867769 21
6457 65 53 118 0.101695 32
6458 8 87 95 -0.831579 24
6459 6 115 121 -0.900826 18
6460 108 10 118 0.830508 20
6461 30 80 110 -0.454545 28
6462 112 33 145 0.544828 31
6463 29 87 116 -0.5 26
6464 53 4 57 0.859649 19
6465 73 42 115 0.269565 27
6466 100 13 113 0.769912 26
6467 5 62 67 -0.850746 19
6468 35 43 78 -0.102564 29
6469 90 20 110 0.636364 33
6470 35 60 95 -0.263158 22
6471 88 24 112 0.571429 29
6472 4 120 124 -0.935484 21
6473 24 102 126 -0.619048 28
6474 47 49 96 -0.0208333 30
6475 77 19 96 0.604167 25
6476 14 68 82 -0.658537 23
6477 32 71 103 -0.378641 25
6478 42 65 107 -0.214953 31
6479 64 56 120 0.0666667 29
6480 66 37 103 0.281553 28
6481 72 15 87 0.655172 23
6482 66 42 108 0.222222 31
6483 51 62 113 -0.0973451 26
6484 46 29 75 0.226667 22
6485 82 21 103 0.592233 28
6486 89 14 103 0.728155 24
6487 26 97 123 -0.577236 28
6488 143 1 144 0.986111 18
6489 44 59 103 -0.145631 28
6490 73 31 104 0.403846 30
6491 49 75 124 -0.209677 28
6492 13 116 129 -0.79845 25
6493 30 14 44 0.363636 25
6494 53 66 119 -0.109244 20
6495 55 27 82 0.341463 28
6496 80 25 105 0.52381 26
6497 101 4 105 0.92381 20
6498 87 14 101 0.722772 26
6499 15 100 115 -0.73913 26
6500 13 45 58 -0.551724 22
6501 94 5 99 0.89899 24
6502 4 98 102 -0.921569 23
6503 83 16 99 0.676768 28
6504 54 63 117 -0.0769231 29
6505 8 97 105 -0.847619 24
6506 64 65 129 -0.00775194 28
6507 77 20 97 0.587629 25
6508 41 28 69 0.188406 27
6509 47 77 124 -0.241935 30
6510 1 52 53 -0.962264 12
6511 68 28 96 0.416667 26
6512 40 78 118 -0.322034 28
6513 86 23 109 0.577982 29
6514 56 41 97 0.154639 30
6515 51 66 117 -0.128205 33
6516 43 65 108 -0.203704 20
6517 116 19 135 0.718519 24
6518 44 10 54 0.62963 24
6519 6 80 86 -0.860465 23
6520 34 75 109 -0.376147 27
6521 1 69 70 -0.971429 19
6522 43 81 124 -0.306452 28
6523 1 98 99 -0.979798 17
6524 107 24 131 0.633588 28
6525 62 54 116 0.0689655 28
6526 110 26 136 0.617647 32
6527 72 39 111 0.297297 28
6528 62 50 112 0.107143 31
6529 19 115 134 -0.716418 21
6530 51 58 109 -0.0642202 31
6531 36 17 53 0.358491 21
6532 44 63 107 -0.17757 25
6533 20 85 105 -0.619048 27
6534 96 15 111 0.72973 24
6535 135 7 142 0.901408 21
6536 45 69 114 -0.210526 29
6537 21 46 67 -0.373134 24
6538 98 19 117 0.675214 30
6539 63 29 92 0.369565 31
6540 43 54 97 -0.113402 29
6541 24 122 146 -0.671233 26
6542 70 32 102 0.372549 28
6543 21 81 102 -0.588235 26
6544 82 52 134 0.223881 31
6545 79 42 121 0.305785 26
6546 108 6 114 0.894737 24
6547 78 44 122 0.278689 31
6548 34 60 94 -0.276596 28
6549 8 104 112 -0.857143 24
6550 25 75 100 -0.5 26
6551 33 58 91 -0.274725 30
6552 31 26 57 0.0877193 25
6553 104 14 118 0.762712 26
6554 72 21 93 0.548387 27
6555 129 9 138 0.869565 19
6556 18 123 141 -0.744681 27
6557 10 29 39 -0.487179 17
6558 55 65 120 -0.0833333 32
6559 109 9 118 0.847458 19
6560 15 88 103 -0.708738 26
6561 39 56 95 -0.178947 28
6562 24 58 82 -0.414634 31
6563 23 46 69 -0.333333 26
6564 44 71 115 -0.234783 28
6565 97 30 127 0.527559 29
6566 58 60 118 -0.0169492 27
6567 28 83 111 -0.495495 26
6568 51 52 103 -0.00970874 29
6569 118 7 125 0.888 21
6570 41 62 103 -0.203883 28
6571 8 103 111 -0.855856 20
6572 61 40 101 0.207921 24
6573 102 10 112 0.821429 26
6574 33 47 80 -0.175 28
6575 85 15 100 0.7 27
6576 22 97 119 -0.630252 30
6577 44 69 113 -0.221239 32
6578 54 46 100 0.08 32
6579 74 21 95 0.557895 30
6580 18 89 107 -0.663551 27
6581 62 16 78 0.589744 27
6582 94 19 113 0.663717 30
6583 71 53 124 0.145161 34
6584 4 113 117 -0.931624 20
6585 33 67 100 -0.34 27
6586 43 34 77 0.116883 29
6587 42 80 122 -0.311475 32
6588 9 141 150 -0.88 24
6589 45 26 71 0.267606 30
6590 111 3 114 0.947368 19
6591 1 96 97 -0.979381 20
6592 33 64 97 -0.319588 28
6593 140 7 147 0.904762 17
6594 5 38 43 -0.767442 15
6595 83 35 118 0.40678 29
6596 16 106 122 -0.737705 27
6597 12 70 82 -0.707317 23
6598 29 87 116 -0.5 27
6599 3 115 118 -0.949153 16
6600 71 6 77 0.844156 20
6601 77 33 110 0.4 30
6602 28 67 95 -0.410526 24
6603 82 21 103 0.592233 26
6604 61 29 90 0.355556 30
6605 11 115 126 -0.825397 18
6606 59 33 92 0.282609 29
6607 84 38 122 0.377049 32
6608 76 39 115 0.321739 32
6609 40 14 54 0.481481 18
6610 95 26 121 0.570248 26
6611 87 16 103 0.68932 24
6612 30 83 113 -0.469027 30
6613 22 69 91 -0.516484 26
6614 11 115 126 -0.825397 26
6615 32 59 91 -0.296703 26
6616 147 6 153 0.921569 19
6617 76 13 89 0.707865 22
6618 16 90 106 -0.698113 25
6619 37 57 94 -0.212766 28
6620 48 58 106 -0.0943396 31
6621 41 43 84 -0.0238095 22
6622 19 76 95 -0.6 27
6623 3 57 60 -0.9 20
6624 3 80 83 -0.927711 9
6625 155 16 171 0.812865 27
6626 21 108 129 -0.674419 26
6627 81 14 95 0.705263 25
6628 4 115 119 -0.932773 23
6629 20 143 163 -0.754601 25
6630 40 76 116 -0.310345 26
6631 13 95 108 -0.759259 24
6632 66 62 128 0.03125 32
6633 45 71 116 -0.224138 29
6634 18 95 113 -0.681416 22
6635 83 9 92 0.804348 24
6636 23 88 111 -0.585586 29
6637 129 9 138 0.869565 25
6638 95 24 119 0.596639 30
6639 143 7 150 0.906667 23
6640 70 32 102 0.372549 31
6641 69 19 88 0.568182 27
6642 11 122 133 -0.834586 24
6643 12 114 126 -0.809524 30
6644 79 41 120 0.316667 25
6645 4 90 94 -0.914894 23
6646 22 81 103 -0.572816 29
6647 7 161 168 -0.916667 23
6648 29 70 99 -0.414141 26
6649 79 46 125 0.264 32
6650 11 93 104 -0.788462 26
6651 19 80 99 -0.616162 25
6652 8 139 147 -0.891156 25
6653 31 77 108 -0.425926 25
6654 128 8 136 0.882353 22
6655 95 22 117 0.623932 26
6656 93 14 107 0.738318 27
6657 11 46 57 -0.614035 23
6658 80 26 106 0.509434 23
6659 93 11 104 0.788462 22
6660 40 79 119 -0.327731 36
6661 26 73 99 -0.474747 25
6662 51 38 89 0.146067 28
6663 5 145 150 -0.933333 23
6664 16 75 91 -0.648352 25
6665 61 35 96 0.270833 33
6666 47 61 108 -0.12963 27
6667 45 44 89 0.011236 30
6668 21 95 116 -0.637931 21
6669 9 106 115 -0.843478 18
6670 52 34 86 0.209302 30
6671 91 11 102 0.784314 25
6672 39 66 105 -0.257143 30
6673 132 4 136 0.941176 21
6674 49 47 96 0.0208333 29
6675 26 45 71 -0.267606 22
6676 92 13 105 0.752381 24
6677 29 109 138 -0.57971 27
6678 34 43 77 -0.116883 21
6679 3 105 108 -0.944444 9
6680 54 60 114 -0.0526316 27
6681 66 48 114 0.157895 33
6682 16 112 128 -0.75 29
6683 114 9 123 0.853659 21
6684 10 87 97 -0.793814 26
6685 33 61 94 -0.297872 31
6686 6 98 104 -0.884615 25
6687 24 43 67 -0.283582 27
6688 42 73 115 -0.269565 34
6689 20 72 92 -0.565217 23
6690 44 59 103 -0.145631 26
6691 60 18 78 0.538462 22
6692 71 20 91 0.56044 26
6693 67 40 107 0.252336 36
6694 31 54 85 -0.270588 24
6695 46 72 118 -0.220339 26
6696 35 60 95 -0.263158 29
6697 26 81 107 -0.514019 29
6698 15 138 153 -0.803922 19
6699 28 50 78 -0.282051 26
6700 42 49 91 -0.0769231 26
6701 83 16 99 0.676768 23
6702 34 42 76 -0.105263 26
6703 41 46 87 -0.0574713 29
6704 132 19 151 0.748344 28
6705 50 41 91 0.0989011 29
6706 32 109 141 -0.546099 25
6707 21 71 92 -0.543478 28
6708 72 35 107 0.345794 32
6709 94 28 122 0.540984 26
6710 111 7 118 0.881356 22
6711 83 45 128 0.296875 31
6712 34 66 100 -0.32 27
6713 43 39 82 0.0487805 28
6714 47 59 106 -0.113208 29
6715 55 53 108 0.0185185 29
6716 62 46 108 0.148148 32
6717 88 23 111 0.585586 23
6718 43 39 82 0.0487805 26
6719 127 4 131 0.938931 22
6720 94 21 115 0.634783 26
6721 70 74 144 -0.0277778 36
6722 102 21 123 0.658537 30
6723 42 69 111 -0.243243 30
6724 108 13 121 0.785124 25
6725 106 16 122 0.737705 26
6726 6 152 158 -0.924051 16
6727 70 32 102 0.372549 31
6728 60 8 68 0.764706 21
6729 73 48 121 0.206612 29
6730 20 123 143 -0.72028 30
6731 8 90 98 -0.836735 21
6732 15 73 88 -0.659091 24
6733 95 4 99 0.919192 20
6734 2 89 91 -0.956044 19
6735 76 22 98 0.55102 27
6736 5 134 139 -0.928058 19
6737 61 35 96 0.270833 31
6738 28 70 98 -0.428571 30
6739 32 116 148 -0.567568 31
6740 56 31 87 0.287356 27
6741 68 37 105 0.295238 31
6742 59 33 92 0.282609 30
6743 97 6 103 0.883495 23
6744 30 28 58 0.0344828 27
6745 77 42 119 0.294118 25
6746 17 83 100 -0.66 26
6747 96 18 114 0.684211 28
6748 25 86 111 -0.54955 23
6749 62 30 92 0.347826 28
6750 93 17 110 0.690909 30
6751 85 26 111 0.531532 28
6752 46 33 79 0.164557 30
6753 45 63 108 -0.166667 30
6754 2 124 126 -0.968254 11
6755 93 5 98 0.897959 21
6756 18 95 113 -0.681416 29
6757 43 63 106 -0.188679 33
6758 9 135 144 -0.875 23
6759 70 35 105 0.333333 28
6760 82 39 121 0.355372 26
6761 25 58 83 -0.39759 25
6762 71 60 131 0.0839695 34
6763 79 27 106 0.490566 30
6764 64 27 91 0.406593 21
6765 58 22 80 0.45 22
6766 99 25 124 0.596774 29
6767 88 31 119 0.478992 29
6768 75 8 83 0.807229 25
6769 107 11 118 0.813559 24
6770 71 27 98 0.44898 26
6771 9 107 116 -0.844828 25
6772 26 112 138 -0.623188 28
6773 20 76 96 -0.583333 21
6774 67 65 132 0.0151515 28
6775 66 41 107 0.233645 32
6776 84 16 100 0.68 24
6777 23 73 96 -0.520833 32
6778 46 47 93 -0.0107527 32
6779 51 64 115 -0.113043 27
6780 25 61 86 -0.418605 25
6781 105 11 116 0.810345 19
6782 143 2 145 0.972414 16
6783 69 33 102 0.352941 33
6784 8 142 150 -0.893333 17
6785 37 50 87 -0.149425 30
6786 30 89 119 -0.495798 31
6787 44 79 123 -0.284553 30
6788 24 80 104 -0.538462 19
6789 11 114 125 -0.824 24
6790 74 24 98 0.510204 24
6791 0 121 121 -1 13
6792 129 17 146 0.767123 28
6793 69 31 100 0.38 24
6794 7 135 142 -0.901408 21
6795 71 15 86 0.651163 28
6796 41 74 115 -0.286957 30
6797 160 3 163 0.96319 18
6798 65 47 112 0.160714 26
6799 118 17 135 0.748148 31
6800 121 3 124 0.951613 18
6801 131 24 155 0.690323 23
6802 4 126 130 -0.938462 18
6803 7 79 86 -0.837209 21
6804 9 122 131 -0.862595 23
6805 44 43 87 0.0114943 31
6806 37 74 111 -0.333333 28
6807 4 85 89 -0.910112 23
6808 39 69 108 -0.277778 32
6809 0 111 111 -1 18
6810 17 126 143 -0.762238 32
6811 48 29 77 0.246753 26
6812 56 55 111 0.00900901 30
6813 65 27 92 0.413043 24
6814 14 91 105 -0.733333 25
6815 8 112 120 -0.866667 22
6816 92 16 108 0.703704 29
6817 48 64 112 -0.142857 29
6818 71 17 88 0.613636 27
6819 45 49 94 -0.0425532 30
6820 74 13 87 0.701149 26
6821 17 77 94 -0.638298 29
6822 24 66 90 -0.466667 24
6823 86 6 92 0.869565 22
6824 56 65 121 -0.0743802 25
6825 16 118 134 -0.761194 28
6826 21 93 114 -0.631579 31
6827 65 10 75 0.733333 22
6828 70 24 94 0.489362 25
6829 39 99 138 -0.434783 26
6830 59 70 129 -0.0852713 28
6831 40 66 106 -0.245283 34
6832 29 59 88 -0.340909 24
6833 14 73 87 -0.678161 23
6834 47 32 79 0.189873 26
6835 72 18 90 0.6 28
6836 21 48 69 -0.391304 25
6837 42 64 106 -0.207547 30
6838 19 82 101 -0.623762 23
6839 50 56 106 -0.0566038 25
6840 85 20 105 0.619048 28
6841 73 20 93 0.569892 27
6842 65 27 92 0.413043 28
6843 71 36 107 0.327103 27
6844 36 95 131 -0.450382 32
6845 46 75 121 -0.239669 32
6846 55 36 91 0.208791 24
6847 40 98 138 -0.42029 34
6848 71 59 130 0.0923077 29
6849 16 83 99 -0.676768 26
6850 61 11 72 0.694444 19
6851 32 66 98 -0.346939 23
6852 69 32 101 0.366337 24
6853 99 19 118 0.677966 29
6854 37 80 117 -0.367521 28
6855 97 10 107 0.813084 25
6856 143 12 155 0.845161 23
6857 44 26 70 0.257143 27
6858 59 51 110 0.0727273 28
6859 29 69 98 -0.408163 32
6860 93 50 143 0.300699 31
6861 70 40 110 0.272727 30
6862 106 21 127 0.669291 24
6863 13 104 117 -0.777778 22
6864 24 62 86 -0.44186 25
6865 30 56 86 -0.302326 19
6866 52 37 89 0.168539 19
6867 71 9 80 0.775 24
6868 119 9 128 0.859375 24
6869 108 12 120 0.8 26
6870 105 28 133 0.578947 26
6871 111 28 139 0.597122 30
6872 38 70 108 -0.296296 33
6873 9 82 91 -0.802198 19
6874 49 55 104 -0.0576923 32
6875 62 52 114 0.0877193 30
6876 63 50 113 0.115044 27
6877 44 55 99 -0.111111 26
6878 3 136 139 -0.956835 13
6879 10 120 130 -0.846154 24
6880 48 104 152 -0.368421 27
6881 30 46 76 -0.210526 24
6882 46 44 90 0.0222222 27
6883 29 52 81 -0.283951 25
6884 12 122 134 -0.820896 21
6885 30 76 106 -0.433962 31
6886 91 9 100 0.82 23
6887 21 86 107 -0.607477 26
6888 50 45 95 0.0526316 29
6889 24 107 131 -0.633588 24
6890 36 62 98 -0.265306 28
6891 89 31 120 0.483333 26
6892 80 38 118 0.355932 26
6893 63 19 82 0.536585 24
6894 86 16 102 0.686275 29
6895 20 65 85 -0.529412 16
6896 37 42 79 -0.0632911 27
6897 42 58 100 -0.16 25
6898 85 16 101 0.683168 22
6899 18 80 98 -0.632653 27
6900 63 37 100 0.26 25
6901 107 15 122 0.754098 25
6902 15 56 71 -0.577465 29
6903 39 46 85 -0.0823529 24
6904 12 86 98 -0.755102 25
6905 74 11 85 0.741176 23
6906 12 72 84 -0.714286 21
6907 38 64 102 -0.254902 36
6908 63 37 100 0.26 31
6909 32 20 52 0.230769 19
6910 60 44 104 0.153846 25
6911 44 42 86 0.0232558 26
6912 75 27 102 0.470588 28
6913 57 23 80 0.425 21
6914 84 10 94 0.787234 24
6915 67 10 77 0.74026 26
6916 76 22 98 0.55102 29
6917 28 83 111 -0.495495 29
6918 100 4 104 0.923077 23
6919 93 11 104 0.788462 26
6920 24 86 110 -0.563636 29
6921 78 16 94 0.659574 22
6922 28 66 94 -0.404255 31
6923 54 52 106 0.0188679 25
6924 139 8 147 0.891156 25
6925 97 9 106 0.830189 23
6926 76 27 103 0.475728 23
6927 55 49 104 0.0576923 27
6928 7 128 135 -0.896296 22
6929 8 107 115 -0.86087 24
6930 33 80 113 -0.415929 22
6931 45 63 108 -0.166667 30
6932 14 108 122 -0.770492 22
6933 10 120 130 -0.846154 18
6934 21 66 87 -0.517241 25
6935 5 59 64 -0.84375 20
6936 60 13 73 0.643836 25
6937 106 8 114 0.859649 21
6938 105 29 134 0.567164 30
6939 39 32 71 0.0985915 24
6940 9 119 128 -0.859375 20
6941 121 5 126 0.920635 22
6942 21 73 94 -0.553191 29
6943 57 39 96 0.1875 25
6944 19 76 95 -0.6 22
6945 99 5 104 0.903846 23
6946 18 78 96 -0.625 28
6947 30 69 99 -0.393939 28
6948 4 139 143 -0.944056 22
6949 85 35 120 0.416667 25
6950 111 16 127 0.748031 28
6951 84 22 106 0.584906 22
6952 23 83 106 -0.566038 28
6953 120 16 136 0.764706 27
6954 52 55 107 -0.0280374 28
6955 6 122 128 -0.90625 24
6956 75 36 111 0.351351 31
6957 44 88 132 -0.333333 35
6958 12 164 176 -0.863636 22
6959 94 30 124 0.516129 32
6960 46 73 119 -0.226891 33
6961 29 105 134 -0.567164 29
6962 77 5 82 0.878049 20
6963 20 91 111 -0.63964 23
6964 27 71 98 -0.44898 29
6965 11 116 127 -0.826772 26
6966 24 55 79 -0.392405 28
6967 47 34 81 0.160494 29
6968 6 74 80 -0.85 20
6969 77 45 122 0.262295 30
6970 53 30 83 0.277108 32
6971 7 92 99 -0.858586 24
6972 46 60 106 -0.132075 28
6973 51 74 125 -0.184 31
6974 81 19 100 0.62 30
6975 76 28 104 0.461538 31
6976 49 45 94 0.0425532 27
6977 68 56 124 0.0967742 30
6978 47 56 103 -0.0873786 31
6979 72 33 105 0.371429 26
6980 172 3 175 0.965714 16
6981 89 21 110 0.618182 28
6982 74 56 130 0.138462 22
6983 123 29 152 0.618421 31
6984 63 62 125 0.008 30
6985 66 35 101 0.306931 24
6986 37 86 123 -0.398374 30
6987 68 18 86 0.581395 24
6988 43 61 104 -0.173077 24
6989 58 27 85 0.364706 23
6990 17 109 126 -0.730159 26
6991 46 40 86 0.0697674 24
6992 2 78 80 -0.95 19
6993 11 87 98 -0.77551 22
6994 103 8 111 0.855856 15
6995 53 62 115 -0.0782609 28
6996 90 11 101 0.782178 26
6997 30 54 84 -0.285714 26
6998 114 11 125 0.824 23
6999 86 23 109 0.577982 27
7000 40 52 92 -0.130435 31
7001 89 13 102 0.745098 25
7002 40 32 72 0.111111 21
7003 35 91 126 -0.444444 29
7004 40 70 110 -0.272727 29
7005 72 48 120 0.2 29
7006 47 56 103 -0.0873786 32
7007 22 82 104 -0.576923 30
7008 35 64 99 -0.292929 26
7009 23 84 107 -0.570093 24
7010 92 20 112 0.642857 22
7011 96 21 117 0.641026 25
7012 7 123 130 -0.892308 23
7013 13 108 121 -0.785124 26
7014 41 64 105 -0.219048 30
7015 11 105 116 -0.810345 17
7016 65 60 125 0.04 22
7017 52 72 124 -0.16129 29
7018 123 9 132 0.863636 24
7019 10 107 117 -0.82906 20
7020 66 53 119 0.109244 30
7021 31 65 96 -0.354167 33
7022 47 59 106 -0.113208 25
7023 128 20 148 0.72973 22
7024 60 30 90 0.333333 32
7025 60 14 74 0.621622 19
7026 34 70 104 -0.346154 31
7027 34 73 107 -0.364486 25
7028 30 78 108 -0.444444 26
7029 101 11 112 0.803571 24
7030 21 49 70 -0.4 26
7031 43 38 81 0.0617284 27
7032 71 43 114 0.245614 21
7033 32 54 86 -0.255814 30
7034 22 87 109 -0.59633 30
7035 24 100 124 -0.612903 30
7036 78 20 98 0.591837 26
7037 51 63 114 -0.105263 30
7038 80 29 109 0.46789 30
7039 154 10 164 0.878049 23
7040 26 15 41 0.268293 15
7041 58 33 91 0.274725 33
7042 30 72 102 -0.411765 34
7043 64 60 124 0.0322581 34
7044 12 94 106 -0.773585 27
7045 19 115 134 -0.716418 27
7046 9 89 98 -0.816327 21
7047 28 55 83 -0.325301 25
7048 94 6 100 0.88 21
7049 80 37 117 0.367521 32
7050 70 23 93 0.505376 26
7051 31 60 91 -0.318681 26
7052 85 22 107 0.588785 30
7053 9 121 130 -0.861538 23
7054 58 58 116 0 29
7055 113 11 124 0.822581 26
7056 15 104 119 -0.747899 27
7057 20 100 120 -0.666667 26
7058 36 73 109 -0.33945 30
7059 32 81 113 -0.433628 33
7060 70 12 82 0.707317 18
7061 28 81 109 -0.486239 25
7062 32 44 76 -0.157895 26
7063 74 35 109 0.357798 29
7064 83 7 90 0.844444 21
7065 46 65 111 -0.171171 32
7066 179 4 183 0.956284 15
7067 13 89 102 -0.745098 22
7068 94 9 103 0.825243 25
7069 48 43 91 0.0549451 22
7070 74 22 96 0.541667 29
7071 7 93 100 -0.86 22
7072 53 87 140 -0.242857 33
7073 126 7 133 0.894737 16
7074 33 56 89 -0.258427 27
7075 19 83 102 -0.627451 28
7076 82 19 101 0.623762 17
7077 53 56 109 -0.0275229 23
7078 100 14 114 0.754386 18
7079 51 52 103 -0.00970874 31
7080 5 64 69 -0.855072 22
7081 76 10 86 0.767442 25
7082 68 39 107 0.271028 33
7083 152 22 174 0.747126 25
7084 86 22 108 0.592593 31
7085 38 51 89 -0.146067 24
7086 36 15 51 0.411765 18
7087 14 91 105 -0.733333 24
7088 32 90 122 -0.47541 33
7089 34 76 110 -0.381818 27
7090 97 35 132 0.469697 32
7091 27 74 101 -0.465347 31
7092 20 70 90 -0.555556 28
7093 86 56 142 0.211268 29
7094 32 76 108 -0.407407 27
7095 30 51 81 -0.259259 28
7096 15 74 89 -0.662921 25
7097 13 86 99 -0.737374 27
7098 36 74 110 -0.345455 30
7099 98 2 100 0.96 16
7100 110 7 117 0.880342 23
7101 143 6 149 0.919463 13
7102 48 28 76 0.263158 22
7103 39 49 88 -0.113636 23
7104 55 40 95 0.157895 22
7105 23 68 91 -0.494505 25
7106 15 123 138 -0.782609 26
7107 9 135 144 -0.875 25
7108 138 14 152 0.815789 24
7109 33 57 90 -0.266667 31
7110 29 46 75 -0.226667 19
7111 50 64 114 -0.122807 33
7112 33 84 117 -0.435897 29
7113 47 50 97 -0.0309278 30
7114 108 9 117 0.846154 23
7115 58 27 85 0.364706 18
7116 24 85 109 -0.559633 28
7117 4 114 118 -0.932203 19
7118 58 32 90 0.288889 32
7119 11 84 95 -0.768421 25
7120 46 56 102 -0.0980392 30
7121 8 83 91 -0.824176 23
7122 78 12 90 0.733333 23
7123 72 25 97 0.484536 29
7124 54 49 103 0.0485437 32
7125 60 54 114 0.0526316 27
7126 57 53 110 0.0363636 30
7127 83 9 92 0.804348 24
7128 101 14 115 0.756522 21
7129 85 18 103 0.650485 23
7130 42 50 92 -0.0869565 30
7131 23 84 107 -0.570093 22
7132 24 55 79 -0.392405 25
7133 15 85 100 -0.7 28
7134 67 32 99 0.353535 29
7135 20 70 90 -0.555556 28
7136 4 141 145 -0.944828 23
7137 6 115 121 -0.900826 17
7138 93 37 130 0.430769 30
7139 38 90 128 -0.40625 26
7140 41 79 120 -0.316667 27
7141 61 27 88 0.386364 28
7142 92 21 113 0.628319 28
7143 63 22 85 0.482353 29
7144 25 72 97 -0.484536 21
7145 98 12 110 0.781818 23
7146 24 62 86 -0.44186 27
7147 25 85 110 -0.545455 28
7148 93 36 129 0.44186 28
7149 13 78 91 -0.714286 25
7150 62 18 80 0.55 21
7151 39 63 102 -0.235294 34
7152 76 50 126 0.206349 27
7153 85 10 95 0.789474 19
7154 80 15 95 0.684211 27
7155 30 60 90 -0.333333 30
7156 49 49 98 0 23
7157 26 89 115 -0.547826 30
7158 63 56 119 0.0588235 32
7159 68 36 104 0.307692 31
7160 23 63 86 -0.465116 28
7161 87 24 111 0.567568 24
7162 59 33 92 0.282609 28
7163 20 73 93 -0.569892 25
7164 46 58 104 -0.115385 31
7165 90 26 116 0.551724 30
7166 100 11 111 0.801802 23
7167 47 53 100 -0.06 34
7168 122 18 140 0.742857 26
7169 13 72 85 -0.694118 27
7170 73 13 86 0.697674 26
7171 143 11 154 0.857143 20
7172 13 130 143 -0.818182 25
7173 15 82 97 -0.690722 28
7174 15 160 175 -0.828571 20
7175 49 67 116 -0.155172 31
7176 92 2 94 0.957447 20
7177 81 56 137 0.182482 30
7178 93 20 113 0.646018 27
7179 62 46 108 0.148148 31
7180 58 41 99 0.171717 26
7181 28 101 129 -0.565891 24
7182 14 86 100 -0.72 26
7183 51 66 117 -0.128205 32
7184 107 8 115 0.86087 26
7185 52 55 107 -0.0280374 29
7186 8 110 118 -0.864407 24
7187 3 144 147 -0.959184 18
7188 14 81 95 -0.705263 24
7189 88 24 112 0.571429 20
7190 45 27 72 0.25 27
7191 17 80 97 -0.649485 24
7192 57 28 85 0.341176 30
7193 11 89 100 -0.78 27
7194 64 20 84 0.52381 28
7195 61 61 122 0 33
7196 42 72 114 -0.263158 29
7197 16 106 122 -0.737705 20
7198 101 10 111 0.81982 25
7199 21 89 110 -0.618182 23
7200 17 126 143 -0.762238 29
7201 105 17 122 0.721311 30
7202 57 51 108 0.0555556 31
7203 25 87 112 -0.553571 23
7204 5 121 126 -0.920635 15
7205 2 168 170 -0.976471 14
7206 13 100 113 -0.769912 25
7207 88 37 125 0.408 28
7208 60 21 81 0.481481 21
7209 37 62 99 -0.252525 31
7210 22 88 110 -0.6 27
7211 119 12 131 0.816794 26
7212 40 56 96 -0.166667 27
7213 25 85 110 -0.545455 20
7214 6 110 116 -0.896552 23
7215 53 76 129 -0.178295 36
7216 33 71 104 -0.365385 33
7217 51 63 114 -0.105263 34
7218 50 49 99 0.010101 30
7219 50 52 102 -0.0196078 27
7220 62 30 92 0.347826 29
7221 41 75 116 -0.293103 29
7222 8 118 126 -0.873016 25
7223 4 58 62 -0.870968 17
7224 53 42 95 0.115789 28
7225 32 45 77 -0.168831 23
7226 0 88 88 -1 9
7227 8 131 139 -0.884892 18
7228 20 76 96 -0.583333 27
7229 47 72 119 -0.210084 32
7230 83 21 104 0.596154 27
7231 63 14 77 0.636364 23
7232 15 84 99 -0.69697 27
7233 68 41 109 0.247706 27
7234 99 46 145 0.365517 33
7235 55 33 88 0.25 33
7236 29 82 111 -0.477477 25
7237 45 96 141 -0.361702 29
7238 50 21 71 0.408451 26
7239 107 22 129 0.658915 24
7240 18 65 83 -0.566265 21
7241 49 64 113 -0.132743 27
7242 42 58 100 -0.16 29
7243 36 57 93 -0.225806 21
7244 65 41 106 0.226415 31
7245 39 81 120 -0.35 30
7246 23 82 105 -0.561905 28
7247 129 13 142 0.816901 24
7248 57 50 107 0.0654206 30
7249 120 12 132 0.818182 19
7250 70 38 108 0.296296 32
7251 79 19 98 0.612245 31
7252 28 90 118 -0.525424 29
7253 2 33 35 -0.885714 16
7254 87 22 109 0.59633 26
7255 55 31 86 0.27907 19
7256 53 73 126 -0.15873 31
7257 81 34 115 0.408696 32
7258 73 58 131 0.114504 32
7259 70 27 97 0.443299 29
7260 37 44 81 -0.0864198 32
7261 28 91 119 -0.529412 31
7262 104 15 119 0.747899 28
7263 83 25 108 0.537037 27
7264 34 70 104 -0.346154 32
7265 59 23 82 0.439024 24
7266 41 41 82 0 26
7267 62 42 104 0.192308 30
7268 67 37 104 0.288462 34
7269 34 68 102 -0.333333 32
7270 58 65 123 -0.0569106 32
7271 36 52 88 -0.181818 29
7272 166 1 167 0.988024 15
7273 26 83 109 -0.522936 30
7274 89 14 103 0.728155 25
7275 83 36 119 0.394958 29
7276 66 33 99 0.333333 24
7277 120 23 143 0.678322 29
7278 34 64 98 -0.306122 27
7279 41 29 70 0.171429 25
7280 123 8 131 0.877863 23
7281 9 86 95 -0.810526 21
7282 101 10 111 0.81982 24
7283 56 44 100 0.12 26
7284 20 113 133 -0.699248 31
7285 87 31 118 0.474576 22
7286 15 85 100 -0.7 24
7287 67 61 128 0.046875 25
7288 34 67 101 -0.326733 19
7289 136 3 139 0.956835 21
7290 52 43 95 0.0947368 29
7291 87 5 92 0.891304 20
7292 118 5 123 0.918699 23
7293 78 17 95 0.642105 24
7294 26 60 86 -0.395349 32
7295 86 27 113 0.522124 30
7296 11 92 103 -0.786408 27
7297 12 82 94 -0.744681 24
7298 58 52 110 0.0545455 22
7299 47 54 101 -0.0693069 28
7300 19 82 101 -0.623762 27
7301 33 52 85 -0.223529 23
7302 8 123 131 -0.877863 25
7303 90 16 106 0.698113 27
7304 120 32 152 0.578947 24
7305 41 87 128 -0.359375 24
7306 102 16 118 0.728814 28
7307 52 68 120 -0.133333 31
7308 54 46 100 0.08 34
7309 30 70 100 -0.4 28
7310 6 117 123 -0.902439 15
7311 81 46 127 0.275591 28
7312 37 73 110 -0.327273 25
7313 19 123 142 -0.732394 30
7314 59 13 72 0.638889 26
7315 75 34 109 0.376147 28
7316 7 65 72 -0.805556 23
7317 32 41 73 -0.123288 22
7318 22 125 147 -0.70068 26
7319 12 112 124 -0.806452 26
7320 41 37 78 0.0512821 31
7321 43 61 104 -0.173077 23
7322 2 157 159 -0.974843 12
7323 11 116 127 -0.826772 23
7324 54 45 99 0.0909091 31
7325 6 90 96 -0.875 14
7326 15 94 109 -0.724771 28
7327 93 18 111 0.675676 26
7328 54 89 143 -0.244755 34
7329 48 62 110 -0.127273 25
7330 36 52 88 -0.181818 32
7331 43 43 86 0 30
7332 18 79 97 -0.628866 30
7333 24 111 135 -0.644444 28
7334 132 5 137 0.927007 23
7335 27 98 125 -0.568 27
7336 106 31 137 0.547445 23
7337 15 91 106 -0.716981 28
7338 78 30 108 0.444444 21
7339 8 107 115 -0.86087 24
7340 59 45 104 0.134615 30
7341 69 33 102 0.352941 26
7342 30 85 115 -0.478261 24
7343 17 110 127 -0.732283 23
7344 90 8 98 0.836735 24
7345 23 74 97 -0.525773 25
7346 39 72 111 -0.297297 31
7347 92 13 105 0.752381 23
7348 61 37 98 0.244898 31
7349 11 98 109 -0.798165 23
7350 54 26 80 0.35 27
7351 117 19 136 0.720588 26
7352 46 64 110 -0.163636 29
7353 83 19 102 0.627451 20
7354 79 32 111 0.423423 28
7355 74 37 111 0.333333 32
7356 57 23 80 0.425 22
7357 72 23 95 0.515789 23
7358 52 36 88 0.181818 26
7359 62 36 98 0.265306 28
7360 71 28 99 0.434343 32
7361 38 40 78 -0.025641 30
7362 9 128 137 -0.868613 26
7363 82 28 110 0.490909 29
7364 11 117 128 -0.828125 22
7365 60 32 92 0.304348 26
7366 108 47 155 0.393548 28
7367 78 43 121 0.289256 28
7368 28 62 90 -0.377778 24
7369 18 110 128 -0.71875 24
7370 9 121 130 -0.861538 25
7371 3 80 83 -0.927711 20
7372 30 59 89 -0.325843 22
7373 93 21 114 0.631579 24
7374 52 52 104 0 31
7375 83 28 111 0.495495 33
7376 15 123 138 -0.782609 19
7377 37 86 123 -0.398374 29
7378 58 34 92 0.26087 26
7379 69 35 104 0.326923 31
7380 32 76 108 -0.407407 22
7381 56 23 79 0.417722 29
7382 20 105 125 -0.68 23
7383 60 25 85 0.411765 28
7384 24 81 105 -0.542857 27
7385 4 20 24 -0.666667 14
7386 17 72 89 -0.617978 27
7387 5 107 112 -0.910714 19
7388 17 82 99 -0.656566 22
7389 78 42 120 0.3 27
7390 34 75 109 -0.376147 30
7391 140 9 149 0.879195 21
7392 78 31 109 0.431193 30
7393 70 22 92 0.521739 30
7394 33 75 108 -0.388889 29
7395 88 13 101 0.742574 28
7396 61 35 96 0.270833 27
7397 64 26 90 0.422222 32
7398 39 37 76 0.0263158 29
7399 44 63 107 -0.17757 31
7400 50 49 99 0.010101 30
7401 94 20 114 0.649123 27
7402 22 86 108 -0.592593 33
7403 19 79 98 -0.612245 27
7404 54 43 97 0.113402 26
7405 41 44 85 -0.0352941 26
7406 102 8 110 0.854545 20
7407 54 47 101 0.0693069 30
7408 67 50 117 0.145299 27
7409 98 22 120 0.633333 29
7410 51 69 120 -0.15 36
7411 80 34 114 0.403509 31
7412 41 71 112 -0.267857 31
7413 47 67 114 -0.175439 32
7414 17 103 120 -0.716667 29
7415 11 109 120 -0.816667 24
7416 23 95 118 -0.610169 23
7417 70 20 90 0.555556 31
7418 120 23 143 0.678322 32
7419 113 22 135 0.674074 31
7420 84 37 121 0.38843 31
7421 107 30 137 0.562044 25
7422 25 56 81 -0.382716 31
7423 63 36 99 0.272727 30
7424 32 30 62 0.0322581 19
7425 115 1 116 0.982759 20
7426 96 45 141 0.361702 29
7427 13 104 117 -0.777778 29
7428 89 18 107 0.663551 27
7429 76 43 119 0.277311 29
7430 76 28 104 0.461538 27
7431 13 101 114 -0.77193 23
7432 64 48 112 0.142857 29
7433 70 28 98 0.428571 25
7434 75 24 99 0.515152 29
7435 14 73 87 -0.678161 24
7436 141 11 152 0.855263 23
7437 46 19 65 0.415385 26
7438 24 46 70 -0.314286 29
7439 14 85 99 -0.717172 21
7440 11 111 122 -0.819672 22
7441 31 74 105 -0.409524 27
7442 63 23 86 0.465116 29
7443 71 34 105 0.352381 23
7444 86 18 104 0.653846 28
7445 52 50 102 0.0196078 26
7446 103 5 108 0.907407 21
7447 11 83 94 -0.765957 24
7448 23 74 97 -0.525773 23
7449 88 31 119 0.478992 31
7450 81 21 102 0.588235 24
7451 48 84 132 -0.272727 29
7452 80 26 106 0.509434 28
7453 5 54 59 -0.830508 13
7454 17 64 81 -0.580247 23
7455 38 41 79 -0.0379747 23
7456 50 35 85 0.176471 25
7457 46 62 108 -0.148148 32
7458 48 37 85 0.129412 26
7459 46 67 113 -0.185841 29
7460 64 28 92 0.391304 30
7461 4 89 93 -0.913978 21
7462 6 96 102 -0.882353 24
7463 65 49 114 0.140351 27
7464 36 54 90 -0.2 28
7465 75 49 124 0.209677 28
7466 32 67 99 -0.353535 29
7467 58 41 99 0.171717 28
7468 64 63 127 0.00787402 25
7469 6 101 107 -0.88785 23
7470 62 18 80 0.55 25
7471 17 89 106 -0.679245 24
7472 61 22 83 0.46988 28
7473 39 46 85 -0.0823529 31
7474 12 104 116 -0.793103 25
7475 53 75 128 -0.171875 29
7476 10 101 111 -0.81982 24
7477 12 89 101 -0.762376 24
7478 102 29 131 0.557252 29
7479 24 45 69 -0.304348 23
7480 44 68 112 -0.214286 30
7481 147 3 150 0.96 20
7482 8 99 107 -0.850467 22
7483 96 15 111 0.72973 29
7484 119 11 130 0.830769 23
7485 8 93 101 -0.841584 23
7486 100 5 105 0.904762 21
7487 57 22 79 0.443038 30
7488 37 49 86 -0.139535 23
7489 13 93 106 -0.754717 27
7490 52 64 116 -0.103448 28
7491 9 106 115 -0.843478 20
7492 14 88 102 -0.72549 27
7493 40 107 147 -0.455782 31
7494 13 109 122 -0.786885 26
7495 4 131 135 -0.940741 14
7496 99 31 130 0.523077 28
7497 44 54 98 -0.102041 26
7498 35 63 98 -0.285714 29
7499 12 117 129 -0.813953 23
7500 68 7 75 0.813333 26
7501 12 83 95 -0.747368 24
7502 133 8 141 0.886525 23
7503 52 47 99 0.0505051 26
7504 49 8 57 0.719298 23
7505 3 45 48 -0.875 17
7506 40 60 100 -0.2 32
7507 68 46 114 0.192982 34
7508 81 9 90 0.8 23
7509 10 80 90 -0.777778 22
7510 61 62 123 -0.00813008 33
7511 152 3 155 0.96129 17
7512 37 57 94 -0.212766 30
7513 67 56 123 0.0894309 31
7514 45 45 90 0 28
7515 107 7 114 0.877193 23
7516 102 14 116 0.758621 27
7517 45 78 123 -0.268293 33
7518 104 14 118 0.762712 28
7519 42 35 77 0.0909091 28
7520 19 60 79 -0.518987 21
7521 10 113 123 -0.837398 25
7522 31 78 109 -0.431193 27
7523 13 93 106 -0.754717 27
7524 66 48 114 0.157895 32
7525 79 31 110 0.436364 23
7526 39 69 108 -0.277778 31
7527 72 7 79 0.822785 24
7528 73 38 111 0.315315 30
7529 6 89 95 -0.873684 24
7530 67 41 108 0.240741 25
7531 90 5 95 0.894737 23
7532 59 25 84 0.404762 27
7533 97 29 126 0.539683 28
7534 98 11 109 0.798165 24
7535 100 7 107 0.869159 25
7536 68 35 103 0.320388 26
7537 106 15 121 0.752066 26
7538 71 22 93 0.526882 26
7539 59 40 99 0.191919 29
7540 101 16 117 0.726496 27
7541 71 44 115 0.234783 25
7542 24 55 79 -0.392405 31
7543 23 86 109 -0.577982 33
7544 38 64 102 -0.254902 23
7545 25 91 116 -0.568966 26
7546 77 31 108 0.425926 27
7547 105 21 126 0.666667 32
7548 46 44 90 0.0222222 25
7549 65 51 116 0.12069 27
7550 94 16 110 0.709091 26
7551 10 125 135 -0.851852 23
7552 6 98 104 -0.884615 24
7553 32 53 85 -0.247059 29
7554 52 47 99 0.0505051 32
7555 84 16 100 0.68 26
7556 71 40 111 0.279279 28
7557 42 72 114 -0.263158 27
7558 129 5 134 0.925373 23
7559 20 70 90 -0.555556 21
7560 62 50 112 0.107143 28
7561 54 89 143 -0.244755 27
7562 44 44 88 0 24
7563 23 91 114 -0.596491 28
7564 47 50 97 -0.0309278 22
7565 66 55 121 0.0909091 28
7566 43 53 96 -0.104167 29
7567 51 29 80 0.275 29
7568 21 100 121 -0.652893 23
7569 39 65 104 -0.25 24
7570 21 71 92 -0.543478 27
7571 98 23 121 0.619835 29
7572 23 95 118 -0.610169 30
7573 45 74 119 -0.243697 29
7574 103 2 105 0.961905 21
7575 56 24 80 0.4 28
7576 96 19 115 0.669565 32
7577 59 26 85 0.388235 29
7578 43 65 108 -0.203704 31
7579 13 128 141 -0.815603 29
7580 14 106 120 -0.766667 30
7581 54 54 108 0 27
7582 11 99 110 -0.8 23
7583 59 50 109 0.0825688 31
7584 75 54 129 0.162791 30
7585 3 122 125 -0.952 17
7586 59 30 89 0.325843 23
7587 56 38 94 0.191489 29
7588 117 11 128 0.828125 20
7589 46 49 95 -0.0315789 27
7590 7 109 116 -0.87931 25
7591 42 61 103 -0.184466 26
7592 111 33 144 0.541667 29
7593 46 38 84 0.0952381 25
7594 81 15 96 0.6875 32
7595 117 7 124 0.887097 20
7596 66 32 98 0.346939 23
7597 25 72 97 -0.484536 30
7598 50 52 102 -0.0196078 29
7599 29 66 95 -0.389474 26
7600 85 30 115 0.478261 32
7601 38 50 88 -0.136364 29
7602 128 23 151 0.695364 30
7603 7 130 137 -0.89781 22
7604 25 66 91 -0.450549 30
7605 29 34 63 -0.0793651 24
7606 58 31 89 0.303371 27
7607 116 5 121 0.917355 19
7608 91 9 100 0.82 25
7609 7 107 114 -0.877193 21
7610 115 22 137 0.678832 30
7611 8 92 100 -0.84 24
7612 55 50 105 0.047619 29
7613 31 50 81 -0.234568 27
7614 75 24 99 0.515152 23
7615 8 106 114 -0.859649 26
7616 8 83 91 -0.824176 23
7617 54 32 86 0.255814 26
7618 27 60 87 -0.37931 26
7619 53 33 86 0.232558 23
7620 82 7 89 0.842697 23
7621 56 42 98 0.142857 25
7622 77 13 90 0.711111 24
7623 31 82 113 -0.451327 26
7624 94 27 121 0.553719 28
7625 17 68 85 -0.6 27
7626 4 118 122 -0.934426 21
7627 61 65 126 -0.031746 25
7628 22 75 97 -0.546392 24
7629 28 84 112 -0.5 30
7630 26 52 78 -0.333333 26
7631 73 55 128 0.140625 30
7632 32 55 87 -0.264368 28
7633 20 96 116 -0.655172 30
7634 73 44 117 0.247863 31
7635 63 21 84 0.5 25
7636 99 14 113 0.752212 25
7637 18 100 118 -0.694915 27
7638 70 58 128 0.09375 30
7639 16 111 127 -0.748031 21
7640 124 3 127 0.952756 22
7641 52 45 97 0.0721649 31
7642 90 15 105 0.714286 28
7643 74 53 127 0.165354 29
7644 55 68 123 -0.105691 32
7645 49 60 109 -0.100917 19
7646 58 59 117 -0.00854701 28
7647 83 10 93 0.784946 27
7648 80 44 124 0.290323 28
7649 29 92 121 -0.520661 29
7650 111 22 133 0.669173 25
7651 65 27 92 0.413043 25
7652 76 10 86 0.767442 24
7653 109 17 126 0.730159 25
7654 33 86 119 -0.445378 29
7655 27 69 96 -0.4375 27
7656 102 34 136 0.5 30
7657 90 11 101 0.782178 24
7658 18 74 92 -0.608696 28
7659 42 56 98 -0.142857 31
7660 108 11 119 0.815126 23
7661 7 93 100 -0.86 23
7662 35 72 107 -0.345794 32
7663 8 107 115 -0.86087 25
7664 82 18 100 0.64 27
7665 51 47 98 0.0408163 25
7666 84 30 114 0.473684 23
7667 10 85 95 -0.789474 25
7668 19 116 135 -0.718519 25
7669 30 72 102 -0.411765 27
7670 73 44 117 0.247863 28
7671 14 117 131 -0.78626 26
7672 31 66 97 -0.360825 31
7673 114 26 140 0.628571 27
7674 65 8 73 0.780822 18
7675 17 100 117 -0.709402 28
7676 79 12 91 0.736264 22
7677 89 6 95 0.873684 25
7678 31 78 109 -0.431193 28
7679 93 14 107 0.738318 29
7680 17 110 127 -0.732283 25
7681 16 79 95 -0.663158 22
7682 111 13 124 0.790323 21
7683 13 80 93 -0.72043 23
7684 23 85 108 -0.574074 27
7685 4 71 75 -0.893333 16
7686 17 69 86 -0.604651 21
7687 59 43 102 0.156863 28
7688 9 88 97 -0.814433 23
7689 41 51 92 -0.108696 28
7690 19 16 35 0.0857143 20
7691 92 43 135 0.362963 34
7692 59 34 93 0.268817 31
7693 83 44 127 0.307087 32
7694 20 87 107 -0.626168 25
7695 15 84 99 -0.69697 26
7696 117 5 122 0.918033 19
7697 115 5 120 0.916667 23
7698 9 98 107 -0.831776 27
7699 30 65 95 -0.368421 25
7700 93 18 111 0.675676 27
7701 46 55 101 -0.0891089 29
7702 100 6 106 0.886792 24
7703 79 28 107 0.476636 22
7704 34 66 100 -0.32 25
7705 51 12 63 0.619048 24
7706 4 83 87 -0.908046 22
7707 56 53 109 0.0275229 27
7708 29 86 115 -0.495652 30
7709 60 33 93 0.290323 30
7710 66 27 93 0.419355 28
7711 64 35 99 0.292929 29
7712 65 49 114 0.140351 30
7713 63 42 105 0.2 31
7714 21 58 79 -0.468354 28
7715 89 22 111 0.603604 31
7716 106 17 123 0.723577 27
7717 16 79 95 -0.663158 28
7718 104 9 113 0.840708 20
7719 110 8 118 0.864407 25
7720 126 15 141 0.787234 25
7721 13 97 110 -0.763636 26
7722 11 88 99 -0.777778 23
7723 30 39 69 -0.130435 30
7724 16 107 123 -0.739837 25
7725 35 65 100 -0.3 31
7726 68 4 72 0.888889 20
7727 62 44 106 0.169811 33
7728 12 5 17 0.411765 10
7729 62 37 99 0.252525 29
7730 47 59 106 -0.113208 25
7731 21 79 100 -0.58 27
7732 39 79 118 -0.338983 29
7733 25 67 92 -0.456522 30
7734 33 68 101 -0.346535 27
7735 58 51 109 0.0642202 34
7736 25 81 106 -0.528302 28
7737 34 59 93 -0.268817 32
7738 11 120 131 -0.832061 24
7739 76 20 96 0.583333 22
7740 16 62 78 -0.589744 25
7741 6 65 71 -0.830986 20
7742 88 7 95 0.852632 24
7743 99 27 126 0.571429 24
7744 13 103 116 -0.775862 23
7745 94 17 111 0.693694 29
7746 9 107 116 -0.844828 26
7747 26 73 99 -0.474747 32
7748 68 49 117 0.162393 33
7749 47 38 85 0.105882 27
7750 41 50 91 -0.0989011 29
7751 12 68 80 -0.7 22
7752 155 2 157 0.974522 19
7753 5 87 92 -0.891304 22
7754 54 52 106 0.0188679 26
7755 40 69 109 -0.266055 31
7756 17 92 109 -0.688073 26
7757 58 30 88 0.318182 27
7758 58 22 80 0.45 18
7759 57 32 89 0.280899 24
7760 29 73 102 -0.431373 30
7761 34 60 94 -0.276596 28
7762 60 2 62 0.935484 19
7763 43 48 91 -0.0549451 31
7764 9 79 88 -0.795455 24
7765 39 55 94 -0.170213 30
7766 93 13 106 0.754717 21
7767 66 27 93 0.419355 27
7768 121 19 140 0.728571 26
7769 49 50 99 -0.010101 29
7770 54 33 87 0.241379 26
7771 98 5 103 0.902913 20
7772 8 145 153 -0.895425 19
7773 44 78 122 -0.278689 33
7774 130 8 138 0.884058 18
7775 104 11 115 0.808696 25
7776 58 34 92 0.26087 22
7777 50 42 92 0.0869565 29
7778 83 20 103 0.61165 30
7779 62 50 112 0.107143 33
7780 24 54 78 -0.384615 27
7781 68 26 94 0.446809 28
7782 75 26 101 0.485149 27
7783 38 28 66 0.151515 25
7784 5 117 122 -0.918033 23
7785 84 23 107 0.570093 30
7786 21 140 161 -0.73913 31
7787 133 5 138 0.927536 20
7788 11 81 92 -0.76087 23
7789 8 140 148 -0.891892 16
7790 4 111 115 -0.930435 18
7791 61 58 119 0.0252101 28
7792 67 52 119 0.12605 28
7793 29 33 62 -0.0645161 25
7794 94 32 126 0.492063 23
7795 7 125 132 -0.893939 21
7796 8 118 126 -0.873016 18
7797 18 95 113 -0.681416 26
7798 57 32 89 0.280899 28
7799 72 1 73 0.972603 12
7800 89 27 116 0.534483 29
7801 57 61 118 -0.0338983 35
7802 40 71 111 -0.279279 28
7803 74 21 95 0.557895 25
7804 11 86 97 -0.773196 26
7805 15 99 114 -0.736842 24
7806 32 58 90 -0.288889 17
7807 35 66 101 -0.306931 32
7808 98 9 107 0.831776 21
7809 37 50 87 -0.149425 29
7810 77 8 85 0.811765 26
7811 12 101 113 -0.787611 27
7812 54 53 107 0.00934579 29
7813 60 45 105 0.142857 29
7814 8 81 89 -0.820225 22
7815 121 5 126 0.920635 23
7816 98 14 112 0.75 24
7817 44 42 86 0.0232558 34
7818 33 87 120 -0.45 27
7819 142 33 175 0.622857 30
7820 38 78 116 -0.344828 22
7821 40 68 108 -0.259259 33
7822 67 59 126 0.0634921 31
7823 20 77 97 -0.587629 25
7824 40 62 102 -0.215686 33
7825 111 31 142 0.56338 29
7826 55 12 67 0.641791 21
7827 11 125 136 -0.838235 24
7828 98 6 104 0.884615 21
7829 106 10 116 0.827586 25
7830 101 31 132 0.530303 29
7831 117 26 143 0.636364 25
7832 85 17 102 0.666667 26
7833 93 16 109 0.706422 24
7834 11 128 139 -0.841727 17
7835 24 80 104 -0.538462 25
7836 33 8 41 0.609756 22
7837 32 89 121 -0.471074 30
7838 60 9 69 0.73913 20
7839 64 34 98 0.306122 32
7840 74 45 119 0.243697 26
7841 3 122 125 -0.952 19
7842 78 12 90 0.733333 22
7843 34 72 106 -0.358491 31
7844 82 49 131 0.251908 33
7845 33 64 97 -0.319588 26
7846 56 16 72 0.555556 21
7847 49 54 103 -0.0485437 20
7848 60 61 121 -0.00826446 35
7849 61 21 82 0.487805 29
7850 26 87 113 -0.539823 30
7851 84 14 98 0.714286 25
7852 54 37 91 0.186813 29
7853 15 81 96 -0.6875 26
7854 96 10 106 0.811321 21
7855 17 56 73 -0.534247 22
7856 17 99 116 -0.706897 26
7857 63 35 98 0.285714 33
7858 110 14 124 0.774194 24
7859 57 56 113 0.00884956 29
7860 61 69 130 -0.0615385 29
7861 73 8 81 0.802469 21
7862 4 99 103 -0.92233 23
7863 90 25 115 0.565217 29
7864 63 38 101 0.247525 26
7865 77 18 95 0.621053 28
7866 63 45 108 0.166667 27
7867 70 68 138 0.0144928 32
7868 84 23 107 0.570093 28
7869 102 13 115 0.773913 27
7870 136 12 148 0.837838 22
7871 6 139 145 -0.917241 21
7872 88 26 114 0.54386 30
7873 73 32 105 0.390476 24
7874 43 64 107 -0.196262 26
7875 62 41 103 0.203883 26
7876 80 3 83 0.927711 18
7877 1 138 139 -0.985612 16
7878 97 28 125 0.552 28
7879 116 13 129 0.79845 24
7880 9 53 62 -0.709677 18
7881 27 39 66 -0.181818 28
7882 35 68 103 -0.320388 32
7883 41 49 90 -0.0888889 25
7884 58 50 108 0.0740741 25
7885 62 43 105 0.180952 27
7886 12 79 91 -0.736264 27
7887 82 34 116 0.413793 28
7888 41 70 111 -0.261261 28
7889 16 86 102 -0.686275 29
7890 27 37 64 -0.15625 27
7891 50 64 114 -0.122807 27
7892 5 100 105 -0.904762 20
7893 59 34 93 0.268817 26
7894 30 73 103 -0.417476 22
7895 51 47 98 0.0408163 31
7896 35 60 95 -0.263158 25
7897 93 7 100 0.86 21
7898 75 17 92 0.630435 26
7899 38 73 111 -0.315315 30
7900 52 74 126 -0.174603 31
7901 12 83 95 -0.747368 25
7902 31 67 98 -0.367347 27
7903 7 90 97 -0.85567 26
7904 28 56 84 -0.333333 29
7905 61 41 102 0.196078 29
7906 8 120 128 -0.875 22
7907 127 6 133 0.909774 23
7908 24 69 93 -0.483871 15
7909 65 37 102 0.27451 29
7910 60 56 116 0.0344828 33
7911 16 64 80 -0.6 26
7912 55 9 64 0.71875 24
7913 108 6 114 0.894737 21
7914 41 42 83 -0.0120482 30
7915 4 112 116 -0.931034 21
7916 2 113 115 -0.965217 21
7917 9 108 117 -0.846154 24
7918 50 51 101 -0.00990099 29
7919 18 81 99 -0.636364 26
7920 117 9 126 0.857143 24
7921 15 100 115 -0.73913 25
7922 90 33 123 0.463415 28
7923 52 58 110 -0.0545455 31
7924 30 62 92 -0.347826 26
7925 51 55 106 -0.0377358 27
7926 61 57 118 0.0338983 31
7927 131 1 132 0.984848 18
7928 15 106 121 -0.752066 25
7929 105 18 123 0.707317 27
7930 20 92 112 -0.642857 29
7931 56 21 77 0.454545 29
7932 25 65 90 -0.444444 28
7933 31 85 116 -0.465517 28
7934 68 40 108 0.259259 29
7935 112 10 122 0.836066 24
7936 78 13 91 0.714286 22
7937 94 17 111 0.693694 28
7938 58 55 113 0.0265487 30
7939 138 9 147 0.877551 22
7940 14 125 139 -0.798561 20
7941 48 50 98 -0.0204082 24
7942 32 80 112 -0.428571 30
7943 60 44 104 0.153846 31
7944 34 89 123 -0.447154 29
7945 91 15 106 0.716981 26
7946 88 19 107 0.64486 28
7947 60 47 107 0.121495 27
7948 67 45 112 0.196429 33
7949 25 38 63 -0.206349 28
7950 65 35 100 0.3 27
7951 49 52 101 -0.029703 29
7952 28 93 121 -0.53719 32
7953 51 19 70 0.457143 22
7954 7 73 80 -0.825 23
7955 67 32 99 0.353535 26
7956 70 23 93 0.505376 30
7957 119 15 134 0.776119 26
7958 92 13 105 0.752381 28
7959 96 11 107 0.794393 18
7960 10 113 123 -0.837398 24
7961 21 71 92 -0.543478 29
7962 60 61 121 -0.00826446 34
7963 60 56 116 0.0344828 31
7964 84 19 103 0.631068 29
7965 11 119 130 -0.830769 28
7966 100 2 102 0.960784 18
7967 105 6 111 0.891892 23
7968 68 53 121 0.123967 32
7969 56 38 94 0.191489 30
7970 67 43 110 0.218182 34
7971 71 36 107 0.327103 30
7972 79 35 114 0.385965 32
7973 58 54 112 0.0357143 30
7974 6 66 72 -0.833333 22
7975 17 94 111 -0.693694 19
7976 16 111 127 -0.748031 19
7977 39 49 88 -0.113636 27
7978 62 13 75 0.653333 25
7979 48 57 105 -0.0857143 25
7980 97 8 105 0.847619 18
7981 102 13 115 0.773913 22
7982 13 90 103 -0.747573 25
7983 31 76 107 -0.420561 27
7984 15 92 107 -0.719626 27
7985 47 64 111 -0.153153 29
7986 12 145 157 -0.847134 17
7987 46 66 112 -0.178571 27
7988 11 91 102 -0.784314 25
7989 13 50 63 -0.587302 23
7990 1 111 112 -0.982143 20
7991 85 24 109 0.559633 22
7992 74 21 95 0.557895 25
7993 53 50 103 0.0291262 33
7994 20 124 144 -0.722222 30
7995 37 71 108 -0.314815 24
7996 64 4 68 0.882353 11
7997 74 33 107 0.383178 31
7998 76 12 88 0.727273 24
7999 23 69 92 -0.5 27
8000 32 76 108 -0.407407 28
8001 36 43 79 -0.0886076 28
8002 98 25 123 0.593496 26
8003 51 41 92 0.108696 30
8004 85 16 101 0.683168 23
8005 23 105 128 -0.640625 30
8006 26 56 82 -0.365854 24
8007 29 27 56 0.0357143 21
8008 8 101 109 -0.853211 25
8009 10 106 116 -0.827586 22
8010 19 94 113 -0.663717 27
8011 72 33 105 0.371429 27
8012 18 117 135 -0.733333 30
8013 56 34 90 0.244444 27
8014 41 58 99 -0.171717 31
8015 64 16 80 0.6 27
8016 17 84 101 -0.663366 22
8017 1 119 120 -0.983333 19
8018 56 45 101 0.108911 26
8019 193 1 194 0.989691 16
8020 120 13 133 0.804511 28
8021 30 58 88 -0.318182 28
8022 62 35 97 0.278351 22
8023 40 33 73 0.0958904 23
8024 6 82 88 -0.863636 21
8025 84 20 104 0.615385 26
8026 57 40 97 0.175258 28
8027 91 40 131 0.389313 28
8028 19 105 124 -0.693548 28
8029 52 37 89 0.168539 30
8030 21 70 91 -0.538462 28
8031 54 71 125 -0.136 27
8032 58 53 111 0.045045 27
8033 45 63 108 -0.166667 32
8034 12 115 127 -0.811024 21
8035 72 46 118 0.220339 34
8036 7 97 104 -0.865385 22
8037 77 21 98 0.571429 29
8038 93 22 115 0.617391 31
8039 15 108 123 -0.756098 28
8040 36 73 109 -0.33945 32
8041 60 13 73 0.643836 25
8042 28 47 75 -0.253333 24
8043 87 3 90 0.933333 20
8044 33 50 83 -0.204819 29
8045 101 7 108 0.87037 23
8046 44 56 100 -0.12 33
8047 10 93 103 -0.805825 25
8048 50 56 106 -0.0566038 28
8049 19 67 86 -0.55814 29
8050 55 65 120 -0.0833333 30
8051 13 81 94 -0.723404 23
8052 19 73 92 -0.586957 27
8053 47 56 103 -0.0873786 27
8054 70 48 118 0.186441 30
8055 45 36 81 0.111111 25
8056 25 24 49 0.0204082 27
8057 11 132 143 -0.846154 25
8058 31 60 91 -0.318681 29
8059 59 26 85 0.388235 30
8060 139 16 155 0.793548 27
8061 12 85 97 -0.752577 25
8062 82 14 96 0.708333 22
8063 63 17 80 0.575 26
8064 17 101 118 -0.711864 26
8065 24 87 111 -0.567568 22
8066 40 58 98 -0.183673 29
8067 6 100 106 -0.886792 24
8068 35 84 119 -0.411765 22
8069 37 55 92 -0.195652 26
8070 48 29 77 0.246753 24
8071 104 0 104 1 18
8072 48 63 111 -0.135135 30
8073 21 64 85 -0.505882 28
8074 15 90 105 -0.714286 22
8075 11 69 80 -0.725 24
8076 109 16 125 0.744 27
8077 60 45 105 0.142857 27
8078 20 94 114 -0.649123 28
8079 33 78 111 -0.405405 31
8080 13 86 99 -0.737374 24
8081 65 6 71 0.830986 22
8082 128 24 152 0.684211 29
8083 55 35 90 0.222222 29
8084 88 13 101 0.742574 23
8085 79 31 110 0.436364 26
8086 14 98 112 -0.75 24
8087 39 27 66 0.181818 25
8088 103 21 124 0.66129 30
8089 28 75 103 -0.456311 28
8090 17 81 98 -0.653061 24
8091 75 13 88 0.704545 27
8092 67 23 90 0.488889 22
8093 146 10 156 0.871795 25
8094 19 86 105 -0.638095 30
8095 112 10 122 0.836066 20
8096 43 60 103 -0.165049 27
8097 35 51 86 -0.186047 30
8098 9 115 124 -0.854839 21
8099 33 19 52 0.269231 26
8100 29 79 108 -0.462963 29
8101 4 128 132 -0.939394 17
8102 44 55 99 -0.111111 30
8103 11 61 72 -0.694444 21
8104 65 15 80 0.625 27
8105 90 7 97 0.85567 23
8106 96 42 138 0.391304 31
8107 137 2 139 0.971223 18
8108 83 48 131 0.267176 35
8109 58 46 104 0.115385 32
8110 45 13 58 0.551724 18
8111 96 25 121 0.586777 29
8112 8 128 136 -0.882353 24
8113 118 7 125 0.888 24
8114 128 2 130 0.969231 15
8115 77 2 79 0.949367 18
8116 110 3 113 0.946903 18
8117 48 45 93 0.0322581 25
8118 104 15 119 0.747899 23
8119 38 86 124 -0.387097 31
8120 112 14 126 0.777778 25
8121 6 134 140 -0.914286 23
8122 39 70 109 -0.284404 30
8123 64 20 84 0.52381 23
8124 26 83 109 -0.522936 28
8125 4 77 81 -0.901235 19
8126 71 42 113 0.256637 30
8127 17 107 124 -0.725806 23
8128 60 25 85 0.411765 29
8129 84 26 110 0.527273 27
8130 98 34 132 0.484848 31
8131 16 104 120 -0.733333 21
8132 101 2 103 0.961165 19
8133 78 12 90 0.733333 28
8134 5 100 105 -0.904762 23
8135 47 69 116 -0.189655 30
8136 39 55 94 -0.170213 22
8137 13 2 15 0.733333 8
8138 31 80 111 -0.441441 32
8139 52 57 109 -0.0458716 22
8140 40 53 93 -0.139785 33
8141 15 92 107 -0.719626 27
8142 24 69 93 -0.483871 28
8143 81 4 85 0.905882 21
8144 33 77 110 -0.4 27
8145 4 84 88 -0.909091 15
8146 6 84 90 -0.866667 25
8147 102 14 116 0.758621 27
8148 92 5 97 0.896907 23
8149 27 79 106 -0.490566 32
8150 72 36 108 0.333333 31
8151 43 41 84 0.0238095 27
8152 42 54 96 -0.125 27
8153 116 10 126 0.84127 20
8154 44 59 103 -0.145631 30
8155 43 62 105 -0.180952 30
8156 47 90 137 -0.313869 32
8157 108 7 115 0.878261 18
8158 9 95 104 -0.826923 27
8159 65 51 116 0.12069 25
8160 42 57 99 -0.151515 27
8161 7 82 89 -0.842697 25
8162 77 21 98 0.571429 28
8163 82 19 101 0.623762 25
8164 17 121 138 -0.753623 30
8165 37 85 122 -0.393443 33
8166 98 14 112 0.75 27
8167 41 41 82 0 25
8168 49 55 104 -0.0576923 32
8169 94 11 105 0.790476 22
8170 27 69 96 -0.4375 29
8171 37 22 59 0.254237 25
8172 12 117 129 -0.813953 26
8173 21 82 103 -0.592233 29
8174 14 111 125 -0.776 25
8175 2 176 178 -0.977528 13
8176 55 56 111 -0.00900901 27
8177 75 31 106 0.415094 26
8178 33 89 122 -0.459016 23
8179 18 112 130 -0.723077 24
8180 37 59 96 -0.229167 27
8181 37 61 98 -0.244898 28
8182 44 52 96 -0.0833333 28
8183 23 65 88 -0.477273 29
8184 91 5 96 0.895833 20
8185 20 82 102 -0.607843 29
8186 41 62 103 -0.203883 29
8187 17 101 118 -0.711864 23
8188 22 93 115 -0.617391 29
8189 15 69 84 -0.642857 27
8190 40 52 92 -0.130435 29
8191 13 92 105 -0.752381 29
8192 48 68 116 -0.172414 31
8193 67 23 90 0.488889 25
8194 42 44 86 -0.0232558 34
8195 78 26 104 0.5 30
8196 106 16 122 0.737705 25
8197 86 14 100 0.72 26
8198 20 86 106 -0.622642 22
8199 77 9 86 0.790698 26
8200 42 61 103 -0.184466 27
8201 23 74 97 -0.525773 28
8202 4 104 108 -0.925926 20
8203 52 26 78 0.333333 24
8204 97 7 104 0.865385 17
8205 4 85 89 -0.910112 21
8206 20 112 132 -0.69697 24
8207 35 47 82 -0.146341 25
8208 84 7 91 0.846154 25
8209 25 87 112 -0.553571 20
8210 3 109 112 -0.946429 21
8211 69 34 103 0.339806 29
8212 23 75 98 -0.530612 27
8213 43 38 81 0.0617284 23
8214 93 13 106 0.754717 24
8215 75 35 110 0.363636 32
8216 8 120 128 -0.875 18
8217 92 47 139 0.323741 32
8218 21 96 117 -0.641026 23
8219 18 79 97 -0.628866 25
8220 76 28 104 0.461538 31
8221 34 68 102 -0.333333 26
8222 50 40 90 0.111111 25
8223 70 34 104 0.346154 29
8224 18 65 83 -0.566265 28
8225 26 89 115 -0.547826 29
8226 30 88 118 -0.491525 26
8227 71 36 107 0.327103 23
8228 32 71 103 -0.378641 30
8229 143 5 148 0.932432 16
8230 39 76 115 -0.321739 30
8231 94 9 103 0.825243 24
8232 120 19 139 0.726619 27
8233 57 23 80 0.425 30
8234 40 44 84 -0.047619 27
8235 56 21 77 0.454545 24
8236 36 43 79 -0.0886076 23
8237 28 56 84 -0.333333 26
8238 41 65 106 -0.226415 29
8239 71 53 124 0.145161 29
8240 51 50 101 0.00990099 26
8241 27 76 103 -0.475728 29
8242 48 49 97 -0.0103093 23
8243 69 29 98 0.408163 27
8244 31 85 116 -0.465517 23
8245 77 26 103 0.495146 31
8246 38 79 117 -0.350427 31
8247 31 37 68 -0.0882353 24
8248 37 70 107 -0.308411 31
8249 50 69 119 -0.159664 31
8250 6 85 91 -0.868132 25
8251 48 38 86 0.116279 31
8252 97 22 119 0.630252 28
8253 35 62 97 -0.278351 27
8254 88 20 108 0.62963 25
8255 47 65 112 -0.160714 28
8256 28 26 54 0.037037 19
8257 43 37 80 0.075 28
8258 86 15 101 0.70297 26
8259 52 65 117 -0.111111 33
8260 134 6 140 0.914286 20
8261 39 83 122 -0.360656 29
8262 54 46 100 0.08 31
8263 42 89 131 -0.358779 35
8264 67 44 111 0.207207 35
8265 23 35 58 -0.206897 22
8266 58 52 110 0.0545455 28
8267 100 12 112 0.785714 27
8268 21 65 86 -0.511628 27
8269 69 19 88 0.568182 25
8270 115 36 151 0.523179 27
8271 44 47 91 -0.032967 27
8272 41 69 110 -0.254545 27
8273 109 18 127 0.716535 29
8274 108 5 113 0.911504 22
8275 67 36 103 0.300971 31
8276 55 60 115 -0.0434783 33
8277 8 77 85 -0.811765 18
8278 66 31 97 0.360825 28
8279 33 78 111 -0.405405 31
8280 52 83 135 -0.22963 32
8281 83 11 94 0.765957 24
8282 49 29 78 0.25641 26
8283 54 44 98 0.102041 26
8284 109 16 125 0.744 29
8285 18 74 92 -0.608696 20
8286 129 6 135 0.911111 22
8287 45 73 118 -0.237288 30
8288 49 45 94 0.0425532 34
8289 42 42 84 0 29
8290 90 32 122 0.47541 33
8291 9 100 109 -0.834862 25
8292 72 33 105 0.371429 23
8293 122 0 122 1 18
8294 25 61 86 -0.418605 29
8295 42 46 88 -0.0454545 29
8296 64 17 81 0.580247 25
8297 81 31 112 0.446429 28
8298 77 10 87 0.770115 26
8299 18 77 95 -0.621053 23
8300 37 92 129 -0.426357 30
8301 21 51 72 -0.416667 22
8302 45 47 92 -0.0217391 33
8303 99 16 115 0.721739 26
8304 83 26 109 0.522936 20
8305 57 46 103 0.106796 28
8306 1 55 56 -0.964286 14
8307 13 142 155 -0.832258 25
8308 69 40 109 0.266055 32
8309 75 18 93 0.612903 26
8310 49 44 93 0.0537634 26
8311 138 6 144 0.916667 21
8312 15 81 96 -0.6875 25
8313 78 12 90 0.733333 27
8314 130 8 138 0.884058 23
8315 10 107 117 -0.82906 28
8316 103 11 114 0.807018 23
8317 58 28 86 0.348837 28
8318 24 61 85 -0.435294 26
8319 82 40 122 0.344262 29
8320 47 65 112 -0.160714 29
8321 38 51 89 -0.146067 28
8322 92 23 115 0.6 25
8323 50 50 100 0 31
8324 7 101 108 -0.87037 23
8325 97 13 110 0.763636 27
8326 123 11 134 0.835821 25
8327 48 25 73 0.315068 20
8328 81 31 112 0.446429 33
8329 17 72 89 -0.617978 26
8330 9 117 126 -0.857143 25
8331 47 60 107 -0.121495 28
8332 17 103 120 -0.716667 20
8333 5 130 135 -0.925926 24
8334 28 94 122 -0.540984 27
8335 77 16 93 0.655914 28
8336 44 96 140 -0.371429 30
8337 108 22 130 0.661538 24
8338 37 24 61 0.213115 27
8339 17 121 138 -0.753623 25
8340 27 34 61 -0.114754 20
8341 89 21 110 0.618182 31
8342 16 136 152 -0.789474 29
8343 90 25 115 0.565217 27
8344 83 29 112 0.482143 27
8345 24 84 108 -0.555556 24
8346 13 104 117 -0.777778 22
8347 93 15 108 0.722222 25
8348 74 37 111 0.333333 26
8349 112 6 118 0.898305 21
8350 76 11 87 0.747126 27
8351 43 28 71 0.211268 26
8352 17 82 99 -0.656566 27
8353 76 44 120 0.266667 26
8354 12 85 97 -0.752577 24
8355 112 11 123 0.821138 24
8356 65 43 108 0.203704 32
8357 37 52 89 -0.168539 27
8358 62 21 83 0.493976 26
8359 58 23 81 0.432099 27
8360 58 28 86 0.348837 30
8361 92 18 110 0.672727 27
8362 3 117 120 -0.95 22
8363 49 53 102 -0.0392157 27
8364 29 56 85 -0.317647 25
8365 53 16 69 0.536232 24
8366 54 60 114 -0.0526316 25
8367 26 85 111 -0.531532 29
8368 107 18 125 0.712 24
8369 113 17 130 0.738462 20
8370 36 51 87 -0.172414 27
8371 14 89 103 -0.728155 28
8372 14 132 146 -0.808219 26
8373 50 48 98 0.0204082 28
8374 62 43 105 0.180952 32
8375 92 5 97 0.896907 23
8376 57 31 88 0.295455 30
8377 32 73 105 -0.390476 26
8378 72 15 87 0.655172 29
8379 28 66 94 -0.404255 29
8380 64 7 71 0.802817 22
8381 115 8 123 0.869919 19
8382 64 7 71 0.802817 22
8383 12 150 162 -0.851852 24
8384 108 8 116 0.862069 25
8385 21 76 97 -0.56701 25
8386 85 31 116 0.465517 28
8387 20 93 113 -0.646018 25
8388 67 29 96 0.395833 30
8389 62 28 90 0.377778 30
8390 90 6 96 0.875 21
8391 46 48 94 -0.0212766 27
8392 35 86 121 -0.421488 24
8393 51 33 84 0.214286 28
8394 85 16 101 0.683168 30
8395 8 96 104 -0.846154 25
8396 41 64 105 -0.219048 36
8397 52 38 90 0.155556 32
8398 26 66 92 -0.434783 27
8399 8 119 127 -0.874016 25
8400 118 12 130 0.815385 25
8401 106 21 127 0.669291 25
8402 35 80 115 -0.391304 28
8403 17 126 143 -0.762238 26
8404 42 40 82 0.0243902 26
8405 22 121 143 -0.692308 25
8406 77 36 113 0.362832 25
8407 62 62 124 0 32
8408 58 53 111 0.045045 30
8409 56 56 112 0 31
8410 35 68 103 -0.320388 32
8411 27 40 67 -0.19403 25
8412 32 70 102 -0.372549 26
8413 58 76 134 -0.134328 27
8414 22 92 114 -0.614035 23
8415 62 2 64 0.9375 20
8416 52 31 83 0.253012 21
8417 75 22 97 0.546392 27
8418 65 45 110 0.181818 30
8419 35 71 106 -0.339623 22
8420 20 97 117 -0.65812 25
8421 68 40 108 0.259259 32
8422 103 20 123 0.674797 31
8423 62 41 103 0.203883 29
8424 133 11 144 0.847222 16
8425 73 39 112 0.303571 32
8426 6 95 101 -0.881188 15
8427 33 78 111 -0.405405 30
8428 12 89 101 -0.762376 23
8429 70 26 96 0.458333 30
8430 34 87 121 -0.438017 27
8431 78 14 92 0.695652 25
8432 79 32 111 0.423423 27
8433 104 23 127 0.637795 32
8434 43 64 107 -0.196262 26
8435 86 12 98 0.755102 27
8436 26 78 104 -0.5 24
8437 112 3 115 0.947826 21
8438 81 31 112 0.446429 27
8439 11 127 138 -0.84058 23
8440 24 84 108 -0.555556 30
8441 58 14 72 0.611111 27
8442 46 33 79 0.164557 31
8443 109 13 122 0.786885 25
8444 85 22 107 0.588785 28
8445 12 96 108 -0.777778 19
8446 46 51 97 -0.0515464 30
8447 20 142 162 -0.753086 22
8448 13 111 124 -0.790323 23
8449 110 16 126 0.746032 25
8450 13 142 155 -0.832258 20
8451 68 13 81 0.679012 28
8452 126 14 140 0.8 22
8453 77 27 104 0.480769 25
8454 51 26 77 0.324675 30
8455 85 34 119 0.428571 29
8456 109 2 111 0.963964 21
8457 30 79 109 -0.449541 21
8458 132 16 148 0.783784 27
8459 14 104 118 -0.762712 24
8460 35 86 121 -0.421488 24
8461 36 70 106 -0.320755 23
8462 75 20 95 0.578947 27
8463 107 6 113 0.893805 24
8464 64 30 94 0.361702 20
8465 51 45 96 0.0625 25
8466 64 37 101 0.267327 33
8467 9 97 106 -0.830189 25
8468 2 152 154 -0.974026 16
8469 4 118 122 -0.934426 20
8470 64 58 122 0.0491803 27
8471 27 70 97 -0.443299 25
8472 2 114 116 -0.965517 18
8473 122 8 130 0.876923 24
8474 72 41 113 0.274336 30
8475 20 90 110 -0.636364 27
8476 60 24 84 0.428571 31
8477 28 69 97 -0.42268 24
8478 5 100 105 -0.904762 23
8479 108 19 127 0.700787 31
8480 2 116 118 -0.966102 18
8481 82 25 107 0.53271 29
8482 146 3 149 0.959732 19
8483 69 37 106 0.301887 23
8484 5 126 131 -0.923664 16
8485 30 50 80 -0.25 22
8486 45 64 109 -0.174312 21
8487 19 99 118 -0.677966 26
8488 33 68 101 -0.346535 29
8489 91 16 107 0.700935 25
8490 13 103 116 -0.775862 24
8491 54 9 63 0.714286 24
8492 95 9 104 0.826923 20
8493 42 89 131 -0.358779 31
8494 81 14 95 0.705263 28
8495 106 18 124 0.709677 31
8496 125 9 134 0.865672 13
8497 62 33 95 0.305263 27
8498 76 26 102 0.490196 29
8499 63 60 123 0.0243902 29
8500 127 7 134 0.895522 19
8501 2 94 96 -0.958333 20
8502 13 70 83 -0.686747 27
8503 6 87 93 -0.870968 24
8504 117 3 120 0.95 21
8505 63 44 107 0.17757 28
8506 83 20 103 0.61165 24
8507 18 61 79 -0.544304 29
8508 15 92 107 -0.719626 30
8509 91 18 109 0.669725 28
8510 9 12 21 -0.142857 12
8511 10 133 143 -0.86014 18
8512 114 26 140 0.628571 27
8513 46 44 90 0.0222222 31
8514 102 17 119 0.714286 29
8515 101 9 110 0.836364 24
8516 13 82 95 -0.726316 25
8517 3 137 140 -0.957143 17
8518 124 6 130 0.907692 18
8519 132 9 141 0.87234 22
8520 25 109 134 -0.626866 28
8521 49 31 80 0.225 27
8522 55 59 114 -0.0350877 29
8523 55 51 106 0.0377358 28
8524 4 145 149 -0.946309 17
8525 78 21 99 0.575758 28
8526 22 96 118 -0.627119 31
8527 56 73 129 -0.131783 26
8528 91 35 126 0.444444 32
8529 87 39 126 0.380952 33
8530 32 57 89 -0.280899 32
8531 123 14 137 0.79562 25
8532 57 56 113 0.00884956 29
8533 30 100 130 -0.538462 27
8534 32 86 118 -0.457627 31
8535 42 62 104 -0.192308 27
8536 29 59 88 -0.340909 29
8537 19 58 77 -0.506494 31
8538 19 126 145 -0.737931 26
8539 15 99 114 -0.736842 26
8540 61 40 101 0.207921 29
8541 92 35 127 0.448819 30
8542 21 68 89 -0.52809 29
8543 21 85 106 -0.603774 27
8544 106 10 116 0.827586 23
8545 64 28 92 0.391304 29
8546 55 28 83 0.325301 26
8547 60 35 95 0.263158 28
8548 31 87 118 -0.474576 28
8549 20 75 95 -0.578947 29
8550 104 25 129 0.612403 22
8551 24 64 88 -0.454545 28
8552 22 85 107 -0.588785 21
8553 41 39 80 0.025 30
8554 128 12 140 0.828571 24
8555 73 34 107 0.364486 30
8556 7 105 112 -0.875 20
8557 31 57 88 -0.295455 28
8558 72 17 89 0.617978 26
8559 4 89 93 -0.913978 18
8560 8 93 101 -0.841584 25
8561 50 59 109 -0.0825688 23
8562 116 11 127 0.826772 22
8563 8 74 82 -0.804878 24
8564 63 25 88 0.431818 24
8565 27 90 117 -0.538462 29
8566 49 54 103 -0.0485437 29
8567 33 56 89 -0.258427 32
8568 83 26 109 0.522936 32
8569 82 13 95 0.726316 28
8570 58 43 101 0.148515 31
8571 40 47 87 -0.0804598 30
8572 120 17 137 0.751825 23
8573 19 121 140 -0.728571 27
8574 9 125 134 -0.865672 22
8575 112 5 117 0.91453 17
8576 14 76 90 -0.688889 23
8577 56 62 118 -0.0508475 27
8578 23 72 95 -0.515789 29
8579 83 42 125 0.328 25
8580 23 68 91 -0.494505 25
8581 88 7 95 0.852632 22
8582 39 48 87 -0.103448 30
8583 14 66 80 -0.65 26
8584 63 46 109 0.155963 24
8585 16 106 122 -0.737705 24
8586 10 80 90 -0.777778 25
8587 18 100 118 -0.694915 28
8588 67 50 117 0.145299 30
8589 69 38 107 0.28972 30
8590 22 59 81 -0.45679 23
8591 17 104 121 -0.719008 28
8592 118 5 123 0.918699 22
8593 103 34 137 0.50365 27
8594 8 102 110 -0.854545 22
8595 26 70 96 -0.458333 25
8596 93 7 100 0.86 22
8597 8 82 90 -0.822222 22
8598 47 53 100 -0.06 21
8599 62 51 113 0.0973451 29
8600 102 20 122 0.672131 27
8601 57 78 135 -0.155556 30
8602 40 74 114 -0.298246 29
8603 26 34 60 -0.133333 20
8604 148 7 155 0.909677 19
8605 71 27 98 0.44898 28
8606 6 110 116 -0.896552 15
8607 43 52 95 -0.0947368 22
8608 56 66 122 -0.0819672 33
8609 69 22 91 0.516484 28
8610 122 28 150 0.626667 33
8611 53 53 106 0 32
8612 133 16 149 0.785235 26
8613 64 11 75 0.706667 26
8614 59 39 98 0.204082 26
8615 42 72 114 -0.263158 27
8616 23 87 110 -0.581818 26
8617 103 17 120 0.716667 29
8618 10 108 118 -0.830508 20
8619 17 86 103 -0.669903 26
8620 18 91 109 -0.669725 19
8621 20 120 140 -0.714286 23
8622 32 112 144 -0.555556 25
8623 48 36 84 0.142857 29
8624 83 17 100 0.66 29
8625 9 76 85 -0.788235 18
8626 75 28 103 0.456311 31
8627 6 71 77 -0.844156 22
8628 108 16 124 0.741935 22
8629 52 34 86 0.209302 26
8630 43 25 68 0.264706 26
8631 67 31 98 0.367347 29
8632 61 28 89 0.370787 30
8633 123 15 138 0.782609 27
8634 70 35 105 0.333333 31
8635 60 52 112 0.0714286 29
8636 69 18 87 0.586207 22
8637 72 33 105 0.371429 36
8638 62 54 116 0.0689655 23
8639 154 8 162 0.901235 23
8640 16 129 145 -0.77931 19
8641 72 34 106 0.358491 26
8642 88 16 104 0.692308 28
8643 100 25 125 0.6 26
8644 78 43 121 0.289256 29
8645 105 18 123 0.707317 28
8646 47 78 125 -0.248 29
8647 40 57 97 -0.175258 32
8648 26 51 77 -0.324675 28
8649 50 61 111 -0.0990991 30
8650 23 56 79 -0.417722 22
8651 9 78 87 -0.793103 21
8652 27 63 90 -0.4 26
8653 12 94 106 -0.773585 25
8654 41 61 102 -0.196078 29
8655 47 31 78 0.205128 24
8656 17 98 115 -0.704348 28
8657 82 12 94 0.744681 27
8658 97 35 132 0.469697 26
8659 18 84 102 -0.647059 23
8660 37 50 87 -0.149425 26
8661 74 42 116 0.275862 33
8662 10 75 85 -0.764706 23
8663 73 43 116 0.258621 30
8664 33 64 97 -0.319588 34
8665 37 70 107 -0.308411 23
8666 77 23 100 0.54 29
8667 65 56 121 0.0743802 27
8668 16 52 68 -0.529412 24
8669 73 30 103 0.417476 28
8670 39 58 97 -0.195876 22
8671 40 81 121 -0.338843 31
8672 25 67 92 -0.456522 27
8673 71 9 80 0.775 25
8674 11 68 79 -0.721519 26
8675 29 103 132 -0.560606 25
8676 22 60 82 -0.463415 25
8677 27 81 108 -0.5 27
8678 37 55 92 -0.195652 32
8679 40 54 94 -0.148936 28
8680 148 5 153 0.934641 19
8681 13 74 87 -0.701149 25
8682 33 64 97 -0.319588 29
8683 43 51 94 -0.0851064 24
8684 29 17 46 0.26087 15
8685 7 69 76 -0.815789 23
8686 74 28 102 0.45098 32
8687 56 78 134 -0.164179 31
8688 68 10 78 0.74359 25
8689 54 50 104 0.0384615 27
8690 12 90 102 -0.764706 24
8691 7 106 113 -0.876106 17
8692 106 18 124 0.709677 27
8693 42 69 111 -0.243243 29
8694 16 83 99 -0.676768 28
8695 58 38 96 0.208333 27
8696 123 9 132 0.863636 22
8697 91 40 131 0.389313 28
8698 118 20 138 0.710145 27
8699 27 75 102 -0.470588 26
8700 71 7 78 0.820513 19
8701 78 35 113 0.380531 25
8702 66 42 108 0.222222 30
8703 9 87 96 -0.8125 24
8704 38 103 141 -0.460993 26
8705 38 51 89 -0.146067 30
8706 47 34 81 0.160494 28
8707 112 19 131 0.709924 26
8708 53 36 89 0.191011 26
8709 30 71 101 -0.405941 28
8710 60 75 135 -0.111111 31
8711 71 40 111 0.279279 28
8712 13 125 138 -0.811594 23
8713 95 1 96 0.979167 19
8714 51 68 119 -0.142857 27
8715 47 43 90 0.0444444 26
8716 18 108 126 -0.714286 30
8717 20 91 111 -0.63964 24
8718 44 53 97 -0.0927835 26
8719 133 4 137 0.941606 20
8720 45 59 104 -0.134615 33
8721 146 11 157 0.859873 20
8722 17 47 64 -0.46875 22
8723 77 35 112 0.375 29
8724 77 23 100 0.54 29
8725 5 74 79 -0.873418 19
8726 106 21 127 0.669291 28
8727 71 52 123 0.154472 32
8728 54 50 104 0.0384615 34
8729 27 53 80 -0.325 30
8730 47 19 66 0.424242 24
8731 73 28 101 0.445545 29
8732 94 36 130 0.446154 28
8733 86 12 98 0.755102 28
8734 119 5 124 0.919355 20
8735 4 81 85 -0.905882 21
8736 9 57 66 -0.727273 19
8737 49 44 93 0.0537634 26
8738 131 7 138 0.898551 22
8739 10 90 100 -0.8 27
8740 66 26 92 0.434783 27
8741 126 12 138 0.826087 26
8742 22 69 91 -0.516484 24
8743 58 59 117 -0.00854701 33
8744 30 75 105 -0.428571 28
8745 30 73 103 -0.417476 27
8746 77 22 99 0.555556 31
8747 75 22 97 0.546392 31
8748 55 31 86 0.27907 30
8749 18 82 100 -0.64 27
8750 15 114 129 -0.767442 24
8751 12 109 121 -0.801653 22
8752 59 33 92 0.282609 30
8753 8 111 119 -0.865546 19
8754 57 66 123 -0.0731707 34
8755 68 48 116 0.172414 28
8756 88 34 122 0.442623 26
8757 16 100 116 -0.724138 25
8758 58 49 107 0.0841121 28
8759 34 54 88 -0.227273 29
8760 21 128 149 -0.718121 22
8761 62 2 64 0.9375 14
8762 24 59 83 -0.421687 25
8763 27 70 97 -0.443299 28
8764 56 26 82 0.365854 31
8765 137 7 144 0.902778 22
8766 74 32 106 0.396226 29
8767 106 16 122 0.737705 27
8768 71 38 109 0.302752 27
8769 48 48 96 0 30
8770 84 12 96 0.75 27
8771 5 145 150 -0.933333 23
8772 49 44 93 0.0537634 26
8773 19 78 97 -0.608247 26
8774 69 18 87 0.586207 32
8775 65 48 113 0.150442 33
8776 7 124 131 -0.89313 22
8777 66 10 76 0.736842 19
8778 119 6 125 0.904 24
8779 144 6 150 0.92 24
8780 27 37 64 -0.15625 23
8781 51 17 68 0.5 27
8782 64 43 107 0.196262 29
8783 56 62 118 -0.0508475 31
8784 58 54 112 0.0357143 34
8785 94 11 105 0.790476 23
8786 46 63 109 -0.155963 28
8787 29 72 101 -0.425743 27
8788 27 95 122 -0.557377 29
8789 14 92 106 -0.735849 25
8790 62 53 115 0.0782609 28
8791 31 91 122 -0.491803 26
8792 39 69 108 -0.277778 27
8793 62 33 95 0.305263 28
8794 29 76 105 -0.447619 29
8795 56 65 121 -0.0743802 29
8796 29 77 106 -0.45283 29
8797 40 53 93 -0.139785 28
8798 22 44 66 -0.333333 23
8799 60 16 76 0.578947 30
8800 5 138 143 -0.93007 21
8801 62 8 70 0.771429 20
8802 111 13 124 0.790323 26
8803 45 23 68 0.323529 23
8804 63 53 116 0.0862069 31
8805 3 102 105 -0.942857 21
8806 69 50 119 0.159664 34
8807 14 89 103 -0.728155 27
8808 69 51 120 0.15 32
8809 130 8 138 0.884058 21
8810 107 16 123 0.739837 29
8811 62 27 89 0.393258 28
8812 48 44 92 0.0434783 33
8813 32 68 100 -0.36 31
8814 24 87 111 -0.567568 25
8815 87 29 116 0.5 32
8816 60 36 96 0.25 30
8817 22 80 102 -0.568627 28
8818 90 8 98 0.836735 25
8819 45 60 105 -0.142857 27
8820 80 30 110 0.454545 30
8821 118 12 130 0.815385 26
8822 6 96 102 -0.882353 25
8823 91 30 121 0.504132 23
8824 38 62 100 -0.24 27
8825 42 65 107 -0.214953 33
8826 44 50 94 -0.0638298 24
8827 56 39 95 0.178947 28
8828 4 140 144 -0.944444 19
8829 117 16 133 0.759398 18
8830 76 19 95 0.6 28
8831 35 72 107 -0.345794 23
8832 69 30 99 0.393939 30
8833 20 81 101 -0.60396 30
8834 30 88 118 -0.491525 29
8835 20 86 106 -0.622642 29
8836 67 43 110 0.218182 26
8837 18 69 87 -0.586207 27
8838 87 18 105 0.657143 26
8839 79 9 88 0.795455 25
8840 45 54 99 -0.0909091 28
8841 101 8 109 0.853211 24
8842 14 79 93 -0.698925 26
8843 64 45 109 0.174312 31
8844 56 5 61 0.836066 22
8845 28 89 117 -0.521368 27
8846 73 42 115 0.269565 25
8847 40 50 90 -0.111111 28
8848 75 38 113 0.327434 26
8849 44 46 90 -0.0222222 29
8850 72 40 112 0.285714 32
8851 92 10 102 0.803922 27
8852 57 56 113 0.00884956 24
8853 92 35 127 0.448819 32
8854 37 58 95 -0.221053 31
8855 10 101 111 -0.81982 25
8856 99 9 108 0.833333 24
8857 87 37 124 0.403226 29
8858 67 19 86 0.55814 26
8859 40 66 106 -0.245283 31
8860 20 46 66 -0.393939 26
8861 18 94 112 -0.678571 28
8862 4 129 133 -0.93985 19
8863 12 99 111 -0.783784 27
8864 13 89 102 -0.745098 27
8865 54 35 89 0.213483 24
8866 63 22 85 0.482353 27
8867 17 59 76 -0.552632 26
8868 17 102 119 -0.714286 27
8869 25 74 99 -0.494949 26
8870 80 45 125 0.28 32
8871 11 79 90 -0.755556 28
8872 63 36 99 0.272727 31
8873 5 87 92 -0.891304 22
8874 43 96 139 -0.381295 23
8875 117 18 135 0.733333 27
8876 36 80 116 -0.37931 29
8877 66 37 103 0.281553 31
8878 53 37 90 0.177778 30
8879 78 40 118 0.322034 31
8880 63 48 111 0.135135 30
8881 39 78 117 -0.333333 32
8882 69 43 112 0.232143 31
8883 6 139 145 -0.917241 24
8884 48 60 108 -0.111111 30
8885 84 31 115 0.46087 30
8886 84 46 130 0.292308 30
8887 95 18 113 0.681416 27
8888 80 37 117 0.367521 25
8889 7 68 75 -0.813333 23
8890 19 86 105 -0.638095 27
8891 36 47 83 -0.13253 32
8892 30 1 31 0.935484 12
8893 112 12 124 0.806452 30
8894 18 76 94 -0.617021 28
8895 5 109 114 -0.912281 23
8896 21 88 109 -0.614679 34
8897 120 16 136 0.764706 26
8898 75 35 110 0.363636 30
8899 27 85 112 -0.517857 28
8900 49 63 112 -0.125 32
8901 38 61 99 -0.232323 29
8902 79 18 97 0.628866 32
8903 23 60 83 -0.445783 25
8904 84 25 109 0.541284 28
8905 92 13 105 0.752381 23
8906 9 108 117 -0.846154 25
8907 10 113 123 -0.837398 23
8908 30 97 127 -0.527559 29
8909 77 14 91 0.692308 22
8910 12 48 60 -0.6 22
8911 34 58 92 -0.26087 30
8912 22 42 64 -0.3125 20
8913 40 66 106 -0.245283 25
8914 32 50 82 -0.219512 31
8915 51 51 102 0 29
8916 3 75 78 -0.923077 19
8917 30 85 115 -0.478261 31
8918 66 34 100 0.32 28
8919 85 35 120 0.416667 31
8920 73 31 104 0.403846 30
8921 44 85 129 -0.317829 31
8922 105 5 110 0.909091 20
8923 46 35 81 0.135802 26
8924 103 13 116 0.775862 26
8925 31 71 102 -0.392157 29
8926 23 58 81 -0.432099 31
8927 95 13 108 0.759259 27
8928 50 70 120 -0.166667 34
8929 78 20 98 0.591837 27
8930 25 75 100 -0.5 29
8931 74 23 97 0.525773 28
8932 42 60 102 -0.176471 29
8933 34 64 98 -0.306122 29
8934 21 126 147 -0.714286 33
8935 41 48 89 -0.0786517 23
8936 16 103 119 -0.731092 22
8937 98 26 124 0.580645 28
8938 9 117 126 -0.857143 17
8939 25 35 60 -0.166667 23
8940 11 28 39 -0.435897 15
8941 69 11 80 0.725 23
8942 94 28 122 0.540984 30
8943 14 109 123 -0.772358 24
8944 137 2 139 0.971223 20
8945 79 19 98 0.612245 27
8946 30 68 98 -0.387755 25
8947 4 83 87 -0.908046 19
8948 76 26 102 0.490196 30
8949 56 77 133 -0.157895 27
8950 9 64 73 -0.753425 23
8951 116 11 127 0.826772 27
8952 51 50 101 0.00990099 27
8953 18 86 104 -0.653846 26
8954 38 54 92 -0.173913 22
8955 91 11 102 0.784314 24
8956 17 100 117 -0.709402 28
8957 77 16 93 0.655914 26
8958 69 25 94 0.468085 25
8959 15 101 116 -0.741379 26
8960 44 76 120 -0.266667 30
8961 87 34 121 0.438017 23
8962 48 38 86 0.116279 26
8963 65 63 128 0.015625 32
8964 5 110 115 -0.913043 20
8965 11 119 130 -0.830769 26
8966 32 97 129 -0.503876 24
8967 42 53 95 -0.115789 31
8968 50 43 93 0.0752688 29
8969 71 25 96 0.479167 30
8970 76 7 83 0.831325 23
8971 33 43 76 -0.131579 30
8972 19 107 126 -0.698413 28
8973 89 51 140 0.271429 29
8974 50 23 73 0.369863 24
8975 47 47 94 0 30
8976 67 30 97 0.381443 27
8977 83 23 106 0.566038 27
8978 110 8 118 0.864407 23
8979 40 45 85 -0.0588235 27
8980 16 99 115 -0.721739 24
8981 40 38 78 0.025641 30
8982 24 2 26 0.846154 14
8983 120 4 124 0.935484 18
8984 83 16 99 0.676768 27
8985 1 101 102 -0.980392 17
8986 61 50 111 0.0990991 30
8987 29 92 121 -0.520661 31
8988 45 62 107 -0.158879 28
8989 40 59 99 -0.191919 22
8990 72 21 93 0.548387 25
8991 11 7 18 0.222222 11
8992 81 2 83 0.951807 19
8993 80 32 112 0.428571 29
8994 54 67 121 -0.107438 34
8995 9 127 136 -0.867647 24
8996 24 91 115 -0.582609 25
8997 81 49 130 0.246154 29
8998 43 83 126 -0.31746 30
8999 1 28 29 -0.931034 14
9000 30 60 90 -0.333333 26
9001 110 13 123 0.788618 21
9002 1 142 143 -0.986014 10
9003 32 88 120 -0.466667 29
9004 48 21 69 0.391304 25
9005 62 33 95 0.305263 28
9006 91 31 122 0.491803 32
9007 18 43 61 -0.409836 20
9008 25 65 90 -0.444444 29
9009 88 30 118 0.491525 28
9010 34 31 65 0.0461538 25
9011 5 140 145 -0.931034 22
9012 113 10 123 0.837398 22
9013 10 82 92 -0.782609 25
9014 86 36 122 0.409836 31
9015 63 41 104 0.211538 25
9016 120 4 124 0.935484 18
9017 38 6 44 0.727273 16
9018 43 64 107 -0.196262 32
9019 33 62 95 -0.305263 32
9020 26 73 99 -0.474747 30
9021 54 40 94 0.148936 31
9022 75 21 96 0.5625 28
9023 73 18 91 0.604396 28
9024 70 34 104 0.346154 30
9025 10 105 115 -0.826087 25
9026 24 93 117 -0.589744 28
9027 30 72 102 -0.411765 27
9028 18 126 144 -0.75 32
9029 45 57 102 -0.117647 36
9030 96 13 109 0.761468 22
9031 105 21 126 0.666667 29
9032 72 36 108 0.333333 27
9033 14 92 106 -0.735849 26
9034 60 46 106 0.132075 31
9035 62 62 124 0 30
9036 27 79 106 -0.490566 30
9037 68 31 99 0.373737 31
9038 11 132 143 -0.846154 28
9039 45 68 113 -0.20354 32
9040 57 7 64 0.78125 20
9041 37 74 111 -0.333333 31
9042 68 55 123 0.105691 35
9043 38 36 74 0.027027 28
9044 30 52 82 -0.268293 25
9045 74 39 113 0.309735 30
9046 67 9 76 0.763158 21
9047 58 40 98 0.183673 25
9048 65 5 70 0.857143 21
9049 1 76 77 -0.974026 20
9050 74 22 96 0.541667 23
9051 119 10 129 0.844961 20
9052 32 97 129 -0.503876 31
9053 73 34 107 0.364486 28
9054 50 16 66 0.515152 21
9055 114 3 117 0.948718 19
9056 15 101 116 -0.741379 28
9057 72 24 96 0.5 29
9058 88 38 126 0.396825 29
9059 36 24 60 0.2 23
9060 25 115 140 -0.642857 33
9061 84 38 122 0.377049 31
9062 40 52 92 -0.130435 26
9063 9 94 103 -0.825243 22
9064 79 10 89 0.775281 21
9065 33 69 102 -0.352941 27
9066 22 118 140 -0.685714 25
9067 64 66 130 -0.0153846 29
9068 53 71 124 -0.145161 33
9069 76 29 105 0.447619 30
9070 82 19 101 0.623762 28
9071 81 17 98 0.653061 28
9072 83 23 106 0.566038 23
9073 54 25 79 0.367089 29
9074 40 98 138 -0.42029 31
9075 75 10 85 0.764706 25
9076 24 118 142 -0.661972 29
9077 69 23 92 0.5 24
9078 111 28 139 0.597122 32
9079 61 80 141 -0.134752 23
9080 72 24 96 0.5 25
9081 6 95 101 -0.881188 21
9082 11 50 61 -0.639344 16
9083 37 38 75 -0.0133333 27
9084 72 33 105 0.371429 25
9085 3 133 136 -0.955882 17
9086 11 53 64 -0.65625 17
9087 33 61 94 -0.297872 26
9088 4 124 128 -0.9375 23
9089 50 27 77 0.298701 23
9090 123 15 138 0.782609 20
9091 74 25 99 0.494949 27
9092 24 96 120 -0.6 29
9093 69 45 114 0.210526 29
9094 58 43 101 0.148515 30
9095 8 81 89 -0.820225 25
9096 51 50 101 0.00990099 26
9097 68 37 105 0.295238 32
9098 158 16 174 0.816092 24
9099 56 24 80 0.4 30
9100 106 3 109 0.944954 20
9101 107 20 127 0.685039 23
9102 41 50 91 -0.0989011 25
9103 25 1 26 0.923077 12
9104 63 50 113 0.115044 25
9105 40 64 104 -0.230769 33
9106 3 117 120 -0.95 21
9107 70 14 84 0.666667 24
9108 82 18 100 0.64 25
9109 24 54 78 -0.384615 27
9110 37 49 86 -0.139535 26
9111 26 83 109 -0.522936 29
9112 56 56 112 0 28
9113 78 42 120 0.3 24
9114 30 27 57 0.0526316 23
9115 48 77 125 -0.232 29
9116 53 74 127 -0.165354 32
9117 79 23 102 0.54902 28
9118 90 27 117 0.538462 29
9119 2 137 139 -0.971223 18
9120 12 86 98 -0.755102 23
9121 8 60 68 -0.764706 20
9122 34 14 48 0.416667 20
9123 72 2 74 0.945946 13
9124 47 61 108 -0.12963 27
9125 18 102 120 -0.7 20
9126 70 1 71 0.971831 19
9127 22 90 112 -0.607143 21
9128 106 17 123 0.723577 25
9129 28 44 72 -0.222222 28
9130 12 74 86 -0.72093 24
9131 47 68 115 -0.182609 32
9132 10 116 126 -0.84127 26
9133 51 49 100 0.02 35
9134 92 31 123 0.495935 23
9135 103 7 110 0.872727 21
9136 43 77 120 -0.283333 28
9137 111 17 128 0.734375 22
9138 46 83 129 -0.286822 31
9139 51 38 89 0.146067 30
9140 64 52 116 0.103448 27
9141 45 53 98 -0.0816327 26
9142 121 14 135 0.792593 24
9143 25 63 88 -0.431818 26
9144 79 32 111 0.423423 29
9145 35 72 107 -0.345794 28
9146 6 102 108 -0.888889 17
9147 75 35 110 0.363636 28
9148 58 70 128 -0.09375 24
9149 140 7 147 0.904762 25
9150 34 47 81 -0.160494 25
9151 49 73 122 -0.196721 33
9152 22 73 95 -0.536842 26
9153 11 66 77 -0.714286 23
9154 91 14 105 0.733333 25
9155 12 134 146 -0.835616 21
9156 10 109 119 -0.831933 24
9157 58 38 96 0.208333 32
9158 15 127 142 -0.788732 27
9159 65 27 92 0.413043 30
9160 126 20 146 0.726027 24
9161 33 47 80 -0.175 25
9162 72 39 111 0.297297 24
9163 57 37 94 0.212766 27
9164 73 24 97 0.505155 26
9165 9 112 121 -0.85124 23
9166 52 74 126 -0.174603 26
9167 84 17 101 0.663366 19
9168 20 68 88 -0.545455 32
9169 71 37 108 0.314815 27
9170 90 9 99 0.818182 18
9171 71 11 82 0.731707 24
9172 65 31 96 0.354167 25
9173 52 15 67 0.552239 24
9174 111 25 136 0.632353 31
9175 58 63 121 -0.0413223 28
9176 117 17 134 0.746269 25
9177 51 35 86 0.186047 22
9178 123 17 140 0.757143 24
9179 86 4 90 0.911111 23
9180 20 50 70 -0.428571 28
9181 66 42 108 0.222222 28
9182 120 6 126 0.904762 24
9183 54 42 96 0.125 31
9184 30 57 87 -0.310345 28
9185 78 27 105 0.485714 31
9186 59 61 120 -0.0166667 25
9187 27 80 107 -0.495327 29
9188 110 12 122 0.803279 23
9189 59 71 130 -0.0923077 30
9190 20 86 106 -0.622642 28
9191 92 19 111 0.657658 29
9192 32 76 108 -0.407407 26
9193 52 55 107 -0.0280374 30
9194 47 33 80 0.175 25
9195 20 85 105 -0.619048 26
9196 64 55 119 0.0756303 33
9197 63 43 106 0.188679 34
9198 23 76 99 -0.535354 25
9199 117 7 124 0.887097 18
9200 54 44 98 0.102041 34
9201 10 81 91 -0.78022 26
9202 61 35 96 0.270833 29
9203 52 23 75 0.386667 30
9204 30 88 118 -0.491525 28
9205 14 105 119 -0.764706 26
9206 70 37 107 0.308411 29
9207 52 41 93 0.11828 28
9208 12 2 14 0.714286 8
9209 61 32 93 0.311828 28
9210 9 109 118 -0.847458 22
9211 38 60 98 -0.22449 29
9212 63 44 107 0.17757 28
9213 114 13 127 0.795276 25
9214 83 33 116 0.431034 33
9215 79 20 99 0.59596 26
9216 49 24 73 0.342466 20
9217 63 26 89 0.41573 25
9218 50 66 116 -0.137931 34
9219 26 78 104 -0.5 29
9220 55 64 119 -0.0756303 32
9221 107 17 124 0.725806 24
9222 71 44 115 0.234783 26
9223 71 47 118 0.20339 27
9224 29 72 101 -0.425743 26
9225 81 33 114 0.421053 29
9226 48 47 95 0.0105263 31
9227 80 44 124 0.290323 31
9228 18 69 87 -0.586207 26
9229 27 82 109 -0.504587 30
9230 19 102 121 -0.68595 22
9231 83 17 100 0.66 25
9232 76 25 101 0.50495 25
9233 13 120 133 -0.804511 24
9234 7 147 154 -0.909091 16
9235 63 34 97 0.298969 23
9236 48 44 92 0.0434783 28
9237 7 87 94 -0.851064 24
9238 130 10 140 0.857143 23
9239 53 6 59 0.79661 18
9240 82 65 147 0.115646 27
9241 30 77 107 -0.439252 30
9242 16 109 125 -0.744 26
9243 118 22 140 0.685714 23
9244 15 84 99 -0.69697 23
9245 17 112 129 -0.736434 27
9246 56 63 119 -0.0588235 26
9247 14 49 63 -0.555556 20
9248 64 53 117 0.0940171 31
9249 67 17 84 0.595238 29
9250 37 68 105 -0.295238 25
9251 64 46 110 0.163636 31
9252 82 43 125 0.312 22
9253 4 6 10 -0.2 5
9254 59 35 94 0.255319 30
9255 43 50 93 -0.0752688 28
9256 42 58 100 -0.16 28
9257 121 4 125 0.936 18
9258 32 103 135 -0.525926 25
9259 56 7 63 0.777778 21
9260 12 54 66 -0.636364 20
9261 52 71 123 -0.154472 29
9262 22 84 106 -0.584906 30
9263 27 82 109 -0.504587 28
9264 20 93 113 -0.646018 27
9265 44 63 107 -0.17757 29
9266 81 13 94 0.723404 29
9267 66 31 97 0.360825 30
9268 28 59 87 -0.356322 30
9269 129 5 134 0.925373 17
9270 95 10 105 0.809524 20
9271 7 117 124 -0.887097 24
9272 9 81 90 -0.8 24
9273 147 5 152 0.934211 22
9274 156 12 168 0.857143 27
9275 44 75 119 -0.260504 29
9276 61 21 82 0.487805 27
9277 83 20 103 0.61165 25
9278 83 3 86 0.930233 22
9279 51 40 91 0.120879 33
9280 49 43 92 0.0652174 27
9281 97 29 126 0.539683 23
9282 46 31 77 0.194805 24
9283 20 30 50 -0.2 23
9284 71 26 97 0.463918 28
9285 3 139 142 -0.957746 21
9286 104 12 116 0.793103 25
9287 2 12 14 -0.714286 10
9288 65 45 110 0.181818 28
9289 88 13 101 0.742574 23
9290 38 50 88 -0.136364 27
9291 72 27 99 0.454545 24
9292 38 53 91 -0.164835 22
9293 105 17 122 0.721311 24
9294 47 57 104 -0.0961538 29
9295 90 12 102 0.764706 28
9296 15 51 66 -0.545455 24
9297 108 30 138 0.565217 30
9298 121 9 130 0.861538 23
9299 61 37 98 0.244898 30
9300 72 43 115 0.252174 24
9301 16 90 106 -0.698113 28
9302 20 111 131 -0.694656 32
9303 4 136 140 -0.942857 22
9304 109 9 118 0.847458 26
9305 27 90 117 -0.538462 26
9306 50 56 106 -0.0566038 32
9307 27 67 94 -0.425532 25
9308 24 79 103 -0.533981 26
9309 111 16 127 0.748031 24
9310 26 64 90 -0.422222 27
9311 97 7 104 0.865385 25
9312 96 11 107 0.794393 26
9313 30 88 118 -0.491525 31
9314 102 11 113 0.80531 21
9315 43 25 68 0.264706 20
9316 14 100 114 -0.754386 27
9317 33 79 112 -0.410714 30
9318 41 62 103 -0.203883 23
9319 50 45 95 0.0526316 26
9320 96 21 117 0.641026 32
9321 67 35 102 0.313725 35
9322 33 70 103 -0.359223 32
9323 50 66 116 -0.137931 24
9324 43 70 113 -0.238938 27
9325 108 9 117 0.846154 24
9326 31 48 79 -0.21519 23
9327 55 58 113 -0.0265487 28
9328 73 31 104 0.403846 26
9329 41 45 86 -0.0465116 28
9330 27 73 100 -0.46 27
9331 85 16 101 0.683168 27
9332 84 14 98 0.714286 26
9333 11 90 101 -0.782178 24
9334 7 129 136 -0.897059 24
9335 21 52 73 -0.424658 21
9336 144 22 166 0.73494 25
9337 96 33 129 0.488372 31
9338 22 96 118 -0.627119 28
9339 67 12 79 0.696203 25
9340 71 47 118 0.20339 29
9341 41 58 99 -0.171717 27
9342 73 36 109 0.33945 30
9343 113 14 127 0.779528 27
9344 74 39 113 0.309735 31
9345 86 27 113 0.522124 32
9346 40 68 108 -0.259259 27
9347 21 75 96 -0.5625 25
9348 21 74 95 -0.557895 27
9349 76 27 103 0.475728 29
9350 24 93 117 -0.589744 27
9351 124 5 129 0.922481 22
9352 50 12 62 0.612903 22
9353 33 72 105 -0.371429 33
9354 54 53 107 0.00934579 32
9355 12 122 134 -0.820896 18
9356 15 14 29 0.0344828 18
9357 20 67 87 -0.54023 23
9358 91 15 106 0.716981 25
9359 45 47 92 -0.0217391 25
9360 93 10 103 0.805825 23
9361 52 51 103 0.00970874 24
9362 84 54 138 0.217391 31
9363 3 142 145 -0.958621 20
9364 41 80 121 -0.322314 19
9365 91 15 106 0.716981 27
9366 104 23 127 0.637795 28
9367 57 63 120 -0.05 24
9368 53 68 121 -0.123967 26
9369 61 45 106 0.150943 30
9370 83 28 111 0.495495 26
9371 55 28 83 0.325301 23
9372 132 18 150 0.76 25
9373 141 5 146 0.931507 18
9374 7 117 124 -0.887097 18
9375 106 7 113 0.876106 22
9376 24 49 73 -0.342466 22
9377 119 14 133 0.789474 25
9378 34 64 98 -0.306122 30
9379 22 80 102 -0.568627 24
9380 22 118 140 -0.685714 26
9381 87 48 135 0.288889 33
9382 60 44 104 0.153846 33
9383 30 63 93 -0.354839 32
9384 127 23 150 0.693333 24
9385 127 3 130 0.953846 20
9386 131 14 145 0.806897 26
9387 129 9 138 0.869565 21
9388 2 102 104 -0.961538 19
9389 81 38 119 0.361345 34
9390 84 23 107 0.570093 24
9391 69 32 101 0.366337 24
9392 26 82 108 -0.518519 30
9393 27 92 119 -0.546218 26
9394 62 38 100 0.24 31
9395 88 23 111 0.585586 20
9396 84 30 114 0.473684 25
9397 162 10 172 0.883721 23
9398 16 49 65 -0.507692 21
9399 27 115 142 -0.619718 25
9400 5 42 47 -0.787234 13
9401 23 80 103 -0.553398 30
9402 119 10 129 0.844961 22
9403 38 92 130 -0.415385 33
9404 82 35 117 0.401709 35
9405 21 84 105 -0.6 24
9406 78 25 103 0.514563 29
9407 38 67 105 -0.27619 29
9408 75 12 87 0.724138 25
9409 21 90 111 -0.621622 28
9410 94 34 128 0.46875 32
9411 35 61 96 -0.270833 23
9412 29 73 102 -0.431373 29
9413 46 40 86 0.0697674 31
9414 21 123 144 -0.708333 26
9415 28 98 126 -0.555556 25
9416 5 110 115 -0.913043 24
9417 58 26 84 0.380952 26
9418 112 6 118 0.898305 23
9419 46 78 124 -0.258065 29
9420 44 55 99 -0.111111 24
9421 37 39 76 -0.0263158 28
9422 35 79 114 -0.385965 32
9423 60 53 113 0.0619469 30
9424 50 29 79 0.265823 23
9425 121 9 130 0.861538 23
9426 56 52 108 0.037037 27
9427 6 120 126 -0.904762 24
9428 30 45 75 -0.2 23
9429 31 64 95 -0.347368 26
9430 11 63 74 -0.702703 24
9431 19 115 134 -0.716418 24
9432 51 77 128 -0.203125 32
9433 25 69 94 -0.468085 22
9434 9 125 134 -0.865672 21
9435 55 56 111 -0.00900901 29
9436 8 144 152 -0.894737 19
9437 34 94 128 -0.46875 32
9438 44 52 96 -0.0833333 31
9439 44 60 104 -0.153846 27
9440 18 68 86 -0.581395 25
9441 79 14 93 0.698925 29
9442 5 79 84 -0.880952 21
9443 23 42 65 -0.292308 26
9444 38 35 73 0.0410959 23
9445 23 89 112 -0.589286 27
9446 9 102 111 -0.837838 23
9447 46 59 105 -0.12381 32
9448 109 23 132 0.651515 27
9449 107 15 122 0.754098 27
9450 153 6 159 0.924528 19
9451 81 43 124 0.306452 34
9452 43 78 121 -0.289256 30
9453 90 12 102 0.764706 26
9454 75 10 85 0.764706 22
9455 63 22 85 0.482353 26
9456 34 62 96 -0.291667 31
9457 99 11 110 0.8 17
9458 85 16 101 0.683168 22
9459 71 10 81 0.753086 21
9460 2 94 96 -0.958333 20
9461 64 42 106 0.207547 28
9462 85 40 125 0.36 29
9463 45 42 87 0.0344828 27
9464 106 20 126 0.68254 25
9465 81 16 97 0.670103 19
9466 96 14 110 0.745455 26
9467 6 124 130 -0.907692 24
9468 85 6 91 0.868132 25
9469 8 98 106 -0.849057 26
9470 77 25 102 0.509804 28
9471 42 75 117 -0.282051 30
9472 78 11 89 0.752809 23
9473 97 5 102 0.901961 21
9474 54 37 91 0.186813 30
9475 18 126 144 -0.75 25
9476 39 64 103 -0.242718 29
9477 56 38 94 0.191489 27
9478 76 9 85 0.788235 24
9479 97 23 120 0.616667 32
9480 27 77 104 -0.480769 27
9481 72 7 79 0.822785 17
9482 57 46 103 0.106796 27
9483 42 49 91 -0.0769231 28
9484 53 50 103 0.0291262 31
9485 79 38 117 0.350427 33
9486 60 53 113 0.0619469 26
9487 90 25 115 0.565217 29
9488 58 16 74 0.567568 23
9489 60 63 123 -0.0243902 35
9490 11 84 95 -0.768421 27
9491 27 96 123 -0.560976 22
9492 20 63 83 -0.518072 24
9493 78 35 113 0.380531 28
9494 14 61 75 -0.626667 21
9495 80 9 89 0.797753 25
9496 29 116 145 -0.6 31
9497 76 25 101 0.50495 30
9498 40 50 90 -0.111111 32
9499 30 66 96 -0.375 28
9500 19 97 116 -0.672414 28
9501 31 84 115 -0.46087 31
9502 48 54 102 -0.0588235 33
9503 89 17 106 0.679245 26
9504 59 22 81 0.45679 29
9505 59 13 72 0.638889 22
9506 45 74 119 -0.243697 27
9507 47 45 92 0.0217391 29
9508 65 30 95 0.368421 27
9509 9 84 93 -0.806452 24
9510 15 79 94 -0.680851 27
9511 8 114 122 -0.868852 22
9512 35 27 62 0.129032 24
9513 118 10 128 0.84375 25
9514 18 80 98 -0.632653 25
9515 14 77 91 -0.692308 27
9516 132 10 142 0.859155 26
9517 96 51 147 0.306122 35
9518 98 6 104 0.884615 24
9519 76 33 109 0.394495 32
9520 3 130 133 -0.954887 22
9521 61 58 119 0.0252101 28
9522 95 39 134 0.41791 24
9523 48 39 87 0.103448 24
9524 29 84 113 -0.486726 30
9525 39 63 102 -0.235294 29
9526 15 102 117 -0.74359 25
9527 71 53 124 0.145161 32
9528 18 64 82 -0.560976 26
9529 52 70 122 -0.147541 28
9530 56 30 86 0.302326 24
9531 52 59 111 -0.0630631 26
9532 34 50 84 -0.190476 31
9533 87 18 105 0.657143 22
9534 59 17 76 0.552632 27
9535 18 71 89 -0.595506 24
9536 40 85 125 -0.36 33
9537 11 88 99 -0.777778 21
9538 43 62 105 -0.180952 26
9539 42 48 90 -0.0666667 25
9540 36 84 120 -0.4 31
9541 50 57 107 -0.0654206 29
9542 16 52 68 -0.529412 19
9543 114 13 127 0.795276 24
9544 64 49 113 0.132743 31
9545 16 106 122 -0.737705 28
9546 97 15 112 0.732143 26
9547 16 71 87 -0.632184 25
9548 12 97 109 -0.779817 27
9549 3 80 83 -0.927711 20
9550 50 44 94 0.0638298 26
9551 132 10 142 0.859155 26
9552 20 74 94 -0.574468 26
9553 65 18 83 0.566265 27
9554 34 66 100 -0.32 29
9555 42 66 108 -0.222222 29
9556 94 11 105 0.790476 28
9557 34 79 113 -0.39823 30
9558 23 75 98 -0.530612 28
9559 130 11 141 0.843972 28
9560 7 78 85 -0.835294 15
9561 89 20 109 0.633028 31
9562 27 52 79 -0.316456 29
9563 38 51 89 -0.146067 30
9564 15 79 94 -0.680851 26
9565 98 17 115 0.704348 26
9566 98 8 106 0.849057 25
9567 82 31 113 0.451327 31
9568 8 81 89 -0.820225 25
9569 33 75 108 -0.388889 32
9570 32 75 107 -0.401869 28
9571 128 24 152 0.684211 29
9572 84 17 101 0.663366 19
9573 67 38 105 0.27619 25
9574 93 18 111 0.675676 25
9575 91 19 110 0.654545 26
9576 116 12 128 0.8125 19
9577 58 49 107 0.0841121 29
9578 8 127 135 -0.881481 21
9579 39 49 88 -0.113636 28
9580 30 64 94 -0.361702 30
9581 43 71 114 -0.245614 28
9582 70 61 131 0.0687023 27
9583 40 36 76 0.0526316 28
9584 75 24 99 0.515152 29
9585 93 20 113 0.646018 27
9586 88 9 97 0.814433 27
9587 13 112 125 -0.792 29
9588 35 71 106 -0.339623 34
9589 20 83 103 -0.61165 27
9590 67 14 81 0.654321 24
9591 42 73 115 -0.269565 26
9592 24 47 71 -0.323944 24
9593 24 93 117 -0.589744 26
9594 43 40 83 0.0361446 28
9595 96 15 111 0.72973 26
9596 23 51 74 -0.378378 25
9597 36 69 105 -0.314286 31
9598 72 34 106 0.358491 29
9599 94 16 110 0.709091 27
9600 80 19 99 0.616162 25
9601 100 41 141 0.41844 30
9602 31 85 116 -0.465517 28
9603 21 82 103 -0.592233 31
9604 51 39 90 0.133333 31
9605 45 33 78 0.153846 33
9606 70 21 91 0.538462 23
9607 16 105 121 -0.735537 17
9608 99 31 130 0.523077 21
9609 11 82 93 -0.763441 24
9610 39 79 118 -0.338983 34
9611 31 78 109 -0.431193 30
9612 67 77 144 -0.0694444 33
9613 101 11 112 0.803571 27
9614 34 99 133 -0.488722 30
9615 67 18 85 0.576471 29
9616 93 19 112 0.660714 29
9617 17 59 76 -0.552632 18
9618 81 22 103 0.572816 26
9619 47 50 97 -0.0309278 28
9620 103 8 111 0.855856 24
9621 78 35 113 0.380531 27
9622 70 42 112 0.25 32
9623 10 18 28 -0.285714 10
9624 126 6 132 0.909091 16
9625 53 45 98 0.0816327 32
9626 14 77 91 -0.692308 25
9627 10 78 88 -0.772727 25
9628 104 19 123 0.691057 26
9629 72 61 133 0.0827068 34
9630 92 24 116 0.586207 30
9631 28 66 94 -0.404255 29
9632 16 113 129 -0.751938 25
9633 25 35 60 -0.166667 24
9634 32 72 104 -0.384615 24
9635 39 57 96 -0.1875 28
9636 104 16 120 0.733333 21
9637 59 34 93 0.268817 30
9638 126 16 142 0.774648 22
9639 46 64 110 -0.163636 31
9640 113 7 120 0.883333 19
9641 124 4 128 0.9375 22
9642 20 120 140 -0.714286 27
9643 32 55 87 -0.264368 29
9644 50 39 89 0.123596 27
9645 59 55 114 0.0350877 30
9646 35 20 55 0.272727 26
9647 53 33 86 0.232558 27
9648 47 7 54 0.740741 21
9649 44 55 99 -0.111111 31
9650 60 48 108 0.111111 35
9651 52 48 100 0.04 27
9652 19 81 100 -0.62 29
9653 26 70 96 -0.458333 28
9654 104 12 116 0.793103 26
9655 26 79 105 -0.504762 27
9656 76 16 92 0.652174 26
9657 129 21 150 0.72 25
9658 26 104 130 -0.6 30
9659 108 13 121 0.785124 22
9660 53 35 88 0.204545 26
9661 60 27 87 0.37931 26
9662 34 90 124 -0.451613 33
9663 89 44 133 0.338346 31
9664 17 106 123 -0.723577 23
9665 47 63 110 -0.145455 28
9666 19 83 102 -0.627451 27
9667 33 69 102 -0.352941 26
9668 105 11 116 0.810345 22
9669 49 53 102 -0.0392157 30
9670 46 42 88 0.0454545 31
9671 20 105 125 -0.68 27
9672 36 75 111 -0.351351 27
9673 25 63 88 -0.431818 25
9674 93 28 121 0.53719 28
9675 29 64 93 -0.376344 32
9676 112 6 118 0.898305 21
9677 78 27 105 0.485714 29
9678 70 45 115 0.217391 34
9679 22 89 111 -0.603604 23
9680 4 105 109 -0.926606 23
9681 44 57 101 -0.128713 30
9682 59 47 106 0.113208 28
9683 49 44 93 0.0537634 28
9684 18 75 93 -0.612903 24
9685 82 15 97 0.690722 30
9686 160 8 168 0.904762 20
9687 31 75 106 -0.415094 25
9688 41 54 95 -0.136842 24
9689 122 6 128 0.90625 22
9690 83 11 94 0.765957 25
9691 26 95 121 -0.570248 28
9692 60 39 99 0.212121 25
9693 41 85 126 -0.349206 33
9694 8 84 92 -0.826087 21
9695 59 46 105 0.12381 22
9696 23 59 82 -0.439024 24
9697 51 70 121 -0.157025 28
9698 44 36 80 0.1 26
9699 5 174 179 -0.944134 24
9700 113 19 132 0.712121 29
9701 86 40 126 0.365079 24
9702 29 71 100 -0.42 24
9703 12 111 123 -0.804878 27
9704 6 161 167 -0.928144 20
9705 15 152 167 -0.820359 24
9706 57 31 88 0.295455 25
9707 69 36 105 0.314286 26
9708 22 72 94 -0.531915 26
9709 81 29 110 0.472727 29
9710 25 75 100 -0.5 28
9711 38 34 72 0.0555556 25
9712 117 5 122 0.918033 22
9713 69 44 113 0.221239 31
9714 118 15 133 0.774436 28
9715 82 19 101 0.623762 27
9716 9 127 136 -0.867647 27
9717 15 64 79 -0.620253 28
9718 107 22 129 0.658915 30
9719 56 31 87 0.287356 29
9720 52 50 102 0.0196078 31
9721 16 92 108 -0.703704 28
9722 33 98 131 -0.496183 30
9723 163 1 164 0.987805 15
9724 92 17 109 0.688073 26
9725 27 53 80 -0.325 27
9726 14 93 107 -0.738318 25
9727 103 9 112 0.839286 20
9728 32 51 83 -0.228916 23
9729 66 16 82 0.609756 26
9730 37 69 106 -0.301887 27
9731 82 17 99 0.656566 26
9732 33 38 71 -0.0704225 27
9733 95 9 104 0.826923 21
9734 87 23 110 0.581818 22
9735 12 168 180 -0.866667 24
9736 13 32 45 -0.422222 18
9737 48 42 90 0.0666667 25
9738 9 97 106 -0.830189 21
9739 154 8 162 0.901235 23
9740 36 58 94 -0.234043 27
9741 18 82 100 -0.64 23
9742 60 64 124 -0.0322581 25
9743 68 31 99 0.373737 22
9744 60 24 84 0.428571 27
9745 36 40 76 -0.0526316 30
9746 66 44 110 0.2 32
9747 71 54 125 0.136 25
9748 60 55 115 0.0434783 27
9749 14 85 99 -0.717172 27
9750 18 74 92 -0.608696 29
9751 20 77 97 -0.587629 30
9752 31 37 68 -0.0882353 29
9753 64 21 85 0.505882 27
9754 72 39 111 0.297297 29
9755 99 12 111 0.783784 28
9756 107 13 120 0.783333 23
9757 8 136 144 -0.888889 23
9758 26 84 110 -0.527273 29
9759 42 40 82 0.0243902 26
9760 104 21 125 0.664 25
9761 13 77 90 -0.711111 26
9762 81 30 111 0.459459 31
9763 140 6 146 0.917808 21
9764 44 78 122 -0.278689 31
9765 47 68 115 -0.182609 29
9766 47 56 103 -0.0873786 31
9767 13 31 44 -0.409091 17
9768 44 38 82 0.0731707 29
9769 134 9 143 0.874126 23
9770 68 23 91 0.494505 24
9771 15 96 111 -0.72973 24
9772 62 45 107 0.158879 35
9773 47 75 122 -0.229508 28
9774 106 12 118 0.79661 25
9775 20 83 103 -0.61165 30
9776 8 95 103 -0.84466 25
9777 87 20 107 0.626168 29
9778 18 85 103 -0.650485 27
9779 11 112 123 -0.821138 23
9780 62 34 96 0.291667 25
9781 57 30 87 0.310345 26
9782 10 88 98 -0.795918 23
9783 50 88 138 -0.275362 31
9784 90 6 96 0.875 24
9785 88 5 93 0.892473 22
9786 25 72 97 -0.484536 27
9787 19 104 123 -0.691057 28
9788 9 111 120 -0.85 25
9789 54 79 133 -0.18797 26
9790 54 34 88 0.227273 21
9791 78 10 88 0.772727 17
9792 10 79 89 -0.775281 25
9793 0 16 16 -1 7
9794 105 17 122 0.721311 28
9795 27 95 122 -0.557377 29
9796 47 70 117 -0.196581 29
9797 65 22 87 0.494253 29
9798 19 100 119 -0.680672 27
9799 95 25 120 0.583333 26
9800 7 111 118 -0.881356 24
9801 91 26 117 0.555556 28
9802 69 40 109 0.266055 29
9803 94 21 115 0.634783 25
9804 24 77 101 -0.524752 28
9805 63 47 110 0.145455 28
9806 46 72 118 -0.220339 29
9807 113 28 141 0.602837 31
9808 30 61 91 -0.340659 32
9809 64 16 80 0.6 28
9810 61 26 87 0.402299 29
9811 22 55 77 -0.428571 26
9812 22 63 85 -0.482353 26
9813 18 71 89 -0.595506 27
9814 76 16 92 0.652174 27
9815 66 29 95 0.389474 30
9816 9 81 90 -0.8 24
9817 9 109 118 -0.847458 25
9818 42 55 97 -0.134021 28
9819 39 44 83 -0.060241 28
9820 10 81 91 -0.78022 25
9821 3 113 116 -0.948276 21
9822 48 47 95 0.0105263 30
9823 91 40 131 0.389313 31
9824 57 53 110 0.0363636 28
9825 71 51 122 0.163934 28
9826 43 43 86 0 29
9827 22 74 96 -0.541667 26
9828 69 31 100 0.38 30
9829 74 23 97 0.525773 25
9830 13 79 92 -0.717391 23
9831 91 44 135 0.348148 31
9832 92 43 135 0.362963 29
9833 56 46 102 0.0980392 27
9834 9 91 100 -0.82 22
9835 12 70 82 -0.707317 26
9836 23 107 130 -0.646154 25
9837 41 81 122 -0.327869 33
9838 70 27 97 0.443299 26
9839 3 125 128 -0.953125 19
9840 71 3 74 0.918919 19
9841 18 79 97 -0.628866 30
9842 12 124 136 -0.823529 24
9843 20 52 72 -0.444444 29
9844 10 87 97 -0.793814 25
9845 27 79 106 -0.490566 21
9846 71 45 116 0.224138 34
9847 20 96 116 -0.655172 28
9848 34 85 119 -0.428571 29
9849 98 19 117 0.675214 25
9850 67 42 109 0.229358 31
9851 68 24 92 0.478261 25
9852 85 39 124 0.370968 32
9853 78 15 93 0.677419 25
9854 24 96 120 -0.6 30
9855 31 88 119 -0.478992 32
9856 17 71 88 -0.613636 25
9857 56 55 111 0.00900901 30
9858 6 163 169 -0.928994 14
9859 95 21 116 0.637931 29
9860 55 68 123 -0.105691 32
9861 20 84 104 -0.615385 28
9862 15 84 99 -0.69697 23
9863 39 62 101 -0.227723 26
9864 20 89 109 -0.633028 27
9865 41 40 81 0.0123457 30
9866 58 44 102 0.137255 28
9867 13 74 87 -0.701149 22
9868 48 47 95 0.0105263 29
9869 52 74 126 -0.174603 31
9870 122 24 146 0.671233 27
9871 48 45 93 0.0322581 24
9872 22 94 116 -0.62069 29
9873 63 44 107 0.17757 32
9874 76 35 111 0.369369 29
9875 44 43 87 0.0114943 24
9876 116 5 121 0.917355 24
9877 168 11 179 0.877095 22
9878 55 59 114 -0.0350877 32
9879 95 19 114 0.666667 25
9880 75 40 115 0.304348 32
9881 55 45 100 0.1 29
9882 72 24 96 0.5 26
9883 6 87 93 -0.870968 18
9884 15 105 120 -0.75 28
9885 109 8 117 0.863248 24
9886 15 104 119 -0.747899 31
9887 24 84 108 -0.555556 28
9888 3 142 145 -0.958621 19
9889 36 56 92 -0.217391 25
9890 100 17 117 0.709402 29
9891 67 39 106 0.264151 32
9892 34 106 140 -0.514286 26
9893 168 5 173 0.942197 15
9894 33 67 100 -0.34 25
9895 99 10 109 0.816514 26
9896 44 44 88 0 25
9897 7 111 118 -0.881356 24
9898 66 24 90 0.466667 22
9899 85 6 91 0.868132 20
9900 93 17 110 0.690909 24
9901 55 59 114 -0.0350877 34
9902 29 85 114 -0.491228 27
9903 74 18 92 0.608696 28
9904 87 10 97 0.793814 20
9905 20 87 107 -0.626168 30
9906 5 100 105 -0.904762 18
9907 66 55 121 0.0909091 34
9908 52 59 111 -0.0630631 28
9909 76 18 94 0.617021 27
9910 74 10 84 0.761905 25
9911 53 29 82 0.292683 29
9912 66 14 80 0.65 24
9913 63 46 109 0.155963 25
9914 15 99 114 -0.736842 25
9915 78 28 106 0.471698 26
9916 50 76 126 -0.206349 28
9917 75 15 90 0.666667 20
9918 11 133 144 -0.847222 24
9919 9 138 147 -0.877551 25
9920 54 50 104 0.0384615 30
9921 84 13 97 0.731959 25
9922 13 103 116 -0.775862 26
9923 60 30 90 0.333333 28
9924 107 41 148 0.445946 28
9925 38 90 128 -0.40625 30
9926 57 28 85 0.341176 32
9927 155 6 161 0.925466 23
9928 62 33 95 0.305263 22
9929 13 65 78 -0.666667 23
9930 52 66 118 -0.118644 30
9931 6 94 100 -0.88 21
9932 5 124 129 -0.922481 14
9933 70 22 92 0.521739 19
9934 30 66 96 -0.375 29
9935 18 107 125 -0.712 29
9936 48 82 130 -0.261538 29
9937 134 6 140 0.914286 25
9938 38 49 87 -0.126437 34
9939 96 20 116 0.655172 28
9940 39 52 91 -0.142857 28
9941 13 140 153 -0.830065 22
9942 47 84 131 -0.282443 23
9943 32 78 110 -0.418182 23
9944 32 87 119 -0.462185 30
9945 47 79 126 -0.253968 33
9946 75 18 93 0.612903 26
9947 41 76 117 -0.299145 27
9948 64 46 110 0.163636 24
9949 68 58 126 0.0793651 34
9950 28 88 116 -0.517241 24
9951 56 28 84 0.333333 26
9952 16 86 102 -0.686275 26
9953 73 27 100 0.46 26
9954 60 52 112 0.0714286 33
9955 82 53 135 0.214815 30
9956 63 30 93 0.354839 27
9957 7 117 124 -0.887097 18
9958 42 73 115 -0.269565 34
9959 18 109 127 -0.716535 29
9960 41 74 115 -0.286957 32
9961 25 64 89 -0.438202 26
9962 39 28 67 0.164179 25
9963 69 24 93 0.483871 25
9964 101 4 105 0.92381 22
9965 100 21 121 0.652893 30
9966 78 42 120 0.3 25
9967 161 4 165 0.951515 17
9968 31 72 103 -0.398058 29
9969 61 52 113 0.079646 31
9970 90 0 90 1 14
9971 38 55 93 -0.182796 24
9972 50 43 93 0.0752688 24
9973 21 64 85 -0.505882 28
9974 84 11 95 0.768421 19
9975 58 53 111 0.045045 26
9976 75 15 90 0.666667 26
9977 30 61 91 -0.340659 28
9978 56 36 92 0.217391 29
9979 47 33 80 0.175 28
9980 65 21 86 0.511628 27
9981 83 49 132 0.257576 27
9982 19 76 95 -0.6 27
9983 5 115 120 -0.916667 20
9984 11 101 112 -0.803571 21
9985 72 63 135 0.0666667 32
9986 24 72 96 -0.5 29
9987 31 81 112 -0.446429 29
9988 21 89 110 -0.618182 31
9989 47 50 97 -0.0309278 26
9990 67 68 135 -0.00740741 33
9991 21 105 126 -0.666667 31
9992 62 51 113 0.0973451 27
9993 32 64 96 -0.333333 24
9994 25 84 109 -0.541284 22
9995 114 3 117 0.948718 19
9996 30 83 113 -0.469027 32
9997 55 16 71 0.549296 29
9998 22 67 89 -0.505618 30
9999 14 118 132 -0.787879 25
10000 97 9 106 0.830189 23
10001 13 98 111 -0.765766 22
10002 23 88 111 -0.585586 33
10003 98 28 126 0.555556 24
10004 30 22 52 0.153846 22
10005 99 20 119 0.663866 29
10006 47 73 120 -0.216667 27
10007 12 74 86 -0.72093 23
10008 31 46 77 -0.194805 24
10009 15 70 85 -0.647059 24
10010 44 63 107 -0.17757 34
10011 71 22 93 0.526882 25
10012 71 23 94 0.510638 26
10013 11 86 97 -0.773196 26
10014 79 33 112 0.410714 29
10015 154 11 165 0.866667 20
10016 104 2 106 0.962264 17
10017 79 13 92 0.717391 27
10018 56 34 90 0.244444 26
10019 61 34 95 0.284211 22
10020 58 45 103 0.126214 30
10021 87 11 98 0.77551 26
10022 11 92 103 -0.786408 25
10023 31 52 83 -0.253012 24
10024 16 91 107 -0.700935 27
10025 47 47 94 0 23
10026 21 86 107 -0.607477 28
10027 47 53 100 -0.06 28
10028 19 115 134 -0.716418 25
10029 86 26 112 0.535714 29
10030 53 17 70 0.514286 27
10031 53 40 93 0.139785 28
10032 106 29 135 0.57037 29
10033 26 68 94 -0.446809 25
10034 10 79 89 -0.775281 26
10035 53 50 103 0.0291262 31
10036 50 55 105 -0.047619 20
10037 32 54 86 -0.255814 21
10038 13 92 105 -0.752381 23
10039 141 15 156 0.807692 25
10040 65 31 96 0.354167 26
10041 91 4 95 0.915789 20
10042 53 43 96 0.104167 32
10043 35 69 104 -0.326923 29
10044 10 83 93 -0.784946 22
10045 96 17 113 0.699115 27
10046 3 89 92 -0.934783 19
10047 37 85 122 -0.393443 34
10048 123 10 133 0.849624 28
10049 63 1 64 0.96875 14
10050 13 144 157 -0.834395 26
10051 62 48 110 0.127273 29
10052 40 14 54 0.481481 25
10053 72 18 90 0.6 20
10054 46 39 85 0.0823529 26
10055 59 30 89 0.325843 23
10056 114 16 130 0.753846 23
10057 29 57 86 -0.325581 27
10058 15 80 95 -0.684211 23
10059 8 136 144 -0.888889 22
10060 79 27 106 0.490566 30
10061 94 25 119 0.579832 26
10062 61 46 107 0.140187 30
10063 58 41 99 0.171717 25
10064 62 40 102 0.215686 28
10065 30 93 123 -0.512195 26
10066 116 12 128 0.8125 27
10067 20 73 93 -0.569892 25
10068 107 6 113 0.893805 23
10069 37 91 128 -0.421875 30
10070 118 10 128 0.84375 26
10071 67 28 95 0.410526 30
10072 95 16 111 0.711712 29
10073 78 23 101 0.544554 26
10074 57 40 97 0.175258 26
10075 13 104 117 -0.777778 28
10076 33 80 113 -0.415929 21
10077 58 58 116 0 24
10078 57 59 116 -0.0172414 28
10079 76 31 107 0.420561 22
10080 13 43 56 -0.535714 15
10081 104 16 120 0.733333 27
10082 20 90 110 -0.636364 28
10083 28 69 97 -0.42268 28
10084 46 53 99 -0.0707071 34
10085 74 49 123 0.203252 37
10086 53 60 113 -0.0619469 31
10087 35 58 93 -0.247312 29
10088 55 26 81 0.358025 28
10089 42 61 103 -0.184466 29
10090 13 163 176 -0.852273 21
10091 68 17 85 0.6 29
10092 107 10 117 0.82906 24
10093 36 77 113 -0.362832 28
10094 30 101 131 -0.541985 23
10095 27 59 86 -0.372093 21
10096 3 122 125 -0.952 20
10097 19 98 117 -0.675214 27
10098 28 90 118 -0.525424 20
10099 108 14 122 0.770492 28
10100 52 49 101 0.029703 32
10101 91 3 94 0.93617 18
10102 10 82 92 -0.782609 25
10103 45 59 104 -0.134615 27
10104 20 73 93 -0.569892 29
10105 80 34 114 0.403509 30
10106 43 70 113 -0.238938 33
10107 43 50 93 -0.0752688 28
10108 28 94 122 -0.540984 25
10109 64 45 109 0.174312 27
10110 91 15 106 0.716981 25
10111 50 53 103 -0.0291262 30
10112 79 30 109 0.449541 29
10113 31 65 96 -0.354167 20
10114 21 75 96 -0.5625 25
10115 23 70 93 -0.505376 26
10116 52 67 119 -0.12605 28
10117 70 39 109 0.284404 31
10118 122 23 145 0.682759 28
10119 35 48 83 -0.156627 30
10120 40 77 117 -0.316239 32
10121 108 25 133 0.62406 28
10122 25 58 83 -0.39759 29
10123 41 70 111 -0.261261 31
10124 74 35 109 0.357798 28
10125 56 24 80 0.4 30
10126 46 45 91 0.010989 28
10127 96 9 105 0.828571 26
10128 58 50 108 0.0740741 32
10129 65 33 98 0.326531 24
10130 119 7 126 0.888889 22
10131 19 75 94 -0.595745 18
10132 96 19 115 0.669565 23
10133 97 11 108 0.796296 27
10134 61 50 111 0.0990991 34
10135 138 16 154 0.792208 28
10136 50 44 94 0.0638298 31
10137 69 45 114 0.210526 27
10138 52 52 104 0 33
10139 106 32 138 0.536232 30
10140 22 90 112 -0.607143 27
10141 148 3 151 0.960265 22
10142 155 6 161 0.925466 23
10143 107 13 120 0.783333 24
10144 25 41 66 -0.242424 24
10145 10 94 104 -0.807692 28
10146 78 50 128 0.21875 28
10147 22 54 76 -0.421053 24
10148 95 11 106 0.792453 26
10149 88 20 108 0.62963 31
10150 14 93 107 -0.738318 26
10151 67 45 112 0.196429 30
10152 97 9 106 0.830189 19
10153 48 68 116 -0.172414 35
10154 30 71 101 -0.405941 32
10155 81 9 90 0.8 24
10156 38 62 100 -0.24 25
10157 115 11 126 0.825397 26
10158 15 101 116 -0.741379 25
10159 48 50 98 -0.0204082 31
10160 142 8 150 0.893333 22
10161 8 104 112 -0.857143 19
10162 20 82 102 -0.607843 25
10163 33 71 104 -0.365385 30
10164 106 16 122 0.737705 20
10165 20 84 104 -0.615385 30
10166 63 36 99 0.272727 31
10167 25 71 96 -0.479167 25
10168 57 33 90 0.266667 29
10169 76 26 102 0.490196 28
10170 70 27 97 0.443299 27
10171 11 154 165 -0.866667 24
10172 21 63 84 -0.5 23
10173 30 95 125 -0.52 31
10174 21 59 80 -0.475 23
10175 25 64 89 -0.438202 26
10176 2 105 107 -0.962617 21
10177 19 86 105 -0.638095 22
10178 34 55 89 -0.235955 26
10179 107 7 114 0.877193 25
10180 91 17 108 0.685185 27
10181 54 31 85 0.270588 28
10182 19 84 103 -0.631068 28
10183 117 10 127 0.84252 22
10184 99 25 124 0.596774 26
10185 43 62 105 -0.180952 30
10186 14 88 102 -0.72549 26
10187 25 88 113 -0.557522 29
10188 56 10 66 0.69697 22
10189 7 84 91 -0.846154 25
10190 59 38 97 0.216495 29
10191 93 19 112 0.660714 28
10192 29 98 127 -0.543307 33
10193 38 69 107 -0.28972 29
10194 51 42 93 0.0967742 26
10195 83 28 111 0.495495 30
10196 84 4 88 0.909091 20
10197 53 81 134 -0.208955 31
10198 79 24 103 0.533981 25
10199 57 54 111 0.027027 32
10200 86 14 100 0.72 23
10201 41 88 129 -0.364341 28
10202 11 86 97 -0.773196 24
10203 43 52 95 -0.0947368 31
10204 27 78 105 -0.485714 27
10205 112 13 125 0.792 23
10206 22 86 108 -0.592593 30
10207 73 6 79 0.848101 23
10208 1 66 67 -0.970149 19
10209 36 81 117 -0.384615 32
10210 71 41 112 0.267857 32
10211 65 50 115 0.130435 25
10212 117 9 126 0.857143 28
10213 11 111 122 -0.819672 19
10214 42 46 88 -0.0454545 29
10215 67 36 103 0.300971 28
10216 91 42 133 0.368421 34
10217 11 78 89 -0.752809 22
10218 31 68 99 -0.373737 32
10219 79 31 110 0.436364 30
10220 36 59 95 -0.242105 24
10221 50 45 95 0.0526316 25
10222 32 57 89 -0.280899 31
10223 98 10 108 0.814815 25
10224 11 85 96 -0.770833 28
10225 62 33 95 0.305263 26
10226 11 73 84 -0.738095 24
10227 47 56 103 -0.0873786 32
10228 71 32 103 0.378641 31
10229 67 39 106 0.264151 25
10230 73 30 103 0.417476 30
10231 20 73 93 -0.569892 25
10232 5 122 127 -0.92126 20
10233 76 14 90 0.688889 26
10234 13 82 95 -0.726316 20
10235 41 73 114 -0.280702 23
10236 22 127 149 -0.704698 29
10237 63 55 118 0.0677966 26
10238 106 30 136 0.558824 30
10239 5 132 137 -0.927007 16
10240 21 67 88 -0.522727 24
10241 55 73 128 -0.140625 24
10242 82 21 103 0.592233 30
10243 82 11 93 0.763441 25
10244 45 8 53 0.698113 17
10245 115 18 133 0.729323 29
10246 40 68 108 -0.259259 23
10247 40 3 43 0.860465 13
10248 24 128 152 -0.684211 31
10249 25 82 107 -0.53271 28
10250 26 71 97 -0.463918 26
10251 54 38 92 0.173913 31
10252 50 42 92 0.0869565 28
10253 70 45 115 0.217391 31
10254 18 73 91 -0.604396 23
10255 82 31 113 0.451327 26
10256 12 102 114 -0.789474 23
10257 105 9 114 0.842105 22
10258 94 23 117 0.606838 24
10259 114 9 123 0.853659 25
10260 14 107 121 -0.768595 28
10261 62 53 115 0.0782609 28
10262 36 63 99 -0.272727 29
10263 23 92 115 -0.6 27
10264 13 130 143 -0.818182 21
10265 72 19 91 0.582418 25
10266 2 134 136 -0.970588 17
10267 26 53 79 -0.341772 27
10268 35 94 129 -0.457364 26
10269 61 18 79 0.544304 22
10270 56 60 116 -0.0344828 30
10271 40 64 104 -0.230769 31
10272 102 1 103 0.980583 19
10273 56 39 95 0.178947 32
10274 60 52 112 0.0714286 29
10275 59 20 79 0.493671 23
10276 97 36 133 0.458647 31
10277 93 27 120 0.55 24
10278 41 56 97 -0.154639 26
10279 66 37 103 0.281553 25
10280 27 74 101 -0.465347 27
10281 105 8 113 0.858407 26
10282 106 13 119 0.781513 25
10283 34 50 84 -0.190476 20
10284 38 97 135 -0.437037 34
10285 42 48 90 -0.0666667 29
10286 109 14 123 0.772358 24
10287 43 42 85 0.0117647 26
10288 62 32 94 0.319149 28
10289 42 51 93 -0.0967742 29
10290 34 90 124 -0.451613 33
10291 119 10 129 0.844961 22
10292 75 22 97 0.546392 24
10293 91 22 113 0.610619 23
10294 100 15 115 0.73913 28
10295 18 124 142 -0.746479 26
10296 94 13 107 0.757009 24
10297 14 118 132 -0.787879 25
10298 17 114 131 -0.740458 29
10299 41 49 90 -0.0888889 34
10300 61 47 108 0.12963 29
10301 91 2 93 0.956989 21
10302 107 10 117 0.82906 21
10303 83 32 115 0.443478 27
10304 14 78 92 -0.695652 23
10305 52 48 100 0.04 29
10306 35 60 95 -0.263158 30
10307 46 44 90 0.0222222 29
10308 56 75 131 -0.145038 35
10309 40 77 117 -0.316239 28
10310 27 90 117 -0.538462 30
10311 5 102 107 -0.906542 20
10312 66 57 123 0.0731707 25
10313 72 43 115 0.252174 31
10314 46 66 112 -0.178571 24
10315 15 92 107 -0.719626 21
10316 10 131 141 -0.858156 25
10317 57 50 107 0.0654206 24
10318 65 31 96 0.354167 26
10319 48 43 91 0.0549451 27
10320 36 44 80 -0.1 23
10321 1 97 98 -0.979592 9
10322 7 108 115 -0.878261 20
10323 34 48 82 -0.170732 32
10324 68 17 85 0.6 28
10325 113 9 122 0.852459 24
10326 81 10 91 0.78022 28
10327 4 82 86 -0.906977 19
10328 30 84 114 -0.473684 24
10329 96 7 103 0.864078 24
10330 59 21 80 0.475 25
10331 47 61 108 -0.12963 32
10332 121 7 128 0.890625 20
10333 14 72 86 -0.674419 27
10334 22 83 105 -0.580952 29
10335 65 58 123 0.0569106 31
10336 71 34 105 0.352381 31
10337 97 4 101 0.920792 22
10338 26 110 136 -0.617647 27
10339 5 112 117 -0.91453 21
10340 50 42 92 0.0869565 27
10341 19 99 118 -0.677966 26
10342 86 30 116 0.482759 26
10343 96 21 117 0.641026 26
10344 2 162 164 -0.97561 19
10345 76 32 108 0.407407 26
10346 41 34 75 0.0933333 29
10347 24 49 73 -0.342466 32
10348 16 73 89 -0.640449 19
10349 49 70 119 -0.176471 30
10350 116 21 137 0.693431 28
10351 34 80 114 -0.403509 28
10352 73 19 92 0.586957 25
10353 34 69 103 -0.339806 29
10354 28 75 103 -0.456311 25
10355 74 44 118 0.254237 33
10356 43 58 101 -0.148515 29
10357 8 120 128 -0.875 25
10358 28 55 83 -0.325301 30
10359 80 41 121 0.322314 23
10360 61 46 107 0.140187 32
10361 56 31 87 0.287356 28
10362 23 92 115 -0.6 26
10363 35 63 98 -0.285714 29
10364 45 51 96 -0.0625 27
10365 22 94 116 -0.62069 30
10366 62 59 121 0.0247934 33
10367 24 79 103 -0.533981 26
10368 9 135 144 -0.875 19
10369 51 57 108 -0.0555556 31
10370 93 16 109 0.706422 24
10371 79 25 104 0.519231 21
10372 19 78 97 -0.608247 25
10373 78 24 102 0.529412 24
10374 37 60 97 -0.237113 25
10375 56 61 117 -0.042735 27
10376 40 92 132 -0.393939 29
10377 51 60 111 -0.0810811 32
10378 41 65 106 -0.226415 29
10379 48 42 90 0.0666667 27
10380 38 81 119 -0.361345 21
10381 95 17 112 0.696429 24
10382 80 33 113 0.415929 27
10383 27 49 76 -0.289474 24
10384 63 40 103 0.223301 24
10385 15 69 84 -0.642857 22
10386 65 64 129 0.00775194 30
10387 70 25 95 0.473684 26
10388 56 23 79 0.417722 22
10389 51 38 89 0.146067 31
10390 31 88 119 -0.478992 21
10391 43 74 117 -0.264957 31
10392 63 18 81 0.555556 26
10393 134 10 144 0.861111 24
10394 35 76 111 -0.369369 30
10395 16 110 126 -0.746032 22
10396 2 89 91 -0.956044 20
10397 24 95 119 -0.596639 31
10398 27 47 74 -0.27027 27
10399 89 39 128 0.390625 32
10400 24 114 138 -0.652174 28
10401 38 78 116 -0.344828 28
10402 78 45 123 0.268293 27
10403 33 132 165 -0.6 31
10404 31 115 146 -0.575342 28
10405 33 56 89 -0.258427 20
10406 70 59 129 0.0852713 33
10407 35 59 94 -0.255319 31
10408 134 3 137 0.956204 19
10409 87 21 108 0.611111 25
10410 28 53 81 -0.308642 26
10411 51 14 65 0.569231 23
10412 35 68 103 -0.320388 29
10413 10 77 87 -0.770115 15
10414 44 54 98 -0.102041 34
10415 46 62 108 -0.148148 19
10416 51 46 97 0.0515464 34
10417 51 71 122 -0.163934 30
10418 41 79 120 -0.316667 28
10419 83 35 118 0.40678 22
10420 119 5 124 0.919355 23
10421 41 61 102 -0.196078 31
10422 13 85 98 -0.734694 23
10423 81 9 90 0.8 23
10424 107 19 126 0.698413 25
10425 41 73 114 -0.280702 34
10426 79 23 102 0.54902 27
10427 12 98 110 -0.781818 23
10428 68 26 94 0.446809 29
10429 61 68 129 -0.0542636 30
10430 95 17 112 0.696429 26
10431 23 92 115 -0.6 27
10432 41 69 110 -0.254545 29
10433 71 46 117 0.213675 35
10434 102 0 102 1 15
10435 65 28 93 0.397849 28
10436 90 14 104 0.730769 25
10437 115 8 123 0.869919 25
10438 26 37 63 -0.174603 25
10439 85 14 99 0.717172 20
10440 48 68 116 -0.172414 33
10441 5 138 143 -0.93007 13
10442 121 5 126 0.920635 23
10443 80 25 105 0.52381 29
10444 131 17 148 0.77027 26
10445 24 91 115 -0.582609 24
10446 87 17 104 0.673077 27
10447 26 73 99 -0.474747 23
10448 37 73 110 -0.327273 30
10449 80 29 109 0.46789 31
10450 94 9 103 0.825243 24
10451 53 31 84 0.261905 24
10452 57 68 125 -0.088 28
10453 62 50 112 0.107143 30
10454 95 19 114 0.666667 23
10455 27 49 76 -0.289474 25
10456 52 58 110 -0.0545455 28
10457 19 111 130 -0.707692 27
10458 48 58 106 -0.0943396 27
10459 140 7 147 0.904762 23
10460 95 17 112 0.696429 24
10461 11 120 131 -0.832061 22
10462 4 134 138 -0.942029 20
10463 46 52 98 -0.0612245 34
10464 92 31 123 0.495935 33
10465 73 53 126 0.15873 32
10466 41 51 92 -0.108696 26
10467 9 111 120 -0.85 25
10468 5 111 116 -0.913793 24
10469 22 106 128 -0.65625 29
10470 108 15 123 0.756098 22
10471 45 34 79 0.139241 29
10472 50 47 97 0.0309278 29
10473 82 18 100 0.64 25
10474 71 31 102 0.392157 33
10475 62 36 98 0.265306 25
10476 124 15 139 0.784173 29
10477 31 88 119 -0.478992 28
10478 116 31 147 0.578231 28
10479 42 66 108 -0.222222 26
10480 77 37 114 0.350877 29
10481 112 18 130 0.723077 28
10482 11 122 133 -0.834586 22
10483 35 66 101 -0.306931 28
10484 112 21 133 0.684211 27
10485 35 91 126 -0.444444 28
10486 12 94 106 -0.773585 27
10487 37 67 104 -0.288462 26
10488 40 66 106 -0.245283 26
10489 15 90 105 -0.714286 23
10490 103 11 114 0.807018 23
10491 60 33 93 0.290323 28
10492 107 18 125 0.712 26
10493 135 3 138 0.956522 19
10494 13 96 109 -0.761468 26
10495 32 88 120 -0.466667 27
10496 33 41 74 -0.108108 28
10497 16 89 105 -0.695238 28
10498 91 15 106 0.716981 30
10499 22 89 111 -0.603604 26
10500 70 33 103 0.359223 25
10501 51 71 122 -0.163934 27
10502 116 23 139 0.669065 29
10503 14 98 112 -0.75 21
10504 6 66 72 -0.833333 20
10505 43 48 91 -0.0549451 29
10506 108 2 110 0.963636 20
10507 21 68 89 -0.52809 28
10508 5 113 118 -0.915254 21
10509 25 81 106 -0.528302 23
10510 45 29 74 0.216216 28
10511 83 24 107 0.551402 27
10512 12 52 64 -0.625 23
10513 151 4 155 0.948387 22
10514 26 66 92 -0.434783 28
10515 76 22 98 0.55102 24
10516 63 50 113 0.115044 31
10517 91 23 114 0.596491 31
10518 10 78 88 -0.772727 17
10519 42 49 91 -0.0769231 29
10520 11 90 101 -0.782178 25
10521 81 21 102 0.588235 29
10522 104 4 108 0.925926 23
10523 10 58 68 -0.705882 24
10524 59 37 96 0.229167 31
10525 43 48 91 -0.0549451 24
10526 20 80 100 -0.6 28
10527 20 59 79 -0.493671 22
10528 14 5 19 0.473684 10
10529 83 15 98 0.693878 20
10530 41 63 104 -0.211538 29
10531 13 95 108 -0.759259 27
10532 17 86 103 -0.669903 28
10533 53 53 106 0 28
10534 12 125 137 -0.824818 25
10535 8 101 109 -0.853211 23
10536 27 81 108 -0.5 31
10537 45 36 81 0.111111 25
10538 30 70 100 -0.4 22
10539 65 63 128 0.015625 31
10540 49 34 83 0.180723 30
10541 19 53 72 -0.472222 23
10542 32 61 93 -0.311828 32
10543 47 65 112 -0.160714 28
10544 12 99 111 -0.783784 26
10545 11 107 118 -0.813559 28
10546 38 41 79 -0.0379747 22
10547 33 57 90 -0.266667 27
10548 5 91 96 -0.895833 22
10549 42 45 87 -0.0344828 33
10550 62 17 79 0.56962 25
10551 74 15 89 0.662921 22
10552 73 31 104 0.403846 24
10553 40 101 141 -0.432624 27
10554 42 41 83 0.0120482 31
10555 129 9 138 0.869565 25
10556 78 22 100 0.56 29
10557 100 6 106 0.886792 24
10558 91 29 120 0.516667 30
10559 22 121 143 -0.692308 26
10560 29 68 97 -0.402062 29
10561 41 61 102 -0.196078 26
10562 9 75 84 -0.785714 19
10563 76 35 111 0.369369 26
10564 125 8 133 0.879699 25
10565 32 47 79 -0.189873 29
10566 24 82 106 -0.54717 31
10567 66 41 107 0.233645 29
10568 37 63 100 -0.26 31
10569 90 12 102 0.764706 23
10570 60 33 93 0.290323 33
10571 10 82 92 -0.782609 28
10572 70 16 86 0.627907 22
10573 127 18 145 0.751724 24
10574 39 46 85 -0.0823529 29
10575 65 62 127 0.023622 30
10576 55 41 96 0.145833 26
10577 46 52 98 -0.0612245 31
10578 44 49 93 -0.0537634 24
10579 5 120 125 -0.92 22
10580 14 82 96 -0.708333 25
10581 6 85 91 -0.868132 22
10582 76 24 100 0.52 26
10583 40 70 110 -0.272727 27
10584 75 19 94 0.595745 24
10585 24 66 90 -0.466667 27
10586 89 20 109 0.633028 29
10587 14 65 79 -0.64557 25
10588 37 52 89 -0.168539 30
10589 131 31 162 0.617284 33
10590 61 42 103 0.184466 25
10591 103 12 115 0.791304 28
10592 42 63 105 -0.2 29
10593 26 29 55 -0.0545455 25
10594 28 57 85 -0.341176 26
10595 18 78 96 -0.625 26
10596 32 56 88 -0.272727 29
10597 55 21 76 0.447368 26
10598 35 66 101 -0.306931 24
10599 28 26 54 0.037037 20
10600 114 22 136 0.676471 25
10601 44 38 82 0.0731707 25
10602 11 57 68 -0.676471 24
10603 108 18 126 0.714286 27
10604 93 4 97 0.917526 23
10605 32 65 97 -0.340206 26
10606 74 9 83 0.783133 20
10607 16 64 80 -0.6 24
10608 24 97 121 -0.603306 21
10609 14 93 107 -0.738318 26
10610 26 54 80 -0.35 28
10611 98 20 118 0.661017 28
10612 16 85 101 -0.683168 28
10613 20 63 83 -0.518072 24
10614 59 52 111 0.0630631 32
10615 86 29 115 0.495652 28
10616 9 84 93 -0.806452 25
10617 101 15 116 0.741379 26
10618 40 76 116 -0.310345 30
10619 63 47 110 0.145455 31
10620 18 78 96 -0.625 21
10621 44 45 89 -0.011236 29
10622 14 77 91 -0.692308 26
10623 121 10 131 0.847328 26
10624 107 30 137 0.562044 30
10625 71 14 85 0.670588 16
10626 45 56 101 -0.108911 30
10627 10 81 91 -0.78022 22
10628 55 25 80 0.375 28
10629 91 19 110 0.654545 28
10630 39 38 77 0.012987 23
10631 82 53 135 0.214815 33
10632 13 71 84 -0.690476 27
10633 64 55 119 0.0756303 26
10634 54 38 92 0.173913 30
10635 40 53 93 -0.139785 19
10636 36 82 118 -0.389831 31
10637 91 30 121 0.504132 23
10638 40 66 106 -0.245283 29
10639 2 132 134 -0.970149 19
10640 102 11 113 0.80531 19
10641 91 16 107 0.700935 26
10642 36 58 94 -0.234043 30
10643 62 33 95 0.305263 29
10644 14 99 113 -0.752212 28
10645 120 11 131 0.832061 28
10646 28 78 106 -0.471698 29
10647 31 63 94 -0.340426 30
10648 95 1 96 0.979167 20
10649 82 14 96 0.708333 21
10650 96 45 141 0.361702 27
10651 12 102 114 -0.789474 29
10652 37 64 101 -0.267327 31
10653 86 3 89 0.932584 17
10654 9 0 9 1 6
10655 17 83 100 -0.66 23
10656 50 51 101 -0.00990099 23
10657 44 76 120 -0.266667 29
10658 26 64 90 -0.422222 25
10659 72 33 105 0.371429 34
10660 23 102 125 -0.632 28
10661 48 60 108 -0.111111 25
10662 26 62 88 -0.409091 24
10663 35 63 98 -0.285714 33
10664 83 29 112 0.482143 26
10665 24 53 77 -0.376623 20
10666 39 59 98 -0.204082 30
10667 26 92 118 -0.559322 27
10668 10 94 104 -0.807692 21
10669 31 72 103 -0.398058 32
10670 77 13 90 0.711111 26
10671 74 44 118 0.254237 32
10672 29 55 84 -0.309524 30
10673 33 83 116 -0.431034 26
10674 58 43 101 0.148515 28
10675 68 30 98 0.387755 31
10676 61 27 88 0.386364 29
10677 6 116 122 -0.901639 21
10678 72 29 101 0.425743 27
10679 45 77 122 -0.262295 29
10680 63 30 93 0.354839 31
10681 73 3 76 0.921053 20
10682 39 64 103 -0.242718 31
10683 78 34 112 0.392857 32
10684 26 52 78 -0.333333 23
10685 24 77 101 -0.524752 30
10686 74 31 105 0.409524 26
10687 61 31 92 0.326087 25
10688 11 142 153 -0.856209 26
10689 34 83 117 -0.418803 30
10690 18 85 103 -0.650485 25
10691 57 66 123 -0.0731707 29
10692 34 52 86 -0.209302 24
10693 84 38 122 0.377049 29
10694 65 31 96 0.354167 27
10695 79 42 121 0.305785 33
10696 53 61 114 -0.0701754 36
10697 25 59 84 -0.404762 25
10698 63 48 111 0.135135 31
10699 83 41 124 0.33871 30
10700 118 2 120 0.966667 19
10701 13 88 101 -0.742574 27
10702 55 46 101 0.0891089 28
10703 118 23 141 0.673759 21
10704 14 94 108 -0.740741 25
10705 67 3 70 0.914286 20
10706 68 10 78 0.74359 25
10707 22 90 112 -0.607143 31
10708 43 51 94 -0.0851064 28
10709 43 57 100 -0.14 26
10710 29 61 90 -0.355556 28
10711 92 36 128 0.4375 29
10712 30 99 129 -0.534884 33
10713 10 125 135 -0.851852 21
10714 39 42 81 -0.037037 29
10715 78 43 121 0.289256 28
10716 90 9 99 0.818182 23
10717 28 62 90 -0.377778 32
10718 81 16 97 0.670103 29
10719 107 3 110 0.945455 17
10720 15 81 96 -0.6875 26
10721 46 49 95 -0.0315789 29
10722 72 5 77 0.87013 19
10723 13 100 113 -0.769912 22
10724 60 29 89 0.348315 30
10725 21 88 109 -0.614679 27
10726 3 100 103 -0.941748 21
10727 39 94 133 -0.413534 31
10728 95 36 131 0.450382 33
10729 74 28 102 0.45098 25
10730 41 65 106 -0.226415 28
10731 5 84 89 -0.88764 13
10732 52 34 86 0.209302 28
10733 17 87 104 -0.673077 29
10734 57 22 79 0.443038 18
10735 87 22 109 0.59633 25
10736 24 74 98 -0.510204 30
10737 82 33 115 0.426087 28
10738 47 63 110 -0.145455 29
10739 59 26 85 0.388235 26
10740 62 47 109 0.137615 31
10741 2 111 113 -0.964602 18
10742 12 93 105 -0.771429 23
10743 29 65 94 -0.382979 20
10744 12 90 102 -0.764706 26
10745 76 19 95 0.6 29
10746 7 78 85 -0.835294 24
10747 10 71 81 -0.753086 14
10748 3 77 80 -0.925 21
10749 44 62 106 -0.169811 34
10750 84 19 103 0.631068 30
10751 25 85 110 -0.545455 29
10752 36 83 119 -0.394958 27
10753 28 87 115 -0.513043 30
10754 25 83 108 -0.537037 22
10755 56 44 100 0.12 26
10756 67 48 115 0.165217 35
10757 128 7 135 0.896296 24
10758 41 42 83 -0.0120482 27
10759 37 52 89 -0.168539 24
10760 42 55 97 -0.134021 24
10761 52 38 90 0.155556 27
10762 38 53 91 -0.164835 33
10763 102 29 131 0.557252 23
10764 34 79 113 -0.39823 30
10765 62 48 110 0.127273 34
10766 33 66 99 -0.333333 29
10767 11 80 91 -0.758242 24
10768 57 52 109 0.0458716 26
10769 43 63 106 -0.188679 30
10770 4 105 109 -0.926606 23
10771 30 85 115 -0.478261 31
10772 14 77 91 -0.692308 24
10773 51 57 108 -0.0555556 28
10774 86 24 110 0.563636 27
10775 51 40 91 0.120879 28
10776 19 50 69 -0.449275 29
10777 12 149 161 -0.850932 17
10778 111 5 116 0.913793 24
10779 5 161 166 -0.939759 17
10780 14 69 83 -0.662651 26
10781 68 62 130 0.0461538 28
10782 78 7 85 0.835294 26
10783 48 82 130 -0.261538 29
10784 31 102 133 -0.533835 29
10785 69 13 82 0.682927 27
10786 33 79 112 -0.410714 31
10787 69 41 110 0.254545 26
10788 9 83 92 -0.804348 21
10789 59 58 117 0.00854701 32
10790 65 49 114 0.140351 30
10791 62 37 99 0.252525 27
10792 77 15 92 0.673913 28
10793 61 41 102 0.196078 25
10794 122 14 136 0.794118 27
10795 39 78 117 -0.333333 28
10796 67 40 107 0.252336 29
10797 81 13 94 0.723404 27
10798 110 6 116 0.896552 19
10799 70 24 94 0.489362 28
10800 7 119 126 -0.888889 22
10801 41 71 112 -0.267857 32
10802 13 57 70 -0.628571 25
10803 81 10 91 0.78022 22
10804 64 50 114 0.122807 28
10805 12 118 130 -0.815385 25
10806 55 48 103 0.0679612 33
10807 24 79 103 -0.533981 27
10808 36 53 89 -0.191011 29
10809 2 99 101 -0.960396 19
10810 53 80 133 -0.203008 34
10811 54 61 115 -0.0608696 25
10812 74 29 103 0.436893 27
10813 6 72 78 -0.846154 22
10814 94 19 113 0.663717 29
10815 30 68 98 -0.387755 26
10816 16 83 99 -0.676768 28
10817 5 121 126 -0.920635 17
10818 34 71 105 -0.352381 33
10819 31 61 92 -0.326087 32
10820 38 93 131 -0.419847 31
10821 27 55 82 -0.341463 27
10822 93 15 108 0.722222 24
10823 66 31 97 0.360825 25
10824 27 36 63 -0.142857 19
10825 64 37 101 0.267327 25
10826 67 7 74 0.810811 24
10827 51 59 110 -0.0727273 31
10828 40 73 113 -0.292035 26
10829 4 78 82 -0.902439 21
10830 3 106 109 -0.944954 15
10831 70 20 90 0.555556 27
10832 102 17 119 0.714286 22
10833 47 39 86 0.0930233 31
10834 19 121 140 -0.728571 31
10835 55 41 96 0.145833 30
10836 36 61 97 -0.257732 30
10837 134 9 143 0.874126 20
10838 73 14 87 0.678161 23
10839 94 6 100 0.88 23
10840 82 57 139 0.179856 36
10841 61 42 103 0.184466 29
10842 66 30 96 0.375 28
10843 17 114 131 -0.740458 27
10844 129 6 135 0.911111 18
10845 86 31 117 0.470085 31
10846 38 83 121 -0.371901 27
10847 5 107 112 -0.910714 19
10848 31 61 92 -0.326087 31
10849 106 17 123 0.723577 27
10850 70 63 133 0.0526316 34
10851 63 65 128 -0.015625 31
10852 65 30 95 0.368421 22
10853 38 93 131 -0.419847 27
10854 50 73 123 -0.186992 27
10855 51 38 89 0.146067 31
10856 94 22 116 0.62069 29
10857 70 54 124 0.129032 35
10858 21 103 124 -0.66129 29
10859 42 37 79 0.0632911 26
10860 172 4 176 0.954545 21
10861 41 47 88 -0.0681818 30
10862 17 82 99 -0.656566 26
10863 76 8 84 0.809524 22
10864 102 22 124 0.645161 22
10865 63 51 114 0.105263 27
10866 44 66 110 -0.2 27
10867 61 55 116 0.0517241 30
10868 130 20 150 0.733333 31
10869 98 9 107 0.831776 25
10870 43 50 93 -0.0752688 24
10871 86 21 107 0.607477 26
10872 27 87 114 -0.526316 32
10873 14 107 121 -0.768595 24
10874 51 28 79 0.291139 27
10875 89 19 108 0.648148 29
10876 113 6 119 0.89916 23
10877 83 21 104 0.596154 25
10878 84 54 138 0.217391 37
10879 48 50 98 -0.0204082 23
10880 74 28 102 0.45098 30
10881 15 143 158 -0.810127 27
10882 95 19 114 0.666667 26
10883 85 28 113 0.504425 25
10884 95 29 124 0.532258 31
10885 74 15 89 0.662921 27
10886 114 10 124 0.83871 25
10887 13 110 123 -0.788618 25
10888 53 41 94 0.12766 30
10889 31 85 116 -0.465517 28
10890 34 89 123 -0.447154 29
10891 114 9 123 0.853659 26
10892 73 42 115 0.269565 32
10893 31 70 101 -0.386139 30
10894 16 88 104 -0.692308 28
10895 60 45 105 0.142857 33
10896 92 26 118 0.559322 29
10897 21 97 118 -0.644068 28
10898 58 31 89 0.303371 25
10899 49 47 96 0.0208333 32
10900 17 104 121 -0.719008 29
10901 5 118 123 -0.918699 21
10902 20 68 88 -0.545455 24
10903 13 40 53 -0.509434 21
10904 56 51 107 0.046729 35
10905 88 26 114 0.54386 29
10906 35 58 93 -0.247312 30
10907 62 50 112 0.107143 30
10908 11 124 135 -0.837037 21
10909 48 73 121 -0.206612 31
10910 62 41 103 0.203883 31
10911 120 5 125 0.92 23
10912 43 42 85 0.0117647 26
10913 98 15 113 0.734513 26
10914 24 44 68 -0.294118 28
10915 103 1 104 0.980769 19
10916 124 7 131 0.89313 26
10917 50 38 88 0.136364 29
10918 43 69 112 -0.232143 29
10919 64 36 100 0.28 22
10920 119 11 130 0.830769 19
10921 65 50 115 0.130435 32
10922 36 63 99 -0.272727 31
10923 25 75 100 -0.5 26
10924 79 27 106 0.490566 27
10925 61 45 106 0.150943 32
10926 74 26 100 0.48 27
10927 15 77 92 -0.673913 24
10928 58 50 108 0.0740741 29
10929 18 82 100 -0.64 26
10930 53 51 104 0.0192308 26
10931 155 8 163 0.90184 21
10932 59 22 81 0.45679 25
10933 4 135 139 -0.942446 22
10934 10 109 119 -0.831933 26
10935 62 42 104 0.192308 33
10936 64 13 77 0.662338 23
10937 20 99 119 -0.663866 30
10938 81 1 82 0.97561 18
10939 125 7 132 0.893939 24
10940 50 30 80 0.25 27
10941 81 33 114 0.421053 26
10942 36 75 111 -0.351351 28
10943 39 68 107 -0.271028 29
10944 21 80 101 -0.584158 28
10945 83 7 90 0.844444 23
10946 41 59 100 -0.18 28
10947 125 1 126 0.984127 18
10948 50 57 107 -0.0654206 34
10949 4 74 78 -0.897436 21
10950 30 58 88 -0.318182 28
10951 73 29 102 0.431373 25
10952 40 51 91 -0.120879 26
10953 111 22 133 0.669173 26
10954 61 68 129 -0.0542636 33
10955 49 32 81 0.209877 26
10956 14 82 96 -0.708333 27
10957 18 89 107 -0.663551 30
10958 29 82 111 -0.477477 31
10959 87 25 112 0.553571 31
10960 93 13 106 0.754717 25
10961 9 112 121 -0.85124 20
10962 114 22 136 0.676471 26
10963 122 12 134 0.820896 25
10964 59 59 118 0 28
10965 27 78 105 -0.485714 29
10966 69 31 100 0.38 27
10967 93 40 133 0.398496 24
10968 55 55 110 0 29
10969 42 68 110 -0.236364 31
10970 79 21 100 0.58 29
10971 36 62 98 -0.265306 27
10972 27 89 116 -0.534483 29
10973 42 47 89 -0.0561798 29
10974 114 17 131 0.740458 31
10975 8 91 99 -0.838384 21
10976 16 89 105 -0.695238 26
10977 46 70 116 -0.206897 31
10978 59 66 125 -0.056 30
10979 63 46 109 0.155963 35
10980 52 61 113 -0.079646 28
10981 46 63 109 -0.155963 27
10982 103 27 130 0.584615 32
10983 59 28 87 0.356322 28
10984 7 108 115 -0.878261 21
10985 113 12 125 0.808 24
10986 29 73 102 -0.431373 29
10987 58 37 95 0.221053 31
10988 73 34 107 0.364486 27
10989 62 62 124 0 31
10990 4 156 160 -0.95 19
10991 16 116 132 -0.757576 27
10992 26 73 99 -0.474747 26
10993 16 117 133 -0.759398 25
10994 42 43 85 -0.0117647 24
10995 87 8 95 0.831579 22
10996 26 64 90 -0.422222 26
10997 33 87 120 -0.45 35
10998 31 85 116 -0.465517 23
10999 20 68 88 -0.545455 26
11000 13 147 160 -0.8375 26
11001 138 1 139 0.985612 15
11002 45 25 70 0.285714 25
11003 75 35 110 0.363636 33
11004 53 57 110 -0.0363636 29
11005 65 23 88 0.477273 27
11006 97 19 116 0.672414 28
11007 80 22 102 0.568627 31
11008 38 59 97 -0.216495 27
11009 71 18 89 0.595506 27
11010 13 134 147 -0.823129 20
11011 21 74 95 -0.557895 26
11012 92 17 109 0.688073 28
11013 61 63 124 -0.016129 26
11014 64 25 89 0.438202 27
11015 45 48 93 -0.0322581 26
11016 52 78 130 -0.2 30
11017 17 80 97 -0.649485 27
11018 49 36 85 0.152941 26
11019 42 41 83 0.0120482 29
11020 75 21 96 0.5625 29
11021 8 93 101 -0.841584 22
11022 105 12 117 0.794872 22
11023 3 110 113 -0.946903 22
11024 92 12 104 0.769231 21
11025 20 66 86 -0.534884 28
11026 6 30 36 -0.666667 15
11027 19 74 93 -0.591398 27
11028 78 35 113 0.380531 31
11029 45 80 125 -0.28 34
11030 35 72 107 -0.345794 25
11031 75 17 92 0.630435 23
11032 27 74 101 -0.465347 28
11033 58 43 101 0.148515 31
11034 31 60 91 -0.318681 30
11035 39 52 91 -0.142857 23
11036 50 78 128 -0.21875 27
11037 36 39 75 -0.04 31
11038 105 22 127 0.653543 27
11039 78 43 121 0.289256 29
11040 53 26 79 0.341772 18
11041 68 44 112 0.214286 28
11042 96 10 106 0.811321 25
11043 108 8 116 0.862069 15
11044 70 33 103 0.359223 29
11045 21 72 93 -0.548387 26
11046 40 36 76 0.0526316 22
11047 47 65 112 -0.160714 30
11048 43 47 90 -0.0444444 22
11049 35 59 94 -0.255319 27
11050 15 85 100 -0.7 24
11051 58 50 108 0.0740741 33
11052 91 14 105 0.733333 26
11053 89 11 100 0.78 27
11054 33 47 80 -0.175 27
11055 75 12 87 0.724138 22
11056 8 147 155 -0.896774 16
11057 58 38 96 0.208333 30
11058 87 22 109 0.59633 27
11059 159 5 164 0.939024 19
11060 60 34 94 0.276596 29
11061 5 111 116 -0.913793 19
11062 40 101 141 -0.432624 35
11063 70 16 86 0.627907 27
11064 70 17 87 0.609195 25
11065 131 5 136 0.926471 20
11066 23 79 102 -0.54902 29
11067 67 45 112 0.196429 29
11068 17 90 107 -0.682243 29
11069 62 43 105 0.180952 28
11070 38 71 109 -0.302752 27
11071 83 20 103 0.61165 28
11072 61 46 107 0.140187 24
11073 37 56 93 -0.204301 23
11074 55 28 83 0.325301 28
11075 54 72 126 -0.142857 33
11076 58 54 112 0.0357143 34
11077 9 136 145 -0.875862 22
11078 29 88 117 -0.504274 29
11079 101 15 116 0.741379 22
11080 75 31 106 0.415094 32
11081 48 51 99 -0.030303 35
11082 87 40 127 0.370079 25
11083 73 45 118 0.237288 36
11084 58 45 103 0.126214 24
11085 50 34 84 0.190476 28
11086 21 54 75 -0.44 24
11087 55 61 116 -0.0517241 37
11088 38 74 112 -0.321429 31
11089 30 71 101 -0.405941 27
11090 83 30 113 0.469027 23
11091 84 18 102 0.647059 27
11092 82 7 89 0.842697 23
11093 102 28 130 0.569231 35
11094 17 85 102 -0.666667 30
11095 18 81 99 -0.636364 28
11096 62 46 108 0.148148 32
11097 33 58 91 -0.274725 31
11098 25 84 109 -0.541284 27
11099 17 95 112 -0.696429 28
11100 88 25 113 0.557522 26
11101 4 116 120 -0.933333 19
11102 9 87 96 -0.8125 27
11103 86 21 107 0.607477 29
11104 34 54 88 -0.227273 31
11105 10 44 54 -0.62963 15
11106 100 23 123 0.626016 29
11107 89 8 97 0.835052 19
11108 87 42 129 0.348837 33
11109 38 17 55 0.381818 23
11110 57 49 106 0.0754717 21
11111 36 84 120 -0.4 31
11112 29 96 125 -0.536 28
11113 56 41 97 0.154639 31
11114 72 12 84 0.714286 23
11115 55 57 112 -0.0178571 28
11116 80 34 114 0.403509 28
11117 71 16 87 0.632184 23
11118 4 97 101 -0.920792 22
11119 36 57 93 -0.225806 27
11120 71 43 114 0.245614 27
11121 71 41 112 0.267857 32
11122 3 119 122 -0.95082 18
11123 28 36 64 -0.125 24
11124 54 44 98 0.102041 29
11125 65 56 121 0.0743802 30
11126 16 97 113 -0.716814 24
11127 39 52 91 -0.142857 30
11128 15 73 88 -0.659091 22
11129 95 16 111 0.711712 26
11130 79 40 119 0.327731 31
11131 34 60 94 -0.276596 22
11132 68 50 118 0.152542 25
11133 46 52 98 -0.0612245 28
11134 81 34 115 0.408696 32
11135 19 23 42 -0.0952381 10
11136 71 30 101 0.405941 31
11137 50 35 85 0.176471 26
11138 52 33 85 0.223529 21
11139 67 20 87 0.54023 23
11140 43 50 93 -0.0752688 25
11141 49 42 91 0.0769231 29
11142 37 80 117 -0.367521 31
11143 89 27 116 0.534483 29
11144 18 82 100 -0.64 27
11145 108 4 112 0.928571 20
11146 61 27 88 0.386364 26
11147 37 45 82 -0.097561 30
11148 88 21 109 0.614679 30
11149 16 119 135 -0.762963 28
11150 69 45 114 0.210526 33
11151 165 5 170 0.941176 22
11152 83 42 125 0.328 30
11153 38 45 83 -0.0843373 27
11154 40 62 102 -0.215686 30
11155 75 30 105 0.428571 27
11156 95 4 99 0.919192 22
11157 56 57 113 -0.00884956 33
11158 48 80 128 -0.25 33
11159 65 44 109 0.192661 32
11160 16 94 110 -0.709091 24
11161 13 47 60 -0.566667 21
11162 115 7 122 0.885246 22
11163 77 41 118 0.305085 32
11164 7 117 124 -0.887097 20
11165 21 108 129 -0.674419 30
11166 130 6 136 0.911765 24
11167 1 98 99 -0.979798 14
11168 55 52 107 0.0280374 34
11169 27 103 130 -0.584615 28
11170 79 15 94 0.680851 18
11171 14 118 132 -0.787879 25
11172 13 68 81 -0.679012 20
11173 21 68 89 -0.52809 26
11174 4 112 116 -0.931034 19
11175 65 47 112 0.160714 33
11176 13 86 99 -0.737374 27
11177 79 12 91 0.736264 21
11178 84 22 106 0.584906 23
11179 31 72 103 -0.398058 30
11180 69 20 89 0.550562 24
11181 49 49 98 0 31
11182 74 54 128 0.15625 22
11183 68 29 97 0.402062 33
11184 71 22 93 0.526882 27
11185 65 48 113 0.150442 30
11186 26 84 110 -0.527273 26
11187 16 43 59 -0.457627 23
11188 89 4 93 0.913978 21
11189 85 46 131 0.29771 32
11190 33 84 117 -0.435897 29
11191 63 28 91 0.384615 30
11192 76 31 107 0.420561 26
11193 22 70 92 -0.521739 32
11194 40 43 83 -0.0361446 33
11195 35 72 107 -0.345794 25
11196 43 66 109 -0.211009 25
11197 60 46 106 0.132075 34
11198 39 55 94 -0.170213 23
11199 76 12 88 0.727273 28
11200 15 78 93 -0.677419 28
11201 10 113 123 -0.837398 25
11202 108 7 115 0.878261 23
11203 29 49 78 -0.25641 24
11204 52 74 126 -0.174603 27
11205 34 82 116 -0.413793 28
11206 40 75 115 -0.304348 31
11207 9 97 106 -0.830189 25
11208 4 148 152 -0.947368 22
11209 3 122 125 -0.952 20
11210 68 11 79 0.721519 21
11211 110 10 120 0.833333 20
11212 16 88 104 -0.692308 29
11213 54 55 109 -0.00917431 35
11214 55 14 69 0.594203 14
11215 74 31 105 0.409524 22
11216 13 60 73 -0.643836 23
11217 26 41 67 -0.223881 25
11218 166 12 178 0.865169 20
11219 105 18 123 0.707317 29
11220 37 49 86 -0.139535 28
11221 71 23 94 0.510638 30
11222 38 83 121 -0.371901 28
11223 100 7 107 0.869159 26
11224 21 73 94 -0.553191 32
11225 54 52 106 0.0188679 30
11226 56 54 110 0.0181818 25
11227 47 68 115 -0.182609 27
11228 38 51 89 -0.146067 28
11229 54 43 97 0.113402 27
11230 116 12 128 0.8125 23
11231 89 18 107 0.663551 27
11232 41 23 64 0.28125 30
11233 125 16 141 0.77305 27
11234 32 68 100 -0.36 33
11235 52 62 114 -0.0877193 25
11236 117 13 130 0.8 26
11237 88 23 111 0.585586 26
11238 85 29 114 0.491228 32
11239 62 54 116 0.0689655 30
11240 30 49 79 -0.240506 21
11241 77 38 115 0.33913 33
11242 59 42 101 0.168317 29
11243 19 85 104 -0.634615 28
11244 41 56 97 -0.154639 30
11245 59 69 128 -0.078125 34
11246 77 8 85 0.811765 20
11247 42 31 73 0.150685 23
11248 70 53 123 0.138211 33
11249 65 13 78 0.666667 25
11250 8 63 71 -0.774648 18
11251 44 76 120 -0.266667 32
11252 132 14 146 0.808219 30
11253 96 7 103 0.864078 23
11254 26 54 80 -0.35 26
11255 6 145 151 -0.92053 22
11256 97 16 113 0.716814 29
11257 0 11 11 -1 3
11258 16 92 108 -0.703704 25
11259 98 22 120 0.633333 26
11260 31 64 95 -0.347368 22
11261 103 15 118 0.745763 26
11262 64 35 99 0.292929 27
11263 58 22 80 0.45 22
11264 64 43 107 0.196262 31
11265 33 87 120 -0.45 28
11266 81 19 100 0.62 27
11267 87 12 99 0.757576 24
11268 38 63 101 -0.247525 27
11269 64 16 80 0.6 21
11270 35 83 118 -0.40678 25
11271 22 58 80 -0.45 26
11272 4 123 127 -0.937008 21
11273 54 60 114 -0.0526316 27
11274 21 74 95 -0.557895 28
11275 47 58 105 -0.104762 30
11276 58 47 105 0.104762 32
11277 12 64 76 -0.684211 23
11278 79 32 111 0.423423 24
11279 55 42 97 0.134021 24
11280 87 14 101 0.722772 26
11281 36 69 105 -0.314286 25
11282 12 95 107 -0.775701 26
11283 108 23 131 0.648855 24
11284 17 117 134 -0.746269 27
11285 48 42 90 0.0666667 27
11286 51 40 91 0.120879 27
11287 49 46 95 0.0315789 28
11288 49 39 88 0.113636 24
11289 34 53 87 -0.218391 31
11290 77 20 97 0.587629 26
11291 64 33 97 0.319588 30
11292 98 17 115 0.704348 30
11293 76 38 114 0.333333 29
11294 25 96 121 -0.586777 26
11295 28 70 98 -0.428571 32
11296 18 69 87 -0.586207 32
11297 54 37 91 0.186813 29
11298 25 81 106 -0.528302 21
11299 14 105 119 -0.764706 21
11300 35 54 89 -0.213483 30
11301 79 26 105 0.504762 26
11302 102 46 148 0.378378 28
11303 65 45 110 0.181818 34
11304 61 46 107 0.140187 31
11305 93 4 97 0.917526 22
11306 29 47 76 -0.236842 27
11307 55 54 109 0.00917431 28
11308 56 48 104 0.0769231 32
11309 27 56 83 -0.349398 25
11310 42 39 81 0.037037 26
11311 11 130 141 -0.843972 18
11312 5 110 115 -0.913043 23
11313 82 15 97 0.690722 27
11314 62 26 88 0.409091 29
11315 118 15 133 0.774436 26
11316 24 75 99 -0.515152 27
11317 18 82 100 -0.64 32
11318 20 86 106 -0.622642 26
11319 13 101 114 -0.77193 27
11320 79 27 106 0.490566 27
11321 70 33 103 0.359223 25
11322 14 71 85 -0.670588 24
11323 20 89 109 -0.633028 24
11324 51 56 107 -0.046729 26
11325 17 88 105 -0.67619 29
11326 7 89 96 -0.854167 24
11327 45 45 90 0 27
11328 6 44 50 -0.76 14
11329 48 40 88 0.0909091 30
11330 6 92 98 -0.877551 22
11331 18 80 98 -0.632653 28
11332 33 56 89 -0.258427 27
11333 118 10 128 0.84375 27
11334 4 7 11 -0.272727 8
11335 4 104 108 -0.925926 23
11336 56 55 111 0.00900901 30
11337 63 31 94 0.340426 23
11338 6 86 92 -0.869565 21
11339 11 98 109 -0.798165 22
11340 41 71 112 -0.267857 31
11341 31 99 130 -0.523077 34
11342 93 13 106 0.754717 19
11343 54 44 98 0.102041 32
11344 19 111 130 -0.707692 31
11345 49 55 104 -0.0576923 34
11346 30 53 83 -0.277108 23
11347 22 73 95 -0.536842 27
11348 59 21 80 0.475 30
11349 2 103 105 -0.961905 21
11350 59 14 73 0.616438 22
11351 83 23 106 0.566038 26
11352 23 91 114 -0.596491 21
11353 60 41 101 0.188119 25
11354 79 21 100 0.58 24
11355 39 62 101 -0.227723 32
11356 34 107 141 -0.51773 22
11357 68 58 126 0.0793651 29
11358 80 10 90 0.777778 23
11359 68 42 110 0.236364 29
11360 47 51 98 -0.0408163 31
11361 94 10 104 0.807692 27
11362 28 64 92 -0.391304 24
11363 66 19 85 0.552941 20
11364 33 80 113 -0.415929 26
11365 46 62 108 -0.148148 29
11366 67 35 102 0.313725 30
11367 85 16 101 0.683168 22
11368 117 7 124 0.887097 22
11369 60 37 97 0.237113 32
11370 80 37 117 0.367521 25
11371 12 103 115 -0.791304 24
11372 26 46 72 -0.277778 28
11373 34 58 92 -0.26087 23
11374 17 120 137 -0.751825 26
11375 18 88 106 -0.660377 26
11376 70 26 96 0.458333 28
11377 85 14 99 0.717172 28
11378 119 3 122 0.95082 18
11379 9 88 97 -0.814433 23
11380 61 47 108 0.12963 29
11381 120 6 126 0.904762 20
11382 106 31 137 0.547445 31
11383 46 70 116 -0.206897 28
11384 47 83 130 -0.276923 30
11385 40 65 105 -0.238095 29
11386 78 26 104 0.5 32
11387 42 42 84 0 23
11388 57 19 76 0.5 26
11389 90 14 104 0.730769 23
11390 109 28 137 0.591241 30
11391 46 13 59 0.559322 21
11392 76 30 106 0.433962 33
11393 85 10 95 0.789474 23
11394 11 82 93 -0.763441 27
11395 97 20 117 0.65812 25
11396 61 50 111 0.0990991 32
11397 56 60 116 -0.0344828 30
11398 56 67 123 -0.0894309 28
11399 15 110 125 -0.76 27
11400 10 115 125 -0.84 19
11401 22 61 83 -0.46988 28
11402 58 22 80 0.45 26
11403 40 71 111 -0.279279 34
11404 52 55 107 -0.0280374 29
11405 47 57 104 -0.0961538 30
11406 45 57 102 -0.117647 29
11407 55 46 101 0.0891089 28
11408 9 134 143 -0.874126 20
11409 97 23 120 0.616667 27
11410 77 11 88 0.75 22
11411 133 2 135 0.97037 20
11412 57 34 91 0.252747 28
11413 40 81 121 -0.338843 20
11414 90 2 92 0.956522 20
11415 21 95 116 -0.637931 26
11416 69 11 80 0.725 22
11417 84 28 112 0.5 23
11418 80 25 105 0.52381 26
11419 99 22 121 0.636364 26
11420 50 47 97 0.0309278 22
11421 102 24 126 0.619048 30
11422 25 109 134 -0.626866 27
11423 29 83 112 -0.482143 26
11424 4 114 118 -0.932203 18
11425 3 85 88 -0.931818 20
11426 43 57 100 -0.14 25
11427 108 17 125 0.728 28
11428 3 132 135 -0.955556 20
11429 6 122 128 -0.90625 24
11430 30 94 124 -0.516129 21
11431 34 43 77 -0.116883 29
11432 47 43 90 0.0444444 28
11433 94 13 107 0.757009 21
11434 33 71 104 -0.365385 31
11435 16 119 135 -0.762963 28
11436 13 81 94 -0.723404 27
11437 51 20 71 0.43662 26
11438 42 58 100 -0.16 31
11439 49 87 136 -0.279412 32
11440 34 60 94 -0.276596 30
11441 57 30 87 0.310345 31
11442 64 46 110 0.163636 33
11443 114 10 124 0.83871 24
11444 85 33 118 0.440678 28
11445 87 14 101 0.722772 30
11446 68 32 100 0.36 24
11447 18 55 73 -0.506849 28
11448 26 61 87 -0.402299 28
11449 7 147 154 -0.909091 24
11450 11 22 33 -0.333333 15
11451 65 46 111 0.171171 32
11452 24 75 99 -0.515152 29
11453 62 59 121 0.0247934 31
11454 15 100 115 -0.73913 24
11455 26 81 107 -0.514019 26
11456 125 2 127 0.968504 19
11457 14 94 108 -0.740741 28
11458 9 131 140 -0.871429 23
11459 9 74 83 -0.783133 25
11460 80 44 124 0.290323 27
11461 43 46 89 -0.0337079 31
11462 46 54 100 -0.08 28
11463 28 69 97 -0.42268 27
11464 109 15 124 0.758065 24
11465 36 29 65 0.107692 25
11466 6 154 160 -0.925 15
11467 19 99 118 -0.677966 27
11468 54 65 119 -0.092437 31
11469 116 5 121 0.917355 18
11470 103 12 115 0.791304 26
11471 53 0 53 1 15
11472 82 43 125 0.312 28
11473 17 101 118 -0.711864 28
11474 90 27 117 0.538462 32
11475 125 18 143 0.748252 27
11476 56 83 139 -0.194245 29
11477 51 48 99 0.030303 29
11478 15 104 119 -0.747899 20
11479 44 35 79 0.113924 28
11480 64 12 76 0.684211 26
11481 39 76 115 -0.321739 29
11482 51 41 92 0.108696 27
11483 15 117 132 -0.772727 28
11484 58 34 92 0.26087 31
11485 30 95 125 -0.52 33
11486 73 52 125 0.168 35
11487 41 62 103 -0.203883 30
11488 46 88 134 -0.313433 31
11489 71 36 107 0.327103 28
11490 66 45 111 0.189189 31
11491 97 31 128 0.515625 28
11492 40 64 104 -0.230769 28
11493 112 14 126 0.777778 22
11494 30 102 132 -0.545455 26
11495 51 48 99 0.030303 22
11496 90 7 97 0.85567 24
11497 59 32 91 0.296703 31
11498 154 2 156 0.974359 17
11499 22 94 116 -0.62069 28
11500 12 94 106 -0.773585 19
11501 20 76 96 -0.583333 30
11502 60 46 106 0.132075 25
11503 4 125 129 -0.937984 20
11504 83 37 120 0.383333 31
11505 86 10 96 0.791667 22
11506 49 63 112 -0.125 29
11507 63 48 111 0.135135 27
11508 141 12 153 0.843137 24
11509 23 58 81 -0.432099 25
11510 45 34 79 0.139241 28
11511 117 5 122 0.918033 18
11512 75 24 99 0.515152 31
11513 103 10 113 0.823009 26
11514 69 23 92 0.5 30
11515 96 4 100 0.92 21
11516 10 55 65 -0.692308 20
11517 29 56 85 -0.317647 20
11518 64 9 73 0.753425 24
11519 42 81 123 -0.317073 27
11520 29 97 126 -0.539683 29
11521 37 59 96 -0.229167 26
11522 83 16 99 0.676768 29
11523 48 41 89 0.0786517 26
11524 34 79 113 -0.39823 24
11525 59 47 106 0.113208 28
11526 7 130 137 -0.89781 24
11527 112 6 118 0.898305 19
11528 39 53 92 -0.152174 30
11529 96 13 109 0.761468 21
11530 81 16 97 0.670103 24
11531 68 60 128 0.0625 30
11532 55 54 109 0.00917431 27
11533 40 58 98 -0.183673 29
11534 58 56 114 0.0175439 31
11535 14 65 79 -0.64557 23
11536 39 40 79 -0.0126582 27
11537 69 42 111 0.243243 30
11538 40 84 124 -0.354839 30
11539 43 82 125 -0.312 29
11540 86 20 106 0.622642 27
11541 59 62 121 -0.0247934 33
11542 47 64 111 -0.153153 33
11543 49 37 86 0.139535 21
11544 34 60 94 -0.276596 24
11545 84 32 116 0.448276 31
11546 46 55 101 -0.0891089 29
11547 29 62 91 -0.362637 21
11548 95 3 98 0.938776 20
11549 37 73 110 -0.327273 26
11550 12 115 127 -0.811024 22
11551 25 76 101 -0.50495 32
11552 31 62 93 -0.333333 25
11553 75 20 95 0.578947 28
11554 51 47 98 0.0408163 25
11555 17 87 104 -0.673077 26
11556 17 29 46 -0.26087 18
11557 150 14 164 0.829268 26
11558 39 83 122 -0.360656 34
11559 112 15 127 0.76378 18
11560 13 88 101 -0.742574 28
11561 122 8 130 0.876923 26
11562 70 49 119 0.176471 30
11563 42 17 59 0.423729 25
11564 70 36 106 0.320755 23
11565 26 78 104 -0.5 30
11566 92 3 95 0.936842 19
11567 14 88 102 -0.72549 29
11568 34 72 106 -0.358491 26
11569 21 106 127 -0.669291 26
11570 24 62 86 -0.44186 27
11571 68 30 98 0.387755 30
11572 53 87 140 -0.242857 25
11573 37 65 102 -0.27451 29
11574 153 4 157 0.949045 14
11575 7 132 139 -0.899281 25
11576 89 37 126 0.412698 34
11577 37 71 108 -0.314815 23
11578 127 13 140 0.814286 27
11579 76 30 106 0.433962 29
11580 76 21 97 0.56701 28
11581 150 9 159 0.886792 24
11582 100 45 145 0.37931 30
11583 28 90 118 -0.525424 33
11584 55 37 92 0.195652 20
11585 40 65 105 -0.238095 32
11586 50 16 66 0.515152 27
11587 9 168 177 -0.898305 18
11588 86 7 93 0.849462 23
11589 35 79 114 -0.385965 30
11590 87 19 106 0.641509 29
11591 4 116 120 -0.933333 23
11592 82 14 96 0.708333 23
11593 32 59 91 -0.296703 26
11594 50 29 79 0.265823 31
11595 73 29 102 0.431373 27
11596 71 37 108 0.314815 25
11597 18 85 103 -0.650485 25
11598 56 45 101 0.108911 24
11599 21 92 113 -0.628319 27
11600 90 1 91 0.978022 14
11601 29 59 88 -0.340909 30
11602 38 88 126 -0.396825 30
11603 16 79 95 -0.663158 26
11604 145 18 163 0.779141 26
11605 39 39 78 0 26
11606 73 45 118 0.237288 33
11607 74 59 133 0.112782 32
11608 9 127 136 -0.867647 19
11609 87 12 99 0.757576 25
11610 10 73 83 -0.759036 25
11611 53 53 106 0 29
11612 27 36 63 -0.142857 23
11613 16 78 94 -0.659574 23
11614 9 71 80 -0.775 21
11615 136 18 154 0.766234 31
11616 42 77 119 -0.294118 32
11617 138 18 156 0.769231 26
11618 11 104 115 -0.808696 26
11619 49 58 107 -0.0841121 31
11620 82 30 112 0.464286 29
11621 120 5 125 0.92 20
11622 48 71 119 -0.193277 31
11623 16 105 121 -0.735537 28
11624 29 73 102 -0.431373 32
11625 75 42 117 0.282051 33
11626 98 14 112 0.75 25
11627 46 43 89 0.0337079 26
11628 54 25 79 0.367089 29
11629 78 24 102 0.529412 30
11630 60 39 99 0.212121 29
11631 31 106 137 -0.547445 33
11632 26 101 127 -0.590551 25
11633 15 105 120 -0.75 23
11634 45 40 85 0.0588235 25
11635 10 82 92 -0.782609 22
11636 27 76 103 -0.475728 31
11637 33 54 87 -0.241379 25
11638 60 44 104 0.153846 36
11639 75 18 93 0.612903 27
11640 85 37 122 0.393443 32
11641 54 24 78 0.384615 27
11642 75 27 102 0.470588 27
11643 10 107 117 -0.82906 24
11644 10 91 101 -0.80198 25
11645 38 65 103 -0.262136 29
11646 24 98 122 -0.606557 28
11647 8 150 158 -0.898734 20
11648 140 10 150 0.866667 22
11649 13 115 128 -0.796875 26
11650 38 69 107 -0.28972 28
11651 7 139 146 -0.90411 18
11652 121 19 140 0.728571 30
11653 105 10 115 0.826087 22
11654 16 103 119 -0.731092 30
11655 25 59 84 -0.404762 29
11656 100 3 103 0.941748 21
11657 37 66 103 -0.281553 30
11658 46 61 107 -0.140187 26
11659 9 105 114 -0.842105 22
11660 40 53 93 -0.139785 28
11661 31 87 118 -0.474576 26
11662 136 8 144 0.888889 20
11663 92 1 93 0.978495 15
11664 48 15 63 0.52381 25
11665 29 73 102 -0.431373 32
11666 31 64 95 -0.347368 25
11667 63 56 119 0.0588235 25
11668 76 32 108 0.407407 32
11669 82 10 92 0.782609 22
11670 35 90 125 -0.44 28
11671 81 47 128 0.265625 27
11672 71 43 114 0.245614 27
11673 45 57 102 -0.117647 24
11674 16 109 125 -0.744 22
11675 29 63 92 -0.369565 23
11676 75 6 81 0.851852 19
11677 135 13 148 0.824324 24
11678 32 74 106 -0.396226 29
11679 11 152 163 -0.865031 21
11680 59 63 122 -0.0327869 33
11681 24 106 130 -0.630769 31
11682 7 145 152 -0.907895 18
11683 62 46 108 0.148148 25
11684 24 69 93 -0.483871 21
11685 125 13 138 0.811594 25
11686 56 64 120 -0.0666667 25
11687 51 59 110 -0.0727273 31
11688 11 95 106 -0.792453 25
11689 43 69 112 -0.232143 29
11690 7 111 118 -0.881356 19
11691 126 12 138 0.826087 23
11692 45 80 125 -0.28 26
11693 103 7 110 0.872727 21
11694 20 124 144 -0.722222 24
11695 98 19 117 0.675214 27
11696 50 39 89 0.123596 30
11697 71 17 88 0.613636 25
11698 134 8 142 0.887324 25
11699 96 24 120 0.6 27
11700 2 93 95 -0.957895 21
11701 48 59 107 -0.102804 28
11702 14 109 123 -0.772358 22
11703 6 84 90 -0.866667 22
11704 22 60 82 -0.463415 25
11705 69 50 119 0.159664 27
11706 116 6 122 0.901639 22
11707 71 22 93 0.526882 24
11708 75 29 104 0.442308 29
11709 86 8 94 0.829787 22
11710 74 29 103 0.436893 31
11711 52 26 78 0.333333 23
11712 22 102 124 -0.645161 25
11713 50 55 105 -0.047619 26
11714 47 43 90 0.0444444 26
11715 42 97 139 -0.395683 25
11716 33 57 90 -0.266667 22
11717 42 68 110 -0.236364 25
11718 37 50 87 -0.149425 24
11719 129 14 143 0.804196 21
11720 30 68 98 -0.387755 29
11721 32 112 144 -0.555556 33
11722 52 57 109 -0.0458716 33
11723 74 22 96 0.541667 29
11724 43 64 107 -0.196262 29
11725 49 37 86 0.139535 22
11726 64 40 104 0.230769 27
11727 26 76 102 -0.490196 28
11728 64 35 99 0.292929 26
11729 40 45 85 -0.0588235 34
11730 52 45 97 0.0721649 26
11731 84 20 104 0.615385 25
11732 7 158 165 -0.915152 17
11733 35 27 62 0.129032 25
11734 127 18 145 0.751724 29
11735 62 37 99 0.252525 27
11736 22 61 83 -0.46988 28
11737 85 56 141 0.205674 33
11738 21 47 68 -0.382353 21
11739 32 71 103 -0.378641 33
11740 61 43 104 0.173077 33
11741 24 69 93 -0.483871 29
11742 94 41 135 0.392593 33
11743 15 65 80 -0.625 28
11744 125 18 143 0.748252 27
11745 42 73 115 -0.269565 32
11746 25 84 109 -0.541284 27
11747 64 38 102 0.254902 32
11748 69 58 127 0.0866142 31
11749 16 84 100 -0.68 31
11750 150 5 155 0.935484 21
11751 90 31 121 0.487603 30
11752 9 79 88 -0.795455 23
11753 66 24 90 0.466667 27
11754 29 103 132 -0.560606 27
11755 33 57 90 -0.266667 24
11756 85 30 115 0.478261 29
11757 45 40 85 0.0588235 26
11758 41 53 94 -0.12766 24
11759 17 64 81 -0.580247 29
11760 46 59 105 -0.12381 33
11761 61 14 75 0.626667 26
11762 93 21 114 0.631579 30
11763 70 11 81 0.728395 25
11764 5 84 89 -0.88764 21
11765 47 67 114 -0.175439 28
11766 1 113 114 -0.982456 20
11767 96 12 108 0.777778 23
11768 62 35 97 0.278351 29
11769 12 102 114 -0.789474 23
11770 72 37 109 0.321101 27
11771 77 15 92 0.673913 26
11772 16 57 73 -0.561644 22
11773 66 36 102 0.294118 32
11774 14 103 117 -0.760684 27
11775 119 4 123 0.934959 21
11776 90 36 126 0.428571 30
11777 42 67 109 -0.229358 33
11778 65 38 103 0.262136 31
11779 11 109 120 -0.816667 22
11780 65 32 97 0.340206 21
11781 46 59 105 -0.12381 27
11782 37 77 114 -0.350877 25
11783 66 41 107 0.233645 29
11784 83 21 104 0.596154 27
11785 95 11 106 0.792453 24
11786 21 116 137 -0.693431 29
11787 11 107 118 -0.813559 27
11788 34 48 82 -0.170732 25
11789 20 47 67 -0.402985 22
11790 6 111 117 -0.897436 19
11791 117 3 120 0.95 21
11792 58 32 90 0.288889 23
11793 42 59 101 -0.168317 26
11794 134 13 147 0.823129 23
11795 67 14 81 0.654321 28
11796 41 74 115 -0.286957 26
11797 12 63 75 -0.68 25
11798 56 73 129 -0.131783 31
11799 10 81 91 -0.78022 24
11800 6 97 103 -0.883495 23
11801 11 10 21 0.047619 13
11802 60 47 107 0.121495 26
11803 37 78 115 -0.356522 31
11804 17 87 104 -0.673077 25
11805 64 27 91 0.406593 26
11806 43 71 114 -0.245614 31
11807 21 73 94 -0.553191 22
11808 27 24 51 0.0588235 25
11809 92 10 102 0.803922 25
11810 41 69 110 -0.254545 29
11811 10 141 151 -0.86755 17
11812 25 70 95 -0.473684 26
11813 106 19 125 0.696 26
11814 51 58 109 -0.0642202 32
11815 111 24 135 0.644444 27
11816 21 88 109 -0.614679 29
11817 1 72 73 -0.972603 15
11818 20 67 87 -0.54023 27
11819 58 34 92 0.26087 30
11820 47 43 90 0.0444444 25
11821 49 71 120 -0.183333 29
11822 111 4 115 0.930435 18
11823 15 74 89 -0.662921 28
11824 19 76 95 -0.6 26
11825 7 146 153 -0.908497 16
11826 115 13 128 0.796875 24
11827 69 49 118 0.169492 25
11828 110 12 122 0.803279 24
11829 29 62 91 -0.362637 32
11830 66 52 118 0.118644 32
11831 29 66 95 -0.389474 29
11832 58 58 116 0 32
11833 5 122 127 -0.92126 22
11834 91 6 97 0.876289 20
11835 16 39 55 -0.418182 20
11836 12 141 153 -0.843137 25
11837 42 61 103 -0.184466 28
11838 87 18 105 0.657143 31
11839 78 32 110 0.418182 26
11840 87 1 88 0.977273 19
11841 33 40 73 -0.0958904 31
11842 6 133 139 -0.913669 21
11843 17 90 107 -0.682243 32
11844 70 31 101 0.386139 27
11845 46 51 97 -0.0515464 29
11846 13 118 131 -0.801527 25
11847 40 78 118 -0.322034 29
11848 58 44 102 0.137255 30
11849 17 64 81 -0.580247 25
11850 14 88 102 -0.72549 26
11851 85 37 122 0.393443 30
11852 15 129 144 -0.791667 18
11853 48 69 117 -0.179487 31
11854 6 99 105 -0.885714 24
11855 84 25 109 0.541284 33
11856 10 179 189 -0.89418 18
11857 43 57 100 -0.14 27
11858 15 83 98 -0.693878 27
11859 41 47 88 -0.0681818 30
11860 5 20 25 -0.6 14
11861 57 35 92 0.23913 28
11862 16 124 140 -0.771429 23
11863 163 8 171 0.906433 16
11864 54 50 104 0.0384615 33
11865 21 62 83 -0.493976 22
11866 39 87 126 -0.380952 32
11867 52 49 101 0.029703 29
11868 101 11 112 0.803571 25
11869 122 8 130 0.876923 16
11870 72 26 98 0.469388 24
11871 106 5 111 0.90991 23
11872 24 52 76 -0.368421 24
11873 58 79 137 -0.153285 31
11874 6 103 109 -0.889908 21
11875 98 12 110 0.781818 27
11876 8 89 97 -0.835052 21
11877 78 15 93 0.677419 25
11878 35 32 67 0.0447761 27
11879 116 7 123 0.886179 23
11880 86 9 95 0.810526 20
11881 17 58 75 -0.546667 24
11882 63 24 87 0.448276 25
11883 66 12 78 0.692308 20
11884 19 70 89 -0.573034 24
11885 74 33 107 0.383178 30
11886 62 27 89 0.393258 29
11887 37 53 90 -0.177778 28
11888 64 32 96 0.333333 25
11889 95 22 117 0.623932 29
11890 14 88 102 -0.72549 27
11891 54 48 102 0.0588235 34
11892 41 41 82 0 25
11893 35 66 101 -0.306931 30
11894 35 73 108 -0.351852 25
11895 24 60 84 -0.428571 21
11896 27 90 117 -0.538462 28
11897 92 22 114 0.614035 25
11898 91 19 110 0.654545 28
11899 74 17 91 0.626374 25
11900 81 34 115 0.408696 28
11901 48 75 123 -0.219512 26
11902 77 41 118 0.305085 30
11903 75 36 111 0.351351 30
11904 15 100 115 -0.73913 24
11905 32 40 72 -0.111111 23
11906 81 34 115 0.408696 27
11907 60 34 94 0.276596 27
11908 8 151 159 -0.899371 22
11909 45 68 113 -0.20354 33
11910 20 62 82 -0.512195 24
11911 45 63 108 -0.166667 30
11912 50 61 111 -0.0990991 34
11913 124 7 131 0.89313 14
11914 71 26 97 0.463918 27
11915 8 81 89 -0.820225 21
11916 38 90 128 -0.40625 29
11917 55 46 101 0.0891089 32
11918 51 38 89 0.146067 30
11919 44 51 95 -0.0736842 27
11920 59 55 114 0.0350877 30
11921 33 70 103 -0.359223 31
11922 28 72 100 -0.44 24
11923 105 11 116 0.810345 24
11924 43 46 89 -0.0337079 30
11925 63 68 131 -0.0381679 29
11926 73 49 122 0.196721 27
11927 15 100 115 -0.73913 26
11928 22 102 124 -0.645161 29
11929 118 23 141 0.673759 29
11930 99 9 108 0.833333 18
11931 23 98 121 -0.619835 24
11932 53 62 115 -0.0782609 30
11933 67 46 113 0.185841 25
11934 39 61 100 -0.22 31
11935 72 12 84 0.714286 28
11936 81 5 86 0.883721 23
11937 60 32 92 0.304348 30
11938 55 45 100 0.1 31
11939 24 87 111 -0.567568 30
11940 68 34 102 0.333333 32
11941 64 55 119 0.0756303 27
11942 24 52 76 -0.368421 24
11943 30 96 126 -0.52381 28
11944 70 28 98 0.428571 21
11945 41 80 121 -0.322314 31
11946 74 14 88 0.681818 26
11947 101 14 115 0.756522 23
11948 6 85 91 -0.868132 15
11949 36 47 83 -0.13253 24
11950 68 41 109 0.247706 28
11951 72 10 82 0.756098 22
11952 101 12 113 0.787611 20
11953 92 24 116 0.586207 29
11954 13 74 87 -0.701149 24
11955 59 32 91 0.296703 30
11956 71 46 117 0.213675 31
11957 135 4 139 0.942446 20
11958 43 89 132 -0.348485 32
11959 104 1 105 0.980952 18
11960 106 18 124 0.709677 31
11961 17 60 77 -0.558442 26
11962 112 7 119 0.882353 23
11963 97 4 101 0.920792 21
11964 55 74 129 -0.147287 31
11965 45 66 111 -0.189189 27
11966 11 68 79 -0.721519 26
11967 13 33 46 -0.434783 14
11968 24 55 79 -0.392405 30
11969 7 124 131 -0.89313 18
11970 110 8 118 0.864407 24
11971 73 31 104 0.403846 26
11972 55 31 86 0.27907 34
11973 38 99 137 -0.445255 37
11974 90 10 100 0.8 22
11975 14 96 110 -0.745455 27
11976 55 38 93 0.182796 27
11977 148 3 151 0.960265 15
11978 34 86 120 -0.433333 27
11979 59 60 119 -0.00840336 29
11980 42 69 111 -0.243243 31
11981 60 60 120 0 36
11982 92 7 99 0.858586 17
11983 11 87 98 -0.77551 24
11984 113 14 127 0.779528 23
11985 77 16 93 0.655914 23
11986 19 84 103 -0.631068 25
11987 38 70 108 -0.296296 28
11988 118 10 128 0.84375 25
11989 24 70 94 -0.489362 25
11990 60 35 95 0.263158 26
11991 18 100 118 -0.694915 25
11992 38 58 96 -0.208333 27
11993 32 72 104 -0.384615 28
11994 109 0 109 1 13
11995 65 52 117 0.111111 33
11996 79 24 103 0.533981 27
11997 56 34 90 0.244444 18
11998 50 52 102 -0.0196078 27
11999 38 100 138 -0.449275 31
12000 4 106 110 -0.927273 22
12001 9 81 90 -0.8 22
12002 68 49 117 0.162393 33
12003 39 44 83 -0.060241 22
12004 67 4 71 0.887324 21
12005 1 140 141 -0.985816 15
12006 8 122 130 -0.876923 20
12007 57 58 115 -0.00869565 27
12008 81 20 101 0.60396 28
12009 17 83 100 -0.66 27
12010 4 127 131 -0.938931 19
12011 15 125 140 -0.785714 22
12012 4 71 75 -0.893333 20
12013 125 11 136 0.838235 25
12014 74 21 95 0.557895 32
12015 33 96 129 -0.488372 29
12016 15 54 69 -0.565217 23
12017 64 29 93 0.376344 27
12018 20 89 109 -0.633028 25
12019 30 61 91 -0.340659 31
12020 52 5 57 0.824561 10
12021 16 83 99 -0.676768 23
12022 79 16 95 0.663158 19
12023 47 49 96 -0.0208333 22
12024 32 73 105 -0.390476 22
12025 82 20 102 0.607843 29
12026 101 18 119 0.697479 22
12027 11 112 123 -0.821138 23
12028 10 100 110 -0.818182 23
12029 93 21 114 0.631579 27
12030 62 47 109 0.137615 32
12031 46 61 107 -0.140187 34
12032 67 32 99 0.353535 27
12033 93 21 114 0.631579 22
12034 7 127 134 -0.895522 16
12035 33 21 54 0.222222 20
12036 3 139 142 -0.957746 20
12037 58 71 129 -0.100775 30
12038 97 8 105 0.847619 19
12039 64 43 107 0.196262 31
12040 6 99 105 -0.885714 23
12041 10 84 94 -0.787234 28
12042 80 41 121 0.322314 32
12043 90 5 95 0.894737 21
12044 125 14 139 0.798561 27
12045 84 28 112 0.5 28
12046 105 9 114 0.842105 24
12047 70 46 116 0.206897 31
12048 15 91 106 -0.716981 28
12049 17 59 76 -0.552632 31
12050 43 59 102 -0.156863 26
12051 85 17 102 0.666667 30
12052 25 112 137 -0.635036 33
12053 99 18 117 0.692308 28
12054 47 46 93 0.0107527 32
12055 59 39 98 0.204082 24
12056 44 57 101 -0.128713 27
12057 54 39 93 0.16129 30
12058 57 47 104 0.0961538 30
12059 86 16 102 0.686275 26
12060 19 19 38 0 19
12061 14 75 89 -0.685393 26
12062 67 14 81 0.654321 24
12063 52 34 86 0.209302 26
12064 42 77 119 -0.294118 29
12065 42 26 68 0.235294 27
12066 28 59 87 -0.356322 28
12067 94 29 123 0.528455 29
12068 107 24 131 0.633588 30
12069 7 86 93 -0.849462 15
12070 4 88 92 -0.913043 21
12071 43 45 88 -0.0227273 26
12072 61 48 109 0.119266 25
12073 4 85 89 -0.910112 18
12074 32 45 77 -0.168831 25
12075 49 58 107 -0.0841121 27
12076 21 91 112 -0.625 26
12077 24 60 84 -0.428571 25
12078 112 6 118 0.898305 21
12079 114 12 126 0.809524 27
12080 8 79 87 -0.816092 27
12081 142 15 157 0.808917 22
12082 106 23 129 0.643411 20
12083 48 59 107 -0.102804 29
12084 50 51 101 -0.00990099 26
12085 122 34 156 0.564103 32
12086 95 23 118 0.610169 30
12087 70 26 96 0.458333 29
12088 36 71 107 -0.327103 26
12089 145 6 151 0.92053 16
12090 58 46 104 0.115385 32
12091 26 48 74 -0.297297 27
12092 30 57 87 -0.310345 29
12093 74 15 89 0.662921 23
12094 43 37 80 0.075 27
12095 87 19 106 0.641509 30
12096 76 31 107 0.420561 28
12097 24 85 109 -0.559633 31
12098 25 93 118 -0.576271 22
12099 107 22 129 0.658915 27
12100 95 12 107 0.775701 25
12101 62 39 101 0.227723 34
12102 28 95 123 -0.544715 27
12103 52 42 94 0.106383 20
12104 28 41 69 -0.188406 20
12105 74 25 99 0.494949 31
12106 23 54 77 -0.402597 30
12107 124 8 132 0.878788 25
12108 118 3 121 0.950413 22
12109 11 96 107 -0.794393 22
12110 51 16 67 0.522388 29
12111 23 63 86 -0.465116 26
12112 40 68 108 -0.259259 29
12113 42 47 89 -0.0561798 23
12114 73 29 102 0.431373 29
12115 56 39 95 0.178947 31
12116 65 66 131 -0.00763359 32
12117 65 44 109 0.192661 27
12118 23 78 101 -0.544554 24
12119 47 37 84 0.119048 24
12120 96 19 115 0.669565 19
12121 78 18 96 0.625 29
12122 29 78 107 -0.457944 27
12123 60 48 108 0.111111 28
12124 43 60 103 -0.165049 31
12125 56 32 88 0.272727 30
12126 53 44 97 0.0927835 29
12127 17 121 138 -0.753623 27
12128 105 11 116 0.810345 26
12129 27 60 87 -0.37931 29
12130 28 87 115 -0.513043 30
12131 73 48 121 0.206612 34
12132 28 68 96 -0.416667 29
12133 40 37 77 0.038961 23
12134 24 92 116 -0.586207 30
12135 137 7 144 0.902778 18
12136 32 58 90 -0.288889 29
12137 4 117 121 -0.933884 22
12138 80 23 103 0.553398 28
12139 58 27 85 0.364706 19
12140 100 1 101 0.980198 18
12141 89 34 123 0.447154 30
12142 106 16 122 0.737705 23
12143 63 45 108 0.166667 27
12144 26 105 131 -0.603053 27
12145 8 113 121 -0.867769 25
12146 13 115 128 -0.796875 26
12147 2 131 133 -0.969925 10
12148 43 46 89 -0.0337079 25
12149 93 25 118 0.576271 32
12150 71 52 123 0.154472 23
12151 61 30 91 0.340659 28
12152 13 90 103 -0.747573 21
12153 42 47 89 -0.0561798 26
12154 51 52 103 -0.00970874 33
12155 32 65 97 -0.340206 26
12156 3 94 97 -0.938144 19
12157 59 25 84 0.404762 27
12158 20 62 82 -0.512195 26
12159 87 23 110 0.581818 28
12160 69 17 86 0.604651 26
12161 71 5 76 0.868421 24
12162 14 43 57 -0.508772 12
12163 9 89 98 -0.816327 17
12164 91 2 93 0.956989 16
12165 32 90 122 -0.47541 29
12166 110 56 166 0.325301 36
12167 16 69 85 -0.623529 23
12168 107 16 123 0.739837 26
12169 81 31 112 0.446429 29
12170 14 92 106 -0.735849 27
12171 27 68 95 -0.431579 24
12172 42 56 98 -0.142857 28
12173 108 5 113 0.911504 19
12174 82 25 107 0.53271 23
12175 18 120 138 -0.73913 25
12176 15 101 116 -0.741379 20
12177 54 10 64 0.6875 25
12178 23 107 130 -0.646154 30
12179 49 41 90 0.0888889 31
12180 98 21 119 0.647059 23
12181 6 117 123 -0.902439 15
12182 13 90 103 -0.747573 27
12183 60 44 104 0.153846 27
12184 14 96 110 -0.745455 25
12185 40 31 71 0.126761 29
12186 8 123 131 -0.877863 25
12187 91 6 97 0.876289 24
12188 8 175 183 -0.912568 23
12189 122 18 140 0.742857 27
12190 27 63 90 -0.4 30
12191 12 102 114 -0.789474 26
12192 18 97 115 -0.686957 27
12193 60 58 118 0.0169492 27
12194 114 9 123 0.853659 21
12195 47 67 114 -0.175439 25
12196 54 49 103 0.0485437 26
12197 63 46 109 0.155963 34
12198 118 14 132 0.787879 29
12199 38 33 71 0.0704225 27
12200 6 149 155 -0.922581 18
12201 39 56 95 -0.178947 24
12202 77 23 100 0.54 22
12203 50 38 88 0.136364 29
12204 76 31 107 0.420561 28
12205 39 33 72 0.0833333 26
12206 115 3 118 0.949153 21
12207 25 48 73 -0.315068 25
12208 21 93 114 -0.631579 22
12209 73 38 111 0.315315 34
12210 21 92 113 -0.628319 25
12211 77 26 103 0.495146 24
12212 73 16 89 0.640449 27
12213 27 60 87 -0.37931 26
12214 84 17 101 0.663366 25
12215 19 77 96 -0.604167 20
12216 35 62 97 -0.278351 25
12217 18 51 69 -0.478261 23
12218 37 51 88 -0.159091 18
12219 23 82 105 -0.561905 28
12220 20 73 93 -0.569892 26
12221 62 40 102 0.215686 30
12222 79 28 107 0.476636 29
12223 132 5 137 0.927007 16
12224 18 83 101 -0.643564 27
12225 3 67 70 -0.914286 18
12226 135 2 137 0.970803 8
12227 6 85 91 -0.868132 25
12228 39 61 100 -0.22 25
12229 43 56 99 -0.131313 29
12230 26 72 98 -0.469388 30
12231 46 1 47 0.957447 9
12232 101 19 120 0.683333 29
12233 56 45 101 0.108911 33
12234 29 88 117 -0.504274 31
12235 9 67 76 -0.763158 16
12236 14 103 117 -0.760684 27
12237 63 51 114 0.105263 31
12238 44 25 69 0.275362 21
12239 69 35 104 0.326923 26
12240 120 13 133 0.804511 24
12241 89 11 100 0.78 21
12242 53 40 93 0.139785 31
12243 95 6 101 0.881188 23
12244 12 86 98 -0.755102 23
12245 41 47 88 -0.0681818 29
12246 30 72 102 -0.411765 31
12247 41 48 89 -0.0786517 25
12248 39 70 109 -0.284404 25
12249 10 64 74 -0.72973 20
12250 11 133 144 -0.847222 21
12251 17 98 115 -0.704348 26
12252 66 65 131 0.00763359 31
12253 5 90 95 -0.894737 20
12254 64 32 96 0.333333 27
12255 9 141 150 -0.88 20
12256 92 46 138 0.333333 30
12257 5 35 40 -0.75 16
12258 10 108 118 -0.830508 23
12259 113 9 122 0.852459 16
12260 42 39 81 0.037037 24
12261 88 20 108 0.62963 28
12262 20 95 115 -0.652174 25
12263 136 3 139 0.956835 9
12264 81 10 91 0.78022 22
12265 44 64 108 -0.185185 31
12266 66 30 96 0.375 29
12267 73 9 82 0.780488 22
12268 83 33 116 0.431034 28
12269 39 57 96 -0.1875 26
12270 33 68 101 -0.346535 28
12271 39 62 101 -0.227723 29
12272 31 79 110 -0.436364 25
12273 58 29 87 0.333333 31
12274 36 66 102 -0.294118 31
12275 53 28 81 0.308642 28
12276 9 122 131 -0.862595 19
12277 39 13 52 0.5 23
12278 48 63 111 -0.135135 27
12279 51 37 88 0.159091 28
12280 72 22 94 0.531915 25
12281 26 69 95 -0.452632 30
12282 32 79 111 -0.423423 25
12283 35 81 116 -0.396552 24
12284 75 47 122 0.229508 31
12285 43 56 99 -0.131313 30
12286 79 29 108 0.462963 21
12287 148 2 150 0.973333 20
12288 45 67 112 -0.196429 31
12289 44 54 98 -0.102041 28
12290 48 54 102 -0.0588235 30
12291 39 81 120 -0.35 27
12292 97 8 105 0.847619 25
12293 14 101 115 -0.756522 24
12294 58 50 108 0.0740741 22
12295 102 16 118 0.728814 30
12296 80 19 99 0.616162 26
12297 52 37 89 0.168539 32
12298 84 39 123 0.365854 30
12299 57 57 114 0 30
12300 5 124 129 -0.922481 18
12301 39 73 112 -0.303571 33
12302 91 21 112 0.625 24
12303 34 82 116 -0.413793 34
12304 28 78 106 -0.471698 28
12305 51 37 88 0.159091 18
12306 42 61 103 -0.184466 27
12307 130 9 139 0.870504 18
12308 102 8 110 0.854545 23
12309 30 55 85 -0.294118 24
12310 6 98 104 -0.884615 23
12311 101 24 125 0.616 29
12312 36 58 94 -0.234043 25
12313 116 2 118 0.966102 20
12314 5 107 112 -0.910714 21
12315 79 31 110 0.436364 27
12316 63 25 88 0.431818 27
12317 105 20 125 0.68 29
12318 65 33 98 0.326531 26
12319 55 79 134 -0.179104 32
12320 63 36 99 0.272727 29
12321 85 43 128 0.328125 29
12322 4 149 153 -0.947712 20
12323 5 101 106 -0.90566 23
12324 29 73 102 -0.431373 31
12325 7 93 100 -0.86 21
12326 71 17 88 0.613636 24
12327 50 51 101 -0.00990099 30
12328 65 7 72 0.805556 22
12329 31 62 93 -0.333333 30
12330 48 70 118 -0.186441 35
12331 16 7 23 0.391304 17
12332 57 11 68 0.676471 24
12333 4 102 106 -0.924528 16
12334 26 74 100 -0.48 26
12335 30 62 92 -0.347826 27
12336 95 23 118 0.610169 26
12337 84 40 124 0.354839 30
12338 111 25 136 0.632353 31
12339 41 92 133 -0.383459 28
12340 18 127 145 -0.751724 25
12341 12 125 137 -0.824818 25
12342 4 60 64 -0.875 19
12343 23 78 101 -0.544554 29
12344 9 83 92 -0.804348 19
12345 76 28 104 0.461538 30
12346 34 67 101 -0.326733 30
12347 21 57 78 -0.461538 27
12348 79 20 99 0.59596 30
12349 74 21 95 0.557895 28
12350 49 74 123 -0.203252 32
12351 17 102 119 -0.714286 31
12352 70 36 106 0.320755 31
12353 64 9 73 0.753425 24
12354 27 83 110 -0.509091 30
12355 69 10 79 0.746835 21
12356 72 21 93 0.548387 23
12357 54 41 95 0.136842 23
12358 46 36 82 0.121951 26
12359 58 25 83 0.39759 27
12360 27 62 89 -0.393258 26
12361 57 11 68 0.676471 22
12362 78 25 103 0.514563 27
12363 28 85 113 -0.504425 27
12364 43 85 128 -0.328125 33
12365 20 105 125 -0.68 27
12366 48 49 97 -0.0103093 26
12367 141 9 150 0.88 27
12368 115 17 132 0.742424 29
12369 28 79 107 -0.476636 29
12370 113 14 127 0.779528 28
12371 110 17 127 0.732283 25
12372 78 8 86 0.813953 24
12373 70 36 106 0.320755 29
12374 77 48 125 0.232 27
12375 129 5 134 0.925373 22
12376 68 26 94 0.446809 28
12377 24 70 94 -0.489362 28
12378 10 81 91 -0.78022 25
12379 33 108 141 -0.531915 30
12380 43 55 98 -0.122449 30
12381 56 49 105 0.0666667 30
12382 42 20 62 0.354839 20
12383 42 71 113 -0.256637 28
12384 64 55 119 0.0756303 31
12385 6 98 104 -0.884615 21
12386 61 29 90 0.355556 27
12387 43 100 143 -0.398601 31
12388 123 4 127 0.937008 14
12389 120 15 135 0.777778 27
12390 69 19 88 0.568182 25
12391 27 60 87 -0.37931 24
12392 85 30 115 0.478261 31
12393 15 68 83 -0.638554 24
12394 60 31 91 0.318681 28
12395 42 47 89 -0.0561798 33
12396 5 123 128 -0.921875 19
12397 41 79 120 -0.316667 33
12398 17 104 121 -0.719008 26
12399 103 18 121 0.702479 29
12400 86 13 99 0.737374 21
12401 40 40 80 0 26
12402 52 31 83 0.253012 25
12403 40 81 121 -0.338843 32
12404 34 91 125 -0.456 31
12405 11 105 116 -0.810345 23
12406 27 57 84 -0.357143 29
12407 93 15 108 0.722222 26
12408 13 106 119 -0.781513 27
12409 43 68 111 -0.225225 29
12410 31 69 100 -0.38 26
12411 53 42 95 0.115789 32
12412 6 92 98 -0.877551 22
12413 15 112 127 -0.76378 25
12414 17 97 114 -0.701754 29
12415 61 17 78 0.564103 19
12416 70 30 100 0.4 26
12417 91 7 98 0.857143 24
12418 81 10 91 0.78022 19
12419 40 72 112 -0.285714 33
12420 25 74 99 -0.494949 30
12421 95 15 110 0.727273 23
12422 18 93 111 -0.675676 29
12423 68 51 119 0.142857 26
12424 114 16 130 0.753846 27
12425 7 77 84 -0.833333 20
12426 20 88 108 -0.62963 28
12427 26 73 99 -0.474747 27
12428 122 17 139 0.755396 26
12429 97 16 113 0.716814 25
12430 49 29 78 0.25641 29
12431 78 21 99 0.575758 29
12432 81 19 100 0.62 28
12433 12 105 117 -0.794872 25
12434 12 113 125 -0.808 28
12435 89 39 128 0.390625 26
12436 24 68 92 -0.478261 27
12437 41 37 78 0.0512821 27
12438 9 125 134 -0.865672 21
12439 39 70 109 -0.284404 26
12440 83 25 108 0.537037 28
12441 68 36 104 0.307692 27
12442 25 88 113 -0.557522 29
12443 6 92 98 -0.877551 24
12444 68 39 107 0.271028 29
12445 26 85 111 -0.531532 30
12446 98 17 115 0.704348 23
12447 19 81 100 -0.62 27
12448 18 77 95 -0.621053 26
12449 110 16 126 0.746032 26
12450 38 51 89 -0.146067 26
12451 111 6 117 0.897436 18
12452 15 95 110 -0.727273 28
12453 5 125 130 -0.923077 17
12454 43 63 106 -0.188679 28
12455 88 34 122 0.442623 32
12456 128 6 134 0.910448 23
12457 20 62 82 -0.512195 24
12458 16 102 118 -0.728814 26
12459 93 22 115 0.617391 25
12460 64 58 122 0.0491803 33
12461 24 65 89 -0.460674 28
12462 43 67 110 -0.218182 26
12463 114 6 120 0.9 24
12464 75 32 107 0.401869 29
12465 21 55 76 -0.447368 20
12466 55 45 100 0.1 27
12467 32 74 106 -0.396226 27
12468 72 44 116 0.241379 24
12469 40 64 104 -0.230769 24
12470 24 54 78 -0.384615 29
12471 47 65 112 -0.160714 27
12472 27 75 102 -0.470588 30
12473 23 110 133 -0.654135 30
12474 37 28 65 0.138462 21
12475 33 94 127 -0.480315 23
12476 8 113 121 -0.867769 27
12477 40 77 117 -0.316239 26
12478 61 29 90 0.355556 31
12479 45 63 108 -0.166667 33
12480 26 54 80 -0.35 31
12481 60 58 118 0.0169492 33
12482 75 47 122 0.229508 33
12483 6 97 103 -0.883495 22
12484 119 12 131 0.816794 17
12485 40 21 61 0.311475 28
12486 3 89 92 -0.934783 19
12487 16 81 97 -0.670103 23
12488 29 74 103 -0.436893 22
12489 54 45 99 0.0909091 28
12490 80 49 129 0.24031 25
12491 60 25 85 0.411765 23
12492 95 19 114 0.666667 27
12493 41 40 81 0.0123457 25
12494 56 61 117 -0.042735 26
12495 55 22 77 0.428571 28
12496 77 37 114 0.350877 25
12497 82 31 113 0.451327 33
12498 26 87 113 -0.539823 31
12499 53 53 106 0 31
12500 48 72 120 -0.2 33
12501 84 23 107 0.570093 30
12502 43 84 127 -0.322835 28
12503 151 7 158 0.911392 23
12504 83 50 133 0.24812 31
12505 92 20 112 0.642857 23
12506 34 61 95 -0.284211 27
12507 59 27 86 0.372093 28
12508 35 47 82 -0.146341 23
12509 35 77 112 -0.375 32
12510 111 15 126 0.761905 24
12511 45 51 96 -0.0625 25
12512 73 27 100 0.46 32
12513 26 72 98 -0.469388 30
12514 61 56 117 0.042735 29
12515 54 59 113 -0.0442478 32
12516 87 31 118 0.474576 24
12517 20 67 87 -0.54023 23
12518 72 51 123 0.170732 27
12519 34 26 60 0.133333 27
12520 112 10 122 0.836066 24
12521 40 40 80 0 27
12522 79 16 95 0.663158 23
12523 14 84 98 -0.714286 24
12524 11 102 113 -0.80531 27
12525 3 6 9 -0.333333 7
12526 46 50 96 -0.0416667 29
12527 17 134 151 -0.774834 21
12528 77 11 88 0.75 24
12529 79 41 120 0.316667 22
12530 58 41 99 0.171717 24
12531 85 15 100 0.7 26
12532 5 133 138 -0.927536 24
12533 49 39 88 0.113636 21
12534 112 1 113 0.982301 20
12535 31 105 136 -0.544118 30
12536 119 5 124 0.919355 21
12537 65 23 88 0.477273 28
12538 48 51 99 -0.030303 33
12539 14 89 103 -0.728155 25
12540 22 90 112 -0.607143 32
12541 27 82 109 -0.504587 24
12542 97 19 116 0.672414 29
12543 69 33 102 0.352941 29
12544 77 19 96 0.604167 25
12545 23 55 78 -0.410256 31
12546 96 11 107 0.794393 19
12547 66 26 92 0.434783 26
12548 50 47 97 0.0309278 30
12549 30 65 95 -0.368421 25
12550 51 28 79 0.291139 31
12551 92 8 100 0.84 21
12552 90 14 104 0.730769 25
12553 71 28 99 0.434343 31
12554 25 74 99 -0.494949 22
12555 31 54 85 -0.270588 27
12556 15 102 117 -0.74359 23
12557 12 79 91 -0.736264 24
12558 1 153 154 -0.987013 20
12559 10 96 106 -0.811321 25
12560 69 25 94 0.468085 28
12561 112 9 121 0.85124 25
12562 43 66 109 -0.211009 31
12563 25 79 104 -0.519231 23
12564 35 66 101 -0.306931 21
12565 36 90 126 -0.428571 32
12566 107 28 135 0.585185 27
12567 88 29 117 0.504274 30
12568 34 59 93 -0.268817 29
12569 15 61 76 -0.605263 25
12570 8 131 139 -0.884892 23
12571 52 39 91 0.142857 28
12572 69 31 100 0.38 22
12573 59 53 112 0.0535714 32
12574 53 53 106 0 29
12575 88 27 115 0.530435 27
12576 102 20 122 0.672131 27
12577 56 52 108 0.037037 28
12578 25 75 100 -0.5 30
12579 73 55 128 0.140625 29
12580 77 19 96 0.604167 29
12581 56 40 96 0.166667 26
12582 1 167 168 -0.988095 10
12583 144 11 155 0.858065 19
12584 36 83 119 -0.394958 21
12585 3 128 131 -0.954198 21
12586 9 104 113 -0.840708 24
12587 59 46 105 0.12381 29
12588 158 8 166 0.903614 22
12589 89 15 104 0.711538 26
12590 46 11 57 0.614035 24
12591 4 120 124 -0.935484 19
12592 102 30 132 0.545455 26
12593 56 61 117 -0.042735 29
12594 52 84 136 -0.235294 34
12595 87 31 118 0.474576 30
12596 41 55 96 -0.145833 31
12597 7 115 122 -0.885246 19
12598 37 42 79 -0.0632911 25
12599 60 15 75 0.6 23
12600 24 114 138 -0.652174 28
12601 25 68 93 -0.462366 32
12602 125 7 132 0.893939 23
12603 40 69 109 -0.266055 27
12604 61 20 81 0.506173 23
12605 43 58 101 -0.148515 30
12606 14 50 64 -0.5625 20
12607 3 134 137 -0.956204 21
12608 39 43 82 -0.0487805 30
12609 12 54 66 -0.636364 21
12610 59 43 102 0.156863 28
12611 8 96 104 -0.846154 24
12612 46 66 112 -0.178571 28
12613 28 68 96 -0.416667 28
12614 54 47 101 0.0693069 30
12615 121 6 127 0.905512 23
12616 14 106 120 -0.766667 21
12617 85 43 128 0.328125 30
12618 18 137 155 -0.767742 24
12619 123 9 132 0.863636 22
12620 21 51 72 -0.416667 30
12621 4 97 101 -0.920792 21
12622 95 20 115 0.652174 31
12623 66 39 105 0.257143 27
12624 107 4 111 0.927928 22
12625 91 28 119 0.529412 27
12626 9 115 124 -0.854839 23
12627 62 37 99 0.252525 31
12628 10 139 149 -0.865772 20
12629 69 69 138 0 35
12630 78 8 86 0.813953 23
12631 37 62 99 -0.252525 27
12632 12 119 131 -0.816794 27
12633 42 69 111 -0.243243 23
12634 91 46 137 0.328467 26
12635 8 62 70 -0.771429 14
12636 77 32 109 0.412844 28
12637 10 98 108 -0.814815 25
12638 9 103 112 -0.839286 26
12639 8 123 131 -0.877863 22
12640 60 37 97 0.237113 26
12641 61 51 112 0.0892857 32
12642 18 103 121 -0.702479 28
12643 30 75 105 -0.428571 24
12644 107 15 122 0.754098 26
12645 73 45 118 0.237288 33
12646 9 97 106 -0.830189 19
12647 30 104 134 -0.552239 31
12648 56 56 112 0 30
12649 39 63 102 -0.235294 31
12650 93 35 128 0.453125 31
12651 57 41 98 0.163265 26
12652 31 65 96 -0.354167 30
12653 93 3 96 0.9375 20
12654 9 121 130 -0.861538 23
12655 59 34 93 0.268817 26
12656 55 36 91 0.208791 26
12657 35 65 100 -0.3 31
12658 82 21 103 0.592233 32
12659 102 5 107 0.906542 19
12660 60 51 111 0.0810811 32
12661 51 51 102 0 28
12662 33 63 96 -0.3125 32
12663 11 110 121 -0.818182 24
12664 54 52 106 0.0188679 26
12665 123 10 133 0.849624 25
12666 78 19 97 0.608247 25
12667 15 76 91 -0.67033 28
12668 29 61 90 -0.355556 26
12669 13 149 162 -0.839506 19
12670 58 50 108 0.0740741 30
12671 47 48 95 -0.0105263 30
12672 45 66 111 -0.189189 32
12673 77 32 109 0.412844 28
12674 25 77 102 -0.509804 24
12675 103 8 111 0.855856 23
12676 39 41 80 -0.025 21
12677 68 44 112 0.214286 30
12678 90 10 100 0.8 24
12679 12 99 111 -0.783784 22
12680 34 5 39 0.74359 16
12681 55 79 134 -0.179104 26
12682 5 134 139 -0.928058 15
12683 113 21 134 0.686567 25
12684 35 75 110 -0.363636 33
12685 38 80 118 -0.355932 30
12686 77 15 92 0.673913 27
12687 118 13 131 0.801527 26
12688 39 61 100 -0.22 29
12689 55 38 93 0.182796 31
12690 57 29 86 0.325581 31
12691 114 12 126 0.809524 28
12692 103 4 107 0.925234 19
12693 57 13 70 0.628571 24
12694 40 63 103 -0.223301 27
12695 59 60 119 -0.00840336 34
12696 63 69 132 -0.0454545 33
12697 67 57 124 0.0806452 29
12698 7 105 112 -0.875 19
12699 67 32 99 0.353535 27
12700 56 37 93 0.204301 29
12701 92 26 118 0.559322 22
12702 79 12 91 0.736264 28
12703 63 44 107 0.17757 28
12704 10 97 107 -0.813084 26
12705 3 171 174 -0.965517 17
12706 125 13 138 0.811594 27
12707 26 71 97 -0.463918 29
12708 36 73 109 -0.33945 28
12709 81 31 112 0.446429 28
12710 1 79 80 -0.975 16
12711 103 24 127 0.622047 24
12712 38 73 111 -0.315315 21
12713 16 94 110 -0.709091 28
12714 83 19 102 0.627451 30
12715 7 99 106 -0.867925 24
12716 25 76 101 -0.50495 25
12717 74 40 114 0.298246 37
12718 7 159 166 -0.915663 23
12719 53 45 98 0.0816327 29
12720 28 72 100 -0.44 30
12721 20 101 121 -0.669421 28
12722 0 0 0 0 0
12723 21 77 98 -0.571429 26
12724 23 70 93 -0.505376 24
12725 24 44 68 -0.294118 26
12726 47 57 104 -0.0961538 31
12727 137 9 146 0.876712 18
12728 39 38 77 0.012987 27
12729 18 98 116 -0.689655 14
12730 13 78 91 -0.714286 27
12731 45 73 118 -0.237288 30
12732 6 74 80 -0.85 21
12733 16 88 104 -0.692308 29
12734 61 32 93 0.311828 29
12735 26 90 116 -0.551724 25
12736 128 17 145 0.765517 24
12737 45 43 88 0.0227273 29
12738 62 40 102 0.215686 26
12739 45 60 105 -0.142857 29
12740 3 143 146 -0.958904 14
12741 73 33 106 0.377358 31
12742 114 11 125 0.824 27
12743 14 88 102 -0.72549 22
12744 67 31 98 0.367347 27
12745 6 92 98 -0.877551 21
12746 38 82 120 -0.366667 24
12747 13 102 115 -0.773913 29
12748 82 16 98 0.673469 26
12749 72 30 102 0.411765 31
12750 49 69 118 -0.169492 25
12751 22 105 127 -0.653543 29
12752 24 50 74 -0.351351 28
12753 29 90 119 -0.512605 32
12754 32 68 100 -0.36 26
12755 59 40 99 0.191919 31
12756 100 19 119 0.680672 26
12757 25 117 142 -0.647887 30
12758 26 71 97 -0.463918 32
12759 38 75 113 -0.327434 28
12760 82 18 100 0.64 25
12761 37 69 106 -0.301887 29
12762 25 114 139 -0.640288 28
12763 18 55 73 -0.506849 26
12764 99 16 115 0.721739 26
12765 69 3 72 0.916667 20
12766 72 33 105 0.371429 28
12767 17 122 139 -0.755396 27
12768 49 75 124 -0.209677 32
12769 22 84 106 -0.584906 28
12770 34 66 100 -0.32 27
12771 54 35 89 0.213483 29
12772 12 64 76 -0.684211 25
12773 65 41 106 0.226415 28
12774 99 28 127 0.559055 27
12775 24 108 132 -0.636364 25
12776 90 33 123 0.463415 31
12777 6 131 137 -0.912409 22
12778 8 139 147 -0.891156 20
12779 16 69 85 -0.623529 23
12780 46 49 95 -0.0315789 20
12781 65 58 123 0.0569106 30
12782 22 108 130 -0.661538 27
12783 86 21 107 0.607477 28
12784 64 45 109 0.174312 34
12785 5 120 125 -0.92 23
12786 84 11 95 0.768421 24
12787 51 21 72 0.416667 23
12788 9 105 114 -0.842105 23
12789 29 46 75 -0.226667 29
12790 50 28 78 0.282051 28
12791 22 61 83 -0.46988 25
12792 52 46 98 0.0612245 28
12793 111 11 122 0.819672 20
12794 88 35 123 0.430894 30
12795 16 115 131 -0.755725 26
12796 43 67 110 -0.218182 25
12797 47 49 96 -0.0208333 25
12798 98 18 116 0.689655 27
12799 85 18 103 0.650485 27
12800 66 13 79 0.670886 26
12801 52 63 115 -0.0956522 27
12802 37 53 90 -0.177778 27
12803 70 59 129 0.0852713 33
12804 100 4 104 0.923077 23
12805 28 68 96 -0.416667 29
12806 52 72 124 -0.16129 31
12807 16 105 121 -0.735537 27
12808 119 7 126 0.888889 22
12809 81 27 108 0.5 31
12810 15 114 129 -0.767442 26
12811 20 67 87 -0.54023 26
12812 48 94 142 -0.323944 32
12813 86 31 117 0.470085 30
12814 87 32 119 0.462185 30
12815 30 116 146 -0.589041 27
12816 117 23 140 0.671429 31
12817 30 64 94 -0.361702 27
12818 53 31 84 0.261905 29
12819 51 80 131 -0.221374 25
12820 66 37 103 0.281553 28
12821 86 57 143 0.202797 33
12822 46 27 73 0.260274 29
12823 5 89 94 -0.893617 20
12824 85 28 113 0.504425 32
12825 57 28 85 0.341176 25
12826 83 24 107 0.551402 27
12827 45 47 92 -0.0217391 32
12828 37 13 50 0.48 15
12829 70 5 75 0.866667 23
12830 4 114 118 -0.932203 20
12831 3 95 98 -0.938776 20
12832 32 79 111 -0.423423 28
12833 101 5 106 0.90566 23
12834 64 24 88 0.454545 26
12835 57 35 92 0.23913 31
12836 48 43 91 0.0549451 30
12837 62 57 119 0.0420168 27
12838 27 66 93 -0.419355 27
12839 95 13 108 0.759259 26
12840 54 64 118 -0.0847458 29
12841 40 53 93 -0.139785 28
12842 51 48 99 0.030303 26
12843 52 3 55 0.890909 18
12844 31 91 122 -0.491803 33
12845 1 99 100 -0.98 17
12846 23 120 143 -0.678322 27
12847 96 11 107 0.794393 24
12848 6 64 70 -0.828571 18
12849 38 27 65 0.169231 26
12850 138 0 138 1 10
12851 13 72 85 -0.694118 21
12852 25 98 123 -0.593496 26
12853 70 3 73 0.917808 20
12854 22 11 33 0.333333 10
12855 35 72 107 -0.345794 34
12856 49 40 89 0.101124 28
12857 104 14 118 0.762712 26
12858 14 92 106 -0.735849 25
12859 24 89 113 -0.575221 28
12860 85 15 100 0.7 23
12861 48 36 84 0.142857 28
12862 90 33 123 0.463415 30
12863 68 19 87 0.563218 23
12864 16 57 73 -0.561644 27
12865 17 97 114 -0.701754 24
12866 90 12 102 0.764706 25
12867 107 9 116 0.844828 26
12868 63 42 105 0.2 28
12869 50 48 98 0.0204082 32
12870 14 84 98 -0.714286 23
12871 72 33 105 0.371429 21
12872 20 44 64 -0.375 24
12873 109 15 124 0.758065 27
12874 2 111 113 -0.964602 20
12875 35 59 94 -0.255319 31
12876 9 93 102 -0.823529 27
12877 57 42 99 0.151515 24
12878 64 52 116 0.103448 29
12879 55 65 120 -0.0833333 30
12880 63 48 111 0.135135 25
12881 77 14 91 0.692308 25
12882 47 47 94 0 34
12883 7 120 127 -0.889764 24
12884 75 28 103 0.456311 29
12885 140 11 151 0.854305 19
12886 73 42 115 0.269565 30
12887 37 77 114 -0.350877 29
12888 67 25 92 0.456522 19
12889 16 64 80 -0.6 24
12890 8 96 104 -0.846154 24
12891 93 7 100 0.86 21
12892 32 72 104 -0.384615 23
12893 93 47 140 0.328571 31
12894 21 76 97 -0.56701 26
12895 46 41 87 0.0574713 25
12896 41 87 128 -0.359375 31
12897 80 49 129 0.24031 28
12898 30 42 72 -0.166667 24
12899 138 17 155 0.780645 28
12900 72 51 123 0.170732 29
12901 17 101 118 -0.711864 26
12902 106 28 134 0.58209 26
12903 37 80 117 -0.367521 30
12904 49 43 92 0.0652174 29
12905 40 27 67 0.19403 27
12906 64 36 100 0.28 30
12907 74 29 103 0.436893 31
12908 73 34 107 0.364486 29
12909 117 20 137 0.708029 26
12910 44 42 86 0.0232558 33
12911 25 81 106 -0.528302 22
12912 6 139 145 -0.917241 17
12913 23 58 81 -0.432099 24
12914 53 50 103 0.0291262 27
12915 61 31 92 0.326087 26
12916 12 72 84 -0.714286 21
12917 27 72 99 -0.454545 24
12918 14 77 91 -0.692308 24
12919 45 54 99 -0.0909091 30
12920 56 52 108 0.037037 25
12921 36 36 72 0 27
12922 36 80 116 -0.37931 31
12923 93 29 122 0.52459 25
12924 74 35 109 0.357798 27
12925 69 31 100 0.38 26
12926 96 24 120 0.6 30
12927 96 12 108 0.777778 26
12928 4 127 131 -0.938931 23
12929 76 10 86 0.767442 24
12930 61 48 109 0.119266 29
12931 20 83 103 -0.61165 30
12932 71 41 112 0.267857 33
12933 73 24 97 0.505155 28
12934 13 50 63 -0.587302 24
12935 79 18 97 0.628866 28
12936 119 12 131 0.816794 24
12937 37 43 80 -0.075 25
12938 26 95 121 -0.570248 29
12939 41 50 91 -0.0989011 31
12940 62 41 103 0.203883 32
12941 31 75 106 -0.415094 30
12942 43 62 105 -0.180952 27
12943 8 87 95 -0.831579 21
12944 50 33 83 0.204819 22
12945 70 21 91 0.538462 21
12946 41 55 96 -0.145833 26
12947 29 75 104 -0.442308 29
12948 4 76 80 -0.9 20
12949 26 36 62 -0.16129 19
12950 37 72 109 -0.321101 30
12951 63 34 97 0.298969 36
12952 122 6 128 0.90625 21
12953 22 92 114 -0.614035 26
12954 59 49 108 0.0925926 30
12955 53 24 77 0.376623 28
12956 46 35 81 0.135802 31
12957 41 74 115 -0.286957 20
12958 30 50 80 -0.25 32
12959 2 99 101 -0.960396 17
12960 14 91 105 -0.733333 26
12961 29 76 105 -0.447619 26
12962 9 136 145 -0.875862 19
12963 74 45 119 0.243697 29
12964 66 30 96 0.375 30
12965 41 74 115 -0.286957 30
12966 54 59 113 -0.0442478 24
12967 71 23 94 0.510638 25
12968 17 65 82 -0.585366 21
12969 71 31 102 0.392157 26
12970 105 11 116 0.810345 24
12971 127 16 143 0.776224 26
12972 62 14 76 0.631579 27
12973 6 160 166 -0.927711 23
12974 107 4 111 0.927928 20
12975 69 32 101 0.366337 31
12976 57 46 103 0.106796 25
12977 112 32 144 0.555556 24
12978 69 36 105 0.314286 30
12979 11 88 99 -0.777778 28
12980 51 67 118 -0.135593 30
12981 12 94 106 -0.773585 23
12982 46 23 69 0.333333 27
12983 29 52 81 -0.283951 26
12984 143 11 154 0.857143 24
12985 83 27 110 0.509091 19
12986 53 44 97 0.0927835 20
12987 36 74 110 -0.345455 31
12988 123 11 134 0.835821 26
12989 130 25 155 0.677419 21
12990 11 122 133 -0.834586 23
12991 63 30 93 0.354839 26
12992 105 9 114 0.842105 22
12993 4 100 104 -0.923077 21
12994 85 21 106 0.603774 30
12995 86 30 116 0.482759 29
12996 31 94 125 -0.504 27
12997 86 23 109 0.577982 27
12998 129 7 136 0.897059 23
12999 23 101 124 -0.629032 32
13000 74 28 102 0.45098 23
13001 95 22 117 0.623932 24
13002 8 94 102 -0.843137 23
13003 111 16 127 0.748031 25
13004 114 7 121 0.884298 19
13005 96 12 108 0.777778 25
13006 46 51 97 -0.0515464 28
13007 78 24 102 0.529412 31
13008 108 22 130 0.661538 27
13009 14 115 129 -0.782946 24
13010 6 124 130 -0.907692 25
13011 6 169 175 -0.931429 20
13012 20 117 137 -0.708029 30
13013 113 17 130 0.738462 24
13014 48 21 69 0.391304 27
13015 33 80 113 -0.415929 32
13016 39 57 96 -0.1875 27
13017 45 24 69 0.304348 24
13018 114 21 135 0.688889 19
13019 78 23 101 0.544554 29
13020 27 61 88 -0.386364 31
13021 26 95 121 -0.570248 25
13022 103 22 125 0.648 30
13023 76 29 105 0.447619 27
13024 23 101 124 -0.629032 31
13025 114 8 122 0.868852 23
13026 20 76 96 -0.583333 25
13027 5 81 86 -0.883721 23
13028 75 32 107 0.401869 29
13029 100 26 126 0.587302 32
13030 57 42 99 0.151515 29
13031 2 108 110 -0.963636 14
13032 117 25 142 0.647887 23
13033 91 13 104 0.75 24
13034 106 27 133 0.593985 26
13035 22 66 88 -0.5 27
13036 8 127 135 -0.881481 24
13037 10 116 126 -0.84127 20
13038 108 25 133 0.62406 27
13039 67 50 117 0.145299 32
13040 44 55 99 -0.111111 24
13041 42 57 99 -0.151515 28
13042 18 75 93 -0.612903 25
13043 77 21 98 0.571429 28
13044 66 20 86 0.534884 28
13045 114 13 127 0.795276 25
13046 53 23 76 0.394737 27
13047 78 27 105 0.485714 27
13048 77 6 83 0.855422 24
13049 87 9 96 0.8125 22
13050 112 14 126 0.777778 23
13051 2 120 122 -0.967213 18
13052 86 28 114 0.508772 27
13053 76 32 108 0.407407 31
13054 12 88 100 -0.76 26
13055 0 0 0 0 0
13056 45 21 66 0.363636 27
13057 63 53 116 0.0862069 31
13058 100 6 106 0.886792 24
13059 18 74 92 -0.608696 25
13060 61 57 118 0.0338983 32
13061 17 132 149 -0.771812 25
13062 111 7 118 0.881356 20
13063 7 137 144 -0.902778 21
13064 11 106 117 -0.811966 23
13065 117 18 135 0.733333 29
13066 13 77 90 -0.711111 26
13067 55 54 109 0.00917431 27
13068 13 72 85 -0.694118 24
13069 25 97 122 -0.590164 31
13070 80 15 95 0.684211 28
13071 26 107 133 -0.609023 26
13072 58 40 98 0.183673 27
13073 7 107 114 -0.877193 25
13074 96 6 102 0.882353 20
13075 71 45 116 0.224138 29
13076 9 101 110 -0.836364 26
13077 15 103 118 -0.745763 28
13078 91 6 97 0.876289 21
13079 36 52 88 -0.181818 25
13080 95 25 120 0.583333 27
13081 38 67 105 -0.27619 27
13082 6 94 100 -0.88 21
13083 112 6 118 0.898305 24
13084 22 105 127 -0.653543 24
13085 29 102 131 -0.557252 27
13086 44 65 109 -0.192661 30
13087 33 60 93 -0.290323 26
13088 10 125 135 -0.851852 25
13089 93 20 113 0.646018 26
13090 117 3 120 0.95 20
13091 72 17 89 0.617978 22
13092 65 32 97 0.340206 33
13093 35 35 70 0 33
13094 57 32 89 0.280899 29
13095 10 126 136 -0.852941 24
13096 29 102 131 -0.557252 29
13097 44 31 75 0.173333 28
13098 52 66 118 -0.118644 29
13099 81 45 126 0.285714 36
13100 85 37 122 0.393443 33
13101 101 11 112 0.803571 27
13102 60 14 74 0.621622 28
13103 16 76 92 -0.652174 21
13104 22 20 42 0.047619 22
13105 93 21 114 0.631579 29
13106 87 9 96 0.8125 22
13107 5 122 127 -0.92126 23
13108 48 70 118 -0.186441 32
13109 23 72 95 -0.515789 24
13110 81 34 115 0.408696 28
13111 25 105 130 -0.615385 32
13112 79 27 106 0.490566 28
13113 29 59 88 -0.340909 29
13114 21 68 89 -0.52809 30
13115 54 42 96 0.125 30
13116 74 47 121 0.22314 29
13117 52 12 64 0.625 22
13118 112 19 131 0.709924 29
13119 15 103 118 -0.745763 29
13120 36 44 80 -0.1 29
13121 43 58 101 -0.148515 26
13122 15 112 127 -0.76378 20
13123 30 49 79 -0.240506 28
13124 24 61 85 -0.435294 26
13125 130 5 135 0.925926 16
13126 15 93 108 -0.722222 24
13127 69 46 115 0.2 33
13128 4 147 151 -0.94702 17
13129 40 59 99 -0.191919 28
13130 25 94 119 -0.579832 29
13131 69 54 123 0.121951 30
13132 65 25 90 0.444444 29
13133 61 19 80 0.525 25
13134 24 51 75 -0.36 21
13135 90 4 94 0.914894 20
13136 50 46 96 0.0416667 29
13137 65 26 91 0.428571 30
13138 111 11 122 0.819672 25
13139 14 150 164 -0.829268 27
13140 14 101 115 -0.756522 25
13141 51 50 101 0.00990099 27
13142 123 2 125 0.968 14
13143 53 51 104 0.0192308 32
13144 37 71 108 -0.314815 25
13145 95 9 104 0.826923 25
13146 64 35 99 0.292929 29
13147 107 15 122 0.754098 26
13148 80 54 134 0.19403 27
13149 92 13 105 0.752381 25
13150 92 45 137 0.343066 30
13151 69 37 106 0.301887 31
13152 49 42 91 0.0769231 31
13153 31 62 93 -0.333333 32
13154 71 50 121 0.173554 25
13155 99 18 117 0.692308 29
13156 3 128 131 -0.954198 18
13157 96 19 115 0.669565 25
13158 39 86 125 -0.376 29
13159 74 25 99 0.494949 23
13160 14 98 112 -0.75 27
13161 24 126 150 -0.68 29
13162 52 47 99 0.0505051 31
13163 72 39 111 0.297297 24
13164 64 40 104 0.230769 28
13165 95 6 101 0.881188 21
13166 6 110 116 -0.896552 22
13167 31 45 76 -0.184211 29
13168 113 4 117 0.931624 19
13169 34 81 115 -0.408696 28
13170 34 56 90 -0.244444 25
13171 16 81 97 -0.670103 25
13172 106 11 117 0.811966 26
13173 32 53 85 -0.247059 24
13174 78 33 111 0.405405 24
13175 147 13 160 0.8375 23
13176 69 53 122 0.131148 30
13177 30 54 84 -0.285714 22
13178 53 46 99 0.0707071 26
13179 29 76 105 -0.447619 29
13180 88 14 102 0.72549 26
13181 141 2 143 0.972028 19
13182 69 38 107 0.28972 29
13183 49 46 95 0.0315789 32
13184 50 42 92 0.0869565 31
13185 9 129 138 -0.869565 26
13186 78 11 89 0.752809 24
13187 91 26 117 0.555556 31
13188 66 34 100 0.32 25
13189 32 78 110 -0.418182 27
13190 57 29 86 0.325581 28
13191 61 56 117 0.042735 31
13192 34 100 134 -0.492537 30
13193 49 54 103 -0.0485437 30
13194 0 9 9 -1 5
13195 14 131 145 -0.806897 21
13196 36 74 110 -0.345455 31
13197 23 79 102 -0.54902 20
13198 109 16 125 0.744 29
13199 15 71 86 -0.651163 23
13200 8 78 86 -0.813953 21
13201 65 59 124 0.0483871 29
13202 83 21 104 0.596154 30
13203 62 54 116 0.0689655 32
13204 37 61 98 -0.244898 28
13205 16 31 47 -0.319149 17
13206 35 63 98 -0.285714 31
13207 9 135 144 -0.875 22
13208 21 82 103 -0.592233 32
13209 37 93 130 -0.430769 27
13210 59 58 117 0.00854701 29
13211 71 22 93 0.526882 27
13212 10 65 75 -0.733333 21
13213 49 33 82 0.195122 25
13214 58 37 95 0.221053 30
13215 67 34 101 0.326733 27
13216 187 3 190 0.968421 16
13217 18 81 99 -0.636364 26
13218 40 53 93 -0.139785 25
13219 59 47 106 0.113208 32
13220 34 64 98 -0.306122 29
13221 49 56 105 -0.0666667 31
13222 5 92 97 -0.896907 23
13223 15 62 77 -0.61039 21
13224 20 78 98 -0.591837 26
13225 13 78 91 -0.714286 23
13226 73 11 84 0.738095 20
13227 86 22 108 0.592593 27
13228 10 98 108 -0.814815 26
13229 95 5 100 0.9 19
13230 82 18 100 0.64 25
13231 116 8 124 0.870968 21
13232 138 10 148 0.864865 25
13233 8 120 128 -0.875 25
13234 93 11 104 0.788462 25
13235 27 88 115 -0.530435 31
13236 16 98 114 -0.719298 24
13237 88 5 93 0.892473 22
13238 74 23 97 0.525773 30
13239 12 133 145 -0.834483 21
13240 85 9 94 0.808511 24
13241 56 56 112 0 29
13242 18 98 116 -0.689655 24
13243 5 146 151 -0.933775 18
13244 4 129 133 -0.93985 17
13245 66 16 82 0.609756 28
13246 19 112 131 -0.709924 22
13247 50 73 123 -0.186992 30
13248 60 46 106 0.132075 35
13249 46 53 99 -0.0707071 22
13250 38 64 102 -0.254902 26
13251 88 17 105 0.67619 28
13252 60 42 102 0.176471 32
13253 64 37 101 0.267327 30
13254 16 74 90 -0.644444 27
13255 75 29 104 0.442308 30
13256 100 18 118 0.694915 22
13257 58 79 137 -0.153285 33
13258 23 107 130 -0.646154 26
13259 62 41 103 0.203883 25
13260 9 121 130 -0.861538 22
13261 42 64 106 -0.207547 29
13262 37 45 82 -0.097561 30
13263 20 103 123 -0.674797 25
13264 61 61 122 0 28
13265 5 86 91 -0.89011 23
13266 36 81 117 -0.384615 28
13267 8 132 140 -0.885714 25
13268 6 144 150 -0.92 12
13269 63 29 92 0.369565 30
13270 57 56 113 0.00884956 27
13271 116 11 127 0.826772 21
13272 46 84 130 -0.292308 28
13273 77 38 115 0.33913 31
13274 54 41 95 0.136842 26
13275 71 58 129 0.100775 31
13276 63 58 121 0.0413223 34
13277 91 19 110 0.654545 25
13278 77 26 103 0.495146 32
13279 142 11 153 0.856209 19
13280 23 57 80 -0.425 30
13281 85 5 90 0.888889 23
13282 49 46 95 0.0315789 28
13283 61 37 98 0.244898 26
13284 83 7 90 0.844444 19
13285 19 114 133 -0.714286 26
13286 29 100 129 -0.550388 30
13287 82 32 114 0.438596 28
13288 42 57 99 -0.151515 26
13289 51 62 113 -0.0973451 32
13290 70 40 110 0.272727 26
13291 79 23 102 0.54902 31
13292 62 51 113 0.0973451 26
13293 40 72 112 -0.285714 29
13294 14 124 138 -0.797101 24
13295 77 20 97 0.587629 19
13296 27 85 112 -0.517857 26
13297 17 102 119 -0.714286 26
13298 111 6 117 0.897436 23
13299 33 78 111 -0.405405 27
13300 71 15 86 0.651163 25
13301 37 86 123 -0.398374 33
13302 13 85 98 -0.734694 24
13303 23 53 76 -0.394737 29
13304 48 46 94 0.0212766 25
13305 46 18 64 0.4375 22
13306 26 46 72 -0.277778 27
13307 61 44 105 0.161905 31
13308 21 92 113 -0.628319 26
13309 5 134 139 -0.928058 23
13310 47 65 112 -0.160714 31
13311 61 52 113 0.079646 33
13312 90 12 102 0.764706 19
13313 58 51 109 0.0642202 28
13314 35 41 76 -0.0789474 23
13315 10 121 131 -0.847328 24
13316 88 9 97 0.814433 25
13317 44 51 95 -0.0736842 24
13318 68 23 91 0.494505 26
13319 41 82 123 -0.333333 28
13320 95 15 110 0.727273 26
13321 15 89 104 -0.711538 22
13322 77 22 99 0.555556 30
13323 8 104 112 -0.857143 26
13324 61 52 113 0.079646 23
13325 50 56 106 -0.0566038 29
13326 55 66 121 -0.0909091 31
13327 26 62 88 -0.409091 30
13328 10 110 120 -0.833333 20
13329 27 97 124 -0.564516 29
13330 21 81 102 -0.588235 29
13331 116 9 125 0.856 24
13332 57 34 91 0.252747 27
13333 52 42 94 0.106383 28
13334 8 95 103 -0.84466 23
13335 76 8 84 0.809524 24
13336 101 10 111 0.81982 19
13337 47 54 101 -0.0693069 31
13338 87 29 116 0.5 31
13339 22 60 82 -0.463415 22
13340 68 59 127 0.0708661 32
13341 46 52 98 -0.0612245 28
13342 63 48 111 0.135135 29
13343 78 17 95 0.642105 24
13344 53 38 91 0.164835 31
13345 17 73 90 -0.622222 28
13346 5 129 134 -0.925373 21
13347 14 88 102 -0.72549 27
13348 58 62 120 -0.0333333 32
13349 6 89 95 -0.873684 22
13350 74 19 93 0.591398 25
13351 43 55 98 -0.122449 27
13352 113 6 119 0.89916 24
13353 42 72 114 -0.263158 30
13354 50 55 105 -0.047619 25
13355 109 24 133 0.639098 30
13356 36 57 93 -0.225806 24
13357 17 80 97 -0.649485 29
13358 76 21 97 0.56701 29
13359 74 31 105 0.409524 25
13360 90 22 112 0.607143 31
13361 17 103 120 -0.716667 25
13362 64 40 104 0.230769 30
13363 88 12 100 0.76 22
13364 81 19 100 0.62 21
13365 41 80 121 -0.322314 30
13366 64 61 125 0.024 31
13367 41 74 115 -0.286957 29
13368 25 53 78 -0.358974 28
13369 86 34 120 0.433333 28
13370 100 25 125 0.6 23
13371 31 50 81 -0.234568 27
13372 27 73 100 -0.46 30
13373 28 84 112 -0.5 30
13374 103 16 119 0.731092 27
13375 104 19 123 0.691057 29
13376 47 53 100 -0.06 30
13377 124 10 134 0.850746 26
13378 76 35 111 0.369369 32
13379 91 14 105 0.733333 23
13380 20 41 61 -0.344262 24
13381 40 36 76 0.0526316 26
13382 76 0 76 1 18
13383 76 29 105 0.447619 26
13384 17 67 84 -0.595238 22
13385 20 174 194 -0.793814 28
13386 71 22 93 0.526882 31
13387 70 32 102 0.372549 26
13388 54 46 100 0.08 32
13389 52 43 95 0.0947368 29
13390 45 44 89 0.011236 28
13391 79 14 93 0.698925 24
13392 28 68 96 -0.416667 25
13393 76 28 104 0.461538 28
13394 2 38 40 -0.9 20
13395 39 75 114 -0.315789 22
13396 49 71 120 -0.183333 28
13397 89 24 113 0.575221 31
13398 37 64 101 -0.267327 27
13399 7 87 94 -0.851064 18
13400 52 53 105 -0.00952381 31
13401 110 22 132 0.666667 29
13402 121 17 138 0.753623 21
13403 24 111 135 -0.644444 26
13404 20 138 158 -0.746835 23
13405 50 30 80 0.25 30
13406 44 53 97 -0.0927835 23
13407 44 69 113 -0.221239 28
13408 85 21 106 0.603774 24
13409 76 50 126 0.206349 31
13410 12 83 95 -0.747368 27
13411 28 39 67 -0.164179 21
13412 97 20 117 0.65812 26
13413 104 13 117 0.777778 28
13414 106 13 119 0.781513 27
13415 52 69 121 -0.140496 25
13416 20 103 123 -0.674797 26
13417 58 11 69 0.681159 24
13418 26 74 100 -0.48 30
13419 33 75 108 -0.388889 28
13420 72 21 93 0.548387 29
13421 49 37 86 0.139535 26
13422 13 115 128 -0.796875 26
13423 60 46 106 0.132075 23
13424 61 40 101 0.207921 29
13425 21 78 99 -0.575758 24
13426 103 17 120 0.716667 24
13427 11 115 126 -0.825397 25
13428 57 43 100 0.14 32
13429 93 17 110 0.690909 22
13430 16 60 76 -0.578947 29
13431 68 22 90 0.511111 25
13432 5 114 119 -0.915966 21
13433 5 95 100 -0.9 23
13434 63 43 106 0.188679 28
13435 14 104 118 -0.762712 27
13436 76 46 122 0.245902 28
13437 64 57 121 0.0578512 30
13438 36 53 89 -0.191011 22
13439 78 38 116 0.344828 30
13440 29 51 80 -0.275 28
13441 59 63 122 -0.0327869 30
13442 38 38 76 0 23
13443 66 24 90 0.466667 25
13444 34 59 93 -0.268817 32
13445 71 23 94 0.510638 24
13446 3 77 80 -0.925 22
13447 45 44 89 0.011236 29
13448 83 61 144 0.152778 33
13449 39 50 89 -0.123596 27
13450 50 37 87 0.149425 27
13451 92 7 99 0.858586 23
13452 27 76 103 -0.475728 30
13453 38 45 83 -0.0843373 26
13454 19 73 92 -0.586957 24
13455 91 8 99 0.838384 23
13456 57 45 102 0.117647 29
13457 95 16 111 0.711712 24
13458 45 61 106 -0.150943 32
13459 91 27 118 0.542373 31
13460 103 11 114 0.807018 21
13461 83 16 99 0.676768 25
13462 110 22 132 0.666667 33
13463 171 6 177 0.932203 19
13464 17 91 108 -0.685185 32
13465 75 24 99 0.515152 22
13466 110 10 120 0.833333 23
13467 71 19 90 0.577778 26
13468 47 25 72 0.305556 22
13469 54 65 119 -0.092437 33
13470 77 19 96 0.604167 27
13471 35 56 91 -0.230769 26
13472 87 7 94 0.851064 23
13473 72 5 77 0.87013 19
13474 93 47 140 0.328571 28
13475 25 75 100 -0.5 23
13476 24 71 95 -0.494737 25
13477 11 83 94 -0.765957 26
13478 8 141 149 -0.892617 23
13479 48 41 89 0.0786517 29
13480 103 10 113 0.823009 25
13481 97 30 127 0.527559 31
13482 49 50 99 -0.010101 28
13483 39 32 71 0.0985915 24
13484 85 35 120 0.416667 29
13485 20 84 104 -0.615385 28
13486 61 75 136 -0.102941 33
13487 58 34 92 0.26087 29
13488 26 55 81 -0.358025 29
13489 47 49 96 -0.0208333 33
13490 38 56 94 -0.191489 33
13491 10 81 91 -0.78022 22
13492 103 17 120 0.716667 27
13493 84 25 109 0.541284 28
13494 32 67 99 -0.353535 27
13495 41 78 119 -0.310924 32
13496 9 79 88 -0.795455 24
13497 49 61 110 -0.109091 25
13498 65 21 86 0.511628 26
13499 39 60 99 -0.212121 28
13500 81 15 96 0.6875 26
13501 65 32 97 0.340206 29
13502 9 97 106 -0.830189 24
13503 106 11 117 0.811966 27
13504 59 42 101 0.168317 30
13505 12 110 122 -0.803279 22
13506 63 26 89 0.41573 23
13507 20 96 116 -0.655172 21
13508 24 57 81 -0.407407 35
13509 19 62 81 -0.530864 27
13510 28 88 116 -0.517241 29
13511 77 15 92 0.673913 25
13512 87 24 111 0.567568 25
13513 37 65 102 -0.27451 27
13514 19 89 108 -0.648148 27
13515 33 94 127 -0.480315 27
13516 87 7 94 0.851064 24
13517 29 67 96 -0.395833 32
13518 31 83 114 -0.45614 26
13519 5 88 93 -0.892473 22
13520 41 67 108 -0.240741 32
13521 65 40 105 0.238095 32
13522 82 23 105 0.561905 27
13523 49 9 58 0.689655 20
13524 10 96 106 -0.811321 21
13525 48 37 85 0.129412 27
13526 80 37 117 0.367521 31
13527 16 86 102 -0.686275 28
13528 89 23 112 0.589286 26
13529 116 16 132 0.757576 29
13530 64 66 130 -0.0153846 30
13531 74 46 120 0.233333 23
13532 25 98 123 -0.593496 26
13533 132 11 143 0.846154 19
13534 51 39 90 0.133333 26
13535 3 0 3 1 2
13536 64 21 85 0.505882 30
13537 43 42 85 0.0117647 23
13538 82 23 105 0.561905 27
13539 21 82 103 -0.592233 23
13540 16 92 108 -0.703704 28
13541 91 25 116 0.568966 25
13542 56 51 107 0.046729 29
13543 86 25 111 0.54955 25
13544 111 5 116 0.913793 14
13545 74 34 108 0.37037 29
13546 48 29 77 0.246753 25
13547 25 67 92 -0.456522 29
13548 66 54 120 0.1 27
13549 40 53 93 -0.139785 32
13550 69 15 84 0.642857 25
13551 12 121 133 -0.819549 28
13552 27 47 74 -0.27027 26
13553 112 6 118 0.898305 21
13554 66 41 107 0.233645 30
13555 75 35 110 0.363636 26
13556 63 31 94 0.340426 31
13557 16 101 117 -0.726496 24
13558 103 19 122 0.688525 25
13559 82 40 122 0.344262 27
13560 35 52 87 -0.195402 22
13561 42 60 102 -0.176471 30
13562 13 139 152 -0.828947 26
13563 47 47 94 0 30
13564 37 83 120 -0.383333 32
13565 145 10 155 0.870968 20
13566 62 55 117 0.0598291 28
13567 72 36 108 0.333333 33
13568 68 27 95 0.431579 28
13569 7 93 100 -0.86 23
13570 7 92 99 -0.858586 21
13571 51 35 86 0.186047 27
13572 33 65 98 -0.326531 29
13573 40 57 97 -0.175258 21
13574 38 92 130 -0.415385 28
13575 52 54 106 -0.0188679 31
13576 74 32 106 0.396226 22
13577 32 119 151 -0.576159 27
13578 6 94 100 -0.88 24
13579 55 49 104 0.0576923 29
13580 74 17 91 0.626374 30
13581 96 28 124 0.548387 30
13582 31 46 77 -0.194805 30
13583 24 100 124 -0.612903 28
13584 39 47 86 -0.0930233 28
13585 38 68 106 -0.283019 28
13586 72 24 96 0.5 30
13587 58 39 97 0.195876 28
13588 30 80 110 -0.454545 25
13589 9 111 120 -0.85 20
13590 8 89 97 -0.835052 27
13591 86 53 139 0.23741 29
13592 11 94 105 -0.790476 21
13593 30 56 86 -0.302326 27
13594 5 113 118 -0.915254 19
13595 115 19 134 0.716418 30
13596 27 72 99 -0.454545 29
13597 60 56 116 0.0344828 32
13598 56 57 113 -0.00884956 29
13599 49 76 125 -0.216 27
13600 76 37 113 0.345133 29
13601 62 56 118 0.0508475 29
13602 38 8 46 0.652174 15
13603 89 20 109 0.633028 28
13604 93 9 102 0.823529 25
13605 82 43 125 0.312 27
13606 32 72 104 -0.384615 30
13607 27 59 86 -0.372093 31
13608 66 23 89 0.483146 27
13609 25 87 112 -0.553571 24
13610 17 78 95 -0.642105 23
13611 14 78 92 -0.695652 26
13612 74 40 114 0.298246 31
13613 94 19 113 0.663717 31
13614 30 74 104 -0.423077 34
13615 25 60 85 -0.411765 29
13616 114 11 125 0.824 22
13617 4 100 104 -0.923077 22
13618 86 26 112 0.535714 30
13619 48 48 96 0 30
13620 26 78 104 -0.5 30
13621 129 5 134 0.925373 19
13622 10 82 92 -0.782609 24
13623 72 31 103 0.398058 30
13624 23 60 83 -0.445783 23
13625 18 42 60 -0.4 24
13626 42 49 91 -0.0769231 26
13627 112 10 122 0.836066 26
13628 71 20 91 0.56044 22
13629 51 65 116 -0.12069 28
13630 45 20 65 0.384615 25
13631 79 21 100 0.58 31
13632 10 81 91 -0.78022 24
13633 54 62 116 -0.0689655 32
13634 27 103 130 -0.584615 30
13635 28 53 81 -0.308642 26
13636 39 60 99 -0.212121 25
13637 89 3 92 0.934783 21
13638 34 54 88 -0.227273 26
13639 50 31 81 0.234568 22
13640 4 124 128 -0.9375 23
13641 11 100 111 -0.801802 22
13642 14 28 42 -0.333333 20
13643 74 23 97 0.525773 24
13644 14 80 94 -0.702128 24
13645 90 6 96 0.875 22
13646 25 114 139 -0.640288 26
13647 106 7 113 0.876106 15
13648 99 26 125 0.584 30
13649 54 48 102 0.0588235 32
13650 34 80 114 -0.403509 28
13651 86 18 104 0.653846 23
13652 78 37 115 0.356522 28
13653 35 69 104 -0.326923 29
13654 63 44 107 0.17757 31
13655 52 32 84 0.238095 27
13656 69 18 87 0.586207 29
13657 29 43 72 -0.194444 33
13658 12 115 127 -0.811024 27
13659 57 56 113 0.00884956 30
13660 57 62 119 -0.0420168 36
13661 22 88 110 -0.6 22
13662 43 46 89 -0.0337079 31
13663 67 47 114 0.175439 25
13664 112 11 123 0.821138 27
13665 96 20 116 0.655172 27
13666 70 32 102 0.372549 24
13667 22 87 109 -0.59633 29
13668 62 31 93 0.333333 28
13669 33 65 98 -0.326531 29
13670 10 96 106 -0.811321 22
13671 41 80 121 -0.322314 30
13672 38 85 123 -0.382114 32
13673 31 94 125 -0.504 27
13674 86 8 94 0.829787 22
13675 10 143 153 -0.869281 21
13676 43 68 111 -0.225225 33
13677 84 22 106 0.584906 20
13678 131 7 138 0.898551 13
13679 60 44 104 0.153846 28
13680 37 69 106 -0.301887 28
13681 26 61 87 -0.402299 30
13682 33 25 58 0.137931 22
13683 81 19 100 0.62 26
13684 96 39 135 0.422222 35
13685 99 10 109 0.816514 14
13686 59 34 93 0.268817 30
13687 59 45 104 0.134615 28
13688 89 33 122 0.459016 28
13689 30 95 125 -0.52 30
13690 10 107 117 -0.82906 23
13691 57 51 108 0.0555556 25
13692 99 41 140 0.414286 31
13693 14 91 105 -0.733333 23
13694 33 83 116 -0.431034 31
13695 9 91 100 -0.82 23
13696 48 59 107 -0.102804 24
13697 38 52 90 -0.155556 28
13698 19 82 101 -0.623762 26
13699 50 25 75 0.333333 29
13700 53 41 94 0.12766 31
13701 37 49 86 -0.139535 22
13702 4 124 128 -0.9375 22
13703 83 17 100 0.66 25
13704 18 99 117 -0.692308 29
13705 48 59 107 -0.102804 27
13706 45 68 113 -0.20354 30
13707 11 93 104 -0.788462 24
13708 42 86 128 -0.34375 30
13709 93 16 109 0.706422 29
13710 122 9 131 0.862595 22
13711 15 134 149 -0.798658 22
13712 20 106 126 -0.68254 24
13713 96 30 126 0.52381 33
13714 40 65 105 -0.238095 32
13715 116 18 134 0.731343 24
13716 25 53 78 -0.358974 24
13717 85 17 102 0.666667 27
13718 51 54 105 -0.0285714 22
13719 0 8 8 -1 5
13720 85 40 125 0.36 29
13721 8 140 148 -0.891892 19
13722 10 73 83 -0.759036 20
13723 11 91 102 -0.784314 25
13724 91 7 98 0.857143 23
13725 26 77 103 -0.495146 33
13726 37 49 86 -0.139535 30
13727 8 80 88 -0.818182 24
13728 63 63 126 0 33
13729 53 57 110 -0.0363636 34
13730 53 56 109 -0.0275229 26
13731 101 39 140 0.442857 32
13732 6 119 125 -0.904 22
13733 67 28 95 0.410526 28
13734 61 43 104 0.173077 33
13735 67 22 89 0.505618 28
13736 65 42 107 0.214953 29
13737 42 82 124 -0.322581 31
13738 9 131 140 -0.871429 25
13739 117 18 135 0.733333 23
13740 45 58 103 -0.126214 29
13741 39 58 97 -0.195876 24
13742 49 40 89 0.101124 18
13743 84 16 100 0.68 26
13744 8 109 117 -0.863248 22
13745 26 57 83 -0.373494 25
13746 24 62 86 -0.44186 26
13747 54 50 104 0.0384615 25
13748 14 90 104 -0.730769 31
13749 60 47 107 0.121495 31
13750 66 61 127 0.0393701 26
13751 3 132 135 -0.955556 22
13752 66 12 78 0.692308 25
13753 61 49 110 0.109091 31
13754 25 64 89 -0.438202 27
13755 45 34 79 0.139241 23
13756 65 39 104 0.25 29
13757 3 81 84 -0.928571 21
13758 23 63 86 -0.465116 25
13759 44 36 80 0.1 24
13760 14 92 106 -0.735849 27
13761 81 30 111 0.459459 27
13762 90 8 98 0.836735 20
13763 38 63 101 -0.247525 29
13764 80 31 111 0.441441 30
13765 22 76 98 -0.55102 30
13766 73 11 84 0.738095 26
13767 14 69 83 -0.662651 24
13768 38 65 103 -0.262136 28
13769 19 84 103 -0.631068 27
13770 132 12 144 0.833333 23
13771 13 113 126 -0.793651 24
13772 19 80 99 -0.616162 30
13773 58 47 105 0.104762 29
13774 28 104 132 -0.575758 31
13775 6 92 98 -0.877551 20
13776 57 33 90 0.266667 24
13777 76 31 107 0.420561 23
13778 5 124 129 -0.922481 22
13779 21 126 147 -0.714286 24
13780 135 29 164 0.646341 29
13781 78 26 104 0.5 31
13782 91 8 99 0.838384 20
13783 92 17 109 0.688073 23
13784 110 16 126 0.746032 21
13785 74 15 89 0.662921 25
13786 55 58 113 -0.0265487 30
13787 25 71 96 -0.479167 27
13788 3 133 136 -0.955882 22
13789 23 80 103 -0.553398 28
13790 68 50 118 0.152542 34
13791 9 84 93 -0.806452 24
13792 30 102 132 -0.545455 31
13793 72 19 91 0.582418 28
13794 24 70 94 -0.489362 25
13795 160 9 169 0.893491 24
13796 72 42 114 0.263158 27
13797 40 52 92 -0.130435 22
13798 21 67 88 -0.522727 28
13799 87 7 94 0.851064 22
13800 44 58 102 -0.137255 24
13801 93 31 124 0.5 26
13802 19 82 101 -0.623762 26
13803 24 71 95 -0.494737 32
13804 56 45 101 0.108911 25
13805 37 72 109 -0.321101 33
13806 16 116 132 -0.757576 28
13807 59 54 113 0.0442478 32
13808 96 18 114 0.684211 28
13809 5 132 137 -0.927007 19
13810 14 101 115 -0.756522 26
13811 11 81 92 -0.76087 28
13812 98 25 123 0.593496 29
13813 73 51 124 0.177419 27
13814 12 152 164 -0.853659 21
13815 93 15 108 0.722222 26
13816 86 37 123 0.398374 33
13817 97 13 110 0.763636 24
13818 62 48 110 0.127273 31
13819 119 6 125 0.904 19
13820 77 14 91 0.692308 26
13821 101 10 111 0.81982 26
13822 92 26 118 0.559322 28
13823 24 104 128 -0.625 29
13824 43 65 108 -0.203704 28
13825 45 45 90 0 24
13826 40 57 97 -0.175258 32
13827 27 38 65 -0.169231 25
13828 75 39 114 0.315789 28
13829 41 53 94 -0.12766 29
13830 13 74 87 -0.701149 24
13831 14 104 118 -0.762712 27
13832 65 55 120 0.0833333 32
13833 114 14 128 0.78125 28
13834 70 29 99 0.414141 29
13835 87 18 105 0.657143 26
13836 93 19 112 0.660714 27
13837 37 28 65 0.138462 31
13838 115 4 119 0.932773 17
13839 48 38 86 0.116279 25
13840 59 28 87 0.356322 29
13841 83 23 106 0.566038 27
13842 44 92 136 -0.352941 27
13843 37 76 113 -0.345133 30
13844 106 18 124 0.709677 30
13845 33 69 102 -0.352941 31
13846 14 141 155 -0.819355 24
13847 110 0 110 1 18
13848 72 39 111 0.297297 34
13849 8 114 122 -0.868852 23
13850 69 44 113 0.221239 31
13851 56 55 111 0.00900901 32
13852 10 125 135 -0.851852 22
13853 162 3 165 0.963636 16
13854 39 65 104 -0.25 31
13855 70 31 101 0.386139 27
13856 27 65 92 -0.413043 30
13857 1 102 103 -0.980583 20
13858 80 12 92 0.73913 28
13859 74 36 110 0.345455 27
13860 49 53 102 -0.0392157 28
13861 26 114 140 -0.628571 28
13862 8 119 127 -0.874016 21
13863 24 79 103 -0.533981 27
13864 73 10 83 0.759036 20
13865 54 53 107 0.00934579 27
13866 5 127 132 -0.924242 22
13867 54 21 75 0.44 26
13868 19 73 92 -0.586957 29
13869 120 21 141 0.702128 24
13870 105 7 112 0.875 22
13871 64 64 128 0 31
13872 108 28 136 0.588235 31
13873 75 23 98 0.530612 26
13874 122 7 129 0.891473 23
13875 111 12 123 0.804878 22
13876 102 11 113 0.80531 25
13877 76 34 110 0.381818 26
13878 36 50 86 -0.162791 30
13879 40 52 92 -0.130435 30
13880 10 87 97 -0.793814 25
13881 111 23 134 0.656716 28
13882 18 51 69 -0.478261 23
13883 52 54 106 -0.0188679 27
13884 124 5 129 0.922481 22
13885 71 21 92 0.543478 28
13886 56 44 100 0.12 27
13887 47 74 121 -0.22314 31
13888 78 7 85 0.835294 26
13889 42 64 106 -0.207547 30
13890 77 23 100 0.54 29
13891 28 75 103 -0.456311 27
13892 33 74 107 -0.383178 32
13893 23 106 129 -0.643411 25
13894 20 104 124 -0.677419 27
13895 4 101 105 -0.92381 17
13896 13 95 108 -0.759259 23
13897 95 11 106 0.792453 17
13898 94 6 100 0.88 24
13899 61 19 80 0.525 25
13900 55 50 105 0.047619 30
13901 68 46 114 0.192982 22
13902 49 31 80 0.225 25
13903 47 39 86 0.0930233 27
13904 43 24 67 0.283582 24
13905 13 81 94 -0.723404 26
13906 49 32 81 0.209877 30
13907 64 49 113 0.132743 30
13908 54 24 78 0.384615 25
13909 35 57 92 -0.23913 28
13910 35 69 104 -0.326923 30
13911 122 9 131 0.862595 20
13912 37 63 100 -0.26 30
13913 65 28 93 0.397849 30
13914 119 9 128 0.859375 15
13915 7 72 79 -0.822785 26
13916 43 60 103 -0.165049 29
13917 82 15 97 0.690722 27
13918 8 69 77 -0.792208 19
13919 64 41 105 0.219048 26
13920 46 43 89 0.0337079 29
13921 128 7 135 0.896296 21
13922 38 81 119 -0.361345 29
13923 89 38 127 0.401575 29
13924 78 35 113 0.380531 27
13925 123 11 134 0.835821 22
13926 18 91 109 -0.669725 23
13927 40 65 105 -0.238095 34
13928 94 19 113 0.663717 29
13929 57 53 110 0.0363636 29
13930 40 43 83 -0.0361446 31
13931 60 50 110 0.0909091 28
13932 148 2 150 0.973333 17
13933 23 35 58 -0.206897 23
13934 50 37 87 0.149425 32
13935 29 50 79 -0.265823 27
13936 80 19 99 0.616162 31
13937 10 86 96 -0.791667 20
13938 85 11 96 0.770833 27
13939 22 62 84 -0.47619 23
13940 73 22 95 0.536842 24
13941 28 81 109 -0.486239 23
13942 97 10 107 0.813084 20
13943 43 49 92 -0.0652174 29
13944 37 62 99 -0.252525 20
13945 77 10 87 0.770115 21
13946 70 15 85 0.647059 21
13947 78 26 104 0.5 26
13948 21 80 101 -0.584158 27
13949 101 32 133 0.518797 17
13950 33 88 121 -0.454545 34
13951 61 38 99 0.232323 30
13952 40 43 83 -0.0361446 24
13953 91 28 119 0.529412 27
13954 15 97 112 -0.732143 22
13955 49 41 90 0.0888889 29
13956 45 29 74 0.216216 26
13957 104 17 121 0.719008 26
13958 17 119 136 -0.75 27
13959 23 84 107 -0.570093 33
13960 36 59 95 -0.242105 30
13961 107 8 115 0.86087 24
13962 95 26 121 0.570248 30
13963 22 82 104 -0.576923 29
13964 7 86 93 -0.849462 17
13965 31 85 116 -0.465517 28
13966 13 83 96 -0.729167 25
13967 63 14 77 0.636364 20
13968 114 10 124 0.83871 21
13969 84 23 107 0.570093 24
13970 73 37 110 0.327273 29
13971 115 13 128 0.796875 23
13972 127 11 138 0.84058 13
13973 40 37 77 0.038961 24
13974 57 67 124 -0.0806452 30
13975 71 39 110 0.290909 30
13976 69 49 118 0.169492 33
13977 141 6 147 0.918367 23
13978 10 141 151 -0.86755 20
13979 103 25 128 0.609375 26
13980 13 137 150 -0.826667 25
13981 25 106 131 -0.618321 26
13982 36 73 109 -0.33945 30
13983 107 23 130 0.646154 26
13984 83 33 116 0.431034 30
13985 50 63 113 -0.115044 29
13986 33 39 72 -0.0833333 26
13987 67 32 99 0.353535 28
13988 16 81 97 -0.670103 18
13989 35 53 88 -0.204545 29
13990 103 15 118 0.745763 26
13991 50 66 116 -0.137931 31
13992 81 42 123 0.317073 25
13993 26 90 116 -0.551724 20
13994 55 56 111 -0.00900901 29
13995 53 62 115 -0.0782609 25
13996 4 96 100 -0.92 16
13997 71 37 108 0.314815 26
13998 95 37 132 0.439394 30
13999 12 113 125 -0.808 23
14000 19 84 103 -0.631068 24
14001 98 9 107 0.831776 26
14002 8 98 106 -0.849057 23
14003 23 78 101 -0.544554 25
14004 33 78 111 -0.405405 32
14005 120 12 132 0.818182 24
14006 74 13 87 0.701149 26
14007 18 116 134 -0.731343 30
14008 26 89 115 -0.547826 31
14009 26 70 96 -0.458333 28
14010 134 9 143 0.874126 24
14011 26 77 103 -0.495146 27
14012 9 70 79 -0.772152 24
14013 45 86 131 -0.312977 26
14014 29 43 72 -0.194444 28
14015 118 23 141 0.673759 29
14016 21 84 105 -0.6 26
14017 127 7 134 0.895522 24
14018 39 57 96 -0.1875 22
14019 46 34 80 0.15 21
14020 6 140 146 -0.917808 20
14021 38 73 111 -0.315315 24
14022 36 25 61 0.180328 27
14023 85 20 105 0.619048 26
14024 51 60 111 -0.0810811 30
14025 88 22 110 0.6 29
14026 64 47 111 0.153153 28
14027 38 69 107 -0.28972 28
14028 64 53 117 0.0940171 33
14029 104 22 126 0.650794 28
14030 88 10 98 0.795918 24
14031 29 57 86 -0.325581 24
14032 55 40 95 0.157895 26
14033 43 81 124 -0.306452 33
14034 26 64 90 -0.422222 24
14035 117 2 119 0.966387 20
14036 28 70 98 -0.428571 27
14037 84 32 116 0.448276 28
14038 17 66 83 -0.590361 29
14039 20 85 105 -0.619048 25
14040 13 93 106 -0.754717 23
14041 105 16 121 0.735537 28
14042 47 65 112 -0.160714 31
14043 34 94 128 -0.46875 31
14044 13 75 88 -0.704545 25
14045 37 69 106 -0.301887 28
14046 86 12 98 0.755102 28
14047 67 63 130 0.0307692 36
14048 74 47 121 0.22314 31
14049 38 79 117 -0.350427 28
14050 78 29 107 0.457944 22
14051 135 10 145 0.862069 17
14052 36 69 105 -0.314286 29
14053 116 19 135 0.718519 29
14054 31 71 102 -0.392157 26
14055 110 13 123 0.788618 24
14056 17 102 119 -0.714286 28
14057 22 41 63 -0.301587 24
14058 43 58 101 -0.148515 29
14059 4 111 115 -0.930435 22
14060 36 71 107 -0.327103 32
14061 3 94 97 -0.938144 21
14062 98 3 101 0.940594 21
14063 19 98 117 -0.675214 26
14064 7 111 118 -0.881356 26
14065 32 82 114 -0.438596 30
14066 17 92 109 -0.688073 26
14067 33 92 125 -0.472 30
14068 46 74 120 -0.233333 31
14069 56 72 128 -0.125 35
14070 2 100 102 -0.960784 18
14071 48 51 99 -0.030303 25
14072 29 23 52 0.115385 21
14073 28 59 87 -0.356322 22
14074 110 11 121 0.818182 20
14075 102 24 126 0.619048 26
14076 15 62 77 -0.61039 25
14077 54 62 116 -0.0689655 24
14078 49 45 94 0.0425532 23
14079 14 107 121 -0.768595 26
14080 29 72 101 -0.425743 21
14081 66 21 87 0.517241 27
14082 11 98 109 -0.798165 25
14083 41 42 83 -0.0120482 21
14084 63 22 85 0.482353 20
14085 6 106 112 -0.892857 17
14086 47 21 68 0.382353 26
14087 11 97 108 -0.796296 23
14088 75 26 101 0.485149 28
14089 48 41 89 0.0786517 25
14090 35 51 86 -0.186047 23
14091 42 15 57 0.473684 26
14092 67 6 73 0.835616 25
14093 111 13 124 0.790323 22
14094 103 15 118 0.745763 29
14095 10 159 169 -0.881657 14
14096 74 39 113 0.309735 29
14097 82 5 87 0.885057 23
14098 33 40 73 -0.0958904 26
14099 60 18 78 0.538462 25
14100 37 69 106 -0.301887 30
14101 91 7 98 0.857143 23
14102 36 37 73 -0.0136986 22
14103 19 107 126 -0.698413 26
14104 57 41 98 0.163265 26
14105 4 112 116 -0.931034 21
14106 11 100 111 -0.801802 26
14107 80 37 117 0.367521 26
14108 23 105 128 -0.640625 23
14109 23 86 109 -0.577982 30
14110 39 48 87 -0.103448 22
14111 36 72 108 -0.333333 32
14112 12 54 66 -0.636364 28
14113 11 93 104 -0.788462 23
14114 96 18 114 0.684211 22
14115 102 2 104 0.961538 20
14116 132 4 136 0.941176 19
14117 58 58 116 0 28
14118 8 100 108 -0.851852 22
14119 27 65 92 -0.413043 27
14120 28 69 97 -0.42268 27
14121 32 55 87 -0.264368 30
14122 28 108 136 -0.588235 25
14123 66 62 128 0.03125 30
14124 22 88 110 -0.6 33
14125 111 6 117 0.897436 17
14126 89 27 116 0.534483 28
14127 18 94 112 -0.678571 29
14128 64 41 105 0.219048 30
14129 47 65 112 -0.160714 33
14130 11 11 22 0 14
14131 14 89 103 -0.728155 22
14132 18 145 163 -0.779141 24
14133 7 129 136 -0.897059 24
14134 8 92 100 -0.84 22
14135 44 65 109 -0.192661 34
14136 17 57 74 -0.540541 26
14137 60 65 125 -0.04 31
14138 13 88 101 -0.742574 30
14139 74 48 122 0.213115 29
14140 45 45 90 0 27
14141 39 80 119 -0.344538 23
14142 44 64 108 -0.185185 27
14143 51 53 104 -0.0192308 25
14144 47 43 90 0.0444444 28
14145 48 52 100 -0.04 29
14146 39 49 88 -0.113636 27
14147 96 11 107 0.794393 27
14148 61 48 109 0.119266 32
14149 24 63 87 -0.448276 25
14150 114 4 118 0.932203 19
14151 95 7 102 0.862745 18
14152 14 94 108 -0.740741 30
14153 114 47 161 0.416149 27
14154 80 10 90 0.777778 22
14155 26 50 76 -0.315789 23
14156 113 10 123 0.837398 18
14157 11 28 39 -0.435897 16
14158 38 76 114 -0.333333 31
14159 12 126 138 -0.826087 24
14160 23 71 94 -0.510638 25
14161 53 62 115 -0.0782609 31
14162 81 16 97 0.670103 29
14163 45 41 86 0.0465116 28
14164 61 40 101 0.207921 34
14165 55 45 100 0.1 31
14166 53 62 115 -0.0782609 34
14167 68 64 132 0.030303 25
14168 46 63 109 -0.155963 35
14169 121 16 137 0.766423 24
14170 42 66 108 -0.222222 28
14171 99 12 111 0.783784 25
14172 28 121 149 -0.624161 31
14173 5 107 112 -0.910714 24
14174 22 118 140 -0.685714 30
14175 57 41 98 0.163265 25
14176 82 32 114 0.438596 29
14177 35 83 118 -0.40678 22
14178 80 41 121 0.322314 26
14179 11 88 99 -0.777778 25
14180 91 16 107 0.700935 26
14181 55 45 100 0.1 35
14182 21 6 27 0.555556 11
14183 9 113 122 -0.852459 23
14184 17 83 100 -0.66 25
14185 76 39 115 0.321739 30
14186 24 69 93 -0.483871 18
14187 75 22 97 0.546392 29
14188 30 107 137 -0.562044 23
14189 109 10 119 0.831933 25
14190 6 150 156 -0.923077 16
14191 38 25 63 0.206349 25
14192 61 43 104 0.173077 29
14193 27 114 141 -0.617021 28
14194 27 62 89 -0.393258 26
14195 74 14 88 0.681818 25
14196 15 94 109 -0.724771 24
14197 78 11 89 0.752809 26
14198 1 98 99 -0.979798 20
14199 47 47 94 0 24
14200 145 2 147 0.972789 10
14201 52 53 105 -0.00952381 30
14202 46 32 78 0.179487 22
14203 62 22 84 0.47619 26
14204 36 59 95 -0.242105 29
14205 47 56 103 -0.0873786 28
14206 56 40 96 0.166667 29
14207 29 63 92 -0.369565 26
14208 49 76 125 -0.216 29
14209 30 73 103 -0.417476 28
14210 103 28 131 0.572519 32
14211 48 101 149 -0.355705 31
14212 80 15 95 0.684211 25
14213 22 97 119 -0.630252 21
14214 17 117 134 -0.746269 25
14215 90 23 113 0.59292 27
14216 15 88 103 -0.708738 25
14217 80 18 98 0.632653 28
14218 8 98 106 -0.849057 25
14219 11 90 101 -0.782178 21
14220 25 76 101 -0.50495 26
14221 44 72 116 -0.241379 34
14222 105 7 112 0.875 23
14223 21 104 125 -0.664 22
14224 58 74 132 -0.121212 24
14225 28 40 68 -0.176471 23
14226 25 74 99 -0.494949 28
14227 51 47 98 0.0408163 22
14228 16 96 112 -0.714286 19
14229 21 78 99 -0.575758 31
14230 118 13 131 0.801527 25
14231 48 60 108 -0.111111 29
14232 103 16 119 0.731092 27
14233 41 123 164 -0.5 26
14234 3 68 71 -0.915493 21
14235 47 35 82 0.146341 24
14236 31 47 78 -0.205128 32
14237 4 155 159 -0.949686 17
14238 21 61 82 -0.487805 25
14239 100 26 126 0.587302 25
14240 43 37 80 0.075 22
14241 145 5 150 0.933333 21
14242 40 61 101 -0.207921 28
14243 41 53 94 -0.12766 29
14244 13 86 99 -0.737374 27
14245 93 23 116 0.603448 27
14246 81 26 107 0.514019 31
14247 62 63 125 -0.008 32
14248 49 64 113 -0.132743 30
14249 107 29 136 0.573529 30
14250 66 83 149 -0.114094 33
14251 73 45 118 0.237288 22
14252 38 77 115 -0.33913 32
14253 11 121 132 -0.833333 20
14254 38 46 84 -0.0952381 30
14255 65 54 119 0.092437 31
14256 35 96 131 -0.465649 32
14257 91 31 122 0.491803 32
14258 56 48 104 0.0769231 27
14259 10 95 105 -0.809524 24
14260 13 78 91 -0.714286 25
14261 65 28 93 0.397849 28
14262 11 105 116 -0.810345 25
14263 42 69 111 -0.243243 25
14264 69 25 94 0.468085 28
14265 97 10 107 0.813084 24
14266 56 46 102 0.0980392 21
14267 13 77 90 -0.711111 25
14268 38 96 134 -0.432836 29
14269 107 21 128 0.671875 23
14270 6 78 84 -0.857143 23
14271 10 68 78 -0.74359 25
14272 23 45 68 -0.323529 25
14273 28 82 110 -0.490909 28
14274 66 29 95 0.389474 22
14275 22 128 150 -0.706667 21
14276 63 57 120 0.05 30
14277 44 56 100 -0.12 31
14278 83 22 105 0.580952 28
14279 7 109 116 -0.87931 24
14280 32 109 141 -0.546099 28
14281 22 76 98 -0.55102 27
14282 46 83 129 -0.286822 28
14283 61 34 95 0.284211 30
14284 52 66 118 -0.118644 28
14285 13 88 101 -0.742574 26
14286 57 19 76 0.5 27
14287 73 36 109 0.33945 21
14288 39 59 98 -0.204082 33
14289 58 34 92 0.26087 29
14290 88 14 102 0.72549 22
14291 12 74 86 -0.72093 23
14292 63 17 80 0.575 25
14293 27 75 102 -0.470588 25
14294 39 71 110 -0.290909 23
14295 82 29 111 0.477477 27
14296 88 2 90 0.955556 16
14297 81 35 116 0.396552 29
14298 13 96 109 -0.761468 25
14299 79 10 89 0.775281 22
14300 32 67 99 -0.353535 30
14301 93 21 114 0.631579 28
14302 46 55 101 -0.0891089 26
14303 15 103 118 -0.745763 27
14304 44 42 86 0.0232558 27
14305 71 25 96 0.479167 31
14306 85 5 90 0.888889 21
14307 79 19 98 0.612245 22
14308 54 28 82 0.317073 32
14309 37 62 99 -0.252525 25
14310 9 123 132 -0.863636 23
14311 15 69 84 -0.642857 26
14312 10 67 77 -0.74026 19
14313 33 40 73 -0.0958904 23
14314 78 22 100 0.56 27
14315 83 33 116 0.431034 27
14316 40 68 108 -0.259259 27
14317 19 92 111 -0.657658 30
14318 97 5 102 0.901961 21
14319 76 9 85 0.788235 25
14320 104 15 119 0.747899 25
14321 2 143 145 -0.972414 16
14322 103 24 127 0.622047 31
14323 1 11 12 -0.833333 6
14324 14 82 96 -0.708333 23
14325 53 60 113 -0.0619469 28
14326 50 53 103 -0.0291262 25
14327 24 69 93 -0.483871 19
14328 35 58 93 -0.247312 29
14329 40 48 88 -0.0909091 23
14330 45 77 122 -0.262295 30
14331 56 61 117 -0.042735 32
14332 9 84 93 -0.806452 24
14333 91 10 101 0.80198 26
14334 125 3 128 0.953125 22
14335 12 103 115 -0.791304 25
14336 55 42 97 0.134021 26
14337 59 43 102 0.156863 27
14338 13 154 167 -0.844311 23
14339 122 18 140 0.742857 19
14340 2 92 94 -0.957447 19
14341 47 42 89 0.0561798 23
14342 41 80 121 -0.322314 30
14343 74 28 102 0.45098 26
14344 71 39 110 0.290909 32
14345 90 51 141 0.276596 34
14346 46 56 102 -0.0980392 27
14347 35 63 98 -0.285714 25
14348 52 70 122 -0.147541 34
14349 87 19 106 0.641509 28
14350 59 59 118 0 28
14351 30 46 76 -0.210526 19
14352 25 97 122 -0.590164 25
14353 87 20 107 0.626168 28
14354 45 55 100 -0.1 27
14355 24 105 129 -0.627907 26
14356 44 48 92 -0.0434783 32
14357 67 51 118 0.135593 28
14358 21 86 107 -0.607477 28
14359 26 108 134 -0.61194 29
14360 22 78 100 -0.56 29
14361 96 19 115 0.669565 25
14362 90 10 100 0.8 22
14363 17 80 97 -0.649485 29
14364 22 96 118 -0.627119 27
14365 47 51 98 -0.0408163 31
14366 102 6 108 0.888889 22
14367 51 38 89 0.146067 22
14368 24 91 115 -0.582609 24
14369 4 131 135 -0.940741 16
14370 10 134 144 -0.861111 19
14371 24 102 126 -0.619048 23
14372 92 15 107 0.719626 29
14373 20 33 53 -0.245283 24
14374 36 40 76 -0.0526316 24
14375 80 29 109 0.46789 27
14376 149 8 157 0.898089 25
14377 18 74 92 -0.608696 24
14378 42 68 110 -0.236364 25
14379 60 46 106 0.132075 29
14380 140 12 152 0.842105 24
14381 35 66 101 -0.306931 30
14382 122 1 123 0.98374 17
14383 59 35 94 0.255319 29
14384 39 45 84 -0.0714286 28
14385 52 44 96 0.0833333 31
14386 107 7 114 0.877193 19
14387 11 79 90 -0.755556 24
14388 86 28 114 0.508772 27
14389 26 77 103 -0.495146 27
14390 8 108 116 -0.862069 25
14391 31 63 94 -0.340426 29
14392 119 20 139 0.71223 27
14393 11 98 109 -0.798165 23
14394 51 51 102 0 28
14395 41 87 128 -0.359375 24
14396 131 9 140 0.871429 19
14397 3 151 154 -0.961039 17
14398 42 65 107 -0.214953 26
14399 43 47 90 -0.0444444 25
14400 59 21 80 0.475 25
14401 24 77 101 -0.524752 31
14402 6 79 85 -0.858824 21
14403 23 84 107 -0.570093 30
14404 45 35 80 0.125 22
14405 68 49 117 0.162393 33
14406 5 121 126 -0.920635 19
14407 86 39 125 0.376 28
14408 35 77 112 -0.375 29
14409 19 69 88 -0.568182 28
14410 28 74 102 -0.45098 26
14411 50 59 109 -0.0825688 31
14412 9 51 60 -0.7 13
14413 47 59 106 -0.113208 33
14414 83 14 97 0.71134 22
14415 43 68 111 -0.225225 31
14416 47 26 73 0.287671 25
14417 50 51 101 -0.00990099 27
14418 70 24 94 0.489362 30
14419 16 114 130 -0.753846 24
14420 111 13 124 0.790323 27
14421 5 119 124 -0.919355 16
14422 41 52 93 -0.11828 27
14423 65 45 110 0.181818 29
14424 67 74 141 -0.0496454 26
14425 3 137 140 -0.957143 22
14426 8 92 100 -0.84 26
14427 24 80 104 -0.538462 23
14428 80 21 101 0.584158 24
14429 14 80 94 -0.702128 24
14430 39 62 101 -0.227723 24
14431 4 108 112 -0.928571 18
14432 33 68 101 -0.346535 30
14433 67 35 102 0.313725 25
14434 39 49 88 -0.113636 32
14435 70 22 92 0.521739 28
14436 64 83 147 -0.129252 25
14437 123 2 125 0.968 21
14438 58 20 78 0.487179 27
14439 38 61 99 -0.232323 29
14440 154 4 158 0.949367 22
14441 58 69 127 -0.0866142 32
14442 51 6 57 0.789474 19
14443 98 18 116 0.689655 27
14444 43 63 106 -0.188679 26
14445 50 39 89 0.123596 27
14446 44 13 57 0.54386 21
14447 13 104 117 -0.777778 19
14448 63 33 96 0.3125 29
14449 88 2 90 0.955556 12
14450 60 56 116 0.0344828 24
14451 76 16 92 0.652174 29
14452 90 27 117 0.538462 32
14453 36 51 87 -0.172414 30
14454 32 54 86 -0.255814 27
14455 101 28 129 0.565891 27
14456 85 12 97 0.752577 19
14457 27 85 112 -0.517857 27
14458 22 61 83 -0.46988 29
14459 72 28 100 0.44 23
14460 106 7 113 0.876106 25
14461 92 23 115 0.6 35
14462 23 78 101 -0.544554 27
14463 26 69 95 -0.452632 28
14464 72 7 79 0.822785 22
14465 96 8 104 0.846154 18
14466 49 45 94 0.0425532 30
14467 117 19 136 0.720588 27
14468 108 18 126 0.714286 22
14469 68 23 91 0.494505 25
14470 8 103 111 -0.855856 20
14471 77 29 106 0.45283 20
14472 62 62 124 0 35
14473 86 38 124 0.387097 26
14474 12 125 137 -0.824818 22
14475 2 105 107 -0.962617 20
14476 52 40 92 0.130435 29
14477 85 53 138 0.231884 32
14478 12 74 86 -0.72093 25
14479 61 42 103 0.184466 29
14480 67 58 125 0.072 28
14481 50 47 97 0.0309278 31
14482 108 4 112 0.928571 22
14483 63 46 109 0.155963 33
14484 9 69 78 -0.769231 25
14485 69 61 130 0.0615385 33
14486 39 50 89 -0.123596 28
14487 53 44 97 0.0927835 36
14488 5 86 91 -0.89011 23
14489 71 2 73 0.945205 17
14490 28 81 109 -0.486239 26
14491 46 76 122 -0.245902 30
14492 57 57 114 0 31
14493 29 81 110 -0.472727 30
14494 86 13 99 0.737374 20
14495 46 28 74 0.243243 27
14496 40 74 114 -0.298246 30
14497 162 11 173 0.872832 16
14498 8 98 106 -0.849057 23
14499 2 69 71 -0.943662 14
14500 89 5 94 0.893617 20
14501 42 55 97 -0.134021 28
14502 52 62 114 -0.0877193 27
14503 115 7 122 0.885246 21
14504 53 82 135 -0.214815 25
14505 76 24 100 0.52 24
14506 41 52 93 -0.11828 28
14507 51 51 102 0 22
14508 93 9 102 0.823529 23
14509 32 82 114 -0.438596 27
14510 64 29 93 0.376344 32
14511 114 2 116 0.965517 16
14512 48 51 99 -0.030303 29
14513 90 13 103 0.747573 20
14514 119 6 125 0.904 19
14515 21 62 83 -0.493976 26
14516 108 16 124 0.741935 21
14517 58 43 101 0.148515 28
14518 44 53 97 -0.0927835 25
14519 47 81 128 -0.265625 29
14520 33 57 90 -0.266667 30
14521 117 7 124 0.887097 19
14522 25 55 80 -0.375 24
14523 4 109 113 -0.929204 21
14524 25 97 122 -0.590164 29
14525 61 67 128 -0.046875 34
14526 97 13 110 0.763636 28
14527 60 76 136 -0.117647 35
14528 11 82 93 -0.763441 25
14529 7 1 8 0.75 5
14530 108 15 123 0.756098 28
14531 67 53 120 0.116667 30
14532 29 83 112 -0.482143 27
14533 4 144 148 -0.945946 21
14534 123 14 137 0.79562 22
14535 64 33 97 0.319588 22
14536 101 6 107 0.88785 24
14537 2 135 137 -0.970803 20
14538 28 78 106 -0.471698 28
14539 76 31 107 0.420561 28
14540 16 114 130 -0.753846 27
14541 27 77 104 -0.480769 23
14542 81 6 87 0.862069 23
14543 18 111 129 -0.72093 27
14544 46 63 109 -0.155963 28
14545 25 95 120 -0.583333 29
14546 25 91 116 -0.568966 29
14547 88 23 111 0.585586 28
14548 55 54 109 0.00917431 34
14549 69 12 81 0.703704 21
14550 97 19 116 0.672414 26
14551 65 44 109 0.192661 30
14552 29 92 121 -0.520661 31
14553 30 57 87 -0.310345 30
14554 44 79 123 -0.284553 34
14555 17 73 90 -0.622222 28
14556 4 128 132 -0.939394 23
14557 60 51 111 0.0810811 33
14558 19 122 141 -0.730496 28
14559 129 14 143 0.804196 24
14560 164 6 170 0.929412 20
14561 46 44 90 0.0222222 23
14562 45 65 110 -0.181818 26
14563 69 36 105 0.314286 27
14564 10 81 91 -0.78022 25
14565 94 22 116 0.62069 30
14566 32 92 124 -0.483871 27
14567 35 88 123 -0.430894 25
14568 16 76 92 -0.652174 27
14569 64 38 102 0.254902 32
14570 87 38 125 0.392 28
14571 27 60 87 -0.37931 29
14572 75 48 123 0.219512 31
14573 70 22 92 0.521739 30
14574 134 23 157 0.707006 23
14575 11 81 92 -0.76087 25
14576 45 64 109 -0.174312 26
14577 24 56 80 -0.4 26
14578 78 16 94 0.659574 23
14579 86 25 111 0.54955 31
14580 13 100 113 -0.769912 24
14581 34 43 77 -0.116883 23
14582 85 16 101 0.683168 24
14583 12 74 86 -0.72093 27
14584 3 98 101 -0.940594 19
14585 51 46 97 0.0515464 28
14586 38 62 100 -0.24 27
14587 57 41 98 0.163265 30
14588 6 104 110 -0.890909 22
14589 65 57 122 0.0655738 25
14590 4 87 91 -0.912088 22
14591 74 14 88 0.681818 29
14592 2 144 146 -0.972603 20
14593 53 73 126 -0.15873 32
14594 95 33 128 0.484375 26
14595 27 67 94 -0.425532 24
14596 87 22 109 0.59633 30
14597 45 57 102 -0.117647 27
14598 46 56 102 -0.0980392 26
14599 55 10 65 0.692308 23
14600 66 46 112 0.178571 33
14601 101 6 107 0.88785 25
14602 63 23 86 0.465116 23
14603 58 36 94 0.234043 25
14604 49 50 99 -0.010101 27
14605 41 56 97 -0.154639 33
14606 83 12 95 0.747368 24
14607 12 139 151 -0.84106 23
14608 52 33 85 0.223529 26
14609 126 6 132 0.909091 23
14610 63 38 101 0.247525 31
14611 76 26 102 0.490196 27
14612 123 12 135 0.822222 19
14613 6 100 106 -0.886792 22
14614 83 11 94 0.765957 26
14615 112 17 129 0.736434 28
14616 103 25 128 0.609375 25
14617 43 54 97 -0.113402 20
14618 61 47 108 0.12963 24
14619 104 1 105 0.980952 20
14620 58 38 96 0.208333 24
14621 40 67 107 -0.252336 33
14622 70 37 107 0.308411 29
14623 29 52 81 -0.283951 23
14624 23 106 129 -0.643411 22
14625 110 9 119 0.848739 17
14626 47 78 125 -0.248 30
14627 63 69 132 -0.0454545 33
14628 66 35 101 0.306931 23
14629 47 54 101 -0.0693069 27
14630 79 46 125 0.264 30
14631 69 25 94 0.468085 29
14632 66 28 94 0.404255 26
14633 141 8 149 0.892617 20
14634 61 62 123 -0.00813008 30
14635 51 61 112 -0.0892857 27
14636 81 39 120 0.35 33
14637 49 44 93 0.0537634 28
14638 51 62 113 -0.0973451 29
14639 124 8 132 0.878788 23
14640 92 43 135 0.362963 31
14641 77 40 117 0.316239 32
14642 18 73 91 -0.604396 30
14643 9 132 141 -0.87234 23
14644 12 125 137 -0.824818 27
14645 65 45 110 0.181818 27
14646 89 2 91 0.956044 19
14647 13 103 116 -0.775862 26
14648 39 60 99 -0.212121 24
14649 71 31 102 0.392157 28
14650 47 89 136 -0.308824 32
14651 86 24 110 0.563636 32
14652 74 38 112 0.321429 33
14653 35 73 108 -0.351852 30
14654 20 119 139 -0.71223 30
14655 23 78 101 -0.544554 19
14656 8 127 135 -0.881481 20
14657 22 59 81 -0.45679 22
14658 35 70 105 -0.333333 31
14659 90 14 104 0.730769 22
14660 21 89 110 -0.618182 29
14661 24 96 120 -0.6 24
14662 14 76 90 -0.688889 25
14663 18 98 116 -0.689655 28
14664 33 112 145 -0.544828 29
14665 21 65 86 -0.511628 24
14666 103 24 127 0.622047 28
14667 64 33 97 0.319588 25
14668 80 37 117 0.367521 27
14669 110 16 126 0.746032 26
14670 34 67 101 -0.326733 29
14671 50 66 116 -0.137931 25
14672 55 67 122 -0.0983607 28
14673 31 106 137 -0.547445 32
14674 24 73 97 -0.505155 27
14675 58 36 94 0.234043 32
14676 67 20 87 0.54023 26
14677 40 65 105 -0.238095 26
14678 12 104 116 -0.793103 23
14679 5 141 146 -0.931507 21
14680 66 44 110 0.2 26
14681 118 9 127 0.858268 23
14682 7 88 95 -0.852632 25
14683 22 83 105 -0.580952 30
14684 61 34 95 0.284211 26
14685 74 34 108 0.37037 31
14686 50 48 98 0.0204082 29
14687 51 35 86 0.186047 24
14688 53 95 148 -0.283784 32
14689 58 41 99 0.171717 24
14690 97 27 124 0.564516 31
14691 8 106 114 -0.859649 24
14692 29 80 109 -0.46789 30
14693 14 128 142 -0.802817 23
14694 2 117 119 -0.966387 18
14695 94 22 116 0.62069 29
14696 56 56 112 0 28
14697 99 12 111 0.783784 26
14698 33 43 76 -0.131579 23
14699 7 120 127 -0.889764 22
14700 86 31 117 0.470085 26
14701 46 46 92 0 33
14702 167 1 168 0.988095 15
14703 71 26 97 0.463918 27
14704 35 52 87 -0.195402 21
14705 115 13 128 0.796875 26
14706 49 51 100 -0.02 28
14707 43 65 108 -0.203704 27
14708 15 110 125 -0.76 24
14709 8 107 115 -0.86087 21
14710 58 7 65 0.784615 25
14711 28 62 90 -0.377778 30
14712 103 7 110 0.872727 26
14713 61 27 88 0.386364 28
14714 93 27 120 0.55 25
14715 6 126 132 -0.909091 16
14716 30 89 119 -0.495798 27
14717 8 142 150 -0.893333 24
14718 10 95 105 -0.809524 25
14719 71 38 109 0.302752 25
14720 25 107 132 -0.621212 31
14721 68 49 117 0.162393 26
14722 14 78 92 -0.695652 25
14723 30 84 114 -0.473684 27
14724 63 28 91 0.384615 28
14725 112 5 117 0.91453 18
14726 71 14 85 0.670588 27
14727 12 72 84 -0.714286 28
14728 60 34 94 0.276596 27
14729 44 59 103 -0.145631 31
14730 105 25 130 0.615385 22
14731 29 105 134 -0.567164 30
14732 57 68 125 -0.088 32
14733 108 21 129 0.674419 26
14734 33 87 120 -0.45 31
14735 23 78 101 -0.544554 28
14736 39 85 124 -0.370968 32
14737 126 9 135 0.866667 27
14738 70 52 122 0.147541 29
14739 13 120 133 -0.804511 23
14740 106 16 122 0.737705 26
14741 67 17 84 0.595238 25
14742 8 101 109 -0.853211 24
14743 107 18 125 0.712 24
14744 107 27 134 0.597015 20
14745 78 37 115 0.356522 26
14746 69 53 122 0.131148 29
14747 48 77 125 -0.232 33
14748 35 46 81 -0.135802 26
14749 12 91 103 -0.76699 27
14750 72 20 92 0.565217 22
14751 12 8 20 0.2 10
14752 52 61 113 -0.079646 27
14753 95 7 102 0.862745 22
14754 78 12 90 0.733333 26
14755 70 52 122 0.147541 33
14756 48 50 98 -0.0204082 32
14757 15 51 66 -0.545455 21
14758 34 69 103 -0.339806 29
14759 100 3 103 0.941748 22
14760 12 70 82 -0.707317 26
14761 59 22 81 0.45679 24
14762 104 28 132 0.575758 31
14763 72 27 99 0.454545 21
14764 38 48 86 -0.116279 28
14765 112 13 125 0.792 28
14766 33 54 87 -0.241379 24
14767 89 14 103 0.728155 27
14768 112 21 133 0.684211 25
14769 89 10 99 0.79798 26
14770 22 85 107 -0.588785 26
14771 63 41 104 0.211538 23
14772 42 48 90 -0.0666667 28
14773 87 7 94 0.851064 23
14774 58 20 78 0.487179 26
14775 61 28 89 0.370787 32
14776 57 30 87 0.310345 26
14777 28 55 83 -0.325301 23
14778 58 66 124 -0.0645161 23
14779 55 63 118 -0.0677966 30
14780 116 14 130 0.784615 27
14781 73 23 96 0.520833 26
14782 92 10 102 0.803922 24
14783 39 61 100 -0.22 29
14784 32 76 108 -0.407407 29
14785 7 109 116 -0.87931 24
14786 94 22 116 0.62069 28
14787 59 47 106 0.113208 30
14788 25 86 111 -0.54955 25
14789 37 65 102 -0.27451 27
14790 143 22 165 0.733333 21
14791 92 34 126 0.460317 27
14792 63 22 85 0.482353 27
14793 11 97 108 -0.796296 23
14794 31 16 47 0.319149 22
14795 72 28 100 0.44 30
14796 22 67 89 -0.505618 28
14797 75 36 111 0.351351 30
14798 23 84 107 -0.570093 22
14799 53 34 87 0.218391 31
14800 24 59 83 -0.421687 23
14801 73 13 86 0.697674 24
14802 57 22 79 0.443038 30
14803 95 5 100 0.9 23
14804 73 21 94 0.553191 28
14805 8 89 97 -0.835052 26
14806 21 90 111 -0.621622 29
14807 59 53 112 0.0535714 34
14808 56 61 117 -0.042735 29
14809 28 57 85 -0.341176 28
14810 120 3 123 0.95122 16
14811 70 74 144 -0.0277778 31
14812 71 21 92 0.543478 21
14813 86 12 98 0.755102 24
14814 30 52 82 -0.268293 27
14815 28 58 86 -0.348837 28
14816 70 8 78 0.794872 21
14817 29 90 119 -0.512605 26
14818 92 4 96 0.916667 22
14819 49 50 99 -0.010101 27
14820 18 109 127 -0.716535 27
14821 62 40 102 0.215686 24
14822 88 31 119 0.478992 30
14823 107 8 115 0.86087 23
14824 28 97 125 -0.552 24
14825 102 13 115 0.773913 21
14826 27 53 80 -0.325 18
14827 123 4 127 0.937008 19
14828 12 63 75 -0.68 26
14829 44 89 133 -0.338346 27
14830 121 1 122 0.983607 18
14831 22 59 81 -0.45679 32
14832 41 58 99 -0.171717 25
14833 75 20 95 0.578947 21
14834 34 62 96 -0.291667 26
14835 12 122 134 -0.820896 17
14836 65 49 114 0.140351 31
14837 9 150 159 -0.886792 23
14838 73 16 89 0.640449 22
14839 30 70 100 -0.4 29
14840 17 83 100 -0.66 24
14841 8 49 57 -0.719298 18
14842 44 69 113 -0.221239 33
14843 89 10 99 0.79798 26
14844 55 58 113 -0.0265487 31
14845 143 9 152 0.881579 22
14846 24 130 154 -0.688312 21
14847 42 74 116 -0.275862 32
14848 25 37 62 -0.193548 23
14849 15 109 124 -0.758065 25
14850 5 90 95 -0.894737 22
14851 62 29 91 0.362637 30
14852 49 56 105 -0.0666667 30
14853 24 58 82 -0.414634 23
14854 85 13 98 0.734694 25
14855 71 29 100 0.42 26
14856 6 84 90 -0.866667 21
14857 85 6 91 0.868132 23
14858 120 9 129 0.860465 26
14859 34 47 81 -0.160494 27
14860 95 21 116 0.637931 29
14861 58 63 121 -0.0413223 30
14862 17 127 144 -0.763889 26
14863 69 36 105 0.314286 26
14864 32 87 119 -0.462185 28
14865 40 76 116 -0.310345 28
14866 32 56 88 -0.272727 26
14867 61 34 95 0.284211 31
14868 8 128 136 -0.882353 25
14869 60 52 112 0.0714286 29
14870 67 43 110 0.218182 32
14871 14 99 113 -0.752212 29
14872 21 103 124 -0.66129 24
14873 75 24 99 0.515152 33
14874 94 20 114 0.649123 28
14875 28 59 87 -0.356322 27
14876 7 77 84 -0.833333 21
14877 18 62 80 -0.55 22
14878 41 71 112 -0.267857 31
14879 19 81 100 -0.62 24
14880 18 65 83 -0.566265 20
14881 62 35 97 0.278351 30
14882 55 27 82 0.341463 25
14883 53 29 82 0.292683 30
14884 13 112 125 -0.792 23
14885 6 120 126 -0.904762 20
14886 36 63 99 -0.272727 30
14887 4 113 117 -0.931624 21
14888 78 17 95 0.642105 24
14889 83 43 126 0.31746 31
14890 136 6 142 0.915493 20
14891 32 49 81 -0.209877 24
14892 36 68 104 -0.307692 29
14893 88 21 109 0.614679 27
14894 6 121 127 -0.905512 17
14895 47 78 125 -0.248 33
14896 12 82 94 -0.744681 23
14897 12 109 121 -0.801653 28
14898 41 61 102 -0.196078 30
14899 87 5 92 0.891304 16
14900 77 15 92 0.673913 25
14901 64 35 99 0.292929 32
14902 24 43 67 -0.283582 25
14903 58 59 117 -0.00854701 29
14904 27 69 96 -0.4375 22
14905 8 91 99 -0.838384 25
14906 45 52 97 -0.0721649 32
14907 95 12 107 0.775701 22
14908 138 3 141 0.957447 18
14909 43 49 92 -0.0652174 27
14910 45 73 118 -0.237288 26
14911 4 94 98 -0.918367 21
14912 87 25 112 0.553571 24
14913 57 19 76 0.5 27
14914 46 26 72 0.277778 24
14915 28 85 113 -0.504425 28
14916 57 69 126 -0.0952381 29
14917 57 57 114 0 30
14918 58 37 95 0.221053 25
14919 51 47 98 0.0408163 26
14920 9 69 78 -0.769231 24
14921 24 74 98 -0.510204 28
14922 46 34 80 0.15 29
14923 23 72 95 -0.515789 29
14924 51 41 92 0.108696 24
14925 51 47 98 0.0408163 31
14926 22 94 116 -0.62069 24
14927 46 46 92 0 27
14928 95 12 107 0.775701 21
14929 114 17 131 0.740458 22
14930 41 42 83 -0.0120482 28
14931 40 59 99 -0.191919 32
14932 71 44 115 0.234783 33
14933 74 39 113 0.309735 30
14934 94 13 107 0.757009 24
14935 59 37 96 0.229167 29
14936 84 10 94 0.787234 22
14937 127 1 128 0.984375 13
14938 68 30 98 0.387755 34
14939 20 96 116 -0.655172 26
14940 23 52 75 -0.386667 29
14941 31 69 100 -0.38 33
14942 69 28 97 0.42268 31
14943 6 121 127 -0.905512 19
14944 124 15 139 0.784173 23
14945 42 42 84 0 27
14946 48 56 104 -0.0769231 32
14947 68 7 75 0.813333 24
14948 72 44 116 0.241379 32
14949 15 80 95 -0.684211 25
14950 23 83 106 -0.566038 24
14951 12 143 155 -0.845161 25
14952 30 62 92 -0.347826 26
14953 65 45 110 0.181818 32
14954 31 88 119 -0.478992 29
14955 99 23 122 0.622951 29
14956 51 30 81 0.259259 31
14957 94 19 113 0.663717 29
14958 52 31 83 0.253012 23
14959 33 71 104 -0.365385 26
14960 11 118 129 -0.829457 28
14961 79 15 94 0.680851 20
14962 66 32 98 0.346939 27
14963 49 53 102 -0.0392157 28
14964 70 36 106 0.320755 32
14965 67 41 108 0.240741 28
14966 14 77 91 -0.692308 28
14967 57 35 92 0.23913 29
14968 43 62 105 -0.180952 33
14969 81 44 125 0.296 29
14970 85 4 89 0.910112 22
14971 9 136 145 -0.875862 22
14972 53 47 100 0.06 32
14973 65 10 75 0.733333 21
14974 55 31 86 0.27907 30
14975 33 47 80 -0.175 26
14976 75 27 102 0.470588 26
14977 40 41 81 -0.0123457 23
14978 23 93 116 -0.603448 27
14979 14 100 114 -0.754386 22
14980 53 27 80 0.325 24
14981 118 6 124 0.903226 20
14982 86 13 99 0.737374 26
14983 94 7 101 0.861386 21
14984 42 66 108 -0.222222 26
14985 51 62 113 -0.0973451 28
14986 48 68 116 -0.172414 32
14987 154 3 157 0.961783 15
14988 25 85 110 -0.545455 31
14989 52 65 117 -0.111111 34
14990 80 30 110 0.454545 27
14991 31 43 74 -0.162162 27
14992 23 101 124 -0.629032 30
14993 127 7 134 0.895522 21
14994 24 78 102 -0.529412 29
14995 27 62 89 -0.393258 24
14996 18 159 177 -0.79661 24
14997 56 41 97 0.154639 29
14998 85 4 89 0.910112 19
14999 67 32 99 0.353535 27
15000 50 61 111 -0.0990991 30
15001 46 52 98 -0.0612245 25
15002 98 12 110 0.781818 25
15003 29 70 99 -0.414141 28
15004 21 74 95 -0.557895 25
15005 108 9 117 0.846154 24
15006 48 56 104 -0.0769231 30
15007 108 6 114 0.894737 23
15008 22 154 176 -0.75 24
15009 64 16 80 0.6 29
15010 6 131 137 -0.912409 24
15011 34 76 110 -0.381818 35
15012 44 39 83 0.060241 31
15013 93 7 100 0.86 24
15014 92 15 107 0.719626 24
15015 10 95 105 -0.809524 24
15016 92 15 107 0.719626 26
15017 55 53 108 0.0185185 33
15018 86 30 116 0.482759 31
15019 96 11 107 0.794393 25
15020 32 64 96 -0.333333 25
15021 16 73 89 -0.640449 26
15022 105 12 117 0.794872 23
15023 99 11 110 0.8 22
15024 73 17 90 0.622222 25
15025 36 76 112 -0.357143 30
15026 24 69 93 -0.483871 31
15027 29 59 88 -0.340909 20
15028 95 9 104 0.826923 22
15029 20 87 107 -0.626168 29
15030 42 67 109 -0.229358 24
15031 89 29 118 0.508475 29
15032 7 104 111 -0.873874 20
15033 70 39 109 0.284404 28
15034 6 92 98 -0.877551 23
15035 32 13 45 0.422222 20
15036 30 105 135 -0.555556 25
15037 38 80 118 -0.355932 27
15038 35 58 93 -0.247312 30
15039 18 107 125 -0.712 26
15040 129 13 142 0.816901 27
15041 65 48 113 0.150442 27
15042 9 71 80 -0.775 21
15043 43 80 123 -0.300813 29
15044 50 43 93 0.0752688 28
15045 119 11 130 0.830769 24
15046 45 9 54 0.666667 20
15047 30 65 95 -0.368421 31
15048 142 12 154 0.844156 28
15049 40 86 126 -0.365079 32
15050 126 15 141 0.787234 24
15051 51 55 106 -0.0377358 32
15052 112 6 118 0.898305 21
15053 97 24 121 0.603306 30
15054 85 9 94 0.808511 24
15055 24 65 89 -0.460674 26
15056 36 57 93 -0.225806 32
15057 14 102 116 -0.758621 19
15058 6 94 100 -0.88 21
15059 102 7 109 0.87156 22
15060 4 117 121 -0.933884 22
15061 56 42 98 0.142857 25
15062 61 47 108 0.12963 30
15063 69 66 135 0.0222222 32
15064 11 65 76 -0.710526 24
15065 90 16 106 0.698113 28
15066 99 12 111 0.783784 25
15067 27 78 105 -0.485714 26
15068 35 79 114 -0.385965 29
15069 13 59 72 -0.638889 25
15070 49 41 90 0.0888889 26
15071 134 21 155 0.729032 25
15072 69 39 108 0.277778 27
15073 38 43 81 -0.0617284 24
15074 2 118 120 -0.966667 20
15075 70 28 98 0.428571 28
15076 87 14 101 0.722772 26
15077 42 52 94 -0.106383 31
15078 36 61 97 -0.257732 28
15079 113 11 124 0.822581 25
15080 85 37 122 0.393443 29
15081 59 38 97 0.216495 30
15082 64 45 109 0.174312 34
15083 110 7 117 0.880342 23
15084 41 64 105 -0.219048 32
15085 3 105 108 -0.944444 21
15086 127 6 133 0.909774 21
15087 31 97 128 -0.515625 29
15088 83 42 125 0.328 30
15089 48 72 120 -0.2 30
15090 12 107 119 -0.798319 26
15091 21 61 82 -0.487805 23
15092 13 107 120 -0.783333 24
15093 77 9 86 0.790698 25
15094 54 47 101 0.0693069 28
15095 30 74 104 -0.423077 27
15096 81 12 93 0.741935 26
15097 7 87 94 -0.851064 26
15098 95 20 115 0.652174 30
15099 94 10 104 0.807692 23
15100 3 62 65 -0.907692 13
15101 45 74 119 -0.243697 24
15102 111 5 116 0.913793 19
15103 82 19 101 0.623762 23
15104 52 32 84 0.238095 28
15105 90 15 105 0.714286 23
15106 64 29 93 0.376344 29
15107 33 69 102 -0.352941 32
15108 95 6 101 0.881188 21
15109 70 20 90 0.555556 24
15110 111 7 118 0.881356 25
15111 16 126 142 -0.774648 25
15112 52 35 87 0.195402 25
15113 6 100 106 -0.886792 16
15114 47 44 91 0.032967 30
15115 17 128 145 -0.765517 28
15116 45 58 103 -0.126214 25
15117 51 46 97 0.0515464 22
15118 20 78 98 -0.591837 24
15119 95 23 118 0.610169 26
15120 31 58 89 -0.303371 24
15121 100 11 111 0.801802 25
15122 54 46 100 0.08 32
15123 31 56 87 -0.287356 28
15124 11 73 84 -0.738095 26
15125 51 63 114 -0.105263 34
15126 29 62 91 -0.362637 28
15127 40 97 137 -0.416058 31
15128 84 23 107 0.570093 32
15129 83 15 98 0.693878 27
15130 108 5 113 0.911504 22
15131 75 28 103 0.456311 27
15132 93 17 110 0.690909 26
15133 4 102 106 -0.924528 12
15134 42 37 79 0.0632911 27
15135 49 40 89 0.101124 27
15136 142 8 150 0.893333 23
15137 29 86 115 -0.495652 34
15138 80 18 98 0.632653 29
15139 15 184 199 -0.849246 23
15140 106 20 126 0.68254 27
15141 88 21 109 0.614679 25
15142 90 21 111 0.621622 23
15143 23 72 95 -0.515789 31
15144 42 56 98 -0.142857 27
15145 92 23 115 0.6 24
15146 22 71 93 -0.526882 26
15147 51 21 72 0.416667 27
15148 64 33 97 0.319588 29
15149 11 117 128 -0.828125 21
15150 25 81 106 -0.528302 29
15151 65 41 106 0.226415 28
15152 36 41 77 -0.0649351 26
15153 39 73 112 -0.303571 30
15154 7 94 101 -0.861386 23
15155 85 29 114 0.491228 27
15156 26 100 126 -0.587302 26
15157 41 80 121 -0.322314 32
15158 51 58 109 -0.0642202 29
15159 76 8 84 0.809524 22
15160 14 124 138 -0.797101 20
15161 5 107 112 -0.910714 21
15162 69 28 97 0.42268 25
15163 108 9 117 0.846154 24
15164 65 28 93 0.397849 30
15165 54 35 89 0.213483 22
15166 20 84 104 -0.615385 26
15167 78 28 106 0.471698 32
15168 80 11 91 0.758242 27
15169 94 17 111 0.693694 25
15170 75 43 118 0.271186 29
15171 75 48 123 0.219512 25
15172 6 101 107 -0.88785 22
15173 43 91 134 -0.358209 32
15174 147 7 154 0.909091 22
15175 51 69 120 -0.15 32
15176 108 24 132 0.636364 25
15177 164 7 171 0.918129 18
15178 66 55 121 0.0909091 35
15179 41 39 80 0.025 26
15180 13 112 125 -0.792 25
15181 6 91 97 -0.876289 18
15182 56 43 99 0.131313 30
15183 25 75 100 -0.5 28
15184 41 69 110 -0.254545 27
15185 50 51 101 -0.00990099 29
15186 64 72 136 -0.0588235 29
15187 103 12 115 0.791304 24
15188 70 20 90 0.555556 27
15189 15 86 101 -0.70297 28
15190 50 51 101 -0.00990099 31
15191 12 68 80 -0.7 27
15192 44 50 94 -0.0638298 27
15193 59 39 98 0.204082 25
15194 56 46 102 0.0980392 31
15195 52 16 68 0.529412 24
15196 21 55 76 -0.447368 30
15197 37 57 94 -0.212766 25
15198 44 60 104 -0.153846 29
15199 13 159 172 -0.848837 25
15200 69 15 84 0.642857 24
15201 41 61 102 -0.196078 28
15202 58 66 124 -0.0645161 29
15203 145 7 152 0.907895 18
15204 9 117 126 -0.857143 25
15205 58 40 98 0.183673 29
15206 43 60 103 -0.165049 27
15207 6 106 112 -0.892857 23
15208 93 8 101 0.841584 20
15209 68 38 106 0.283019 23
15210 97 14 111 0.747748 28
15211 29 84 113 -0.486726 25
15212 125 8 133 0.879699 24
15213 16 89 105 -0.695238 28
15214 27 80 107 -0.495327 31
15215 8 137 145 -0.889655 22
15216 26 104 130 -0.6 29
15217 65 55 120 0.0833333 32
15218 59 33 92 0.282609 27
15219 19 84 103 -0.631068 27
15220 88 30 118 0.491525 31
15221 45 78 123 -0.268293 29
15222 9 93 102 -0.823529 24
15223 148 7 155 0.909677 24
15224 58 60 118 -0.0169492 30
15225 44 70 114 -0.22807 24
15226 73 36 109 0.33945 31
15227 56 38 94 0.191489 31
15228 77 25 102 0.509804 26
15229 78 5 83 0.879518 22
15230 54 30 84 0.285714 26
15231 53 33 86 0.232558 24
15232 107 37 144 0.486111 32
15233 74 20 94 0.574468 30
15234 46 50 96 -0.0416667 25
15235 7 55 62 -0.774194 18
15236 161 4 165 0.951515 17
15237 46 30 76 0.210526 25
15238 25 117 142 -0.647887 34
15239 86 6 92 0.869565 25
15240 30 48 78 -0.230769 28
15241 58 29 87 0.333333 21
15242 76 49 125 0.216 31
15243 67 14 81 0.654321 24
15244 56 44 100 0.12 25
15245 55 17 72 0.527778 28
15246 19 83 102 -0.627451 20
15247 46 50 96 -0.0416667 29
15248 71 26 97 0.463918 25
15249 36 58 94 -0.234043 20
15250 23 107 130 -0.646154 29
15251 61 39 100 0.22 27
15252 13 99 112 -0.767857 28
15253 49 25 74 0.324324 26
15254 25 45 70 -0.285714 23
15255 57 76 133 -0.142857 31
15256 55 15 70 0.571429 21
15257 31 94 125 -0.504 32
15258 71 11 82 0.731707 25
15259 61 12 73 0.671233 22
15260 11 106 117 -0.811966 22
15261 65 40 105 0.238095 28
15262 55 23 78 0.410256 27
15263 6 60 66 -0.818182 23
15264 53 20 73 0.452055 23
15265 97 25 122 0.590164 31
15266 60 36 96 0.25 27
15267 62 54 116 0.0689655 28
15268 30 58 88 -0.318182 27
15269 34 53 87 -0.218391 31
15270 59 22 81 0.45679 31
15271 88 13 101 0.742574 27
15272 13 6 19 0.368421 10
15273 37 58 95 -0.221053 25
15274 59 23 82 0.439024 17
15275 13 96 109 -0.761468 26
15276 39 71 110 -0.290909 33
15277 49 49 98 0 29
15278 3 100 103 -0.941748 21
15279 27 11 38 0.421053 14
15280 84 38 122 0.377049 29
15281 61 52 113 0.079646 32
15282 24 60 84 -0.428571 28
15283 33 63 96 -0.3125 29
15284 80 38 118 0.355932 29
15285 2 26 28 -0.857143 14
15286 106 10 116 0.827586 19
15287 74 39 113 0.309735 31
15288 124 7 131 0.89313 23
15289 105 17 122 0.721311 25
15290 58 33 91 0.274725 25
15291 59 50 109 0.0825688 32
15292 5 122 127 -0.92126 22
15293 57 48 105 0.0857143 33
15294 10 65 75 -0.733333 23
15295 38 51 89 -0.146067 29
15296 15 106 121 -0.752066 15
15297 21 68 89 -0.52809 22
15298 61 36 97 0.257732 25
15299 10 80 90 -0.777778 24
15300 156 7 163 0.91411 25
15301 56 27 83 0.349398 26
15302 46 46 92 0 22
15303 60 56 116 0.0344828 35
15304 43 57 100 -0.14 29
15305 97 8 105 0.847619 24
15306 27 76 103 -0.475728 24
15307 34 62 96 -0.291667 28
15308 58 24 82 0.414634 25
15309 46 69 115 -0.2 28
15310 103 9 112 0.839286 21
15311 9 123 132 -0.863636 25
15312 59 30 89 0.325843 29
15313 9 110 119 -0.848739 24
15314 70 38 108 0.296296 26
15315 123 18 141 0.744681 22
15316 61 31 92 0.326087 29
15317 10 126 136 -0.852941 26
15318 40 13 53 0.509434 22
15319 72 28 100 0.44 27
15320 34 46 80 -0.15 23
15321 24 77 101 -0.524752 26
15322 108 6 114 0.894737 24
15323 39 34 73 0.0684932 25
15324 90 49 139 0.294964 31
15325 86 33 119 0.445378 29
15326 118 14 132 0.787879 24
15327 79 21 100 0.58 23
15328 59 47 106 0.113208 34
15329 50 42 92 0.0869565 33
15330 27 83 110 -0.509091 24
15331 4 102 106 -0.924528 14
15332 51 50 101 0.00990099 25
15333 63 55 118 0.0677966 25
15334 119 19 138 0.724638 20
15335 94 29 123 0.528455 26
15336 42 52 94 -0.106383 25
15337 2 108 110 -0.963636 20
15338 24 61 85 -0.435294 19
15339 70 23 93 0.505376 28
15340 66 52 118 0.118644 25
15341 45 60 105 -0.142857 24
15342 41 53 94 -0.12766 28
15343 33 64 97 -0.319588 31
15344 28 80 108 -0.481481 32
15345 81 10 91 0.78022 22
15346 75 39 114 0.315789 27
15347 47 41 88 0.0681818 32
15348 65 49 114 0.140351 28
15349 24 82 106 -0.54717 24
15350 50 48 98 0.0204082 29
15351 51 11 62 0.645161 22
15352 31 73 104 -0.403846 28
15353 76 38 114 0.333333 31
15354 11 50 61 -0.639344 23
15355 58 56 114 0.0175439 31
15356 54 43 97 0.113402 28
15357 77 20 97 0.587629 25
15358 23 85 108 -0.574074 25
15359 41 80 121 -0.322314 30
15360 18 66 84 -0.571429 23
15361 74 30 104 0.423077 28
15362 102 25 127 0.606299 31
15363 17 91 108 -0.685185 28
15364 94 41 135 0.392593 30
15365 45 87 132 -0.318182 27
15366 11 99 110 -0.8 19
15367 76 14 90 0.688889 26
15368 101 17 118 0.711864 20
15369 26 57 83 -0.373494 25
15370 5 98 103 -0.902913 22
15371 61 46 107 0.140187 28
15372 9 126 135 -0.866667 26
15373 18 89 107 -0.663551 29
15374 84 27 111 0.513514 24
15375 96 16 112 0.714286 28
15376 10 77 87 -0.770115 24
15377 14 106 120 -0.766667 29
15378 38 71 109 -0.302752 30
15379 82 21 103 0.592233 18
15380 117 2 119 0.966387 21
15381 1 106 107 -0.981308 17
15382 87 8 95 0.831579 23
15383 99 13 112 0.767857 23
15384 34 41 75 -0.0933333 26
15385 19 52 71 -0.464789 19
15386 7 78 85 -0.835294 24
15387 14 106 120 -0.766667 27
15388 3 157 160 -0.9625 18
15389 37 88 125 -0.408 25
15390 77 45 122 0.262295 30
15391 54 49 103 0.0485437 35
15392 99 13 112 0.767857 26
15393 69 35 104 0.326923 32
15394 93 9 102 0.823529 25
15395 72 46 118 0.220339 29
15396 107 28 135 0.585185 30
15397 18 90 108 -0.666667 21
15398 69 58 127 0.0866142 31
15399 75 20 95 0.578947 27
15400 13 54 67 -0.61194 23
15401 36 76 112 -0.357143 32
15402 105 4 109 0.926606 22
15403 89 20 109 0.633028 23
15404 9 93 102 -0.823529 25
15405 63 52 115 0.0956522 30
15406 70 24 94 0.489362 31
15407 75 33 108 0.388889 33
15408 29 18 47 0.234043 23
15409 43 73 116 -0.258621 31
15410 70 55 125 0.12 27
15411 7 80 87 -0.83908 23
15412 8 142 150 -0.893333 19
15413 109 23 132 0.651515 24
15414 3 119 122 -0.95082 16
15415 7 124 131 -0.89313 21
15416 49 51 100 -0.02 28
15417 22 133 155 -0.716129 29
15418 39 71 110 -0.290909 25
15419 105 16 121 0.735537 28
15420 16 89 105 -0.695238 25
15421 40 43 83 -0.0361446 22
15422 34 57 91 -0.252747 27
15423 105 17 122 0.721311 27
15424 85 20 105 0.619048 23
15425 101 6 107 0.88785 21
15426 59 51 110 0.0727273 35
15427 48 83 131 -0.267176 30
15428 99 19 118 0.677966 26
15429 111 16 127 0.748031 29
15430 60 24 84 0.428571 24
15431 69 38 107 0.28972 29
15432 34 63 97 -0.298969 25
15433 49 51 100 -0.02 29
15434 55 41 96 0.145833 29
15435 78 51 129 0.209302 31
15436 40 79 119 -0.327731 27
15437 87 11 98 0.77551 23
15438 12 104 116 -0.793103 24
15439 57 51 108 0.0555556 27
15440 5 124 129 -0.922481 21
15441 99 38 137 0.445255 22
15442 43 76 119 -0.277311 29
15443 21 88 109 -0.614679 27
15444 24 103 127 -0.622047 29
15445 61 38 99 0.232323 29
15446 104 7 111 0.873874 24
15447 111 5 116 0.913793 23
15448 138 13 151 0.827815 29
15449 78 16 94 0.659574 24
15450 10 36 46 -0.565217 19
15451 7 142 149 -0.90604 23
15452 43 66 109 -0.211009 28
15453 17 87 104 -0.673077 25
15454 40 34 74 0.0810811 27
15455 38 35 73 0.0410959 26
15456 78 32 110 0.418182 29
15457 101 11 112 0.803571 28
15458 5 71 76 -0.868421 22
15459 86 18 104 0.653846 30
15460 61 39 100 0.22 30
15461 102 19 121 0.68595 29
15462 21 79 100 -0.58 27
15463 8 159 167 -0.904192 17
15464 21 79 100 -0.58 27
15465 72 37 109 0.321101 29
15466 74 32 106 0.396226 32
15467 16 120 136 -0.764706 26
15468 83 37 120 0.383333 27
15469 48 50 98 -0.0204082 23
15470 15 72 87 -0.655172 28
15471 7 77 84 -0.833333 21
15472 17 102 119 -0.714286 27
15473 22 76 98 -0.55102 24
15474 81 46 127 0.275591 29
15475 78 27 105 0.485714 28
15476 10 131 141 -0.858156 26
15477 46 48 94 -0.0212766 31
15478 32 73 105 -0.390476 30
15479 64 57 121 0.0578512 32
15480 52 29 81 0.283951 23
15481 57 31 88 0.295455 22
15482 29 91 120 -0.516667 32
15483 38 81 119 -0.361345 31
15484 89 31 120 0.483333 31
15485 58 39 97 0.195876 24
15486 71 26 97 0.463918 31
15487 11 59 70 -0.685714 23
15488 12 86 98 -0.755102 25
15489 62 23 85 0.458824 24
15490 138 4 142 0.943662 22
15491 67 29 96 0.395833 30
15492 89 21 110 0.618182 23
15493 90 12 102 0.764706 26
15494 29 75 104 -0.442308 28
15495 9 117 126 -0.857143 27
15496 86 11 97 0.773196 18
15497 25 76 101 -0.50495 25
15498 4 91 95 -0.915789 23
15499 7 14 21 -0.333333 14
15500 124 6 130 0.907692 21
15501 1 20 21 -0.904762 12
15502 40 65 105 -0.238095 23
15503 75 22 97 0.546392 25
15504 54 55 109 -0.00917431 28
15505 39 63 102 -0.235294 31
15506 75 36 111 0.351351 32
15507 47 60 107 -0.121495 28
15508 170 6 176 0.931818 15
15509 74 33 107 0.383178 34
15510 41 51 92 -0.108696 29
15511 22 112 134 -0.671642 26
15512 52 45 97 0.0721649 28
15513 14 68 82 -0.658537 30
15514 1 92 93 -0.978495 14
15515 13 152 165 -0.842424 20
15516 85 39 124 0.370968 26
15517 79 35 114 0.385965 29
15518 33 52 85 -0.223529 26
15519 86 29 115 0.495652 29
15520 43 63 106 -0.188679 28
15521 96 15 111 0.72973 25
15522 43 33 76 0.131579 26
15523 27 44 71 -0.239437 24
15524 99 40 139 0.42446 31
15525 83 16 99 0.676768 23
15526 17 69 86 -0.604651 27
15527 14 148 162 -0.82716 28
15528 29 82 111 -0.477477 28
15529 83 41 124 0.33871 33
15530 35 79 114 -0.385965 33
15531 84 14 98 0.714286 26
15532 16 138 154 -0.792208 23
15533 96 18 114 0.684211 28
15534 68 31 99 0.373737 25
15535 52 68 120 -0.133333 31
15536 61 43 104 0.173077 31
15537 100 14 114 0.754386 27
15538 96 19 115 0.669565 21
15539 23 74 97 -0.525773 24
15540 81 23 104 0.557692 29
15541 21 104 125 -0.664 22
15542 96 3 99 0.939394 17
15543 83 3 86 0.930233 17
15544 26 98 124 -0.580645 31
15545 25 100 125 -0.6 28
15546 29 110 139 -0.582734 29
15547 36 66 102 -0.294118 20
15548 53 52 105 0.00952381 30
15549 80 43 123 0.300813 30
15550 32 89 121 -0.471074 29
15551 32 81 113 -0.433628 35
15552 40 67 107 -0.252336 24
15553 26 59 85 -0.388235 22
15554 6 101 107 -0.88785 25
15555 27 69 96 -0.4375 26
15556 73 20 93 0.569892 28
15557 32 53 85 -0.247059 27
15558 41 58 99 -0.171717 29
15559 6 103 109 -0.889908 23
15560 45 49 94 -0.0425532 25
15561 41 70 111 -0.261261 29
15562 47 70 117 -0.196581 28
15563 38 80 118 -0.355932 32
15564 38 97 135 -0.437037 30
15565 28 60 88 -0.363636 28
15566 94 5 99 0.89899 20
15567 18 149 167 -0.784431 25
15568 52 56 108 -0.037037 26
15569 58 36 94 0.234043 28
15570 73 33 106 0.377358 33
15571 52 67 119 -0.12605 32
15572 50 55 105 -0.047619 33
15573 64 17 81 0.580247 30
15574 38 76 114 -0.333333 23
15575 8 113 121 -0.867769 18
15576 28 77 105 -0.466667 26
15577 119 11 130 0.830769 25
15578 53 38 91 0.164835 26
15579 75 50 125 0.2 31
15580 18 77 95 -0.621053 26
15581 54 42 96 0.125 25
15582 11 95 106 -0.792453 25
15583 31 64 95 -0.347368 34
15584 92 8 100 0.84 23
15585 77 29 106 0.45283 32
15586 105 4 109 0.926606 21
15587 62 32 94 0.319149 25
15588 41 37 78 0.0512821 27
15589 51 42 93 0.0967742 30
15590 146 7 153 0.908497 18
15591 72 14 86 0.674419 24
15592 52 33 85 0.223529 28
15593 97 23 120 0.616667 24
15594 13 103 116 -0.775862 27
15595 76 18 94 0.617021 21
15596 16 89 105 -0.695238 25
15597 101 46 147 0.37415 29
15598 24 110 134 -0.641791 24
15599 6 136 142 -0.915493 25
15600 13 60 73 -0.643836 17
15601 14 58 72 -0.611111 23
15602 7 149 156 -0.910256 19
15603 77 8 85 0.811765 22
15604 85 27 112 0.517857 29
15605 3 132 135 -0.955556 19
15606 77 34 111 0.387387 29
15607 80 43 123 0.300813 31
15608 39 52 91 -0.142857 25
15609 3 108 111 -0.945946 21
15610 104 14 118 0.762712 21
15611 51 39 90 0.133333 27
15612 147 2 149 0.973154 19
15613 96 28 124 0.548387 26
15614 21 110 131 -0.679389 30
15615 37 73 110 -0.327273 25
15616 104 16 120 0.733333 24
15617 24 100 124 -0.612903 29
15618 34 49 83 -0.180723 25
15619 56 65 121 -0.0743802 29
15620 50 48 98 0.0204082 27
15621 120 9 129 0.860465 25
15622 130 5 135 0.925926 22
15623 98 10 108 0.814815 19
15624 58 30 88 0.318182 29
15625 31 90 121 -0.487603 31
15626 130 10 140 0.857143 20
15627 12 69 81 -0.703704 26
15628 99 11 110 0.8 22
15629 32 80 112 -0.428571 33
15630 9 90 99 -0.818182 21
15631 22 65 87 -0.494253 29
15632 17 79 96 -0.645833 26
15633 23 89 112 -0.589286 26
15634 18 79 97 -0.628866 27
15635 57 49 106 0.0754717 30
15636 23 113 136 -0.661765 27
15637 129 13 142 0.816901 27
15638 36 71 107 -0.327103 25
15639 48 36 84 0.142857 28
15640 48 27 75 0.28 29
15641 60 13 73 0.643836 18
15642 88 7 95 0.852632 24
15643 60 42 102 0.176471 35
15644 57 30 87 0.310345 25
15645 117 8 125 0.872 25
15646 36 70 106 -0.320755 26
15647 26 63 89 -0.41573 28
15648 21 81 102 -0.588235 26
15649 5 122 127 -0.92126 22
15650 18 2 20 0.8 14
15651 75 42 117 0.282051 26
15652 115 16 131 0.755725 24
15653 79 36 115 0.373913 29
15654 39 65 104 -0.25 23
15655 98 11 109 0.798165 25
15656 90 7 97 0.85567 24
15657 53 77 130 -0.184615 32
15658 48 74 122 -0.213115 26
15659 14 93 107 -0.738318 25
15660 87 11 98 0.77551 23
15661 46 75 121 -0.239669 34
15662 47 58 105 -0.104762 30
15663 21 76 97 -0.56701 28
15664 21 80 101 -0.584158 29
15665 90 25 115 0.565217 28
15666 42 44 86 -0.0232558 31
15667 48 29 77 0.246753 30
15668 86 11 97 0.773196 25
15669 51 69 120 -0.15 32
15670 83 33 116 0.431034 26
15671 62 26 88 0.409091 30
15672 147 8 155 0.896774 21
15673 115 8 123 0.869919 23
15674 7 120 127 -0.889764 21
15675 55 26 81 0.358025 22
15676 20 55 75 -0.466667 23
15677 36 90 126 -0.428571 32
15678 21 70 91 -0.538462 24
15679 85 22 107 0.588785 27
15680 78 31 109 0.431193 25
15681 33 62 95 -0.305263 28
15682 51 43 94 0.0851064 22
15683 48 48 96 0 27
15684 36 93 129 -0.44186 28
15685 45 24 69 0.304348 27
15686 24 95 119 -0.596639 31
15687 83 29 112 0.482143 29
15688 36 81 117 -0.384615 27
15689 51 62 113 -0.0973451 34
15690 9 121 130 -0.861538 27
15691 36 103 139 -0.482014 27
15692 15 74 89 -0.662921 27
15693 83 16 99 0.676768 28
15694 29 68 97 -0.402062 28
15695 144 4 148 0.945946 14
15696 31 61 92 -0.326087 29
15697 19 83 102 -0.627451 27
15698 124 5 129 0.922481 24
15699 28 112 140 -0.6 27
15700 61 43 104 0.173077 37
15701 23 101 124 -0.629032 25
15702 34 63 97 -0.298969 29
15703 68 48 116 0.172414 31
15704 82 30 112 0.464286 31
15705 22 42 64 -0.3125 28
15706 63 29 92 0.369565 25
15707 21 95 116 -0.637931 23
15708 56 38 94 0.191489 30
15709 71 9 80 0.775 22
15710 64 25 89 0.438202 27
15711 106 16 122 0.737705 21
15712 42 84 126 -0.333333 28
15713 19 90 109 -0.651376 21
15714 18 92 110 -0.672727 30
15715 59 63 122 -0.0327869 30
15716 103 23 126 0.634921 29
15717 106 14 120 0.766667 22
15718 122 6 128 0.90625 24
15719 4 131 135 -0.940741 17
15720 58 37 95 0.221053 29
15721 23 64 87 -0.471264 26
15722 71 21 92 0.543478 24
15723 38 98 136 -0.441176 29
15724 22 53 75 -0.413333 23
15725 98 2 100 0.96 18
15726 7 108 115 -0.878261 23
15727 51 43 94 0.0851064 26
15728 36 68 104 -0.307692 27
15729 134 23 157 0.707006 26
15730 13 109 122 -0.786885 21
15731 63 33 96 0.3125 24
15732 19 79 98 -0.612245 28
15733 71 49 120 0.183333 32
15734 58 50 108 0.0740741 29
15735 91 37 128 0.421875 24
15736 20 79 99 -0.59596 28
15737 11 77 88 -0.75 21
15738 101 12 113 0.787611 20
15739 72 42 114 0.263158 29
15740 12 54 66 -0.636364 19
15741 33 83 116 -0.431034 22
15742 69 43 112 0.232143 26
15743 69 68 137 0.00729927 29
15744 131 6 137 0.912409 21
15745 82 38 120 0.366667 30
15746 89 3 92 0.934783 21
15747 78 50 128 0.21875 35
15748 11 64 75 -0.706667 20
15749 67 51 118 0.135593 27
15750 19 103 122 -0.688525 27
15751 4 123 127 -0.937008 18
15752 12 127 139 -0.827338 26
15753 11 105 116 -0.810345 25
15754 64 39 103 0.242718 28
15755 107 12 119 0.798319 23
15756 9 133 142 -0.873239 24
15757 52 33 85 0.223529 23
15758 14 116 130 -0.784615 26
15759 63 62 125 0.008 31
15760 24 86 110 -0.563636 33
15761 61 48 109 0.119266 33
15762 72 39 111 0.297297 31
15763 93 23 116 0.603448 27
15764 57 70 127 -0.102362 35
15765 41 92 133 -0.383459 32
15766 75 51 126 0.190476 29
15767 10 84 94 -0.787234 22
15768 59 59 118 0 29
15769 53 53 106 0 28
15770 66 42 108 0.222222 27
15771 79 7 86 0.837209 21
15772 15 81 96 -0.6875 24
15773 39 26 65 0.2 28
15774 20 98 118 -0.661017 24
15775 49 41 90 0.0888889 31
15776 18 95 113 -0.681416 31
15777 129 23 152 0.697368 24
15778 83 18 101 0.643564 25
15779 35 60 95 -0.263158 26
15780 56 17 73 0.534247 21
15781 69 24 93 0.483871 30
15782 93 12 105 0.771429 24
15783 43 85 128 -0.328125 30
15784 14 112 126 -0.777778 26
15785 118 7 125 0.888 19
15786 99 21 120 0.65 30
15787 72 28 100 0.44 31
15788 46 58 104 -0.115385 26
15789 117 36 153 0.529412 30
15790 59 55 114 0.0350877 26
15791 47 35 82 0.146341 31
15792 102 12 114 0.789474 26
15793 94 9 103 0.825243 23
15794 35 87 122 -0.42623 30
15795 24 60 84 -0.428571 26
15796 36 56 92 -0.217391 25
15797 9 125 134 -0.865672 21
15798 94 12 106 0.773585 29
15799 13 61 74 -0.648649 18
15800 93 17 110 0.690909 30
15801 89 8 97 0.835052 25
15802 99 25 124 0.596774 24
15803 12 54 66 -0.636364 24
15804 32 65 97 -0.340206 26
15805 66 17 83 0.590361 26
15806 40 63 103 -0.223301 28
15807 27 58 85 -0.364706 25
15808 6 112 118 -0.898305 23
15809 33 44 77 -0.142857 31
15810 69 6 75 0.84 19
15811 77 47 124 0.241935 30
15812 61 51 112 0.0892857 29
15813 113 1 114 0.982456 18
15814 54 58 112 -0.0357143 29
15815 99 25 124 0.596774 26
15816 141 22 163 0.730061 22
15817 59 61 120 -0.0166667 28
15818 99 15 114 0.736842 27
15819 35 51 86 -0.186047 23
15820 77 28 105 0.466667 28
15821 116 8 124 0.870968 25
15822 38 60 98 -0.22449 30
15823 151 6 157 0.923567 20
15824 71 46 117 0.213675 26
15825 75 20 95 0.578947 28
15826 41 45 86 -0.0465116 28
15827 126 8 134 0.880597 23
15828 108 4 112 0.928571 19
15829 28 43 71 -0.211268 22
15830 27 72 99 -0.454545 34
15831 98 14 112 0.75 25
15832 118 6 124 0.903226 20
15833 78 22 100 0.56 28
15834 51 44 95 0.0736842 26
15835 13 100 113 -0.769912 27
15836 130 18 148 0.756757 24
15837 11 72 83 -0.73494 27
15838 53 33 86 0.232558 34
15839 20 65 85 -0.529412 29
15840 90 18 108 0.666667 28
15841 89 36 125 0.424 33
15842 90 14 104 0.730769 27
15843 106 14 120 0.766667 23
15844 70 31 101 0.386139 34
15845 1 125 126 -0.984127 18
15846 14 83 97 -0.71134 27
15847 19 92 111 -0.657658 28
15848 74 12 86 0.72093 26
15849 69 36 105 0.314286 32
15850 28 50 78 -0.282051 30
15851 9 149 158 -0.886076 20
15852 38 66 104 -0.269231 31
15853 99 16 115 0.721739 23
15854 45 78 123 -0.268293 32
15855 43 72 115 -0.252174 33
15856 32 56 88 -0.272727 32
15857 7 83 90 -0.844444 18
15858 16 90 106 -0.698113 29
15859 38 71 109 -0.302752 21
15860 3 84 87 -0.931034 22
15861 77 6 83 0.855422 23
15862 43 54 97 -0.113402 27
15863 21 81 102 -0.588235 23
15864 20 67 87 -0.54023 29
15865 55 48 103 0.0679612 28
15866 27 77 104 -0.480769 28
15867 97 25 122 0.590164 32
15868 40 59 99 -0.191919 28
15869 43 84 127 -0.322835 27
15870 11 80 91 -0.758242 25
15871 6 130 136 -0.911765 25
15872 17 69 86 -0.604651 20
15873 28 91 119 -0.529412 29
15874 41 35 76 0.0789474 21
15875 78 44 122 0.278689 30
15876 83 2 85 0.952941 20
15877 61 39 100 0.22 29
15878 85 17 102 0.666667 28
15879 48 68 116 -0.172414 22
15880 76 8 84 0.809524 24
15881 48 79 127 -0.244094 32
15882 64 52 116 0.103448 33
15883 64 34 98 0.306122 26
15884 39 62 101 -0.227723 29
15885 26 53 79 -0.341772 24
15886 157 7 164 0.914634 19
15887 42 47 89 -0.0561798 31
15888 75 46 121 0.239669 24
15889 17 88 105 -0.67619 29
15890 51 30 81 0.259259 27
15891 59 23 82 0.439024 26
15892 94 32 126 0.492063 30
15893 37 66 103 -0.281553 25
15894 105 10 115 0.826087 26
15895 55 33 88 0.25 22
15896 20 85 105 -0.619048 19
15897 46 77 123 -0.252033 27
15898 118 4 122 0.934426 23
15899 42 70 112 -0.25 32
15900 7 77 84 -0.833333 20
15901 24 79 103 -0.533981 29
15902 40 51 91 -0.120879 29
15903 54 41 95 0.136842 30
15904 40 99 139 -0.42446 28
15905 9 101 110 -0.836364 20
15906 89 30 119 0.495798 27
15907 40 75 115 -0.304348 30
15908 35 56 91 -0.230769 29
15909 12 92 104 -0.769231 23
15910 39 89 128 -0.390625 31
15911 41 88 129 -0.364341 34
15912 74 13 87 0.701149 21
15913 23 100 123 -0.626016 21
15914 17 104 121 -0.719008 25
15915 44 43 87 0.0114943 29
15916 34 54 88 -0.227273 28
15917 88 7 95 0.852632 23
15918 57 45 102 0.117647 25
15919 26 73 99 -0.474747 20
15920 0 56 56 -1 14
15921 54 62 116 -0.0689655 27
15922 38 81 119 -0.361345 25
15923 88 38 126 0.396825 25
15924 118 2 120 0.966667 20
15925 81 25 106 0.528302 28
15926 123 13 136 0.808824 26
15927 23 99 122 -0.622951 25
15928 47 75 122 -0.229508 34
15929 52 54 106 -0.0188679 32
15930 79 8 87 0.816092 25
15931 43 61 104 -0.173077 32
15932 69 23 92 0.5 20
15933 38 64 102 -0.254902 26
15934 38 38 76 0 27
15935 9 40 49 -0.632653 20
15936 79 41 120 0.316667 27
15937 33 44 77 -0.142857 28
15938 14 103 117 -0.760684 21
15939 21 74 95 -0.557895 22
15940 3 152 155 -0.96129 17
15941 13 120 133 -0.804511 26
15942 71 34 105 0.352381 29
15943 72 30 102 0.411765 22
15944 74 35 109 0.357798 29
15945 86 14 100 0.72 29
15946 103 4 107 0.925234 20
15947 112 7 119 0.882353 23
15948 4 118 122 -0.934426 21
15949 39 84 123 -0.365854 32
15950 46 76 122 -0.245902 28
15951 17 117 134 -0.746269 19
15952 51 44 95 0.0736842 26
15953 83 3 86 0.930233 22
15954 67 30 97 0.381443 25
15955 72 21 93 0.548387 23
15956 38 64 102 -0.254902 27
15957 53 91 144 -0.263889 36
15958 129 16 145 0.77931 27
15959 38 70 108 -0.296296 30
15960 110 15 125 0.76 26
15961 18 104 122 -0.704918 27
15962 21 86 107 -0.607477 29
15963 2 112 114 -0.964912 15
15964 75 32 107 0.401869 30
15965 61 42 103 0.184466 31
15966 9 88 97 -0.814433 18
15967 11 129 140 -0.842857 25
15968 66 25 91 0.450549 27
15969 60 34 94 0.276596 31
15970 110 5 115 0.913043 20
15971 82 42 124 0.322581 29
15972 44 62 106 -0.169811 28
15973 11 165 176 -0.875 20
15974 28 45 73 -0.232877 26
15975 69 42 111 0.243243 32
15976 7 85 92 -0.847826 22
15977 82 25 107 0.53271 28
15978 18 88 106 -0.660377 22
15979 69 47 116 0.189655 29
15980 10 99 109 -0.816514 23
15981 57 62 119 -0.0420168 30
15982 101 29 130 0.553846 23
15983 39 58 97 -0.195876 27
15984 33 49 82 -0.195122 24
15985 10 67 77 -0.74026 24
15986 96 19 115 0.669565 27
15987 89 25 114 0.561404 29
15988 13 78 91 -0.714286 24
15989 54 57 111 -0.027027 37
15990 55 30 85 0.294118 30
15991 38 71 109 -0.302752 30
15992 66 25 91 0.450549 29
15993 19 155 174 -0.781609 24
15994 61 47 108 0.12963 27
15995 100 23 123 0.626016 24
15996 39 20 59 0.322034 20
15997 62 38 100 0.24 28
15998 28 67 95 -0.410526 24
15999 27 66 93 -0.419355 25
16000 99 29 128 0.546875 22
16001 108 16 124 0.741935 27
16002 57 35 92 0.23913 24
16003 16 86 102 -0.686275 28
16004 43 74 117 -0.264957 30
16005 34 40 74 -0.0810811 28
16006 30 59 89 -0.325843 30
16007 48 84 132 -0.272727 30
16008 22 46 68 -0.352941 28
16009 36 86 122 -0.409836 33
16010 88 23 111 0.585586 24
16011 75 13 88 0.704545 26
16012 120 1 121 0.983471 10
16013 33 54 87 -0.241379 23
16014 28 43 71 -0.211268 25
16015 78 26 104 0.5 26
16016 46 60 106 -0.132075 27
16017 4 105 109 -0.926606 22
16018 65 49 114 0.140351 29
16019 52 57 109 -0.0458716 29
16020 6 115 121 -0.900826 19
16021 80 31 111 0.441441 30
16022 75 29 104 0.442308 29
16023 99 30 129 0.534884 28
16024 21 61 82 -0.487805 25
16025 12 1 13 0.846154 7
16026 27 81 108 -0.5 28
16027 6 36 42 -0.714286 16
16028 55 53 108 0.0185185 34
16029 63 47 110 0.145455 28
16030 9 123 132 -0.863636 24
16031 121 8 129 0.875969 22
16032 14 107 121 -0.768595 24
16033 32 80 112 -0.428571 29
16034 96 17 113 0.699115 24
16035 22 103 125 -0.648 21
16036 24 63 87 -0.448276 29
16037 67 60 127 0.0551181 25
16038 66 22 88 0.5 28
16039 53 49 102 0.0392157 29
16040 14 91 105 -0.733333 24
16041 33 113 146 -0.547945 30
16042 7 134 141 -0.900709 26
16043 70 42 112 0.25 26
16044 35 86 121 -0.421488 26
16045 78 34 112 0.392857 25
16046 72 47 119 0.210084 32
16047 18 91 109 -0.669725 26
16048 106 13 119 0.781513 26
16049 35 69 104 -0.326923 25
16050 47 44 91 0.032967 24
16051 22 100 122 -0.639344 30
16052 22 83 105 -0.580952 20
16053 54 41 95 0.136842 31
16054 92 35 127 0.448819 25
16055 8 76 84 -0.809524 24
16056 43 48 91 -0.0549451 25
16057 22 55 77 -0.428571 25
16058 31 55 86 -0.27907 24
16059 59 62 121 -0.0247934 29
16060 69 37 106 0.301887 29
16061 43 71 114 -0.245614 28
16062 107 14 121 0.768595 24
16063 26 54 80 -0.35 28
16064 66 40 106 0.245283 29
16065 11 122 133 -0.834586 18
16066 31 55 86 -0.27907 31
16067 62 48 110 0.127273 33
16068 7 90 97 -0.85567 23
16069 44 47 91 -0.032967 28
16070 4 108 112 -0.928571 19
16071 5 118 123 -0.918699 23
16072 131 3 134 0.955224 21
16073 38 54 92 -0.173913 27
16074 76 18 94 0.617021 27
16075 99 9 108 0.833333 22
16076 22 60 82 -0.463415 25
16077 6 95 101 -0.881188 23
16078 24 78 102 -0.529412 30
16079 14 80 94 -0.702128 25
16080 47 55 102 -0.0784314 31
16081 40 50 90 -0.111111 28
16082 2 116 118 -0.966102 18
16083 115 6 121 0.900826 21
16084 23 102 125 -0.632 28
16085 40 43 83 -0.0361446 25
16086 50 36 86 0.162791 25
16087 81 21 102 0.588235 27
16088 48 52 100 -0.04 30
16089 39 54 93 -0.16129 28
16090 94 19 113 0.663717 27
16091 29 110 139 -0.582734 28
16092 44 86 130 -0.323077 34
16093 50 81 131 -0.236641 32
16094 21 68 89 -0.52809 27
16095 28 78 106 -0.471698 30
16096 30 77 107 -0.439252 30
16097 108 5 113 0.911504 24
16098 41 61 102 -0.196078 26
16099 45 77 122 -0.262295 29
16100 87 8 95 0.831579 21
16101 93 20 113 0.646018 28
16102 79 15 94 0.680851 21
16103 77 27 104 0.480769 27
16104 168 4 172 0.953488 17
16105 67 47 114 0.175439 33
16106 6 101 107 -0.88785 21
16107 49 67 116 -0.155172 30
16108 56 57 113 -0.00884956 28
16109 37 83 120 -0.383333 29
16110 32 73 105 -0.390476 29
16111 8 102 110 -0.854545 23
16112 64 24 88 0.454545 29
16113 101 41 142 0.422535 33
16114 19 93 112 -0.660714 24
16115 29 62 91 -0.362637 27
16116 35 39 74 -0.0540541 23
16117 131 5 136 0.926471 18
16118 36 29 65 0.107692 17
16119 97 5 102 0.901961 23
16120 47 79 126 -0.253968 30
16121 44 48 92 -0.0434783 26
16122 7 116 123 -0.886179 24
16123 25 56 81 -0.382716 24
16124 73 20 93 0.569892 25
16125 45 79 124 -0.274194 32
16126 45 39 84 0.0714286 20
16127 37 67 104 -0.288462 31
16128 39 32 71 0.0985915 29
16129 72 16 88 0.636364 23
16130 85 33 118 0.440678 30
16131 97 7 104 0.865385 24
16132 49 48 97 0.0103093 32
16133 6 118 124 -0.903226 22
16134 35 45 80 -0.125 24
16135 72 16 88 0.636364 28
16136 24 67 91 -0.472527 31
16137 25 90 115 -0.565217 25
16138 12 94 106 -0.773585 20
16139 73 29 102 0.431373 30
16140 28 70 98 -0.428571 28
16141 140 11 151 0.854305 25
16142 19 63 82 -0.536585 24
16143 43 82 125 -0.312 29
16144 83 11 94 0.765957 25
16145 144 7 151 0.907285 18
16146 104 6 110 0.890909 23
16147 64 35 99 0.292929 29
16148 31 85 116 -0.465517 20
16149 32 68 100 -0.36 28
16150 28 62 90 -0.377778 30
16151 99 8 107 0.850467 22
16152 56 60 116 -0.0344828 34
16153 20 89 109 -0.633028 26
16154 141 10 151 0.86755 26
16155 69 39 108 0.277778 36
16156 26 97 123 -0.577236 26
16157 86 14 100 0.72 27
16158 10 100 110 -0.818182 22
16159 86 11 97 0.773196 27
16160 60 33 93 0.290323 23
16161 42 62 104 -0.192308 26
16162 10 129 139 -0.856115 25
16163 98 6 104 0.884615 23
16164 84 34 118 0.423729 29
16165 78 34 112 0.392857 28
16166 60 53 113 0.0619469 26
16167 28 106 134 -0.58209 27
16168 47 31 78 0.205128 23
16169 118 16 134 0.761194 25
16170 56 43 99 0.131313 22
16171 94 18 112 0.678571 27
16172 107 9 116 0.844828 26
16173 83 6 89 0.865169 24
16174 7 153 160 -0.9125 22
16175 5 68 73 -0.863014 17
16176 64 43 107 0.196262 19
16177 104 15 119 0.747899 25
16178 18 102 120 -0.7 25
16179 81 22 103 0.572816 28
16180 60 42 102 0.176471 31
16181 79 41 120 0.316667 34
16182 56 38 94 0.191489 31
16183 39 47 86 -0.0930233 29
16184 58 21 79 0.468354 23
16185 41 44 85 -0.0352941 29
16186 31 92 123 -0.495935 33
16187 38 41 79 -0.0379747 29
16188 129 11 140 0.842857 26
16189 0 6 6 -1 6
16190 52 64 116 -0.103448 30
16191 21 85 106 -0.603774 27
16192 35 54 89 -0.213483 30
16193 172 7 179 0.921788 22
16194 98 12 110 0.781818 24
16195 108 12 120 0.8 26
16196 17 87 104 -0.673077 25
16197 64 30 94 0.361702 29
16198 53 55 108 -0.0185185 32
16199 83 19 102 0.627451 20
16200 96 7 103 0.864078 23
16201 39 48 87 -0.103448 23
16202 37 55 92 -0.195652 26
16203 76 42 118 0.288136 29
16204 62 50 112 0.107143 30
16205 31 107 138 -0.550725 24
16206 41 55 96 -0.145833 29
16207 127 7 134 0.895522 20
16208 85 28 113 0.504425 31
16209 3 117 120 -0.95 21
16210 48 37 85 0.129412 26
16211 121 6 127 0.905512 21
16212 32 41 73 -0.123288 28
16213 85 15 100 0.7 23
16214 37 73 110 -0.327273 26
16215 45 55 100 -0.1 25
16216 101 38 139 0.453237 32
16217 25 100 125 -0.6 25
16218 16 68 84 -0.619048 19
16219 116 5 121 0.917355 21
16220 58 35 93 0.247312 26
16221 59 36 95 0.242105 23
16222 62 21 83 0.493976 24
16223 6 161 167 -0.928144 20
16224 51 57 108 -0.0555556 28
16225 43 65 108 -0.203704 27
16226 79 38 117 0.350427 31
16227 35 62 97 -0.278351 29
16228 45 45 90 0 33
16229 114 6 120 0.9 20
16230 114 8 122 0.868852 18
16231 146 2 148 0.972973 15
16232 70 21 91 0.538462 26
16233 22 55 77 -0.428571 28
16234 9 78 87 -0.793103 24
16235 176 6 182 0.934066 23
16236 15 88 103 -0.708738 24
16237 44 34 78 0.128205 22
16238 43 83 126 -0.31746 26
16239 70 14 84 0.666667 26
16240 48 55 103 -0.0679612 27
16241 26 82 108 -0.518519 32
16242 30 62 92 -0.347826 29
16243 2 147 149 -0.973154 16
16244 25 48 73 -0.315068 21
16245 113 10 123 0.837398 25
16246 75 36 111 0.351351 28
16247 22 64 86 -0.488372 26
16248 35 55 90 -0.222222 23
16249 99 16 115 0.721739 26
16250 44 76 120 -0.266667 32
16251 78 20 98 0.591837 29
16252 82 25 107 0.53271 28
16253 64 41 105 0.219048 25
16254 42 57 99 -0.151515 27
16255 92 4 96 0.916667 22
16256 87 24 111 0.567568 30
16257 100 31 131 0.526718 23
16258 54 24 78 0.384615 22
16259 43 78 121 -0.289256 33
16260 30 79 109 -0.449541 32
16261 21 82 103 -0.592233 26
16262 33 119 152 -0.565789 32
16263 39 83 122 -0.360656 34
16264 35 67 102 -0.313725 28
16265 41 60 101 -0.188119 29
16266 30 79 109 -0.449541 29
16267 20 94 114 -0.649123 25
16268 43 62 105 -0.180952 27
16269 5 106 111 -0.90991 20
16270 132 3 135 0.955556 14
16271 40 67 107 -0.252336 31
16272 44 46 90 -0.0222222 29
16273 59 37 96 0.229167 21
16274 78 40 118 0.322034 34
16275 115 17 132 0.742424 20
16276 52 61 113 -0.079646 29
16277 91 25 116 0.568966 25
16278 106 25 131 0.618321 32
16279 78 28 106 0.471698 29
16280 56 28 84 0.333333 28
16281 179 0 179 1 15
16282 38 102 140 -0.457143 21
16283 16 44 60 -0.466667 24
16284 13 100 113 -0.769912 23
16285 70 14 84 0.666667 27
16286 67 40 107 0.252336 28
16287 69 56 125 0.104 33
16288 79 16 95 0.663158 16
16289 98 34 132 0.484848 25
16290 21 80 101 -0.584158 32
16291 112 5 117 0.91453 23
16292 79 1 80 0.975 12
16293 39 41 80 -0.025 24
16294 37 55 92 -0.195652 28
16295 67 39 106 0.264151 32
16296 89 32 121 0.471074 31
16297 74 30 104 0.423077 29
16298 18 96 114 -0.684211 27
16299 86 11 97 0.773196 26
16300 112 12 124 0.806452 16
16301 57 14 71 0.605634 27
16302 20 125 145 -0.724138 22
16303 87 28 115 0.513043 26
16304 42 72 114 -0.263158 29
16305 66 14 80 0.65 20
16306 17 70 87 -0.609195 29
16307 41 92 133 -0.383459 27
16308 85 35 120 0.416667 30
16309 18 97 115 -0.686957 29
16310 6 111 117 -0.897436 18
16311 7 136 143 -0.902098 24
16312 87 14 101 0.722772 26
16313 90 14 104 0.730769 23
16314 10 94 104 -0.807692 20
16315 78 11 89 0.752809 23
16316 17 123 140 -0.757143 29
16317 46 77 123 -0.252033 31
16318 89 14 103 0.728155 27
16319 115 10 125 0.84 26
16320 72 62 134 0.0746269 29
16321 77 26 103 0.495146 30
16322 39 35 74 0.0540541 32
16323 20 68 88 -0.545455 27
16324 91 9 100 0.82 25
16325 49 54 103 -0.0485437 28
16326 31 43 74 -0.162162 29
16327 9 90 99 -0.818182 20
16328 3 140 143 -0.958042 14
16329 21 62 83 -0.493976 21
16330 37 66 103 -0.281553 28
16331 116 10 126 0.84127 24
16332 60 13 73 0.643836 22
16333 63 35 98 0.285714 26
16334 119 12 131 0.816794 27
16335 68 38 106 0.283019 27
16336 12 67 79 -0.696203 26
16337 12 61 73 -0.671233 25
16338 50 96 146 -0.315068 25
16339 109 11 120 0.816667 25
16340 69 34 103 0.339806 26
16341 75 34 109 0.376147 29
16342 118 13 131 0.801527 27
16343 65 48 113 0.150442 26
16344 2 71 73 -0.945205 20
16345 43 30 73 0.178082 28
16346 46 77 123 -0.252033 30
16347 11 139 150 -0.853333 24
16348 31 34 65 -0.0461538 24
16349 0 95 95 -1 18
16350 90 12 102 0.764706 24
16351 57 22 79 0.443038 30
16352 26 86 112 -0.535714 31
16353 12 70 82 -0.707317 24
16354 58 23 81 0.432099 29
16355 120 2 122 0.967213 19
16356 23 62 85 -0.458824 26
16357 54 37 91 0.186813 28
16358 40 70 110 -0.272727 32
16359 11 103 114 -0.807018 24
16360 91 8 99 0.838384 24
16361 44 54 98 -0.102041 27
16362 90 12 102 0.764706 23
16363 29 45 74 -0.216216 29
16364 8 48 56 -0.714286 23
16365 10 120 130 -0.846154 22
16366 30 65 95 -0.368421 32
16367 70 34 104 0.346154 34
16368 41 59 100 -0.18 32
16369 76 32 108 0.407407 27
16370 42 55 97 -0.134021 29
16371 118 6 124 0.903226 23
16372 75 22 97 0.546392 31
16373 63 28 91 0.384615 28
16374 48 39 87 0.103448 19
16375 49 58 107 -0.0841121 29
16376 56 68 124 -0.0967742 32
16377 107 9 116 0.844828 21
16378 10 71 81 -0.753086 26
16379 17 50 67 -0.492537 23
16380 37 67 104 -0.288462 29
16381 66 12 78 0.692308 27
16382 8 93 101 -0.841584 24
16383 67 60 127 0.0551181 31
16384 10 75 85 -0.764706 20
16385 77 10 87 0.770115 24
16386 27 69 96 -0.4375 26
16387 98 13 111 0.765766 28
16388 95 9 104 0.826923 22
16389 76 26 102 0.490196 25
16390 22 66 88 -0.5 27
16391 23 65 88 -0.477273 26
16392 66 44 110 0.2 36
16393 59 36 95 0.242105 31
16394 70 28 98 0.428571 30
16395 90 20 110 0.636364 26
16396 111 3 114 0.947368 14
16397 15 100 115 -0.73913 21
16398 89 22 111 0.603604 33
16399 46 62 108 -0.148148 27
16400 9 113 122 -0.852459 21
16401 43 28 71 0.211268 27
16402 56 37 93 0.204301 31
16403 14 136 150 -0.813333 28
16404 58 27 85 0.364706 27
16405 24 49 73 -0.342466 17
16406 71 44 115 0.234783 30
16407 117 13 130 0.8 28
16408 53 63 116 -0.0862069 26
16409 39 73 112 -0.303571 29
16410 66 18 84 0.571429 23
16411 31 63 94 -0.340426 28
16412 117 34 151 0.549669 30
16413 17 59 76 -0.552632 28
16414 90 33 123 0.463415 30
16415 128 4 132 0.939394 21
16416 48 25 73 0.315068 27
16417 81 5 86 0.883721 23
16418 80 13 93 0.72043 27
16419 36 56 92 -0.217391 29
16420 35 63 98 -0.285714 30
16421 66 33 99 0.333333 25
16422 82 15 97 0.690722 26
16423 71 32 103 0.378641 25
16424 97 25 122 0.590164 27
16425 45 73 118 -0.237288 31
16426 12 112 124 -0.806452 23
16427 107 23 130 0.646154 27
16428 83 38 121 0.371901 26
16429 40 53 93 -0.139785 32
16430 39 34 73 0.0684932 29
16431 137 16 153 0.79085 26
16432 100 13 113 0.769912 22
16433 93 21 114 0.631579 29
16434 70 28 98 0.428571 26
16435 29 51 80 -0.275 29
16436 129 4 133 0.93985 22
16437 52 54 106 -0.0188679 23
16438 18 98 116 -0.689655 23
16439 89 19 108 0.648148 28
16440 84 4 88 0.909091 22
16441 127 22 149 0.704698 31
16442 55 34 89 0.235955 27
16443 43 68 111 -0.225225 28
16444 15 120 135 -0.777778 25
16445 29 90 119 -0.512605 29
16446 30 97 127 -0.527559 25
16447 71 21 92 0.543478 21
16448 51 36 87 0.172414 23
16449 100 6 106 0.886792 20
16450 29 86 115 -0.495652 25
16451 24 90 114 -0.578947 31
16452 29 68 97 -0.402062 24
16453 42 88 130 -0.353846 33
16454 110 8 118 0.864407 18
16455 4 83 87 -0.908046 23
16456 31 64 95 -0.347368 30
16457 24 98 122 -0.606557 32
16458 51 35 86 0.186047 18
16459 15 97 112 -0.732143 30
16460 57 49 106 0.0754717 29
16461 70 29 99 0.414141 29
16462 103 11 114 0.807018 26
16463 42 35 77 0.0909091 25
16464 14 104 118 -0.762712 28
16465 105 14 119 0.764706 27
16466 16 78 94 -0.659574 28
16467 42 47 89 -0.0561798 30
16468 100 52 152 0.315789 28
16469 90 34 124 0.451613 30
16470 58 37 95 0.221053 34
16471 19 90 109 -0.651376 24
16472 100 24 124 0.612903 30
16473 12 127 139 -0.827338 24
16474 38 55 93 -0.182796 28
16475 28 47 75 -0.253333 27
16476 63 16 79 0.594937 26
16477 30 83 113 -0.469027 31
16478 19 98 117 -0.675214 29
16479 52 89 141 -0.262411 30
16480 43 23 66 0.30303 29
16481 71 22 93 0.526882 30
16482 12 31 43 -0.44186 17
16483 67 35 102 0.313725 26
16484 55 40 95 0.157895 27
16485 23 57 80 -0.425 26
16486 96 15 111 0.72973 26
16487 41 69 110 -0.254545 29
16488 151 8 159 0.899371 21
16489 64 17 81 0.580247 26
16490 45 26 71 0.267606 18
16491 33 67 100 -0.34 31
16492 43 48 91 -0.0549451 26
16493 18 39 57 -0.368421 21
16494 62 52 114 0.0877193 25
16495 43 57 100 -0.14 30
16496 87 12 99 0.757576 24
16497 68 27 95 0.431579 28
16498 96 15 111 0.72973 29
16499 42 54 96 -0.125 28
16500 28 69 97 -0.42268 19
16501 133 13 146 0.821918 22
16502 5 13 18 -0.444444 10
16503 48 23 71 0.352113 24
16504 49 48 97 0.0103093 29
16505 31 35 66 -0.0606061 25
16506 61 52 113 0.079646 33
16507 110 9 119 0.848739 24
16508 90 25 115 0.565217 27
16509 58 59 117 -0.00854701 27
16510 119 13 132 0.80303 21
16511 61 37 98 0.244898 29
16512 116 10 126 0.84127 26
16513 76 21 97 0.56701 30
16514 4 61 65 -0.876923 20
16515 19 91 110 -0.654545 22
16516 5 126 131 -0.923664 22
16517 20 59 79 -0.493671 23
16518 107 25 132 0.621212 26
16519 6 114 120 -0.9 24
16520 21 67 88 -0.522727 20
16521 11 96 107 -0.794393 19
16522 13 87 100 -0.74 27
16523 82 11 93 0.763441 28
16524 23 146 169 -0.727811 28
16525 72 46 118 0.220339 33
16526 37 63 100 -0.26 29
16527 9 8 17 0.0588235 12
16528 60 47 107 0.121495 31
16529 6 124 130 -0.907692 21
16530 13 110 123 -0.788618 26
16531 40 56 96 -0.166667 30
16532 49 38 87 0.126437 26
16533 119 19 138 0.724638 25
16534 21 108 129 -0.674419 27
16535 100 3 103 0.941748 11
16536 19 133 152 -0.75 24
16537 97 31 128 0.515625 33
16538 46 50 96 -0.0416667 28
16539 81 31 112 0.446429 23
16540 33 38 71 -0.0704225 28
16541 97 8 105 0.847619 23
16542 84 47 131 0.282443 25
16543 36 74 110 -0.345455 32
16544 81 19 100 0.62 28
16545 43 93 136 -0.367647 35
16546 67 49 116 0.155172 23
16547 82 29 111 0.477477 25
16548 82 16 98 0.673469 23
16549 35 51 86 -0.186047 27
16550 26 80 106 -0.509434 32
16551 32 88 120 -0.466667 31
16552 105 15 120 0.75 30
16553 52 46 98 0.0612245 29
16554 6 80 86 -0.860465 18
16555 76 9 85 0.788235 26
16556 30 75 105 -0.428571 31
16557 14 88 102 -0.72549 25
16558 42 61 103 -0.184466 25
16559 52 39 91 0.142857 25
16560 88 8 96 0.833333 25
16561 72 16 88 0.636364 22
16562 16 102 118 -0.728814 29
16563 119 7 126 0.888889 23
16564 15 130 145 -0.793103 22
16565 17 124 141 -0.758865 27
16566 34 97 131 -0.480916 29
16567 38 74 112 -0.321429 34
16568 82 34 116 0.413793 30
16569 91 0 91 1 18
16570 18 76 94 -0.617021 26
16571 2 122 124 -0.967742 17
16572 95 16 111 0.711712 24
16573 24 80 104 -0.538462 30
16574 99 20 119 0.663866 21
16575 37 85 122 -0.393443 27
16576 35 80 115 -0.391304 25
16577 12 85 97 -0.752577 24
16578 111 9 120 0.85 25
16579 51 48 99 0.030303 31
16580 112 10 122 0.836066 24
16581 42 43 85 -0.0117647 32
16582 20 70 90 -0.555556 23
16583 133 8 141 0.886525 18
16584 22 70 92 -0.521739 26
16585 58 44 102 0.137255 26
16586 44 56 100 -0.12 30
16587 9 114 123 -0.853659 24
16588 43 87 130 -0.338462 35
16589 45 57 102 -0.117647 30
16590 78 38 116 0.344828 29
16591 46 45 91 0.010989 24
16592 69 13 82 0.682927 26
16593 11 112 123 -0.821138 27
16594 61 23 84 0.452381 23
16595 62 32 94 0.319149 26
16596 47 60 107 -0.121495 29
16597 50 48 98 0.0204082 31
16598 10 113 123 -0.837398 22
16599 97 21 118 0.644068 27
16600 36 39 75 -0.04 30
16601 13 149 162 -0.839506 27
16602 48 41 89 0.0786517 25
16603 121 22 143 0.692308 25
16604 8 121 129 -0.875969 15
16605 21 115 136 -0.691176 29
16606 63 53 116 0.0862069 29
16607 7 129 136 -0.897059 20
16608 108 7 115 0.878261 23
16609 13 110 123 -0.788618 27
16610 20 87 107 -0.626168 27
16611 65 38 103 0.262136 33
16612 88 18 106 0.660377 32
16613 118 11 129 0.829457 24
16614 12 18 30 -0.2 17
16615 57 61 118 -0.0338983 24
16616 82 19 101 0.623762 28
16617 9 117 126 -0.857143 20
16618 41 37 78 0.0512821 29
16619 30 66 96 -0.375 30
16620 113 14 127 0.779528 27
16621 16 92 108 -0.703704 26
16622 36 103 139 -0.482014 27
16623 20 110 130 -0.692308 29
16624 43 73 116 -0.258621 32
16625 66 32 98 0.346939 29
16626 12 104 116 -0.793103 26
16627 77 46 123 0.252033 26
16628 96 6 102 0.882353 23
16629 28 57 85 -0.341176 27
16630 16 106 122 -0.737705 23
16631 32 66 98 -0.346939 29
16632 4 76 80 -0.9 13
16633 46 66 112 -0.178571 26
16634 74 28 102 0.45098 26
16635 21 80 101 -0.584158 30
16636 7 140 147 -0.904762 21
16637 5 125 130 -0.923077 20
16638 6 112 118 -0.898305 18
16639 79 20 99 0.59596 27
16640 42 58 100 -0.16 27
16641 69 40 109 0.266055 34
16642 31 60 91 -0.318681 30
16643 54 32 86 0.255814 25
16644 12 147 159 -0.849057 24
16645 73 28 101 0.445545 27
16646 97 35 132 0.469697 28
16647 13 109 122 -0.786885 25
16648 50 33 83 0.204819 26
16649 133 10 143 0.86014 21
16650 43 49 92 -0.0652174 28
16651 82 26 108 0.518519 31
16652 65 28 93 0.397849 33
16653 89 8 97 0.835052 22
16654 42 49 91 -0.0769231 25
16655 101 25 126 0.603175 25
16656 144 8 152 0.894737 21
16657 26 65 91 -0.428571 30
16658 4 119 123 -0.934959 19
16659 20 70 90 -0.555556 29
16660 153 4 157 0.949045 18
16661 14 67 81 -0.654321 26
16662 14 71 85 -0.670588 23
16663 69 9 78 0.769231 22
16664 28 85 113 -0.504425 29
16665 52 44 96 0.0833333 25
16666 17 117 134 -0.746269 26
16667 47 67 114 -0.175439 30
16668 9 76 85 -0.788235 26
16669 117 6 123 0.902439 21
16670 40 51 91 -0.120879 28
16671 41 59 100 -0.18 22
16672 31 108 139 -0.553957 27
16673 70 34 104 0.346154 25
16674 30 60 90 -0.333333 33
16675 52 58 110 -0.0545455 25
16676 37 88 125 -0.408 29
16677 14 104 118 -0.762712 24
16678 56 46 102 0.0980392 28
16679 21 111 132 -0.681818 30
16680 89 24 113 0.575221 32
16681 5 110 115 -0.913043 24
16682 86 6 92 0.869565 21
16683 15 98 113 -0.734513 27
16684 74 12 86 0.72093 26
16685 36 71 107 -0.327103 26
16686 44 75 119 -0.260504 33
16687 96 12 108 0.777778 29
16688 13 75 88 -0.704545 28
16689 9 103 112 -0.839286 25
16690 5 129 134 -0.925373 22
16691 69 27 96 0.4375 24
16692 109 11 120 0.816667 26
16693 131 5 136 0.926471 17
16694 77 45 122 0.262295 28
16695 21 87 108 -0.611111 28
16696 67 53 120 0.116667 27
16697 41 59 100 -0.18 33
16698 78 24 102 0.529412 27
16699 10 138 148 -0.864865 19
16700 31 35 66 -0.0606061 25
16701 53 57 110 -0.0363636 30
16702 15 93 108 -0.722222 28
16703 78 34 112 0.392857 22
16704 94 40 134 0.402985 31
16705 73 23 96 0.520833 28
16706 37 109 146 -0.493151 31
16707 104 27 131 0.587786 31
16708 46 56 102 -0.0980392 30
16709 96 22 118 0.627119 33
16710 27 48 75 -0.28 23
16711 42 80 122 -0.311475 30
16712 78 32 110 0.418182 23
16713 7 65 72 -0.805556 23
16714 106 20 126 0.68254 29
16715 66 48 114 0.157895 31
16716 67 22 89 0.505618 25
16717 15 90 105 -0.714286 26
16718 96 18 114 0.684211 28
16719 78 19 97 0.608247 28
16720 22 82 104 -0.576923 28
16721 17 126 143 -0.762238 23
16722 34 92 126 -0.460317 31
16723 86 3 89 0.932584 18
16724 23 88 111 -0.585586 30
16725 78 29 107 0.457944 33
16726 77 34 111 0.387387 28
16727 4 156 160 -0.95 14
16728 100 37 137 0.459854 34
16729 85 19 104 0.634615 30
16730 33 23 56 0.178571 24
16731 85 17 102 0.666667 30
16732 80 0 80 1 10
16733 57 26 83 0.373494 25
16734 13 70 83 -0.686747 25
16735 12 102 114 -0.789474 25
16736 83 20 103 0.61165 28
16737 81 15 96 0.6875 26
16738 104 16 120 0.733333 27
16739 78 34 112 0.392857 32
16740 25 70 95 -0.473684 31
16741 48 56 104 -0.0769231 27
16742 89 18 107 0.663551 28
16743 43 10 53 0.622642 22
16744 25 108 133 -0.62406 28
16745 63 28 91 0.384615 27
16746 108 5 113 0.911504 21
16747 86 30 116 0.482759 31
16748 39 54 93 -0.16129 23
16749 66 37 103 0.281553 30
16750 68 34 102 0.333333 29
16751 64 79 143 -0.104895 35
16752 64 44 108 0.185185 25
16753 75 40 115 0.304348 24
16754 96 12 108 0.777778 25
16755 4 108 112 -0.928571 14
16756 12 165 177 -0.864407 22
16757 90 11 101 0.782178 26
16758 10 76 86 -0.767442 24
16759 35 89 124 -0.435484 30
16760 87 18 105 0.657143 29
16761 20 90 110 -0.636364 24
16762 101 22 123 0.642276 25
16763 80 11 91 0.758242 28
16764 55 73 128 -0.140625 29
16765 65 53 118 0.101695 32
16766 23 71 94 -0.510638 28
16767 78 12 90 0.733333 23
16768 89 8 97 0.835052 21
16769 98 17 115 0.704348 26
16770 99 10 109 0.816514 27
16771 45 52 97 -0.0721649 30
16772 106 11 117 0.811966 21
16773 32 52 84 -0.238095 27
16774 15 86 101 -0.70297 28
16775 58 50 108 0.0740741 30
16776 35 89 124 -0.435484 25
16777 53 33 86 0.232558 29
16778 20 73 93 -0.569892 24
16779 64 36 100 0.28 29
16780 53 46 99 0.0707071 31
16781 1 94 95 -0.978947 20
16782 58 63 121 -0.0413223 31
16783 34 110 144 -0.527778 23
16784 27 87 114 -0.526316 26
16785 73 3 76 0.921053 18
16786 62 47 109 0.137615 30
16787 10 86 96 -0.791667 24
16788 146 5 151 0.933775 20
16789 52 37 89 0.168539 28
16790 75 42 117 0.282051 27
16791 23 97 120 -0.616667 29
16792 82 36 118 0.389831 23
16793 20 87 107 -0.626168 29
16794 96 5 101 0.90099 24
16795 117 3 120 0.95 21
16796 80 7 87 0.83908 21
16797 138 5 143 0.93007 21
16798 29 85 114 -0.491228 28
16799 62 63 125 -0.008 28
16800 110 14 124 0.774194 26
16801 95 17 112 0.696429 31
16802 105 7 112 0.875 21
16803 30 82 112 -0.464286 22
16804 74 37 111 0.333333 30
16805 15 78 93 -0.677419 25
16806 85 9 94 0.808511 27
16807 12 113 125 -0.808 25
16808 14 127 141 -0.801418 27
16809 50 54 104 -0.0384615 26
16810 103 27 130 0.584615 29
16811 119 5 124 0.919355 15
16812 57 28 85 0.341176 32
16813 44 37 81 0.0864198 30
16814 7 120 127 -0.889764 22
16815 52 47 99 0.0505051 24
16816 71 16 87 0.632184 26
16817 24 120 144 -0.666667 31
16818 21 56 77 -0.454545 28
16819 8 77 85 -0.811765 23
16820 24 46 70 -0.314286 22
16821 55 64 119 -0.0756303 27
16822 46 95 141 -0.347518 34
16823 64 53 117 0.0940171 32
16824 35 45 80 -0.125 27
16825 26 86 112 -0.535714 26
16826 3 84 87 -0.931034 17
16827 56 39 95 0.178947 33
16828 29 66 95 -0.389474 30
16829 48 36 84 0.142857 23
16830 83 37 120 0.383333 28
16831 80 14 94 0.702128 25
16832 14 60 74 -0.621622 25
16833 49 70 119 -0.176471 28
16834 40 47 87 -0.0804598 23
16835 31 71 102 -0.392157 33
16836 12 19 31 -0.225806 16
16837 126 6 132 0.909091 24
16838 102 16 118 0.728814 26
16839 10 89 99 -0.79798 26
16840 50 20 70 0.428571 24
16841 32 74 106 -0.396226 29
16842 28 84 112 -0.5 25
16843 18 78 96 -0.625 24
16844 53 40 93 0.139785 27
16845 36 80 116 -0.37931 26
16846 81 9 90 0.8 18
16847 52 57 109 -0.0458716 30
16848 54 61 115 -0.0608696 30
16849 109 11 120 0.816667 19
16850 47 1 48 0.958333 16
16851 50 52 102 -0.0196078 32
16852 21 87 108 -0.611111 29
16853 5 75 80 -0.875 16
16854 7 91 98 -0.857143 23
16855 136 9 145 0.875862 25
16856 31 74 105 -0.409524 29
16857 26 108 134 -0.61194 32
16858 31 53 84 -0.261905 22
16859 25 77 102 -0.509804 31
16860 56 17 73 0.534247 21
16861 73 42 115 0.269565 28
16862 3 121 124 -0.951613 21
16863 38 55 93 -0.182796 28
16864 11 145 156 -0.858974 24
16865 23 71 94 -0.510638 31
16866 13 105 118 -0.779661 26
16867 96 15 111 0.72973 27
16868 58 51 109 0.0642202 27
16869 62 30 92 0.347826 28
16870 74 45 119 0.243697 28
16871 40 34 74 0.0810811 25
16872 98 10 108 0.814815 22
16873 43 79 122 -0.295082 24
16874 22 63 85 -0.482353 25
16875 39 44 83 -0.060241 23
16876 32 96 128 -0.5 30
16877 11 100 111 -0.801802 19
16878 11 91 102 -0.784314 25
16879 57 55 112 0.0178571 30
16880 17 101 118 -0.711864 28
16881 42 64 106 -0.207547 30
16882 141 5 146 0.931507 19
16883 3 91 94 -0.93617 21
16884 11 126 137 -0.839416 26
16885 71 39 110 0.290909 25
16886 35 71 106 -0.339623 26
16887 17 88 105 -0.67619 28
16888 26 121 147 -0.646259 31
16889 20 75 95 -0.578947 29
16890 19 61 80 -0.525 26
16891 48 70 118 -0.186441 30
16892 62 44 106 0.169811 28
16893 83 23 106 0.566038 29
16894 94 14 108 0.740741 26
16895 24 71 95 -0.494737 28
16896 115 17 132 0.742424 26
16897 6 127 133 -0.909774 24
16898 32 60 92 -0.304348 21
16899 4 112 116 -0.931034 19
16900 22 73 95 -0.536842 28
16901 33 79 112 -0.410714 34
16902 92 12 104 0.769231 23
16903 56 21 77 0.454545 26
16904 53 58 111 -0.045045 28
16905 54 47 101 0.0693069 28
16906 76 14 90 0.688889 26
16907 44 67 111 -0.207207 27
16908 69 51 120 0.15 25
16909 119 2 121 0.966942 20
16910 4 124 128 -0.9375 23
16911 119 7 126 0.888889 23
16912 83 17 100 0.66 27
16913 102 18 120 0.7 31
16914 26 69 95 -0.452632 25
16915 79 11 90 0.755556 25
16916 73 51 124 0.177419 30
16917 69 18 87 0.586207 24
16918 8 72 80 -0.8 23
16919 14 101 115 -0.756522 28
16920 47 38 85 0.105882 30
16921 24 75 99 -0.515152 30
16922 41 69 110 -0.254545 29
16923 64 44 108 0.185185 31
16924 94 31 125 0.504 28
16925 118 4 122 0.934426 20
16926 9 53 62 -0.709677 19
16927 15 90 105 -0.714286 24
16928 21 75 96 -0.5625 28
16929 7 125 132 -0.893939 22
16930 67 34 101 0.326733 32
16931 15 95 110 -0.727273 26
16932 56 51 107 0.046729 28
16933 27 71 98 -0.44898 26
16934 25 103 128 -0.609375 32
16935 88 6 94 0.87234 22
16936 9 98 107 -0.831776 27
16937 98 25 123 0.593496 25
16938 43 72 115 -0.252174 27
16939 65 21 86 0.511628 30
16940 77 28 105 0.466667 24
16941 82 27 109 0.504587 24
16942 44 56 100 -0.12 32
16943 48 67 115 -0.165217 25
16944 34 61 95 -0.284211 28
16945 52 53 105 -0.00952381 30
16946 66 36 102 0.294118 31
16947 122 10 132 0.848485 22
16948 70 35 105 0.333333 29
16949 15 100 115 -0.73913 19
16950 19 102 121 -0.68595 29
16951 8 131 139 -0.884892 15
16952 29 69 98 -0.408163 29
16953 64 29 93 0.376344 28
16954 8 190 198 -0.919192 22
16955 13 113 126 -0.793651 26
16956 20 62 82 -0.512195 21
16957 87 21 108 0.611111 27
16958 106 49 155 0.367742 30
16959 50 44 94 0.0638298 28
16960 66 20 86 0.534884 29
16961 59 66 125 -0.056 27
16962 29 64 93 -0.376344 27
16963 31 57 88 -0.295455 28
16964 49 47 96 0.0208333 30
16965 72 24 96 0.5 26
16966 71 39 110 0.290909 30
16967 65 45 110 0.181818 31
16968 16 129 145 -0.77931 29
16969 94 27 121 0.553719 30
16970 29 64 93 -0.376344 29
16971 92 18 110 0.672727 21
16972 20 84 104 -0.615385 21
16973 59 38 97 0.216495 26
16974 72 21 93 0.548387 26
16975 54 11 65 0.661538 20
16976 110 17 127 0.732283 26
16977 37 54 91 -0.186813 28
16978 21 86 107 -0.607477 23
16979 21 65 86 -0.511628 29
16980 35 58 93 -0.247312 29
16981 50 59 109 -0.0825688 24
16982 136 11 147 0.85034 20
16983 42 58 100 -0.16 29
16984 99 7 106 0.867925 24
16985 15 40 55 -0.454545 25
16986 15 88 103 -0.708738 29
16987 6 98 104 -0.884615 20
16988 79 36 115 0.373913 23
16989 35 41 76 -0.0789474 26
16990 23 115 138 -0.666667 24
16991 40 66 106 -0.245283 29
16992 103 17 120 0.716667 25
16993 105 10 115 0.826087 25
16994 56 22 78 0.435897 24
16995 45 67 112 -0.196429 23
16996 64 28 92 0.391304 27
16997 18 8 26 0.384615 12
16998 50 52 102 -0.0196078 29
16999 15 81 96 -0.6875 27
17000 55 31 86 0.27907 31
17001 16 101 117 -0.726496 27
17002 50 45 95 0.0526316 34
17003 122 6 128 0.90625 22
17004 36 47 83 -0.13253 32
17005 73 3 76 0.921053 19
17006 25 75 100 -0.5 26
17007 15 119 134 -0.776119 25
17008 49 62 111 -0.117117 29
17009 89 29 118 0.508475 24
17010 102 20 122 0.672131 23
17011 14 107 121 -0.768595 19
17012 46 73 119 -0.226891 22
17013 8 143 151 -0.89404 22
17014 121 6 127 0.905512 21
17015 19 72 91 -0.582418 28
17016 87 13 100 0.74 24
17017 58 65 123 -0.0569106 32
17018 54 31 85 0.270588 29
17019 110 30 140 0.571429 24
17020 18 61 79 -0.544304 27
17021 35 51 86 -0.186047 31
17022 18 17 35 0.0285714 11
17023 85 37 122 0.393443 32
17024 30 99 129 -0.534884 31
17025 14 116 130 -0.784615 27
17026 30 65 95 -0.368421 30
17027 75 22 97 0.546392 29
17028 69 23 92 0.5 29
17029 10 93 103 -0.805825 26
17030 83 19 102 0.627451 26
17031 55 26 81 0.358025 28
17032 20 100 120 -0.666667 27
17033 32 55 87 -0.264368 27
17034 89 5 94 0.893617 21
17035 23 68 91 -0.494505 21
17036 9 12 21 -0.142857 12
17037 20 97 117 -0.65812 24
17038 72 51 123 0.170732 29
17039 153 9 162 0.888889 22
17040 7 125 132 -0.893939 26
17041 36 72 108 -0.333333 26
17042 37 34 71 0.0422535 26
17043 15 104 119 -0.747899 31
17044 52 18 70 0.485714 26
17045 16 112 128 -0.75 26
17046 103 12 115 0.791304 27
17047 32 64 96 -0.333333 25
17048 88 12 100 0.76 25
17049 68 59 127 0.0708661 28
17050 30 68 98 -0.387755 29
17051 43 40 83 0.0361446 25
17052 7 120 127 -0.889764 24
17053 76 15 91 0.67033 24
17054 93 12 105 0.771429 26
17055 65 17 82 0.585366 27
17056 76 21 97 0.56701 29
17057 23 102 125 -0.632 28
17058 45 44 89 0.011236 30
17059 25 33 58 -0.137931 24
17060 59 24 83 0.421687 25
17061 51 40 91 0.120879 26
17062 89 9 98 0.816327 24
17063 12 90 102 -0.764706 26
17064 51 75 126 -0.190476 25
17065 58 57 115 0.00869565 32
17066 73 31 104 0.403846 23
17067 35 77 112 -0.375 31
17068 53 27 80 0.325 23
17069 17 45 62 -0.451613 23
17070 44 23 67 0.313433 28
17071 71 13 84 0.690476 26
17072 58 43 101 0.148515 34
17073 160 2 162 0.975309 15
17074 88 16 104 0.692308 25
17075 58 55 113 0.0265487 23
17076 11 123 134 -0.835821 23
17077 79 9 88 0.795455 18
17078 41 75 116 -0.293103 32
17079 89 27 116 0.534483 28
17080 54 12 66 0.636364 20
17081 26 64 90 -0.422222 21
17082 56 51 107 0.046729 31
17083 100 23 123 0.626016 26
17084 61 33 94 0.297872 32
17085 55 51 106 0.0377358 35
17086 63 38 101 0.247525 31
17087 38 51 89 -0.146067 29
17088 50 69 119 -0.159664 27
17089 28 61 89 -0.370787 27
17090 80 37 117 0.367521 31
17091 111 2 113 0.964602 20
17092 24 85 109 -0.559633 29
17093 56 47 103 0.0873786 30
17094 51 43 94 0.0851064 28
17095 79 9 88 0.795455 23
17096 91 1 92 0.978261 20
17097 25 47 72 -0.305556 26
17098 79 29 108 0.462963 30
17099 18 107 125 -0.712 27
17100 49 35 84 0.166667 26
17101 110 4 114 0.929825 19
17102 54 29 83 0.301205 27
17103 109 35 144 0.513889 29
17104 43 74 117 -0.264957 30
17105 51 26 77 0.324675 27
17106 49 46 95 0.0315789 30
17107 49 59 108 -0.0925926 32
17108 60 56 116 0.0344828 33
17109 34 51 85 -0.2 29
17110 113 14 127 0.779528 27
17111 29 73 102 -0.431373 29
17112 80 18 98 0.632653 30
17113 13 100 113 -0.769912 27
17114 49 59 108 -0.0925926 25
17115 67 36 103 0.300971 29
17116 5 142 147 -0.931973 22
17117 8 58 66 -0.757576 24
17118 40 77 117 -0.316239 29
17119 100 8 108 0.851852 20
17120 29 48 77 -0.246753 25
17121 67 47 114 0.175439 26
17122 72 30 102 0.411765 27
17123 17 75 92 -0.630435 27
17124 56 46 102 0.0980392 26
17125 61 49 110 0.109091 28
17126 8 135 143 -0.888112 22
17127 139 8 147 0.891156 19
17128 42 55 97 -0.134021 30
17129 39 56 95 -0.178947 29
17130 85 36 121 0.404959 24
17131 81 32 113 0.433628 27
17132 23 71 94 -0.510638 25
17133 54 31 85 0.270588 19
17134 29 68 97 -0.402062 32
17135 24 82 106 -0.54717 32
17136 83 20 103 0.61165 28
17137 7 110 117 -0.880342 23
17138 41 67 108 -0.240741 29
17139 60 34 94 0.276596 27
17140 42 64 106 -0.207547 34
17141 34 105 139 -0.510791 27
17142 14 78 92 -0.695652 20
17143 86 19 105 0.638095 26
17144 72 40 112 0.285714 28
17145 17 92 109 -0.688073 28
17146 41 60 101 -0.188119 33
17147 62 32 94 0.319149 27
17148 32 51 83 -0.228916 27
17149 68 26 94 0.446809 29
17150 93 38 131 0.419847 32
17151 46 33 79 0.164557 26
17152 1 36 37 -0.945946 9
17153 20 96 116 -0.655172 26
17154 39 63 102 -0.235294 34
17155 26 107 133 -0.609023 30
17156 16 114 130 -0.753846 24
17157 5 140 145 -0.931034 19
17158 52 46 98 0.0612245 31
17159 5 136 141 -0.929078 19
17160 69 36 105 0.314286 27
17161 146 6 152 0.921053 18
17162 112 5 117 0.91453 21
17163 23 105 128 -0.640625 26
17164 50 47 97 0.0309278 33
17165 13 104 117 -0.777778 21
17166 43 63 106 -0.188679 23
17167 63 42 105 0.2 29
17168 103 14 117 0.760684 28
17169 84 14 98 0.714286 18
17170 28 99 127 -0.559055 24
17171 67 26 93 0.44086 28
17172 23 89 112 -0.589286 27
17173 62 42 104 0.192308 33
17174 53 49 102 0.0392157 29
17175 78 45 123 0.268293 28
17176 7 130 137 -0.89781 21
17177 59 30 89 0.325843 32
17178 4 77 81 -0.901235 17
17179 57 26 83 0.373494 28
17180 33 10 43 0.534884 20
17181 57 54 111 0.027027 28
17182 6 114 120 -0.9 21
17183 3 124 127 -0.952756 21
17184 53 43 96 0.104167 27
17185 6 91 97 -0.876289 22
17186 63 34 97 0.298969 26
17187 24 95 119 -0.596639 31
17188 54 51 105 0.0285714 28
17189 67 30 97 0.381443 27
17190 53 70 123 -0.138211 34
17191 9 124 133 -0.864662 25
17192 66 33 99 0.333333 32
17193 7 62 69 -0.797101 19
17194 17 99 116 -0.706897 27
17195 80 42 122 0.311475 25
17196 28 78 106 -0.471698 25
17197 59 27 86 0.372093 27
17198 74 32 106 0.396226 25
17199 81 38 119 0.361345 27
17200 36 74 110 -0.345455 29
17201 43 62 105 -0.180952 31
17202 70 34 104 0.346154 28
17203 158 9 167 0.892216 22
17204 30 49 79 -0.240506 23
17205 72 49 121 0.190083 32
17206 20 110 130 -0.692308 30
17207 4 77 81 -0.901235 20
17208 40 54 94 -0.148936 31
17209 48 64 112 -0.142857 23
17210 112 7 119 0.882353 23
17211 92 31 123 0.495935 33
17212 45 42 87 0.0344828 30
17213 108 24 132 0.636364 27
17214 18 116 134 -0.731343 29
17215 62 50 112 0.107143 32
17216 86 19 105 0.638095 26
17217 70 16 86 0.627907 25
17218 33 73 106 -0.377358 23
17219 15 101 116 -0.741379 21
17220 48 80 128 -0.25 34
17221 32 85 117 -0.452991 32
17222 36 66 102 -0.294118 27
17223 68 50 118 0.152542 33
17224 25 102 127 -0.606299 22
17225 114 7 121 0.884298 23
17226 26 7 33 0.575758 15
17227 27 73 100 -0.46 23
17228 91 32 123 0.479675 29
17229 36 61 97 -0.257732 32
17230 58 16 74 0.567568 24
17231 85 18 103 0.650485 29
17232 62 64 126 -0.015873 36
17233 104 28 132 0.575758 29
17234 52 25 77 0.350649 19
17235 94 5 99 0.89899 23
17236 11 77 88 -0.75 24
17237 89 59 148 0.202703 32
17238 45 95 140 -0.357143 30
17239 51 64 115 -0.113043 28
17240 91 29 120 0.516667 30
17241 47 58 105 -0.104762 22
17242 28 43 71 -0.211268 30
17243 25 87 112 -0.553571 27
17244 47 63 110 -0.145455 32
17245 130 6 136 0.911765 21
17246 76 43 119 0.277311 32
17247 30 90 120 -0.5 29
17248 4 158 162 -0.950617 17
17249 75 34 109 0.376147 20
17250 56 53 109 0.0275229 30
17251 10 81 91 -0.78022 25
17252 38 59 97 -0.216495 28
17253 46 72 118 -0.220339 28
17254 125 5 130 0.923077 20
17255 58 15 73 0.589041 25
17256 31 70 101 -0.386139 27
17257 92 33 125 0.472 25
17258 92 26 118 0.559322 30
17259 63 2 65 0.938462 18
17260 18 82 100 -0.64 27
17261 69 27 96 0.4375 27
17262 23 94 117 -0.606838 27
17263 11 136 147 -0.85034 26
17264 41 66 107 -0.233645 28
17265 26 67 93 -0.44086 29
17266 49 62 111 -0.117117 30
17267 24 65 89 -0.460674 22
17268 104 17 121 0.719008 26
17269 10 114 124 -0.83871 24
17270 44 22 66 0.333333 25
17271 28 77 105 -0.466667 23
17272 5 61 66 -0.848485 21
17273 65 27 92 0.413043 28
17274 50 41 91 0.0989011 27
17275 10 121 131 -0.847328 19
17276 19 65 84 -0.547619 28
17277 36 60 96 -0.25 27
17278 20 112 132 -0.69697 23
17279 127 19 146 0.739726 24
17280 23 66 89 -0.483146 26
17281 24 64 88 -0.454545 30
17282 63 15 78 0.615385 22
17283 35 72 107 -0.345794 31
17284 26 88 114 -0.54386 31
17285 91 26 117 0.555556 24
17286 32 64 96 -0.333333 28
17287 26 80 106 -0.509434 29
17288 22 73 95 -0.536842 22
17289 21 94 115 -0.634783 28
17290 33 39 72 -0.0833333 27
17291 54 49 103 0.0485437 25
17292 18 89 107 -0.663551 29
17293 131 8 139 0.884892 25
17294 59 40 99 0.191919 31
17295 21 58 79 -0.468354 29
17296 38 37 75 0.0133333 22
17297 42 65 107 -0.214953 36
17298 68 15 83 0.638554 28
17299 112 11 123 0.821138 26
17300 126 8 134 0.880597 22
17301 43 38 81 0.0617284 29
17302 62 45 107 0.158879 32
17303 117 18 135 0.733333 29
17304 94 1 95 0.978947 18
17305 106 3 109 0.944954 21
17306 59 35 94 0.255319 30
17307 28 76 104 -0.461538 27
17308 85 11 96 0.770833 24
17309 126 7 133 0.894737 20
17310 6 119 125 -0.904 17
17311 34 57 91 -0.252747 27
17312 115 16 131 0.755725 28
17313 72 24 96 0.5 30
17314 49 43 92 0.0652174 32
17315 17 100 117 -0.709402 25
17316 111 8 119 0.865546 24
17317 19 77 96 -0.604167 28
17318 40 62 102 -0.215686 28
17319 134 8 142 0.887324 19
17320 44 30 74 0.189189 24
17321 18 69 87 -0.586207 25
17322 78 64 142 0.0985915 29
17323 32 69 101 -0.366337 33
17324 31 68 99 -0.373737 27
17325 22 75 97 -0.546392 26
17326 45 82 127 -0.291339 30
17327 17 106 123 -0.723577 28
17328 97 19 116 0.672414 29
17329 15 90 105 -0.714286 22
17330 28 91 119 -0.529412 24
17331 102 18 120 0.7 29
17332 60 79 139 -0.136691 33
17333 70 54 124 0.129032 25
17334 99 21 120 0.65 26
17335 30 90 120 -0.5 25
17336 80 4 84 0.904762 21
17337 58 47 105 0.104762 28
17338 87 5 92 0.891304 22
17339 3 34 37 -0.837838 11
17340 59 47 106 0.113208 28
17341 133 16 149 0.785235 26
17342 76 20 96 0.583333 24
17343 81 21 102 0.588235 28
17344 33 80 113 -0.415929 27
17345 72 59 131 0.0992366 34
17346 23 81 104 -0.557692 29
17347 20 104 124 -0.677419 31
17348 51 50 101 0.00990099 33
17349 4 94 98 -0.918367 22
17350 36 62 98 -0.265306 27
17351 64 51 115 0.113043 33
17352 84 35 119 0.411765 26
17353 67 4 71 0.887324 18
17354 78 30 108 0.444444 30
17355 97 19 116 0.672414 27
17356 16 80 96 -0.666667 23
17357 89 26 115 0.547826 29
17358 86 16 102 0.686275 30
17359 37 51 88 -0.159091 26
17360 95 27 122 0.557377 22
17361 31 86 117 -0.470085 31
17362 40 64 104 -0.230769 31
17363 103 6 109 0.889908 22
17364 17 78 95 -0.642105 26
17365 71 19 90 0.577778 23
17366 70 34 104 0.346154 30
17367 35 71 106 -0.339623 31
17368 80 10 90 0.777778 28
17369 36 76 112 -0.357143 26
17370 85 36 121 0.404959 29
17371 108 7 115 0.878261 16
17372 4 122 126 -0.936508 20
17373 46 38 84 0.0952381 30
17374 91 33 124 0.467742 28
17375 103 26 129 0.596899 23
17376 45 73 118 -0.237288 25
17377 53 6 59 0.79661 20
17378 76 23 99 0.535354 21
17379 11 93 104 -0.788462 26
17380 75 39 114 0.315789 29
17381 12 100 112 -0.785714 24
17382 19 94 113 -0.663717 20
17383 12 85 97 -0.752577 27
17384 65 38 103 0.262136 27
17385 18 43 61 -0.409836 25
17386 72 5 77 0.87013 20
17387 28 63 91 -0.384615 28
17388 38 56 94 -0.191489 24
17389 34 78 112 -0.392857 27
17390 16 77 93 -0.655914 18
17391 93 7 100 0.86 23
17392 57 38 95 0.2 27
17393 13 78 91 -0.714286 27
17394 137 9 146 0.876712 23
17395 69 33 102 0.352941 27
17396 77 14 91 0.692308 21
17397 81 34 115 0.408696 29
17398 76 27 103 0.475728 27
17399 68 16 84 0.619048 26
17400 91 12 103 0.76699 26
17401 38 81 119 -0.361345 27
17402 47 67 114 -0.175439 32
17403 30 92 122 -0.508197 29
17404 130 4 134 0.940299 19
17405 55 49 104 0.0576923 25
17406 81 9 90 0.8 25
17407 30 68 98 -0.387755 33
17408 19 93 112 -0.660714 28
17409 35 101 136 -0.485294 29
17410 70 44 114 0.22807 26
17411 33 112 145 -0.544828 32
17412 61 50 111 0.0990991 26
17413 44 61 105 -0.161905 27
17414 103 12 115 0.791304 26
17415 75 18 93 0.612903 18
17416 89 16 105 0.695238 25
17417 36 58 94 -0.234043 35
17418 69 43 112 0.232143 33
17419 9 56 65 -0.723077 23
17420 88 16 104 0.692308 27
17421 11 117 128 -0.828125 28
17422 93 16 109 0.706422 25
17423 57 41 98 0.163265 26
17424 47 73 120 -0.216667 21
17425 14 72 86 -0.674419 25
17426 46 77 123 -0.252033 33
17427 74 41 115 0.286957 27
17428 79 13 92 0.717391 21
17429 28 88 116 -0.517241 24
17430 25 101 126 -0.603175 29
17431 91 17 108 0.685185 28
17432 5 121 126 -0.920635 21
17433 24 84 108 -0.555556 24
17434 60 67 127 -0.0551181 34
17435 68 24 92 0.478261 30
17436 111 14 125 0.776 27
17437 96 12 108 0.777778 26
17438 12 139 151 -0.84106 23
17439 66 36 102 0.294118 32
17440 43 63 106 -0.188679 29
17441 66 42 108 0.222222 27
17442 105 6 111 0.891892 17
17443 52 51 103 0.00970874 29
17444 62 55 117 0.0598291 26
17445 96 22 118 0.627119 31
17446 140 5 145 0.931034 17
17447 4 112 116 -0.931034 21
17448 51 65 116 -0.12069 31
17449 88 19 107 0.64486 23
17450 58 48 106 0.0943396 25
17451 8 82 90 -0.822222 26
17452 33 55 88 -0.25 25
17453 40 54 94 -0.148936 23
17454 10 123 133 -0.849624 25
17455 31 81 112 -0.446429 33
17456 53 69 122 -0.131148 28
17457 84 15 99 0.69697 22
17458 20 76 96 -0.583333 26
17459 57 67 124 -0.0806452 29
17460 69 41 110 0.254545 33
17461 51 43 94 0.0851064 29
17462 57 30 87 0.310345 26
17463 48 66 114 -0.157895 29
17464 60 58 118 0.0169492 32
17465 24 63 87 -0.448276 26
17466 31 29 60 0.0333333 22
17467 36 73 109 -0.33945 30
17468 88 20 108 0.62963 26
17469 119 10 129 0.844961 24
17470 96 17 113 0.699115 23
17471 82 33 115 0.426087 31
17472 117 14 131 0.78626 28
17473 99 19 118 0.677966 26
17474 20 62 82 -0.512195 26
17475 96 12 108 0.777778 26
17476 58 56 114 0.0175439 32
17477 58 59 117 -0.00854701 33
17478 24 101 125 -0.616 27
17479 139 3 142 0.957746 17
17480 2 2 4 0 4
17481 18 71 89 -0.595506 25
17482 17 120 137 -0.751825 24
17483 30 70 100 -0.4 29
17484 29 86 115 -0.495652 30
17485 14 60 74 -0.621622 27
17486 58 47 105 0.104762 34
17487 7 138 145 -0.903448 24
17488 20 125 145 -0.724138 26
17489 48 58 106 -0.0943396 25
17490 5 52 57 -0.824561 14
17491 21 104 125 -0.664 23
17492 8 123 131 -0.877863 23
17493 1 99 100 -0.98 18
17494 55 40 95 0.157895 22
17495 6 87 93 -0.870968 22
17496 112 10 122 0.836066 21
17497 11 101 112 -0.803571 26
17498 110 12 122 0.803279 27
17499 80 43 123 0.300813 29
17500 34 92 126 -0.460317 35
17501 50 68 118 -0.152542 32
17502 94 23 117 0.606838 24
17503 53 46 99 0.0707071 28
17504 111 24 135 0.644444 27
17505 58 21 79 0.468354 26
17506 61 34 95 0.284211 27
17507 81 24 105 0.542857 26
17508 75 44 119 0.260504 31
17509 53 59 112 -0.0535714 30
17510 116 15 131 0.770992 26
17511 29 59 88 -0.340909 24
17512 26 82 108 -0.518519 27
17513 8 118 126 -0.873016 25
17514 53 53 106 0 32
17515 81 20 101 0.60396 28
17516 125 8 133 0.879699 21
17517 30 102 132 -0.545455 33
17518 137 1 138 0.985507 15
17519 111 20 131 0.694656 27
17520 8 111 119 -0.865546 25
17521 128 4 132 0.939394 18
17522 110 7 117 0.880342 15
17523 54 38 92 0.173913 23
17524 86 17 103 0.669903 23
17525 43 72 115 -0.252174 34
17526 115 12 127 0.811024 18
17527 3 31 34 -0.823529 15
17528 127 16 143 0.776224 22
17529 53 58 111 -0.045045 35
17530 57 60 117 -0.025641 29
17531 94 6 100 0.88 24
17532 117 9 126 0.857143 19
17533 84 20 104 0.615385 23
17534 68 53 121 0.123967 26
17535 24 51 75 -0.36 26
17536 76 19 95 0.6 25
17537 79 19 98 0.612245 21
17538 42 76 118 -0.288136 32
17539 64 18 82 0.560976 27
17540 18 110 128 -0.71875 29
17541 79 27 106 0.490566 28
17542 120 18 138 0.73913 26
17543 69 14 83 0.662651 25
17544 88 38 126 0.396825 30
17545 5 135 140 -0.928571 20
17546 39 32 71 0.0985915 22
17547 38 91 129 -0.410853 34
17548 10 124 134 -0.850746 25
17549 7 105 112 -0.875 22
17550 11 88 99 -0.777778 23
17551 33 49 82 -0.195122 31
17552 94 25 119 0.579832 27
17553 26 77 103 -0.495146 31
17554 59 48 107 0.102804 33
17555 5 112 117 -0.91453 13
17556 79 42 121 0.305785 32
17557 21 51 72 -0.416667 21
17558 15 80 95 -0.684211 19
17559 60 43 103 0.165049 30
17560 86 14 100 0.72 26
17561 25 100 125 -0.6 27
17562 81 21 102 0.588235 28
17563 41 59 100 -0.18 27
17564 95 35 130 0.461538 32
17565 19 99 118 -0.677966 26
17566 74 13 87 0.701149 25
17567 43 58 101 -0.148515 29
17568 10 102 112 -0.821429 26
17569 14 94 108 -0.740741 23
17570 107 5 112 0.910714 24
17571 46 67 113 -0.185841 34
17572 70 34 104 0.346154 28
17573 45 94 139 -0.352518 34
17574 106 22 128 0.65625 24
17575 9 82 91 -0.802198 25
17576 95 17 112 0.696429 24
17577 19 72 91 -0.582418 31
17578 22 81 103 -0.572816 26
17579 48 18 66 0.454545 25
17580 67 5 72 0.861111 23
17581 45 51 96 -0.0625 30
17582 88 12 100 0.76 23
17583 86 31 117 0.470085 26
17584 42 50 92 -0.0869565 30
17585 15 125 140 -0.785714 26
17586 74 24 98 0.510204 31
17587 68 47 115 0.182609 29
17588 7 89 96 -0.854167 24
17589 42 38 80 0.05 29
17590 81 18 99 0.636364 26
17591 94 18 112 0.678571 29
17592 35 51 86 -0.186047 27
17593 49 59 108 -0.0925926 32
17594 21 75 96 -0.5625 22
17595 119 21 140 0.7 30
17596 16 136 152 -0.789474 28
17597 16 141 157 -0.796178 25
17598 61 33 94 0.297872 26
17599 33 86 119 -0.445378 28
17600 54 50 104 0.0384615 25
17601 4 127 131 -0.938931 20
17602 42 49 91 -0.0769231 30
17603 76 38 114 0.333333 26
17604 53 54 107 -0.00934579 21
17605 10 131 141 -0.858156 19
17606 56 26 82 0.365854 26
17607 91 12 103 0.76699 26
17608 43 20 63 0.365079 24
17609 119 4 123 0.934959 21
17610 66 40 106 0.245283 26
17611 35 50 85 -0.176471 31
17612 65 59 124 0.0483871 26
17613 32 56 88 -0.272727 30
17614 14 98 112 -0.75 21
17615 27 70 97 -0.443299 27
17616 61 17 78 0.564103 24
17617 15 86 101 -0.70297 25
17618 64 38 102 0.254902 31
17619 82 34 116 0.413793 31
17620 14 97 111 -0.747748 28
17621 53 24 77 0.376623 29
17622 28 58 86 -0.348837 24
17623 124 6 130 0.907692 16
17624 31 101 132 -0.530303 28
17625 26 48 74 -0.297297 21
17626 48 54 102 -0.0588235 22
17627 132 6 138 0.913043 20
17628 27 83 110 -0.509091 32
17629 48 76 124 -0.225806 32
17630 87 13 100 0.74 26
17631 68 37 105 0.295238 32
17632 28 69 97 -0.42268 26
17633 68 14 82 0.658537 21
17634 41 59 100 -0.18 32
17635 61 45 106 0.150943 29
17636 56 33 89 0.258427 24
17637 88 24 112 0.571429 26
17638 71 30 101 0.405941 31
17639 14 94 108 -0.740741 23
17640 125 15 140 0.785714 25
17641 33 93 126 -0.47619 26
17642 104 35 139 0.496403 31
17643 28 83 111 -0.495495 23
17644 124 5 129 0.922481 22
17645 21 84 105 -0.6 26
17646 18 85 103 -0.650485 24
17647 49 45 94 0.0425532 30
17648 24 98 122 -0.606557 23
17649 75 29 104 0.442308 30
17650 19 103 122 -0.688525 26
17651 2 128 130 -0.969231 20
17652 53 46 99 0.0707071 28
17653 21 99 120 -0.65 26
17654 17 120 137 -0.751825 24
17655 113 7 120 0.883333 20
17656 98 41 139 0.410072 33
17657 95 32 127 0.496063 28
17658 66 18 84 0.571429 18
17659 64 66 130 -0.0153846 24
17660 57 57 114 0 32
17661 59 23 82 0.439024 30
17662 3 92 95 -0.936842 18
17663 45 60 105 -0.142857 25
17664 91 25 116 0.568966 25
17665 112 13 125 0.792 27
17666 109 20 129 0.689922 28
17667 50 55 105 -0.047619 29
17668 19 118 137 -0.722628 30
17669 60 43 103 0.165049 32
17670 71 21 92 0.543478 31
17671 87 17 104 0.673077 27
17672 76 7 83 0.831325 19
17673 39 44 83 -0.060241 28
17674 51 55 106 -0.0377358 28
17675 21 75 96 -0.5625 27
17676 112 17 129 0.736434 24
17677 98 27 125 0.568 27
17678 26 82 108 -0.518519 28
17679 85 27 112 0.517857 34
17680 21 84 105 -0.6 25
17681 20 87 107 -0.626168 31
17682 31 52 83 -0.253012 25
17683 75 14 89 0.685393 23
17684 46 67 113 -0.185841 23
17685 18 70 88 -0.590909 29
17686 54 46 100 0.08 27
17687 71 29 100 0.42 29
17688 72 38 110 0.309091 30
17689 13 89 102 -0.745098 29
17690 93 22 115 0.617391 24
17691 129 8 137 0.883212 22
17692 40 73 113 -0.292035 33
17693 5 122 127 -0.92126 22
17694 22 47 69 -0.362319 26
17695 80 33 113 0.415929 31
17696 15 101 116 -0.741379 26
17697 104 6 110 0.890909 24
17698 9 99 108 -0.833333 26
17699 40 54 94 -0.148936 28
17700 51 50 101 0.00990099 32
17701 59 38 97 0.216495 27
17702 51 63 114 -0.105263 33
17703 60 14 74 0.621622 23
17704 75 46 121 0.239669 35
17705 68 23 91 0.494505 29
17706 79 32 111 0.423423 31
17707 8 85 93 -0.827957 22
17708 17 105 122 -0.721311 27
17709 15 98 113 -0.734513 27
17710 85 37 122 0.393443 25
17711 68 33 101 0.346535 27
17712 95 6 101 0.881188 23
17713 11 99 110 -0.8 26
17714 41 57 98 -0.163265 24
17715 70 36 106 0.320755 31
17716 22 70 92 -0.521739 29
17717 108 4 112 0.928571 21
17718 61 44 105 0.161905 29
17719 45 53 98 -0.0816327 30
17720 10 115 125 -0.84 23
17721 70 25 95 0.473684 25
17722 49 53 102 -0.0392157 28
17723 64 46 110 0.163636 29
17724 84 4 88 0.909091 21
17725 105 15 120 0.75 24
17726 17 126 143 -0.762238 24
17727 100 7 107 0.869159 22
17728 121 11 132 0.833333 20
17729 21 109 130 -0.676923 28
17730 25 81 106 -0.528302 21
17731 63 31 94 0.340426 30
17732 44 46 90 -0.0222222 33
17733 134 8 142 0.887324 26
17734 39 59 98 -0.204082 32
17735 22 76 98 -0.55102 29
17736 16 47 63 -0.492063 19
17737 7 116 123 -0.886179 22
17738 148 3 151 0.960265 18
17739 92 12 104 0.769231 19
17740 49 19 68 0.441176 22
17741 18 50 68 -0.470588 22
17742 122 15 137 0.781022 24
17743 25 43 68 -0.264706 28
17744 112 5 117 0.91453 23
17745 7 141 148 -0.905405 23
17746 23 40 63 -0.269841 23
17747 115 21 136 0.691176 23
17748 31 65 96 -0.354167 25
17749 44 70 114 -0.22807 23
17750 20 82 102 -0.607843 23
17751 156 10 166 0.879518 24
17752 6 111 117 -0.897436 22
17753 7 119 126 -0.888889 20
17754 82 11 93 0.763441 24
17755 148 3 151 0.960265 21
17756 14 62 76 -0.631579 26
17757 25 88 113 -0.557522 30
17758 30 57 87 -0.310345 33
17759 36 81 117 -0.384615 32
17760 35 62 97 -0.278351 30
17761 23 58 81 -0.432099 21
17762 7 86 93 -0.849462 21
17763 58 26 84 0.380952 23
17764 31 56 87 -0.287356 30
17765 71 18 89 0.595506 26
17766 13 40 53 -0.509434 17
17767 74 32 106 0.396226 30
17768 43 59 102 -0.156863 31
17769 107 7 114 0.877193 19
17770 92 13 105 0.752381 21
17771 57 43 100 0.14 30
17772 106 21 127 0.669291 23
17773 4 77 81 -0.901235 21
17774 11 63 74 -0.702703 25
17775 138 6 144 0.916667 21
17776 83 30 113 0.469027 32
17777 12 102 114 -0.789474 23
17778 45 92 137 -0.343066 31
17779 73 5 78 0.871795 17
17780 10 90 100 -0.8 26
17781 34 56 90 -0.244444 23
17782 75 26 101 0.485149 19
17783 7 142 149 -0.90604 20
17784 56 41 97 0.154639 23
17785 92 16 108 0.703704 27
17786 75 36 111 0.351351 25
17787 103 6 109 0.889908 16
17788 58 62 120 -0.0333333 30
17789 31 81 112 -0.446429 25
17790 79 29 108 0.462963 29
17791 31 45 76 -0.184211 26
17792 95 25 120 0.583333 29
17793 119 19 138 0.724638 25
17794 16 126 142 -0.774648 24
17795 131 16 147 0.782313 27
17796 37 44 81 -0.0864198 23
17797 23 77 100 -0.54 29
17798 19 81 100 -0.62 28
17799 72 14 86 0.674419 27
17800 103 16 119 0.731092 30
17801 91 23 114 0.596491 26
17802 104 4 108 0.925926 18
17803 31 86 117 -0.470085 26
17804 1 81 82 -0.97561 15
17805 51 57 108 -0.0555556 29
17806 8 96 104 -0.846154 23
17807 65 45 110 0.181818 34
17808 23 85 108 -0.574074 27
17809 26 68 94 -0.446809 25
17810 21 81 102 -0.588235 22
17811 116 12 128 0.8125 25
17812 95 16 111 0.711712 26
17813 48 82 130 -0.261538 25
17814 12 106 118 -0.79661 23
17815 24 73 97 -0.505155 29
17816 105 29 134 0.567164 27
17817 108 10 118 0.830508 24
17818 34 99 133 -0.488722 23
17819 45 18 63 0.428571 28
17820 113 16 129 0.751938 27
17821 88 15 103 0.708738 26
17822 7 59 66 -0.787879 23
17823 46 30 76 0.210526 20
17824 6 106 112 -0.892857 24
17825 93 4 97 0.917526 16
17826 64 37 101 0.267327 25
17827 42 26 68 0.235294 29
17828 59 27 86 0.372093 26
17829 37 79 116 -0.362069 31
17830 73 33 106 0.377358 27
17831 36 91 127 -0.433071 30
17832 36 77 113 -0.362832 32
17833 36 50 86 -0.162791 25
17834 37 66 103 -0.281553 30
17835 28 89 117 -0.521368 32
17836 24 98 122 -0.606557 26
17837 65 34 99 0.313131 31
17838 10 116 126 -0.84127 26
17839 49 32 81 0.209877 22
17840 25 59 84 -0.404762 26
17841 63 38 101 0.247525 31
17842 68 26 94 0.446809 31
17843 51 70 121 -0.157025 35
17844 49 72 121 -0.190083 30
17845 60 34 94 0.276596 28
17846 59 6 65 0.815385 23
17847 79 33 112 0.410714 29
17848 50 75 125 -0.2 31
17849 50 74 124 -0.193548 30
17850 135 2 137 0.970803 13
17851 9 140 149 -0.879195 26
17852 108 10 118 0.830508 26
17853 106 13 119 0.781513 23
17854 103 8 111 0.855856 24
17855 54 33 87 0.241379 29
17856 17 61 78 -0.564103 28
17857 47 16 63 0.492063 23
17858 56 51 107 0.046729 33
17859 59 28 87 0.356322 20
17860 102 9 111 0.837838 22
17861 41 45 86 -0.0465116 29
17862 51 72 123 -0.170732 25
17863 67 30 97 0.381443 26
17864 70 17 87 0.609195 23
17865 45 44 89 0.011236 23
17866 36 70 106 -0.320755 30
17867 20 37 57 -0.298246 24
17868 68 25 93 0.462366 24
17869 45 59 104 -0.134615 29
17870 11 78 89 -0.752809 24
17871 38 80 118 -0.355932 22
17872 16 92 108 -0.703704 26
17873 13 83 96 -0.729167 29
17874 41 51 92 -0.108696 29
17875 9 116 125 -0.856 24
17876 58 55 113 0.0265487 29
17877 34 65 99 -0.313131 31
17878 31 37 68 -0.0882353 22
17879 48 35 83 0.156627 24
17880 111 10 121 0.834711 24
17881 32 67 99 -0.353535 29
17882 86 20 106 0.622642 22
17883 48 61 109 -0.119266 26
17884 82 36 118 0.389831 26
17885 11 105 116 -0.810345 23
17886 8 89 97 -0.835052 24
17887 3 125 128 -0.953125 22
17888 40 39 79 0.0126582 25
17889 36 75 111 -0.351351 25
17890 22 79 101 -0.564356 31
17891 31 84 115 -0.46087 30
17892 27 109 136 -0.602941 28
17893 22 63 85 -0.482353 29
17894 24 103 127 -0.622047 30
17895 21 91 112 -0.625 28
17896 63 20 83 0.518072 26
17897 9 81 90 -0.8 26
17898 26 84 110 -0.527273 32
17899 39 59 98 -0.204082 27
17900 10 116 126 -0.84127 26
17901 51 54 105 -0.0285714 33
17902 68 32 100 0.36 34
17903 30 39 69 -0.130435 23
17904 9 83 92 -0.804348 25
17905 85 24 109 0.559633 27
17906 48 52 100 -0.04 35
17907 67 50 117 0.145299 31
17908 68 21 89 0.52809 28
17909 44 59 103 -0.145631 30
17910 86 14 100 0.72 24
17911 10 107 117 -0.82906 25
17912 26 83 109 -0.522936 29
17913 72 36 108 0.333333 31
17914 60 28 88 0.363636 21
17915 39 66 105 -0.257143 31
17916 89 18 107 0.663551 24
17917 171 8 179 0.910615 24
17918 45 80 125 -0.28 32
17919 92 31 123 0.495935 26
17920 29 94 123 -0.528455 31
17921 10 124 134 -0.850746 24
17922 5 103 108 -0.907407 18
17923 33 56 89 -0.258427 24
17924 49 35 84 0.166667 27
17925 91 33 124 0.467742 27
17926 33 64 97 -0.319588 26
17927 12 71 83 -0.710843 24
17928 22 92 114 -0.614035 32
17929 11 98 109 -0.798165 29
17930 67 21 88 0.522727 24
17931 16 79 95 -0.663158 28
17932 112 7 119 0.882353 24
17933 136 3 139 0.956835 21
17934 48 38 86 0.116279 26
17935 17 76 93 -0.634409 27
17936 149 8 157 0.898089 20
17937 53 16 69 0.536232 25
17938 74 43 117 0.264957 28
17939 89 13 102 0.745098 22
17940 90 37 127 0.417323 32
17941 94 17 111 0.693694 28
17942 48 37 85 0.129412 30
17943 28 96 124 -0.548387 29
17944 42 58 100 -0.16 26
17945 22 61 83 -0.46988 25
17946 109 8 117 0.863248 24
17947 49 26 75 0.306667 31
17948 74 12 86 0.72093 21
17949 44 44 88 0 28
17950 39 84 123 -0.365854 30
17951 36 39 75 -0.04 26
17952 58 40 98 0.183673 25
17953 112 13 125 0.792 28
17954 37 103 140 -0.471429 31
17955 80 33 113 0.415929 19
17956 70 22 92 0.521739 28
17957 36 99 135 -0.466667 27
17958 98 12 110 0.781818 24
17959 14 104 118 -0.762712 26
17960 45 50 95 -0.0526316 26
17961 106 17 123 0.723577 27
17962 5 91 96 -0.895833 23
17963 30 84 114 -0.473684 23
17964 111 3 114 0.947368 22
17965 5 130 135 -0.925926 19
17966 28 65 93 -0.397849 28
17967 46 60 106 -0.132075 32
17968 9 88 97 -0.814433 26
17969 19 60 79 -0.518987 24
17970 55 59 114 -0.0350877 27
17971 66 42 108 0.222222 32
17972 35 108 143 -0.51049 31
17973 66 41 107 0.233645 26
17974 44 60 104 -0.153846 23
17975 60 1 61 0.967213 16
17976 20 92 112 -0.642857 30
17977 87 12 99 0.757576 26
17978 73 23 96 0.520833 20
17979 33 77 110 -0.4 29
17980 46 48 94 -0.0212766 27
17981 41 50 91 -0.0989011 28
17982 10 124 134 -0.850746 22
17983 34 73 107 -0.364486 23
17984 109 37 146 0.493151 29
17985 58 38 96 0.208333 30
17986 125 9 134 0.865672 23
17987 87 5 92 0.891304 18
17988 71 43 114 0.245614 33
17989 39 47 86 -0.0930233 33
17990 36 25 61 0.180328 27
17991 27 66 93 -0.419355 28
17992 65 38 103 0.262136 26
17993 81 26 107 0.514019 30
17994 50 55 105 -0.047619 29
17995 29 46 75 -0.226667 27
17996 45 58 103 -0.126214 29
17997 12 101 113 -0.787611 22
17998 62 14 76 0.631579 28
17999 83 30 113 0.469027 28
18000 93 39 132 0.409091 27
18001 138 10 148 0.864865 17
18002 28 64 92 -0.391304 28
18003 71 9 80 0.775 23
18004 42 19 61 0.377049 22
18005 53 34 87 0.218391 30
18006 89 18 107 0.663551 27
18007 14 62 76 -0.631579 27
18008 68 19 87 0.563218 24
18009 60 47 107 0.121495 35
18010 10 95 105 -0.809524 25
18011 28 79 107 -0.476636 33
18012 30 67 97 -0.381443 29
18013 9 138 147 -0.877551 22
18014 37 28 65 0.138462 25
18015 23 68 91 -0.494505 29
18016 33 72 105 -0.371429 29
18017 8 146 154 -0.896104 22
18018 85 28 113 0.504425 24
18019 72 38 110 0.309091 30
18020 33 55 88 -0.25 21
18021 134 10 144 0.861111 19
18022 36 38 74 -0.027027 26
18023 82 37 119 0.378151 26
18024 56 62 118 -0.0508475 33
18025 67 40 107 0.252336 32
18026 70 63 133 0.0526316 28
18027 14 70 84 -0.666667 27
18028 22 86 108 -0.592593 26
18029 77 26 103 0.495146 28
18030 5 133 138 -0.927536 20
18031 104 8 112 0.857143 26
18032 49 38 87 0.126437 30
18033 52 65 117 -0.111111 30
18034 39 85 124 -0.370968 33
18035 23 80 103 -0.553398 29
18036 5 122 127 -0.92126 23
18037 6 124 130 -0.907692 20
18038 31 56 87 -0.287356 26
18039 43 49 92 -0.0652174 26
18040 6 106 112 -0.892857 21
18041 17 110 127 -0.732283 26
18042 63 44 107 0.17757 28
18043 88 13 101 0.742574 20
18044 41 76 117 -0.299145 27
18045 120 6 126 0.904762 24
18046 33 63 96 -0.3125 25
18047 73 49 122 0.196721 30
18048 86 10 96 0.791667 22
18049 24 101 125 -0.616 25
18050 12 86 98 -0.755102 27
18051 4 138 142 -0.943662 21
18052 36 52 88 -0.181818 27
18053 40 41 81 -0.0123457 27
18054 23 102 125 -0.632 30
18055 19 113 132 -0.712121 25
18056 51 40 91 0.120879 30
18057 20 105 125 -0.68 27
18058 128 4 132 0.939394 13
18059 22 59 81 -0.45679 28
18060 18 115 133 -0.729323 25
18061 56 38 94 0.191489 26
18062 10 80 90 -0.777778 26
18063 39 72 111 -0.297297 29
18064 14 99 113 -0.752212 23
18065 41 72 113 -0.274336 32
18066 72 33 105 0.371429 27
18067 32 63 95 -0.326316 25
18068 54 26 80 0.35 24
18069 87 32 119 0.462185 26
18070 42 67 109 -0.229358 27
18071 50 65 115 -0.130435 29
18072 5 84 89 -0.88764 18
18073 5 104 109 -0.908257 21
18074 60 72 132 -0.0909091 30
18075 43 43 86 0 32
18076 32 71 103 -0.378641 32
18077 81 29 110 0.472727 27
18078 75 31 106 0.415094 28
18079 9 64 73 -0.753425 22
18080 54 50 104 0.0384615 24
18081 95 3 98 0.938776 22
18082 51 31 82 0.243902 20
18083 8 130 138 -0.884058 17
18084 68 21 89 0.52809 26
18085 28 74 102 -0.45098 29
18086 100 4 104 0.923077 19
18087 101 24 125 0.616 28
18088 94 15 109 0.724771 25
18089 27 66 93 -0.419355 25
18090 66 18 84 0.571429 27
18091 35 118 153 -0.542484 31
18092 65 72 137 -0.0510949 34
18093 106 5 111 0.90991 22
18094 50 51 101 -0.00990099 28
18095 105 18 123 0.707317 22
18096 58 25 83 0.39759 28
18097 23 81 104 -0.557692 24
18098 16 17 33 -0.030303 16
18099 4 138 142 -0.943662 21
18100 50 47 97 0.0309278 26
18101 54 43 97 0.113402 26
18102 136 7 143 0.902098 23
18103 31 86 117 -0.470085 31
18104 9 95 104 -0.826923 26
18105 34 58 92 -0.26087 29
18106 25 54 79 -0.367089 27
18107 141 7 148 0.905405 17
18108 21 80 101 -0.584158 23
18109 24 83 107 -0.551402 28
18110 27 84 111 -0.513514 25
18111 48 26 74 0.297297 22
18112 102 5 107 0.906542 20
18113 46 30 76 0.210526 22
18114 13 31 44 -0.409091 20
18115 2 25 27 -0.851852 13
18116 46 85 131 -0.29771 34
18117 52 70 122 -0.147541 25
18118 124 11 135 0.837037 24
18119 27 75 102 -0.470588 25
18120 72 22 94 0.531915 31
18121 95 22 117 0.623932 30
18122 45 67 112 -0.196429 29
18123 59 65 124 -0.0483871 31
18124 82 28 110 0.490909 26
18125 15 96 111 -0.72973 27
18126 22 76 98 -0.55102 24
18127 69 71 140 -0.0142857 34
18128 29 108 137 -0.576642 28
18129 47 44 91 0.032967 33
18130 72 43 115 0.252174 27
18131 3 123 126 -0.952381 17
18132 57 67 124 -0.0806452 31
18133 23 92 115 -0.6 23
18134 21 98 119 -0.647059 27
18135 6 113 119 -0.89916 23
18136 36 73 109 -0.33945 28
18137 44 33 77 0.142857 27
18138 93 13 106 0.754717 26
18139 42 44 86 -0.0232558 30
18140 93 25 118 0.576271 27
18141 95 17 112 0.696429 27
18142 123 11 134 0.835821 23
18143 44 62 106 -0.169811 26
18144 38 58 96 -0.208333 26
18145 55 32 87 0.264368 31
18146 23 84 107 -0.570093 27
18147 66 41 107 0.233645 34
18148 74 14 88 0.681818 24
18149 57 41 98 0.163265 28
18150 32 94 126 -0.492063 35
18151 11 150 161 -0.863354 28
18152 13 111 124 -0.790323 28
18153 22 102 124 -0.645161 26
18154 100 17 117 0.709402 26
18155 129 13 142 0.816901 26
18156 59 39 98 0.204082 26
18157 42 74 116 -0.275862 33
18158 82 50 132 0.242424 27
18159 58 36 94 0.234043 27
18160 88 9 97 0.814433 23
18161 88 14 102 0.72549 25
18162 19 123 142 -0.732394 29
18163 49 78 127 -0.228346 31
18164 131 7 138 0.898551 18
18165 88 15 103 0.708738 22
18166 34 79 113 -0.39823 26
18167 56 67 123 -0.0894309 29
18168 40 56 96 -0.166667 29
18169 10 74 84 -0.761905 27
18170 80 12 92 0.73913 26
18171 49 61 110 -0.109091 31
18172 30 70 100 -0.4 25
18173 77 33 110 0.4 31
18174 108 11 119 0.815126 24
18175 68 50 118 0.152542 31
18176 7 131 138 -0.898551 17
18177 24 72 96 -0.5 28
18178 26 94 120 -0.566667 27
18179 71 19 90 0.577778 28
18180 37 41 78 -0.0512821 26
18181 86 20 106 0.622642 26
18182 19 75 94 -0.595745 24
18183 77 8 85 0.811765 24
18184 112 6 118 0.898305 22
18185 14 100 114 -0.754386 24
18186 30 57 87 -0.310345 30
18187 27 61 88 -0.386364 28
18188 44 46 90 -0.0222222 28
18189 10 86 96 -0.791667 25
18190 43 57 100 -0.14 27
18191 76 46 122 0.245902 32
18192 15 86 101 -0.70297 25
18193 34 80 114 -0.403509 32
18194 3 118 121 -0.950413 20
18195 95 11 106 0.792453 26
18196 40 73 113 -0.292035 32
18197 14 118 132 -0.787879 26
18198 77 27 104 0.480769 26
18199 48 42 90 0.0666667 30
18200 47 74 121 -0.22314 31
18201 131 17 148 0.77027 23
18202 80 1 81 0.975309 18
18203 49 37 86 0.139535 31
18204 13 68 81 -0.679012 21
18205 61 65 126 -0.031746 35
18206 105 24 129 0.627907 29
18207 19 95 114 -0.666667 18
18208 50 39 89 0.123596 27
18209 50 58 108 -0.0740741 30
18210 13 95 108 -0.759259 25
18211 38 67 105 -0.27619 31
18212 45 35 80 0.125 25
18213 73 28 101 0.445545 33
18214 102 7 109 0.87156 23
18215 20 136 156 -0.74359 28
18216 122 5 127 0.92126 21
18217 17 103 120 -0.716667 24
18218 77 48 125 0.232 24
18219 33 88 121 -0.454545 22
18220 66 9 75 0.76 22
18221 38 77 115 -0.33913 33
18222 20 100 120 -0.666667 30
18223 55 58 113 -0.0265487 26
18224 11 102 113 -0.80531 26
18225 61 54 115 0.0608696 24
18226 16 91 107 -0.700935 25
18227 31 47 78 -0.205128 26
18228 85 18 103 0.650485 24
18229 31 79 110 -0.436364 29
18230 17 66 83 -0.590361 28
18231 98 46 144 0.361111 25
18232 52 66 118 -0.118644 30
18233 95 3 98 0.938776 15
18234 59 33 92 0.282609 29
18235 59 49 108 0.0925926 30
18236 139 11 150 0.853333 15
18237 124 18 142 0.746479 25
18238 43 45 88 -0.0227273 28
18239 134 6 140 0.914286 21
18240 51 42 93 0.0967742 28
18241 17 88 105 -0.67619 25
18242 11 112 123 -0.821138 26
18243 27 62 89 -0.393258 26
18244 33 66 99 -0.333333 23
18245 41 46 87 -0.0574713 23
18246 19 102 121 -0.68595 27
18247 23 84 107 -0.570093 22
18248 97 21 118 0.644068 25
18249 82 9 91 0.802198 23
18250 79 27 106 0.490566 28
18251 59 25 84 0.404762 28
18252 23 70 93 -0.505376 26
18253 30 45 75 -0.2 26
18254 32 96 128 -0.5 29
18255 29 84 113 -0.486726 30
18256 85 32 117 0.452991 25
18257 59 29 88 0.340909 26
18258 71 31 102 0.392157 26
18259 53 56 109 -0.0275229 30
18260 5 111 116 -0.913793 15
18261 134 9 143 0.874126 25
18262 31 67 98 -0.367347 29
18263 25 115 140 -0.642857 25
18264 27 60 87 -0.37931 29
18265 43 59 102 -0.156863 23
18266 17 102 119 -0.714286 24
18267 60 40 100 0.2 30
18268 116 15 131 0.770992 30
18269 6 123 129 -0.906977 20
18270 35 60 95 -0.263158 25
18271 114 19 133 0.714286 23
18272 57 33 90 0.266667 25
18273 109 15 124 0.758065 21
18274 74 51 125 0.184 27
18275 32 38 70 -0.0857143 26
18276 108 25 133 0.62406 29
18277 31 63 94 -0.340426 32
18278 11 90 101 -0.782178 24
18279 71 36 107 0.327103 23
18280 5 108 113 -0.911504 20
18281 116 6 122 0.901639 23
18282 100 29 129 0.550388 27
18283 23 51 74 -0.378378 25
18284 45 65 110 -0.181818 29
18285 84 23 107 0.570093 30
18286 96 35 131 0.465649 30
18287 56 38 94 0.191489 31
18288 106 3 109 0.944954 18
18289 45 71 116 -0.224138 30
18290 8 89 97 -0.835052 27
18291 52 37 89 0.168539 28
18292 9 69 78 -0.769231 24
18293 71 24 95 0.494737 21
18294 65 23 88 0.477273 34
18295 54 10 64 0.6875 20
18296 31 111 142 -0.56338 31
18297 29 36 65 -0.107692 30
18298 43 47 90 -0.0444444 29
18299 27 66 93 -0.419355 26
18300 120 5 125 0.92 22
18301 67 54 121 0.107438 30
18302 128 7 135 0.896296 23
18303 104 12 116 0.793103 26
18304 57 63 120 -0.05 30
18305 62 67 129 -0.0387597 33
18306 72 29 101 0.425743 27
18307 93 11 104 0.788462 27
18308 102 16 118 0.728814 26
18309 51 67 118 -0.135593 32
18310 18 44 62 -0.419355 28
18311 73 12 85 0.717647 25
18312 50 8 58 0.724138 24
18313 51 79 130 -0.215385 33
18314 32 88 120 -0.466667 31
18315 38 53 91 -0.164835 27
18316 70 45 115 0.217391 27
18317 6 153 159 -0.924528 21
18318 93 15 108 0.722222 25
18319 60 43 103 0.165049 27
18320 88 18 106 0.660377 24
18321 120 19 139 0.726619 23
18322 63 42 105 0.2 32
18323 17 74 91 -0.626374 23
18324 82 17 99 0.656566 23
18325 15 105 120 -0.75 23
18326 28 59 87 -0.356322 30
18327 39 95 134 -0.41791 31
18328 88 19 107 0.64486 27
18329 118 11 129 0.829457 24
18330 73 29 102 0.431373 25
18331 47 50 97 -0.0309278 28
18332 44 74 118 -0.254237 31
18333 60 46 106 0.132075 27
18334 105 26 131 0.603053 28
18335 97 18 115 0.686957 28
18336 53 46 99 0.0707071 31
18337 86 16 102 0.686275 26
18338 48 34 82 0.170732 20
18339 3 118 121 -0.950413 13
18340 9 90 99 -0.818182 24
18341 38 93 131 -0.419847 27
18342 28 69 97 -0.42268 26
18343 21 83 104 -0.596154 22
18344 77 37 114 0.350877 32
18345 19 103 122 -0.688525 24
18346 17 146 163 -0.791411 26
18347 99 3 102 0.941176 21
18348 11 37 48 -0.541667 20
18349 121 6 127 0.905512 24
18350 15 140 155 -0.806452 27
18351 22 102 124 -0.645161 29
18352 82 30 112 0.464286 29
18353 32 34 66 -0.030303 21
18354 3 111 114 -0.947368 22
18355 111 25 136 0.632353 19
18356 59 63 122 -0.0327869 32
18357 32 83 115 -0.443478 27
18358 158 5 163 0.93865 20
18359 16 99 115 -0.721739 22
18360 42 71 113 -0.256637 34
18361 28 115 143 -0.608392 30
18362 16 95 111 -0.711712 24
18363 41 47 88 -0.0681818 28
18364 37 70 107 -0.308411 30
18365 64 38 102 0.254902 26
18366 15 61 76 -0.605263 26
18367 85 17 102 0.666667 27
18368 61 59 120 0.0166667 33
18369 8 156 164 -0.902439 19
18370 26 49 75 -0.306667 22
18371 90 24 114 0.578947 24
18372 53 52 105 0.00952381 27
18373 13 107 120 -0.783333 25
18374 117 15 132 0.772727 29
18375 70 15 85 0.647059 26
18376 50 41 91 0.0989011 32
18377 24 95 119 -0.596639 28
18378 85 17 102 0.666667 22
18379 113 36 149 0.516779 33
18380 19 73 92 -0.586957 31
18381 12 88 100 -0.76 22
18382 68 20 88 0.545455 28
18383 123 4 127 0.937008 19
18384 32 73 105 -0.390476 29
18385 29 86 115 -0.495652 30
18386 36 55 91 -0.208791 23
18387 20 129 149 -0.731544 27
18388 40 106 146 -0.452055 31
18389 80 44 124 0.290323 31
18390 81 49 130 0.246154 26
18391 20 110 130 -0.692308 21
18392 24 83 107 -0.551402 27
18393 56 55 111 0.00900901 30
18394 135 2 137 0.970803 16
18395 69 63 132 0.0454545 28
18396 29 80 109 -0.46789 31
18397 102 6 108 0.888889 19
18398 88 59 147 0.197279 29
18399 4 91 95 -0.915789 19
18400 26 83 109 -0.522936 27
18401 97 7 104 0.865385 20
18402 103 15 118 0.745763 26
18403 40 55 95 -0.157895 30
18404 24 76 100 -0.52 27
18405 137 8 145 0.889655 24
18406 6 115 121 -0.900826 24
18407 36 67 103 -0.300971 28
18408 26 62 88 -0.409091 25
18409 97 28 125 0.552 27
18410 40 68 108 -0.259259 31
18411 34 70 104 -0.346154 24
18412 133 7 140 0.9 21
18413 47 75 122 -0.229508 34
18414 71 29 100 0.42 25
18415 11 102 113 -0.80531 25
18416 84 22 106 0.584906 27
18417 55 33 88 0.25 31
18418 17 89 106 -0.679245 28
18419 93 22 115 0.617391 31
18420 8 105 113 -0.858407 19
18421 77 24 101 0.524752 26
18422 126 7 133 0.894737 23
18423 20 68 88 -0.545455 25
18424 23 91 114 -0.596491 25
18425 9 119 128 -0.859375 24
18426 83 23 106 0.566038 20
18427 33 46 79 -0.164557 29
18428 36 43 79 -0.0886076 24
18429 37 61 98 -0.244898 29
18430 26 92 118 -0.559322 32
18431 82 20 102 0.607843 30
18432 33 76 109 -0.394495 27
18433 24 90 114 -0.578947 30
18434 13 61 74 -0.648649 26
18435 13 20 33 -0.212121 18
18436 95 21 116 0.637931 29
18437 48 82 130 -0.261538 25
18438 58 48 106 0.0943396 24
18439 37 57 94 -0.212766 27
18440 4 110 114 -0.929825 22
18441 53 26 79 0.341772 29
18442 46 90 136 -0.323529 26
18443 17 111 128 -0.734375 28
18444 45 65 110 -0.181818 26
18445 53 18 71 0.492958 17
18446 88 19 107 0.64486 23
18447 158 5 163 0.93865 20
18448 5 125 130 -0.923077 20
18449 109 12 121 0.801653 25
18450 44 52 96 -0.0833333 30
18451 80 22 102 0.568627 23
18452 28 99 127 -0.559055 31
18453 107 8 115 0.86087 23
18454 86 9 95 0.810526 22
18455 7 91 98 -0.857143 22
18456 37 54 91 -0.186813 26
18457 30 87 117 -0.487179 28
18458 54 44 98 0.102041 32
18459 12 55 67 -0.641791 24
18460 60 46 106 0.132075 26
18461 14 74 88 -0.681818 27
18462 88 23 111 0.585586 29
18463 31 66 97 -0.360825 26
18464 31 85 116 -0.465517 29
18465 24 74 98 -0.510204 28
18466 54 64 118 -0.0847458 34
18467 49 59 108 -0.0925926 29
18468 76 26 102 0.490196 25
18469 26 71 97 -0.463918 28
18470 71 6 77 0.844156 21
18471 115 6 121 0.900826 19
18472 44 52 96 -0.0833333 29
18473 101 17 118 0.711864 25
18474 61 18 79 0.544304 26
18475 59 52 111 0.0630631 29
18476 50 46 96 0.0416667 32
18477 27 108 135 -0.6 30
18478 24 66 90 -0.466667 25
18479 25 78 103 -0.514563 32
18480 82 30 112 0.464286 30
18481 34 66 100 -0.32 32
18482 80 41 121 0.322314 27
18483 65 49 114 0.140351 32
18484 11 75 86 -0.744186 26
18485 23 67 90 -0.488889 25
18486 27 77 104 -0.480769 29
18487 52 36 88 0.181818 30
18488 20 95 115 -0.652174 29
18489 9 167 176 -0.897727 19
18490 91 28 119 0.529412 27
18491 43 102 145 -0.406897 32
18492 109 8 117 0.863248 25
18493 57 38 95 0.2 24
18494 27 86 113 -0.522124 25
18495 24 74 98 -0.510204 28
18496 31 78 109 -0.431193 33
18497 25 70 95 -0.473684 26
18498 58 35 93 0.247312 29
18499 87 25 112 0.553571 31
18500 15 105 120 -0.75 28
18501 77 55 132 0.166667 24
18502 116 11 127 0.826772 22
18503 8 82 90 -0.822222 22
18504 39 75 114 -0.315789 28
18505 28 80 108 -0.481481 26
18506 15 16 31 -0.0322581 19
18507 61 19 80 0.525 30
18508 52 47 99 0.0505051 28
18509 5 153 158 -0.936709 20
18510 33 76 109 -0.394495 34
18511 77 19 96 0.604167 24
18512 28 48 76 -0.263158 29
18513 31 82 113 -0.451327 28
18514 15 96 111 -0.72973 26
18515 47 58 105 -0.104762 37
18516 57 77 134 -0.149254 27
18517 19 77 96 -0.604167 29
18518 8 86 94 -0.829787 23
18519 5 98 103 -0.902913 22
18520 73 6 79 0.848101 22
18521 108 8 116 0.862069 24
18522 39 31 70 0.114286 20
18523 9 109 118 -0.847458 19
18524 12 82 94 -0.744681 20
18525 14 90 104 -0.730769 23
18526 53 53 106 0 27
18527 15 57 72 -0.583333 20
18528 96 1 97 0.979381 19
18529 32 64 96 -0.333333 24
18530 26 83 109 -0.522936 29
18531 3 114 117 -0.948718 20
18532 4 152 156 -0.948718 17
18533 42 82 124 -0.322581 30
18534 8 73 81 -0.802469 20
18535 32 75 107 -0.401869 32
18536 38 69 107 -0.28972 25
18537 64 54 118 0.0847458 32
18538 4 87 91 -0.912088 19
18539 8 95 103 -0.84466 24
18540 16 86 102 -0.686275 23
18541 14 89 103 -0.728155 25
18542 74 14 88 0.681818 25
18543 129 16 145 0.77931 27
18544 31 87 118 -0.474576 30
18545 5 36 41 -0.756098 19
18546 12 83 95 -0.747368 23
18547 72 18 90 0.6 19
18548 84 31 115 0.46087 28
18549 40 78 118 -0.322034 30
18550 46 38 84 0.0952381 27
18551 51 17 68 0.5 22
18552 23 101 124 -0.629032 29
18553 99 12 111 0.783784 17
18554 19 107 126 -0.698413 24
18555 27 75 102 -0.470588 27
18556 35 37 72 -0.0277778 28
18557 103 7 110 0.872727 23
18558 76 8 84 0.809524 20
18559 4 117 121 -0.933884 17
18560 47 34 81 0.160494 23
18561 8 88 96 -0.833333 24
18562 83 23 106 0.566038 26
18563 138 12 150 0.84 28
18564 76 23 99 0.535354 26
18565 27 52 79 -0.316456 23
18566 78 17 95 0.642105 29
18567 41 68 109 -0.247706 27
18568 6 77 83 -0.855422 16
18569 5 146 151 -0.933775 15
18570 53 40 93 0.139785 30
18571 37 24 61 0.213115 27
18572 40 47 87 -0.0804598 28
18573 41 46 87 -0.0574713 25
18574 56 24 80 0.4 29
18575 62 40 102 0.215686 28
18576 31 68 99 -0.373737 30
18577 81 14 95 0.705263 26
18578 25 81 106 -0.528302 28
18579 25 59 84 -0.404762 28
18580 90 26 116 0.551724 26
18581 67 19 86 0.55814 24
18582 38 76 114 -0.333333 29
18583 22 74 96 -0.541667 27
18584 84 7 91 0.846154 22
18585 9 25 34 -0.470588 17
18586 29 58 87 -0.333333 24
18587 6 45 51 -0.764706 19
18588 34 59 93 -0.268817 28
18589 12 93 105 -0.771429 28
18590 51 34 85 0.2 25
18591 136 9 145 0.875862 27
18592 21 92 113 -0.628319 22
18593 51 35 86 0.186047 25
18594 101 14 115 0.756522 19
18595 60 54 114 0.0526316 28
18596 79 29 108 0.462963 25
18597 76 36 112 0.357143 31
18598 74 45 119 0.243697 29
18599 113 4 117 0.931624 22
18600 153 13 166 0.843373 27
18601 27 54 81 -0.333333 22
18602 67 32 99 0.353535 25
18603 17 118 135 -0.748148 28
18604 74 43 117 0.264957 32
18605 15 112 127 -0.76378 23
18606 6 98 104 -0.884615 16
18607 57 48 105 0.0857143 29
18608 29 90 119 -0.512605 26
18609 55 27 82 0.341463 29
18610 85 17 102 0.666667 28
18611 57 55 112 0.0178571 28
18612 52 79 131 -0.206107 26
18613 106 12 118 0.79661 21
18614 79 10 89 0.775281 25
18615 44 88 132 -0.333333 30
18616 18 104 122 -0.704918 27
18617 6 117 123 -0.902439 20
18618 18 84 102 -0.647059 29
18619 49 69 118 -0.169492 29
18620 45 64 109 -0.174312 27
18621 134 4 138 0.942029 18
18622 59 41 100 0.18 24
18623 80 41 121 0.322314 28
18624 66 27 93 0.419355 30
18625 74 16 90 0.644444 27
18626 48 58 106 -0.0943396 27
18627 59 26 85 0.388235 26
18628 85 3 88 0.931818 21
18629 25 78 103 -0.514563 27
18630 66 52 118 0.118644 24
18631 3 111 114 -0.947368 14
18632 6 140 146 -0.917808 19
18633 65 31 96 0.354167 31
18634 40 69 109 -0.266055 34
18635 13 50 63 -0.587302 26
18636 84 11 95 0.768421 26
18637 81 15 96 0.6875 22
18638 30 69 99 -0.393939 30
18639 10 102 112 -0.821429 16
18640 7 107 114 -0.877193 22
18641 58 30 88 0.318182 29
18642 41 78 119 -0.310924 30
18643 50 26 76 0.315789 22
18644 74 25 99 0.494949 26
18645 6 99 105 -0.885714 23
18646 10 90 100 -0.8 25
18647 41 63 104 -0.211538 30
18648 113 34 147 0.537415 24
18649 15 70 85 -0.647059 28
18650 18 77 95 -0.621053 27
18651 23 73 96 -0.520833 28
18652 11 57 68 -0.676471 22
18653 174 10 184 0.891304 17
18654 8 126 134 -0.880597 24
18655 40 65 105 -0.238095 28
18656 57 76 133 -0.142857 30
18657 44 49 93 -0.0537634 24
18658 76 75 151 0.00662252 35
18659 46 23 69 0.333333 28
18660 50 19 69 0.449275 23
18661 142 5 147 0.931973 21
18662 85 21 106 0.603774 23
18663 137 12 149 0.838926 23
18664 85 35 120 0.416667 28
18665 12 111 123 -0.804878 23
18666 30 101 131 -0.541985 28
18667 55 38 93 0.182796 30
18668 32 71 103 -0.378641 26
18669 54 53 107 0.00934579 35
18670 86 31 117 0.470085 30
18671 72 12 84 0.714286 23
18672 25 88 113 -0.557522 28
18673 121 19 140 0.728571 28
18674 43 67 110 -0.218182 28
18675 23 89 112 -0.589286 28
18676 8 106 114 -0.859649 24
18677 83 22 105 0.580952 29
18678 27 76 103 -0.475728 30
18679 10 123 133 -0.849624 23
18680 43 86 129 -0.333333 28
18681 33 72 105 -0.371429 30
18682 100 13 113 0.769912 25
18683 49 45 94 0.0425532 30
18684 46 53 99 -0.0707071 28
18685 124 25 149 0.66443 24
18686 58 70 128 -0.09375 29
18687 7 74 81 -0.82716 25
18688 67 28 95 0.410526 31
18689 53 69 122 -0.131148 34
18690 3 66 69 -0.913043 18
18691 51 40 91 0.120879 31
18692 27 76 103 -0.475728 29
18693 104 11 115 0.808696 26
18694 47 59 106 -0.113208 33
18695 47 60 107 -0.121495 30
18696 93 17 110 0.690909 22
18697 75 18 93 0.612903 28
18698 53 45 98 0.0816327 28
18699 63 18 81 0.555556 23
18700 24 68 92 -0.478261 25
18701 44 68 112 -0.214286 32
18702 44 93 137 -0.357664 30
18703 76 21 97 0.56701 28
18704 127 7 134 0.895522 25
18705 67 31 98 0.367347 26
18706 79 25 104 0.519231 26
18707 18 87 105 -0.657143 28
18708 2 166 168 -0.97619 12
18709 122 11 133 0.834586 23
18710 4 82 86 -0.906977 23
18711 49 66 115 -0.147826 26
18712 7 120 127 -0.889764 26
18713 17 100 117 -0.709402 24
18714 34 62 96 -0.291667 30
18715 69 39 108 0.277778 26
18716 13 80 93 -0.72043 28
18717 89 16 105 0.695238 27
18718 12 78 90 -0.733333 27
18719 50 73 123 -0.186992 33
18720 92 11 103 0.786408 24
18721 8 85 93 -0.827957 25
18722 70 13 83 0.686747 25
18723 100 23 123 0.626016 27
18724 30 90 120 -0.5 25
18725 44 82 126 -0.301587 27
18726 4 98 102 -0.921569 11
18727 4 101 105 -0.92381 19
18728 25 83 108 -0.537037 22
18729 85 13 98 0.734694 26
18730 30 40 70 -0.142857 25
18731 26 47 73 -0.287671 26
18732 5 72 77 -0.87013 22
18733 11 86 97 -0.773196 20
18734 69 55 124 0.112903 30
18735 25 93 118 -0.576271 23
18736 113 18 131 0.725191 22
18737 140 35 175 0.6 28
18738 12 118 130 -0.815385 25
18739 49 51 100 -0.02 28
18740 33 97 130 -0.492308 32
18741 85 18 103 0.650485 24
18742 6 135 141 -0.914894 24
18743 18 71 89 -0.595506 21
18744 7 133 140 -0.9 23
18745 97 6 103 0.883495 20
18746 107 1 108 0.981481 20
18747 65 60 125 0.04 35
18748 22 98 120 -0.633333 33
18749 44 42 86 0.0232558 32
18750 20 118 138 -0.710145 20
18751 32 55 87 -0.264368 20
18752 34 72 106 -0.358491 33
18753 52 49 101 0.029703 26
18754 11 77 88 -0.75 27
18755 48 45 93 0.0322581 33
18756 53 95 148 -0.283784 28
18757 59 21 80 0.475 23
18758 104 13 117 0.777778 25
18759 131 12 143 0.832168 27
18760 55 71 126 -0.126984 29
18761 92 22 114 0.614035 27
18762 84 40 124 0.354839 33
18763 10 93 103 -0.805825 26
18764 75 31 106 0.415094 28
18765 92 32 124 0.483871 30
18766 38 63 101 -0.247525 29
18767 19 65 84 -0.547619 22
18768 76 48 124 0.225806 32
18769 74 45 119 0.243697 30
18770 30 32 62 -0.0322581 27
18771 12 135 147 -0.836735 26
18772 57 54 111 0.027027 31
18773 57 49 106 0.0754717 31
18774 20 76 96 -0.583333 26
18775 65 13 78 0.666667 24
18776 29 25 54 0.0740741 24
18777 80 15 95 0.684211 28
18778 8 149 157 -0.898089 25
18779 78 31 109 0.431193 26
18780 56 43 99 0.131313 33
18781 48 37 85 0.129412 24
18782 45 78 123 -0.268293 29
18783 72 28 100 0.44 27
18784 20 111 131 -0.694656 27
18785 84 45 129 0.302326 29
18786 52 40 92 0.130435 30
18787 20 64 84 -0.52381 28
18788 94 9 103 0.825243 19
18789 41 50 91 -0.0989011 27
18790 72 47 119 0.210084 33
18791 95 20 115 0.652174 28
18792 10 94 104 -0.807692 27
18793 75 22 97 0.546392 31
18794 11 51 62 -0.645161 21
18795 107 17 124 0.725806 24
18796 50 68 118 -0.152542 32
18797 63 22 85 0.482353 26
18798 15 100 115 -0.73913 28
18799 38 68 106 -0.283019 26
18800 68 32 100 0.36 29
18801 62 27 89 0.393258 24
18802 32 42 74 -0.135135 27
18803 24 75 99 -0.515152 27
18804 15 111 126 -0.761905 21
18805 71 32 103 0.378641 27
18806 119 14 133 0.789474 27
18807 7 87 94 -0.851064 21
18808 94 21 115 0.634783 27
18809 22 121 143 -0.692308 30
18810 19 71 90 -0.577778 23
18811 57 45 102 0.117647 25
18812 14 118 132 -0.787879 23
18813 35 84 119 -0.411765 34
18814 56 33 89 0.258427 27
18815 13 72 85 -0.694118 29
18816 75 36 111 0.351351 29
18817 49 48 97 0.0103093 28
18818 98 8 106 0.849057 23
18819 63 40 103 0.223301 29
18820 38 34 72 0.0555556 25
18821 39 42 81 -0.037037 25
18822 11 139 150 -0.853333 22
18823 24 53 77 -0.376623 22
18824 91 18 109 0.669725 28
18825 37 61 98 -0.244898 27
18826 37 67 104 -0.288462 28
18827 35 56 91 -0.230769 23
18828 79 29 108 0.462963 28
18829 64 34 98 0.306122 29
18830 68 32 100 0.36 29
18831 14 64 78 -0.641026 26
18832 65 27 92 0.413043 26
18833 73 35 108 0.351852 24
18834 2 131 133 -0.969925 17
18835 36 68 104 -0.307692 31
18836 35 67 102 -0.313725 30
18837 14 82 96 -0.708333 25
18838 81 8 89 0.820225 26
18839 88 17 105 0.67619 28
18840 86 12 98 0.755102 26
18841 34 93 127 -0.464567 37
18842 16 90 106 -0.698113 26
18843 33 67 100 -0.34 30
18844 22 72 94 -0.531915 29
18845 49 52 101 -0.029703 33
18846 18 101 119 -0.697479 25
18847 23 67 90 -0.488889 30
18848 86 19 105 0.638095 30
18849 2 77 79 -0.949367 20
18850 41 32 73 0.123288 29
18851 67 14 81 0.654321 22
18852 40 73 113 -0.292035 21
18853 107 9 116 0.844828 24
18854 104 5 109 0.908257 22
18855 80 26 106 0.509434 28
18856 95 1 96 0.979167 20
18857 14 81 95 -0.705263 25
18858 36 62 98 -0.265306 28
18859 17 111 128 -0.734375 28
18860 9 94 103 -0.825243 24
18861 40 61 101 -0.207921 30
18862 81 14 95 0.705263 26
18863 72 46 118 0.220339 32
18864 18 97 115 -0.686957 25
18865 16 26 42 -0.238095 21
18866 79 42 121 0.305785 28
18867 69 32 101 0.366337 24
18868 35 97 132 -0.469697 29
18869 13 80 93 -0.72043 26
18870 29 63 92 -0.369565 29
18871 22 73 95 -0.536842 29
18872 57 59 116 -0.0172414 31
18873 21 43 64 -0.34375 23
18874 76 39 115 0.321739 31
18875 78 32 110 0.418182 31
18876 18 95 113 -0.681416 26
18877 59 40 99 0.191919 24
18878 110 18 128 0.71875 25
18879 87 11 98 0.77551 23
18880 56 33 89 0.258427 33
18881 48 51 99 -0.030303 27
18882 80 33 113 0.415929 31
18883 49 49 98 0 30
18884 21 53 74 -0.432432 25
18885 64 3 67 0.910448 16
18886 29 53 82 -0.292683 24
18887 37 57 94 -0.212766 30
18888 32 71 103 -0.378641 29
18889 20 121 141 -0.716312 22
18890 60 18 78 0.538462 28
18891 77 34 111 0.387387 28
18892 10 92 102 -0.803922 25
18893 36 74 110 -0.345455 28
18894 53 45 98 0.0816327 30
18895 83 8 91 0.824176 22
18896 87 25 112 0.553571 26
18897 61 50 111 0.0990991 26
18898 29 68 97 -0.402062 25
18899 127 7 134 0.895522 23
18900 39 69 108 -0.277778 32
18901 33 43 76 -0.131579 23
18902 173 4 177 0.954802 18
18903 24 109 133 -0.639098 26
18904 26 46 72 -0.277778 25
18905 10 124 134 -0.850746 24
18906 145 18 163 0.779141 20
18907 46 30 76 0.210526 26
18908 81 22 103 0.572816 28
18909 12 83 95 -0.747368 20
18910 21 82 103 -0.592233 25
18911 9 104 113 -0.840708 25
18912 38 61 99 -0.232323 31
18913 63 52 115 0.0956522 29
18914 61 61 122 0 31
18915 69 55 124 0.112903 27
18916 31 79 110 -0.436364 33
18917 116 5 121 0.917355 21
18918 15 125 140 -0.785714 24
18919 6 114 120 -0.9 20
18920 92 12 104 0.769231 25
18921 33 91 124 -0.467742 27
18922 104 7 111 0.873874 25
18923 49 62 111 -0.117117 32
18924 18 123 141 -0.744681 27
18925 66 46 112 0.178571 29
18926 46 47 93 -0.0107527 27
18927 24 33 57 -0.157895 26
18928 84 17 101 0.663366 23
18929 36 47 83 -0.13253 32
18930 17 82 99 -0.656566 28
18931 75 29 104 0.442308 31
18932 35 46 81 -0.135802 27
18933 33 56 89 -0.258427 23
18934 111 24 135 0.644444 33
18935 63 41 104 0.211538 25
18936 30 76 106 -0.433962 30
18937 53 36 89 0.191011 27
18938 87 27 114 0.526316 24
18939 94 20 114 0.649123 28
18940 82 12 94 0.744681 18
18941 5 128 133 -0.924812 23
18942 60 42 102 0.176471 29
18943 136 18 154 0.766234 23
18944 81 26 107 0.514019 26
18945 102 6 108 0.888889 24
18946 21 89 110 -0.618182 31
18947 30 42 72 -0.166667 28
18948 50 64 114 -0.122807 33
18949 41 35 76 0.0789474 26
18950 44 70 114 -0.22807 26
18951 30 59 89 -0.325843 26
18952 50 21 71 0.408451 29
18953 50 55 105 -0.047619 33
18954 34 49 83 -0.180723 25
18955 3 101 104 -0.942308 21
18956 72 29 101 0.425743 32
18957 74 22 96 0.541667 23
18958 42 91 133 -0.368421 28
18959 108 5 113 0.911504 24
18960 98 28 126 0.555556 32
18961 22 79 101 -0.564356 25
18962 59 54 113 0.0442478 33
18963 1 122 123 -0.98374 18
18964 74 38 112 0.321429 31
18965 61 21 82 0.487805 30
18966 33 43 76 -0.131579 22
18967 84 44 128 0.3125 30
18968 60 25 85 0.411765 26
18969 9 96 105 -0.828571 26
18970 17 94 111 -0.693694 27
18971 3 115 118 -0.949153 22
18972 8 88 96 -0.833333 24
18973 52 48 100 0.04 27
18974 10 74 84 -0.761905 25
18975 12 104 116 -0.793103 27
18976 23 12 35 0.314286 15
18977 26 68 94 -0.446809 29
18978 64 73 137 -0.0656934 27
18979 41 64 105 -0.219048 26
18980 61 38 99 0.232323 32
18981 52 34 86 0.209302 24
18982 57 16 73 0.561644 20
18983 48 28 76 0.263158 26
18984 36 107 143 -0.496503 28
18985 8 126 134 -0.880597 17
18986 44 57 101 -0.128713 21
18987 147 10 157 0.872611 23
18988 95 14 109 0.743119 25
18989 27 81 108 -0.5 31
18990 23 74 97 -0.525773 27
18991 34 31 65 0.0461538 26
18992 46 92 138 -0.333333 30
18993 102 14 116 0.758621 27
18994 49 56 105 -0.0666667 25
18995 19 56 75 -0.493333 23
18996 22 77 99 -0.555556 22
18997 112 15 127 0.76378 19
18998 48 53 101 -0.049505 30
18999 76 20 96 0.583333 29
19000 68 11 79 0.721519 28
19001 93 19 112 0.660714 20
19002 52 38 90 0.155556 27
19003 109 9 118 0.847458 24
19004 55 20 75 0.466667 30
19005 40 34 74 0.0810811 24
19006 56 27 83 0.349398 21
19007 15 74 89 -0.662921 25
19008 60 25 85 0.411765 25
19009 100 21 121 0.652893 30
19010 19 85 104 -0.634615 28
19011 46 51 97 -0.0515464 28
19012 7 82 89 -0.842697 22
19013 41 45 86 -0.0465116 25
19014 41 63 104 -0.211538 34
19015 117 8 125 0.872 21
19016 4 88 92 -0.913043 22
19017 61 40 101 0.207921 30
19018 8 127 135 -0.881481 25
19019 65 28 93 0.397849 30
19020 56 39 95 0.178947 32
19021 14 91 105 -0.733333 29
19022 47 57 104 -0.0961538 32
19023 32 62 94 -0.319149 30
19024 19 88 107 -0.64486 24
19025 81 4 85 0.905882 21
19026 92 32 124 0.483871 29
19027 8 89 97 -0.835052 24
19028 95 38 133 0.428571 28
19029 27 77 104 -0.480769 26
19030 43 74 117 -0.264957 26
19031 30 84 114 -0.473684 23
19032 115 13 128 0.796875 32
19033 86 12 98 0.755102 20
19034 95 23 118 0.610169 31
19035 114 18 132 0.727273 30
19036 48 38 86 0.116279 23
19037 13 115 128 -0.796875 25
19038 88 21 109 0.614679 30
19039 26 87 113 -0.539823 27
19040 37 79 116 -0.362069 26
19041 129 4 133 0.93985 20
19042 35 71 106 -0.339623 26
19043 7 94 101 -0.861386 25
19044 22 77 99 -0.555556 27
19045 49 33 82 0.195122 31
19046 40 60 100 -0.2 28
19047 84 23 107 0.570093 29
19048 158 3 161 0.962733 18
19049 60 71 131 -0.0839695 28
19050 85 15 100 0.7 23
19051 56 50 106 0.0566038 28
19052 120 22 142 0.690141 23
19053 66 28 94 0.404255 29
19054 104 21 125 0.664 26
19055 15 102 117 -0.74359 27
19056 19 95 114 -0.666667 23
19057 77 14 91 0.692308 25
19058 92 23 115 0.6 27
19059 41 44 85 -0.0352941 21
19060 70 33 103 0.359223 31
19061 30 104 134 -0.552239 29
19062 66 45 111 0.189189 32
19063 82 21 103 0.592233 26
19064 60 48 108 0.111111 31
19065 5 119 124 -0.919355 20
19066 0 73 73 -1 17
19067 92 4 96 0.916667 21
19068 71 29 100 0.42 31
19069 13 123 136 -0.808824 27
19070 44 65 109 -0.192661 31
19071 20 123 143 -0.72028 28
19072 2 105 107 -0.962617 19
19073 7 91 98 -0.857143 18
19074 72 43 115 0.252174 36
19075 54 70 124 -0.129032 28
19076 61 28 89 0.370787 26
19077 95 14 109 0.743119 22
19078 10 140 150 -0.866667 26
19079 29 85 114 -0.491228 28
19080 41 66 107 -0.233645 22
19081 45 54 99 -0.0909091 23
19082 56 46 102 0.0980392 34
19083 33 72 105 -0.371429 30
19084 39 67 106 -0.264151 27
19085 7 100 107 -0.869159 25
19086 165 2 167 0.976048 17
19087 35 17 52 0.346154 19
19088 62 53 115 0.0782609 32
19089 116 14 130 0.784615 29
19090 43 79 122 -0.295082 28
19091 67 41 108 0.240741 30
19092 5 117 122 -0.918033 23
19093 120 16 136 0.764706 30
19094 104 20 124 0.677419 30
19095 75 54 129 0.162791 28
19096 10 64 74 -0.72973 24
19097 20 65 85 -0.529412 22
19098 53 34 87 0.218391 30
19099 19 90 109 -0.651376 29
19100 19 79 98 -0.612245 23
19101 72 14 86 0.674419 28
19102 127 15 142 0.788732 21
19103 50 44 94 0.0638298 29
19104 71 43 114 0.245614 33
19105 28 46 74 -0.243243 24
19106 68 25 93 0.462366 19
19107 103 8 111 0.855856 26
19108 57 33 90 0.266667 24
19109 77 21 98 0.571429 27
19110 77 23 100 0.54 28
19111 13 97 110 -0.763636 28
19112 67 20 87 0.54023 27
19113 24 96 120 -0.6 30
19114 49 42 91 0.0769231 27
19115 32 68 100 -0.36 28
19116 61 28 89 0.370787 23
19117 88 37 125 0.408 26
19118 85 31 116 0.465517 29
19119 72 66 138 0.0434783 36
19120 124 9 133 0.864662 26
19121 81 9 90 0.8 25
19122 70 14 84 0.666667 28
19123 17 80 97 -0.649485 23
19124 26 59 85 -0.388235 31
19125 38 42 80 -0.05 25
19126 50 38 88 0.136364 31
19127 44 65 109 -0.192661 32
19128 79 33 112 0.410714 28
19129 69 13 82 0.682927 26
19130 66 33 99 0.333333 26
19131 88 9 97 0.814433 21
19132 91 7 98 0.857143 20
19133 45 93 138 -0.347826 25
19134 65 6 71 0.830986 23
19135 32 51 83 -0.228916 25
19136 20 102 122 -0.672131 22
19137 6 116 122 -0.901639 20
19138 65 34 99 0.313131 26
19139 97 8 105 0.847619 26
19140 16 134 150 -0.786667 28
19141 52 51 103 0.00970874 33
19142 85 28 113 0.504425 27
19143 11 129 140 -0.842857 21
19144 11 88 99 -0.777778 26
19145 79 30 109 0.449541 29
19146 48 72 120 -0.2 26
19147 32 81 113 -0.433628 23
19148 89 25 114 0.561404 32
19149 39 52 91 -0.142857 28
19150 29 58 87 -0.333333 29
19151 65 36 101 0.287129 28
19152 10 153 163 -0.877301 24
19153 35 89 124 -0.435484 26
19154 7 105 112 -0.875 24
19155 75 36 111 0.351351 27
19156 45 66 111 -0.189189 29
19157 76 25 101 0.50495 29
19158 6 94 100 -0.88 22
19159 45 60 105 -0.142857 30
19160 71 44 115 0.234783 25
19161 39 35 74 0.0540541 31
19162 76 41 117 0.299145 32
19163 59 29 88 0.340909 25
19164 91 3 94 0.93617 17
19165 40 59 99 -0.191919 31
19166 22 73 95 -0.536842 30
19167 11 110 121 -0.818182 26
19168 109 3 112 0.946429 22
19169 12 115 127 -0.811024 23
19170 4 129 133 -0.93985 19
19171 48 45 93 0.0322581 27
19172 111 15 126 0.761905 24
19173 57 53 110 0.0363636 30
19174 132 16 148 0.783784 18
19175 20 75 95 -0.578947 24
19176 52 61 113 -0.079646 33
19177 64 13 77 0.662338 24
19178 121 10 131 0.847328 24
19179 107 8 115 0.86087 24
19180 25 71 96 -0.479167 26
19181 55 33 88 0.25 25
19182 57 51 108 0.0555556 27
19183 60 44 104 0.153846 30
19184 56 60 116 -0.0344828 26
19185 121 20 141 0.716312 31
19186 73 41 114 0.280702 33
19187 72 31 103 0.398058 30
19188 38 62 100 -0.24 27
19189 63 17 80 0.575 23
19190 58 66 124 -0.0645161 30
19191 45 35 80 0.125 29
19192 20 102 122 -0.672131 29
19193 4 71 75 -0.893333 20
19194 45 58 103 -0.126214 32
19195 86 41 127 0.354331 26
19196 66 54 120 0.1 27
19197 70 37 107 0.308411 35
19198 17 114 131 -0.740458 28
19199 85 11 96 0.770833 27
19200 89 34 123 0.447154 28
19201 131 15 146 0.794521 25
19202 27 89 116 -0.534483 22
19203 51 37 88 0.159091 31
19204 9 30 39 -0.538462 22
19205 60 32 92 0.304348 19
19206 133 12 145 0.834483 25
19207 14 79 93 -0.698925 25
19208 84 25 109 0.541284 31
19209 87 5 92 0.891304 19
19210 34 57 91 -0.252747 27
19211 8 107 115 -0.86087 22
19212 31 67 98 -0.367347 28
19213 59 27 86 0.372093 27
19214 10 110 120 -0.833333 21
19215 30 77 107 -0.439252 30
19216 135 8 143 0.888112 18
19217 76 23 99 0.535354 29
19218 99 8 107 0.850467 23
19219 26 62 88 -0.409091 25
19220 7 101 108 -0.87037 25
19221 45 67 112 -0.196429 30
19222 56 31 87 0.287356 25
19223 5 96 101 -0.90099 20
19224 84 17 101 0.663366 26
19225 108 8 116 0.862069 24
19226 33 97 130 -0.492308 29
19227 121 9 130 0.861538 22
19228 22 67 89 -0.505618 27
19229 16 86 102 -0.686275 25
19230 23 100 123 -0.626016 25
19231 24 92 116 -0.586207 27
19232 49 49 98 0 32
19233 52 73 125 -0.168 33
19234 64 32 96 0.333333 27
19235 74 18 92 0.608696 25
19236 88 14 102 0.72549 27
19237 77 29 106 0.45283 31
19238 50 37 87 0.149425 28
19239 12 112 124 -0.806452 24
19240 29 53 82 -0.292683 28
19241 36 33 69 0.0434783 25
19242 75 3 78 0.923077 19
19243 65 39 104 0.25 33
19244 59 22 81 0.45679 27
19245 68 19 87 0.563218 28
19246 34 61 95 -0.284211 30
19247 69 27 96 0.4375 25
19248 73 38 111 0.315315 31
19249 89 27 116 0.534483 23
19250 7 108 115 -0.878261 18
19251 9 101 110 -0.836364 24
19252 54 56 110 -0.0181818 35
19253 99 20 119 0.663866 24
19254 40 103 143 -0.440559 21
19255 102 15 117 0.74359 29
19256 36 93 129 -0.44186 26
19257 16 111 127 -0.748031 26
19258 27 66 93 -0.419355 30
19259 76 11 87 0.747126 25
19260 60 51 111 0.0810811 33
19261 63 52 115 0.0956522 34
19262 21 124 145 -0.710345 24
19263 8 70 78 -0.794872 24
19264 5 100 105 -0.904762 22
19265 64 59 123 0.0406504 25
19266 23 81 104 -0.557692 25
19267 85 16 101 0.683168 25
19268 27 110 137 -0.605839 31
19269 57 33 90 0.266667 22
19270 29 88 117 -0.504274 26
19271 24 78 102 -0.529412 28
19272 43 48 91 -0.0549451 24
19273 24 80 104 -0.538462 30
19274 81 23 104 0.557692 26
19275 30 46 76 -0.210526 25
19276 16 92 108 -0.703704 24
19277 13 123 136 -0.808824 25
19278 58 29 87 0.333333 26
19279 12 100 112 -0.785714 24
19280 38 80 118 -0.355932 27
19281 61 24 85 0.435294 27
19282 88 19 107 0.64486 30
19283 14 72 86 -0.674419 26
19284 32 56 88 -0.272727 27
19285 74 44 118 0.254237 28
19286 72 31 103 0.398058 28
19287 52 44 96 0.0833333 27
19288 43 55 98 -0.122449 27
19289 91 26 117 0.555556 29
19290 13 70 83 -0.686747 25
19291 112 16 128 0.75 25
19292 68 45 113 0.20354 24
19293 8 83 91 -0.824176 27
19294 125 23 148 0.689189 31
19295 1 0 1 1 1
19296 34 80 114 -0.403509 32
19297 40 23 63 0.269841 20
19298 61 32 93 0.311828 23
19299 112 19 131 0.709924 21
19300 6 132 138 -0.913043 24
19301 50 68 118 -0.152542 30
19302 32 55 87 -0.264368 27
19303 115 13 128 0.796875 25
19304 23 99 122 -0.622951 30
19305 54 66 120 -0.1 27
19306 47 32 79 0.189873 28
19307 61 57 118 0.0338983 31
19308 65 45 110 0.181818 31
19309 56 51 107 0.046729 24
19310 20 23 43 -0.0697674 20
19311 33 65 98 -0.326531 27
19312 19 83 102 -0.627451 26
19313 8 110 118 -0.864407 24
19314 12 102 114 -0.789474 27
19315 9 89 98 -0.816327 25
19316 114 10 124 0.83871 26
19317 79 40 119 0.327731 25
19318 69 23 92 0.5 24
19319 75 16 91 0.648352 26
19320 25 85 110 -0.545455 30
19321 133 2 135 0.97037 13
19322 23 93 116 -0.603448 28
19323 76 36 112 0.357143 31
19324 134 2 136 0.970588 17
19325 24 101 125 -0.616 29
19326 28 82 110 -0.490909 31
19327 44 53 97 -0.0927835 31
19328 63 41 104 0.211538 30
19329 32 79 111 -0.423423 31
19330 144 8 152 0.894737 20
19331 113 5 118 0.915254 20
19332 87 29 116 0.5 32
19333 65 38 103 0.262136 31
19334 44 79 123 -0.284553 31
19335 120 14 134 0.791045 21
19336 88 19 107 0.64486 29
19337 13 133 146 -0.821918 28
19338 45 59 104 -0.134615 25
19339 85 30 115 0.478261 30
19340 63 52 115 0.0956522 26
19341 16 119 135 -0.762963 27
19342 5 74 79 -0.873418 22
19343 7 169 176 -0.920455 24
19344 25 80 105 -0.52381 27
19345 4 117 121 -0.933884 21
19346 84 32 116 0.448276 33
19347 118 9 127 0.858268 26
19348 105 11 116 0.810345 22
19349 11 83 94 -0.765957 27
19350 46 49 95 -0.0315789 24
19351 36 54 90 -0.2 34
19352 81 26 107 0.514019 25
19353 3 29 32 -0.8125 13
19354 110 30 140 0.571429 30
19355 7 98 105 -0.866667 25
19356 114 16 130 0.753846 28
19357 19 53 72 -0.472222 25
19358 77 36 113 0.362832 26
19359 36 71 107 -0.327103 30
19360 25 87 112 -0.553571 24
19361 46 52 98 -0.0612245 21
19362 87 7 94 0.851064 23
19363 66 43 109 0.211009 27
19364 68 0 68 1 18
19365 27 62 89 -0.393258 26
19366 105 12 117 0.794872 26
19367 13 103 116 -0.775862 25
19368 4 127 131 -0.938931 20
19369 105 13 118 0.779661 25
19370 81 25 106 0.528302 27
19371 37 64 101 -0.267327 28
19372 61 26 87 0.402299 23
19373 77 43 120 0.283333 34
19374 81 37 118 0.372881 29
19375 48 35 83 0.156627 24
19376 21 89 110 -0.618182 30
19377 62 42 104 0.192308 26
19378 12 127 139 -0.827338 25
19379 8 155 163 -0.90184 21
19380 28 60 88 -0.363636 30
19381 51 15 66 0.545455 28
19382 36 87 123 -0.414634 33
19383 85 8 93 0.827957 24
19384 4 109 113 -0.929204 22
19385 8 82 90 -0.822222 24
19386 17 12 29 0.172414 18
19387 87 35 122 0.42623 29
19388 19 89 108 -0.648148 25
19389 125 6 131 0.908397 20
19390 170 13 183 0.857923 25
19391 132 1 133 0.984962 20
19392 80 40 120 0.333333 30
19393 101 17 118 0.711864 25
19394 69 38 107 0.28972 23
19395 110 5 115 0.913043 18
19396 3 107 110 -0.945455 20
19397 87 32 119 0.462185 35
19398 36 79 115 -0.373913 30
19399 119 24 143 0.664336 28
19400 81 21 102 0.588235 31
19401 45 58 103 -0.126214 30
19402 44 38 82 0.0731707 30
19403 47 70 117 -0.196581 33
19404 19 109 128 -0.703125 27
19405 6 86 92 -0.869565 22
19406 90 24 114 0.578947 28
19407 91 16 107 0.700935 29
19408 50 36 86 0.162791 25
19409 20 52 72 -0.444444 26
19410 25 77 102 -0.509804 28
19411 34 69 103 -0.339806 29
19412 14 95 109 -0.743119 25
19413 19 73 92 -0.586957 28
19414 73 14 87 0.678161 27
19415 21 77 98 -0.571429 31
19416 75 2 77 0.948052 17
19417 64 46 110 0.163636 28
19418 111 12 123 0.804878 25
19419 55 54 109 0.00917431 34
19420 40 64 104 -0.230769 26
19421 57 31 88 0.295455 30
19422 39 72 111 -0.297297 34
19423 14 123 137 -0.79562 25
19424 32 93 125 -0.488 30
19425 69 33 102 0.352941 33
19426 54 49 103 0.0485437 28
19427 21 92 113 -0.628319 29
19428 18 85 103 -0.650485 27
19429 155 5 160 0.9375 15
19430 82 13 95 0.726316 28
19431 17 90 107 -0.682243 29
19432 57 71 128 -0.109375 37
19433 19 54 73 -0.479452 25
19434 114 8 122 0.868852 24
19435 15 82 97 -0.690722 27
19436 53 52 105 0.00952381 25
19437 35 53 88 -0.204545 26
19438 60 30 90 0.333333 30
19439 27 39 66 -0.181818 23
19440 55 52 107 0.0280374 30
19441 28 82 110 -0.490909 25
19442 86 32 118 0.457627 27
19443 76 35 111 0.369369 23
19444 112 29 141 0.588652 31
19445 106 24 130 0.630769 27
19446 8 90 98 -0.836735 20
19447 15 91 106 -0.716981 26
19448 23 46 69 -0.333333 21
19449 25 100 125 -0.6 29
19450 94 9 103 0.825243 25
19451 43 89 132 -0.348485 30
19452 35 68 103 -0.320388 27
19453 71 17 88 0.613636 27
19454 44 67 111 -0.207207 24
19455 46 44 90 0.0222222 27
19456 19 141 160 -0.7625 29
19457 46 51 97 -0.0515464 27
19458 6 56 62 -0.806452 16
19459 76 24 100 0.52 22
19460 30 56 86 -0.302326 26
19461 81 11 92 0.76087 26
19462 55 47 102 0.0784314 26
19463 68 51 119 0.142857 25
19464 22 92 114 -0.614035 31
19465 54 48 102 0.0588235 31
19466 47 66 113 -0.168142 27
19467 25 108 133 -0.62406 23
19468 57 7 64 0.78125 21
19469 50 42 92 0.0869565 28
19470 60 27 87 0.37931 24
19471 31 61 92 -0.326087 26
19472 104 16 120 0.733333 29
19473 84 31 115 0.46087 29
19474 27 107 134 -0.597015 19
19475 28 79 107 -0.476636 30
19476 73 10 83 0.759036 22
19477 70 64 134 0.0447761 28
19478 71 40 111 0.279279 29
19479 86 23 109 0.577982 27
19480 46 61 107 -0.140187 26
19481 70 64 134 0.0447761 36
19482 8 103 111 -0.855856 25
19483 110 14 124 0.774194 21
19484 58 13 71 0.633803 26
19485 72 58 130 0.107692 32
19486 25 80 105 -0.52381 28
19487 11 101 112 -0.803571 20
19488 73 48 121 0.206612 24
19489 76 46 122 0.245902 31
19490 106 11 117 0.811966 20
19491 7 93 100 -0.86 20
19492 12 101 113 -0.787611 27
19493 87 13 100 0.74 25
19494 48 55 103 -0.0679612 29
19495 11 104 115 -0.808696 23
19496 57 37 94 0.212766 32
19497 57 16 73 0.561644 28
19498 93 39 132 0.409091 28
19499 38 76 114 -0.333333 30
19500 116 36 152 0.526316 29
19501 135 11 146 0.849315 25
19502 113 5 118 0.915254 22
19503 21 59 80 -0.475 29
19504 56 14 70 0.6 26
19505 21 67 88 -0.522727 26
19506 32 53 85 -0.247059 29
19507 99 43 142 0.394366 31
19508 40 55 95 -0.157895 27
19509 101 20 121 0.669421 30
19510 81 17 98 0.653061 28
19511 27 75 102 -0.470588 25
19512 50 30 80 0.25 27
19513 44 48 92 -0.0434783 31
19514 44 70 114 -0.22807 30
19515 50 68 118 -0.152542 35
19516 8 160 168 -0.904762 25
19517 73 34 107 0.364486 29
19518 7 109 116 -0.87931 20
19519 9 74 83 -0.783133 24
19520 39 25 64 0.21875 29
19521 54 68 122 -0.114754 29
19522 27 68 95 -0.431579 30
19523 119 6 125 0.904 20
19524 54 50 104 0.0384615 31
19525 38 79 117 -0.350427 26
19526 42 81 123 -0.317073 27
19527 117 8 125 0.872 20
19528 53 30 83 0.277108 29
19529 6 98 104 -0.884615 18
19530 62 41 103 0.203883 32
19531 43 20 63 0.365079 24
19532 84 12 96 0.75 22
19533 115 8 123 0.869919 24
19534 10 96 106 -0.811321 23
19535 101 21 122 0.655738 26
19536 20 68 88 -0.545455 28
19537 12 136 148 -0.837838 20
19538 23 56 79 -0.417722 25
19539 22 63 85 -0.482353 29
19540 39 44 83 -0.060241 25
19541 8 86 94 -0.829787 23
19542 64 35 99 0.292929 27
19543 80 3 83 0.927711 20
19544 178 7 185 0.924324 19
19545 9 4 13 0.384615 10
19546 141 11 152 0.855263 27
19547 9 70 79 -0.772152 20
19548 62 57 119 0.0420168 28
19549 5 118 123 -0.918699 22
19550 1 94 95 -0.978947 19
19551 8 76 84 -0.809524 22
19552 127 12 139 0.827338 24
19553 10 122 132 -0.848485 25
19554 46 24 70 0.314286 26
19555 51 47 98 0.0408163 30
19556 4 13 17 -0.529412 12
19557 127 9 136 0.867647 20
19558 30 74 104 -0.423077 25
19559 103 38 141 0.460993 30
19560 48 72 120 -0.2 24
19561 56 55 111 0.00900901 31
19562 66 60 126 0.047619 31
19563 49 35 84 0.166667 23
19564 11 101 112 -0.803571 22
19565 100 24 124 0.612903 25
19566 5 71 76 -0.868421 19
19567 31 65 96 -0.354167 29
19568 49 40 89 0.101124 31
19569 29 77 106 -0.45283 24
19570 15 62 77 -0.61039 22
19571 75 15 90 0.666667 27
19572 83 27 110 0.509091 25
19573 25 79 104 -0.519231 25
19574 127 1 128 0.984375 14
19575 58 40 98 0.183673 34
19576 48 32 80 0.2 28
19577 78 7 85 0.835294 23
19578 82 34 116 0.413793 24
19579 1 114 115 -0.982609 18
19580 104 26 130 0.6 23
19581 38 61 99 -0.232323 25
19582 89 13 102 0.745098 22
19583 70 58 128 0.09375 35
19584 96 2 98 0.959184 18
19585 25 76 101 -0.50495 25
19586 13 91 104 -0.75 27
19587 5 167 172 -0.94186 17
19588 51 50 101 0.00990099 22
19589 48 47 95 0.0105263 24
19590 71 37 108 0.314815 26
19591 21 87 108 -0.611111 28
19592 10 109 119 -0.831933 19
19593 2 90 92 -0.956522 20
19594 78 20 98 0.591837 27
19595 11 112 123 -0.821138 24
19596 0 149 149 -1 10
19597 9 133 142 -0.873239 19
19598 6 74 80 -0.85 24
19599 106 29 135 0.57037 34
19600 84 17 101 0.663366 22
19601 6 96 102 -0.882353 21
19602 3 139 142 -0.957746 13
19603 17 92 109 -0.688073 24
19604 89 12 101 0.762376 22
19605 18 88 106 -0.660377 30
19606 69 31 100 0.38 26
19607 17 81 98 -0.653061 25
19608 81 9 90 0.8 21
19609 12 72 84 -0.714286 25
19610 83 22 105 0.580952 25
19611 13 83 96 -0.729167 28
19612 26 92 118 -0.559322 28
19613 43 61 104 -0.173077 30
19614 24 91 115 -0.582609 28
19615 7 171 178 -0.921348 20
19616 3 106 109 -0.944954 16
19617 70 50 120 0.166667 31
19618 49 40 89 0.101124 28
19619 113 18 131 0.725191 29
19620 27 79 106 -0.490566 29
19621 9 99 108 -0.833333 27
19622 6 145 151 -0.92053 24
19623 79 48 127 0.244094 28
19624 14 79 93 -0.698925 29
19625 26 41 67 -0.223881 32
19626 59 47 106 0.113208 29
19627 16 90 106 -0.698113 20
19628 72 45 117 0.230769 30
19629 15 113 128 -0.765625 28
19630 82 13 95 0.726316 28
19631 103 9 112 0.839286 21
19632 31 65 96 -0.354167 22
19633 36 103 139 -0.482014 31
19634 36 61 97 -0.257732 25
19635 44 69 113 -0.221239 30
19636 62 33 95 0.305263 25
19637 19 88 107 -0.64486 24
19638 19 87 106 -0.641509 29
19639 93 35 128 0.453125 28
19640 39 54 93 -0.16129 29
19641 31 91 122 -0.491803 34
19642 67 29 96 0.395833 27
19643 34 26 60 0.133333 19
19644 13 94 107 -0.757009 22
19645 76 62 138 0.101449 29
19646 57 22 79 0.443038 26
19647 102 8 110 0.854545 25
19648 110 25 135 0.62963 30
19649 121 6 127 0.905512 22
19650 11 92 103 -0.786408 25
19651 34 86 120 -0.433333 26
19652 49 49 98 0 32
19653 105 26 131 0.603053 31
19654 33 53 86 -0.232558 25
19655 83 33 116 0.431034 26
19656 66 31 97 0.360825 30
19657 44 58 102 -0.137255 28
19658 67 21 88 0.522727 21
19659 67 21 88 0.522727 28
19660 8 113 121 -0.867769 23
19661 25 58 83 -0.39759 24
19662 137 15 152 0.802632 21
19663 87 20 107 0.626168 21
19664 9 82 91 -0.802198 20
19665 78 20 98 0.591837 30
19666 24 102 126 -0.619048 31
19667 24 70 94 -0.489362 29
19668 10 104 114 -0.824561 25
19669 110 11 121 0.818182 22
19670 15 137 152 -0.802632 17
19671 63 53 116 0.0862069 24
19672 58 43 101 0.148515 27
19673 24 60 84 -0.428571 29
19674 33 48 81 -0.185185 23
19675 65 19 84 0.547619 23
19676 5 78 83 -0.879518 23
19677 116 16 132 0.757576 19
19678 17 83 100 -0.66 25
19679 119 8 127 0.874016 23
19680 78 23 101 0.544554 29
19681 21 85 106 -0.603774 23
19682 4 92 96 -0.916667 21
19683 37 59 96 -0.229167 27
19684 77 27 104 0.480769 31
19685 10 84 94 -0.787234 17
19686 110 8 118 0.864407 17
19687 28 90 118 -0.525424 30
19688 15 45 60 -0.5 24
19689 35 62 97 -0.278351 26
19690 22 80 102 -0.568627 23
19691 50 43 93 0.0752688 30
19692 71 24 95 0.494737 25
19693 85 16 101 0.683168 24
19694 70 28 98 0.428571 32
19695 49 61 110 -0.109091 31
19696 55 36 91 0.208791 22
19697 6 97 103 -0.883495 23
19698 61 44 105 0.161905 30
19699 68 48 116 0.172414 25
19700 73 27 100 0.46 23
19701 96 21 117 0.641026 26
19702 130 2 132 0.969697 19
19703 22 89 111 -0.603604 26
19704 3 112 115 -0.947826 22
19705 9 87 96 -0.8125 17
19706 67 45 112 0.196429 26
19707 73 70 143 0.020979 27
19708 40 54 94 -0.148936 22
19709 7 133 140 -0.9 16
19710 21 100 121 -0.652893 30
19711 33 0 33 1 11
19712 42 53 95 -0.115789 28
19713 105 22 127 0.653543 19
19714 14 107 121 -0.768595 24
19715 5 100 105 -0.904762 19
19716 55 43 98 0.122449 30
19717 47 35 82 0.146341 24
19718 11 65 76 -0.710526 22
19719 79 39 118 0.338983 32
19720 72 14 86 0.674419 26
19721 38 55 93 -0.182796 28
19722 10 78 88 -0.772727 24
19723 68 40 108 0.259259 27
19724 71 27 98 0.44898 28
19725 72 23 95 0.515789 26
19726 25 62 87 -0.425287 27
19727 103 32 135 0.525926 32
19728 78 40 118 0.322034 21
19729 44 46 90 -0.0222222 25
19730 2 148 150 -0.973333 19
19731 104 20 124 0.677419 26
19732 81 6 87 0.862069 19
19733 54 43 97 0.113402 32
19734 81 8 89 0.820225 22
19735 37 61 98 -0.244898 26
19736 98 19 117 0.675214 27
19737 62 60 122 0.0163934 33
19738 35 55 90 -0.222222 31
19739 60 47 107 0.121495 32
19740 17 123 140 -0.757143 26
19741 56 15 71 0.577465 23
19742 8 108 116 -0.862069 17
19743 27 64 91 -0.406593 25
19744 26 103 129 -0.596899 28
19745 10 58 68 -0.705882 27
19746 24 80 104 -0.538462 29
19747 123 14 137 0.79562 24
19748 34 44 78 -0.128205 23
19749 33 63 96 -0.3125 24
19750 96 16 112 0.714286 27
19751 58 61 119 -0.0252101 30
19752 11 139 150 -0.853333 25
19753 63 50 113 0.115044 28
19754 30 76 106 -0.433962 25
19755 83 51 134 0.238806 33
19756 48 50 98 -0.0204082 29
19757 104 27 131 0.587786 24
19758 60 39 99 0.212121 30
19759 126 9 135 0.866667 20
19760 92 10 102 0.803922 22
19761 21 46 67 -0.373134 24
19762 90 17 107 0.682243 25
19763 51 68 119 -0.142857 37
19764 76 56 132 0.151515 33
19765 28 99 127 -0.559055 21
19766 33 67 100 -0.34 30
19767 47 63 110 -0.145455 29
19768 5 62 67 -0.850746 21
19769 18 124 142 -0.746479 26
19770 112 10 122 0.836066 21
19771 7 104 111 -0.873874 24
19772 33 42 75 -0.12 31
19773 63 39 102 0.235294 27
19774 44 38 82 0.0731707 29
19775 75 31 106 0.415094 33
19776 20 104 124 -0.677419 24
19777 62 32 94 0.319149 26
19778 45 59 104 -0.134615 29
19779 19 55 74 -0.486486 21
19780 69 23 92 0.5 29
19781 89 32 121 0.471074 27
19782 27 95 122 -0.557377 30
19783 32 98 130 -0.507692 27
19784 52 70 122 -0.147541 26
19785 34 56 90 -0.244444 29
19786 43 86 129 -0.333333 29
19787 34 66 100 -0.32 32
19788 22 116 138 -0.681159 29
19789 87 20 107 0.626168 25
19790 18 74 92 -0.608696 28
19791 24 94 118 -0.59322 29
19792 99 22 121 0.636364 29
19793 8 96 104 -0.846154 21
19794 32 88 120 -0.466667 26
19795 62 44 106 0.169811 29
19796 22 84 106 -0.584906 28
19797 87 34 121 0.438017 30
19798 42 59 101 -0.168317 25
19799 136 2 138 0.971014 16
19800 57 46 103 0.106796 30
19801 25 76 101 -0.50495 24
19802 42 72 114 -0.263158 31
19803 63 16 79 0.594937 25
19804 2 153 155 -0.974194 17
19805 106 25 131 0.618321 29
19806 38 38 76 0 32
19807 33 76 109 -0.394495 29
19808 42 60 102 -0.176471 28
19809 91 16 107 0.700935 24
19810 79 21 100 0.58 24
19811 28 18 46 0.217391 25
19812 101 13 114 0.77193 23
19813 5 146 151 -0.933775 24
19814 42 80 122 -0.311475 27
19815 108 30 138 0.565217 32
19816 37 51 88 -0.159091 22
19817 71 54 125 0.136 29
19818 10 84 94 -0.787234 21
19819 9 75 84 -0.785714 26
19820 82 17 99 0.656566 25
19821 83 19 102 0.627451 24
19822 50 42 92 0.0869565 19
19823 66 31 97 0.360825 25
19824 69 41 110 0.254545 33
19825 17 102 119 -0.714286 25
19826 42 4 46 0.826087 19
19827 88 14 102 0.72549 24
19828 48 46 94 0.0212766 31
19829 7 124 131 -0.89313 25
19830 39 49 88 -0.113636 23
19831 29 120 149 -0.610738 33
19832 79 7 86 0.837209 25
19833 105 22 127 0.653543 28
19834 39 52 91 -0.142857 34
19835 4 115 119 -0.932773 23
19836 49 66 115 -0.147826 34
19837 81 32 113 0.433628 26
19838 37 53 90 -0.177778 26
19839 37 57 94 -0.212766 27
19840 8 81 89 -0.820225 19
19841 117 14 131 0.78626 27
19842 20 99 119 -0.663866 28
19843 100 8 108 0.851852 22
19844 36 59 95 -0.242105 28
19845 69 32 101 0.366337 28
19846 77 18 95 0.621053 20
19847 49 24 73 0.342466 27
19848 139 4 143 0.944056 22
19849 21 91 112 -0.625 30
19850 30 97 127 -0.527559 25
19851 72 32 104 0.384615 34
19852 177 6 183 0.934426 23
19853 28 64 92 -0.391304 28
19854 11 104 115 -0.808696 17
19855 78 30 108 0.444444 27
19856 37 74 111 -0.333333 26
19857 20 79 99 -0.59596 23
19858 79 35 114 0.385965 29
19859 113 1 114 0.982456 16
19860 8 105 113 -0.858407 20
19861 25 62 87 -0.425287 26
19862 13 117 130 -0.8 25
19863 63 10 73 0.726027 23
19864 106 5 111 0.90991 23
19865 52 63 115 -0.0956522 29
19866 41 72 113 -0.274336 30
19867 118 11 129 0.829457 27
19868 61 67 128 -0.046875 30
19869 119 5 124 0.919355 23
19870 38 61 99 -0.232323 30
19871 11 72 83 -0.73494 22
19872 3 70 73 -0.917808 16
19873 69 40 109 0.266055 29
19874 93 8 101 0.841584 24
19875 33 59 92 -0.282609 31
19876 44 40 84 0.047619 26
19877 61 45 106 0.150943 30
19878 39 64 103 -0.242718 30
19879 42 64 106 -0.207547 28
19880 37 103 140 -0.471429 34
19881 89 9 98 0.816327 23
19882 36 83 119 -0.394958 27
19883 53 30 83 0.277108 28
19884 12 89 101 -0.762376 21
19885 75 22 97 0.546392 25
19886 18 74 92 -0.608696 26
19887 26 1 27 0.925926 10
19888 19 84 103 -0.631068 27
19889 59 59 118 0 29
19890 68 35 103 0.320388 27
19891 76 19 95 0.6 28
19892 18 86 104 -0.653846 28
19893 14 94 108 -0.740741 20
19894 28 70 98 -0.428571 19
19895 107 11 118 0.813559 26
19896 71 58 129 0.100775 31
19897 30 71 101 -0.405941 26
19898 39 69 108 -0.277778 35
19899 131 12 143 0.832168 26
19900 32 40 72 -0.111111 20
19901 50 66 116 -0.137931 29
19902 14 99 113 -0.752212 28
19903 56 32 88 0.272727 29
19904 33 46 79 -0.164557 27
19905 31 51 82 -0.243902 25
19906 51 52 103 -0.00970874 29
19907 4 67 71 -0.887324 19
19908 44 60 104 -0.153846 31
19909 51 49 100 0.02 27
19910 47 75 122 -0.229508 27
19911 22 74 96 -0.541667 31
19912 17 122 139 -0.755396 25
19913 35 49 84 -0.166667 19
19914 112 20 132 0.69697 26
19915 136 5 141 0.929078 21
19916 84 5 89 0.88764 20
19917 94 28 122 0.540984 29
19918 38 66 104 -0.269231 25
19919 23 78 101 -0.544554 19
19920 34 85 119 -0.428571 37
19921 9 73 82 -0.780488 19
19922 79 14 93 0.698925 24
19923 46 94 140 -0.342857 31
19924 136 6 142 0.915493 23
19925 45 44 89 0.011236 23
19926 48 70 118 -0.186441 33
19927 65 36 101 0.287129 26
19928 8 96 104 -0.846154 26
19929 135 11 146 0.849315 27
19930 29 64 93 -0.376344 26
19931 13 100 113 -0.769912 27
19932 44 53 97 -0.0927835 32
19933 5 151 156 -0.935897 15
19934 37 43 80 -0.075 21
19935 106 18 124 0.709677 23
19936 38 51 89 -0.146067 24
19937 19 125 144 -0.736111 27
19938 1 140 141 -0.985816 15
19939 32 35 67 -0.0447761 25
19940 105 16 121 0.735537 25
19941 58 46 104 0.115385 33
19942 14 84 98 -0.714286 23
19943 32 101 133 -0.518797 30
19944 68 60 128 0.0625 33
19945 33 65 98 -0.326531 27
19946 92 24 116 0.586207 30
19947 52 57 109 -0.0458716 29
19948 9 100 109 -0.834862 26
19949 9 121 130 -0.861538 22
19950 95 25 120 0.583333 26
19951 45 44 89 0.011236 27
19952 104 14 118 0.762712 26
19953 46 73 119 -0.226891 30
19954 113 14 127 0.779528 23
19955 84 26 110 0.527273 27
19956 48 54 102 -0.0588235 29
19957 68 68 136 0 31
19958 37 46 83 -0.108434 24
19959 101 16 117 0.726496 30
19960 68 39 107 0.271028 26
19961 37 68 105 -0.295238 23
19962 50 59 109 -0.0825688 25
19963 85 50 135 0.259259 26
19964 95 26 121 0.570248 32
19965 30 41 71 -0.15493 20
19966 13 119 132 -0.80303 27
19967 104 25 129 0.612403 30
19968 54 45 99 0.0909091 32
19969 87 16 103 0.68932 31
19970 45 63 108 -0.166667 30
19971 33 68 101 -0.346535 26
19972 67 17 84 0.595238 28
19973 13 135 148 -0.824324 24
19974 65 44 109 0.192661 31
19975 11 89 100 -0.78 25
19976 110 13 123 0.788618 21
19977 42 38 80 0.05 24
19978 36 69 105 -0.314286 25
19979 112 4 116 0.931034 21
19980 20 67 87 -0.54023 24
19981 54 46 100 0.08 28
19982 71 41 112 0.267857 28
19983 132 14 146 0.808219 27
19984 64 65 129 -0.00775194 34
19985 86 15 101 0.70297 31
19986 99 9 108 0.833333 25
19987 31 62 93 -0.333333 32
19988 38 54 92 -0.173913 30
19989 38 51 89 -0.146067 26
19990 86 24 110 0.563636 30
19991 16 91 107 -0.700935 27
19992 43 35 78 0.102564 29
19993 56 2 58 0.931034 15
19994 67 37 104 0.288462 24
19995 5 96 101 -0.90099 18
19996 85 8 93 0.827957 25
19997 54 20 74 0.459459 32
19998 92 53 145 0.268966 30
19999 47 56 103 -0.0873786 29
