# event_id generated_optical_photons
0 1612
1 1856
2 1780
3 1699
4 1693
5 1281
6 1834
7 1565
8 1403
9 1875
10 1770
11 1619
12 998
13 1537
14 1696
15 1751
16 1265
17 1234
18 1943
19 1586
20 1596
21 1759
22 1398
23 1565
24 1447
25 1693
26 1883
27 1700
28 1803
29 1500
30 1946
31 1482
32 1834
33 1754
34 1571
35 1768
36 1783
37 1587
38 1639
39 1518
40 1746
41 1688
42 1673
43 1684
44 1615
45 1860
46 1759
47 1774
48 1420
49 1331
50 1249
51 1543
52 1563
53 1784
54 1863
55 1259
56 1297
57 1748
58 1891
59 1753
60 1481
61 1640
62 1799
63 1673
64 1486
65 598
66 1842
67 1954
68 1745
69 1701
70 2027
71 1445
72 1736
73 1034
74 1761
75 1668
76 1781
77 1412
78 1679
79 1973
80 1848
81 1677
82 1865
83 1540
84 1651
85 1865
86 1454
87 1741
88 1623
89 1589
90 1870
91 1305
92 1576
93 1711
94 1588
95 1671
96 1676
97 1831
98 1637
99 1550
100 1814
101 1756
102 1873
103 1646
104 1862
105 1703
106 1778
107 1810
108 1737
109 1793
110 1657
111 1725
112 1714
113 1800
114 1463
115 1555
116 1705
117 1846
118 1676
119 1764
120 1286
121 1644
122 1817
123 1473
124 1618
125 1681
126 1521
127 1453
128 1922
129 1972
130 1833
131 1781
132 1630
133 1758
134 1949
135 1649
136 1860
137 1524
138 1381
139 1460
140 1728
141 1733
142 1734
143 1797
144 1650
145 1761
146 1625
147 1476
148 1463
149 1516
150 1814
151 1668
152 1960
153 1358
154 1595
155 1846
156 873
157 1589
158 1743
159 1597
160 1797
161 1844
162 1109
163 1503
164 1775
165 1312
166 1384
167 1474
168 1857
169 1587
170 1600
171 1407
172 1857
173 2014
174 1747
175 1793
176 1810
177 1654
178 1702
179 1102
180 1676
181 1810
182 1446
183 1460
184 1502
185 1796
186 1503
187 1857
188 1443
189 1423
190 1824
191 1680
192 1605
193 1890
194 1705
195 1462
196 1545
197 1445
198 1629
199 1701
200 1067
201 1752
202 1760
203 1733
204 1612
205 1482
206 1721
207 1705
208 1948
209 1544
210 1693
211 1640
212 1990
213 1670
214 1149
215 1693
216 1759
217 1722
218 980
219 1769
220 1514
221 1358
222 1691
223 1680
224 1795
225 1774
226 1333
227 1755
228 1988
229 1460
230 1557
231 1702
232 1782
233 1547
234 1703
235 1803
236 1769
237 1845
238 0
239 1530
240 1786
241 1783
242 1565
243 1842
244 1834
245 1001
246 1645
247 1922
248 1723
249 1824
250 841
251 1587
252 1056
253 1769
254 1746
255 1693
256 1408
257 1669
258 1795
259 1620
260 1664
261 1802
262 1793
263 1434
264 1875
265 1636
266 1606
267 1656
268 1810
269 1563
270 1648
271 1540
272 1751
273 1763
274 1706
275 1118
276 1881
277 1547
278 1710
279 1822
280 1532
281 1470
282 1338
283 1676
284 1774
285 1837
286 1637
287 1605
288 1566
289 1659
290 1362
291 1629
292 1523
293 1469
294 1643
295 1802
296 1764
297 1884
298 1531
299 1182
300 1571
301 1573
302 1778
303 1583
304 1593
305 1632
306 1950
307 1885
308 1739
309 1658
310 1628
311 1738
312 1758
313 1765
314 1539
315 1529
316 1723
317 1897
318 1557
319 1400
320 1813
321 1726
322 1707
323 1620
324 1827
325 1629
326 1604
327 1488
328 1804
329 2027
330 1881
331 1770
332 1735
333 1631
334 1536
335 1634
336 1575
337 1816
338 1574
339 1566
340 1701
341 1770
342 1901
343 1782
344 1806
345 1928
346 1462
347 1668
348 1728
349 1610
350 1815
351 1659
352 1748
353 1637
354 1804
355 1747
356 1748
357 1400
358 1832
359 1867
360 1687
361 1700
362 1907
363 1703
364 1663
365 1557
366 1357
367 1589
368 727
369 1567
370 1560
371 1733
372 1733
373 1835
374 1619
375 1571
376 1013
377 1451
378 1734
379 1778
380 1470
381 1381
382 1485
383 1240
384 1488
385 1500
386 1456
387 1816
388 1713
389 1874
390 1566
391 1666
392 1534
393 1594
394 1903
395 1658
396 1691
397 1519
398 1366
399 1929
400 1172
401 1855
402 1687
403 1654
404 1747
405 1635
406 1875
407 1504
408 1739
409 1599
410 1766
411 1737
412 1674
413 1601
414 1556
415 1666
416 1612
417 1641
418 1747
419 1806
420 1712
421 1891
422 1508
423 1682
424 1561
425 1774
426 1686
427 1641
428 121
429 1766
430 1668
431 1739
432 1691
433 1618
434 1397
435 1686
436 1667
437 1458
438 1365
439 1325
440 1684
441 1752
442 1429
443 1934
444 1614
445 1665
446 1349
447 1692
448 1762
449 1655
450 1927
451 1984
452 1756
453 665
454 1892
455 1779
456 1560
457 1791
458 1751
459 1741
460 1918
461 1802
462 328
463 1495
464 1658
465 1916
466 1771
467 1632
468 1635
469 1910
470 1278
471 1900
472 1523
473 1638
474 1574
475 1797
476 1811
477 1705
478 1590
479 1581
480 1678
481 1494
482 1772
483 1674
484 1294
485 1724
486 1754
487 1914
488 1550
489 1735
490 1774
491 1766
492 1512
493 1310
494 1543
495 1553
496 1295
497 1588
498 1765
499 1688
500 1442
501 1745
502 1925
503 1596
504 1370
505 1480
506 1829
507 1641
508 1822
509 1723
510 1818
511 1806
512 1789
513 1592
514 1570
515 1676
516 1755
517 1344
518 1591
519 1612
520 1626
521 1600
522 1591
523 2028
524 1587
525 1577
526 1485
527 1673
528 1777
529 1800
530 1505
531 1565
532 1754
533 1674
534 1719
535 1741
536 1574
537 769
538 1793
539 1917
540 1438
541 1913
542 1327
543 1909
544 1843
545 1891
546 1784
547 1846
548 1912
549 1567
550 1618
551 1882
552 1561
553 1607
554 1617
555 1839
556 1360
557 1690
558 1921
559 1631
560 1846
561 1727
562 1263
563 1622
564 1825
565 1754
566 1610
567 1891
568 1526
569 1148
570 1283
571 1852
572 1691
573 1412
574 1765
575 1567
576 1638
577 1576
578 1684
579 1514
580 1058
581 1855
582 1830
583 1553
584 1791
585 1901
586 1105
587 1722
588 1440
589 1724
590 1577
591 1484
592 1484
593 797
594 1428
595 1940
596 1654
597 1439
598 1776
599 1724
600 1548
601 1808
602 1702
603 1808
604 1611
605 1764
606 1741
607 1851
608 1661
609 1674
610 1695
611 1743
612 1310
613 1798
614 1504
615 1315
616 1827
617 1863
618 1636
619 1522
620 1268
621 1862
622 1242
623 1161
624 1571
625 1737
626 1530
627 2017
628 1535
629 1702
630 1929
631 1821
632 1679
633 1795
634 1705
635 1756
636 1760
637 1649
638 1779
639 1759
640 1673
641 1792
642 1655
643 1805
644 1871
645 1428
646 1514
647 1447
648 1864
649 1702
650 1624
651 1635
652 1055
653 1444
654 1459
655 1755
656 1515
657 965
658 1458
659 1491
660 1548
661 1639
662 1784
663 1594
664 1482
665 1726
666 1654
667 1850
668 1776
669 1583
670 1863
671 1750
672 1667
673 1772
674 1579
675 1700
676 1814
677 1896
678 1814
679 1459
680 1179
681 1677
682 1796
683 1582
684 1696
685 1828
686 1840
687 1828
688 1871
689 1614
690 1681
691 1480
692 1607
693 1747
694 1708
695 1697
696 1937
697 1435
698 1830
699 1847
700 1823
701 1188
702 1791
703 512
704 1752
705 1729
706 1677
707 1762
708 1815
709 1651
710 1717
711 1616
712 1515
713 1084
714 1714
715 1624
716 1697
717 1734
718 1289
719 1663
720 1762
721 1709
722 1860
723 1387
724 1532
725 1409
726 1816
727 1697
728 1538
729 1521
730 1937
731 1644
732 1789
733 1366
734 1883
735 1911
736 1752
737 1844
738 1727
739 1621
740 1777
741 1822
742 1650
743 1467
744 1662
745 1252
746 1748
747 1965
748 1998
749 1687
750 1464
751 1587
752 1738
753 1584
754 1822
755 1525
756 1823
757 1783
758 1687
759 1494
760 1631
761 1625
762 1813
763 1474
764 1313
765 1853
766 1546
767 1734
768 1420
769 1814
770 1376
771 1678
772 1357
773 1685
774 1095
775 1795
776 1658
777 1774
778 1815
779 1616
780 1738
781 1693
782 1772
783 1848
784 1373
785 1712
786 1710
787 1624
788 1547
789 1789
790 1310
791 1610
792 1838
793 1851
794 1405
795 1712
796 494
797 1858
798 1663
799 1601
800 1635
801 1789
802 1293
803 1326
804 1790
805 1180
806 1907
807 1704
808 1778
809 1716
810 1278
811 1674
812 1234
813 1883
814 1466
815 1844
816 1574
817 1559
818 1488
819 1113
820 1859
821 1637
822 1805
823 1709
824 2002
825 1782
826 1439
827 1892
828 1605
829 1714
830 1561
831 784
832 1628
833 2020
834 1743
835 1346
836 1334
837 1693
838 1605
839 1902
840 1820
841 1643
842 1609
843 1833
844 1801
845 1375
846 1596
847 1710
848 1703
849 1481
850 1765
851 1583
852 1878
853 1829
854 1781
855 1709
856 1733
857 1860
858 1638
859 1786
860 1094
861 1294
862 1349
863 1804
864 1380
865 1455
866 1727
867 1694
868 1604
869 1735
870 1679
871 1283
872 1677
873 1629
874 1905
875 1780
876 1595
877 1648
878 1522
879 1762
880 1657
881 1399
882 1609
883 1657
884 1829
885 1537
886 1780
887 1735
888 1653
889 1705
890 1675
891 2015
892 1649
893 1601
894 1663
895 1493
896 1716
897 1871
898 221
899 1711
900 1696
901 1722
902 1549
903 1651
904 1685
905 1441
906 1467
907 1709
908 1416
909 1055
910 1490
911 1456
912 1486
913 1659
914 1684
915 1724
916 1652
917 1659
918 1725
919 1701
920 1134
921 1549
922 1714
923 1546
924 1810
925 1347
926 1540
927 1632
928 1828
929 1620
930 1698
931 1769
932 1747
933 1385
934 1443
935 1433
936 1844
937 1721
938 1340
939 1443
940 1739
941 1745
942 1556
943 1616
944 1855
945 1763
946 1703
947 1486
948 1694
949 1522
950 1685
951 1732
952 1728
953 601
954 1460
955 1966
956 1851
957 1530
958 1949
959 1449
960 1163
961 1928
962 1973
963 1646
964 1428
965 1671
966 1713
967 1529
968 1797
969 2071
970 1557
971 1798
972 1892
973 1705
974 1698
975 1727
976 1657
977 1700
978 1567
979 1649
980 1625
981 1882
982 1735
983 1623
984 1856
985 1766
986 1742
987 1901
988 1611
989 1859
990 1602
991 1781
992 1381
993 1824
994 1185
995 1412
996 1681
997 1326
998 1239
999 1730
1000 1703
1001 1785
1002 1806
1003 1796
1004 1599
1005 1706
1006 1761
1007 1566
1008 1873
1009 1610
1010 1652
1011 1708
1012 1531
1013 1632
1014 1682
1015 1496
1016 1639
1017 1920
1018 1788
1019 1577
1020 1596
1021 1719
1022 1669
1023 1718
1024 1714
1025 1654
1026 400
1027 1696
1028 1953
1029 1761
1030 1587
1031 1537
1032 1732
1033 1781
1034 1403
1035 1730
1036 1683
1037 1626
1038 1900
1039 1583
1040 1270
1041 1238
1042 1479
1043 1561
1044 1560
1045 1628
1046 1496
1047 1550
1048 1500
1049 1685
1050 1385
1051 1686
1052 1477
1053 1830
1054 1706
1055 1673
1056 1529
1057 1850
1058 1277
1059 1527
1060 1766
1061 1513
1062 1532
1063 1639
1064 1747
1065 1723
1066 1794
1067 1390
1068 1425
1069 1857
1070 1358
1071 1487
1072 1754
1073 1824
1074 1733
1075 1845
1076 1912
1077 1847
1078 1778
1079 1665
1080 1958
1081 1534
1082 1831
1083 1799
1084 1719
1085 1629
1086 1720
1087 1784
1088 1509
1089 1759
1090 1750
1091 1597
1092 1459
1093 1787
1094 1912
1095 1782
1096 1835
1097 1768
1098 1786
1099 1656
1100 1826
1101 261
1102 1955
1103 1869
1104 1575
1105 1542
1106 1475
1107 1795
1108 1817
1109 1666
1110 1861
1111 1490
1112 1299
1113 1765
1114 1225
1115 1570
1116 1792
1117 1522
1118 1561
1119 1729
1120 1561
1121 1586
1122 1623
1123 1432
1124 1249
1125 1593
1126 1968
1127 1656
1128 1835
1129 1570
1130 1393
1131 1690
1132 1583
1133 1615
1134 1415
1135 1899
1136 1828
1137 1394
1138 1485
1139 1605
1140 1820
1141 1731
1142 1486
1143 1665
1144 1509
1145 1771
1146 1700
1147 1730
1148 1776
1149 1627
1150 1489
1151 1476
1152 1629
1153 1571
1154 1830
1155 1707
1156 1864
1157 1845
1158 1607
1159 1678
1160 1364
1161 1685
1162 1648
1163 1728
1164 1671
1165 1866
1166 1430
1167 1644
1168 1698
1169 1608
1170 1436
1171 1404
1172 1739
1173 1501
1174 1874
1175 1395
1176 2003
1177 1876
1178 1923
1179 1460
1180 1353
1181 1755
1182 1710
1183 1895
1184 1837
1185 1608
1186 1730
1187 1883
1188 1446
1189 1677
1190 1824
1191 1765
1192 1431
1193 1782
1194 1911
1195 1763
1196 1819
1197 1811
1198 2156
1199 1611
1200 1743
1201 1572
1202 1715
1203 1524
1204 1926
1205 1622
1206 1686
1207 1843
1208 1290
1209 1807
1210 1585
1211 1831
1212 719
1213 1825
1214 1600
1215 1533
1216 1783
1217 1569
1218 1484
1219 1756
1220 1778
1221 1548
1222 708
1223 1905
1224 1808
1225 1847
1226 1306
1227 1383
1228 1748
1229 1110
1230 1666
1231 1524
1232 1713
1233 1771
1234 1459
1235 1291
1236 1382
1237 1906
1238 1747
1239 1681
1240 1676
1241 1220
1242 1871
1243 1781
1244 1756
1245 1684
1246 1666
1247 1837
1248 1722
1249 1717
1250 1842
1251 1875
1252 1506
1253 1831
1254 1834
1255 1657
1256 1732
1257 1940
1258 1626
1259 1638
1260 1785
1261 1406
1262 1624
1263 1794
1264 1761
1265 1917
1266 1532
1267 1823
1268 1710
1269 1734
1270 1717
1271 1574
1272 1614
1273 1346
1274 1685
1275 1734
1276 1722
1277 1759
1278 1621
1279 1759
1280 1312
1281 1663
1282 1836
1283 1732
1284 1742
1285 1839
1286 1887
1287 1648
1288 1724
1289 1802
1290 1818
1291 1349
1292 1552
1293 1594
1294 1664
1295 1763
1296 1606
1297 1639
1298 1387
1299 1807
1300 1548
1301 1573
1302 1530
1303 1880
1304 1677
1305 1608
1306 1881
1307 1925
1308 1701
1309 1759
1310 1589
1311 1977
1312 1696
1313 1850
1314 1506
1315 1764
1316 1724
1317 1595
1318 1880
1319 1680
1320 1790
1321 1807
1322 1634
1323 1655
1324 1806
1325 1792
1326 1956
1327 1188
1328 1828
1329 1294
1330 1603
1331 1709
1332 1281
1333 1678
1334 1558
1335 1867
1336 848
1337 1959
1338 1544
1339 1902
1340 1778
1341 1875
1342 1593
1343 1606
1344 1719
1345 1728
1346 1604
1347 1238
1348 1782
1349 1835
1350 1849
1351 1774
1352 1831
1353 1847
1354 1441
1355 1543
1356 1569
1357 1648
1358 1624
1359 721
1360 1907
1361 1669
1362 1283
1363 1635
1364 1601
1365 1665
1366 1519
1367 1627
1368 1665
1369 1991
1370 1787
1371 1660
1372 1382
1373 1480
1374 1654
1375 1884
1376 1637
1377 1577
1378 1957
1379 1794
1380 1787
1381 1627
1382 1684
1383 1637
1384 1451
1385 1647
1386 1798
1387 1736
1388 1775
1389 1589
1390 1631
1391 1869
1392 1381
1393 1394
1394 1381
1395 194
1396 1758
1397 1681
1398 1532
1399 1603
1400 1846
1401 1787
1402 1770
1403 1472
1404 1751
1405 1640
1406 1597
1407 1725
1408 1798
1409 1647
1410 1748
1411 1496
1412 1488
1413 1263
1414 1624
1415 1973
1416 1636
1417 1702
1418 1065
1419 1788
1420 502
1421 1056
1422 1597
1423 103
1424 1122
1425 1499
1426 1575
1427 1900
1428 1480
1429 1769
1430 1664
1431 1782
1432 1685
1433 1146
1434 1374
1435 1517
1436 1737
1437 1620
1438 1576
1439 1764
1440 1665
1441 1745
1442 1541
1443 1602
1444 1655
1445 1669
1446 1681
1447 1639
1448 1667
1449 1616
1450 1497
1451 1562
1452 1398
1453 1507
1454 1522
1455 1623
1456 1716
1457 1592
1458 1512
1459 1856
1460 1542
1461 1737
1462 1376
1463 1673
1464 1513
1465 1600
1466 1818
1467 1555
1468 1788
1469 1633
1470 1431
1471 1508
1472 1665
1473 1667
1474 1347
1475 1393
1476 1593
1477 1797
1478 1484
1479 1332
1480 1774
1481 1716
1482 1701
1483 1868
1484 1592
1485 1752
1486 1451
1487 1875
1488 1764
1489 1688
1490 1643
1491 1673
1492 1740
1493 1868
1494 1703
1495 1562
1496 1843
1497 1909
1498 1812
1499 1360
1500 1704
1501 1911
1502 1595
1503 1106
1504 1869
1505 1573
1506 1754
1507 1933
1508 1534
1509 1606
1510 1643
1511 1722
1512 1571
1513 1791
1514 1863
1515 1310
1516 1642
1517 1795
1518 1700
1519 1390
1520 1550
1521 1766
1522 1898
1523 1698
1524 1443
1525 1641
1526 1673
1527 1707
1528 1584
1529 1506
1530 1506
1531 1817
1532 1713
1533 1765
1534 1222
1535 1661
1536 1682
1537 1464
1538 1806
1539 1480
1540 1544
1541 1645
1542 1769
1543 1585
1544 1821
1545 1785
1546 1861
1547 1775
1548 1492
1549 1948
1550 1776
1551 1673
1552 1477
1553 1645
1554 1763
1555 1557
1556 1878
1557 1461
1558 1722
1559 1778
1560 1682
1561 1199
1562 1334
1563 1500
1564 1631
1565 1343
1566 1622
1567 1148
1568 1823
1569 1426
1570 1755
1571 1772
1572 1727
1573 1639
1574 1707
1575 1744
1576 1678
1577 1881
1578 1646
1579 1568
1580 1669
1581 1654
1582 1410
1583 1879
1584 1664
1585 1460
1586 1605
1587 1943
1588 1561
1589 1823
1590 1879
1591 1358
1592 1696
1593 1687
1594 1610
1595 1476
1596 1336
1597 1759
1598 1772
1599 1864
1600 1489
1601 1488
1602 1517
1603 1740
1604 1554
1605 1814
1606 1566
1607 1237
1608 1880
1609 1736
1610 1619
1611 1757
1612 1833
1613 1756
1614 1383
1615 1832
1616 1849
1617 1495
1618 1672
1619 1907
1620 1814
1621 1479
1622 1406
1623 1680
1624 1775
1625 1529
1626 1622
1627 1228
1628 1664
1629 1717
1630 1802
1631 1337
1632 1480
1633 1933
1634 1623
1635 1692
1636 1476
1637 2004
1638 1676
1639 1697
1640 248
1641 1818
1642 1688
1643 1940
1644 1583
1645 1822
1646 1833
1647 1310
1648 1429
1649 1658
1650 1460
1651 1523
1652 1522
1653 1504
1654 1438
1655 1419
1656 1886
1657 1365
1658 1560
1659 1464
1660 1541
1661 1274
1662 1707
1663 1908
1664 1739
1665 1871
1666 1585
1667 1555
1668 1749
1669 1737
1670 1909
1671 1394
1672 1619
1673 1699
1674 1592
1675 1402
1676 1470
1677 1783
1678 1764
1679 771
1680 1816
1681 1668
1682 1913
1683 1369
1684 1597
1685 1676
1686 1613
1687 1699
1688 1655
1689 1607
1690 2042
1691 1597
1692 1838
1693 1577
1694 1689
1695 1623
1696 1574
1697 1946
1698 1776
1699 1277
1700 1338
1701 1761
1702 1642
1703 1684
1704 1501
1705 1474
1706 1848
1707 1451
1708 1753
1709 1403
1710 1762
1711 1467
1712 1609
1713 1137
1714 1398
1715 1662
1716 1635
1717 1672
1718 1606
1719 1591
1720 1862
1721 1772
1722 1609
1723 1260
1724 1769
1725 1659
1726 1497
1727 1475
1728 1845
1729 1695
1730 1498
1731 1722
1732 1771
1733 1769
1734 1549
1735 1680
1736 1680
1737 1596
1738 1587
1739 1396
1740 1493
1741 1597
1742 1788
1743 1745
1744 1726
1745 1488
1746 1593
1747 1809
1748 1524
1749 1746
1750 1579
1751 1680
1752 1471
1753 1732
1754 1777
1755 1414
1756 1194
1757 1753
1758 1652
1759 1606
1760 1562
1761 1590
1762 1714
1763 1818
1764 1730
1765 1903
1766 1581
1767 1500
1768 1595
1769 1815
1770 1609
1771 1712
1772 1689
1773 1810
1774 1695
1775 1938
1776 1497
1777 1697
1778 1572
1779 1307
1780 1821
1781 1530
1782 1785
1783 1680
1784 1710
1785 1915
1786 1519
1787 1632
1788 1789
1789 1583
1790 1576
1791 1742
1792 1359
1793 1608
1794 1668
1795 1551
1796 1572
1797 1785
1798 1933
1799 1835
1800 1392
1801 1608
1802 1557
1803 1407
1804 1862
1805 838
1806 1477
1807 1824
1808 1979
1809 1698
1810 1775
1811 1622
1812 1385
1813 1943
1814 0
1815 1803
1816 1737
1817 1507
1818 1901
1819 1594
1820 1853
1821 1973
1822 1786
1823 1827
1824 1732
1825 1681
1826 1806
1827 1621
1828 1827
1829 1388
1830 1545
1831 1625
1832 1788
1833 1821
1834 1871
1835 1430
1836 1223
1837 1708
1838 1751
1839 1598
1840 1756
1841 1637
1842 1990
1843 1751
1844 1307
1845 1839
1846 0
1847 1360
1848 1295
1849 1559
1850 1779
1851 1445
1852 1241
1853 1074
1854 1642
1855 1752
1856 1688
1857 1294
1858 1465
1859 1611
1860 1763
1861 1260
1862 1682
1863 1593
1864 1516
1865 1529
1866 1715
1867 1088
1868 1688
1869 1309
1870 1769
1871 1728
1872 1541
1873 1355
1874 1730
1875 1342
1876 1772
1877 1723
1878 1884
1879 1647
1880 1594
1881 1806
1882 1701
1883 1476
1884 1757
1885 1506
1886 1536
1887 1566
1888 1406
1889 1912
1890 1696
1891 1458
1892 1158
1893 1480
1894 1899
1895 1795
1896 1509
1897 1837
1898 1694
1899 1864
1900 1775
1901 1963
1902 1543
1903 1428
1904 1614
1905 1789
1906 1520
1907 1473
1908 1684
1909 1811
1910 1551
1911 1923
1912 1587
1913 1803
1914 1724
1915 1689
1916 1471
1917 1776
1918 1849
1919 1501
1920 1666
1921 1690
1922 1684
1923 1726
1924 1562
1925 1602
1926 1517
1927 1667
1928 1414
1929 1598
1930 1818
1931 1735
1932 1782
1933 1618
1934 1590
1935 1855
1936 1858
1937 1560
1938 1606
1939 1652
1940 751
1941 1839
1942 1602
1943 1401
1944 1673
1945 1647
1946 1911
1947 1676
1948 1803
1949 1918
1950 1610
1951 1270
1952 1792
1953 1372
1954 1795
1955 1468
1956 1777
1957 1663
1958 1632
1959 1682
1960 1701
1961 1646
1962 1637
1963 1559
1964 1760
1965 1715
1966 1622
1967 1101
1968 1832
1969 1434
1970 1766
1971 1654
1972 1427
1973 1650
1974 1760
1975 1514
1976 1459
1977 1597
1978 1677
1979 1774
1980 1744
1981 1936
1982 1757
1983 1633
1984 1913
1985 1606
1986 1597
1987 1482
1988 1819
1989 1820
1990 1758
1991 1672
1992 1606
1993 1522
1994 1757
1995 1829
1996 1927
1997 1927
1998 1855
1999 1782
2000 1645
2001 1605
2002 1625
2003 1770
2004 1285
2005 1747
2006 1688
2007 1159
2008 1187
2009 1918
2010 1998
2011 1834
2012 1726
2013 1670
2014 1428
2015 1989
2016 1448
2017 1800
2018 1687
2019 1765
2020 1751
2021 1747
2022 1728
2023 1548
2024 1822
2025 1710
2026 1948
2027 1816
2028 1956
2029 1705
2030 1687
2031 1439
2032 1815
2033 1126
2034 1643
2035 1309
2036 1823
2037 1652
2038 1723
2039 1584
2040 1789
2041 761
2042 1897
2043 1699
2044 1865
2045 1135
2046 1789
2047 2060
2048 1640
2049 1660
2050 1682
2051 1748
2052 1840
2053 1505
2054 1389
2055 1751
2056 1860
2057 1751
2058 1668
2059 1857
2060 1648
2061 1583
2062 1889
2063 1694
2064 1497
2065 1582
2066 417
2067 662
2068 1693
2069 1784
2070 1643
2071 1830
2072 1735
2073 1557
2074 1837
2075 1264
2076 1376
2077 1527
2078 1694
2079 1764
2080 1928
2081 1833
2082 1574
2083 1738
2084 1939
2085 1767
2086 1418
2087 1914
2088 1739
2089 1272
2090 1153
2091 1771
2092 1731
2093 1895
2094 1786
2095 1457
2096 1761
2097 1626
2098 1526
2099 1497
2100 1787
2101 1939
2102 1715
2103 1760
2104 1358
2105 1690
2106 1564
2107 1727
2108 1457
2109 1705
2110 1290
2111 1552
2112 1685
2113 1788
2114 1150
2115 1841
2116 1439
2117 1686
2118 1574
2119 1736
2120 1909
2121 1787
2122 1705
2123 1411
2124 1534
2125 1538
2126 1509
2127 1540
2128 1559
2129 1775
2130 1563
2131 1645
2132 1625
2133 1490
2134 1939
2135 1926
2136 1680
2137 1557
2138 330
2139 1716
2140 1401
2141 1648
2142 1885
2143 1093
2144 1473
2145 1723
2146 1302
2147 1461
2148 1661
2149 1583
2150 1799
2151 1793
2152 1808
2153 1620
2154 1468
2155 1569
2156 1367
2157 1900
2158 1892
2159 1725
2160 1698
2161 1775
2162 1676
2163 1684
2164 1656
2165 1758
2166 1196
2167 1554
2168 1408
2169 1443
2170 1879
2171 1753
2172 1541
2173 1834
2174 1598
2175 1815
2176 1758
2177 1782
2178 1743
2179 1810
2180 1733
2181 1729
2182 1641
2183 1341
2184 764
2185 1283
2186 1591
2187 1530
2188 1636
2189 1757
2190 1458
2191 1191
2192 1699
2193 1573
2194 1823
2195 1612
2196 1742
2197 944
2198 1329
2199 1620
2200 1697
2201 1639
2202 1790
2203 1563
2204 1413
2205 1698
2206 1765
2207 1598
2208 1663
2209 1723
2210 1647
2211 1675
2212 1750
2213 1502
2214 1855
2215 1597
2216 1658
2217 1533
2218 1584
2219 1750
2220 1800
2221 1673
2222 1685
2223 1510
2224 1468
2225 1752
2226 1478
2227 1462
2228 1871
2229 1779
2230 1835
2231 1773
2232 1636
2233 1894
2234 1724
2235 1914
2236 1790
2237 1496
2238 1615
2239 312
2240 1569
2241 1429
2242 1793
2243 1719
2244 1545
2245 1893
2246 1479
2247 1607
2248 1787
2249 1554
2250 1595
2251 1842
2252 1800
2253 1674
2254 1527
2255 1849
2256 1693
2257 1795
2258 1394
2259 1732
2260 1788
2261 1775
2262 1744
2263 1427
2264 2026
2265 1983
2266 1830
2267 1737
2268 1462
2269 1838
2270 981
2271 1502
2272 1484
2273 1691
2274 1593
2275 1487
2276 1659
2277 1752
2278 1859
2279 1459
2280 1566
2281 1730
2282 1556
2283 1475
2284 1360
2285 1580
2286 1581
2287 1997
2288 1718
2289 1928
2290 1663
2291 1875
2292 1330
2293 1730
2294 1628
2295 1915
2296 1815
2297 1743
2298 1609
2299 954
2300 928
2301 1686
2302 1697
2303 1699
2304 1322
2305 1782
2306 1556
2307 1564
2308 1763
2309 1723
2310 1893
2311 1727
2312 1649
2313 1950
2314 1390
2315 1945
2316 1692
2317 1949
2318 1700
2319 1314
2320 1614
2321 1725
2322 1866
2323 1740
2324 1855
2325 1720
2326 1520
2327 1817
2328 664
2329 1105
2330 1814
2331 1718
2332 1684
2333 1621
2334 1642
2335 1527
2336 1365
2337 1547
2338 2033
2339 1815
2340 1776
2341 1626
2342 1505
2343 1928
2344 1876
2345 1744
2346 1584
2347 1555
2348 1821
2349 1343
2350 1781
2351 449
2352 1762
2353 1582
2354 1898
2355 1704
2356 1861
2357 1812
2358 1790
2359 1591
2360 1951
2361 1631
2362 1834
2363 1705
2364 1713
2365 1723
2366 1717
2367 1849
2368 1813
2369 1748
2370 1466
2371 1867
2372 1814
2373 1504
2374 1542
2375 1857
2376 1788
2377 1496
2378 529
2379 1604
2380 1810
2381 1874
2382 1677
2383 1458
2384 1795
2385 1864
2386 1641
2387 1659
2388 1931
2389 1019
2390 1832
2391 1796
2392 1513
2393 1206
2394 1568
2395 1844
2396 1572
2397 1761
2398 1759
2399 2055
2400 1590
2401 1864
2402 1744
2403 1755
2404 1722
2405 1750
2406 1563
2407 1853
2408 1697
2409 1700
2410 1837
2411 1695
2412 1215
2413 1220
2414 1645
2415 1511
2416 1534
2417 1622
2418 1638
2419 1778
2420 1375
2421 1845
2422 1290
2423 1544
2424 1570
2425 1538
2426 1492
2427 1580
2428 1576
2429 1440
2430 1738
2431 1532
2432 1587
2433 1643
2434 1316
2435 1500
2436 1230
2437 1557
2438 1829
2439 1569
2440 1807
2441 2003
2442 1678
2443 1514
2444 1617
2445 1828
2446 1856
2447 1488
2448 1574
2449 1271
2450 866
2451 1695
2452 2030
2453 1785
2454 1562
2455 1665
2456 1539
2457 1785
2458 1307
2459 1498
2460 1608
2461 1697
2462 1172
2463 1581
2464 1678
2465 1686
2466 1682
2467 1159
2468 1977
2469 1708
2470 1748
2471 1897
2472 1709
2473 1579
2474 1714
2475 1442
2476 1999
2477 1372
2478 1693
2479 1732
2480 1839
2481 1444
2482 1466
2483 1977
2484 1837
2485 1746
2486 1327
2487 1657
2488 1748
2489 1601
2490 1226
2491 1699
2492 1634
2493 1578
2494 1690
2495 1608
2496 1333
2497 1707
2498 1569
2499 1922
2500 1602
2501 1886
2502 1556
2503 1903
2504 1422
2505 1785
2506 1893
2507 1830
2508 1758
2509 1689
2510 1246
2511 1292
2512 1931
2513 1837
2514 1669
2515 1683
2516 1754
2517 1071
2518 1232
2519 1821
2520 1883
2521 1669
2522 1755
2523 1872
2524 1691
2525 1705
2526 1517
2527 982
2528 1774
2529 1648
2530 1629
2531 1726
2532 1749
2533 719
2534 1717
2535 1644
2536 1643
2537 1799
2538 1515
2539 1612
2540 1255
2541 1999
2542 1645
2543 1464
2544 1452
2545 1761
2546 1825
2547 1941
2548 1711
2549 859
2550 1515
2551 1539
2552 1464
2553 1707
2554 1858
2555 1639
2556 1677
2557 1767
2558 1524
2559 1866
2560 1710
2561 1516
2562 1609
2563 1656
2564 1527
2565 1658
2566 1691
2567 1615
2568 1569
2569 1590
2570 1610
2571 1358
2572 1809
2573 1844
2574 1593
2575 1689
2576 1430
2577 1146
2578 1596
2579 1493
2580 1584
2581 1613
2582 1622
2583 1785
2584 1649
2585 835
2586 1959
2587 1908
2588 1626
2589 1720
2590 1943
2591 1553
2592 1616
2593 1662
2594 1761
2595 1549
2596 1375
2597 1884
2598 1835
2599 1887
2600 1820
2601 1645
2602 1787
2603 1864
2604 1604
2605 1452
2606 1750
2607 1530
2608 1645
2609 1581
2610 1657
2611 1586
2612 1410
2613 1711
2614 1584
2615 1795
2616 1881
2617 1509
2618 1357
2619 1801
2620 1616
2621 1883
2622 1453
2623 1532
2624 1711
2625 1588
2626 739
2627 1756
2628 1774
2629 1443
2630 1603
2631 1658
2632 1656
2633 1499
2634 1546
2635 1800
2636 1551
2637 1636
2638 1671
2639 1363
2640 1494
2641 1820
2642 1440
2643 1221
2644 1722
2645 1652
2646 1910
2647 1679
2648 1535
2649 1091
2650 1935
2651 1745
2652 1774
2653 1650
2654 1663
2655 1701
2656 1398
2657 1543
2658 1742
2659 1842
2660 1564
2661 1833
2662 1782
2663 2138
2664 1953
2665 1161
2666 1581
2667 1685
2668 364
2669 1179
2670 1240
2671 1691
2672 1848
2673 1633
2674 1507
2675 1375
2676 1136
2677 1766
2678 1697
2679 1548
2680 1775
2681 1119
2682 1683
2683 1868
2684 1673
2685 1492
2686 1824
2687 1754
2688 1572
2689 1658
2690 1839
2691 1658
2692 1549
2693 1735
2694 1723
2695 1557
2696 1905
2697 1556
2698 1472
2699 1334
2700 1543
2701 1758
2702 1707
2703 1571
2704 1487
2705 1548
2706 1471
2707 1314
2708 1642
2709 1670
2710 1614
2711 1460
2712 1697
2713 1758
2714 1435
2715 1894
2716 1739
2717 1726
2718 1543
2719 1879
2720 1719
2721 1602
2722 1687
2723 1766
2724 1424
2725 1567
2726 375
2727 1638
2728 1605
2729 1442
2730 1584
2731 1827
2732 1446
2733 581
2734 1906
2735 1549
2736 1588
2737 1759
2738 1712
2739 1579
2740 1908
2741 1731
2742 1820
2743 1442
2744 1540
2745 1697
2746 1722
2747 1698
2748 1673
2749 1440
2750 1491
2751 1357
2752 1741
2753 1518
2754 1575
2755 1973
2756 1056
2757 1648
2758 1241
2759 1487
2760 1559
2761 1231
2762 1659
2763 1352
2764 1800
2765 1639
2766 1767
2767 1749
2768 1776
2769 1845
2770 1880
2771 1641
2772 1791
2773 1462
2774 1692
2775 1538
2776 1922
2777 1843
2778 1803
2779 1521
2780 1802
2781 1887
2782 1366
2783 1792
2784 1874
2785 1733
2786 1873
2787 1692
2788 1326
2789 1831
2790 1738
2791 1859
2792 1764
2793 1714
2794 1610
2795 1728
2796 1691
2797 1633
2798 1601
2799 1809
2800 1692
2801 1688
2802 1930
2803 1481
2804 1223
2805 1767
2806 1476
2807 1835
2808 1649
2809 1649
2810 1604
2811 1989
2812 1686
2813 1782
2814 1429
2815 1773
2816 1449
2817 1805
2818 1440
2819 1843
2820 1683
2821 1531
2822 1749
2823 1815
2824 1654
2825 1861
2826 1130
2827 1697
2828 1783
2829 1549
2830 1428
2831 1802
2832 1794
2833 1341
2834 1874
2835 1675
2836 1518
2837 1481
2838 1197
2839 1840
2840 1384
2841 1746
2842 1633
2843 1217
2844 1342
2845 1529
2846 1525
2847 1836
2848 1771
2849 1591
2850 1296
2851 1751
2852 1846
2853 1445
2854 1814
2855 1771
2856 1421
2857 1590
2858 1763
2859 1733
2860 1593
2861 1456
2862 1795
2863 1627
2864 1537
2865 1482
2866 1679
2867 1858
2868 1698
2869 1557
2870 1589
2871 1619
2872 1732
2873 1641
2874 1761
2875 1704
2876 1925
2877 1606
2878 1802
2879 1637
2880 1691
2881 1244
2882 1413
2883 1305
2884 1777
2885 1730
2886 1365
2887 1603
2888 1713
2889 1510
2890 1561
2891 1273
2892 1527
2893 1354
2894 1485
2895 1459
2896 1653
2897 1674
2898 1741
2899 1523
2900 1632
2901 1421
2902 1512
2903 1622
2904 634
2905 1646
2906 1770
2907 1507
2908 1819
2909 1504
2910 1488
2911 1659
2912 1802
2913 1823
2914 1308
2915 1575
2916 1701
2917 1812
2918 2013
2919 1766
2920 1372
2921 1285
2922 1577
2923 1490
2924 1778
2925 1582
2926 1735
2927 1757
2928 1809
2929 1381
2930 1776
2931 1675
2932 1817
2933 1376
2934 1747
2935 1761
2936 1702
2937 1731
2938 1644
2939 1692
2940 1822
2941 333
2942 1766
2943 1658
2944 1398
2945 1702
2946 1456
2947 1742
2948 1800
2949 1503
2950 1697
2951 1673
2952 1556
2953 1646
2954 1780
2955 1842
2956 1815
2957 1786
2958 1798
2959 1857
2960 1635
2961 1687
2962 1836
2963 1515
2964 1761
2965 1790
2966 1637
2967 1828
2968 1613
2969 1556
2970 1731
2971 1718
2972 1412
2973 1841
2974 1584
2975 1111
2976 1327
2977 1940
2978 1852
2979 1575
2980 1383
2981 1539
2982 1757
2983 1880
2984 1920
2985 1916
2986 1856
2987 1694
2988 1804
2989 1782
2990 1407
2991 1691
2992 1819
2993 1228
2994 1111
2995 1693
2996 1663
2997 1736
2998 1664
2999 1742
3000 1821
3001 1553
3002 1787
3003 1645
3004 1439
3005 1555
3006 1486
3007 1843
3008 1978
3009 1920
3010 1740
3011 1619
3012 1303
3013 1560
3014 1738
3015 1521
3016 1865
3017 1712
3018 1798
3019 1871
3020 1796
3021 1727
3022 1696
3023 1821
3024 1544
3025 1650
3026 1610
3027 1321
3028 1849
3029 1092
3030 1381
3031 1669
3032 1790
3033 1838
3034 1275
3035 1459
3036 1786
3037 1569
3038 1892
3039 1397
3040 2032
3041 1806
3042 1968
3043 1846
3044 1813
3045 1437
3046 1327
3047 1780
3048 1592
3049 1861
3050 1685
3051 1550
3052 1623
3053 1823
3054 1325
3055 1446
3056 1796
3057 1797
3058 1498
3059 1703
3060 1615
3061 1467
3062 1497
3063 1702
3064 1894
3065 1576
3066 1343
3067 1474
3068 1852
3069 1482
3070 1652
3071 1750
3072 1683
3073 1794
3074 1965
3075 1747
3076 1778
3077 1710
3078 1630
3079 1259
3080 1550
3081 1652
3082 963
3083 1540
3084 1597
3085 1578
3086 1533
3087 1671
3088 1810
3089 1425
3090 1469
3091 1738
3092 1557
3093 1635
3094 1427
3095 1508
3096 1729
3097 1747
3098 1828
3099 1543
3100 1726
3101 1619
3102 1778
3103 1736
3104 1680
3105 1404
3106 1615
3107 1740
3108 1918
3109 1662
3110 1890
3111 1946
3112 1628
3113 1893
3114 1135
3115 1299
3116 1704
3117 1697
3118 1785
3119 1626
3120 1366
3121 1669
3122 1438
3123 1596
3124 1450
3125 1730
3126 1619
3127 1594
3128 1685
3129 1798
3130 699
3131 1867
3132 1977
3133 1684
3134 1520
3135 1643
3136 1676
3137 1573
3138 1737
3139 1722
3140 1107
3141 1460
3142 1648
3143 1717
3144 1762
3145 1293
3146 1541
3147 1765
3148 1847
3149 1449
3150 1712
3151 1324
3152 1776
3153 1655
3154 1635
3155 1595
3156 1608
3157 1800
3158 1697
3159 1184
3160 1910
3161 1480
3162 1675
3163 1504
3164 1868
3165 1970
3166 1367
3167 1884
3168 1450
3169 1051
3170 1679
3171 1499
3172 1650
3173 1691
3174 1843
3175 1620
3176 1810
3177 1688
3178 1835
3179 1883
3180 1727
3181 1790
3182 1915
3183 1579
3184 1635
3185 1972
3186 1685
3187 1367
3188 1579
3189 1700
3190 1931
3191 1814
3192 1868
3193 1412
3194 1437
3195 1703
3196 1497
3197 1152
3198 1722
3199 1573
3200 1705
3201 1373
3202 1503
3203 1688
3204 1740
3205 1808
3206 1599
3207 1800
3208 1677
3209 1879
3210 1889
3211 1688
3212 1904
3213 1522
3214 1672
3215 1759
3216 1507
3217 1458
3218 2024
3219 1755
3220 1616
3221 1522
3222 1599
3223 1721
3224 1791
3225 1640
3226 1845
3227 1801
3228 1915
3229 1561
3230 1881
3231 1785
3232 1608
3233 1773
3234 1763
3235 1887
3236 1929
3237 1613
3238 1787
3239 1311
3240 1715
3241 1899
3242 1969
3243 1652
3244 1211
3245 1523
3246 1623
3247 1744
3248 1757
3249 1920
3250 1420
3251 1539
3252 1300
3253 1581
3254 1366
3255 2024
3256 1541
3257 1879
3258 1376
3259 1794
3260 1948
3261 1309
3262 1574
3263 1456
3264 1621
3265 1806
3266 1837
3267 1701
3268 1247
3269 1851
3270 1734
3271 1863
3272 1389
3273 1566
3274 1441
3275 1439
3276 1564
3277 1495
3278 1560
3279 1792
3280 1546
3281 1856
3282 1577
3283 1745
3284 1775
3285 1661
3286 1387
3287 1451
3288 1959
3289 1354
3290 1750
3291 1475
3292 1749
3293 1662
3294 1754
3295 1562
3296 1323
3297 1754
3298 1295
3299 1493
3300 1801
3301 1986
3302 1757
3303 1673
3304 1684
3305 1717
3306 1470
3307 1788
3308 1897
3309 1834
3310 1429
3311 1543
3312 1888
3313 1825
3314 1471
3315 1755
3316 1523
3317 1588
3318 1725
3319 1374
3320 1734
3321 1600
3322 1874
3323 601
3324 1422
3325 1820
3326 1659
3327 1640
3328 1733
3329 1569
3330 1424
3331 1970
3332 1671
3333 1702
3334 1741
3335 1647
3336 1673
3337 1328
3338 1426
3339 1295
3340 1479
3341 1824
3342 1682
3343 1614
3344 1783
3345 1247
3346 1485
3347 1223
3348 1408
3349 1348
3350 1735
3351 1897
3352 1851
3353 1385
3354 1715
3355 961
3356 1705
3357 1717
3358 1435
3359 1621
3360 1653
3361 1872
3362 1662
3363 1466
3364 1589
3365 1869
3366 1654
3367 1951
3368 1734
3369 1503
3370 1523
3371 1565
3372 1510
3373 1689
3374 1757
3375 1953
3376 1660
3377 1808
3378 1634
3379 1829
3380 1698
3381 1856
3382 1681
3383 1362
3384 1920
3385 1648
3386 1144
3387 1699
3388 1549
3389 1623
3390 1289
3391 1717
3392 1658
3393 1544
3394 1267
3395 1714
3396 1729
3397 1809
3398 1620
3399 1568
3400 1822
3401 1859
3402 1778
3403 1916
3404 1778
3405 1419
3406 1362
3407 1636
3408 1659
3409 1825
3410 1373
3411 1565
3412 1998
3413 1806
3414 1556
3415 1696
3416 1206
3417 1664
3418 1454
3419 1822
3420 1762
3421 1667
3422 1795
3423 1586
3424 1532
3425 1644
3426 1434
3427 1716
3428 1687
3429 1516
3430 1651
3431 1780
3432 1917
3433 1546
3434 1459
3435 1545
3436 1808
3437 1707
3438 1180
3439 925
3440 1498
3441 1672
3442 1719
3443 994
3444 1599
3445 1212
3446 1765
3447 1700
3448 1619
3449 1754
3450 1677
3451 1538
3452 1524
3453 1607
3454 1870
3455 1675
3456 1729
3457 1758
3458 1807
3459 1776
3460 1853
3461 1726
3462 1473
3463 1560
3464 1332
3465 1528
3466 1845
3467 1662
3468 1788
3469 1715
3470 1799
3471 1463
3472 1580
3473 1452
3474 1820
3475 1968
3476 1829
3477 1505
3478 1579
3479 1289
3480 1767
3481 1582
3482 1874
3483 1557
3484 1346
3485 1701
3486 1812
3487 1626
3488 1844
3489 1936
3490 1785
3491 1830
3492 1689
3493 1923
3494 1624
3495 1754
3496 1938
3497 1875
3498 1832
3499 1556
3500 1574
3501 1648
3502 1472
3503 1515
3504 1712
3505 1383
3506 1519
3507 1754
3508 1646
3509 1690
3510 1911
3511 1901
3512 1690
3513 1334
3514 1532
3515 1895
3516 1516
3517 1628
3518 1567
3519 1661
3520 1917
3521 1455
3522 1516
3523 1337
3524 1679
3525 1761
3526 1628
3527 1595
3528 1501
3529 1845
3530 1784
3531 1506
3532 1727
3533 1472
3534 1962
3535 1577
3536 1618
3537 1652
3538 1916
3539 1624
3540 1567
3541 1262
3542 1831
3543 1854
3544 1817
3545 1922
3546 1585
3547 1640
3548 1473
3549 1740
3550 1748
3551 1489
3552 1732
3553 1398
3554 1540
3555 1685
3556 1577
3557 1779
3558 1698
3559 1313
3560 1498
3561 1642
3562 1662
3563 1748
3564 1709
3565 1721
3566 1897
3567 1243
3568 1755
3569 1539
3570 1720
3571 1449
3572 1642
3573 1425
3574 1458
3575 1620
3576 1636
3577 1795
3578 1146
3579 1630
3580 1985
3581 1820
3582 1548
3583 1752
3584 1821
3585 1650
3586 1583
3587 1450
3588 1872
3589 1630
3590 1271
3591 1601
3592 1728
3593 1769
3594 1625
3595 1714
3596 1774
3597 1406
3598 1629
3599 1392
3600 1790
3601 922
3602 894
3603 1710
3604 1059
3605 1597
3606 1590
3607 1707
3608 1816
3609 1761
3610 1556
3611 1846
3612 1874
3613 1754
3614 1400
3615 1554
3616 1342
3617 1587
3618 1832
3619 1815
3620 1632
3621 1811
3622 1662
3623 1917
3624 1819
3625 1570
3626 1812
3627 1762
3628 1804
3629 1690
3630 1490
3631 1880
3632 1737
3633 1596
3634 1509
3635 1587
3636 1585
3637 1683
3638 1566
3639 1843
3640 1373
3641 1732
3642 1581
3643 1467
3644 1559
3645 1691
3646 1703
3647 1711
3648 1128
3649 1537
3650 1592
3651 1584
3652 1820
3653 1811
3654 1716
3655 1469
3656 1771
3657 1744
3658 1416
3659 1450
3660 1546
3661 1815
3662 1580
3663 1719
3664 1560
3665 1678
3666 1149
3667 1600
3668 1463
3669 1632
3670 1772
3671 1499
3672 1969
3673 1619
3674 1530
3675 1870
3676 1749
3677 1879
3678 1853
3679 1938
3680 1251
3681 1765
3682 1556
3683 1722
3684 1910
3685 1621
3686 1890
3687 1636
3688 1088
3689 1722
3690 1543
3691 1806
3692 1661
3693 1837
3694 1710
3695 1567
3696 1585
3697 1782
3698 1442
3699 1740
3700 1496
3701 1352
3702 1715
3703 1887
3704 1683
3705 1650
3706 1524
3707 1327
3708 1267
3709 1757
3710 1673
3711 1799
3712 1493
3713 1747
3714 1747
3715 1397
3716 1398
3717 1693
3718 1712
3719 1867
3720 1849
3721 1534
3722 1151
3723 1563
3724 1881
3725 1537
3726 1292
3727 1229
3728 1593
3729 1846
3730 1569
3731 1886
3732 1765
3733 1924
3734 1275
3735 469
3736 1656
3737 1840
3738 1781
3739 1975
3740 1331
3741 1502
3742 1481
3743 1668
3744 1527
3745 1359
3746 1489
3747 1671
3748 2050
3749 1123
3750 1667
3751 1572
3752 1640
3753 1321
3754 1556
3755 1595
3756 1587
3757 1669
3758 1276
3759 1728
3760 1701
3761 1872
3762 1442
3763 1531
3764 1712
3765 1899
3766 1636
3767 1088
3768 1457
3769 1482
3770 1663
3771 1722
3772 1548
3773 1769
3774 1437
3775 1681
3776 1541
3777 1381
3778 1791
3779 1896
3780 1743
3781 1696
3782 1308
3783 1725
3784 1812
3785 1234
3786 1460
3787 1393
3788 1741
3789 1220
3790 1276
3791 1440
3792 1797
3793 1845
3794 1848
3795 1714
3796 1788
3797 1839
3798 1699
3799 1666
3800 1814
3801 1892
3802 1761
3803 1261
3804 1829
3805 1552
3806 1606
3807 1777
3808 1193
3809 1744
3810 1830
3811 1664
3812 1517
3813 1654
3814 353
3815 1705
3816 2015
3817 1626
3818 1505
3819 1516
3820 1594
3821 1741
3822 1643
3823 1416
3824 1673
3825 1565
3826 1602
3827 1577
3828 1495
3829 1656
3830 1709
3831 1664
3832 1819
3833 1847
3834 1708
3835 1703
3836 1871
3837 1795
3838 1376
3839 1762
3840 1410
3841 1674
3842 1403
3843 1840
3844 1481
3845 1460
3846 1781
3847 1685
3848 1433
3849 1072
3850 1820
3851 1608
3852 1657
3853 1718
3854 1617
3855 1553
3856 1566
3857 1569
3858 1246
3859 1670
3860 1091
3861 1382
3862 1891
3863 1731
3864 1636
3865 995
3866 1589
3867 1437
3868 1735
3869 1485
3870 1616
3871 1635
3872 1637
3873 931
3874 1401
3875 1676
3876 1569
3877 1409
3878 1600
3879 1703
3880 1000
3881 1511
3882 1365
3883 1728
3884 1585
3885 1993
3886 1438
3887 1708
3888 1541
3889 1582
3890 1662
3891 1681
3892 1885
3893 1191
3894 1324
3895 1777
3896 1786
3897 1703
3898 1713
3899 1681
3900 1460
3901 1573
3902 1800
3903 1327
3904 1743
3905 1694
3906 1730
3907 1424
3908 1757
3909 1535
3910 1306
3911 1575
3912 1655
3913 1500
3914 1766
3915 1799
3916 1595
3917 1906
3918 1543
3919 1739
3920 1407
3921 1638
3922 1687
3923 1399
3924 1581
3925 2040
3926 1432
3927 1480
3928 1749
3929 1313
3930 1887
3931 1675
3932 1791
3933 1606
3934 1737
3935 1906
3936 2019
3937 1861
3938 1583
3939 1142
3940 1739
3941 1951
3942 1516
3943 1446
3944 1681
3945 1591
3946 1640
3947 1735
3948 1791
3949 1825
3950 1721
3951 1764
3952 1674
3953 1670
3954 1376
3955 1778
3956 1835
3957 1650
3958 1784
3959 1631
3960 1676
3961 1582
3962 1571
3963 1566
3964 1402
3965 1878
3966 1544
3967 926
3968 1719
3969 1774
3970 1771
3971 1878
3972 1260
3973 1688
3974 1518
3975 1551
3976 1425
3977 1428
3978 1666
3979 1270
3980 1639
3981 1677
3982 1498
3983 1857
3984 1209
3985 1718
3986 1388
3987 1690
3988 1554
3989 912
3990 1695
3991 1468
3992 1741
3993 1535
3994 1412
3995 1556
3996 1787
3997 1729
3998 1977
3999 1632
4000 1442
4001 1201
4002 1625
4003 1703
4004 1750
4005 926
4006 1571
4007 1826
4008 1754
4009 1476
4010 1383
4011 1692
4012 1339
4013 1753
4014 1565
4015 1875
4016 1349
4017 1717
4018 1348
4019 1599
4020 1851
4021 1874
4022 1759
4023 1436
4024 1615
4025 1665
4026 1015
4027 1318
4028 1716
4029 1701
4030 1480
4031 1534
4032 1488
4033 1832
4034 1811
4035 1737
4036 1810
4037 1818
4038 1751
4039 1207
4040 1817
4041 1448
4042 1954
4043 1404
4044 1892
4045 1740
4046 1325
4047 1895
4048 1598
4049 1597
4050 1778
4051 1557
4052 1868
4053 1769
4054 1517
4055 1426
4056 1656
4057 1445
4058 1577
4059 1834
4060 1466
4061 1722
4062 1545
4063 1744
4064 1260
4065 1618
4066 1738
4067 1547
4068 1668
4069 1704
4070 1672
4071 1799
4072 1756
4073 1469
4074 1546
4075 1542
4076 1433
4077 1642
4078 1854
4079 1716
4080 1427
4081 1834
4082 1650
4083 1868
4084 1321
4085 1758
4086 1766
4087 1699
4088 1795
4089 1535
4090 1420
4091 1392
4092 1922
4093 1489
4094 1465
4095 1670
4096 1698
4097 1747
4098 1669
4099 1648
4100 1726
4101 1709
4102 1516
4103 1681
4104 1418
4105 1562
4106 1493
4107 1923
4108 1490
4109 1689
4110 1558
4111 1822
4112 1625
4113 1919
4114 1510
4115 1540
4116 1775
4117 1556
4118 1777
4119 1602
4120 1775
4121 1873
4122 1649
4123 1702
4124 1696
4125 1438
4126 1681
4127 1736
4128 1819
4129 1905
4130 1270
4131 1767
4132 1817
4133 1533
4134 1633
4135 1826
4136 1528
4137 1896
4138 1111
4139 1668
4140 1486
4141 1829
4142 1662
4143 1691
4144 1499
4145 1769
4146 1830
4147 1683
4148 854
4149 1321
4150 1880
4151 1416
4152 1711
4153 1858
4154 1331
4155 1730
4156 1527
4157 1654
4158 1506
4159 1496
4160 1667
4161 954
4162 1706
4163 78
4164 1844
4165 1539
4166 1813
4167 1875
4168 1644
4169 1948
4170 1172
4171 1782
4172 1419
4173 1631
4174 1553
4175 1750
4176 1717
4177 1674
4178 1553
4179 1540
4180 1463
4181 1638
4182 1741
4183 1826
4184 1433
4185 1856
4186 1730
4187 1672
4188 1729
4189 1723
4190 1569
4191 1583
4192 1672
4193 1807
4194 1450
4195 1457
4196 1665
4197 1015
4198 997
4199 1715
4200 1615
4201 1878
4202 1726
4203 1794
4204 1677
4205 1517
4206 1703
4207 1885
4208 1907
4209 1099
4210 1751
4211 905
4212 1239
4213 1684
4214 2059
4215 1984
4216 927
4217 1769
4218 1935
4219 1810
4220 1384
4221 1497
4222 1640
4223 1553
4224 1715
4225 1329
4226 1758
4227 1805
4228 1883
4229 1630
4230 1886
4231 1767
4232 1634
4233 1850
4234 1705
4235 1598
4236 1880
4237 1322
4238 1856
4239 1745
4240 1705
4241 1912
4242 893
4243 1820
4244 1869
4245 1647
4246 1628
4247 1628
4248 2019
4249 1584
4250 1746
4251 1891
4252 1445
4253 1393
4254 1707
4255 1178
4256 1613
4257 1706
4258 1648
4259 1683
4260 1446
4261 1971
4262 1326
4263 1670
4264 1568
4265 1699
4266 1400
4267 1717
4268 1620
4269 1352
4270 1775
4271 1548
4272 1290
4273 1133
4274 1855
4275 1648
4276 1844
4277 1683
4278 1725
4279 1344
4280 1394
4281 1594
4282 1669
4283 1814
4284 1801
4285 1735
4286 1950
4287 1911
4288 1862
4289 1396
4290 1778
4291 1956
4292 1769
4293 1616
4294 1731
4295 1862
4296 1661
4297 1713
4298 1738
4299 1734
4300 1262
4301 1490
4302 1751
4303 1561
4304 1927
4305 1867
4306 1703
4307 1484
4308 1592
4309 1592
4310 1754
4311 1584
4312 1744
4313 1689
4314 1693
4315 1393
4316 1662
4317 1699
4318 1693
4319 1546
4320 1308
4321 1690
4322 1672
4323 1468
4324 1757
4325 1718
4326 1717
4327 1204
4328 1812
4329 1908
4330 1711
4331 1752
4332 1466
4333 1838
4334 1660
4335 1678
4336 1829
4337 1619
4338 1532
4339 1720
4340 1634
4341 1502
4342 1321
4343 1589
4344 1817
4345 1336
4346 1783
4347 1373
4348 1615
4349 1556
4350 1847
4351 1874
4352 1698
4353 1584
4354 1635
4355 1913
4356 1598
4357 1390
4358 1580
4359 1725
4360 1775
4361 1777
4362 1632
4363 1240
4364 1743
4365 1791
4366 1898
4367 1609
4368 1236
4369 1370
4370 1855
4371 1553
4372 1728
4373 1532
4374 1944
4375 1743
4376 1464
4377 1545
4378 1652
4379 1742
4380 1531
4381 1707
4382 28
4383 1378
4384 1755
4385 876
4386 1679
4387 1593
4388 1921
4389 1649
4390 1509
4391 1401
4392 1396
4393 1728
4394 1398
4395 1578
4396 1779
4397 1500
4398 1669
4399 1933
4400 1256
4401 1405
4402 1734
4403 1702
4404 1710
4405 1671
4406 1336
4407 1797
4408 1751
4409 1763
4410 1417
4411 1673
4412 1606
4413 1690
4414 1504
4415 1834
4416 1806
4417 1843
4418 1720
4419 1780
4420 1559
4421 1386
4422 1374
4423 1787
4424 1754
4425 1782
4426 1617
4427 1732
4428 1668
4429 1594
4430 1698
4431 1673
4432 520
4433 1909
4434 1777
4435 1741
4436 1631
4437 1792
4438 1440
4439 1238
4440 1731
4441 1553
4442 1500
4443 1158
4444 1877
4445 1534
4446 1706
4447 1887
4448 1890
4449 1637
4450 1703
4451 1525
4452 1519
4453 1510
4454 1431
4455 1630
4456 1504
4457 1619
4458 1371
4459 1604
4460 1602
4461 1747
4462 1412
4463 1732
4464 1638
4465 1740
4466 1637
4467 1762
4468 1853
4469 1842
4470 1735
4471 1700
4472 1782
4473 1505
4474 1880
4475 1459
4476 1722
4477 1675
4478 1702
4479 1742
4480 1574
4481 1497
4482 1808
4483 1529
4484 1411
4485 1699
4486 1692
4487 1676
4488 1913
4489 1562
4490 1776
4491 1822
4492 1837
4493 1223
4494 1800
4495 1675
4496 1983
4497 1557
4498 1925
4499 1810
4500 1492
4501 1553
4502 1567
4503 1704
4504 1388
4505 1775
4506 1327
4507 1475
4508 1452
4509 1623
4510 1689
4511 1739
4512 1629
4513 1946
4514 1566
4515 1620
4516 1281
4517 1768
4518 1948
4519 1925
4520 1449
4521 1616
4522 1621
4523 1906
4524 1978
4525 1725
4526 1591
4527 1744
4528 1282
4529 1695
4530 1936
4531 1316
4532 1433
4533 1779
4534 1632
4535 1909
4536 1456
4537 1307
4538 1691
4539 1282
4540 1419
4541 1807
4542 1517
4543 1633
4544 1728
4545 1897
4546 1654
4547 1536
4548 1761
4549 1669
4550 1755
4551 1830
4552 1832
4553 1789
4554 1591
4555 1849
4556 1448
4557 1877
4558 1778
4559 1178
4560 1340
4561 1810
4562 1587
4563 1985
4564 1774
4565 1511
4566 1443
4567 1110
4568 1849
4569 1816
4570 1391
4571 1517
4572 1836
4573 1384
4574 1567
4575 1551
4576 1952
4577 1655
4578 1773
4579 1731
4580 1695
4581 1927
4582 1629
4583 1275
4584 1085
4585 1151
4586 1999
4587 1894
4588 1795
4589 1874
4590 1801
4591 1746
4592 1375
4593 1973
4594 1408
4595 1363
4596 1794
4597 1197
4598 1903
4599 1560
4600 1914
4601 1773
4602 1670
4603 1354
4604 1585
4605 1589
4606 1571
4607 1858
4608 1612
4609 1035
4610 1843
4611 1608
4612 1641
4613 1481
4614 1708
4615 1771
4616 1478
4617 1597
4618 1719
4619 1605
4620 1757
4621 1706
4622 1608
4623 1462
4624 1634
4625 1296
4626 1846
4627 1446
4628 1734
4629 340
4630 1789
4631 1654
4632 1778
4633 1793
4634 1768
4635 1606
4636 1594
4637 1816
4638 1603
4639 1863
4640 1581
4641 1635
4642 1566
4643 1731
4644 1958
4645 1793
4646 1782
4647 1682
4648 1572
4649 1528
4650 1858
4651 1439
4652 1659
4653 1851
4654 1884
4655 1215
4656 1774
4657 1651
4658 1690
4659 1280
4660 1700
4661 1364
4662 1678
4663 1645
4664 1815
4665 1638
4666 1738
4667 1409
4668 1503
4669 1761
4670 1308
4671 1757
4672 1652
4673 1782
4674 1655
4675 1649
4676 1680
4677 1792
4678 1421
4679 2027
4680 1669
4681 1063
4682 1705
4683 1783
4684 1465
4685 1725
4686 1002
4687 1496
4688 1463
4689 1625
4690 1613
4691 1773
4692 1779
4693 1807
4694 1622
4695 1513
4696 1258
4697 1685
4698 1459
4699 1645
4700 1792
4701 1548
4702 1803
4703 785
4704 1279
4705 1685
4706 1671
4707 1529
4708 1927
4709 1735
4710 1851
4711 1406
4712 1362
4713 1713
4714 1846
4715 1969
4716 1765
4717 1784
4718 1565
4719 1444
4720 1327
4721 1436
4722 1784
4723 1534
4724 1496
4725 1445
4726 1832
4727 1782
4728 1878
4729 1631
4730 1469
4731 1338
4732 1619
4733 1866
4734 1269
4735 1812
4736 1563
4737 688
4738 1760
4739 1437
4740 1349
4741 1709
4742 1732
4743 1496
4744 1751
4745 1358
4746 1814
4747 1839
4748 1771
4749 1818
4750 1657
4751 1551
4752 1521
4753 1815
4754 1750
4755 1439
4756 1854
4757 1825
4758 1462
4759 1788
4760 1610
4761 1710
4762 1772
4763 1383
4764 1711
4765 1731
4766 1758
4767 1617
4768 1368
4769 1444
4770 1536
4771 1539
4772 1703
4773 1589
4774 1725
4775 950
4776 1610
4777 1684
4778 1472
4779 1893
4780 1855
4781 1825
4782 1853
4783 1459
4784 1661
4785 1608
4786 1821
4787 1066
4788 1691
4789 769
4790 1824
4791 1641
4792 1631
4793 1703
4794 1445
4795 1619
4796 1422
4797 1337
4798 1630
4799 1663
4800 1583
4801 1658
4802 1777
4803 1791
4804 1746
4805 1681
4806 1734
4807 1726
4808 1668
4809 1427
4810 1513
4811 1748
4812 1644
4813 1938
4814 1884
4815 1831
4816 1801
4817 1896
4818 1875
4819 1688
4820 1363
4821 1456
4822 1600
4823 1532
4824 1856
4825 1843
4826 1543
4827 1287
4828 1689
4829 1717
4830 878
4831 1507
4832 1721
4833 1724
4834 1715
4835 1562
4836 1622
4837 1748
4838 1789
4839 1846
4840 1807
4841 1678
4842 1690
4843 1811
4844 481
4845 1547
4846 1483
4847 1864
4848 1818
4849 1621
4850 1513
4851 1840
4852 1506
4853 1722
4854 1612
4855 1624
4856 1619
4857 1644
4858 1473
4859 1648
4860 1191
4861 1754
4862 1113
4863 1724
4864 1822
4865 1876
4866 1800
4867 1676
4868 1930
4869 1825
4870 1444
4871 1508
4872 1411
4873 1946
4874 1528
4875 1600
4876 1518
4877 1298
4878 1640
4879 1651
4880 1687
4881 1577
4882 1476
4883 1818
4884 1491
4885 1717
4886 1812
4887 1707
4888 1552
4889 1871
4890 1461
4891 1604
4892 1769
4893 1498
4894 1703
4895 1547
4896 1798
4897 1619
4898 1677
4899 1566
4900 1702
4901 1636
4902 1802
4903 1616
4904 1670
4905 1481
4906 1768
4907 1469
4908 1404
4909 1484
4910 1667
4911 1554
4912 1266
4913 1493
4914 1847
4915 1739
4916 1821
4917 1846
4918 1881
4919 716
4920 1926
4921 1361
4922 1742
4923 1944
4924 1763
4925 1748
4926 1425
4927 1456
4928 1759
4929 1560
4930 1833
4931 2056
4932 1345
4933 1741
4934 1756
4935 1721
4936 1668
4937 1828
4938 1688
4939 1872
4940 1460
4941 1753
4942 1701
4943 1541
4944 1727
4945 1615
4946 1331
4947 1621
4948 1660
4949 1551
4950 1264
4951 1748
4952 1788
4953 1789
4954 1858
4955 1468
4956 1555
4957 1548
4958 1595
4959 1897
4960 1679
4961 1702
4962 1308
4963 1757
4964 1663
4965 1744
4966 1699
4967 1674
4968 1767
4969 1591
4970 1828
4971 1537
4972 1819
4973 1568
4974 1159
4975 1452
4976 1605
4977 1462
4978 1726
4979 1852
4980 1393
4981 1797
4982 1897
4983 1843
4984 1732
4985 1477
4986 1629
4987 1783
4988 1530
4989 1751
4990 1491
4991 1213
4992 1741
4993 1784
4994 1820
4995 1818
4996 191
4997 1310
4998 1911
4999 1799
5000 1644
5001 1020
5002 1953
5003 1956
5004 1873
5005 1628
5006 1673
5007 1854
5008 1668
5009 1935
5010 1671
5011 1858
5012 1864
5013 1647
5014 1854
5015 1731
5016 2006
5017 1474
5018 1561
5019 1767
5020 1623
5021 1754
5022 1414
5023 1634
5024 1872
5025 1769
5026 1716
5027 1700
5028 1461
5029 1540
5030 1494
5031 1317
5032 1693
5033 1644
5034 1360
5035 1565
5036 1864
5037 1828
5038 1618
5039 1625
5040 1528
5041 1520
5042 1856
5043 1651
5044 1458
5045 1512
5046 1898
5047 1865
5048 1814
5049 1680
5050 1782
5051 1776
5052 1754
5053 1826
5054 1575
5055 1694
5056 1304
5057 1613
5058 1846
5059 1423
5060 1607
5061 1727
5062 1710
5063 1487
5064 1654
5065 1606
5066 1622
5067 1683
5068 1573
5069 1693
5070 1616
5071 1740
5072 1746
5073 1698
5074 1950
5075 1753
5076 1835
5077 1621
5078 1676
5079 1679
5080 1840
5081 1610
5082 1863
5083 1844
5084 1428
5085 1337
5086 1489
5087 1631
5088 1853
5089 1736
5090 1477
5091 1496
5092 1526
5093 1669
5094 1674
5095 1543
5096 1755
5097 1592
5098 1605
5099 1783
5100 1745
5101 1724
5102 1574
5103 1571
5104 1842
5105 1606
5106 1620
5107 1854
5108 1778
5109 1647
5110 1641
5111 1702
5112 1496
5113 1890
5114 1597
5115 1395
5116 1846
5117 1663
5118 1746
5119 1568
5120 1768
5121 1505
5122 1666
5123 1796
5124 1740
5125 1746
5126 2002
5127 1098
5128 1554
5129 1883
5130 1903
5131 634
5132 1735
5133 1892
5134 1759
5135 1755
5136 2009
5137 1625
5138 1769
5139 1444
5140 1420
5141 549
5142 1593
5143 420
5144 1606
5145 1712
5146 1653
5147 1808
5148 1320
5149 1616
5150 1474
5151 1599
5152 1624
5153 1598
5154 1803
5155 1813
5156 1535
5157 1567
5158 1670
5159 1683
5160 1507
5161 1849
5162 1589
5163 1770
5164 1592
5165 1587
5166 1760
5167 1887
5168 1292
5169 1628
5170 276
5171 1628
5172 1502
5173 1349
5174 1354
5175 1820
5176 1884
5177 1728
5178 1010
5179 1765
5180 1824
5181 1785
5182 1567
5183 1822
5184 1922
5185 1385
5186 1494
5187 1775
5188 1668
5189 2022
5190 1698
5191 1614
5192 1687
5193 1807
5194 1661
5195 1679
5196 1645
5197 1636
5198 1459
5199 1723
5200 1728
5201 1389
5202 1683
5203 1587
5204 1726
5205 1793
5206 1685
5207 1529
5208 1497
5209 1757
5210 1526
5211 1752
5212 1720
5213 1631
5214 1651
5215 1789
5216 1827
5217 1914
5218 1836
5219 1612
5220 1739
5221 1524
5222 1527
5223 1508
5224 1782
5225 1747
5226 1869
5227 1003
5228 1713
5229 1857
5230 1788
5231 1832
5232 1673
5233 1223
5234 1537
5235 1776
5236 1544
5237 1697
5238 1664
5239 1669
5240 1652
5241 1635
5242 1851
5243 1345
5244 1634
5245 1728
5246 1751
5247 1720
5248 1280
5249 1630
5250 1908
5251 1531
5252 1804
5253 1565
5254 1462
5255 1340
5256 1670
5257 1700
5258 1816
5259 1693
5260 1842
5261 1646
5262 1811
5263 1523
5264 1450
5265 1829
5266 1501
5267 1925
5268 1849
5269 936
5270 1914
5271 1667
5272 1610
5273 1180
5274 1837
5275 1719
5276 1865
5277 1814
5278 1496
5279 1659
5280 1779
5281 1755
5282 1618
5283 1604
5284 1994
5285 1708
5286 1546
5287 1681
5288 1543
5289 1511
5290 1737
5291 1928
5292 1909
5293 1849
5294 1580
5295 1692
5296 1387
5297 1733
5298 1883
5299 1834
5300 1737
5301 1815
5302 1645
5303 1531
5304 1419
5305 1620
5306 1710
5307 1382
5308 1470
5309 1598
5310 1705
5311 1945
5312 1613
5313 1587
5314 1782
5315 1917
5316 1578
5317 1185
5318 1278
5319 1754
5320 1793
5321 1787
5322 1900
5323 1814
5324 1726
5325 1465
5326 1620
5327 1603
5328 1589
5329 1674
5330 1659
5331 1149
5332 1327
5333 1931
5334 1868
5335 1568
5336 1804
5337 1803
5338 1654
5339 1711
5340 1827
5341 1732
5342 1918
5343 1843
5344 1476
5345 1680
5346 1742
5347 1761
5348 1696
5349 1617
5350 1911
5351 1779
5352 1771
5353 1473
5354 1626
5355 1745
5356 1346
5357 1706
5358 1562
5359 1813
5360 1291
5361 1657
5362 1864
5363 1713
5364 1451
5365 1725
5366 1624
5367 1933
5368 1811
5369 1847
5370 1647
5371 1767
5372 838
5373 1656
5374 1980
5375 1938
5376 1666
5377 1744
5378 1477
5379 1787
5380 1502
5381 1592
5382 1894
5383 1858
5384 1773
5385 1764
5386 1866
5387 1765
5388 1337
5389 1578
5390 1847
5391 1488
5392 1512
5393 1683
5394 1591
5395 1571
5396 891
5397 1869
5398 1932
5399 1640
5400 1702
5401 1844
5402 1437
5403 1754
5404 1742
5405 1725
5406 778
5407 1690
5408 1644
5409 1880
5410 1481
5411 1736
5412 1788
5413 1429
5414 1648
5415 1691
5416 1710
5417 1651
5418 1699
5419 1783
5420 1526
5421 1257
5422 1885
5423 1796
5424 1709
5425 1671
5426 1452
5427 1693
5428 1379
5429 1401
5430 1646
5431 1717
5432 1572
5433 1740
5434 1790
5435 1571
5436 1641
5437 1705
5438 1691
5439 1402
5440 1690
5441 1729
5442 1523
5443 1507
5444 1495
5445 1816
5446 1616
5447 1733
5448 1662
5449 1632
5450 1565
5451 1641
5452 1631
5453 1447
5454 1805
5455 1701
5456 1599
5457 1921
5458 1167
5459 1744
5460 1565
5461 2010
5462 1038
5463 1504
5464 1740
5465 1667
5466 1337
5467 1602
5468 1443
5469 865
5470 1865
5471 1923
5472 1541
5473 1612
5474 1946
5475 1766
5476 1865
5477 1420
5478 1583
5479 1662
5480 1729
5481 1784
5482 1822
5483 1820
5484 1753
5485 1748
5486 1573
5487 1768
5488 1988
5489 1573
5490 1397
5491 1892
5492 1892
5493 1789
5494 1851
5495 1545
5496 1247
5497 1501
5498 1611
5499 1976
5500 1766
5501 1602
5502 1724
5503 1804
5504 2010
5505 1578
5506 1613
5507 1409
5508 1605
5509 1780
5510 1805
5511 1904
5512 1775
5513 1672
5514 1698
5515 1623
5516 1640
5517 1737
5518 1398
5519 1860
5520 1599
5521 1848
5522 1630
5523 1859
5524 1588
5525 1544
5526 1484
5527 1659
5528 1417
5529 1684
5530 1785
5531 1651
5532 1861
5533 1681
5534 1663
5535 1764
5536 1699
5537 1571
5538 1733
5539 1406
5540 1494
5541 1571
5542 1847
5543 1477
5544 1342
5545 1660
5546 1705
5547 1692
5548 1545
5549 1851
5550 1516
5551 1742
5552 1785
5553 1639
5554 1792
5555 804
5556 1675
5557 1805
5558 1442
5559 1773
5560 1865
5561 1034
5562 1756
5563 1838
5564 1405
5565 1893
5566 1961
5567 1579
5568 1683
5569 1763
5570 1822
5571 1987
5572 1927
5573 1295
5574 1566
5575 1624
5576 1880
5577 1494
5578 1433
5579 1610
5580 1858
5581 1566
5582 1862
5583 1698
5584 1848
5585 1485
5586 1771
5587 1502
5588 1787
5589 1866
5590 1430
5591 1840
5592 1814
5593 1798
5594 1750
5595 1462
5596 1701
5597 1586
5598 1328
5599 1500
5600 1686
5601 1868
5602 1936
5603 1879
5604 1538
5605 1720
5606 1858
5607 1565
5608 1840
5609 1912
5610 1767
5611 1742
5612 1360
5613 1396
5614 1614
5615 1751
5616 1613
5617 1394
5618 1776
5619 1730
5620 1986
5621 1669
5622 1561
5623 1420
5624 1608
5625 1535
5626 1420
5627 1672
5628 1818
5629 1891
5630 1656
5631 1480
5632 1703
5633 1954
5634 1727
5635 1551
5636 1685
5637 1783
5638 1747
5639 914
5640 850
5641 1612
5642 1683
5643 1834
5644 1651
5645 1776
5646 1383
5647 1773
5648 1748
5649 1587
5650 1743
5651 977
5652 1145
5653 1499
5654 1226
5655 1783
5656 1692
5657 1883
5658 1917
5659 1677
5660 1932
5661 819
5662 1124
5663 1795
5664 1862
5665 1891
5666 1563
5667 1744
5668 1799
5669 1726
5670 1757
5671 1594
5672 1819
5673 1826
5674 1489
5675 1587
5676 1636
5677 1811
5678 1794
5679 1493
5680 1840
5681 1690
5682 1404
5683 1461
5684 1324
5685 1484
5686 1361
5687 1652
5688 1706
5689 1599
5690 1664
5691 1499
5692 950
5693 1774
5694 1640
5695 1518
5696 1874
5697 1474
5698 1828
5699 1564
5700 1729
5701 1678
5702 1814
5703 1618
5704 1495
5705 1761
5706 1407
5707 1596
5708 1612
5709 1791
5710 1863
5711 1774
5712 1629
5713 1826
5714 1564
5715 1552
5716 1479
5717 1623
5718 1561
5719 1537
5720 1873
5721 1847
5722 1874
5723 1370
5724 1875
5725 1709
5726 1757
5727 1748
5728 1855
5729 1710
5730 1725
5731 1726
5732 1886
5733 1529
5734 1893
5735 1715
5736 1807
5737 1539
5738 1789
5739 204
5740 1564
5741 1374
5742 1903
5743 1510
5744 1710
5745 1592
5746 1656
5747 1234
5748 2033
5749 1839
5750 1658
5751 1696
5752 1309
5753 1625
5754 1552
5755 1533
5756 1216
5757 1827
5758 1562
5759 2084
5760 1649
5761 1910
5762 1646
5763 1944
5764 1397
5765 1069
5766 1652
5767 1775
5768 1612
5769 1421
5770 1807
5771 1855
5772 1731
5773 1778
5774 1742
5775 1343
5776 1715
5777 1605
5778 1574
5779 1606
5780 1684
5781 1783
5782 1844
5783 1549
5784 1176
5785 1637
5786 1852
5787 1567
5788 1318
5789 1599
5790 1587
5791 1395
5792 1671
5793 1872
5794 1568
5795 1641
5796 1543
5797 1591
5798 1746
5799 1147
5800 1339
5801 1872
5802 1600
5803 1334
5804 1660
5805 1490
5806 1877
5807 1483
5808 1842
5809 1755
5810 1691
5811 1678
5812 1735
5813 1739
5814 1619
5815 1404
5816 1254
5817 1667
5818 1775
5819 1814
5820 1637
5821 1595
5822 1265
5823 1946
5824 1650
5825 1853
5826 1934
5827 1623
5828 1698
5829 1414
5830 1624
5831 1727
5832 1235
5833 1652
5834 1711
5835 1626
5836 1810
5837 1730
5838 1756
5839 1826
5840 1321
5841 1626
5842 1642
5843 1702
5844 1143
5845 1579
5846 1909
5847 1821
5848 1699
5849 1970
5850 1833
5851 1576
5852 1608
5853 1349
5854 1643
5855 1827
5856 1549
5857 1479
5858 966
5859 1666
5860 106
5861 1905
5862 1449
5863 890
5864 1569
5865 1100
5866 1699
5867 1873
5868 1652
5869 1972
5870 1648
5871 1617
5872 1782
5873 1855
5874 1070
5875 1617
5876 1687
5877 1435
5878 1367
5879 1731
5880 1834
5881 1536
5882 1495
5883 1301
5884 1448
5885 1728
5886 1409
5887 1796
5888 1736
5889 1612
5890 1359
5891 1565
5892 1700
5893 1780
5894 1722
5895 1525
5896 1543
5897 1738
5898 1327
5899 1675
5900 1860
5901 1633
5902 1860
5903 1612
5904 1543
5905 1568
5906 1663
5907 1598
5908 1800
5909 1658
5910 1690
5911 1327
5912 1881
5913 1817
5914 1632
5915 1869
5916 1590
5917 1953
5918 1895
5919 1792
5920 1520
5921 1391
5922 1417
5923 1170
5924 1979
5925 1787
5926 1605
5927 1828
5928 1786
5929 1856
5930 490
5931 1275
5932 1762
5933 1984
5934 1850
5935 1739
5936 1652
5937 1598
5938 1739
5939 1560
5940 1805
5941 1670
5942 1757
5943 1858
5944 1700
5945 1863
5946 1271
5947 1736
5948 1544
5949 1540
5950 1893
5951 1571
5952 1418
5953 1785
5954 1645
5955 1732
5956 1482
5957 1536
5958 1519
5959 1513
5960 1739
5961 1724
5962 1588
5963 2000
5964 565
5965 1167
5966 1692
5967 1725
5968 1669
5969 1886
5970 1717
5971 1729
5972 1910
5973 1619
5974 1384
5975 1669
5976 1649
5977 1726
5978 1572
5979 1740
5980 1649
5981 1673
5982 1706
5983 1584
5984 1671
5985 1016
5986 1442
5987 1524
5988 1518
5989 1683
5990 1447
5991 1381
5992 1861
5993 1935
5994 1673
5995 1377
5996 1724
5997 1682
5998 1931
5999 1584
6000 1532
6001 1614
6002 1315
6003 1776
6004 1727
6005 1767
6006 1683
6007 1706
6008 815
6009 1568
6010 1764
6011 1692
6012 1729
6013 1618
6014 1642
6015 1609
6016 1641
6017 1659
6018 1701
6019 1838
6020 1342
6021 410
6022 1432
6023 1617
6024 1459
6025 1706
6026 1606
6027 1654
6028 1704
6029 1564
6030 1344
6031 1329
6032 1627
6033 1759
6034 1805
6035 1393
6036 1647
6037 1284
6038 1358
6039 1714
6040 1582
6041 1470
6042 1859
6043 1628
6044 1628
6045 1690
6046 1683
6047 1587
6048 1279
6049 1485
6050 1640
6051 1597
6052 1586
6053 1521
6054 1522
6055 1731
6056 1856
6057 1731
6058 1697
6059 1517
6060 1836
6061 1577
6062 1738
6063 1699
6064 1567
6065 1895
6066 1759
6067 1648
6068 1832
6069 1870
6070 1641
6071 2024
6072 1663
6073 1604
6074 1144
6075 1941
6076 1686
6077 1506
6078 1725
6079 1856
6080 1955
6081 1483
6082 1423
6083 1863
6084 1470
6085 1559
6086 1570
6087 1807
6088 1892
6089 1964
6090 1622
6091 1652
6092 1465
6093 1902
6094 1921
6095 1703
6096 1569
6097 1721
6098 1779
6099 1775
6100 1672
6101 1780
6102 1554
6103 1711
6104 1712
6105 1561
6106 1758
6107 1018
6108 1834
6109 1756
6110 1844
6111 1787
6112 1821
6113 1727
6114 1881
6115 1355
6116 1657
6117 1402
6118 1806
6119 1528
6120 1437
6121 1489
6122 1775
6123 1595
6124 1775
6125 1883
6126 1519
6127 1771
6128 1660
6129 1592
6130 1315
6131 1905
6132 1588
6133 1767
6134 1670
6135 1638
6136 1407
6137 1564
6138 1902
6139 1886
6140 1747
6141 1615
6142 1554
6143 1797
6144 1757
6145 1778
6146 1544
6147 1688
6148 1745
6149 1515
6150 1912
6151 1767
6152 1722
6153 1910
6154 1808
6155 1458
6156 1364
6157 1402
6158 1560
6159 1548
6160 1748
6161 1145
6162 1623
6163 1551
6164 1574
6165 1687
6166 1390
6167 1680
6168 1819
6169 1714
6170 1742
6171 1708
6172 1333
6173 1704
6174 1775
6175 1587
6176 1848
6177 1263
6178 1754
6179 1883
6180 1748
6181 1385
6182 1724
6183 1359
6184 1536
6185 1628
6186 857
6187 1875
6188 1784
6189 1765
6190 1739
6191 1782
6192 1956
6193 1758
6194 1722
6195 1857
6196 1351
6197 1609
6198 1801
6199 1754
6200 1781
6201 1227
6202 1438
6203 1803
6204 1538
6205 1458
6206 1930
6207 1660
6208 1356
6209 1921
6210 1633
6211 1560
6212 1520
6213 1626
6214 1399
6215 1545
6216 1479
6217 1726
6218 1672
6219 1772
6220 1759
6221 1601
6222 1353
6223 1737
6224 1596
6225 1423
6226 1557
6227 1486
6228 1705
6229 1740
6230 1874
6231 1697
6232 1862
6233 1749
6234 1350
6235 1869
6236 1698
6237 1555
6238 1750
6239 1665
6240 1910
6241 1845
6242 1671
6243 1746
6244 1914
6245 1832
6246 1758
6247 1689
6248 1414
6249 1406
6250 1713
6251 1794
6252 1604
6253 1929
6254 1752
6255 1560
6256 1706
6257 1469
6258 1749
6259 1832
6260 1221
6261 1839
6262 1260
6263 1810
6264 1589
6265 1671
6266 1477
6267 1821
6268 1519
6269 1639
6270 1552
6271 1486
6272 1660
6273 1676
6274 1902
6275 1818
6276 1764
6277 1702
6278 1755
6279 1531
6280 1702
6281 1429
6282 1394
6283 1685
6284 1847
6285 1653
6286 1431
6287 1672
6288 1231
6289 1743
6290 1563
6291 1844
6292 1315
6293 1640
6294 1609
6295 1971
6296 1293
6297 1773
6298 1589
6299 1313
6300 1817
6301 1482
6302 1800
6303 1452
6304 1472
6305 1466
6306 507
6307 1866
6308 1436
6309 1792
6310 1694
6311 2010
6312 1556
6313 1725
6314 1471
6315 1706
6316 1807
6317 1467
6318 1462
6319 1680
6320 1388
6321 1943
6322 1849
6323 1762
6324 1838
6325 1447
6326 1769
6327 1617
6328 1583
6329 1693
6330 1706
6331 1676
6332 1615
6333 1293
6334 1659
6335 1383
6336 1920
6337 455
6338 1668
6339 1853
6340 1821
6341 1724
6342 1686
6343 1642
6344 1751
6345 1801
6346 1730
6347 1705
6348 1851
6349 1678
6350 1552
6351 1458
6352 1386
6353 1648
6354 1942
6355 1702
6356 1996
6357 1654
6358 1900
6359 1218
6360 1893
6361 1613
6362 1974
6363 1580
6364 1591
6365 1492
6366 1589
6367 1208
6368 1688
6369 1818
6370 1894
6371 1626
6372 1702
6373 2006
6374 1955
6375 1563
6376 1701
6377 1609
6378 1621
6379 1594
6380 1751
6381 1455
6382 1707
6383 1885
6384 1790
6385 1731
6386 1775
6387 1474
6388 1860
6389 1412
6390 1480
6391 1726
6392 1390
6393 1798
6394 1829
6395 1716
6396 1733
6397 1741
6398 1469
6399 1153
6400 1682
6401 1347
6402 1805
6403 1427
6404 1462
6405 1598
6406 1676
6407 1399
6408 1855
6409 1259
6410 1691
6411 1275
6412 1227
6413 1756
6414 1870
6415 1652
6416 1352
6417 1719
6418 1494
6419 1536
6420 1975
6421 1701
6422 1700
6423 1389
6424 1621
6425 1734
6426 1647
6427 1804
6428 1497
6429 1814
6430 1660
6431 884
6432 1738
6433 1204
6434 1758
6435 1310
6436 1572
6437 1502
6438 1582
6439 1781
6440 1670
6441 1067
6442 1688
6443 1873
6444 1484
6445 1834
6446 1636
6447 1783
6448 1578
6449 1738
6450 1734
6451 1276
6452 1153
6453 1424
6454 1576
6455 1673
6456 1493
6457 1991
6458 1404
6459 1502
6460 1481
6461 1947
6462 1824
6463 1785
6464 1056
6465 1563
6466 1744
6467 1296
6468 1521
6469 1754
6470 1508
6471 1670
6472 1549
6473 1801
6474 1520
6475 1479
6476 1537
6477 1698
6478 1635
6479 1850
6480 1761
6481 1358
6482 1570
6483 1727
6484 1336
6485 1700
6486 1702
6487 1789
6488 1640
6489 1828
6490 1661
6491 1895
6492 1696
6493 732
6494 1806
6495 1621
6496 1870
6497 1792
6498 1754
6499 1651
6500 1337
6501 1728
6502 1574
6503 1557
6504 1796
6505 1181
6506 1950
6507 1736
6508 1127
6509 1857
6510 965
6511 1744
6512 1908
6513 1716
6514 1594
6515 1768
6516 1852
6517 1746
6518 1068
6519 1430
6520 1705
6521 1405
6522 1763
6523 1107
6524 1793
6525 1695
6526 1846
6527 1627
6528 1811
6529 1752
6530 1717
6531 1262
6532 1523
6533 1593
6534 1582
6535 1708
6536 1826
6537 1256
6538 1691
6539 1615
6540 1559
6541 1947
6542 1743
6543 1770
6544 1851
6545 1833
6546 1660
6547 1885
6548 1573
6549 1765
6550 1351
6551 1194
6552 881
6553 1687
6554 1708
6555 1709
6556 1823
6557 756
6558 1757
6559 1530
6560 1509
6561 1971
6562 1537
6563 1378
6564 1607
6565 1671
6566 1768
6567 1693
6568 1750
6569 1733
6570 1919
6571 1951
6572 1737
6573 1870
6574 1342
6575 1347
6576 1898
6577 1715
6578 1635
6579 1557
6580 1748
6581 1328
6582 1607
6583 1869
6584 1716
6585 1802
6586 1292
6587 1677
6588 1786
6589 1389
6590 1554
6591 1491
6592 1480
6593 1731
6594 632
6595 1708
6596 1799
6597 1472
6598 1635
6599 1314
6600 1560
6601 1835
6602 1457
6603 1736
6604 1656
6605 1761
6606 1691
6607 1755
6608 1710
6609 994
6610 1743
6611 1477
6612 1576
6613 1557
6614 1960
6615 1595
6616 1804
6617 1276
6618 1674
6619 1461
6620 1777
6621 1467
6622 1588
6623 1120
6624 1122
6625 1748
6626 1753
6627 1644
6628 1577
6629 1799
6630 1844
6631 1529
6632 1851
6633 1672
6634 1467
6635 1579
6636 1651
6637 1688
6638 1777
6639 1755
6640 1775
6641 1159
6642 1827
6643 1625
6644 1642
6645 1616
6646 1831
6647 1925
6648 1527
6649 1797
6650 1569
6651 1405
6652 1805
6653 1861
6654 1673
6655 1764
6656 1758
6657 1294
6658 1607
6659 1383
6660 1811
6661 1726
6662 1661
6663 1935
6664 1467
6665 1742
6666 1608
6667 1421
6668 1627
6669 1564
6670 1585
6671 1595
6672 1648
6673 1830
6674 1782
6675 1342
6676 1474
6677 1786
6678 1183
6679 1629
6680 1706
6681 1845
6682 1870
6683 1821
6684 1340
6685 1859
6686 1678
6687 1307
6688 1717
6689 1809
6690 1743
6691 1546
6692 1466
6693 1591
6694 1269
6695 1655
6696 1587
6697 1834
6698 1787
6699 1512
6700 1551
6701 1557
6702 1368
6703 1722
6704 1861
6705 1472
6706 1886
6707 1577
6708 1826
6709 1650
6710 1433
6711 1921
6712 1848
6713 1389
6714 1599
6715 1909
6716 1735
6717 1459
6718 1382
6719 1560
6720 1764
6721 1865
6722 1799
6723 1754
6724 1580
6725 1708
6726 1859
6727 1646
6728 1195
6729 1886
6730 1811
6731 1520
6732 1690
6733 1426
6734 1180
6735 1603
6736 1758
6737 1661
6738 1693
6739 1900
6740 1553
6741 1682
6742 1327
6743 1394
6744 995
6745 1782
6746 1734
6747 1902
6748 1683
6749 1421
6750 1699
6751 1865
6752 1542
6753 1768
6754 1427
6755 1399
6756 1702
6757 1714
6758 1676
6759 1687
6760 1882
6761 1647
6762 1792
6763 1460
6764 1692
6765 1030
6766 1761
6767 1825
6768 1619
6769 1743
6770 1818
6771 1806
6772 1789
6773 1540
6774 1772
6775 1748
6776 1550
6777 1509
6778 1585
6779 1804
6780 1470
6781 1401
6782 1823
6783 1799
6784 1824
6785 1349
6786 1848
6787 1886
6788 1704
6789 1833
6790 1771
6791 1628
6792 1707
6793 1654
6794 1707
6795 1502
6796 1912
6797 1665
6798 1740
6799 1783
6800 1842
6801 1972
6802 1587
6803 1431
6804 1717
6805 1514
6806 1999
6807 1161
6808 1563
6809 1478
6810 1869
6811 1399
6812 1908
6813 1279
6814 1767
6815 1762
6816 1820
6817 1664
6818 1661
6819 1754
6820 1343
6821 1589
6822 1562
6823 1561
6824 1747
6825 1833
6826 1809
6827 1174
6828 1738
6829 1853
6830 1908
6831 1520
6832 1552
6833 1759
6834 1345
6835 1694
6836 1043
6837 1621
6838 1419
6839 1810
6840 1608
6841 1732
6842 1775
6843 1601
6844 1866
6845 1697
6846 1366
6847 1849
6848 1863
6849 1551
6850 1165
6851 1620
6852 1747
6853 1893
6854 1686
6855 1681
6856 1885
6857 1178
6858 1624
6859 1416
6860 1872
6861 1639
6862 1620
6863 1702
6864 1794
6865 1511
6866 1455
6867 1239
6868 1578
6869 1649
6870 1784
6871 1707
6872 1854
6873 1480
6874 1756
6875 1874
6876 1578
6877 1596
6878 1450
6879 1540
6880 2044
6881 1495
6882 1733
6883 1417
6884 1752
6885 1770
6886 1610
6887 1665
6888 1670
6889 1884
6890 1731
6891 1726
6892 1930
6893 1380
6894 1582
6895 1294
6896 1373
6897 1708
6898 1578
6899 1818
6900 1788
6901 1932
6902 1239
6903 1433
6904 1431
6905 1646
6906 1653
6907 1713
6908 1574
6909 759
6910 1676
6911 1618
6912 1690
6913 1557
6914 1527
6915 1315
6916 1535
6917 1614
6918 1714
6919 1743
6920 1853
6921 1646
6922 1606
6923 1573
6924 1802
6925 1360
6926 1645
6927 1505
6928 1702
6929 1837
6930 1723
6931 1522
6932 1729
6933 1519
6934 1564
6935 1238
6936 1512
6937 1724
6938 1977
6939 1369
6940 1684
6941 1762
6942 1440
6943 1463
6944 1522
6945 1525
6946 1490
6947 1368
6948 1706
6949 1828
6950 1636
6951 1707
6952 1567
6953 1863
6954 1708
6955 1754
6956 1646
6957 1767
6958 1847
6959 2025
6960 1859
6961 1924
6962 1110
6963 1680
6964 1422
6965 1738
6966 1533
6967 1257
6968 1361
6969 1692
6970 1509
6971 1459
6972 1420
6973 1869
6974 1747
6975 1937
6976 1633
6977 1787
6978 1734
6979 1770
6980 1768
6981 1693
6982 1848
6983 1850
6984 1839
6985 1693
6986 1660
6987 1190
6988 1911
6989 1515
6990 1577
6991 1766
6992 1262
6993 1622
6994 1401
6995 1539
6996 1541
6997 1309
6998 1510
6999 1517
7000 1765
7001 1649
7002 1452
7003 1796
7004 1683
7005 1696
7006 1660
7007 1808
7008 1595
7009 1603
7010 1558
7011 1799
7012 1515
7013 1886
7014 1735
7015 1542
7016 1892
7017 1739
7018 1649
7019 1592
7020 1594
7021 1559
7022 1794
7023 1919
7024 1750
7025 1103
7026 1789
7027 1796
7028 1468
7029 1495
7030 1019
7031 1564
7032 1818
7033 1570
7034 1452
7035 1818
7036 1573
7037 1911
7038 1837
7039 1830
7040 575
7041 1603
7042 1452
7043 1838
7044 1664
7045 1895
7046 1449
7047 1397
7048 1583
7049 1775
7050 1501
7051 1681
7052 1519
7053 1860
7054 1585
7055 1827
7056 1866
7057 1680
7058 1783
7059 1759
7060 1176
7061 1726
7062 1539
7063 1609
7064 1755
7065 1976
7066 1851
7067 1591
7068 1453
7069 1398
7070 1615
7071 1695
7072 1658
7073 1582
7074 1513
7075 1506
7076 1370
7077 1860
7078 1594
7079 1897
7080 1282
7081 1776
7082 1840
7083 1837
7084 1713
7085 1641
7086 947
7087 1491
7088 1658
7089 1664
7090 1760
7091 1606
7092 1771
7093 1936
7094 1950
7095 1495
7096 1519
7097 1691
7098 1764
7099 1243
7100 1767
7101 1795
7102 1315
7103 1623
7104 1524
7105 1691
7106 1709
7107 1844
7108 1799
7109 1645
7110 1599
7111 1669
7112 1790
7113 1341
7114 1693
7115 1381
7116 1906
7117 1732
7118 1554
7119 1592
7120 1833
7121 1453
7122 1413
7123 1621
7124 1565
7125 1773
7126 1641
7127 1658
7128 1540
7129 1658
7130 1749
7131 1488
7132 1546
7133 1806
7134 1745
7135 1229
7136 1971
7137 1703
7138 1864
7139 1944
7140 1894
7141 1580
7142 1692
7143 1615
7144 1579
7145 1734
7146 1563
7147 1951
7148 1511
7149 1557
7150 1413
7151 1568
7152 1766
7153 1325
7154 1722
7155 1543
7156 1465
7157 1699
7158 1783
7159 1760
7160 1433
7161 1833
7162 1739
7163 1817
7164 1758
7165 1705
7166 1730
7167 1886
7168 1632
7169 1432
7170 1507
7171 1980
7172 1954
7173 1533
7174 1877
7175 1860
7176 1340
7177 1827
7178 1709
7179 1933
7180 1556
7181 1824
7182 1660
7183 1634
7184 1805
7185 1803
7186 1712
7187 1887
7188 1739
7189 1555
7190 1414
7191 1663
7192 1669
7193 1562
7194 1575
7195 1884
7196 1655
7197 1604
7198 1756
7199 1563
7200 1873
7201 1641
7202 1806
7203 1790
7204 1645
7205 1902
7206 1684
7207 1965
7208 1520
7209 1756
7210 1632
7211 1873
7212 1464
7213 1734
7214 1656
7215 1700
7216 1904
7217 1727
7218 1716
7219 1713
7220 1651
7221 1699
7222 1725
7223 769
7224 1492
7225 1506
7226 899
7227 1790
7228 1654
7229 1907
7230 1840
7231 1344
7232 1463
7233 1697
7234 1880
7235 1587
7236 1632
7237 1894
7238 1200
7239 1653
7240 1326
7241 1754
7242 1610
7243 1901
7244 1801
7245 1892
7246 1708
7247 1726
7248 1855
7249 1501
7250 1625
7251 1602
7252 1559
7253 559
7254 1653
7255 1352
7256 1928
7257 1906
7258 1801
7259 1568
7260 1677
7261 1895
7262 1628
7263 1528
7264 1832
7265 1574
7266 1561
7267 1754
7268 1898
7269 1566
7270 1812
7271 1806
7272 1795
7273 1722
7274 1597
7275 1745
7276 1662
7277 1792
7278 1574
7279 1447
7280 1637
7281 1557
7282 1733
7283 1576
7284 1711
7285 1805
7286 1468
7287 1982
7288 1447
7289 1855
7290 1745
7291 1637
7292 1655
7293 1536
7294 1638
7295 1574
7296 1461
7297 1668
7298 1662
7299 1728
7300 1725
7301 1641
7302 1776
7303 1672
7304 1998
7305 1627
7306 1595
7307 1591
7308 1701
7309 1672
7310 1721
7311 1673
7312 1538
7313 1658
7314 1449
7315 1387
7316 1121
7317 1269
7318 1753
7319 1802
7320 1482
7321 1918
7322 1606
7323 1594
7324 1650
7325 1607
7326 1700
7327 1717
7328 1942
7329 1745
7330 1635
7331 1875
7332 1462
7333 1878
7334 1663
7335 1950
7336 1718
7337 1626
7338 1730
7339 1672
7340 1893
7341 1728
7342 1762
7343 1738
7344 1593
7345 1819
7346 1766
7347 1829
7348 1568
7349 1631
7350 1329
7351 1709
7352 1704
7353 1747
7354 1557
7355 1857
7356 1267
7357 1733
7358 1587
7359 1433
7360 1633
7361 1627
7362 1771
7363 1936
7364 1695
7365 1500
7366 1829
7367 1777
7368 1725
7369 1833
7370 1741
7371 1255
7372 1832
7373 1533
7374 1781
7375 1809
7376 1590
7377 1916
7378 1459
7379 1568
7380 1540
7381 1465
7382 1595
7383 1379
7384 1694
7385 619
7386 1471
7387 1328
7388 1609
7389 1676
7390 1761
7391 1654
7392 1714
7393 1707
7394 1667
7395 1917
7396 1485
7397 1675
7398 1454
7399 1671
7400 1360
7401 1824
7402 1761
7403 1717
7404 1693
7405 1441
7406 1717
7407 1678
7408 1934
7409 1856
7410 1872
7411 1455
7412 1759
7413 1669
7414 1644
7415 1748
7416 1823
7417 1705
7418 1867
7419 1921
7420 1889
7421 1896
7422 1515
7423 1647
7424 1070
7425 1878
7426 2057
7427 1741
7428 1755
7429 1555
7430 1819
7431 1696
7432 1742
7433 1740
7434 1613
7435 1521
7436 1701
7437 1386
7438 1281
7439 1827
7440 1626
7441 1597
7442 1523
7443 1738
7444 1490
7445 1783
7446 1550
7447 1633
7448 1522
7449 1761
7450 1600
7451 1817
7452 1547
7453 734
7454 1438
7455 1684
7456 1566
7457 1799
7458 1222
7459 1698
7460 1499
7461 1505
7462 1398
7463 1820
7464 1584
7465 1834
7466 1878
7467 1862
7468 1770
7469 1797
7470 1476
7471 1340
7472 1319
7473 1436
7474 1996
7475 1822
7476 1549
7477 1401
7478 1678
7479 1098
7480 1730
7481 1635
7482 1768
7483 1860
7484 1734
7485 1661
7486 1576
7487 1691
7488 1409
7489 1590
7490 1652
7491 1650
7492 1488
7493 1828
7494 1763
7495 1528
7496 1785
7497 1415
7498 1630
7499 1798
7500 1551
7501 1682
7502 1630
7503 1667
7504 1154
7505 805
7506 1691
7507 1721
7508 1498
7509 1623
7510 1735
7511 1901
7512 1525
7513 1789
7514 1542
7515 1719
7516 1852
7517 1921
7518 1895
7519 1292
7520 1456
7521 1705
7522 1531
7523 1513
7524 1729
7525 1700
7526 1652
7527 1329
7528 1887
7529 1602
7530 1836
7531 1660
7532 1384
7533 1882
7534 1761
7535 1485
7536 1575
7537 2015
7538 1597
7539 1648
7540 1460
7541 1792
7542 1603
7543 1739
7544 1862
7545 1695
7546 1694
7547 1913
7548 1565
7549 1713
7550 1609
7551 1760
7552 1750
7553 1507
7554 1661
7555 1628
7556 1619
7557 1516
7558 1740
7559 1429
7560 1524
7561 1786
7562 1491
7563 2040
7564 1666
7565 1960
7566 1764
7567 1675
7568 1487
7569 1573
7570 1575
7571 1920
7572 1851
7573 1827
7574 1499
7575 1654
7576 1638
7577 1379
7578 1862
7579 1943
7580 1811
7581 1765
7582 1818
7583 1940
7584 1883
7585 1510
7586 1668
7587 1486
7588 1521
7589 1340
7590 1809
7591 1727
7592 1780
7593 1596
7594 1710
7595 1475
7596 1792
7597 1602
7598 1629
7599 1453
7600 1700
7601 1845
7602 1842
7603 1782
7604 1870
7605 1270
7606 1350
7607 1667
7608 1521
7609 1583
7610 1619
7611 1445
7612 1776
7613 1685
7614 1526
7615 1662
7616 1331
7617 1243
7618 1368
7619 1520
7620 1540
7621 1743
7622 1499
7623 1754
7624 1768
7625 1365
7626 1674
7627 1911
7628 1572
7629 1699
7630 1343
7631 1774
7632 1719
7633 1762
7634 1773
7635 1641
7636 1880
7637 1743
7638 1753
7639 1481
7640 1697
7641 1771
7642 1587
7643 1834
7644 1904
7645 1670
7646 1830
7647 1837
7648 1947
7649 1567
7650 1896
7651 1814
7652 1253
7653 1550
7654 1516
7655 1701
7656 1782
7657 1732
7658 1604
7659 1650
7660 1647
7661 1301
7662 1825
7663 1647
7664 1438
7665 1583
7666 1843
7667 1506
7668 1626
7669 1755
7670 1801
7671 1787
7672 1838
7673 2031
7674 1200
7675 1834
7676 1635
7677 1579
7678 1589
7679 1720
7680 1645
7681 1869
7682 1854
7683 1743
7684 1786
7685 865
7686 1633
7687 1622
7688 1534
7689 1480
7690 730
7691 1976
7692 1635
7693 1647
7694 1643
7695 1743
7696 1615
7697 1885
7698 1659
7699 1603
7700 1691
7701 1572
7702 1448
7703 1498
7704 1570
7705 1178
7706 1524
7707 1819
7708 1743
7709 1471
7710 1521
7711 1759
7712 1816
7713 1765
7714 1459
7715 1786
7716 1799
7717 1612
7718 1321
7719 1686
7720 1822
7721 1735
7722 1631
7723 1222
7724 1756
7725 1708
7726 1292
7727 1601
7728 440
7729 1715
7730 1818
7731 1622
7732 1780
7733 1697
7734 1695
7735 1707
7736 1520
7737 1560
7738 1820
7739 1590
7740 1605
7741 1061
7742 1410
7743 2017
7744 1501
7745 1454
7746 1721
7747 1504
7748 1752
7749 1717
7750 1500
7751 1535
7752 1779
7753 1469
7754 1698
7755 1758
7756 1681
7757 1378
7758 1262
7759 1419
7760 1816
7761 1673
7762 1049
7763 1351
7764 1693
7765 1654
7766 1455
7767 1676
7768 1748
7769 1752
7770 1379
7771 1493
7772 1853
7773 1950
7774 1743
7775 1713
7776 1555
7777 1650
7778 1758
7779 1794
7780 1465
7781 1353
7782 1726
7783 1209
7784 1597
7785 1698
7786 1934
7787 1817
7788 1500
7789 1849
7790 1726
7791 1771
7792 1832
7793 1093
7794 1747
7795 1668
7796 1880
7797 1709
7798 1616
7799 938
7800 1681
7801 1976
7802 1888
7803 1622
7804 1264
7805 1631
7806 1390
7807 1710
7808 1594
7809 1558
7810 1698
7811 1617
7812 1785
7813 1603
7814 1616
7815 1772
7816 1649
7817 1742
7818 1763
7819 2025
7820 1712
7821 1573
7822 1715
7823 1701
7824 1550
7825 1894
7826 1374
7827 1781
7828 1427
7829 1877
7830 1731
7831 1724
7832 1665
7833 1879
7834 1811
7835 1887
7836 734
7837 1809
7838 1221
7839 1452
7840 1767
7841 1525
7842 1489
7843 1836
7844 1970
7845 1545
7846 1056
7847 1665
7848 1902
7849 1390
7850 1728
7851 1750
7852 1825
7853 1778
7854 1582
7855 1410
7856 1929
7857 1684
7858 1803
7859 1708
7860 1975
7861 1299
7862 1668
7863 1613
7864 1803
7865 1320
7866 1626
7867 1891
7868 1649
7869 1862
7870 1792
7871 1760
7872 1771
7873 1698
7874 1552
7875 1683
7876 885
7877 1655
7878 1886
7879 1737
7880 1262
7881 1107
7882 1658
7883 1432
7884 1840
7885 1546
7886 1592
7887 1645
7888 1811
7889 1671
7890 1505
7891 1795
7892 1605
7893 1714
7894 1566
7895 1718
7896 1776
7897 1659
7898 1565
7899 1825
7900 1841
7901 1333
7902 1639
7903 1799
7904 1700
7905 1872
7906 1873
7907 1806
7908 1639
7909 1641
7910 1881
7911 1571
7912 1167
7913 1607
7914 1716
7915 1423
7916 1539
7917 1653
7918 1877
7919 1320
7920 1573
7921 1597
7922 1740
7923 1738
7924 1734
7925 1568
7926 1919
7927 1845
7928 1835
7929 1866
7930 1850
7931 1309
7932 1537
7933 1870
7934 1667
7935 1720
7936 1545
7937 1838
7938 1769
7939 1649
7940 1786
7941 1658
7942 1958
7943 1584
7944 1644
7945 1607
7946 1616
7947 1826
7948 1719
7949 1125
7950 1766
7951 1667
7952 1750
7953 1607
7954 1451
7955 1671
7956 1579
7957 1819
7958 1538
7959 1609
7960 1717
7961 1500
7962 1888
7963 1940
7964 1886
7965 1594
7966 1608
7967 1548
7968 1869
7969 1535
7970 1636
7971 1771
7972 1693
7973 1685
7974 1513
7975 1552
7976 1504
7977 1765
7978 1508
7979 1741
7980 1453
7981 1601
7982 1675
7983 1763
7984 1654
7985 1755
7986 1700
7987 1688
7988 1650
7989 1026
7990 1560
7991 1402
7992 1878
7993 1703
7994 1808
7995 1786
7996 767
7997 1830
7998 1767
7999 1460
8000 1829
8001 1346
8002 1829
8003 1678
8004 1533
8005 1657
8006 1343
8007 1110
8008 1524
8009 1772
8010 1789
8011 1794
8012 1850
8013 1415
8014 1682
8015 1560
8016 1603
8017 1664
8018 1847
8019 1881
8020 1960
8021 1381
8022 1784
8023 1466
8024 1523
8025 1652
8026 1490
8027 1989
8028 1691
8029 1561
8030 1448
8031 1976
8032 1670
8033 1565
8034 1538
8035 1747
8036 1483
8037 1781
8038 1680
8039 1743
8040 1614
8041 1191
8042 1266
8043 1593
8044 1490
8045 1526
8046 1549
8047 1598
8048 1790
8049 1794
8050 1802
8051 1430
8052 1688
8053 1537
8054 1691
8055 1453
8056 712
8057 1731
8058 1653
8059 1637
8060 1698
8061 1251
8062 1524
8063 1577
8064 1480
8065 1686
8066 1542
8067 1863
8068 1851
8069 1818
8070 1344
8071 1668
8072 1872
8073 1644
8074 1691
8075 1430
8076 1966
8077 1739
8078 1830
8079 1696
8080 1584
8081 1095
8082 2046
8083 1569
8084 1697
8085 1690
8086 1521
8087 1335
8088 2003
8089 1580
8090 1543
8091 1474
8092 1728
8093 1851
8094 1835
8095 1610
8096 1619
8097 1436
8098 1753
8099 1220
8100 1785
8101 1683
8102 1784
8103 1490
8104 1687
8105 1433
8106 1984
8107 1560
8108 1836
8109 1575
8110 1227
8111 1783
8112 1847
8113 1761
8114 1445
8115 1141
8116 1516
8117 1560
8118 1779
8119 1755
8120 1646
8121 1705
8122 1733
8123 1348
8124 1483
8125 1427
8126 1739
8127 1432
8128 1852
8129 1754
8130 1856
8131 1765
8132 1486
8133 1501
8134 1786
8135 1608
8136 1972
8137 327
8138 1913
8139 1788
8140 1604
8141 1843
8142 1560
8143 1243
8144 1696
8145 1083
8146 1496
8147 1619
8148 1489
8149 1745
8150 1764
8151 1715
8152 1776
8153 1286
8154 1539
8155 1590
8156 1886
8157 1415
8158 1489
8159 1685
8160 1785
8161 1557
8162 1751
8163 1603
8164 1729
8165 1804
8166 1516
8167 1446
8168 1468
8169 1613
8170 1601
8171 901
8172 1898
8173 1628
8174 1681
8175 1862
8176 1630
8177 1779
8178 1885
8179 1678
8180 1503
8181 1581
8182 1693
8183 1544
8184 1374
8185 1616
8186 1778
8187 1507
8188 1876
8189 1801
8190 1532
8191 1667
8192 1790
8193 1524
8194 1737
8195 1793
8196 1695
8197 1598
8198 1634
8199 1615
8200 1714
8201 1726
8202 1429
8203 1357
8204 1745
8205 1729
8206 1658
8207 1236
8208 1575
8209 1723
8210 1405
8211 1685
8212 1690
8213 1482
8214 1513
8215 1698
8216 1665
8217 1971
8218 1551
8219 1662
8220 1559
8221 1514
8222 1754
8223 1749
8224 1628
8225 1888
8226 1689
8227 1594
8228 1383
8229 1758
8230 1789
8231 1515
8232 1738
8233 1260
8234 1564
8235 1441
8236 1473
8237 1510
8238 1834
8239 1896
8240 1706
8241 1628
8242 1982
8243 1588
8244 1775
8245 1591
8246 1806
8247 1407
8248 1616
8249 1774
8250 1551
8251 1493
8252 1811
8253 1373
8254 1692
8255 1642
8256 1031
8257 1673
8258 1726
8259 1810
8260 1773
8261 1953
8262 1677
8263 2025
8264 1598
8265 1160
8266 1564
8267 1688
8268 1462
8269 1367
8270 1838
8271 1649
8272 1613
8273 1676
8274 1770
8275 1550
8276 1727
8277 1409
8278 1391
8279 1627
8280 1855
8281 1590
8282 1325
8283 1441
8284 1731
8285 1199
8286 1695
8287 1807
8288 1778
8289 1533
8290 1956
8291 1622
8292 1770
8293 1693
8294 1478
8295 1577
8296 1535
8297 1962
8298 1736
8299 1292
8300 1877
8301 1375
8302 1426
8303 1837
8304 1888
8305 1897
8306 685
8307 1891
8308 1900
8309 1771
8310 1510
8311 1735
8312 1412
8313 1733
8314 1828
8315 1462
8316 1399
8317 1546
8318 1709
8319 1761
8320 1595
8321 1358
8322 1787
8323 1556
8324 1565
8325 1845
8326 1831
8327 1118
8328 1727
8329 1535
8330 1862
8331 1873
8332 1573
8333 1754
8334 1636
8335 1482
8336 1842
8337 1566
8338 1110
8339 1748
8340 1251
8341 1651
8342 1828
8343 1900
8344 1594
8345 1772
8346 1686
8347 1803
8348 1570
8349 1870
8350 1458
8351 1377
8352 1549
8353 1814
8354 1912
8355 1578
8356 1845
8357 1811
8358 1315
8359 1595
8360 1325
8361 1618
8362 1621
8363 1691
8364 1583
8365 1410
8366 1793
8367 1903
8368 1710
8369 1626
8370 1411
8371 1543
8372 1762
8373 1589
8374 1546
8375 1454
8376 1570
8377 1469
8378 1549
8379 1693
8380 1218
8381 1663
8382 980
8383 1705
8384 1630
8385 1546
8386 1780
8387 1563
8388 1684
8389 1542
8390 1532
8391 1718
8392 1672
8393 1512
8394 1778
8395 1627
8396 1644
8397 1780
8398 1445
8399 1782
8400 1837
8401 1869
8402 1672
8403 1922
8404 1597
8405 1805
8406 1729
8407 1836
8408 1707
8409 1624
8410 1664
8411 1208
8412 1815
8413 1742
8414 1686
8415 1118
8416 1559
8417 1836
8418 1850
8419 1728
8420 1727
8421 1690
8422 1668
8423 1501
8424 1665
8425 1803
8426 1388
8427 1780
8428 1456
8429 1609
8430 1742
8431 1395
8432 1495
8433 1888
8434 1782
8435 1560
8436 1551
8437 1793
8438 1697
8439 1495
8440 1752
8441 1579
8442 1588
8443 1771
8444 1824
8445 1496
8446 1328
8447 1746
8448 1838
8449 1605
8450 1783
8451 1592
8452 1663
8453 1716
8454 1565
8455 1693
8456 1806
8457 1689
8458 1696
8459 1577
8460 1950
8461 1736
8462 1710
8463 1483
8464 1725
8465 1675
8466 1828
8467 1612
8468 1544
8469 1685
8470 1881
8471 1691
8472 1418
8473 1645
8474 1726
8475 1828
8476 1634
8477 1499
8478 1800
8479 1865
8480 1774
8481 1697
8482 1603
8483 1819
8484 1484
8485 1481
8486 1762
8487 1837
8488 1736
8489 1724
8490 1855
8491 1190
8492 1185
8493 1773
8494 1774
8495 1605
8496 1564
8497 1902
8498 1511
8499 1887
8500 1516
8501 1408
8502 1490
8503 1516
8504 1431
8505 1704
8506 1569
8507 1256
8508 1696
8509 1743
8510 298
8511 1670
8512 1766
8513 1715
8514 1727
8515 1736
8516 1631
8517 1661
8518 1790
8519 1727
8520 1772
8521 1479
8522 1617
8523 1736
8524 1867
8525 1657
8526 1570
8527 1722
8528 1787
8529 1876
8530 1295
8531 1842
8532 1848
8533 1786
8534 1729
8535 1739
8536 1520
8537 1491
8538 1821
8539 1820
8540 1616
8541 1918
8542 1641
8543 1757
8544 1634
8545 1446
8546 1425
8547 1726
8548 1677
8549 1525
8550 1371
8551 1579
8552 1690
8553 1639
8554 1574
8555 1773
8556 1619
8557 1482
8558 1474
8559 1285
8560 1389
8561 1521
8562 1673
8563 1538
8564 1754
8565 1680
8566 1569
8567 1670
8568 1514
8569 1802
8570 1532
8571 1323
8572 1767
8573 1918
8574 1843
8575 1573
8576 1599
8577 1744
8578 1705
8579 1815
8580 1658
8581 1185
8582 1505
8583 1505
8584 1590
8585 1790
8586 1580
8587 1832
8588 1848
8589 1793
8590 1293
8591 1732
8592 1395
8593 1781
8594 1415
8595 1846
8596 1744
8597 1597
8598 1441
8599 1645
8600 1753
8601 1839
8602 1667
8603 904
8604 1592
8605 1590
8606 1304
8607 1478
8608 2037
8609 1749
8610 1957
8611 1701
8612 1810
8613 1486
8614 1574
8615 1733
8616 1787
8617 1871
8618 1414
8619 1676
8620 1850
8621 1779
8622 1745
8623 1615
8624 1603
8625 1058
8626 1929
8627 1511
8628 1649
8629 1646
8630 854
8631 1421
8632 1546
8633 1981
8634 1665
8635 1714
8636 1699
8637 1666
8638 1891
8639 1851
8640 1713
8641 1640
8642 1695
8643 1848
8644 1701
8645 1814
8646 1725
8647 1712
8648 1854
8649 1579
8650 1213
8651 1283
8652 1706
8653 1727
8654 1524
8655 1548
8656 1677
8657 1764
8658 1879
8659 1811
8660 1485
8661 1868
8662 1352
8663 1741
8664 1627
8665 1822
8666 1769
8667 1886
8668 1207
8669 1816
8670 1671
8671 1698
8672 1638
8673 1520
8674 1602
8675 1736
8676 1701
8677 1462
8678 1577
8679 1646
8680 1637
8681 1381
8682 1661
8683 1444
8684 709
8685 1398
8686 1747
8687 1929
8688 1506
8689 1914
8690 1661
8691 1486
8692 1690
8693 1675
8694 1572
8695 1778
8696 1638
8697 1869
8698 1732
8699 1905
8700 1382
8701 1969
8702 1788
8703 1825
8704 2008
8705 1493
8706 1245
8707 1804
8708 1754
8709 1824
8710 1853
8711 1651
8712 1838
8713 1711
8714 1721
8715 1663
8716 1943
8717 1631
8718 1357
8719 1623
8720 1788
8721 1903
8722 1206
8723 1630
8724 1434
8725 1246
8726 1873
8727 1830
8728 1866
8729 1472
8730 1476
8731 1685
8732 1798
8733 1605
8734 1776
8735 1525
8736 1196
8737 1696
8738 1701
8739 1647
8740 1807
8741 1717
8742 1415
8743 1781
8744 1516
8745 1723
8746 1675
8747 1320
8748 1581
8749 1610
8750 1721
8751 1621
8752 1601
8753 1445
8754 1831
8755 1831
8756 1804
8757 1756
8758 1802
8759 1535
8760 1691
8761 778
8762 1597
8763 1642
8764 1337
8765 1731
8766 1629
8767 1623
8768 1741
8769 1702
8770 1610
8771 1665
8772 1716
8773 1538
8774 1278
8775 1882
8776 1826
8777 1260
8778 1794
8779 1814
8780 1241
8781 1203
8782 1533
8783 1906
8784 1556
8785 1565
8786 1696
8787 1808
8788 1520
8789 1714
8790 1859
8791 1743
8792 1772
8793 1647
8794 1679
8795 1727
8796 1554
8797 1635
8798 1507
8799 1175
8800 1695
8801 1264
8802 1697
8803 1092
8804 1706
8805 1633
8806 1871
8807 1624
8808 1766
8809 1782
8810 1704
8811 1409
8812 1548
8813 1512
8814 1706
8815 1825
8816 1778
8817 1844
8818 1710
8819 1579
8820 1679
8821 1856
8822 1534
8823 1611
8824 1503
8825 1418
8826 1696
8827 1626
8828 1598
8829 1747
8830 1757
8831 1785
8832 1475
8833 1571
8834 1882
8835 1608
8836 1689
8837 1489
8838 1499
8839 1577
8840 1685
8841 1480
8842 1600
8843 1801
8844 1149
8845 1695
8846 1731
8847 1585
8848 1825
8849 1640
8850 1763
8851 1581
8852 1514
8853 1856
8854 1790
8855 1846
8856 1659
8857 1926
8858 1588
8859 1546
8860 1434
8861 1804
8862 1825
8863 1774
8864 1490
8865 1398
8866 1409
8867 1373
8868 1722
8869 1661
8870 1790
8871 1649
8872 1667
8873 1496
8874 1842
8875 1934
8876 1907
8877 1820
8878 1498
8879 1724
8880 1610
8881 1729
8882 1791
8883 1720
8884 1740
8885 1757
8886 1685
8887 1741
8888 1940
8889 1402
8890 1620
8891 1415
8892 343
8893 1859
8894 1461
8895 1739
8896 1721
8897 1832
8898 1927
8899 1615
8900 1807
8901 1717
8902 1502
8903 1444
8904 1730
8905 1465
8906 1690
8907 1640
8908 1637
8909 1689
8910 1246
8911 1635
8912 1154
8913 1578
8914 1492
8915 1811
8916 1396
8917 1652
8918 1712
8919 1640
8920 1567
8921 1763
8922 1670
8923 1476
8924 1435
8925 1766
8926 1607
8927 1785
8928 1781
8929 1589
8930 1604
8931 1735
8932 1858
8933 1593
8934 1921
8935 1512
8936 1749
8937 1618
8938 1284
8939 1051
8940 612
8941 1482
8942 1997
8943 1655
8944 1683
8945 1684
8946 1403
8947 1612
8948 1638
8949 1903
8950 1451
8951 1596
8952 1604
8953 1639
8954 1682
8955 1796
8956 1985
8957 1408
8958 1692
8959 1795
8960 1946
8961 1727
8962 1600
8963 1729
8964 1708
8965 1764
8966 1700
8967 1822
8968 1795
8969 1456
8970 1330
8971 1486
8972 1823
8973 1797
8974 1175
8975 1605
8976 1722
8977 1947
8978 1322
8979 1571
8980 1510
8981 1423
8982 393
8983 1570
8984 1508
8985 1332
8986 1807
8987 1862
8988 1680
8989 1828
8990 1501
8991 315
8992 1217
8993 1850
8994 1575
8995 1627
8996 1731
8997 1733
8998 1817
8999 390
9000 1687
9001 1608
9002 1571
9003 1668
9004 1211
9005 1543
9006 1820
9007 1156
9008 1659
9009 1890
9010 1285
9011 1770
9012 1778
9013 1563
9014 1491
9015 1614
9016 1764
9017 650
9018 1665
9019 1412
9020 1459
9021 1455
9022 1561
9023 1681
9024 1659
9025 1560
9026 1758
9027 1686
9028 1930
9029 1716
9030 1702
9031 2034
9032 1781
9033 1723
9034 1931
9035 1686
9036 1641
9037 1720
9038 2009
9039 1619
9040 1435
9041 1494
9042 1681
9043 1277
9044 1574
9045 1757
9046 1282
9047 1615
9048 1005
9049 1510
9050 1419
9051 1684
9052 1576
9053 1685
9054 1436
9055 1776
9056 1714
9057 1539
9058 1791
9059 1260
9060 1910
9061 1939
9062 1682
9063 1595
9064 1539
9065 1785
9066 1842
9067 1874
9068 1731
9069 1617
9070 1624
9071 1510
9072 1385
9073 1390
9074 1809
9075 1546
9076 2021
9077 1369
9078 1878
9079 1851
9080 1718
9081 1543
9082 1005
9083 1376
9084 1817
9085 1504
9086 1170
9087 1533
9088 1910
9089 1536
9090 1800
9091 1479
9092 1803
9093 1779
9094 1523
9095 1446
9096 1648
9097 1639
9098 1715
9099 1395
9100 1585
9101 1842
9102 1554
9103 420
9104 1825
9105 1804
9106 1666
9107 1677
9108 1627
9109 1379
9110 1198
9111 1711
9112 1670
9113 1746
9114 1270
9115 1736
9116 1928
9117 1570
9118 1780
9119 1466
9120 1540
9121 1346
9122 1011
9123 1109
9124 1727
9125 1426
9126 880
9127 1560
9128 1767
9129 1274
9130 1445
9131 1740
9132 1803
9133 1709
9134 1780
9135 1824
9136 1806
9137 1734
9138 1798
9139 1505
9140 1803
9141 1489
9142 1770
9143 1311
9144 1685
9145 1598
9146 1484
9147 1674
9148 1766
9149 1954
9150 1457
9151 1752
9152 1603
9153 1241
9154 1683
9155 1886
9156 1852
9157 1732
9158 1824
9159 1640
9160 1883
9161 1562
9162 1543
9163 1433
9164 1760
9165 1586
9166 1812
9167 1636
9168 1502
9169 1769
9170 1246
9171 1497
9172 1548
9173 1132
9174 1809
9175 1804
9176 1854
9177 1591
9178 1644
9179 1519
9180 1398
9181 1779
9182 1645
9183 1488
9184 1497
9185 1716
9186 1863
9187 1648
9188 1793
9189 1792
9190 1482
9191 1778
9192 1673
9193 1798
9194 1261
9195 1813
9196 1660
9197 1842
9198 1560
9199 1570
9200 1858
9201 1712
9202 1746
9203 1278
9204 1637
9205 1760
9206 1583
9207 1473
9208 282
9209 1590
9210 1672
9211 1781
9212 1726
9213 1647
9214 1751
9215 1447
9216 1291
9217 1668
9218 1717
9219 1607
9220 1707
9221 1776
9222 1834
9223 1795
9224 1803
9225 1727
9226 1735
9227 1602
9228 1736
9229 1616
9230 1806
9231 1687
9232 1742
9233 1482
9234 1793
9235 1688
9236 1656
9237 1570
9238 1785
9239 1121
9240 1803
9241 1696
9242 1791
9243 1835
9244 1597
9245 1722
9246 1711
9247 1071
9248 1934
9249 1669
9250 1640
9251 1729
9252 1848
9253 144
9254 1338
9255 1620
9256 1453
9257 1723
9258 1995
9259 1024
9260 1196
9261 1781
9262 1674
9263 1856
9264 1772
9265 1656
9266 1524
9267 1680
9268 1434
9269 1737
9270 1468
9271 1705
9272 1706
9273 1685
9274 1935
9275 1852
9276 1568
9277 1813
9278 1588
9279 1626
9280 1456
9281 1688
9282 1298
9283 895
9284 1548
9285 2124
9286 1657
9287 299
9288 1656
9289 1769
9290 1496
9291 1541
9292 1728
9293 1684
9294 1600
9295 1510
9296 1075
9297 1787
9298 1757
9299 1703
9300 1866
9301 1732
9302 1634
9303 1954
9304 1710
9305 2004
9306 1570
9307 1532
9308 1804
9309 1757
9310 1614
9311 1280
9312 1710
9313 1794
9314 1748
9315 1053
9316 1762
9317 1924
9318 1838
9319 1593
9320 1903
9321 1751
9322 1735
9323 1867
9324 1699
9325 1463
9326 1608
9327 1847
9328 1538
9329 1489
9330 1669
9331 1394
9332 1578
9333 1472
9334 1884
9335 1352
9336 1874
9337 1583
9338 1773
9339 1177
9340 1703
9341 1552
9342 1728
9343 1567
9344 1616
9345 1710
9346 1656
9347 1653
9348 1683
9349 1670
9350 1646
9351 1607
9352 1255
9353 1759
9354 1690
9355 1692
9356 547
9357 1686
9358 1448
9359 1627
9360 1737
9361 1716
9362 1846
9363 1694
9364 1689
9365 1685
9366 1897
9367 1687
9368 1849
9369 1690
9370 1741
9371 1393
9372 1886
9373 1714
9374 1576
9375 1569
9376 789
9377 1599
9378 1938
9379 1458
9380 1854
9381 1905
9382 1634
9383 1534
9384 1787
9385 1562
9386 1938
9387 1814
9388 1528
9389 1897
9390 1607
9391 1500
9392 1592
9393 1862
9394 1749
9395 1524
9396 1854
9397 1927
9398 1196
9399 1735
9400 509
9401 1482
9402 1804
9403 1749
9404 1782
9405 1734
9406 1646
9407 1687
9408 1457
9409 1683
9410 1794
9411 1883
9412 1767
9413 1698
9414 1753
9415 1625
9416 1809
9417 1491
9418 1671
9419 1741
9420 1802
9421 1160
9422 1823
9423 1740
9424 1234
9425 1847
9426 1713
9427 1698
9428 1521
9429 1680
9430 1450
9431 1720
9432 1878
9433 1828
9434 1614
9435 1643
9436 1771
9437 1839
9438 1794
9439 1495
9440 1459
9441 1478
9442 1255
9443 996
9444 1325
9445 1732
9446 1698
9447 1775
9448 1760
9449 1749
9450 1771
9451 1979
9452 1876
9453 1633
9454 1314
9455 1335
9456 1863
9457 1532
9458 1740
9459 1445
9460 1613
9461 1507
9462 1926
9463 1631
9464 1804
9465 1204
9466 1768
9467 1601
9468 1782
9469 1444
9470 1515
9471 1412
9472 1490
9473 1168
9474 1500
9475 1745
9476 1456
9477 1626
9478 1349
9479 1614
9480 1524
9481 1186
9482 1827
9483 1425
9484 1635
9485 1861
9486 1733
9487 1867
9488 1295
9489 1990
9490 1716
9491 1703
9492 1407
9493 1621
9494 1206
9495 1517
9496 1609
9497 1729
9498 1619
9499 1546
9500 1816
9501 1647
9502 1690
9503 1883
9504 1520
9505 1264
9506 1663
9507 1459
9508 1307
9509 1888
9510 1519
9511 1765
9512 1246
9513 1777
9514 1719
9515 1619
9516 1850
9517 1848
9518 1617
9519 1488
9520 1664
9521 1720
9522 1914
9523 1728
9524 1736
9525 1555
9526 1711
9527 1817
9528 1435
9529 1891
9530 1680
9531 1710
9532 1366
9533 1656
9534 1541
9535 1374
9536 1785
9537 1551
9538 1615
9539 1514
9540 1859
9541 1740
9542 1336
9543 1700
9544 1989
9545 1671
9546 1644
9547 1470
9548 1680
9549 1391
9550 1401
9551 1771
9552 1354
9553 1675
9554 1395
9555 1578
9556 1799
9557 1825
9558 1776
9559 1641
9560 1361
9561 1576
9562 1505
9563 1544
9564 1328
9565 1825
9566 1889
9567 1692
9568 1380
9569 1820
9570 1604
9571 1713
9572 1441
9573 1700
9574 1648
9575 1647
9576 1768
9577 1902
9578 1634
9579 1478
9580 1478
9581 1758
9582 1736
9583 1363
9584 1675
9585 1696
9586 1424
9587 1568
9588 1689
9589 1714
9590 1696
9591 1739
9592 1271
9593 1896
9594 1722
9595 1548
9596 1418
9597 1511
9598 1749
9599 1566
9600 1803
9601 1861
9602 1856
9603 1890
9604 1501
9605 1428
9606 1498
9607 1383
9608 1843
9609 1405
9610 1703
9611 1811
9612 1865
9613 1801
9614 1798
9615 1652
9616 1373
9617 950
9618 1587
9619 1558
9620 1776
9621 1651
9622 1715
9623 389
9624 1371
9625 1656
9626 1586
9627 1275
9628 1850
9629 1839
9630 1665
9631 1809
9632 1838
9633 1251
9634 1698
9635 1474
9636 1652
9637 1379
9638 1842
9639 1664
9640 1260
9641 1771
9642 1908
9643 1393
9644 1670
9645 1645
9646 1103
9647 1533
9648 838
9649 1764
9650 1678
9651 1765
9652 1524
9653 1753
9654 1814
9655 1573
9656 1755
9657 1919
9658 1939
9659 1640
9660 1526
9661 1679
9662 1929
9663 1815
9664 1889
9665 1838
9666 1819
9667 1877
9668 1710
9669 1769
9670 1443
9671 1656
9672 1891
9673 1435
9674 1506
9675 1776
9676 1645
9677 1726
9678 1691
9679 1836
9680 1667
9681 1848
9682 1690
9683 1527
9684 1606
9685 1520
9686 1680
9687 1586
9688 1780
9689 1858
9690 1479
9691 1624
9692 1593
9693 1813
9694 1349
9695 1728
9696 1263
9697 1891
9698 1171
9699 1747
9700 1700
9701 1716
9702 1781
9703 1559
9704 1921
9705 1936
9706 1431
9707 1745
9708 1287
9709 1514
9710 1540
9711 1166
9712 1775
9713 1952
9714 1862
9715 1657
9716 1699
9717 1497
9718 1834
9719 1519
9720 1700
9721 1825
9722 1559
9723 1766
9724 1565
9725 1475
9726 1685
9727 1572
9728 1279
9729 1414
9730 1838
9731 1547
9732 1122
9733 1362
9734 1568
9735 1868
9736 757
9737 1484
9738 1759
9739 1914
9740 1376
9741 1800
9742 1738
9743 1484
9744 1164
9745 1321
9746 1708
9747 1994
9748 2030
9749 1792
9750 1583
9751 1740
9752 1175
9753 1526
9754 1836
9755 1888
9756 1472
9757 1868
9758 1552
9759 1680
9760 1673
9761 1486
9762 1840
9763 1818
9764 1836
9765 1659
9766 1576
9767 1041
9768 1403
9769 1782
9770 1599
9771 1814
9772 1598
9773 1759
9774 1746
9775 1305
9776 1594
9777 1902
9778 1679
9779 1664
9780 1350
9781 1696
9782 1638
9783 1928
9784 1826
9785 1882
9786 1743
9787 1934
9788 1920
9789 1811
9790 1421
9791 1391
9792 1643
9793 257
9794 1846
9795 1664
9796 1685
9797 1655
9798 1589
9799 1659
9800 1613
9801 1482
9802 1615
9803 1624
9804 1790
9805 1654
9806 1817
9807 1777
9808 1633
9809 1601
9810 1425
9811 1304
9812 1458
9813 1345
9814 1598
9815 1890
9816 1466
9817 1732
9818 1580
9819 1632
9820 1763
9821 1667
9822 1471
9823 1916
9824 1765
9825 1708
9826 1461
9827 1583
9828 1791
9829 1581
9830 1638
9831 1844
9832 1701
9833 1555
9834 1547
9835 1553
9836 1854
9837 1827
9838 1520
9839 1395
9840 1273
9841 1479
9842 1841
9843 1224
9844 1644
9845 1722
9846 1768
9847 1720
9848 1780
9849 1573
9850 1672
9851 1584
9852 1911
9853 1571
9854 1761
9855 1786
9856 1650
9857 1942
9858 1888
9859 1692
9860 1687
9861 1638
9862 1812
9863 1722
9864 1729
9865 1512
9866 1775
9867 1527
9868 1714
9869 1636
9870 1831
9871 1535
9872 1739
9873 1785
9874 1707
9875 1565
9876 1700
9877 1772
9878 1757
9879 1521
9880 1803
9881 1708
9882 1535
9883 1265
9884 1683
9885 1749
9886 1807
9887 1652
9888 1687
9889 1665
9890 1748
9891 1841
9892 1888
9893 1690
9894 1629
9895 1753
9896 1252
9897 1743
9898 1434
9899 1621
9900 1932
9901 1803
9902 1452
9903 1506
9904 1749
9905 1542
9906 1525
9907 1955
9908 1768
9909 1734
9910 1301
9911 1360
9912 1287
9913 1659
9914 1773
9915 1949
9916 1879
9917 1541
9918 1881
9919 1921
9920 1714
9921 1701
9922 1814
9923 1525
9924 1860
9925 1743
9926 1563
9927 1935
9928 1620
9929 1292
9930 1685
9931 1400
9932 1696
9933 1753
9934 1638
9935 1817
9936 1906
9937 1615
9938 1566
9939 1648
9940 1544
9941 1909
9942 1697
9943 1496
9944 1968
9945 1866
9946 1671
9947 1786
9948 1761
9949 1799
9950 1825
9951 1425
9952 1526
9953 1631
9954 1909
9955 1715
9956 1490
9957 1677
9958 1600
9959 1842
9960 1645
9961 1486
9962 1326
9963 1571
9964 1523
9965 1920
9966 1901
9967 1830
9968 1749
9969 1684
9970 1644
9971 1576
9972 1536
9973 1658
9974 1454
9975 1535
9976 1629
9977 1722
9978 1349
9979 1583
9980 1408
9981 1686
9982 1657
9983 1775
9984 1591
9985 1782
9986 1700
9987 1668
9988 1661
9989 1600
9990 1795
9991 1913
9992 1610
9993 1605
9994 1754
9995 1664
9996 1862
9997 1431
9998 1640
9999 1749
10000 1521
10001 1589
10002 1745
10003 1822
10004 1092
10005 1898
10006 1860
10007 1727
10008 1238
10009 1651
10010 1840
10011 1440
10012 1294
10013 1366
10014 1399
10015 1957
10016 1253
10017 1574
10018 1799
10019 1287
10020 1772
10021 1498
10022 1538
10023 1543
10024 1717
10025 1622
10026 1815
10027 1602
10028 1769
10029 1760
10030 1246
10031 1477
10032 1863
10033 1549
10034 1493
10035 1580
10036 1925
10037 1792
10038 1430
10039 1844
10040 1677
10041 1618
10042 1772
10043 1799
10044 1791
10045 1485
10046 1859
10047 1766
10048 1879
10049 896
10050 1746
10051 1909
10052 1081
10053 1512
10054 1566
10055 1246
10056 1962
10057 1479
10058 1425
10059 1775
10060 1787
10061 1829
10062 1570
10063 1673
10064 1595
10065 1595
10066 1673
10067 1564
10068 1601
10069 1889
10070 1924
10071 1695
10072 1676
10073 1537
10074 1677
10075 1766
10076 1591
10077 1933
10078 1809
10079 1722
10080 881
10081 1810
10082 1607
10083 1547
10084 1685
10085 1733
10086 1744
10087 1880
10088 1456
10089 1648
10090 1833
10091 1451
10092 1462
10093 1747
10094 1887
10095 1567
10096 1868
10097 1787
10098 1609
10099 1835
10100 1644
10101 1359
10102 1584
10103 1834
10104 1359
10105 1949
10106 1599
10107 1715
10108 1537
10109 1600
10110 1452
10111 1901
10112 1675
10113 1578
10114 1740
10115 1765
10116 1560
10117 1864
10118 1793
10119 1310
10120 1844
10121 1597
10122 1516
10123 1714
10124 1780
10125 1419
10126 1569
10127 1700
10128 1739
10129 1704
10130 1856
10131 1465
10132 1857
10133 1474
10134 1797
10135 1856
10136 1699
10137 1583
10138 1725
10139 1823
10140 1736
10141 1688
10142 1975
10143 1624
10144 1279
10145 1436
10146 1875
10147 1433
10148 1566
10149 1617
10150 1731
10151 1899
10152 1561
10153 1676
10154 1562
10155 1282
10156 1751
10157 1900
10158 1702
10159 1571
10160 1805
10161 1425
10162 1585
10163 1714
10164 1675
10165 1720
10166 1265
10167 1569
10168 1828
10169 1759
10170 1541
10171 1942
10172 1402
10173 1885
10174 1518
10175 1716
10176 1637
10177 1769
10178 1479
10179 1474
10180 1580
10181 1162
10182 1672
10183 1554
10184 1820
10185 1930
10186 1487
10187 1750
10188 1288
10189 1307
10190 1676
10191 1707
10192 1827
10193 1614
10194 1718
10195 1605
10196 1561
10197 1768
10198 1450
10199 1654
10200 1544
10201 1891
10202 1660
10203 1886
10204 1768
10205 1587
10206 1734
10207 1193
10208 1388
10209 1838
10210 1609
10211 1722
10212 1726
10213 1578
10214 1434
10215 1719
10216 1759
10217 1555
10218 1800
10219 1753
10220 1820
10221 1802
10222 1865
10223 1706
10224 1449
10225 1686
10226 1328
10227 1602
10228 1779
10229 1814
10230 1638
10231 1621
10232 1555
10233 1428
10234 1608
10235 1683
10236 1785
10237 1712
10238 1821
10239 1670
10240 1756
10241 1881
10242 1709
10243 1544
10244 1104
10245 1716
10246 1587
10247 494
10248 1661
10249 1521
10250 1266
10251 1337
10252 1448
10253 1840
10254 1471
10255 1574
10256 1724
10257 1544
10258 1640
10259 1679
10260 1925
10261 1790
10262 1689
10263 1790
10264 1554
10265 1615
10266 1811
10267 1179
10268 1987
10269 1577
10270 1868
10271 1545
10272 1301
10273 1708
10274 1643
10275 1511
10276 1943
10277 1647
10278 1342
10279 1738
10280 1776
10281 1829
10282 1699
10283 1256
10284 1793
10285 1684
10286 1527
10287 1420
10288 1451
10289 1656
10290 1809
10291 1871
10292 1432
10293 1716
10294 1775
10295 1804
10296 1552
10297 1751
10298 1760
10299 1599
10300 1866
10301 1366
10302 1711
10303 1886
10304 1731
10305 1504
10306 1754
10307 1709
10308 1703
10309 1675
10310 1875
10311 1472
10312 1835
10313 1625
10314 1738
10315 1712
10316 1939
10317 1799
10318 1599
10319 1534
10320 1685
10321 1091
10322 1590
10323 1400
10324 1545
10325 1908
10326 1711
10327 1416
10328 1861
10329 1407
10330 1655
10331 1958
10332 1840
10333 1639
10334 1567
10335 1883
10336 1486
10337 1519
10338 1834
10339 1779
10340 1593
10341 1645
10342 1858
10343 1751
10344 1707
10345 1792
10346 1480
10347 1588
10348 1256
10349 1553
10350 1894
10351 1608
10352 1245
10353 1683
10354 1560
10355 1762
10356 1738
10357 1685
10358 1418
10359 1755
10360 1774
10361 1588
10362 1879
10363 1664
10364 1603
10365 1679
10366 1717
10367 1689
10368 1587
10369 1788
10370 1445
10371 1911
10372 1466
10373 1570
10374 1517
10375 1610
10376 1932
10377 1625
10378 1863
10379 1591
10380 1773
10381 1672
10382 1610
10383 1395
10384 1702
10385 1264
10386 1772
10387 1679
10388 1505
10389 1574
10390 1752
10391 1867
10392 1328
10393 1602
10394 1750
10395 1568
10396 1552
10397 1695
10398 1385
10399 1869
10400 1805
10401 1862
10402 1682
10403 1973
10404 1868
10405 1557
10406 1891
10407 1550
10408 1753
10409 1831
10410 1522
10411 1302
10412 1705
10413 1364
10414 1763
10415 1665
10416 1700
10417 1724
10418 1828
10419 1680
10420 1829
10421 1722
10422 1780
10423 1623
10424 1798
10425 1925
10426 1782
10427 1838
10428 1553
10429 1726
10430 1752
10431 1790
10432 1870
10433 1857
10434 1379
10435 1821
10436 1625
10437 1786
10438 1152
10439 1254
10440 1778
10441 1693
10442 1918
10443 1743
10444 1753
10445 1912
10446 1655
10447 1617
10448 1744
10449 1725
10450 1500
10451 1651
10452 1970
10453 1692
10454 1475
10455 1346
10456 1790
10457 1601
10458 1696
10459 1772
10460 1440
10461 1672
10462 1579
10463 1626
10464 1884
10465 1909
10466 1878
10467 1800
10468 1530
10469 1696
10470 1752
10471 1398
10472 1624
10473 1606
10474 1617
10475 1683
10476 1866
10477 1874
10478 1983
10479 1736
10480 1748
10481 1497
10482 1771
10483 1877
10484 1903
10485 1776
10486 1531
10487 1791
10488 1541
10489 1479
10490 1664
10491 1563
10492 1865
10493 1679
10494 1756
10495 1853
10496 1397
10497 1454
10498 1520
10499 1718
10500 1732
10501 1756
10502 1841
10503 1300
10504 1329
10505 1610
10506 1233
10507 1364
10508 1514
10509 1709
10510 1676
10511 1898
10512 974
10513 1890
10514 1647
10515 1586
10516 1679
10517 1906
10518 1248
10519 1851
10520 1728
10521 1777
10522 1568
10523 1213
10524 1476
10525 1738
10526 1536
10527 1526
10528 221
10529 1647
10530 1772
10531 1808
10532 1702
10533 1554
10534 1628
10535 1833
10536 1566
10537 1627
10538 1556
10539 1890
10540 1495
10541 1335
10542 1470
10543 1949
10544 1641
10545 1642
10546 1465
10547 1437
10548 1408
10549 1335
10550 1703
10551 1359
10552 1484
10553 1862
10554 1361
10555 1884
10556 1575
10557 1429
10558 1938
10559 1884
10560 1680
10561 1675
10562 1018
10563 1595
10564 1873
10565 1374
10566 1568
10567 1706
10568 1664
10569 1370
10570 1479
10571 1595
10572 1362
10573 1824
10574 1535
10575 2128
10576 1751
10577 1582
10578 1728
10579 1584
10580 1439
10581 1740
10582 1697
10583 1963
10584 1632
10585 1424
10586 1603
10587 1801
10588 1577
10589 1846
10590 1670
10591 1823
10592 1563
10593 1113
10594 1639
10595 1672
10596 1647
10597 1533
10598 1881
10599 1083
10600 1777
10601 1591
10602 1314
10603 1754
10604 1585
10605 1746
10606 1209
10607 1259
10608 1685
10609 1624
10610 1552
10611 1632
10612 1475
10613 1344
10614 1876
10615 1713
10616 1791
10617 1661
10618 1647
10619 1874
10620 1517
10621 1652
10622 1542
10623 1711
10624 1918
10625 1335
10626 1506
10627 1414
10628 1444
10629 1635
10630 1145
10631 1916
10632 1462
10633 1538
10634 1348
10635 1553
10636 1806
10637 1435
10638 1540
10639 1718
10640 1648
10641 1693
10642 1615
10643 1706
10644 1843
10645 1755
10646 1700
10647 1719
10648 1732
10649 1715
10650 1808
10651 1767
10652 1536
10653 1475
10654 90
10655 1627
10656 1707
10657 1825
10658 1791
10659 1586
10660 1845
10661 1837
10662 1389
10663 1809
10664 1915
10665 1615
10666 1823
10667 1741
10668 1514
10669 1435
10670 1637
10671 1730
10672 1277
10673 1710
10674 1615
10675 1574
10676 1249
10677 1781
10678 1707
10679 2047
10680 1477
10681 1381
10682 1753
10683 1930
10684 1496
10685 1536
10686 1805
10687 1681
10688 1698
10689 1810
10690 1602
10691 1937
10692 1538
10693 1872
10694 1523
10695 1574
10696 1730
10697 1376
10698 1787
10699 1753
10700 1631
10701 1779
10702 1875
10703 1630
10704 1712
10705 1122
10706 1539
10707 1780
10708 1643
10709 1358
10710 1575
10711 1839
10712 1777
10713 1686
10714 1404
10715 1577
10716 1639
10717 1893
10718 1612
10719 1293
10720 1527
10721 1361
10722 1363
10723 1578
10724 1628
10725 1734
10726 1406
10727 2026
10728 1893
10729 1581
10730 1625
10731 1277
10732 1339
10733 1830
10734 1007
10735 1614
10736 1615
10737 1651
10738 1568
10739 1573
10740 1810
10741 1702
10742 1597
10743 1541
10744 1725
10745 1549
10746 1319
10747 1371
10748 1253
10749 1639
10750 1550
10751 1835
10752 1678
10753 1685
10754 1693
10755 1665
10756 1701
10757 1809
10758 1550
10759 1510
10760 1593
10761 1590
10762 1587
10763 1911
10764 1607
10765 1635
10766 1774
10767 1288
10768 1720
10769 1734
10770 1721
10771 1905
10772 1581
10773 1804
10774 1638
10775 1561
10776 1225
10777 1807
10778 1658
10779 1811
10780 1354
10781 1813
10782 1634
10783 1854
10784 1761
10785 1495
10786 1975
10787 1854
10788 1307
10789 1743
10790 1967
10791 1714
10792 1684
10793 1524
10794 1772
10795 1889
10796 1819
10797 1414
10798 1698
10799 1777
10800 1591
10801 1720
10802 1331
10803 1347
10804 1766
10805 1863
10806 1662
10807 1745
10808 1467
10809 1507
10810 1844
10811 1694
10812 1574
10813 1565
10814 1387
10815 1679
10816 1644
10817 1780
10818 1848
10819 1460
10820 1844
10821 1480
10822 1687
10823 1420
10824 1030
10825 1498
10826 1132
10827 1646
10828 1660
10829 1680
10830 1232
10831 1511
10832 1587
10833 1777
10834 1853
10835 1544
10836 1645
10837 1564
10838 1115
10839 1757
10840 1999
10841 1490
10842 1703
10843 1880
10844 1831
10845 1779
10846 1964
10847 1589
10848 1734
10849 1965
10850 1940
10851 1894
10852 1519
10853 1922
10854 1667
10855 1398
10856 1887
10857 1845
10858 1901
10859 1236
10860 1712
10861 1457
10862 1668
10863 1572
10864 1729
10865 1678
10866 1741
10867 1641
10868 1894
10869 1612
10870 1620
10871 1530
10872 1786
10873 1689
10874 1047
10875 1563
10876 1669
10877 1624
10878 1855
10879 1733
10880 1681
10881 1875
10882 1530
10883 1554
10884 1849
10885 1524
10886 1837
10887 1755
10888 1484
10889 1856
10890 1614
10891 1882
10892 1537
10893 1417
10894 1781
10895 1691
10896 1731
10897 1937
10898 1464
10899 1651
10900 1782
10901 1675
10902 1543
10903 949
10904 1722
10905 1769
10906 1559
10907 1853
10908 1751
10909 1788
10910 1562
10911 1637
10912 1628
10913 1541
10914 1532
10915 1668
10916 1873
10917 1717
10918 1521
10919 1492
10920 1772
10921 1822
10922 1846
10923 1611
10924 1904
10925 1818
10926 1531
10927 1614
10928 1827
10929 1618
10930 1673
10931 1875
10932 1435
10933 1856
10934 1737
10935 1554
10936 1105
10937 1708
10938 1329
10939 1882
10940 1503
10941 1630
10942 1752
10943 1720
10944 1663
10945 1638
10946 1648
10947 1648
10948 1689
10949 1434
10950 1453
10951 1737
10952 1695
10953 1721
10954 1872
10955 1378
10956 1472
10957 1749
10958 1687
10959 1732
10960 1804
10961 1644
10962 1850
10963 1873
10964 1766
10965 1706
10966 1584
10967 1746
10968 1636
10969 1534
10970 1701
10971 1638
10972 1745
10973 1398
10974 1923
10975 1478
10976 1609
10977 1763
10978 1931
10979 1602
10980 1906
10981 1749
10982 1754
10983 1739
10984 1559
10985 1826
10986 1744
10987 1445
10988 1692
10989 1770
10990 1680
10991 1875
10992 1780
10993 1848
10994 1345
10995 1765
10996 1711
10997 1673
10998 1650
10999 1384
11000 1852
11001 1660
11002 1499
11003 1838
11004 1940
11005 1532
11006 1803
11007 1791
11008 1572
11009 1620
11010 1817
11011 1699
11012 1576
11013 1590
11014 1381
11015 1776
11016 1785
11017 1685
11018 1440
11019 1412
11020 1706
11021 1385
11022 1820
11023 1719
11024 1531
11025 1634
11026 911
11027 1425
11028 1756
11029 1790
11030 1660
11031 1750
11032 1523
11033 2001
11034 1551
11035 1692
11036 1780
11037 1199
11038 1760
11039 1818
11040 1100
11041 1378
11042 1668
11043 1526
11044 1717
11045 1760
11046 1680
11047 1744
11048 1661
11049 1462
11050 1483
11051 1583
11052 1797
11053 1706
11054 1412
11055 1605
11056 1738
11057 1797
11058 1476
11059 1872
11060 1721
11061 1450
11062 1862
11063 1432
11064 1640
11065 1708
11066 1742
11067 1642
11068 1646
11069 1553
11070 1719
11071 1658
11072 1860
11073 1592
11074 1495
11075 1785
11076 1931
11077 1764
11078 1593
11079 1679
11080 1759
11081 1674
11082 1748
11083 1901
11084 1805
11085 1532
11086 1100
11087 1917
11088 1815
11089 1588
11090 1785
11091 1944
11092 1529
11093 1889
11094 1615
11095 1525
11096 1523
11097 1529
11098 1791
11099 1775
11100 1700
11101 1421
11102 1738
11103 1682
11104 1492
11105 847
11106 1838
11107 1603
11108 1994
11109 910
11110 1789
11111 1804
11112 1535
11113 1825
11114 1432
11115 1480
11116 1919
11117 1507
11118 1582
11119 1612
11120 1790
11121 1781
11122 1719
11123 1254
11124 1640
11125 1867
11126 1752
11127 1579
11128 1379
11129 1858
11130 1919
11131 1616
11132 1684
11133 1671
11134 1696
11135 849
11136 1768
11137 1607
11138 1370
11139 1481
11140 1524
11141 1763
11142 1632
11143 1954
11144 1660
11145 1679
11146 1458
11147 1666
11148 1729
11149 1881
11150 1769
11151 1808
11152 1868
11153 1433
11154 1628
11155 1821
11156 1685
11157 1915
11158 1944
11159 1794
11160 1574
11161 1086
11162 1658
11163 2022
11164 1691
11165 1844
11166 1777
11167 1099
11168 1967
11169 1781
11170 1569
11171 1915
11172 1684
11173 1594
11174 1734
11175 1782
11176 1815
11177 1470
11178 1389
11179 1761
11180 1678
11181 1623
11182 1746
11183 1461
11184 1680
11185 1931
11186 1585
11187 1074
11188 1704
11189 1634
11190 1883
11191 1743
11192 1724
11193 1684
11194 1523
11195 1582
11196 1693
11197 1910
11198 1459
11199 1567
11200 1874
11201 1659
11202 1723
11203 1355
11204 1715
11205 1777
11206 1732
11207 1529
11208 1899
11209 1523
11210 1609
11211 1636
11212 1664
11213 1825
11214 987
11215 1690
11216 1419
11217 1094
11218 1881
11219 1821
11220 1471
11221 1643
11222 1868
11223 1682
11224 1795
11225 1768
11226 1602
11227 1726
11228 1439
11229 1709
11230 1692
11231 1647
11232 1491
11233 1697
11234 1564
11235 1899
11236 1618
11237 1915
11238 1510
11239 1659
11240 1019
11241 1924
11242 1709
11243 1827
11244 1467
11245 1830
11246 1468
11247 1660
11248 1991
11249 1649
11250 993
11251 1849
11252 1707
11253 1748
11254 1343
11255 1802
11256 1751
11257 206
11258 1754
11259 1709
11260 1658
11261 1836
11262 1796
11263 1361
11264 1923
11265 1868
11266 1539
11267 1863
11268 1703
11269 1592
11270 1808
11271 1555
11272 1831
11273 1909
11274 1671
11275 1749
11276 1794
11277 1137
11278 1451
11279 1799
11280 1570
11281 1730
11282 1821
11283 1848
11284 1852
11285 1622
11286 1516
11287 1584
11288 1569
11289 1678
11290 1680
11291 1821
11292 1732
11293 1898
11294 1733
11295 1248
11296 1566
11297 1653
11298 1724
11299 1794
11300 1662
11301 1602
11302 1827
11303 1654
11304 1565
11305 1338
11306 1384
11307 1646
11308 1659
11309 1633
11310 1567
11311 1869
11312 1890
11313 1697
11314 1379
11315 1894
11316 1812
11317 1653
11318 1754
11319 1899
11320 1863
11321 1720
11322 1561
11323 1787
11324 1561
11325 1599
11326 1403
11327 1660
11328 1007
11329 1336
11330 1479
11331 1766
11332 1615
11333 1823
11334 167
11335 1421
11336 1800
11337 1515
11338 1317
11339 1700
11340 1819
11341 1818
11342 1531
11343 1648
11344 1658
11345 1571
11346 1542
11347 1713
11348 1254
11349 1715
11350 1328
11351 1693
11352 1673
11353 1485
11354 1232
11355 1820
11356 1760
11357 1769
11358 1281
11359 1791
11360 1674
11361 1617
11362 1473
11363 1396
11364 1738
11365 1781
11366 1735
11367 1462
11368 1925
11369 1737
11370 1775
11371 1671
11372 1409
11373 1516
11374 1744
11375 1742
11376 1450
11377 1813
11378 1393
11379 1690
11380 1553
11381 1501
11382 2076
11383 1605
11384 1818
11385 1612
11386 1736
11387 1460
11388 1254
11389 1378
11390 1801
11391 1046
11392 1644
11393 1426
11394 1618
11395 1659
11396 1724
11397 1745
11398 1941
11399 1720
11400 1614
11401 1486
11402 1436
11403 1732
11404 1670
11405 1626
11406 1742
11407 1532
11408 1840
11409 1736
11410 1508
11411 1783
11412 1457
11413 1561
11414 1465
11415 1831
11416 1312
11417 1816
11418 1729
11419 1739
11420 1678
11421 1720
11422 1613
11423 1750
11424 1696
11425 1322
11426 1597
11427 1743
11428 1769
11429 1894
11430 1785
11431 1477
11432 1564
11433 1732
11434 1688
11435 1831
11436 1848
11437 1216
11438 1678
11439 1940
11440 1603
11441 1466
11442 1803
11443 1654
11444 1779
11445 1506
11446 1709
11447 1361
11448 1412
11449 1829
11450 697
11451 1705
11452 1402
11453 1660
11454 1847
11455 1850
11456 1682
11457 1763
11458 1923
11459 1583
11460 1578
11461 1327
11462 1775
11463 1771
11464 1676
11465 1157
11466 1755
11467 1741
11468 1938
11469 1631
11470 1675
11471 873
11472 1713
11473 1564
11474 1707
11475 1869
11476 1693
11477 1523
11478 1697
11479 1514
11480 1276
11481 1549
11482 1537
11483 1793
11484 1766
11485 1816
11486 1731
11487 1694
11488 1819
11489 1508
11490 1878
11491 1769
11492 1649
11493 1240
11494 1927
11495 1593
11496 1624
11497 1444
11498 1965
11499 1699
11500 1662
11501 1788
11502 1797
11503 1761
11504 1598
11505 1562
11506 1699
11507 1916
11508 1769
11509 1469
11510 1701
11511 1544
11512 1809
11513 1474
11514 1622
11515 1417
11516 1181
11517 1666
11518 1531
11519 1736
11520 1707
11521 1617
11522 1738
11523 1596
11524 1813
11525 1550
11526 1766
11527 1792
11528 1301
11529 1500
11530 1606
11531 1782
11532 1647
11533 1617
11534 1904
11535 1344
11536 1343
11537 1788
11538 1868
11539 1889
11540 1879
11541 2016
11542 1675
11543 1764
11544 1688
11545 1836
11546 1496
11547 1594
11548 1601
11549 1831
11550 1433
11551 1632
11552 1361
11553 1637
11554 1894
11555 1805
11556 697
11557 1876
11558 1726
11559 1745
11560 1614
11561 1736
11562 1727
11563 1294
11564 1719
11565 1749
11566 1227
11567 1470
11568 1595
11569 1746
11570 1292
11571 1843
11572 2060
11573 1540
11574 1932
11575 1732
11576 1816
11577 1509
11578 1821
11579 1563
11580 1426
11581 1810
11582 1796
11583 1854
11584 1459
11585 1667
11586 1103
11587 1897
11588 1470
11589 1799
11590 1711
11591 1562
11592 1638
11593 1742
11594 1366
11595 1779
11596 1728
11597 1814
11598 1851
11599 1512
11600 1007
11601 1688
11602 1909
11603 1727
11604 1926
11605 1532
11606 1804
11607 1771
11608 1502
11609 1744
11610 1515
11611 1775
11612 973
11613 1654
11614 1379
11615 1811
11616 1608
11617 1870
11618 1735
11619 1774
11620 1657
11621 1651
11622 1682
11623 1870
11624 1864
11625 1703
11626 1793
11627 1624
11628 1149
11629 1902
11630 1754
11631 1998
11632 1787
11633 1740
11634 1597
11635 1702
11636 1579
11637 1468
11638 1637
11639 1453
11640 1633
11641 1467
11642 1687
11643 1705
11644 1601
11645 1781
11646 1692
11647 1706
11648 1826
11649 1582
11650 1846
11651 1728
11652 1656
11653 1742
11654 1730
11655 1658
11656 1608
11657 1794
11658 1617
11659 1689
11660 1404
11661 1716
11662 1852
11663 1246
11664 1056
11665 1520
11666 1711
11667 1771
11668 1799
11669 1520
11670 1546
11671 1788
11672 1624
11673 1607
11674 1807
11675 1677
11676 1313
11677 1710
11678 1518
11679 1667
11680 1847
11681 1864
11682 1718
11683 1715
11684 1744
11685 1824
11686 1861
11687 1622
11688 1683
11689 1860
11690 1421
11691 1855
11692 1816
11693 1538
11694 1693
11695 1766
11696 1595
11697 1516
11698 1778
11699 1695
11700 1351
11701 1919
11702 1800
11703 1569
11704 1610
11705 1821
11706 1744
11707 1386
11708 1718
11709 1442
11710 1780
11711 1405
11712 1621
11713 1789
11714 1554
11715 1986
11716 1441
11717 1720
11718 1493
11719 1735
11720 1657
11721 1886
11722 1875
11723 1549
11724 1751
11725 1590
11726 1612
11727 1666
11728 1465
11729 1537
11730 1765
11731 1670
11732 1828
11733 918
11734 1970
11735 1645
11736 1539
11737 1832
11738 1379
11739 1767
11740 1709
11741 1454
11742 1830
11743 1243
11744 1909
11745 1684
11746 1743
11747 1586
11748 1770
11749 1410
11750 1762
11751 2007
11752 1441
11753 1463
11754 1830
11755 1603
11756 2066
11757 1548
11758 1735
11759 1605
11760 1932
11761 1285
11762 1795
11763 1644
11764 1324
11765 1788
11766 1865
11767 1672
11768 1677
11769 1618
11770 1632
11771 1479
11772 1117
11773 1709
11774 1646
11775 1607
11776 1834
11777 1482
11778 1787
11779 1662
11780 1575
11781 1795
11782 1603
11783 1662
11784 1755
11785 1936
11786 1913
11787 1778
11788 1222
11789 1398
11790 1782
11791 1536
11792 1453
11793 1727
11794 1675
11795 1434
11796 1804
11797 1224
11798 1932
11799 1593
11800 1734
11801 296
11802 1746
11803 1637
11804 1820
11805 1573
11806 1827
11807 1397
11808 923
11809 1612
11810 1583
11811 1751
11812 1703
11813 1841
11814 1779
11815 1601
11816 1704
11817 1149
11818 1404
11819 1478
11820 1660
11821 1870
11822 1411
11823 1595
11824 1343
11825 1810
11826 1850
11827 1681
11828 1748
11829 1467
11830 1839
11831 1502
11832 1614
11833 1867
11834 1340
11835 1111
11836 1812
11837 1673
11838 1832
11839 1549
11840 1376
11841 1040
11842 1623
11843 1639
11844 1494
11845 1608
11846 1525
11847 1622
11848 1483
11849 1595
11850 1668
11851 1865
11852 1727
11853 1647
11854 1378
11855 1701
11856 1913
11857 1565
11858 1323
11859 1505
11860 429
11861 1504
11862 1736
11863 1639
11864 1737
11865 1706
11866 1749
11867 1706
11868 1845
11869 1711
11870 1505
11871 1706
11872 1374
11873 1830
11874 1256
11875 1786
11876 1670
11877 1522
11878 1086
11879 1760
11880 1349
11881 1317
11882 1613
11883 1346
11884 1472
11885 1649
11886 1476
11887 1459
11888 1745
11889 1588
11890 1624
11891 1892
11892 1457
11893 1724
11894 1622
11895 1283
11896 1735
11897 1470
11898 1593
11899 1441
11900 1679
11901 1858
11902 1556
11903 1732
11904 1605
11905 1224
11906 1887
11907 1618
11908 1806
11909 1835
11910 1563
11911 1458
11912 1826
11913 1584
11914 1654
11915 1188
11916 1764
11917 1852
11918 1744
11919 1528
11920 1643
11921 1724
11922 1497
11923 1800
11924 1538
11925 1921
11926 1772
11927 1636
11928 1780
11929 1808
11930 1541
11931 1589
11932 1809
11933 1788
11934 1576
11935 1460
11936 1495
11937 1637
11938 1704
11939 1578
11940 1462
11941 1687
11942 1294
11943 1631
11944 1501
11945 1710
11946 1613
11947 1480
11948 1310
11949 1343
11950 1794
11951 1472
11952 1606
11953 1707
11954 1513
11955 1464
11956 1803
11957 1853
11958 1829
11959 1206
11960 1651
11961 1359
11962 1663
11963 1615
11964 1901
11965 1700
11966 1419
11967 796
11968 1454
11969 1733
11970 1796
11971 1644
11972 1700
11973 1797
11974 1477
11975 1753
11976 1412
11977 1833
11978 1911
11979 1804
11980 1652
11981 1687
11982 1577
11983 1607
11984 1726
11985 1191
11986 1835
11987 1577
11988 1706
11989 1740
11990 1783
11991 1474
11992 1512
11993 1921
11994 1513
11995 1883
11996 1497
11997 1707
11998 1894
11999 1898
12000 1723
12001 1280
12002 1821
12003 1259
12004 1246
12005 1298
12006 1778
12007 1713
12008 1696
12009 1308
12010 1712
12011 1935
12012 1410
12013 1974
12014 1687
12015 1847
12016 1027
12017 1742
12018 1832
12019 1792
12020 608
12021 1233
12022 1280
12023 1551
12024 1506
12025 1653
12026 1345
12027 1999
12028 1639
12029 1615
12030 1929
12031 1668
12032 1653
12033 1587
12034 1379
12035 1013
12036 1485
12037 1686
12038 1614
12039 1471
12040 1593
12041 1623
12042 1579
12043 1557
12044 1771
12045 1521
12046 1777
12047 1832
12048 1519
12049 1252
12050 1793
12051 1435
12052 1765
12053 1891
12054 1485
12055 1625
12056 1771
12057 1614
12058 1635
12059 1667
12060 822
12061 1718
12062 1581
12063 1594
12064 1744
12065 1141
12066 1427
12067 1806
12068 1812
12069 1480
12070 1475
12071 1843
12072 1755
12073 1189
12074 1681
12075 1544
12076 1639
12077 1456
12078 1604
12079 1725
12080 1619
12081 1984
12082 1862
12083 1719
12084 1698
12085 1993
12086 1642
12087 1596
12088 1696
12089 1774
12090 1631
12091 1746
12092 1444
12093 1764
12094 1622
12095 1698
12096 1618
12097 1688
12098 1835
12099 1718
12100 1284
12101 1837
12102 1739
12103 1733
12104 1307
12105 1786
12106 1353
12107 1683
12108 1703
12109 1633
12110 1289
12111 1528
12112 1701
12113 1331
12114 1465
12115 1551
12116 1745
12117 1784
12118 1605
12119 1677
12120 1630
12121 1752
12122 1780
12123 1665
12124 1750
12125 1500
12126 1463
12127 1664
12128 1442
12129 1677
12130 1633
12131 1911
12132 1529
12133 1280
12134 1676
12135 1737
12136 1728
12137 1772
12138 1829
12139 1180
12140 1618
12141 1807
12142 1640
12143 2019
12144 1870
12145 1886
12146 1857
12147 1652
12148 1642
12149 1736
12150 1629
12151 1666
12152 1676
12153 1361
12154 1519
12155 1792
12156 1279
12157 1499
12158 1410
12159 1571
12160 1291
12161 1450
12162 820
12163 1530
12164 1057
12165 1545
12166 2032
12167 1608
12168 1951
12169 1390
12170 1492
12171 1539
12172 1752
12173 1706
12174 1632
12175 1624
12176 1606
12177 1011
12178 1725
12179 1560
12180 1747
12181 1659
12182 1637
12183 1734
12184 1516
12185 1266
12186 1678
12187 1664
12188 1887
12189 1816
12190 1425
12191 1837
12192 1610
12193 1768
12194 1552
12195 1782
12196 1719
12197 1906
12198 1554
12199 1224
12200 1736
12201 1484
12202 1661
12203 1470
12204 1767
12205 1430
12206 1795
12207 1375
12208 1729
12209 1785
12210 1597
12211 1729
12212 1511
12213 1347
12214 1617
12215 1797
12216 1359
12217 1173
12218 1619
12219 1799
12220 1406
12221 1676
12222 1712
12223 1829
12224 1495
12225 1458
12226 1431
12227 1626
12228 1356
12229 1729
12230 1700
12231 601
12232 1773
12233 1737
12234 1788
12235 1170
12236 1514
12237 1685
12238 1587
12239 1700
12240 1692
12241 1568
12242 1552
12243 1769
12244 1486
12245 1652
12246 1679
12247 1543
12248 1780
12249 1148
12250 1730
12251 1825
12252 1824
12253 1706
12254 1557
12255 1838
12256 1788
12257 807
12258 1628
12259 1652
12260 1634
12261 1778
12262 1816
12263 1521
12264 1667
12265 1758
12266 1669
12267 1174
12268 1797
12269 1898
12270 1563
12271 1755
12272 1825
12273 1708
12274 1911
12275 1347
12276 1826
12277 844
12278 1854
12279 1432
12280 1667
12281 1608
12282 1875
12283 1593
12284 1804
12285 1634
12286 1504
12287 1691
12288 1685
12289 1751
12290 1456
12291 1695
12292 1770
12293 1684
12294 1758
12295 1674
12296 1697
12297 1598
12298 1956
12299 1739
12300 1727
12301 1778
12302 1838
12303 1886
12304 1788
12305 1438
12306 1588
12307 1773
12308 1604
12309 1263
12310 1471
12311 1890
12312 1653
12313 1757
12314 1641
12315 1499
12316 1401
12317 1927
12318 1639
12319 1868
12320 1742
12321 1732
12322 1894
12323 1876
12324 1928
12325 1425
12326 1455
12327 1680
12328 1153
12329 1625
12330 1719
12331 303
12332 1147
12333 1423
12334 1641
12335 1346
12336 1811
12337 1525
12338 1856
12339 1706
12340 1740
12341 1786
12342 1116
12343 1756
12344 1529
12345 1589
12346 1810
12347 1311
12348 1759
12349 1308
12350 1964
12351 1789
12352 1438
12353 1721
12354 1759
12355 1824
12356 1606
12357 1509
12358 1304
12359 1313
12360 1528
12361 1331
12362 1559
12363 1693
12364 1903
12365 1912
12366 1538
12367 1783
12368 1794
12369 1638
12370 1784
12371 1702
12372 1532
12373 1705
12374 1872
12375 1725
12376 1657
12377 1597
12378 1244
12379 1809
12380 1625
12381 1713
12382 977
12383 1830
12384 1799
12385 1300
12386 1290
12387 1913
12388 1678
12389 1752
12390 1296
12391 1274
12392 1761
12393 1355
12394 1744
12395 1429
12396 1806
12397 1759
12398 1745
12399 1677
12400 1620
12401 1596
12402 1667
12403 1786
12404 1781
12405 1806
12406 1467
12407 1533
12408 1521
12409 1829
12410 1515
12411 1839
12412 1516
12413 1894
12414 1671
12415 1504
12416 1419
12417 1629
12418 976
12419 1851
12420 1821
12421 1634
12422 1399
12423 1764
12424 1804
12425 1715
12426 1696
12427 1787
12428 1878
12429 1742
12430 1312
12431 1830
12432 1727
12433 1745
12434 1863
12435 1941
12436 1596
12437 1531
12438 1347
12439 1585
12440 1700
12441 1916
12442 1599
12443 1891
12444 1726
12445 1799
12446 1685
12447 1618
12448 1664
12449 1726
12450 1581
12451 1522
12452 1668
12453 1829
12454 1618
12455 1780
12456 1937
12457 1425
12458 1560
12459 1501
12460 1910
12461 1423
12462 1771
12463 1689
12464 1720
12465 1466
12466 1767
12467 1723
12468 1669
12469 1798
12470 1294
12471 1585
12472 1549
12473 1867
12474 961
12475 1770
12476 1767
12477 1862
12478 1406
12479 1767
12480 1461
12481 1861
12482 1828
12483 1553
12484 1498
12485 1326
12486 1444
12487 1387
12488 1745
12489 1732
12490 1768
12491 1191
12492 1766
12493 1362
12494 1676
12495 1516
12496 1883
12497 1740
12498 1643
12499 1755
12500 1890
12501 1531
12502 1965
12503 1690
12504 1936
12505 1921
12506 1567
12507 1607
12508 1514
12509 1777
12510 1692
12511 1619
12512 1712
12513 1643
12514 1720
12515 1591
12516 1390
12517 1504
12518 1766
12519 1041
12520 1682
12521 1707
12522 1823
12523 1660
12524 1710
12525 188
12526 1670
12527 1896
12528 1488
12529 1754
12530 1755
12531 1555
12532 1856
12533 1569
12534 1574
12535 1937
12536 1800
12537 1477
12538 1635
12539 1759
12540 1630
12541 1555
12542 1880
12543 1453
12544 1840
12545 1858
12546 1674
12547 1758
12548 1680
12549 1400
12550 1251
12551 1764
12552 1660
12553 1529
12554 1400
12555 1773
12556 1594
12557 1511
12558 1771
12559 1623
12560 1659
12561 1640
12562 1868
12563 1771
12564 1636
12565 1869
12566 1944
12567 1801
12568 1868
12569 1517
12570 1777
12571 1763
12572 1491
12573 1834
12574 1652
12575 1591
12576 1755
12577 1774
12578 1721
12579 1808
12580 1652
12581 1929
12582 1689
12583 1788
12584 1622
12585 1756
12586 1708
12587 1712
12588 1903
12589 1559
12590 1319
12591 1541
12592 1724
12593 1903
12594 1870
12595 1654
12596 1548
12597 1757
12598 1579
12599 1463
12600 1723
12601 1615
12602 1625
12603 1846
12604 1388
12605 1722
12606 1203
12607 1581
12608 1195
12609 1122
12610 1768
12611 1428
12612 1622
12613 1672
12614 1616
12615 1729
12616 1768
12617 1887
12618 1970
12619 1650
12620 1535
12621 1657
12622 1862
12623 1679
12624 1686
12625 1653
12626 1791
12627 1750
12628 1757
12629 1928
12630 1235
12631 1682
12632 2001
12633 1642
12634 1858
12635 967
12636 1834
12637 1581
12638 1478
12639 1734
12640 1467
12641 1679
12642 1673
12643 1699
12644 1822
12645 1663
12646 1656
12647 1720
12648 1636
12649 1405
12650 1766
12651 1580
12652 1537
12653 1259
12654 1463
12655 1498
12656 1448
12657 1913
12658 1566
12659 1579
12660 1676
12661 1608
12662 1329
12663 1781
12664 1658
12665 1864
12666 1655
12667 1675
12668 1534
12669 1889
12670 1780
12671 1615
12672 1951
12673 1611
12674 1736
12675 1315
12676 1564
12677 1886
12678 1616
12679 1533
12680 814
12681 1735
12682 1750
12683 1682
12684 1735
12685 1637
12686 1455
12687 1848
12688 1740
12689 1823
12690 1603
12691 1844
12692 1505
12693 1416
12694 1758
12695 1949
12696 1944
12697 1869
12698 1537
12699 1605
12700 1730
12701 1704
12702 1676
12703 1865
12704 1714
12705 1771
12706 1810
12707 1668
12708 1610
12709 1836
12710 956
12711 1797
12712 1573
12713 1714
12714 1609
12715 1424
12716 1726
12717 1929
12718 2143
12719 1504
12720 1694
12721 1635
12722 4
12723 1623
12724 1496
12725 1437
12726 1549
12727 1795
12728 1439
12729 1394
12730 1711
12731 1731
12732 1631
12733 1768
12734 1604
12735 1843
12736 1950
12737 1477
12738 1600
12739 1671
12740 1740
12741 1589
12742 1532
12743 1438
12744 1555
12745 1558
12746 1819
12747 1581
12748 1542
12749 1673
12750 1675
12751 1954
12752 1366
12753 1689
12754 1612
12755 1575
12756 1760
12757 1880
12758 1595
12759 1680
12760 1739
12761 1524
12762 1726
12763 1284
12764 1672
12765 1191
12766 1614
12767 1788
12768 1707
12769 1719
12770 1819
12771 1600
12772 1413
12773 1836
12774 1704
12775 1873
12776 1813
12777 1643
12778 2003
12779 1515
12780 1715
12781 1893
12782 1892
12783 1850
12784 1645
12785 1534
12786 1448
12787 1503
12788 1682
12789 1280
12790 1264
12791 1640
12792 1464
12793 1746
12794 1804
12795 1608
12796 1711
12797 1734
12798 1889
12799 1723
12800 1476
12801 1888
12802 1513
12803 2072
12804 1745
12805 1643
12806 1964
12807 1967
12808 1530
12809 1735
12810 1810
12811 1787
12812 1817
12813 1884
12814 1686
12815 1720
12816 1847
12817 1493
12818 1215
12819 1771
12820 1740
12821 2012
12822 1343
12823 1597
12824 1736
12825 1458
12826 1686
12827 1436
12828 948
12829 1170
12830 1782
12831 1475
12832 1886
12833 1564
12834 1796
12835 1430
12836 1823
12837 1783
12838 1521
12839 1626
12840 1788
12841 1719
12842 1555
12843 953
12844 1807
12845 1235
12846 1836
12847 1680
12848 1167
12849 1516
12850 1589
12851 1407
12852 1823
12853 1262
12854 411
12855 1863
12856 1673
12857 1749
12858 1657
12859 1672
12860 1817
12861 1398
12862 1442
12863 1517
12864 1459
12865 1802
12866 1674
12867 1820
12868 1641
12869 1543
12870 1280
12871 1578
12872 851
12873 1811
12874 1764
12875 1622
12876 1865
12877 1598
12878 1737
12879 1901
12880 1698
12881 1576
12882 1821
12883 1811
12884 1769
12885 1649
12886 1873
12887 1769
12888 1655
12889 1491
12890 1724
12891 1764
12892 1431
12893 1886
12894 1553
12895 1657
12896 1955
12897 1778
12898 1335
12899 1911
12900 1790
12901 1502
12902 1792
12903 1558
12904 1264
12905 1153
12906 1760
12907 1735
12908 1623
12909 1762
12910 1290
12911 1823
12912 1513
12913 1610
12914 1709
12915 1611
12916 1279
12917 1525
12918 1928
12919 1493
12920 1716
12921 1388
12922 1546
12923 1778
12924 1723
12925 1386
12926 1696
12927 1740
12928 1619
12929 1486
12930 1910
12931 1676
12932 1926
12933 1946
12934 1164
12935 1670
12936 1796
12937 1300
12938 1626
12939 1598
12940 1802
12941 1658
12942 1846
12943 1197
12944 1288
12945 1753
12946 1579
12947 1926
12948 1287
12949 1080
12950 1905
12951 1580
12952 1916
12953 1857
12954 1567
12955 1680
12956 1729
12957 1841
12958 1305
12959 1633
12960 1666
12961 1859
12962 1828
12963 1798
12964 1566
12965 1765
12966 1689
12967 1501
12968 1415
12969 1572
12970 1607
12971 1740
12972 1199
12973 1829
12974 1592
12975 1405
12976 1821
12977 1726
12978 1594
12979 1554
12980 1845
12981 1533
12982 1190
12983 1278
12984 1798
12985 1754
12986 1755
12987 1596
12988 1853
12989 1920
12990 1704
12991 1633
12992 1537
12993 1755
12994 1686
12995 1752
12996 1683
12997 1602
12998 1767
12999 1741
13000 1656
13001 1554
13002 1396
13003 1900
13004 1587
13005 1703
13006 1501
13007 1725
13008 1730
13009 1780
13010 1871
13011 1852
13012 1842
13013 1727
13014 1340
13015 1663
13016 1626
13017 1418
13018 1595
13019 1440
13020 1617
13021 1507
13022 2000
13023 1761
13024 1809
13025 1581
13026 1580
13027 1295
13028 1739
13029 1831
13030 1815
13031 1549
13032 1906
13033 1803
13034 1667
13035 1558
13036 1802
13037 1774
13038 1735
13039 1838
13040 1535
13041 1729
13042 1569
13043 1447
13044 1734
13045 1581
13046 1449
13047 1674
13048 1640
13049 1512
13050 1854
13051 1511
13052 1883
13053 1602
13054 1750
13055 0
13056 1230
13057 1660
13058 1587
13059 1813
13060 1861
13061 1911
13062 1412
13063 1875
13064 1495
13065 1880
13066 1641
13067 1664
13068 1587
13069 1846
13070 1689
13071 1801
13072 1715
13073 1589
13074 1616
13075 1964
13076 1669
13077 1585
13078 1439
13079 1550
13080 1793
13081 1801
13082 1602
13083 1802
13084 1988
13085 1807
13086 1728
13087 1467
13088 1754
13089 1848
13090 1859
13091 1787
13092 1480
13093 1133
13094 1527
13095 1929
13096 1997
13097 1351
13098 1698
13099 1916
13100 1968
13101 1565
13102 1125
13103 1754
13104 782
13105 1877
13106 1507
13107 1624
13108 1723
13109 1843
13110 1695
13111 2000
13112 1698
13113 1606
13114 1483
13115 1449
13116 1736
13117 1116
13118 1811
13119 1949
13120 1252
13121 1692
13122 1771
13123 1427
13124 1493
13125 1596
13126 1622
13127 1885
13128 1765
13129 1783
13130 1612
13131 1889
13132 1244
13133 1427
13134 1450
13135 1284
13136 1620
13137 1419
13138 1688
13139 1887
13140 1650
13141 1629
13142 1481
13143 1769
13144 1693
13145 1513
13146 1422
13147 1696
13148 1737
13149 1810
13150 1694
13151 1621
13152 1498
13153 1453
13154 1883
13155 1791
13156 1763
13157 1517
13158 1862
13159 1611
13160 1777
13161 1836
13162 1608
13163 1819
13164 1532
13165 1622
13166 1740
13167 1706
13168 1393
13169 1763
13170 1434
13171 1619
13172 1827
13173 1622
13174 1807
13175 1900
13176 1598
13177 1776
13178 1755
13179 1873
13180 1725
13181 1661
13182 1690
13183 1624
13184 1421
13185 1755
13186 1663
13187 1784
13188 1720
13189 1567
13190 1787
13191 1617
13192 1818
13193 1843
13194 99
13195 1787
13196 1809
13197 1822
13198 1781
13199 1469
13200 1400
13201 1661
13202 1791
13203 1757
13204 1600
13205 927
13206 1769
13207 1620
13208 1736
13209 1804
13210 1753
13211 1660
13212 1467
13213 1495
13214 1649
13215 1691
13216 1777
13217 1526
13218 1537
13219 1618
13220 1691
13221 1500
13222 1655
13223 1202
13224 1697
13225 1438
13226 1445
13227 1828
13228 1670
13229 1372
13230 1720
13231 1720
13232 1732
13233 1811
13234 1645
13235 1728
13236 1609
13237 1424
13238 1619
13239 1763
13240 1550
13241 1705
13242 1784
13243 1853
13244 1694
13245 1546
13246 1708
13247 1965
13248 1922
13249 1692
13250 1748
13251 1698
13252 1603
13253 1632
13254 1540
13255 1613
13256 1688
13257 1864
13258 1758
13259 1778
13260 1902
13261 1543
13262 1167
13263 1692
13264 1761
13265 1537
13266 1798
13267 1754
13268 1924
13269 1624
13270 1622
13271 1419
13272 1938
13273 1820
13274 1673
13275 1818
13276 1879
13277 1712
13278 1664
13279 1678
13280 1362
13281 1306
13282 1652
13283 1433
13284 1325
13285 1653
13286 1785
13287 1750
13288 1648
13289 1797
13290 1657
13291 1743
13292 1774
13293 1903
13294 1539
13295 1703
13296 1606
13297 1793
13298 1840
13299 1707
13300 1499
13301 1945
13302 1601
13303 1674
13304 1405
13305 1218
13306 1596
13307 1621
13308 1634
13309 1835
13310 1703
13311 1861
13312 1926
13313 1590
13314 1373
13315 1944
13316 1685
13317 1648
13318 1479
13319 1638
13320 1751
13321 1644
13322 1634
13323 1784
13324 1709
13325 1698
13326 1842
13327 1533
13328 1530
13329 1779
13330 1463
13331 1749
13332 1504
13333 1531
13334 1660
13335 1572
13336 1644
13337 1679
13338 1734
13339 1457
13340 1703
13341 1548
13342 1668
13343 1331
13344 1490
13345 1753
13346 1756
13347 1866
13348 1827
13349 1429
13350 1594
13351 1573
13352 1598
13353 1743
13354 1829
13355 1738
13356 1609
13357 1501
13358 1506
13359 1719
13360 1587
13361 1629
13362 1755
13363 1668
13364 1545
13365 1786
13366 1880
13367 1899
13368 1192
13369 1753
13370 1627
13371 1413
13372 1736
13373 1872
13374 1773
13375 1756
13376 1661
13377 1899
13378 1734
13379 1613
13380 1092
13381 1379
13382 1095
13383 1728
13384 1759
13385 1913
13386 1434
13387 1689
13388 1800
13389 1584
13390 1365
13391 1611
13392 1579
13393 1629
13394 600
13395 1837
13396 1709
13397 1757
13398 1729
13399 1142
13400 1779
13401 1781
13402 1544
13403 1856
13404 1833
13405 1434
13406 1633
13407 1943
13408 1706
13409 1724
13410 1766
13411 1414
13412 1588
13413 1734
13414 1672
13415 1767
13416 1696
13417 1195
13418 1870
13419 1565
13420 1363
13421 1614
13422 1657
13423 1479
13424 1734
13425 1824
13426 1607
13427 1950
13428 1493
13429 1530
13430 1330
13431 1588
13432 1723
13433 1599
13434 1810
13435 1794
13436 1974
13437 1731
13438 1510
13439 1787
13440 1205
13441 1636
13442 1575
13443 1570
13444 1872
13445 1584
13446 1589
13447 1713
13448 1827
13449 1379
13450 1504
13451 1410
13452 1540
13453 1467
13454 1936
13455 1769
13456 1797
13457 1632
13458 1765
13459 1722
13460 1547
13461 1738
13462 2014
13463 1833
13464 1763
13465 1707
13466 1601
13467 1513
13468 1251
13469 1671
13470 1670
13471 1802
13472 1698
13473 1111
13474 1823
13475 1524
13476 1673
13477 1635
13478 1759
13479 1663
13480 1690
13481 1780
13482 1673
13483 1431
13484 1786
13485 1674
13486 1772
13487 1492
13488 1350
13489 1497
13490 1347
13491 1458
13492 1624
13493 1761
13494 1577
13495 1712
13496 1481
13497 1854
13498 1599
13499 1651
13500 1638
13501 1729
13502 1462
13503 1741
13504 1793
13505 1460
13506 1205
13507 1564
13508 1420
13509 1436
13510 1804
13511 1417
13512 1617
13513 1790
13514 1724
13515 1991
13516 1263
13517 1526
13518 1608
13519 1660
13520 1623
13521 1682
13522 1525
13523 1020
13524 1769
13525 1475
13526 1792
13527 1544
13528 1749
13529 1973
13530 1954
13531 1791
13532 1869
13533 1807
13534 1673
13535 120
13536 1595
13537 1598
13538 1756
13539 1705
13540 1595
13541 1833
13542 1859
13543 1781
13544 1472
13545 1661
13546 1290
13547 1671
13548 1758
13549 1591
13550 1551
13551 1586
13552 1344
13553 1713
13554 1829
13555 1688
13556 1731
13557 1577
13558 1640
13559 1920
13560 1427
13561 1732
13562 1950
13563 1367
13564 1611
13565 1810
13566 1927
13567 1786
13568 1691
13569 1506
13570 1424
13571 1548
13572 1478
13573 1534
13574 1820
13575 1637
13576 1465
13577 1874
13578 1674
13579 1739
13580 1665
13581 1559
13582 1347
13583 1467
13584 1396
13585 1970
13586 1811
13587 1693
13588 1659
13589 1744
13590 1549
13591 1955
13592 1569
13593 1499
13594 1438
13595 1746
13596 1416
13597 2060
13598 1672
13599 1954
13600 1818
13601 1954
13602 640
13603 1737
13604 1855
13605 1736
13606 1728
13607 1481
13608 1597
13609 1876
13610 1286
13611 1314
13612 1908
13613 1630
13614 1981
13615 1493
13616 1586
13617 1573
13618 1818
13619 1410
13620 1912
13621 1829
13622 1751
13623 1850
13624 1476
13625 730
13626 1558
13627 1697
13628 1470
13629 1761
13630 983
13631 1682
13632 1698
13633 1765
13634 1574
13635 1494
13636 1538
13637 1830
13638 1733
13639 1286
13640 1885
13641 1716
13642 938
13643 1590
13644 1716
13645 1786
13646 2079
13647 1624
13648 1705
13649 1473
13650 1572
13651 1583
13652 1930
13653 1770
13654 1872
13655 1603
13656 1436
13657 1531
13658 1868
13659 1791
13660 1804
13661 1508
13662 1415
13663 1722
13664 1632
13665 1935
13666 1805
13667 1747
13668 1523
13669 1864
13670 1585
13671 1739
13672 1715
13673 1821
13674 1475
13675 1566
13676 1768
13677 1719
13678 1756
13679 1584
13680 1690
13681 1655
13682 911
13683 1626
13684 1901
13685 1270
13686 1355
13687 1826
13688 1822
13689 1724
13690 1646
13691 1460
13692 2030
13693 1570
13694 1822
13695 1701
13696 1902
13697 1466
13698 1578
13699 1437
13700 1619
13701 1487
13702 1798
13703 1737
13704 1661
13705 1550
13706 1801
13707 1518
13708 1725
13709 1720
13710 1792
13711 1841
13712 1871
13713 1752
13714 1882
13715 1694
13716 1439
13717 1596
13718 1772
13719 216
13720 1776
13721 1865
13722 1570
13723 1677
13724 1313
13725 1665
13726 1407
13727 1573
13728 1741
13729 1779
13730 1767
13731 1695
13732 1653
13733 1610
13734 1906
13735 1641
13736 1786
13737 1718
13738 1712
13739 1864
13740 1846
13741 1567
13742 1490
13743 1654
13744 1611
13745 1509
13746 1825
13747 1817
13748 1617
13749 1683
13750 1906
13751 1701
13752 1117
13753 1662
13754 1626
13755 1212
13756 1734
13757 1442
13758 1675
13759 1466
13760 1797
13761 1751
13762 1261
13763 1628
13764 1851
13765 1518
13766 1369
13767 1659
13768 1600
13769 1849
13770 1874
13771 1934
13772 1790
13773 1811
13774 1831
13775 1277
13776 1288
13777 1744
13778 1775
13779 1742
13780 1808
13781 1730
13782 1325
13783 1666
13784 1687
13785 1610
13786 1874
13787 1462
13788 1827
13789 1731
13790 1879
13791 1700
13792 1726
13793 1879
13794 1610
13795 1885
13796 1673
13797 1389
13798 1701
13799 1621
13800 1688
13801 1796
13802 1887
13803 1638
13804 1451
13805 1772
13806 1699
13807 1573
13808 1755
13809 1527
13810 1474
13811 1762
13812 1619
13813 1689
13814 1863
13815 1580
13816 1826
13817 1682
13818 1782
13819 1750
13820 1666
13821 1804
13822 1739
13823 1642
13824 1585
13825 1536
13826 1658
13827 1262
13828 1658
13829 1718
13830 1371
13831 1521
13832 1822
13833 1800
13834 1425
13835 1700
13836 1700
13837 1388
13838 1900
13839 1606
13840 1562
13841 1960
13842 1702
13843 1645
13844 1887
13845 1845
13846 1798
13847 1531
13848 1707
13849 1691
13850 1788
13851 1657
13852 1653
13853 1725
13854 1917
13855 1820
13856 1622
13857 1498
13858 1496
13859 1816
13860 1585
13861 1761
13862 1628
13863 1477
13864 1235
13865 1769
13866 1848
13867 1550
13868 1405
13869 1773
13870 1518
13871 1939
13872 1718
13873 1531
13874 1958
13875 1729
13876 1809
13877 1788
13878 1806
13879 1587
13880 1681
13881 1899
13882 1360
13883 1594
13884 1537
13885 1609
13886 1837
13887 1897
13888 1519
13889 1650
13890 1799
13891 1741
13892 1798
13893 1853
13894 1581
13895 1492
13896 1557
13897 1728
13898 1713
13899 1561
13900 1676
13901 1915
13902 1443
13903 1577
13904 1399
13905 1410
13906 1548
13907 1644
13908 1471
13909 1585
13910 1828
13911 1781
13912 1718
13913 1599
13914 1579
13915 1306
13916 1843
13917 1442
13918 968
13919 1633
13920 1581
13921 1693
13922 1476
13923 1849
13924 1468
13925 1667
13926 1548
13927 1848
13928 1800
13929 1884
13930 1501
13931 1812
13932 1668
13933 1149
13934 1334
13935 1258
13936 1392
13937 1435
13938 1457
13939 1317
13940 1729
13941 1781
13942 1343
13943 1242
13944 1688
13945 1319
13946 1447
13947 1738
13948 1562
13949 1610
13950 1697
13951 1511
13952 1187
13953 1816
13954 1404
13955 1614
13956 1373
13957 1596
13958 1720
13959 1731
13960 1686
13961 1621
13962 1761
13963 1586
13964 1394
13965 1906
13966 1633
13967 1154
13968 1712
13969 1777
13970 1968
13971 1887
13972 1684
13973 1341
13974 1802
13975 1793
13976 1865
13977 1819
13978 1777
13979 1857
13980 1785
13981 1720
13982 1887
13983 1737
13984 1524
13985 1890
13986 1350
13987 1486
13988 1781
13989 1584
13990 1584
13991 1861
13992 1526
13993 1593
13994 1615
13995 1869
13996 1430
13997 1569
13998 1926
13999 1768
14000 1565
14001 1782
14002 1571
14003 1802
14004 1908
14005 1763
14006 1533
14007 1744
14008 1594
14009 1346
14010 1865
14011 1774
14012 1575
14013 1722
14014 1282
14015 1942
14016 1740
14017 1885
14018 1630
14019 1494
14020 1598
14021 1898
14022 1238
14023 1629
14024 1775
14025 1697
14026 1792
14027 1738
14028 1678
14029 1901
14030 1753
14031 1228
14032 1367
14033 1835
14034 1685
14035 1678
14036 1357
14037 1719
14038 1624
14039 1695
14040 1731
14041 1495
14042 1671
14043 1683
14044 1793
14045 1665
14046 1559
14047 1911
14048 1753
14049 1649
14050 1531
14051 1791
14052 1641
14053 1661
14054 1498
14055 1658
14056 1646
14057 1272
14058 1542
14059 1390
14060 1778
14061 1570
14062 1623
14063 1851
14064 1710
14065 1765
14066 1925
14067 1797
14068 1834
14069 1949
14070 1676
14071 1500
14072 877
14073 1493
14074 1665
14075 1751
14076 1202
14077 1815
14078 1636
14079 1770
14080 1570
14081 1738
14082 1659
14083 1319
14084 1144
14085 1456
14086 1354
14087 1662
14088 1645
14089 1433
14090 1465
14091 1095
14092 1268
14093 1239
14094 1770
14095 1651
14096 1681
14097 1702
14098 1673
14099 1314
14100 1783
14101 1399
14102 1379
14103 1667
14104 1768
14105 1456
14106 1635
14107 1953
14108 1660
14109 1760
14110 1525
14111 1882
14112 1205
14113 1489
14114 1690
14115 1318
14116 1673
14117 1847
14118 1623
14119 1145
14120 1640
14121 1487
14122 1896
14123 1855
14124 1956
14125 1807
14126 1784
14127 1727
14128 1530
14129 1850
14130 304
14131 1760
14132 1639
14133 1831
14134 1552
14135 1915
14136 1500
14137 2025
14138 1684
14139 1984
14140 1639
14141 1642
14142 1711
14143 1560
14144 1635
14145 1573
14146 1617
14147 1867
14148 1845
14149 1518
14150 1638
14151 1566
14152 1528
14153 1859
14154 1277
14155 1630
14156 1570
14157 880
14158 1570
14159 1666
14160 1829
14161 1867
14162 1655
14163 1389
14164 1635
14165 1726
14166 1614
14167 1928
14168 1741
14169 1466
14170 1673
14171 1744
14172 1822
14173 1748
14174 1911
14175 1524
14176 1745
14177 1837
14178 1736
14179 1591
14180 1615
14181 1285
14182 418
14183 1859
14184 1610
14185 1720
14186 1643
14187 1785
14188 1919
14189 1819
14190 1850
14191 1185
14192 1508
14193 1808
14194 1350
14195 1491
14196 1453
14197 1483
14198 1604
14199 1542
14200 1324
14201 1482
14202 1490
14203 1531
14204 1627
14205 1689
14206 1460
14207 1504
14208 1843
14209 1814
14210 1835
14211 1880
14212 1771
14213 1783
14214 1728
14215 1728
14216 1530
14217 1691
14218 1602
14219 1642
14220 1741
14221 1727
14222 1661
14223 1843
14224 1816
14225 976
14226 1730
14227 1451
14228 1736
14229 1586
14230 1807
14231 1754
14232 1856
14233 1987
14234 1123
14235 1562
14236 1335
14237 1792
14238 1578
14239 1837
14240 1277
14241 1755
14242 1702
14243 1629
14244 1693
14245 1771
14246 1781
14247 1885
14248 1796
14249 1894
14250 2089
14251 1795
14252 1934
14253 1807
14254 1717
14255 1790
14256 1792
14257 1835
14258 1830
14259 1559
14260 1473
14261 1511
14262 1629
14263 1753
14264 1529
14265 1501
14266 1856
14267 1632
14268 1871
14269 1539
14270 1391
14271 1211
14272 1418
14273 1671
14274 1645
14275 1841
14276 1725
14277 1752
14278 1445
14279 1568
14280 1898
14281 1792
14282 1840
14283 1687
14284 1945
14285 1691
14286 1342
14287 1709
14288 1643
14289 1532
14290 1653
14291 1672
14292 1362
14293 1715
14294 1670
14295 1955
14296 1118
14297 1789
14298 1460
14299 1304
14300 1569
14301 1670
14302 1805
14303 1775
14304 1448
14305 1681
14306 1496
14307 1805
14308 1345
14309 1542
14310 1651
14311 1818
14312 1268
14313 1364
14314 1757
14315 1591
14316 1727
14317 1695
14318 1610
14319 1626
14320 1633
14321 1481
14322 1861
14323 230
14324 1406
14325 1634
14326 1547
14327 1340
14328 1607
14329 1704
14330 1962
14331 1593
14332 1535
14333 1803
14334 1797
14335 1749
14336 1765
14337 1686
14338 1881
14339 1635
14340 1904
14341 1615
14342 1653
14343 1688
14344 1605
14345 1802
14346 1655
14347 1602
14348 1941
14349 1745
14350 1644
14351 1436
14352 1618
14353 1624
14354 1551
14355 1852
14356 1499
14357 1741
14358 1474
14359 1974
14360 1774
14361 1697
14362 1608
14363 1588
14364 1672
14365 1622
14366 1587
14367 1598
14368 1494
14369 1584
14370 1894
14371 1875
14372 1898
14373 1082
14374 1353
14375 1794
14376 1664
14377 1469
14378 1843
14379 1728
14380 1694
14381 1811
14382 1618
14383 1710
14384 1308
14385 1582
14386 1643
14387 1703
14388 1747
14389 1851
14390 1692
14391 1746
14392 1688
14393 1628
14394 1469
14395 1825
14396 1366
14397 1742
14398 1729
14399 1461
14400 1318
14401 1942
14402 1355
14403 1837
14404 1198
14405 1719
14406 1889
14407 1767
14408 1707
14409 1629
14410 1744
14411 1770
14412 756
14413 1630
14414 1793
14415 1584
14416 1286
14417 1387
14418 1525
14419 1557
14420 1672
14421 1547
14422 1491
14423 1682
14424 1809
14425 1849
14426 1575
14427 1422
14428 1450
14429 1658
14430 1511
14431 1518
14432 1832
14433 1664
14434 1505
14435 1536
14436 1935
14437 1700
14438 1567
14439 1849
14440 1960
14441 1834
14442 961
14443 1598
14444 1796
14445 1575
14446 1149
14447 1539
14448 1510
14449 1217
14450 1643
14451 1492
14452 1515
14453 1565
14454 1310
14455 1689
14456 1611
14457 1704
14458 1299
14459 1643
14460 1757
14461 1739
14462 1701
14463 1738
14464 1495
14465 1205
14466 1701
14467 1693
14468 1777
14469 1467
14470 1557
14471 1442
14472 1801
14473 1793
14474 1846
14475 1826
14476 1453
14477 1840
14478 1283
14479 1624
14480 1962
14481 1689
14482 1803
14483 1765
14484 1585
14485 1931
14486 1499
14487 1552
14488 1713
14489 1020
14490 1353
14491 1719
14492 1725
14493 1760
14494 1528
14495 1363
14496 1679
14497 1906
14498 1646
14499 901
14500 1516
14501 1435
14502 1752
14503 1802
14504 1854
14505 1432
14506 1620
14507 1660
14508 1560
14509 1871
14510 1484
14511 1587
14512 1525
14513 1412
14514 1422
14515 1564
14516 1907
14517 1643
14518 1497
14519 1929
14520 1603
14521 1587
14522 1506
14523 1461
14524 1728
14525 1720
14526 1809
14527 2025
14528 1636
14529 104
14530 1856
14531 1906
14532 1744
14533 1721
14534 1627
14535 1378
14536 1431
14537 1615
14538 1527
14539 1700
14540 1971
14541 1477
14542 1337
14543 1828
14544 1755
14545 1797
14546 1827
14547 1799
14548 1802
14549 1411
14550 1794
14551 1684
14552 1751
14553 1240
14554 1546
14555 1557
14556 1664
14557 1543
14558 1890
14559 1765
14560 1965
14561 1523
14562 1707
14563 1604
14564 1324
14565 1950
14566 1903
14567 1613
14568 1541
14569 1682
14570 1831
14571 1513
14572 1830
14573 1643
14574 1754
14575 1780
14576 1580
14577 1703
14578 1594
14579 1884
14580 1795
14581 1390
14582 1573
14583 1504
14584 1730
14585 1677
14586 1711
14587 1738
14588 1531
14589 1899
14590 1398
14591 1502
14592 1393
14593 1676
14594 1929
14595 1780
14596 1529
14597 1584
14598 1432
14599 1432
14600 1677
14601 1830
14602 1558
14603 1644
14604 1516
14605 1664
14606 1554
14607 1750
14608 1661
14609 1646
14610 1406
14611 1601
14612 1749
14613 1638
14614 1626
14615 1791
14616 1709
14617 1646
14618 1699
14619 1695
14620 1719
14621 1460
14622 1710
14623 1268
14624 1788
14625 1457
14626 1832
14627 1839
14628 1658
14629 1618
14630 1808
14631 1644
14632 1805
14633 1777
14634 1809
14635 1639
14636 1875
14637 1403
14638 1804
14639 1899
14640 1886
14641 1302
14642 1405
14643 1766
14644 1514
14645 1598
14646 1446
14647 1551
14648 1422
14649 1548
14650 1908
14651 1814
14652 1832
14653 1687
14654 1946
14655 1751
14656 1765
14657 1667
14658 1688
14659 1792
14660 1854
14661 1718
14662 1788
14663 1717
14664 1730
14665 1512
14666 1817
14667 1850
14668 1807
14669 1679
14670 1605
14671 1982
14672 1923
14673 1930
14674 1420
14675 1581
14676 1723
14677 1518
14678 1738
14679 1811
14680 1760
14681 1765
14682 1425
14683 1544
14684 1735
14685 1516
14686 1777
14687 1533
14688 1998
14689 1620
14690 1610
14691 1743
14692 1650
14693 1800
14694 1726
14695 1715
14696 1770
14697 1756
14698 1513
14699 1736
14700 1862
14701 1601
14702 1779
14703 1846
14704 1570
14705 1875
14706 1669
14707 1724
14708 1718
14709 1492
14710 1321
14711 1630
14712 1608
14713 1674
14714 1722
14715 1846
14716 1745
14717 1734
14718 1733
14719 1674
14720 1551
14721 1693
14722 1515
14723 1595
14724 1590
14725 1452
14726 1469
14727 1608
14728 1620
14729 1669
14730 1792
14731 1711
14732 1901
14733 1867
14734 1625
14735 1674
14736 1916
14737 1629
14738 1738
14739 1627
14740 1748
14741 1541
14742 1783
14743 1529
14744 1841
14745 1822
14746 1869
14747 1851
14748 1417
14749 1881
14750 1501
14751 302
14752 1768
14753 1503
14754 1735
14755 1935
14756 1525
14757 1227
14758 1759
14759 1422
14760 1386
14761 1556
14762 1837
14763 1503
14764 1388
14765 2005
14766 1708
14767 1447
14768 1852
14769 1618
14770 1638
14771 1781
14772 1625
14773 1654
14774 1570
14775 1577
14776 1662
14777 1389
14778 1875
14779 1816
14780 1703
14781 1709
14782 1388
14783 1403
14784 1576
14785 1574
14786 1743
14787 1539
14788 1680
14789 1801
14790 1855
14791 1855
14792 1271
14793 1769
14794 1256
14795 1699
14796 1482
14797 1852
14798 1374
14799 1527
14800 1316
14801 1582
14802 1521
14803 1626
14804 1548
14805 1527
14806 1717
14807 1745
14808 1791
14809 1566
14810 1462
14811 1919
14812 1302
14813 1599
14814 1492
14815 1308
14816 1366
14817 1853
14818 1528
14819 1704
14820 1923
14821 1770
14822 1835
14823 1600
14824 1697
14825 1657
14826 1351
14827 1566
14828 1360
14829 1861
14830 1455
14831 1329
14832 1562
14833 1281
14834 1718
14835 1723
14836 1637
14837 1724
14838 1473
14839 1537
14840 1941
14841 865
14842 1848
14843 1618
14844 1756
14845 1787
14846 1836
14847 1807
14848 994
14849 1829
14850 1509
14851 1359
14852 1899
14853 1744
14854 1629
14855 1656
14856 1589
14857 1574
14858 1807
14859 1670
14860 1473
14861 1874
14862 1975
14863 1486
14864 1582
14865 1658
14866 1436
14867 1592
14868 1777
14869 1708
14870 1735
14871 1941
14872 1906
14873 1691
14874 1994
14875 1472
14876 1694
14877 1355
14878 2030
14879 1754
14880 1779
14881 1592
14882 1624
14883 1623
14884 1802
14885 1805
14886 1521
14887 1802
14888 1541
14889 1822
14890 1692
14891 1393
14892 1674
14893 1713
14894 1452
14895 1733
14896 1594
14897 1657
14898 1775
14899 1182
14900 1651
14901 1524
14902 1057
14903 1887
14904 1575
14905 1686
14906 1845
14907 1628
14908 1621
14909 1799
14910 1954
14911 1549
14912 1767
14913 1356
14914 1198
14915 1805
14916 1691
14917 1811
14918 1674
14919 1624
14920 1589
14921 1699
14922 1165
14923 1609
14924 1748
14925 1555
14926 1845
14927 1719
14928 1332
14929 1761
14930 1605
14931 1900
14932 1773
14933 1737
14934 1761
14935 1476
14936 1627
14937 1426
14938 1810
14939 1644
14940 1307
14941 1747
14942 1647
14943 1621
14944 1686
14945 1333
14946 1669
14947 1305
14948 1736
14949 1668
14950 1511
14951 1623
14952 1563
14953 1665
14954 1707
14955 1669
14956 1406
14957 1901
14958 1262
14959 1902
14960 1800
14961 1637
14962 1646
14963 1611
14964 1943
14965 1717
14966 1608
14967 1361
14968 1766
14969 1800
14970 1330
14971 1789
14972 1556
14973 1446
14974 1463
14975 1516
14976 1782
14977 1419
14978 1760
14979 1546
14980 1351
14981 1780
14982 1444
14983 1486
14984 1797
14985 1604
14986 1704
14987 1804
14988 1737
14989 1721
14990 1691
14991 1400
14992 1884
14993 1833
14994 1838
14995 1662
14996 1943
14997 1774
14998 1760
14999 1922
15000 1802
15001 1758
15002 1816
15003 1596
15004 1551
15005 1651
15006 1677
15007 1763
15008 1911
15009 1329
15010 1824
15011 1840
15012 1214
15013 1376
15014 1652
15015 1532
15016 1857
15017 1686
15018 1555
15019 1697
15020 1456
15021 1699
15022 1894
15023 1715
15024 1499
15025 1842
15026 1874
15027 1284
15028 1782
15029 1750
15030 1666
15031 1606
15032 1826
15033 1849
15034 1676
15035 629
15036 1920
15037 1819
15038 1712
15039 1640
15040 1681
15041 1908
15042 1416
15043 1850
15044 1602
15045 1821
15046 603
15047 1854
15048 2005
15049 1931
15050 1788
15051 1427
15052 1675
15053 1766
15054 1865
15055 1768
15056 1486
15057 1607
15058 1565
15059 1520
15060 1858
15061 1554
15062 1832
15063 1784
15064 1416
15065 1523
15066 1290
15067 1446
15068 1796
15069 1532
15070 1444
15071 1823
15072 1588
15073 1236
15074 1650
15075 1876
15076 1764
15077 1661
15078 1464
15079 1588
15080 1895
15081 1600
15082 1734
15083 1793
15084 1704
15085 1720
15086 1669
15087 1852
15088 1852
15089 1821
15090 1833
15091 1340
15092 1699
15093 1626
15094 1577
15095 1789
15096 1582
15097 1416
15098 1658
15099 1610
15100 908
15101 1647
15102 1703
15103 1689
15104 1439
15105 1553
15106 1474
15107 1667
15108 1703
15109 1458
15110 1952
15111 1730
15112 1576
15113 1336
15114 1586
15115 1587
15116 1749
15117 1705
15118 1562
15119 1678
15120 1613
15121 1727
15122 1518
15123 1743
15124 1623
15125 1742
15126 1478
15127 1740
15128 1704
15129 1825
15130 1757
15131 1733
15132 1495
15133 1155
15134 1205
15135 1519
15136 1714
15137 1760
15138 1523
15139 1873
15140 1669
15141 1842
15142 1802
15143 1724
15144 1811
15145 1795
15146 1672
15147 1440
15148 1431
15149 1734
15150 1659
15151 1747
15152 1325
15153 1859
15154 1475
15155 1812
15156 1661
15157 1718
15158 1738
15159 1643
15160 1774
15161 1421
15162 1654
15163 1593
15164 1632
15165 1603
15166 1660
15167 1739
15168 1311
15169 1372
15170 1793
15171 1860
15172 1653
15173 1914
15174 1854
15175 1873
15176 1652
15177 1752
15178 1736
15179 1514
15180 1691
15181 1219
15182 1784
15183 1548
15184 1637
15185 1676
15186 1755
15187 1619
15188 1596
15189 1844
15190 1804
15191 1398
15192 1621
15193 1782
15194 1763
15195 1280
15196 1278
15197 1503
15198 1884
15199 1945
15200 1490
15201 1779
15202 2008
15203 1802
15204 1672
15205 1637
15206 1697
15207 1643
15208 1419
15209 1786
15210 1699
15211 1766
15212 1689
15213 1610
15214 1629
15215 1803
15216 1919
15217 1878
15218 1775
15219 1641
15220 1878
15221 1702
15222 1484
15223 1908
15224 1766
15225 1818
15226 1678
15227 1712
15228 1759
15229 1427
15230 1484
15231 1565
15232 1788
15233 1714
15234 1669
15235 1008
15236 1905
15237 1203
15238 1955
15239 1571
15240 1444
15241 1504
15242 1878
15243 1488
15244 1852
15245 1665
15246 1696
15247 1408
15248 1681
15249 1327
15250 1809
15251 1692
15252 1718
15253 1440
15254 1349
15255 1793
15256 1462
15257 1630
15258 1555
15259 1412
15260 1831
15261 1661
15262 1455
15263 1016
15264 1193
15265 1646
15266 1519
15267 1918
15268 1547
15269 1511
15270 1496
15271 1871
15272 381
15273 1754
15274 1387
15275 1787
15276 1475
15277 1692
15278 1722
15279 677
15280 1863
15281 1710
15282 1522
15283 1667
15284 1623
15285 564
15286 1602
15287 1623
15288 1870
15289 1681
15290 1575
15291 1542
15292 1672
15293 1952
15294 1386
15295 1613
15296 1661
15297 1525
15298 1654
15299 1635
15300 1845
15301 1198
15302 1390
15303 1832
15304 1652
15305 1562
15306 1659
15307 1444
15308 1540
15309 1776
15310 1698
15311 1704
15312 1676
15313 1859
15314 1913
15315 1728
15316 1883
15317 1766
15318 971
15319 1610
15320 1507
15321 1659
15322 1600
15323 1321
15324 1908
15325 1805
15326 1764
15327 1682
15328 1858
15329 1473
15330 1759
15331 1187
15332 1686
15333 1742
15334 1730
15335 1690
15336 1786
15337 1675
15338 1470
15339 1616
15340 1825
15341 1599
15342 1644
15343 1528
15344 1753
15345 1476
15346 1770
15347 1589
15348 1851
15349 1513
15350 1602
15351 1311
15352 1540
15353 2002
15354 1045
15355 1731
15356 1439
15357 1265
15358 1678
15359 1723
15360 1454
15361 1610
15362 1838
15363 1656
15364 1789
15365 1813
15366 1463
15367 1277
15368 1603
15369 1313
15370 1658
15371 1537
15372 1687
15373 1516
15374 1611
15375 1748
15376 1454
15377 1609
15378 1861
15379 1433
15380 1623
15381 1281
15382 1775
15383 1591
15384 1273
15385 1177
15386 1572
15387 1571
15388 1891
15389 1769
15390 1848
15391 1642
15392 1626
15393 1771
15394 1695
15395 1823
15396 1918
15397 1467
15398 1756
15399 1724
15400 1226
15401 1686
15402 1836
15403 1504
15404 1634
15405 1885
15406 1603
15407 1592
15408 780
15409 1595
15410 1932
15411 1375
15412 1715
15413 1769
15414 1239
15415 1595
15416 1762
15417 1871
15418 1767
15419 1743
15420 1909
15421 1290
15422 1536
15423 1744
15424 1679
15425 1360
15426 1934
15427 1779
15428 1827
15429 1767
15430 1248
15431 1715
15432 1663
15433 1676
15434 1778
15435 1703
15436 1682
15437 1299
15438 1693
15439 1774
15440 1564
15441 1892
15442 1804
15443 1746
15444 1623
15445 1653
15446 1914
15447 1757
15448 1783
15449 1632
15450 793
15451 1825
15452 1644
15453 1426
15454 1209
15455 1383
15456 1823
15457 1799
15458 1552
15459 1591
15460 1603
15461 1629
15462 1679
15463 1970
15464 1530
15465 1761
15466 1573
15467 1960
15468 1856
15469 1616
15470 1716
15471 1403
15472 1553
15473 1868
15474 1831
15475 1709
15476 1802
15477 1478
15478 1778
15479 1922
15480 1341
15481 1457
15482 1768
15483 1707
15484 1943
15485 1867
15486 1731
15487 1373
15488 1622
15489 1638
15490 1791
15491 1679
15492 1614
15493 1663
15494 1709
15495 1878
15496 1261
15497 1658
15498 1476
15499 340
15500 1821
15501 267
15502 1725
15503 1659
15504 1512
15505 1616
15506 1829
15507 1614
15508 1768
15509 1683
15510 1549
15511 1891
15512 1634
15513 1553
15514 1474
15515 1968
15516 1879
15517 1869
15518 1790
15519 1552
15520 1605
15521 1723
15522 1544
15523 1314
15524 1714
15525 1529
15526 1671
15527 1789
15528 1642
15529 1780
15530 1833
15531 1574
15532 1887
15533 1733
15534 1582
15535 1838
15536 1801
15537 1784
15538 1508
15539 1617
15540 1765
15541 1851
15542 1365
15543 1033
15544 1884
15545 1776
15546 1627
15547 1747
15548 1800
15549 1800
15550 1633
15551 1904
15552 1574
15553 1478
15554 1715
15555 1688
15556 1360
15557 1543
15558 1725
15559 1617
15560 1565
15561 1643
15562 1853
15563 2011
15564 1819
15565 1765
15566 1540
15567 1895
15568 1580
15569 1675
15570 1539
15571 1822
15572 1665
15573 1527
15574 1731
15575 1688
15576 1868
15577 1530
15578 1547
15579 1680
15580 1842
15581 1560
15582 1835
15583 1718
15584 1550
15585 1509
15586 1737
15587 1652
15588 1415
15589 1787
15590 1759
15591 1344
15592 1463
15593 1720
15594 1730
15595 1338
15596 1814
15597 1781
15598 1755
15599 1832
15600 1113
15601 1555
15602 1711
15603 1662
15604 1833
15605 1384
15606 1773
15607 1805
15608 1613
15609 1741
15610 1870
15611 1572
15612 1762
15613 1825
15614 1597
15615 1620
15616 1823
15617 1930
15618 1744
15619 1840
15620 1635
15621 1839
15622 1763
15623 1532
15624 1755
15625 1870
15626 1566
15627 1713
15628 1558
15629 1682
15630 1827
15631 1690
15632 1827
15633 1870
15634 1686
15635 1716
15636 1894
15637 1841
15638 1396
15639 1407
15640 1340
15641 1035
15642 1637
15643 1721
15644 1619
15645 1733
15646 1754
15647 1448
15648 1558
15649 1375
15650 358
15651 1628
15652 1764
15653 1881
15654 1616
15655 1500
15656 1426
15657 1716
15658 1773
15659 1742
15660 1657
15661 1866
15662 1555
15663 1530
15664 1770
15665 1655
15666 1351
15667 1632
15668 1471
15669 1920
15670 1678
15671 1669
15672 1737
15673 1511
15674 1710
15675 1379
15676 1617
15677 1969
15678 1361
15679 1612
15680 1705
15681 1624
15682 1752
15683 1570
15684 1734
15685 1222
15686 1837
15687 1465
15688 1814
15689 1595
15690 1679
15691 1854
15692 1668
15693 1683
15694 1435
15695 1673
15696 1669
15697 1731
15698 1685
15699 1775
15700 1754
15701 1522
15702 1588
15703 2004
15704 1672
15705 1167
15706 1267
15707 1727
15708 1630
15709 1616
15710 1671
15711 1483
15712 1870
15713 1690
15714 1625
15715 1743
15716 1798
15717 1719
15718 1875
15719 1452
15720 1630
15721 1646
15722 1477
15723 1808
15724 1128
15725 1585
15726 1631
15727 1626
15728 1718
15729 1928
15730 1669
15731 1656
15732 1505
15733 1824
15734 1738
15735 1860
15736 1714
15737 1537
15738 1838
15739 1614
15740 1557
15741 1631
15742 1802
15743 1733
15744 1536
15745 1713
15746 1489
15747 1921
15748 1528
15749 1787
15750 1650
15751 1499
15752 1704
15753 1608
15754 1832
15755 1740
15756 1711
15757 1288
15758 1769
15759 1878
15760 1671
15761 1836
15762 1671
15763 1815
15764 1810
15765 2038
15766 1865
15767 1697
15768 1904
15769 1721
15770 1647
15771 1626
15772 1433
15773 1468
15774 1973
15775 1617
15776 1630
15777 1773
15778 1877
15779 1790
15780 1382
15781 1210
15782 1489
15783 1542
15784 1571
15785 1676
15786 1753
15787 1721
15788 1651
15789 1713
15790 1492
15791 1441
15792 1620
15793 1454
15794 1703
15795 1602
15796 1731
15797 1823
15798 1747
15799 1596
15800 1630
15801 1373
15802 1754
15803 983
15804 1418
15805 1644
15806 1600
15807 1504
15808 1826
15809 1401
15810 1284
15811 1896
15812 1873
15813 1549
15814 1885
15815 1844
15816 1773
15817 1730
15818 1864
15819 1535
15820 1782
15821 1621
15822 1713
15823 1832
15824 1876
15825 1527
15826 1545
15827 1741
15828 1351
15829 1401
15830 1412
15831 1786
15832 1599
15833 1714
15834 1631
15835 1617
15836 1704
15837 1348
15838 1652
15839 1370
15840 1507
15841 1567
15842 1608
15843 1654
15844 1631
15845 1639
15846 1769
15847 1783
15848 1362
15849 1750
15850 1676
15851 1842
15852 1952
15853 1530
15854 1965
15855 1545
15856 1536
15857 1478
15858 1791
15859 1809
15860 1398
15861 1455
15862 1542
15863 1383
15864 1421
15865 1631
15866 1707
15867 1636
15868 1739
15869 1796
15870 1536
15871 1612
15872 1284
15873 1657
15874 1468
15875 1609
15876 1442
15877 1619
15878 1720
15879 1788
15880 1333
15881 1851
15882 1820
15883 1977
15884 1619
15885 1272
15886 1771
15887 1609
15888 1713
15889 1553
15890 1490
15891 1573
15892 1837
15893 1653
15894 1607
15895 1637
15896 1615
15897 1722
15898 1675
15899 1750
15900 1355
15901 1886
15902 1549
15903 1769
15904 1785
15905 1745
15906 1448
15907 1932
15908 1282
15909 1850
15910 1882
15911 1904
15912 1382
15913 1606
15914 1595
15915 1427
15916 1466
15917 1513
15918 1770
15919 1492
15920 549
15921 1732
15922 1860
15923 2077
15924 1846
15925 1454
15926 1847
15927 1739
15928 1777
15929 1904
15930 1523
15931 1641
15932 1725
15933 1717
15934 1553
15935 1036
15936 1682
15937 1362
15938 1487
15939 1644
15940 1895
15941 1975
15942 1640
15943 1608
15944 1774
15945 1720
15946 1496
15947 1832
15948 1631
15949 1784
15950 1762
15951 1989
15952 1584
15953 1141
15954 1587
15955 1408
15956 1730
15957 1706
15958 1911
15959 1721
15960 1689
15961 1575
15962 1584
15963 1442
15964 1875
15965 1702
15966 1344
15967 1922
15968 1753
15969 1600
15970 1600
15971 1670
15972 1737
15973 1698
15974 1323
15975 1816
15976 1415
15977 1897
15978 1558
15979 1724
15980 1649
15981 1887
15982 1759
15983 1644
15984 1426
15985 1378
15986 1659
15987 1876
15988 1237
15989 1643
15990 1628
15991 1999
15992 1616
15993 1864
15994 1621
15995 1613
15996 1136
15997 1432
15998 1482
15999 1734
16000 1611
16001 1650
16002 1517
16003 1630
16004 1734
16005 1348
16006 1519
16007 1754
16008 1336
16009 1696
16010 1604
16011 1448
16012 1562
16013 1429
16014 1184
16015 1782
16016 1702
16017 1740
16018 1601
16019 1706
16020 1613
16021 1683
16022 1672
16023 1843
16024 1452
16025 163
16026 1774
16027 694
16028 1501
16029 1871
16030 1692
16031 1763
16032 1628
16033 1744
16034 1505
16035 1673
16036 1376
16037 1839
16038 1413
16039 1663
16040 1414
16041 2014
16042 1809
16043 1696
16044 1595
16045 1725
16046 1701
16047 1935
16048 1704
16049 1704
16050 1526
16051 1727
16052 1220
16053 1799
16054 1930
16055 1483
16056 1764
16057 1412
16058 1615
16059 2038
16060 1711
16061 1700
16062 1894
16063 1487
16064 1751
16065 1830
16066 1493
16067 1666
16068 1134
16069 1322
16070 1687
16071 1709
16072 1759
16073 1530
16074 1535
16075 1517
16076 1399
16077 1449
16078 1542
16079 1348
16080 1736
16081 1651
16082 1689
16083 1806
16084 1741
16085 1721
16086 1544
16087 1855
16088 1731
16089 1641
16090 1876
16091 1786
16092 1804
16093 1928
16094 1615
16095 1513
16096 1588
16097 1531
16098 1682
16099 1868
16100 1501
16101 1780
16102 1701
16103 1523
16104 1805
16105 1763
16106 1435
16107 1681
16108 1955
16109 1507
16110 1588
16111 1827
16112 1500
16113 1819
16114 1857
16115 1650
16116 1286
16117 1842
16118 1263
16119 1510
16120 1846
16121 1501
16122 1747
16123 1316
16124 1609
16125 1670
16126 1440
16127 1658
16128 1503
16129 1435
16130 1936
16131 1609
16132 1718
16133 1688
16134 1395
16135 1560
16136 1431
16137 1625
16138 1517
16139 1525
16140 1568
16141 1562
16142 1457
16143 1814
16144 1842
16145 1703
16146 1790
16147 1518
16148 1759
16149 1766
16150 1807
16151 1558
16152 1830
16153 1509
16154 1869
16155 2021
16156 1691
16157 1674
16158 1641
16159 1762
16160 1744
16161 1717
16162 1619
16163 1733
16164 1865
16165 1942
16166 1662
16167 1851
16168 1360
16169 1797
16170 1560
16171 1696
16172 1748
16173 1358
16174 1766
16175 1115
16176 1704
16177 1745
16178 1608
16179 1688
16180 1493
16181 1688
16182 1444
16183 1408
16184 1480
16185 1525
16186 1682
16187 1490
16188 1595
16189 96
16190 1744
16191 1621
16192 1542
16193 1764
16194 1505
16195 1658
16196 1658
16197 1765
16198 1865
16199 1452
16200 1724
16201 1568
16202 1670
16203 1660
16204 1936
16205 1902
16206 1687
16207 1728
16208 1470
16209 1817
16210 1597
16211 1616
16212 1304
16213 1474
16214 1761
16215 1661
16216 1834
16217 1866
16218 1478
16219 1769
16220 1666
16221 1463
16222 1155
16223 1841
16224 1630
16225 1703
16226 1926
16227 1615
16228 1564
16229 1486
16230 1786
16231 1577
16232 1524
16233 1348
16234 1479
16235 1865
16236 1445
16237 1498
16238 1947
16239 1832
16240 1684
16241 1647
16242 1643
16243 1670
16244 1317
16245 1695
16246 1750
16247 1538
16248 1547
16249 1694
16250 1715
16251 1549
16252 1822
16253 1723
16254 1440
16255 1437
16256 1777
16257 1817
16258 1587
16259 1892
16260 1820
16261 1850
16262 1941
16263 1926
16264 1589
16265 1716
16266 1727
16267 1721
16268 1757
16269 1862
16270 1657
16271 1769
16272 1544
16273 1509
16274 1764
16275 1856
16276 1808
16277 1823
16278 1821
16279 1609
16280 1543
16281 1807
16282 1911
16283 837
16284 1723
16285 1278
16286 1575
16287 1924
16288 1308
16289 1796
16290 1754
16291 1595
16292 791
16293 1357
16294 1619
16295 1722
16296 1721
16297 1890
16298 1905
16299 1754
16300 1457
16301 1452
16302 1706
16303 1864
16304 1754
16305 1677
16306 1713
16307 1770
16308 1853
16309 1927
16310 1431
16311 1877
16312 1607
16313 1753
16314 1377
16315 1475
16316 1671
16317 1883
16318 1750
16319 1599
16320 1848
16321 1684
16322 1486
16323 1646
16324 1654
16325 1879
16326 1238
16327 1639
16328 1459
16329 1282
16330 1654
16331 1945
16332 1257
16333 1611
16334 1706
16335 1840
16336 1197
16337 1639
16338 1912
16339 1682
16340 1546
16341 1422
16342 1480
16343 1732
16344 955
16345 1272
16346 1828
16347 1864
16348 1098
16349 1473
16350 1753
16351 1624
16352 1682
16353 1556
16354 1383
16355 1663
16356 1269
16357 1518
16358 1564
16359 1731
16360 1215
16361 1573
16362 1340
16363 1208
16364 1113
16365 1769
16366 1516
16367 1795
16368 1682
16369 1595
16370 1768
16371 1888
16372 1687
16373 1326
16374 1623
16375 1624
16376 1773
16377 1453
16378 1529
16379 1269
16380 1536
16381 1653
16382 1655
16383 1898
16384 1176
16385 1575
16386 1634
16387 1655
16388 1587
16389 1718
16390 1292
16391 1800
16392 1746
16393 1404
16394 1495
16395 1754
16396 1380
16397 1777
16398 1607
16399 1760
16400 1757
16401 1464
16402 1516
16403 1874
16404 1127
16405 1383
16406 1724
16407 1708
16408 1776
16409 1585
16410 1259
16411 1632
16412 1867
16413 1346
16414 2010
16415 1793
16416 1245
16417 1480
16418 1532
16419 1398
16420 1669
16421 1816
16422 1573
16423 1458
16424 1562
16425 1890
16426 1582
16427 1677
16428 1706
16429 1764
16430 1209
16431 1828
16432 2138
16433 1780
16434 1722
16435 1563
16436 1936
16437 1575
16438 1705
16439 1693
16440 1460
16441 1846
16442 1366
16443 1820
16444 1722
16445 1844
16446 1796
16447 1398
16448 1493
16449 1653
16450 1802
16451 1735
16452 1684
16453 1954
16454 1597
16455 1529
16456 1589
16457 1815
16458 1350
16459 1570
16460 1864
16461 1510
16462 1658
16463 1258
16464 1674
16465 1743
16466 1574
16467 1518
16468 1839
16469 1749
16470 1630
16471 1544
16472 1824
16473 1747
16474 1753
16475 1063
16476 1250
16477 1864
16478 1880
16479 1953
16480 1151
16481 1775
16482 759
16483 1606
16484 1451
16485 1348
16486 1644
16487 1718
16488 1768
16489 1345
16490 1155
16491 1824
16492 1654
16493 1170
16494 1638
16495 1758
16496 1534
16497 1444
16498 1798
16499 1938
16500 1567
16501 1738
16502 287
16503 1202
16504 1419
16505 1221
16506 1893
16507 1646
16508 1674
16509 1757
16510 1520
16511 1528
16512 1771
16513 1753
16514 1253
16515 1601
16516 1906
16517 1021
16518 1827
16519 1656
16520 1534
16521 1357
16522 1753
16523 1792
16524 1895
16525 1798
16526 1808
16527 260
16528 1606
16529 1764
16530 1803
16531 1629
16532 1581
16533 1851
16534 1693
16535 1190
16536 1846
16537 1566
16538 1602
16539 1770
16540 1270
16541 1627
16542 1926
16543 2028
16544 1657
16545 1841
16546 1761
16547 1752
16548 1341
16549 1434
16550 1763
16551 1850
16552 1622
16553 1721
16554 1594
16555 1612
16556 1553
16557 1515
16558 1740
16559 1635
16560 1598
16561 1374
16562 1630
16563 1684
16564 1708
16565 1818
16566 1807
16567 1756
16568 1559
16569 1316
16570 1122
16571 1700
16572 1708
16573 1729
16574 1581
16575 1696
16576 1368
16577 1653
16578 1781
16579 1735
16580 1527
16581 1497
16582 1392
16583 1712
16584 1792
16585 1886
16586 1727
16587 1721
16588 1871
16589 1645
16590 1756
16591 1885
16592 1308
16593 1592
16594 1218
16595 1854
16596 1711
16597 1476
16598 1729
16599 1740
16600 1611
16601 1801
16602 1618
16603 1810
16604 1713
16605 1926
16606 1839
16607 1934
16608 1873
16609 1792
16610 1638
16611 1771
16612 1684
16613 1721
16614 593
16615 1838
16616 1771
16617 1675
16618 1286
16619 1787
16620 1610
16621 1746
16622 1783
16623 1791
16624 1779
16625 1524
16626 1523
16627 1680
16628 1396
16629 1574
16630 1734
16631 1799
16632 918
16633 1888
16634 1640
16635 1815
16636 1633
16637 1677
16638 1661
16639 1877
16640 1767
16641 1637
16642 1628
16643 1696
16644 1749
16645 1544
16646 1804
16647 1646
16648 1770
16649 2127
16650 1601
16651 1581
16652 1701
16653 1690
16654 1601
16655 1830
16656 1898
16657 1423
16658 1565
16659 1657
16660 1641
16661 1617
16662 1637
16663 1589
16664 1726
16665 1635
16666 1726
16667 1868
16668 1687
16669 1536
16670 1771
16671 1602
16672 1869
16673 1664
16674 1788
16675 1623
16676 1652
16677 1709
16678 1762
16679 1797
16680 1793
16681 1430
16682 1475
16683 1827
16684 1723
16685 1815
16686 1637
16687 1638
16688 1525
16689 1585
16690 1698
16691 1664
16692 1680
16693 1568
16694 1826
16695 1660
16696 1703
16697 1684
16698 1872
16699 1684
16700 1404
16701 1691
16702 1662
16703 1841
16704 1733
16705 1459
16706 1853
16707 1803
16708 1542
16709 1734
16710 1101
16711 1865
16712 1767
16713 1316
16714 1643
16715 1560
16716 1555
16717 1894
16718 1782
16719 1793
16720 1408
16721 1828
16722 1706
16723 1125
16724 1651
16725 1752
16726 1669
16727 1726
16728 1957
16729 1658
16730 1005
16731 1679
16732 787
16733 1281
16734 1565
16735 1685
16736 1756
16737 1526
16738 1518
16739 1741
16740 1780
16741 2029
16742 1738
16743 998
16744 1884
16745 1674
16746 1539
16747 1688
16748 1680
16749 1833
16750 1655
16751 1875
16752 1603
16753 1731
16754 1643
16755 1554
16756 1968
16757 1543
16758 1489
16759 1857
16760 2060
16761 1634
16762 1744
16763 1257
16764 1910
16765 1980
16766 1580
16767 1455
16768 1424
16769 1676
16770 1748
16771 1437
16772 1655
16773 1498
16774 1527
16775 1807
16776 1951
16777 1559
16778 1571
16779 1711
16780 1717
16781 1568
16782 1714
16783 1760
16784 1738
16785 803
16786 1633
16787 1462
16788 1890
16789 1694
16790 1937
16791 1960
16792 1783
16793 1660
16794 1684
16795 1550
16796 1373
16797 1685
16798 1629
16799 1526
16800 1746
16801 1706
16802 1466
16803 1547
16804 1841
16805 1412
16806 1739
16807 1810
16808 1853
16809 1539
16810 1833
16811 1401
16812 1547
16813 1459
16814 1602
16815 1726
16816 1320
16817 1839
16818 1429
16819 1454
16820 1505
16821 1627
16822 1858
16823 1826
16824 1359
16825 1654
16826 1347
16827 1704
16828 1665
16829 1487
16830 1766
16831 1543
16832 1236
16833 1822
16834 1471
16835 1408
16836 497
16837 1746
16838 1659
16839 1789
16840 970
16841 1775
16842 1836
16843 1323
16844 1413
16845 1936
16846 1425
16847 1707
16848 1896
16849 1813
16850 691
16851 1677
16852 1817
16853 1065
16854 1459
16855 1801
16856 1825
16857 1742
16858 1590
16859 1748
16860 1120
16861 1702
16862 1707
16863 1409
16864 1736
16865 1672
16866 1705
16867 1624
16868 1873
16869 1673
16870 1707
16871 1510
16872 1710
16873 1812
16874 1526
16875 1322
16876 1757
16877 1487
16878 1810
16879 1735
16880 1875
16881 1630
16882 1616
16883 1533
16884 1515
16885 1712
16886 1732
16887 1882
16888 1850
16889 1735
16890 1600
16891 1810
16892 1710
16893 1840
16894 1671
16895 1797
16896 1960
16897 1881
16898 1650
16899 1724
16900 1487
16901 1927
16902 1614
16903 1406
16904 1741
16905 1710
16906 1628
16907 1830
16908 1762
16909 1442
16910 1845
16911 1731
16912 1609
16913 1802
16914 1458
16915 1557
16916 1817
16917 1478
16918 1433
16919 1795
16920 1547
16921 1819
16922 1849
16923 1510
16924 1768
16925 1455
16926 939
16927 1503
16928 1590
16929 1900
16930 1809
16931 1643
16932 1838
16933 1760
16934 1743
16935 1514
16936 1626
16937 1800
16938 1857
16939 1467
16940 1777
16941 1603
16942 1492
16943 1708
16944 1634
16945 1891
16946 1896
16947 1504
16948 1590
16949 1609
16950 1835
16951 1877
16952 1517
16953 1575
16954 1920
16955 1782
16956 1163
16957 1641
16958 2094
16959 1507
16960 1651
16961 1886
16962 1780
16963 1572
16964 1877
16965 1666
16966 2071
16967 1714
16968 1641
16969 1753
16970 1490
16971 1449
16972 1727
16973 1779
16974 1418
16975 1003
16976 1723
16977 1735
16978 1703
16979 1680
16980 1520
16981 1654
16982 1689
16983 1772
16984 1627
16985 1269
16986 1620
16987 1549
16988 1540
16989 1235
16990 1878
16991 1660
16992 1630
16993 1633
16994 1648
16995 1755
16996 1793
16997 435
16998 1655
16999 1288
17000 1685
17001 1298
17002 1670
17003 1703
17004 1348
17005 1020
17006 1668
17007 1795
17008 1568
17009 1685
17010 1844
17011 1612
17012 1690
17013 1639
17014 1650
17015 1709
17016 1803
17017 1885
17018 1635
17019 1879
17020 1441
17021 1523
17022 522
17023 1783
17024 1787
17025 1793
17026 1656
17027 1817
17028 1630
17029 1682
17030 1489
17031 1630
17032 1786
17033 1416
17034 1777
17035 1535
17036 305
17037 1775
17038 1919
17039 1560
17040 1794
17041 1645
17042 1284
17043 1844
17044 1172
17045 1890
17046 1756
17047 1320
17048 1726
17049 1767
17050 1604
17051 1454
17052 1842
17053 1566
17054 1736
17055 1587
17056 1754
17057 1677
17058 1524
17059 1022
17060 1219
17061 1438
17062 1703
17063 1645
17064 1850
17065 1784
17066 1784
17067 1858
17068 1309
17069 1065
17070 1104
17071 1194
17072 1744
17073 1726
17074 1535
17075 1793
17076 1667
17077 1363
17078 1481
17079 1707
17080 1060
17081 1473
17082 1747
17083 1690
17084 1626
17085 1541
17086 1544
17087 1485
17088 1893
17089 1698
17090 1820
17091 1681
17092 1773
17093 1508
17094 1629
17095 1457
17096 1696
17097 1327
17098 1359
17099 1837
17100 1167
17101 1619
17102 1474
17103 1988
17104 1736
17105 1296
17106 1689
17107 1895
17108 1835
17109 1476
17110 1879
17111 1591
17112 1770
17113 1751
17114 1607
17115 1866
17116 1974
17117 1035
17118 1674
17119 1805
17120 1342
17121 1710
17122 1669
17123 1658
17124 1749
17125 1545
17126 1641
17127 1668
17128 1519
17129 1486
17130 1758
17131 1430
17132 1587
17133 1467
17134 1746
17135 1715
17136 1742
17137 1796
17138 1719
17139 1691
17140 1822
17141 1817
17142 1526
17143 1665
17144 1480
17145 1921
17146 1608
17147 1895
17148 1414
17149 1705
17150 1748
17151 1292
17152 587
17153 1713
17154 1645
17155 1763
17156 1819
17157 1724
17158 1743
17159 1884
17160 1775
17161 1645
17162 1468
17163 1769
17164 1636
17165 1852
17166 1602
17167 1898
17168 1809
17169 1547
17170 1904
17171 1381
17172 1561
17173 1665
17174 1587
17175 1920
17176 1752
17177 1439
17178 1098
17179 1423
17180 722
17181 1680
17182 1410
17183 1749
17184 1590
17185 1519
17186 1754
17187 1734
17188 1758
17189 1550
17190 1921
17191 1727
17192 1848
17193 1040
17194 1696
17195 1735
17196 1879
17197 1402
17198 1807
17199 1711
17200 1714
17201 1659
17202 1646
17203 1917
17204 1342
17205 1909
17206 1908
17207 1337
17208 1597
17209 1901
17210 1695
17211 1694
17212 1404
17213 1869
17214 1808
17215 1620
17216 1884
17217 1741
17218 1745
17219 1448
17220 1849
17221 1837
17222 1694
17223 1929
17224 1729
17225 1490
17226 618
17227 1578
17228 1770
17229 1292
17230 1186
17231 1622
17232 1929
17233 1855
17234 1292
17235 1479
17236 1250
17237 2012
17238 1828
17239 1837
17240 1976
17241 1705
17242 1105
17243 1875
17244 1776
17245 1916
17246 1757
17247 1893
17248 1594
17249 1532
17250 1499
17251 1532
17252 1869
17253 1786
17254 1734
17255 1514
17256 1541
17257 1799
17258 1859
17259 1219
17260 1540
17261 1678
17262 1645
17263 1986
17264 1681
17265 1820
17266 1784
17267 1455
17268 1787
17269 1633
17270 1350
17271 1534
17272 1357
17273 1495
17274 1304
17275 1765
17276 1263
17277 1630
17278 1762
17279 1888
17280 1430
17281 1558
17282 1329
17283 1668
17284 1784
17285 1724
17286 1544
17287 1465
17288 1653
17289 1730
17290 1317
17291 1543
17292 1772
17293 1912
17294 1688
17295 1460
17296 1248
17297 1768
17298 1546
17299 1641
17300 1739
17301 1436
17302 1730
17303 1677
17304 1257
17305 1702
17306 1253
17307 1657
17308 1731
17309 1545
17310 1657
17311 1661
17312 1791
17313 1589
17314 1533
17315 1413
17316 1697
17317 1656
17318 1845
17319 1655
17320 1311
17321 1288
17322 1786
17323 1707
17324 1900
17325 1454
17326 1786
17327 1730
17328 1644
17329 1814
17330 1786
17331 1633
17332 1916
17333 1805
17334 1691
17335 1950
17336 1432
17337 1575
17338 1412
17339 614
17340 1619
17341 1826
17342 1554
17343 1701
17344 1868
17345 1900
17346 1559
17347 1788
17348 1754
17349 1723
17350 1386
17351 1521
17352 1837
17353 849
17354 1746
17355 1701
17356 1793
17357 1969
17358 1653
17359 1783
17360 1763
17361 1689
17362 1952
17363 1613
17364 1678
17365 1329
17366 1534
17367 1707
17368 1395
17369 1844
17370 1745
17371 1673
17372 1640
17373 1521
17374 1789
17375 1736
17376 1897
17377 1407
17378 1693
17379 1852
17380 1624
17381 1754
17382 1684
17383 1581
17384 1604
17385 1050
17386 922
17387 1604
17388 1744
17389 1769
17390 1439
17391 1618
17392 1491
17393 1472
17394 1702
17395 1613
17396 1454
17397 1726
17398 1898
17399 1483
17400 1774
17401 1677
17402 1810
17403 1875
17404 1891
17405 1540
17406 1387
17407 1685
17408 1587
17409 1756
17410 1729
17411 1818
17412 1678
17413 1641
17414 1833
17415 1567
17416 1216
17417 1477
17418 1662
17419 1341
17420 1782
17421 1688
17422 1868
17423 1858
17424 1847
17425 1660
17426 1938
17427 1749
17428 1458
17429 1827
17430 1706
17431 1840
17432 1608
17433 1703
17434 1637
17435 1741
17436 1753
17437 1796
17438 1626
17439 1685
17440 1809
17441 1909
17442 1626
17443 1647
17444 1773
17445 1752
17446 1727
17447 1630
17448 1693
17449 1734
17450 1715
17451 1493
17452 1425
17453 1349
17454 1855
17455 1756
17456 1834
17457 1249
17458 1683
17459 1897
17460 1631
17461 1693
17462 1477
17463 1585
17464 1735
17465 1641
17466 1046
17467 1774
17468 1816
17469 1904
17470 1656
17471 1618
17472 1872
17473 1825
17474 1559
17475 1714
17476 1759
17477 1860
17478 1548
17479 1816
17480 195
17481 1359
17482 1751
17483 1652
17484 1860
17485 1532
17486 1741
17487 1937
17488 1795
17489 1798
17490 902
17491 1716
17492 1794
17493 1659
17494 1597
17495 1707
17496 1612
17497 1687
17498 1838
17499 1794
17500 1809
17501 1694
17502 1732
17503 1850
17504 1963
17505 1230
17506 1674
17507 1512
17508 1763
17509 1756
17510 1639
17511 1771
17512 1843
17513 1812
17514 1518
17515 1698
17516 1938
17517 1770
17518 1627
17519 1854
17520 1792
17521 1598
17522 1304
17523 1668
17524 1587
17525 1561
17526 1578
17527 393
17528 1634
17529 1693
17530 1873
17531 1588
17532 1706
17533 1553
17534 1978
17535 1508
17536 1662
17537 1703
17538 1809
17539 1281
17540 1840
17541 1858
17542 1555
17543 1564
17544 1743
17545 1855
17546 1560
17547 1981
17548 1723
17549 1662
17550 1657
17551 1723
17552 1857
17553 1763
17554 1662
17555 1536
17556 1814
17557 1444
17558 1956
17559 1755
17560 1463
17561 1766
17562 1589
17563 1530
17564 1722
17565 1594
17566 1736
17567 1728
17568 1473
17569 1595
17570 1494
17571 1671
17572 1533
17573 1992
17574 1660
17575 1674
17576 1792
17577 1266
17578 1741
17579 1341
17580 1305
17581 1475
17582 1648
17583 1898
17584 1811
17585 1745
17586 1708
17587 1806
17588 1860
17589 1365
17590 1445
17591 1673
17592 1720
17593 1520
17594 1592
17595 1711
17596 1704
17597 2124
17598 1664
17599 1663
17600 1653
17601 1510
17602 1673
17603 1831
17604 1465
17605 1984
17606 1621
17607 1366
17608 1125
17609 1717
17610 1710
17611 1830
17612 1764
17613 1628
17614 1401
17615 1579
17616 1284
17617 1602
17618 1903
17619 1725
17620 1765
17621 1503
17622 1423
17623 1776
17624 1839
17625 1427
17626 1912
17627 1517
17628 1644
17629 1991
17630 1824
17631 1745
17632 1385
17633 1765
17634 1884
17635 1771
17636 1609
17637 1775
17638 1633
17639 1748
17640 1741
17641 1709
17642 1841
17643 1583
17644 1632
17645 1746
17646 1456
17647 1928
17648 1737
17649 1609
17650 1699
17651 1841
17652 1630
17653 1761
17654 1709
17655 1775
17656 1868
17657 1823
17658 1373
17659 1961
17660 1843
17661 1489
17662 1517
17663 1427
17664 1771
17665 1662
17666 1921
17667 1911
17668 1797
17669 1638
17670 1429
17671 1789
17672 1604
17673 1379
17674 1415
17675 1459
17676 1816
17677 1596
17678 1650
17679 1748
17680 1402
17681 1776
17682 1495
17683 1443
17684 1792
17685 1682
17686 1768
17687 1838
17688 1805
17689 1809
17690 1538
17691 1857
17692 1701
17693 1684
17694 1402
17695 1721
17696 1521
17697 1805
17698 1409
17699 1611
17700 1772
17701 1600
17702 1829
17703 1506
17704 1874
17705 1634
17706 1784
17707 1648
17708 1694
17709 1849
17710 1807
17711 1597
17712 1634
17713 1523
17714 1355
17715 1730
17716 1701
17717 1646
17718 1731
17719 1754
17720 1888
17721 1505
17722 1600
17723 1719
17724 1596
17725 1782
17726 1698
17727 1630
17728 1698
17729 1757
17730 1572
17731 1814
17732 1747
17733 1884
17734 1727
17735 1723
17736 1070
17737 1582
17738 1610
17739 1504
17740 1087
17741 1456
17742 1852
17743 1202
17744 1491
17745 1756
17746 1225
17747 1696
17748 1687
17749 1860
17750 1503
17751 1937
17752 1640
17753 1739
17754 1656
17755 1696
17756 1437
17757 1549
17758 1701
17759 1451
17760 1680
17761 1414
17762 1766
17763 1532
17764 1486
17765 1442
17766 673
17767 1902
17768 1730
17769 1688
17770 1420
17771 1691
17772 1746
17773 1239
17774 1612
17775 1761
17776 1930
17777 1660
17778 1943
17779 1428
17780 1567
17781 1637
17782 1525
17783 1635
17784 1547
17785 1520
17786 1653
17787 1567
17788 1895
17789 1898
17790 1947
17791 1348
17792 1860
17793 1681
17794 1805
17795 1680
17796 1410
17797 1638
17798 1427
17799 1309
17800 1729
17801 1876
17802 1575
17803 1640
17804 1026
17805 1760
17806 1494
17807 1540
17808 1690
17809 1315
17810 1617
17811 1753
17812 1866
17813 1859
17814 1659
17815 1644
17816 1923
17817 1825
17818 1724
17819 1348
17820 1753
17821 1637
17822 1125
17823 1508
17824 1599
17825 1353
17826 1663
17827 1164
17828 1549
17829 1941
17830 1387
17831 1666
17832 1716
17833 1591
17834 1733
17835 1833
17836 1609
17837 1676
17838 1881
17839 1462
17840 1491
17841 1627
17842 1682
17843 1740
17844 1709
17845 1567
17846 1257
17847 1783
17848 1889
17849 1886
17850 1589
17851 1949
17852 1707
17853 1873
17854 1699
17855 1277
17856 1306
17857 1172
17858 1856
17859 1204
17860 1489
17861 1655
17862 1840
17863 1501
17864 1393
17865 1647
17866 1773
17867 934
17868 1488
17869 1875
17870 1577
17871 1810
17872 1324
17873 1426
17874 1527
17875 1900
17876 1843
17877 1633
17878 1221
17879 1551
17880 1682
17881 1606
17882 1812
17883 1740
17884 1706
17885 1737
17886 1610
17887 1716
17888 1662
17889 1788
17890 1755
17891 1797
17892 1732
17893 1406
17894 1916
17895 1618
17896 1296
17897 1562
17898 1592
17899 1750
17900 1887
17901 1641
17902 1586
17903 1515
17904 1808
17905 1699
17906 1720
17907 1804
17908 1726
17909 1774
17910 1604
17911 1468
17912 1909
17913 1740
17914 1739
17915 1743
17916 1485
17917 1739
17918 1733
17919 2025
17920 1766
17921 1498
17922 1636
17923 1770
17924 1428
17925 2036
17926 1734
17927 1725
17928 1824
17929 1551
17930 1628
17931 1569
17932 1927
17933 1815
17934 1466
17935 1548
17936 1663
17937 1491
17938 1643
17939 1746
17940 1757
17941 1698
17942 1612
17943 1706
17944 1671
17945 1371
17946 1829
17947 1414
17948 1632
17949 1436
17950 1747
17951 1629
17952 1555
17953 1873
17954 1895
17955 1503
17956 1606
17957 1827
17958 1754
17959 1716
17960 1825
17961 1746
17962 1500
17963 1776
17964 1589
17965 1529
17966 1618
17967 1564
17968 1532
17969 1559
17970 1651
17971 1784
17972 1863
17973 1653
17974 1647
17975 775
17976 1774
17977 1432
17978 1548
17979 1749
17980 1736
17981 1448
17982 1967
17983 1845
17984 1933
17985 1829
17986 1850
17987 1389
17988 1700
17989 1487
17990 1325
17991 1484
17992 1719
17993 1680
17994 1532
17995 1621
17996 1739
17997 1654
17998 1377
17999 1883
18000 1562
18001 1941
18002 1614
18003 1353
18004 1132
18005 1525
18006 1878
18007 1244
18008 1651
18009 1666
18010 1809
18011 1628
18012 1461
18013 2035
18014 1024
18015 1726
18016 1715
18017 2019
18018 1636
18019 1808
18020 1464
18021 1703
18022 1681
18023 1721
18024 1690
18025 1576
18026 1616
18027 1703
18028 1501
18029 1367
18030 1672
18031 1788
18032 1523
18033 1750
18034 1749
18035 1750
18036 1835
18037 1565
18038 1730
18039 1698
18040 1258
18041 1890
18042 1715
18043 1722
18044 1842
18045 1813
18046 1601
18047 1687
18048 1860
18049 1786
18050 1640
18051 1854
18052 1531
18053 1441
18054 1839
18055 1914
18056 1565
18057 1940
18058 1487
18059 1386
18060 1488
18061 1597
18062 1656
18063 1893
18064 1614
18065 1871
18066 1633
18067 1700
18068 1396
18069 1901
18070 1774
18071 1685
18072 1356
18073 1540
18074 1957
18075 1755
18076 1599
18077 1793
18078 1823
18079 1049
18080 1682
18081 1639
18082 1421
18083 1605
18084 1582
18085 1658
18086 1328
18087 1720
18088 1781
18089 1621
18090 1503
18091 1962
18092 1910
18093 1789
18094 1470
18095 1580
18096 1642
18097 1653
18098 612
18099 1441
18100 1566
18101 1507
18102 1647
18103 1905
18104 1563
18105 1576
18106 1336
18107 1654
18108 1418
18109 1707
18110 1582
18111 1234
18112 1600
18113 1502
18114 799
18115 374
18116 1890
18117 2022
18118 1691
18119 1755
18120 1745
18121 1623
18122 1694
18123 1979
18124 1792
18125 1816
18126 1601
18127 1941
18128 1613
18129 1800
18130 1798
18131 1742
18132 1765
18133 1754
18134 1644
18135 1734
18136 1441
18137 1458
18138 1716
18139 1702
18140 1608
18141 1722
18142 1697
18143 1729
18144 1706
18145 1817
18146 1716
18147 1673
18148 1344
18149 1482
18150 1955
18151 1879
18152 1776
18153 1617
18154 1438
18155 1886
18156 1581
18157 1774
18158 1838
18159 1623
18160 1496
18161 1584
18162 1939
18163 1917
18164 1852
18165 1422
18166 1757
18167 1989
18168 1704
18169 1584
18170 1688
18171 1641
18172 1513
18173 1920
18174 1487
18175 1869
18176 1711
18177 1629
18178 1715
18179 1668
18180 1542
18181 1692
18182 1548
18183 1433
18184 1587
18185 1847
18186 1544
18187 1558
18188 1526
18189 1655
18190 1561
18191 1832
18192 1637
18193 1802
18194 1585
18195 1766
18196 1733
18197 1881
18198 1629
18199 1530
18200 1826
18201 1808
18202 1052
18203 1560
18204 1186
18205 1739
18206 1845
18207 1627
18208 1455
18209 1713
18210 1958
18211 1933
18212 1388
18213 1603
18214 1583
18215 1822
18216 1698
18217 1692
18218 1804
18219 1724
18220 987
18221 2071
18222 1675
18223 1671
18224 1446
18225 1649
18226 1721
18227 1183
18228 1743
18229 1750
18230 1388
18231 1982
18232 1831
18233 1532
18234 1454
18235 1676
18236 1691
18237 1833
18238 1572
18239 1857
18240 1552
18241 1411
18242 1776
18243 1614
18244 1747
18245 1725
18246 1714
18247 1533
18248 1702
18249 1407
18250 1651
18251 1562
18252 1686
18253 1325
18254 1890
18255 1839
18256 1761
18257 1596
18258 1635
18259 1818
18260 1680
18261 1847
18262 1469
18263 1695
18264 1419
18265 1595
18266 1610
18267 1670
18268 1808
18269 1718
18270 1702
18271 1735
18272 1631
18273 1804
18274 1691
18275 1323
18276 1756
18277 1488
18278 1504
18279 1893
18280 1741
18281 1826
18282 1906
18283 1172
18284 1601
18285 1734
18286 1738
18287 1591
18288 1481
18289 1501
18290 1571
18291 1455
18292 1158
18293 1750
18294 1408
18295 1215
18296 1880
18297 1222
18298 1492
18299 1698
18300 1909
18301 1808
18302 1813
18303 1721
18304 1842
18305 1906
18306 1886
18307 1505
18308 1620
18309 1762
18310 1146
18311 1415
18312 905
18313 1966
18314 1876
18315 1627
18316 1758
18317 1873
18318 1765
18319 1733
18320 1576
18321 1630
18322 1679
18323 1593
18324 1718
18325 1703
18326 1450
18327 1766
18328 1352
18329 1796
18330 1608
18331 1552
18332 1637
18333 1767
18334 1738
18335 1609
18336 1787
18337 1733
18338 1573
18339 1436
18340 1444
18341 1715
18342 1578
18343 1516
18344 1825
18345 1635
18346 1866
18347 1597
18348 895
18349 1895
18350 1740
18351 1606
18352 1652
18353 1107
18354 1787
18355 1621
18356 1884
18357 1596
18358 1888
18359 1519
18360 1898
18361 1741
18362 1902
18363 1949
18364 1849
18365 1500
18366 1461
18367 1845
18368 1789
18369 1900
18370 1303
18371 1726
18372 1574
18373 1681
18374 1995
18375 1541
18376 1539
18377 1848
18378 1494
18379 1685
18380 1605
18381 1712
18382 1427
18383 1500
18384 1797
18385 1785
18386 1328
18387 1693
18388 1650
18389 1784
18390 1721
18391 1801
18392 1695
18393 1783
18394 1678
18395 1795
18396 1904
18397 1314
18398 1911
18399 1254
18400 1691
18401 1400
18402 1970
18403 1685
18404 1701
18405 1763
18406 1633
18407 1660
18408 1563
18409 1772
18410 1771
18411 1803
18412 1805
18413 1780
18414 1389
18415 1845
18416 1602
18417 1474
18418 1791
18419 1769
18420 1684
18421 1690
18422 1618
18423 1710
18424 1568
18425 1685
18426 1514
18427 1230
18428 1349
18429 1678
18430 1847
18431 1802
18432 1746
18433 1685
18434 1184
18435 650
18436 1636
18437 1751
18438 1935
18439 1789
18440 1769
18441 1258
18442 1689
18443 1750
18444 1650
18445 1105
18446 1620
18447 1705
18448 1710
18449 1658
18450 1731
18451 1700
18452 1744
18453 1701
18454 1643
18455 1631
18456 1106
18457 1841
18458 1457
18459 1059
18460 1579
18461 1694
18462 1790
18463 1625
18464 1695
18465 1846
18466 1739
18467 1756
18468 1865
18469 1773
18470 1256
18471 1530
18472 1630
18473 1612
18474 1415
18475 1743
18476 1465
18477 1899
18478 1451
18479 1732
18480 1892
18481 1730
18482 1553
18483 1826
18484 1535
18485 1655
18486 1903
18487 1460
18488 1743
18489 1931
18490 1824
18491 1916
18492 1839
18493 1489
18494 1507
18495 1588
18496 1462
18497 1537
18498 1502
18499 1953
18500 1683
18501 1923
18502 1418
18503 1514
18504 1691
18505 1798
18506 632
18507 1591
18508 1515
18509 1851
18510 1796
18511 1535
18512 1650
18513 1640
18514 1550
18515 1763
18516 1777
18517 1776
18518 1518
18519 1707
18520 1499
18521 1672
18522 981
18523 1766
18524 1706
18525 1462
18526 1692
18527 1282
18528 1548
18529 1462
18530 1824
18531 1666
18532 1735
18533 1753
18534 1251
18535 1682
18536 1787
18537 1913
18538 1508
18539 1787
18540 1381
18541 1640
18542 1546
18543 1730
18544 1995
18545 931
18546 1613
18547 1131
18548 1747
18549 1896
18550 1579
18551 1364
18552 1869
18553 1558
18554 1720
18555 1487
18556 1289
18557 1858
18558 1556
18559 1575
18560 1270
18561 1625
18562 1496
18563 1878
18564 1674
18565 1533
18566 1895
18567 1706
18568 1300
18569 1530
18570 1656
18571 988
18572 1473
18573 1524
18574 1422
18575 1563
18576 1751
18577 1446
18578 1879
18579 1427
18580 1920
18581 1586
18582 1806
18583 1757
18584 1412
18585 727
18586 1697
18587 1209
18588 1743
18589 1542
18590 1520
18591 1621
18592 1697
18593 1698
18594 1707
18595 1741
18596 1828
18597 1709
18598 1599
18599 1693
18600 1939
18601 1524
18602 1622
18603 1671
18604 1817
18605 1846
18606 1662
18607 1804
18608 1606
18609 1284
18610 1650
18611 1735
18612 1768
18613 1713
18614 1446
18615 1714
18616 1843
18617 1742
18618 1834
18619 1731
18620 1717
18621 1541
18622 1809
18623 1711
18624 1636
18625 1420
18626 1781
18627 1796
18628 1237
18629 1650
18630 1799
18631 1434
18632 1765
18633 1759
18634 1697
18635 986
18636 1746
18637 1625
18638 1606
18639 1369
18640 1615
18641 1622
18642 1865
18643 1274
18644 1753
18645 1716
18646 1458
18647 1493
18648 1707
18649 1714
18650 1824
18651 1575
18652 1161
18653 1801
18654 1784
18655 1684
18656 1872
18657 1525
18658 1774
18659 1432
18660 1238
18661 1713
18662 1505
18663 1927
18664 1791
18665 1711
18666 1882
18667 1695
18668 1730
18669 1623
18670 1738
18671 1380
18672 1802
18673 1658
18674 1822
18675 1772
18676 1667
18677 1695
18678 1716
18679 1684
18680 1877
18681 1605
18682 1448
18683 1857
18684 1641
18685 1622
18686 1900
18687 1542
18688 1349
18689 1947
18690 1189
18691 1512
18692 1755
18693 1750
18694 1783
18695 1822
18696 1713
18697 1610
18698 1747
18699 1561
18700 1678
18701 1918
18702 1822
18703 1732
18704 1669
18705 1591
18706 1773
18707 1559
18708 1698
18709 1593
18710 1292
18711 1891
18712 1729
18713 1653
18714 1736
18715 1699
18716 1121
18717 1682
18718 1605
18719 1693
18720 1815
18721 1508
18722 1560
18723 1985
18724 1773
18725 1637
18726 1296
18727 1298
18728 1541
18729 1581
18730 1405
18731 1296
18732 1404
18733 1266
18734 1927
18735 1884
18736 1699
18737 1900
18738 1822
18739 1739
18740 1875
18741 1563
18742 1700
18743 1395
18744 1734
18745 1522
18746 1761
18747 1910
18748 1989
18749 1724
18750 1772
18751 1512
18752 1807
18753 1698
18754 1861
18755 1759
18756 1951
18757 1269
18758 1612
18759 1781
18760 1886
18761 1727
18762 1877
18763 1614
18764 1747
18765 1860
18766 1831
18767 1443
18768 1859
18769 1927
18770 1136
18771 1910
18772 1699
18773 1710
18774 1536
18775 1062
18776 1312
18777 1693
18778 1752
18779 1735
18780 1758
18781 1401
18782 1773
18783 1889
18784 1993
18785 1729
18786 1700
18787 1419
18788 1381
18789 1646
18790 1986
18791 1516
18792 1637
18793 1662
18794 1181
18795 1867
18796 1725
18797 1506
18798 1796
18799 1583
18800 1602
18801 1713
18802 1218
18803 1538
18804 1566
18805 1476
18806 1731
18807 1364
18808 1864
18809 1835
18810 1584
18811 1701
18812 1879
18813 1789
18814 1421
18815 1341
18816 1749
18817 1445
18818 1809
18819 1798
18820 1451
18821 1331
18822 1777
18823 1597
18824 1712
18825 1671
18826 1606
18827 1672
18828 1616
18829 1607
18830 1666
18831 1490
18832 1548
18833 1777
18834 1553
18835 1870
18836 1773
18837 1545
18838 1417
18839 1752
18840 1879
18841 1799
18842 1886
18843 1502
18844 1520
18845 1777
18846 2001
18847 1665
18848 1638
18849 1605
18850 1605
18851 1420
18852 1786
18853 1578
18854 1589
18855 1766
18856 1735
18857 1460
18858 1744
18859 1827
18860 1629
18861 1866
18862 1598
18863 1679
18864 1723
18865 665
18866 1787
18867 1689
18868 1852
18869 1452
18870 1778
18871 1669
18872 1821
18873 1149
18874 1641
18875 1844
18876 1880
18877 1813
18878 1438
18879 1641
18880 1544
18881 1735
18882 1604
18883 1585
18884 1125
18885 1054
18886 1429
18887 1680
18888 1757
18889 1805
18890 1605
18891 1754
18892 1784
18893 1545
18894 1719
18895 1578
18896 1752
18897 1660
18898 1815
18899 1841
18900 1791
18901 1392
18902 1988
18903 1809
18904 1216
18905 1959
18906 1913
18907 1431
18908 1637
18909 1573
18910 1633
18911 1859
18912 1504
18913 1696
18914 1970
18915 1820
18916 1863
18917 1483
18918 1885
18919 1561
18920 1734
18921 1917
18922 1647
18923 1624
18924 1831
18925 1755
18926 1768
18927 1092
18928 1506
18929 1446
18930 1590
18931 1548
18932 1573
18933 1554
18934 1880
18935 1770
18936 1773
18937 1520
18938 1789
18939 1581
18940 1261
18941 1751
18942 1610
18943 1757
18944 1670
18945 1937
18946 1629
18947 1434
18948 1949
18949 1184
18950 1931
18951 1566
18952 1366
18953 1654
18954 1465
18955 1501
18956 1980
18957 1521
18958 1856
18959 1834
18960 1694
18961 1508
18962 1652
18963 1694
18964 1618
18965 1432
18966 1515
18967 1884
18968 1416
18969 1492
18970 1850
18971 1630
18972 1715
18973 1904
18974 1474
18975 1859
18976 581
18977 1771
18978 1981
18979 1665
18980 1732
18981 1695
18982 1359
18983 1348
18984 1736
18985 1596
18986 1656
18987 1921
18988 1588
18989 1568
18990 1436
18991 974
18992 1656
18993 1687
18994 1551
18995 1548
18996 1663
18997 1709
18998 1743
18999 1549
19000 1310
19001 1543
19002 1460
19003 1888
19004 1573
19005 1383
19006 1373
19007 1373
19008 1497
19009 1862
19010 1647
19011 1525
19012 1315
19013 1565
19014 1881
19015 1443
19016 1556
19017 1790
19018 1763
19019 1462
19020 1566
19021 1590
19022 1641
19023 1696
19024 1673
19025 1618
19026 1796
19027 1448
19028 2014
19029 1655
19030 1725
19031 1403
19032 1607
19033 1570
19034 1665
19035 1713
19036 1494
19037 1529
19038 1719
19039 1790
19040 1712
19041 1492
19042 1825
19043 1743
19044 1634
19045 1527
19046 1810
19047 1629
19048 1731
19049 1658
19050 1535
19051 1544
19052 1846
19053 1686
19054 1820
19055 1592
19056 1448
19057 1857
19058 1467
19059 1626
19060 1535
19061 1755
19062 1801
19063 1521
19064 1587
19065 1791
19066 1372
19067 1383
19068 1521
19069 1788
19070 1736
19071 1797
19072 1636
19073 1347
19074 1876
19075 1882
19076 1446
19077 1467
19078 1988
19079 1718
19080 1813
19081 1480
19082 1967
19083 1655
19084 1772
19085 1796
19086 1729
19087 833
19088 1578
19089 1676
19090 1891
19091 1800
19092 1595
19093 1973
19094 1865
19095 1891
19096 1107
19097 1317
19098 1450
19099 1859
19100 1488
19101 1104
19102 1779
19103 1600
19104 1993
19105 1245
19106 1228
19107 1742
19108 1563
19109 1879
19110 1668
19111 1494
19112 1419
19113 1819
19114 1475
19115 1832
19116 1513
19117 1703
19118 1676
19119 2004
19120 1699
19121 1114
19122 1552
19123 1753
19124 1543
19125 1332
19126 1388
19127 1594
19128 1741
19129 1598
19130 2051
19131 1390
19132 1330
19133 1823
19134 1081
19135 1184
19136 1886
19137 1678
19138 1756
19139 1680
19140 1484
19141 1656
19142 1762
19143 1555
19144 1729
19145 1715
19146 1910
19147 1773
19148 1874
19149 1664
19150 1638
19151 1617
19152 1792
19153 1632
19154 1743
19155 1837
19156 1755
19157 1528
19158 1675
19159 1814
19160 1539
19161 1396
19162 1568
19163 1703
19164 1066
19165 1637
19166 1889
19167 1922
19168 1675
19169 1783
19170 1546
19171 1699
19172 1651
19173 1707
19174 1769
19175 1623
19176 1498
19177 1615
19178 1787
19179 1706
19180 1567
19181 1462
19182 1727
19183 1704
19184 1936
19185 1866
19186 1598
19187 1534
19188 1722
19189 1530
19190 1659
19191 1350
19192 1632
19193 1179
19194 1820
19195 1892
19196 1711
19197 1549
19198 1840
19199 1716
19200 1899
19201 1670
19202 1939
19203 1585
19204 600
19205 1465
19206 1910
19207 1389
19208 1766
19209 1715
19210 1604
19211 1570
19212 1651
19213 1611
19214 1452
19215 1813
19216 1639
19217 1701
19218 1359
19219 1800
19220 1694
19221 1817
19222 1483
19223 1758
19224 1941
19225 1733
19226 1762
19227 1724
19228 1641
19229 1659
19230 1786
19231 1748
19232 1601
19233 1786
19234 1563
19235 1356
19236 1539
19237 1726
19238 1389
19239 1715
19240 1384
19241 1264
19242 1041
19243 1658
19244 1349
19245 1430
19246 1503
19247 1441
19248 1625
19249 1695
19250 1708
19251 1918
19252 1581
19253 1709
19254 1772
19255 1638
19256 1928
19257 1787
19258 1739
19259 1619
19260 1861
19261 1742
19262 1819
19263 1289
19264 1674
19265 1866
19266 1797
19267 1777
19268 1753
19269 1619
19270 1660
19271 1709
19272 1415
19273 1707
19274 1898
19275 1391
19276 1410
19277 1675
19278 1716
19279 1653
19280 1957
19281 1393
19282 1816
19283 1504
19284 1518
19285 1763
19286 1789
19287 1724
19288 1599
19289 1699
19290 1691
19291 1864
19292 1621
19293 1522
19294 1921
19295 8
19296 1803
19297 1152
19298 1778
19299 1814
19300 1840
19301 1833
19302 1695
19303 1702
19304 1647
19305 1860
19306 1468
19307 1827
19308 1788
19309 1504
19310 823
19311 1489
19312 1401
19313 1744
19314 1664
19315 1677
19316 1715
19317 1768
19318 1452
19319 1581
19320 1722
19321 1725
19322 1574
19323 1700
19324 1829
19325 1691
19326 1698
19327 1735
19328 1469
19329 1678
19330 1859
19331 1619
19332 1869
19333 1797
19334 1672
19335 1645
19336 1553
19337 1751
19338 1776
19339 1715
19340 1533
19341 1923
19342 1819
19343 1998
19344 1463
19345 1720
19346 1777
19347 1771
19348 1604
19349 1690
19350 1540
19351 1621
19352 1832
19353 477
19354 1810
19355 1591
19356 1883
19357 1097
19358 1792
19359 1617
19360 1575
19361 1728
19362 1588
19363 1842
19364 1214
19365 1413
19366 1931
19367 1708
19368 1573
19369 1699
19370 1719
19371 1823
19372 1445
19373 1911
19374 1584
19375 1250
19376 1864
19377 1478
19378 1541
19379 1876
19380 1645
19381 1285
19382 1771
19383 1529
19384 1569
19385 1479
19386 499
19387 2002
19388 1731
19389 1691
19390 1911
19391 1695
19392 1744
19393 1666
19394 1775
19395 1639
19396 1618
19397 1602
19398 1743
19399 1847
19400 1691
19401 1605
19402 1540
19403 1900
19404 1633
19405 1142
19406 1747
19407 1830
19408 1401
19409 1257
19410 1542
19411 1457
19412 1622
19413 1605
19414 1510
19415 1594
19416 1015
19417 1569
19418 1633
19419 1620
19420 1604
19421 1247
19422 1805
19423 1655
19424 1632
19425 1813
19426 1765
19427 1781
19428 1791
19429 1808
19430 1466
19431 1712
19432 1921
19433 1548
19434 1718
19435 1474
19436 1669
19437 1488
19438 1631
19439 1351
19440 1804
19441 1681
19442 1446
19443 1597
19444 1842
19445 1977
19446 1236
19447 1711
19448 1476
19449 1802
19450 1550
19451 1831
19452 1601
19453 1411
19454 1740
19455 1657
19456 1897
19457 1739
19458 932
19459 1742
19460 1476
19461 1749
19462 1482
19463 1732
19464 1851
19465 1748
19466 1840
19467 1662
19468 1361
19469 1626
19470 1406
19471 1713
19472 1907
19473 1801
19474 1870
19475 1859
19476 1453
19477 1764
19478 1712
19479 1602
19480 1706
19481 1798
19482 1490
19483 1764
19484 1221
19485 1872
19486 1824
19487 1668
19488 1707
19489 1530
19490 1422
19491 1526
19492 1817
19493 1673
19494 1455
19495 1705
19496 1424
19497 1468
19498 1883
19499 1712
19500 1829
19501 1769
19502 1652
19503 1622
19504 1331
19505 1455
19506 1711
19507 1799
19508 1653
19509 1836
19510 1707
19511 1615
19512 1461
19513 1600
19514 1755
19515 1811
19516 1722
19517 1684
19518 1667
19519 1246
19520 1271
19521 1723
19522 1752
19523 1412
19524 1770
19525 1767
19526 2021
19527 1844
19528 1731
19529 1712
19530 1691
19531 1257
19532 1514
19533 1801
19534 1629
19535 1651
19536 1494
19537 1830
19538 1593
19539 1507
19540 1409
19541 1667
19542 1662
19543 1439
19544 1780
19545 302
19546 1745
19547 1484
19548 1782
19549 1525
19550 1279
19551 1247
19552 1514
19553 1803
19554 1165
19555 1777
19556 261
19557 1806
19558 1725
19559 1749
19560 1919
19561 1750
19562 1890
19563 1366
19564 1852
19565 1645
19566 1164
19567 1571
19568 1550
19569 1510
19570 1221
19571 1634
19572 1492
19573 1519
19574 1521
19575 1654
19576 1331
19577 1685
19578 1622
19579 1774
19580 1632
19581 1716
19582 1604
19583 1735
19584 1601
19585 1926
19586 1585
19587 1699
19588 1870
19589 1508
19590 1834
19591 1521
19592 1828
19593 1658
19594 1602
19595 1800
19596 1684
19597 1685
19598 1719
19599 1998
19600 1496
19601 1511
19602 1709
19603 1800
19604 1400
19605 1577
19606 1817
19607 1620
19608 1366
19609 1666
19610 1705
19611 1360
19612 1796
19613 1638
19614 1794
19615 1848
19616 1301
19617 1925
19618 1600
19619 1887
19620 1816
19621 1879
19622 1603
19623 1978
19624 1570
19625 1013
19626 1737
19627 1531
19628 1803
19629 1898
19630 1344
19631 1561
19632 1811
19633 1731
19634 1737
19635 1742
19636 1540
19637 1710
19638 1778
19639 1863
19640 1673
19641 1949
19642 1606
19643 938
19644 1692
19645 1572
19646 1502
19647 1672
19648 1613
19649 1662
19650 1722
19651 1800
19652 1591
19653 1798
19654 1441
19655 1656
19656 1427
19657 1701
19658 1433
19659 1797
19660 1614
19661 1633
19662 1871
19663 1645
19664 1471
19665 1803
19666 1861
19667 1588
19668 1770
19669 1777
19670 1662
19671 1703
19672 1624
19673 1461
19674 1578
19675 1324
19676 1589
19677 1815
19678 1659
19679 1674
19680 1643
19681 1683
19682 1598
19683 1738
19684 1634
19685 1214
19686 1728
19687 1773
19688 1078
19689 1633
19690 1547
19691 1638
19692 1466
19693 1831
19694 1643
19695 1903
19696 1734
19697 1655
19698 1572
19699 1819
19700 1606
19701 1704
19702 1618
19703 1835
19704 1639
19705 1644
19706 1659
19707 1972
19708 1245
19709 1431
19710 1672
19711 547
19712 1719
19713 1539
19714 1600
19715 1461
19716 1575
19717 1219
19718 1028
19719 1846
19720 1296
19721 1786
19722 1921
19723 1782
19724 1476
19725 1415
19726 1657
19727 1804
19728 1759
19729 1635
19730 1636
19731 1606
19732 1358
19733 1804
19734 1650
19735 1518
19736 1826
19737 1663
19738 1553
19739 1977
19740 1748
19741 1253
19742 1545
19743 1714
19744 1894
19745 1239
19746 1639
19747 1620
19748 1627
19749 1458
19750 1765
19751 1784
19752 1797
19753 1661
19754 1712
19755 1734
19756 1551
19757 1722
19758 1558
19759 1855
19760 1748
19761 1186
19762 1719
19763 1600
19764 2018
19765 1594
19766 1541
19767 1543
19768 1194
19769 1763
19770 1647
19771 1550
19772 1496
19773 1909
19774 1507
19775 1642
19776 1521
19777 1518
19778 1596
19779 1441
19780 1797
19781 1744
19782 1857
19783 1801
19784 1740
19785 1668
19786 2036
19787 1566
19788 1841
19789 1479
19790 1696
19791 1670
19792 1816
19793 1574
19794 1659
19795 1665
19796 1314
19797 1563
19798 1771
19799 1698
19800 1735
19801 1540
19802 1498
19803 1718
19804 1520
19805 1888
19806 1607
19807 1570
19808 1837
19809 1593
19810 1511
19811 706
19812 1640
19813 1858
19814 1680
19815 1910
19816 1629
19817 1777
19818 1584
19819 1595
19820 1717
19821 1408
19822 1255
19823 1443
19824 1763
19825 1680
19826 1108
19827 1696
19828 1548
19829 1770
19830 1578
19831 1946
19832 1478
19833 1827
19834 1668
19835 1767
19836 1791
19837 1813
19838 1636
19839 1300
19840 1426
19841 1732
19842 1604
19843 1711
19844 1589
19845 1457
19846 1485
19847 1333
19848 1862
19849 1657
19850 1665
19851 1614
19852 1901
19853 1661
19854 1569
19855 1716
19856 1802
19857 1413
19858 1625
19859 1680
19860 1498
19861 1505
19862 1685
19863 1429
19864 1620
19865 1571
19866 1744
19867 1905
19868 1882
19869 1781
19870 1614
19871 1124
19872 987
19873 1742
19874 1492
19875 1726
19876 1313
19877 1457
19878 1669
19879 1657
19880 1879
19881 1663
19882 1716
19883 1587
19884 1452
19885 1325
19886 1122
19887 492
19888 1517
19889 1694
19890 1778
19891 1844
19892 1692
19893 1565
19894 1464
19895 1727
19896 1776
19897 1618
19898 1845
19899 1725
19900 1161
19901 1390
19902 1528
19903 1637
19904 1419
19905 1535
19906 1728
19907 1129
19908 1740
19909 1835
19910 1719
19911 1567
19912 1894
19913 1532
19914 1754
19915 1871
19916 1289
19917 1866
19918 1581
19919 1551
19920 1912
19921 1102
19922 1777
19923 1838
19924 1679
19925 1435
19926 1775
19927 1626
19928 1631
19929 1649
19930 1629
19931 1759
19932 1439
19933 1628
19934 1480
19935 1584
19936 1773
19937 1738
19938 1587
19939 1315
19940 1662
19941 1869
19942 1442
19943 1746
19944 1868
19945 1913
19946 1677
19947 1767
19948 1425
19949 1579
19950 1752
19951 1354
19952 1585
19953 1656
19954 1809
19955 1940
19956 1717
19957 1829
19958 1753
19959 1797
19960 1733
19961 1517
19962 1713
19963 1709
19964 1886
19965 1371
19966 1773
19967 1838
19968 1909
19969 1515
19970 1554
19971 1519
19972 1605
19973 1706
19974 1700
19975 1752
19976 1647
19977 1311
19978 1564
19979 1796
19980 1369
19981 1812
19982 1735
19983 1820
19984 1805
19985 1635
19986 1767
19987 1546
19988 1442
19989 1506
19990 1617
19991 1844
19992 1401
19993 895
19994 1752
19995 1525
19996 1649
19997 1455
19998 1748
19999 1748
