# event_id generated_optical_photons
0 2808
1 3064
2 2912
3 3238
4 2394
5 3079
6 3085
7 2780
8 1526
9 2752
10 2842
11 2531
12 2726
13 3010
14 3098
15 3095
16 2575
17 2741
18 2924
19 3317
20 2833
21 3215
22 3097
23 3171
24 2861
25 2810
26 2852
27 2798
28 3001
29 3117
30 3368
31 2218
32 2869
33 2708
34 2515
35 2591
36 3366
37 3064
38 2852
39 3167
40 2712
41 2769
42 2558
43 2979
44 2918
45 3010
46 2786
47 3291
48 2379
49 3095
50 1491
51 2829
52 3199
53 3199
54 2349
55 2999
56 1418
57 2766
58 2816
59 3097
60 2855
61 1923
62 2972
63 3173
64 2921
65 3209
66 2963
67 3269
68 2855
69 2487
70 2233
71 2936
72 3226
73 2847
74 2469
75 2998
76 2943
77 2962
78 2779
79 2782
80 1678
81 2791
82 940
83 3342
84 3169
85 3128
86 2588
87 2986
88 2159
89 3336
90 2815
91 3205
92 3410
93 2872
94 2087
95 2986
96 2988
97 3389
98 1485
99 2673
100 3364
101 2795
102 3182
103 3172
104 3231
105 3237
106 2340
107 1973
108 3009
109 3095
110 3260
111 2628
112 2776
113 2259
114 2109
115 2774
116 3015
117 3381
118 2678
119 2029
120 2910
121 3199
122 3126
123 2436
124 2991
125 2842
126 2841
127 2993
128 3377
129 2943
130 3089
131 2946
132 2287
133 3151
134 2521
135 3223
136 1579
137 2672
138 3397
139 3086
140 2953
141 3148
142 2093
143 3054
144 2821
145 3228
146 2697
147 2885
148 2316
149 2841
150 2949
151 3138
152 3177
153 2937
154 2895
155 2684
156 3165
157 3171
158 2680
159 3069
160 3009
161 2315
162 2695
163 2548
164 2695
165 3121
166 2848
167 2717
168 2761
169 2920
170 2826
171 3130
172 1938
173 3077
174 2891
175 2897
176 2611
177 3106
178 3219
179 2578
180 2978
181 2679
182 3013
183 2988
184 3307
185 2940
186 2617
187 2790
188 3260
189 3189
190 2953
191 3113
192 3036
193 2774
194 2666
195 2878
196 2835
197 3284
198 3078
199 2784
200 2962
201 2732
202 1989
203 2600
204 2848
205 2342
206 2600
207 2310
208 2785
209 3029
210 3010
211 3428
212 2758
213 2644
214 3112
215 2790
216 3225
217 2951
218 3179
219 3319
220 2622
221 3477
222 2472
223 2226
224 2955
225 3257
226 3299
227 3193
228 1763
229 2991
230 2654
231 2452
232 2894
233 2824
234 2744
235 2795
236 3399
237 3180
238 3067
239 2994
240 3027
241 3186
242 2738
243 2361
244 3172
245 3123
246 1875
247 2944
248 3115
249 2966
250 3234
251 2809
252 3145
253 2897
254 3151
255 2800
256 2790
257 3262
258 2758
259 3235
260 3253
261 2670
262 2942
263 2868
264 3070
265 3266
266 2830
267 3012
268 2788
269 3279
270 2708
271 2959
272 2923
273 3013
274 3146
275 2828
276 2451
277 1221
278 2664
279 3089
280 3070
281 2894
282 3195
283 2900
284 2540
285 1897
286 3220
287 2230
288 3038
289 2917
290 3073
291 3313
292 3543
293 3216
294 3123
295 3136
296 2802
297 2729
298 3391
299 3293
300 3214
301 2718
302 2755
303 3063
304 2852
305 3163
306 3037
307 3366
308 3062
309 2307
310 3082
311 2988
312 3064
313 2916
314 3343
315 3215
316 2697
317 2843
318 3032
319 3040
320 2895
321 2986
322 3270
323 3572
324 2499
325 3230
326 982
327 3401
328 3195
329 2649
330 2969
331 2659
332 2937
333 3183
334 2488
335 2828
336 2179
337 3030
338 2326
339 3211
340 2710
341 3453
342 3017
343 3010
344 3296
345 2185
346 2886
347 3140
348 2906
349 2902
350 2365
351 3294
352 3223
353 3156
354 3142
355 2710
356 2953
357 3330
358 3042
359 2770
360 3027
361 2566
362 3054
363 2769
364 2567
365 2792
366 1536
367 3179
368 3395
369 2993
370 1018
371 2913
372 2336
373 3319
374 3549
375 3119
376 2285
377 2816
378 3398
379 2860
380 3426
381 3231
382 3121
383 2916
384 2804
385 3004
386 3421
387 2817
388 3279
389 3005
390 3027
391 2751
392 2645
393 3359
394 3234
395 3632
396 2980
397 3024
398 3481
399 1842
400 2950
401 2893
402 3109
403 2806
404 2657
405 3111
406 2930
407 3013
408 2653
409 3256
410 3117
411 2644
412 3179
413 2812
414 2595
415 2895
416 2451
417 3216
418 3140
419 3412
420 3081
421 2310
422 2779
423 2333
424 3310
425 2667
426 3232
427 3231
428 2614
429 2885
430 2963
431 2593
432 2899
433 3294
434 2845
435 3279
436 3228
437 3263
438 3317
439 3265
440 2989
441 3169
442 3183
443 3032
444 2329
445 3331
446 3398
447 2240
448 3147
449 3358
450 2977
451 2827
452 2910
453 1299
454 3087
455 2709
456 3214
457 3356
458 3046
459 2904
460 3350
461 2957
462 2108
463 2957
464 2735
465 2821
466 3175
467 2519
468 3278
469 2893
470 3217
471 3254
472 2649
473 2955
474 2962
475 3125
476 3094
477 3369
478 3088
479 3385
480 2692
481 3112
482 3147
483 3285
484 2926
485 2528
486 3465
487 2755
488 2910
489 2684
490 2674
491 3376
492 3048
493 3070
494 3424
495 3216
496 2852
497 3064
498 2789
499 2912
500 3253
501 3241
502 3122
503 2981
504 3175
505 3125
506 2912
507 3081
508 3098
509 2959
510 3075
511 3244
512 2545
513 3141
514 1288
515 2804
516 2749
517 3281
518 3131
519 3481
520 2639
521 2859
522 2955
523 2605
524 3018
525 3222
526 3068
527 2933
528 2324
529 3186
530 2925
531 2862
532 2728
533 2972
534 2014
535 3149
536 2809
537 3107
538 2694
539 2669
540 2394
541 2992
542 3115
543 2651
544 3013
545 2811
546 2956
547 2949
548 3059
549 3146
550 2967
551 2766
552 2873
553 3412
554 3372
555 3112
556 2978
557 3214
558 3332
559 3169
560 3035
561 3021
562 3186
563 3086
564 3085
565 2345
566 3003
567 3113
568 2972
569 3019
570 3051
571 2740
572 2077
573 2901
574 2796
575 3045
576 2594
577 2940
578 2870
579 1471
580 2608
581 2800
582 2887
583 3079
584 2500
585 3158
586 3147
587 2873
588 2714
589 2955
590 2986
591 2665
592 2896
593 2986
594 2696
595 2246
596 2617
597 3005
598 3198
599 2633
600 3296
601 3039
602 2852
603 2640
604 2965
605 2541
606 2926
607 2737
608 3289
609 2039
610 3164
611 3113
612 2809
613 3323
614 3075
615 2930
616 3327
617 2875
618 3291
619 2826
620 3203
621 2398
622 3193
623 3065
624 3050
625 3591
626 2476
627 2789
628 3112
629 2685
630 3144
631 3136
632 2826
633 2960
634 2463
635 3081
636 3424
637 2643
638 2993
639 2866
640 2945
641 2751
642 2923
643 3184
644 2704
645 2999
646 2750
647 3055
648 2978
649 3452
650 2799
651 3161
652 3074
653 2764
654 2819
655 3350
656 3196
657 2825
658 2887
659 2874
660 3071
661 2737
662 2677
663 3156
664 2621
665 2984
666 2417
667 2995
668 2771
669 2772
670 2870
671 3116
672 2930
673 2327
674 2796
675 3152
676 3066
677 2948
678 2733
679 3101
680 2509
681 3091
682 2890
683 1981
684 2312
685 2151
686 2388
687 3273
688 3312
689 2439
690 2702
691 3186
692 1805
693 2964
694 3277
695 3392
696 2914
697 2413
698 2790
699 2900
700 3087
701 2810
702 2828
703 3043
704 3019
705 2613
706 2591
707 2698
708 2643
709 2189
710 3100
711 502
712 2302
713 2917
714 2610
715 2506
716 2740
717 2248
718 3308
719 3044
720 3505
721 3081
722 3417
723 1466
724 1364
725 3092
726 2334
727 2954
728 2834
729 2912
730 3158
731 3198
732 2651
733 3053
734 2270
735 2455
736 3135
737 3607
738 3008
739 2727
740 2741
741 3184
742 2756
743 3323
744 3193
745 3671
746 2173
747 2782
748 3034
749 2840
750 2306
751 1437
752 3313
753 3190
754 2407
755 2797
756 3218
757 3297
758 2703
759 2309
760 3267
761 2920
762 2778
763 2608
764 3268
765 3360
766 2485
767 3237
768 2163
769 2987
770 3096
771 2257
772 3074
773 3033
774 3091
775 2980
776 2695
777 2564
778 3354
779 2941
780 3343
781 3078
782 2691
783 3034
784 2754
785 3066
786 2174
787 3286
788 2815
789 3394
790 2804
791 3170
792 3178
793 3151
794 2909
795 2305
796 2860
797 3348
798 3360
799 2957
800 3511
801 2922
802 3033
803 2977
804 3148
805 2917
806 3311
807 2916
808 2877
809 2805
810 3139
811 3393
812 3209
813 3360
814 3242
815 3362
816 3567
817 2992
818 3124
819 3460
820 3110
821 3320
822 2690
823 2536
824 2832
825 1520
826 3142
827 2780
828 2768
829 2806
830 2887
831 2252
832 1770
833 3101
834 3099
835 1964
836 2953
837 3176
838 3079
839 2447
840 2737
841 3036
842 3239
843 2632
844 3108
845 3155
846 2795
847 2936
848 1940
849 2752
850 1594
851 2940
852 3054
853 3265
854 2777
855 3304
856 3035
857 2912
858 2799
859 2446
860 2393
861 2431
862 2587
863 2866
864 2867
865 3180
866 3126
867 2571
868 3059
869 2680
870 3154
871 2568
872 3026
873 2673
874 3216
875 3029
876 3111
877 3137
878 2511
879 3169
880 3261
881 3354
882 3090
883 2188
884 3076
885 2832
886 2988
887 3016
888 3289
889 3202
890 2987
891 2900
892 2679
893 2984
894 2835
895 3055
896 2964
897 786
898 3310
899 2551
900 3110
901 3069
902 2858
903 3010
904 2853
905 2657
906 2726
907 2885
908 3062
909 2844
910 3076
911 3214
912 3090
913 3168
914 3183
915 3034
916 2713
917 2791
918 3195
919 2956
920 3006
921 3157
922 3242
923 3500
924 2991
925 2613
926 2912
927 2846
928 3016
929 3235
930 2628
931 2865
932 3265
933 3232
934 2945
935 2053
936 2685
937 3140
938 2919
939 3065
940 2890
941 3041
942 1204
943 2875
944 3122
945 3061
946 3094
947 2777
948 2999
949 2913
950 2713
951 2699
952 2916
953 2977
954 3275
955 3186
956 2661
957 3138
958 3121
959 2457
960 3061
961 2864
962 3016
963 3426
964 3196
965 3246
966 2316
967 3093
968 3017
969 2784
970 3034
971 3200
972 2668
973 2769
974 2575
975 3059
976 2953
977 2686
978 3139
979 2422
980 2936
981 2835
982 2911
983 2003
984 3169
985 3258
986 3173
987 3127
988 2510
989 2573
990 2892
991 2962
992 3019
993 3113
994 3030
995 2765
996 2889
997 2951
998 2974
999 2459
1000 3042
1001 2124
1002 3008
1003 2899
1004 3060
1005 3183
1006 2846
1007 2466
1008 2893
1009 2986
1010 3089
1011 3194
1012 2706
1013 2751
1014 2841
1015 3104
1016 2997
1017 2663
1018 3034
1019 2929
1020 1925
1021 3363
1022 3117
1023 2971
1024 3072
1025 3296
1026 3116
1027 3166
1028 2832
1029 3144
1030 2786
1031 3227
1032 2696
1033 3227
1034 2911
1035 2999
1036 3274
1037 2831
1038 3065
1039 3035
1040 2807
1041 3257
1042 3258
1043 2891
1044 3354
1045 2497
1046 3015
1047 2426
1048 3036
1049 2893
1050 3139
1051 2723
1052 2722
1053 3015
1054 3102
1055 2491
1056 3096
1057 2948
1058 2992
1059 3368
1060 2997
1061 3311
1062 2561
1063 2544
1064 2849
1065 2064
1066 2709
1067 2332
1068 2688
1069 3204
1070 3056
1071 2434
1072 2690
1073 2968
1074 2280
1075 3251
1076 2868
1077 2661
1078 3045
1079 3153
1080 3220
1081 2903
1082 2907
1083 2988
1084 3204
1085 2810
1086 3290
1087 2482
1088 2831
1089 3001
1090 3148
1091 2793
1092 3194
1093 3081
1094 2444
1095 2922
1096 3016
1097 3084
1098 2756
1099 3094
1100 3203
1101 2970
1102 2058
1103 3063
1104 2957
1105 2535
1106 2726
1107 3041
1108 3482
1109 2863
1110 2913
1111 2820
1112 3451
1113 2835
1114 3337
1115 2306
1116 3179
1117 3125
1118 2949
1119 2747
1120 3217
1121 3121
1122 319
1123 2857
1124 3059
1125 3181
1126 3174
1127 2555
1128 2780
1129 3046
1130 3072
1131 3284
1132 3211
1133 3441
1134 1793
1135 3174
1136 3145
1137 2890
1138 2896
1139 3046
1140 3272
1141 2922
1142 3042
1143 2678
1144 3278
1145 2948
1146 2879
1147 2939
1148 2862
1149 3047
1150 3213
1151 3291
1152 2586
1153 3105
1154 2877
1155 2408
1156 3247
1157 2629
1158 3234
1159 2856
1160 3338
1161 2841
1162 738
1163 2914
1164 3168
1165 2843
1166 3062
1167 2784
1168 3024
1169 2621
1170 2334
1171 3154
1172 2665
1173 3485
1174 2887
1175 2588
1176 2665
1177 2962
1178 2601
1179 3025
1180 3468
1181 2445
1182 3292
1183 3102
1184 3083
1185 2978
1186 3102
1187 2863
1188 3122
1189 2811
1190 2378
1191 3005
1192 2791
1193 2507
1194 3049
1195 3015
1196 3446
1197 2896
1198 2998
1199 2081
1200 2986
1201 2301
1202 3069
1203 2981
1204 2460
1205 2924
1206 2764
1207 3065
1208 2501
1209 3009
1210 3248
1211 3218
1212 3430
1213 3047
1214 3376
1215 2895
1216 2473
1217 3352
1218 3199
1219 2804
1220 3198
1221 3192
1222 3395
1223 3110
1224 2913
1225 2800
1226 2209
1227 3053
1228 2980
1229 2851
1230 3041
1231 3116
1232 3480
1233 3026
1234 2759
1235 3118
1236 3205
1237 2530
1238 3257
1239 3175
1240 2993
1241 2919
1242 2782
1243 2833
1244 3179
1245 2955
1246 3248
1247 2739
1248 3048
1249 2832
1250 3562
1251 2507
1252 2986
1253 3089
1254 3200
1255 2844
1256 3282
1257 3384
1258 2620
1259 2783
1260 2289
1261 2800
1262 2878
1263 2673
1264 3094
1265 3048
1266 3412
1267 2202
1268 3107
1269 2723
1270 3041
1271 2959
1272 2863
1273 3017
1274 3085
1275 3320
1276 3086
1277 3157
1278 2671
1279 2786
1280 2645
1281 2865
1282 3067
1283 2568
1284 2735
1285 2580
1286 2952
1287 3295
1288 3261
1289 3039
1290 3000
1291 3110
1292 3034
1293 3232
1294 3264
1295 3107
1296 3081
1297 2920
1298 2875
1299 2934
1300 2996
1301 2688
1302 3316
1303 3328
1304 2797
1305 2925
1306 3132
1307 2929
1308 3230
1309 3234
1310 3158
1311 2893
1312 3488
1313 3495
1314 3307
1315 3166
1316 2980
1317 3025
1318 2663
1319 3361
1320 3017
1321 3014
1322 2866
1323 2890
1324 3291
1325 2578
1326 2449
1327 2672
1328 2521
1329 2306
1330 2814
1331 2543
1332 3191
1333 3062
1334 3123
1335 2796
1336 3019
1337 3244
1338 3356
1339 3456
1340 2521
1341 2981
1342 3260
1343 3068
1344 2896
1345 2340
1346 3241
1347 2873
1348 2835
1349 3052
1350 2827
1351 2607
1352 2650
1353 2193
1354 2740
1355 3397
1356 3364
1357 3027
1358 2264
1359 3400
1360 2870
1361 2796
1362 3000
1363 2915
1364 2800
1365 3161
1366 2693
1367 2719
1368 3195
1369 2454
1370 3161
1371 3335
1372 2639
1373 2868
1374 2554
1375 3261
1376 3194
1377 2835
1378 2722
1379 3394
1380 3039
1381 2678
1382 3304
1383 1946
1384 2859
1385 2735
1386 2801
1387 2814
1388 2964
1389 2540
1390 3005
1391 3275
1392 2444
1393 2880
1394 3104
1395 3231
1396 2015
1397 3119
1398 3069
1399 3203
1400 3130
1401 2871
1402 3208
1403 3371
1404 2723
1405 2892
1406 2999
1407 3064
1408 2712
1409 2780
1410 2471
1411 2860
1412 3115
1413 3468
1414 2887
1415 3496
1416 2774
1417 3101
1418 3250
1419 2975
1420 2948
1421 2988
1422 3182
1423 3070
1424 1283
1425 2840
1426 3242
1427 3198
1428 2901
1429 3038
1430 3456
1431 3008
1432 2762
1433 2948
1434 3177
1435 2328
1436 3117
1437 2581
1438 2961
1439 3049
1440 2970
1441 2859
1442 2563
1443 2858
1444 3348
1445 3158
1446 3076
1447 2797
1448 2952
1449 2803
1450 3094
1451 2731
1452 2671
1453 2936
1454 3412
1455 2698
1456 2698
1457 3078
1458 2313
1459 3100
1460 3020
1461 2574
1462 3016
1463 3183
1464 2957
1465 3132
1466 2645
1467 1651
1468 2691
1469 2845
1470 2851
1471 3010
1472 2515
1473 2884
1474 3156
1475 2832
1476 3178
1477 2653
1478 2863
1479 2978
1480 3285
1481 3154
1482 3402
1483 2866
1484 2689
1485 3067
1486 2871
1487 2478
1488 3132
1489 2390
1490 2997
1491 2487
1492 3244
1493 2737
1494 3144
1495 3112
1496 3397
1497 3279
1498 2966
1499 2672
1500 2172
1501 2756
1502 3295
1503 3150
1504 3120
1505 1864
1506 2819
1507 3167
1508 2897
1509 2984
1510 3121
1511 3097
1512 3087
1513 2978
1514 2378
1515 3489
1516 2866
1517 2163
1518 3286
1519 1158
1520 2479
1521 811
1522 2937
1523 3121
1524 3184
1525 2890
1526 2988
1527 2960
1528 1653
1529 3363
1530 2909
1531 2992
1532 2944
1533 2954
1534 3159
1535 3213
1536 3348
1537 3134
1538 3441
1539 2867
1540 3173
1541 3137
1542 3319
1543 2763
1544 3108
1545 3048
1546 3006
1547 3138
1548 3018
1549 2340
1550 2683
1551 3011
1552 3112
1553 2884
1554 3144
1555 3447
1556 3096
1557 3339
1558 2859
1559 3335
1560 2924
1561 3150
1562 3382
1563 2809
1564 2845
1565 2750
1566 2948
1567 2890
1568 3385
1569 2484
1570 2444
1571 3328
1572 3096
1573 2252
1574 2560
1575 3283
1576 2969
1577 2996
1578 2902
1579 3083
1580 2901
1581 3109
1582 2517
1583 3433
1584 3000
1585 3117
1586 3063
1587 1862
1588 3025
1589 2911
1590 1560
1591 2831
1592 3332
1593 1716
1594 3354
1595 3195
1596 3293
1597 3177
1598 3116
1599 3204
1600 2899
1601 3182
1602 3078
1603 2757
1604 2912
1605 2991
1606 2849
1607 2996
1608 2959
1609 2953
1610 2745
1611 3197
1612 2499
1613 2921
1614 3079
1615 2940
1616 3107
1617 2940
1618 2781
1619 2844
1620 2632
1621 3191
1622 3186
1623 3151
1624 2878
1625 3118
1626 2959
1627 2690
1628 2781
1629 2905
1630 2976
1631 2899
1632 3398
1633 2538
1634 3290
1635 2348
1636 2596
1637 3289
1638 3309
1639 2796
1640 2873
1641 2928
1642 1684
1643 3013
1644 3059
1645 2413
1646 1052
1647 2542
1648 2749
1649 2935
1650 2697
1651 3229
1652 3285
1653 2873
1654 2733
1655 2558
1656 2666
1657 2980
1658 3035
1659 2766
1660 2767
1661 2828
1662 2849
1663 2893
1664 3102
1665 2852
1666 2758
1667 3038
1668 3350
1669 3466
1670 2990
1671 3013
1672 2810
1673 2802
1674 3152
1675 2820
1676 2832
1677 3102
1678 2866
1679 2914
1680 2654
1681 3397
1682 2631
1683 2711
1684 3151
1685 2923
1686 3462
1687 2778
1688 2817
1689 3131
1690 3037
1691 3433
1692 2921
1693 3180
1694 3061
1695 3043
1696 2871
1697 2743
1698 1772
1699 2903
1700 3188
1701 3230
1702 3146
1703 2542
1704 2805
1705 2839
1706 2614
1707 2921
1708 3124
1709 2901
1710 3621
1711 3074
1712 3295
1713 3277
1714 2634
1715 2907
1716 2790
1717 3102
1718 2757
1719 2515
1720 2954
1721 2552
1722 3126
1723 2605
1724 1710
1725 3188
1726 3095
1727 3059
1728 2384
1729 3069
1730 2777
1731 2894
1732 3214
1733 2947
1734 2926
1735 3005
1736 3147
1737 3028
1738 3178
1739 1977
1740 2218
1741 3060
1742 3090
1743 2831
1744 2972
1745 3127
1746 3376
1747 3000
1748 2831
1749 3259
1750 2450
1751 2392
1752 3096
1753 3026
1754 3238
1755 2876
1756 2864
1757 2706
1758 3089
1759 3344
1760 2589
1761 3023
1762 3214
1763 2981
1764 3037
1765 3167
1766 3213
1767 2277
1768 2662
1769 2416
1770 2992
1771 2680
1772 2863
1773 2676
1774 2716
1775 2834
1776 3440
1777 3230
1778 3011
1779 3129
1780 3020
1781 3072
1782 2339
1783 2264
1784 3212
1785 2730
1786 3164
1787 3320
1788 3112
1789 3486
1790 2927
1791 3116
1792 3367
1793 3012
1794 2812
1795 2822
1796 3094
1797 3285
1798 3029
1799 3021
1800 3011
1801 3311
1802 2849
1803 2965
1804 3181
1805 2844
1806 2837
1807 2541
1808 2841
1809 2229
1810 3075
1811 2666
1812 2913
1813 2979
1814 2323
1815 2503
1816 2786
1817 3243
1818 1090
1819 2689
1820 3010
1821 2908
1822 2963
1823 2680
1824 2108
1825 2949
1826 2963
1827 3251
1828 2848
1829 3011
1830 2749
1831 3177
1832 3241
1833 3182
1834 3344
1835 3106
1836 3217
1837 2727
1838 2830
1839 2740
1840 3210
1841 2594
1842 2864
1843 3036
1844 1350
1845 3220
1846 2972
1847 3142
1848 2887
1849 2929
1850 3054
1851 2982
1852 2943
1853 3359
1854 2893
1855 3298
1856 2894
1857 3002
1858 3328
1859 2715
1860 2912
1861 3029
1862 2704
1863 2635
1864 2921
1865 3289
1866 3363
1867 3331
1868 2864
1869 3051
1870 3181
1871 3111
1872 2542
1873 2988
1874 3406
1875 3188
1876 2666
1877 3338
1878 3101
1879 3077
1880 3046
1881 2943
1882 3418
1883 2979
1884 3021
1885 2773
1886 3012
1887 3470
1888 3010
1889 2528
1890 3094
1891 2846
1892 2914
1893 3308
1894 1396
1895 2678
1896 3301
1897 3253
1898 3448
1899 3075
1900 2872
1901 2916
1902 2570
1903 2865
1904 2647
1905 3079
1906 3231
1907 3146
1908 3292
1909 2602
1910 2929
1911 2819
1912 3012
1913 3093
1914 1700
1915 3343
1916 2623
1917 2941
1918 3108
1919 2943
1920 3257
1921 2972
1922 3339
1923 2770
1924 3097
1925 2833
1926 2624
1927 2639
1928 2381
1929 3104
1930 2242
1931 3128
1932 2816
1933 2800
1934 2947
1935 3001
1936 3273
1937 3213
1938 3233
1939 3423
1940 2492
1941 3074
1942 2898
1943 2793
1944 3048
1945 3081
1946 2667
1947 3168
1948 2907
1949 3215
1950 3275
1951 2974
1952 3026
1953 2711
1954 3157
1955 2873
1956 3492
1957 2993
1958 2992
1959 3143
1960 2888
1961 2683
1962 3188
1963 3207
1964 2928
1965 2809
1966 2822
1967 2845
1968 2834
1969 2877
1970 3003
1971 3107
1972 2743
1973 2482
1974 3277
1975 2491
1976 2386
1977 3482
1978 2874
1979 3209
1980 3131
1981 3092
1982 2927
1983 2861
1984 2957
1985 3380
1986 3017
1987 3231
1988 2785
1989 3319
1990 2969
1991 2064
1992 2439
1993 3431
1994 3240
1995 3006
1996 3240
1997 3337
1998 2837
1999 2685
2000 2110
2001 3138
2002 2977
2003 3033
2004 2775
2005 2670
2006 3047
2007 3485
2008 3194
2009 2905
2010 2699
2011 1452
2012 2277
2013 2573
2014 2512
2015 2956
2016 3450
2017 3082
2018 2395
2019 3071
2020 3073
2021 2790
2022 2652
2023 2743
2024 2940
2025 3249
2026 3232
2027 2824
2028 3417
2029 3339
2030 3133
2031 3299
2032 3329
2033 2884
2034 2988
2035 2909
2036 3430
2037 3008
2038 2403
2039 3141
2040 2700
2041 3141
2042 2554
2043 2870
2044 3244
2045 3032
2046 3442
2047 3309
2048 2835
2049 2804
2050 3246
2051 2930
2052 2802
2053 2026
2054 2622
2055 2635
2056 3079
2057 2758
2058 2987
2059 2952
2060 3381
2061 3125
2062 2773
2063 3167
2064 3185
2065 3186
2066 2943
2067 3019
2068 2914
2069 3045
2070 3107
2071 3068
2072 2849
2073 2515
2074 2862
2075 3309
2076 3129
2077 3143
2078 2501
2079 2618
2080 3144
2081 3099
2082 3160
2083 2548
2084 2254
2085 3037
2086 937
2087 2786
2088 3227
2089 3180
2090 2889
2091 2685
2092 2629
2093 2446
2094 2958
2095 3450
2096 3149
2097 2586
2098 2836
2099 2619
2100 3247
2101 2856
2102 2883
2103 3077
2104 3294
2105 2573
2106 2575
2107 2793
2108 3356
2109 2569
2110 3228
2111 2679
2112 3436
2113 2832
2114 2950
2115 3022
2116 3283
2117 2715
2118 3361
2119 3201
2120 2500
2121 2891
2122 2720
2123 3168
2124 3053
2125 2501
2126 2626
2127 3045
2128 3112
2129 2874
2130 2792
2131 2580
2132 2789
2133 3072
2134 3052
2135 1970
2136 3304
2137 2820
2138 2525
2139 3166
2140 3540
2141 3159
2142 3138
2143 2748
2144 3126
2145 2757
2146 2809
2147 2325
2148 2830
2149 2892
2150 2930
2151 2086
2152 3108
2153 3432
2154 2385
2155 3034
2156 3089
2157 3119
2158 3279
2159 3316
2160 2903
2161 2814
2162 2569
2163 3178
2164 3004
2165 2525
2166 2794
2167 2725
2168 2487
2169 2946
2170 2961
2171 2727
2172 2634
2173 3044
2174 2833
2175 2945
2176 2914
2177 2825
2178 3235
2179 2087
2180 3255
2181 758
2182 2759
2183 2841
2184 3224
2185 2628
2186 3026
2187 2658
2188 2594
2189 2988
2190 2761
2191 2925
2192 3032
2193 3259
2194 2873
2195 3099
2196 2797
2197 2796
2198 2686
2199 2859
2200 3034
2201 3369
2202 3249
2203 2455
2204 3114
2205 3086
2206 3079
2207 2986
2208 3038
2209 2644
2210 3316
2211 993
2212 2708
2213 3043
2214 2836
2215 2600
2216 2993
2217 2858
2218 3245
2219 2214
2220 3279
2221 3130
2222 2946
2223 3051
2224 3193
2225 3240
2226 2984
2227 2766
2228 2915
2229 2977
2230 3252
2231 2994
2232 3504
2233 2469
2234 2139
2235 2797
2236 3135
2237 2502
2238 2947
2239 2606
2240 2866
2241 2862
2242 2840
2243 3250
2244 2723
2245 3039
2246 3557
2247 3147
2248 3198
2249 3017
2250 2723
2251 2918
2252 2960
2253 3244
2254 2413
2255 3277
2256 3312
2257 3079
2258 2981
2259 2805
2260 2317
2261 1283
2262 3003
2263 2507
2264 3058
2265 3026
2266 2965
2267 2727
2268 3170
2269 3095
2270 2656
2271 2416
2272 2974
2273 2977
2274 3166
2275 3172
2276 2995
2277 3412
2278 3303
2279 2607
2280 2879
2281 2958
2282 2320
2283 3215
2284 3174
2285 2477
2286 2388
2287 2937
2288 2896
2289 2725
2290 3254
2291 2925
2292 2645
2293 3317
2294 3111
2295 3272
2296 2726
2297 2596
2298 2553
2299 3057
2300 3046
2301 2632
2302 3006
2303 3013
2304 3154
2305 2691
2306 2706
2307 3193
2308 3147
2309 3047
2310 2752
2311 2682
2312 3120
2313 3021
2314 3164
2315 2621
2316 2977
2317 3016
2318 2883
2319 2998
2320 3066
2321 2855
2322 2629
2323 3299
2324 2907
2325 3306
2326 2711
2327 3359
2328 3269
2329 2796
2330 3282
2331 2481
2332 3094
2333 3381
2334 3061
2335 2898
2336 2545
2337 2833
2338 3099
2339 2872
2340 2650
2341 3140
2342 1668
2343 2897
2344 3216
2345 3047
2346 2786
2347 578
2348 3435
2349 2569
2350 2631
2351 2567
2352 3140
2353 3319
2354 3268
2355 3046
2356 2807
2357 3070
2358 2868
2359 2973
2360 2887
2361 2962
2362 3409
2363 2878
2364 3203
2365 2748
2366 2802
2367 2937
2368 2945
2369 2773
2370 2500
2371 3355
2372 365
2373 2941
2374 3343
2375 3129
2376 2997
2377 2863
2378 2806
2379 651
2380 2768
2381 3006
2382 2654
2383 2617
2384 3056
2385 3191
2386 3124
2387 3107
2388 3337
2389 2527
2390 3185
2391 3189
2392 2646
2393 3105
2394 2974
2395 3256
2396 3274
2397 3294
2398 2307
2399 3353
2400 2801
2401 3251
2402 3499
2403 1484
2404 2854
2405 3012
2406 3169
2407 2925
2408 2930
2409 3094
2410 3018
2411 2559
2412 2848
2413 2916
2414 3152
2415 3105
2416 2649
2417 2531
2418 3308
2419 2776
2420 3233
2421 3200
2422 3514
2423 3083
2424 2944
2425 3079
2426 3021
2427 2905
2428 2763
2429 3213
2430 3099
2431 2948
2432 2958
2433 3298
2434 2611
2435 2874
2436 3020
2437 2862
2438 3146
2439 3071
2440 2496
2441 3153
2442 3176
2443 2925
2444 2598
2445 3222
2446 2570
2447 3060
2448 2847
2449 2971
2450 2851
2451 2191
2452 3173
2453 2964
2454 3377
2455 2944
2456 2851
2457 3141
2458 1940
2459 3351
2460 3145
2461 3002
2462 2474
2463 2791
2464 3100
2465 3140
2466 1785
2467 2558
2468 2487
2469 2606
2470 2891
2471 2934
2472 2973
2473 2998
2474 2856
2475 2674
2476 2889
2477 3338
2478 2630
2479 2900
2480 2834
2481 3176
2482 2869
2483 2775
2484 2771
2485 3212
2486 2739
2487 2625
2488 3243
2489 2731
2490 2536
2491 2808
2492 3425
2493 2926
2494 2682
2495 3288
2496 2955
2497 2976
2498 3152
2499 3172
2500 2942
2501 3033
2502 2620
2503 2674
2504 2942
2505 3115
2506 2129
2507 2717
2508 2408
2509 2954
2510 2801
2511 2889
2512 2940
2513 2364
2514 1696
2515 3102
2516 2373
2517 2333
2518 2431
2519 3212
2520 3263
2521 3251
2522 3242
2523 2790
2524 3201
2525 3266
2526 3085
2527 2954
2528 3260
2529 2973
2530 2974
2531 3393
2532 2514
2533 2299
2534 3698
2535 2678
2536 3128
2537 3221
2538 3128
2539 2770
2540 2372
2541 3326
2542 2971
2543 3321
2544 3002
2545 2996
2546 3416
2547 2992
2548 3046
2549 2297
2550 2862
2551 3170
2552 2381
2553 3192
2554 3234
2555 3404
2556 2730
2557 138
2558 3279
2559 2762
2560 2647
2561 3021
2562 3336
2563 2768
2564 2734
2565 2864
2566 2589
2567 2769
2568 2803
2569 2965
2570 2592
2571 3074
2572 3111
2573 2544
2574 3106
2575 2721
2576 3168
2577 2477
2578 2681
2579 3026
2580 2675
2581 1549
2582 3330
2583 2832
2584 3071
2585 3071
2586 3336
2587 3313
2588 2904
2589 3054
2590 2971
2591 2726
2592 3266
2593 3088
2594 3202
2595 2707
2596 2496
2597 2676
2598 2844
2599 3073
2600 3163
2601 2958
2602 2938
2603 3203
2604 3209
2605 3378
2606 2508
2607 2954
2608 2825
2609 2975
2610 3410
2611 2943
2612 2745
2613 3280
2614 2930
2615 3083
2616 2831
2617 3320
2618 3407
2619 2852
2620 2842
2621 3205
2622 3362
2623 3183
2624 2998
2625 2522
2626 3207
2627 2737
2628 2853
2629 3407
2630 3070
2631 2663
2632 2667
2633 2755
2634 2597
2635 3365
2636 3085
2637 2748
2638 3366
2639 2649
2640 2640
2641 2954
2642 3112
2643 3097
2644 3263
2645 2157
2646 3405
2647 3130
2648 3673
2649 3020
2650 2437
2651 3330
2652 2928
2653 2991
2654 2803
2655 3267
2656 3416
2657 2430
2658 3070
2659 2733
2660 3024
2661 3274
2662 3144
2663 2924
2664 3382
2665 2992
2666 3377
2667 2588
2668 2882
2669 2099
2670 3120
2671 2623
2672 2934
2673 2917
2674 3064
2675 2975
2676 3061
2677 2736
2678 3303
2679 2918
2680 3181
2681 3200
2682 2869
2683 2971
2684 1774
2685 3178
2686 3106
2687 3161
2688 2918
2689 3160
2690 3002
2691 3020
2692 2712
2693 3156
2694 3207
2695 3366
2696 2883
2697 3003
2698 2581
2699 3023
2700 3099
2701 2960
2702 3218
2703 2299
2704 2976
2705 2743
2706 2950
2707 2946
2708 2625
2709 2757
2710 3248
2711 3142
2712 3130
2713 3210
2714 2486
2715 2593
2716 2969
2717 2715
2718 2847
2719 2994
2720 3176
2721 3527
2722 3109
2723 2655
2724 2918
2725 3187
2726 2593
2727 2759
2728 3184
2729 2895
2730 3168
2731 2957
2732 3010
2733 3355
2734 3168
2735 2788
2736 3150
2737 2824
2738 2729
2739 3222
2740 2272
2741 3137
2742 2804
2743 2125
2744 3003
2745 3255
2746 2770
2747 3086
2748 3023
2749 2654
2750 2370
2751 3273
2752 2879
2753 3055
2754 2755
2755 2965
2756 3083
2757 3000
2758 2695
2759 2825
2760 2861
2761 2948
2762 3559
2763 3202
2764 3329
2765 2625
2766 2995
2767 3135
2768 2865
2769 2792
2770 3028
2771 3235
2772 2975
2773 2921
2774 3167
2775 3104
2776 2629
2777 2707
2778 2808
2779 3380
2780 3213
2781 2667
2782 2623
2783 3164
2784 2789
2785 2768
2786 3247
2787 3027
2788 712
2789 3001
2790 2745
2791 3103
2792 2767
2793 2585
2794 3156
2795 3180
2796 2800
2797 2650
2798 2973
2799 2912
2800 2778
2801 3256
2802 3308
2803 3173
2804 2792
2805 2797
2806 2737
2807 2872
2808 2582
2809 3404
2810 3058
2811 2890
2812 3541
2813 2899
2814 2785
2815 2722
2816 3378
2817 2685
2818 2745
2819 3056
2820 2707
2821 2749
2822 3061
2823 3122
2824 3270
2825 2582
2826 2887
2827 3024
2828 2800
2829 2733
2830 2937
2831 2813
2832 3014
2833 2699
2834 2928
2835 3087
2836 1844
2837 3137
2838 2999
2839 3082
2840 2435
2841 3279
2842 3092
2843 990
2844 3417
2845 3098
2846 2762
2847 3243
2848 2906
2849 2758
2850 3032
2851 2857
2852 2919
2853 3045
2854 3243
2855 3158
2856 3278
2857 3307
2858 2919
2859 3210
2860 2838
2861 3415
2862 2991
2863 2551
2864 2868
2865 381
2866 1570
2867 3388
2868 1149
2869 2860
2870 3102
2871 3054
2872 483
2873 2962
2874 3369
2875 2584
2876 3020
2877 2933
2878 2838
2879 1120
2880 2650
2881 2003
2882 3041
2883 2611
2884 2878
2885 2299
2886 1766
2887 3435
2888 2522
2889 3045
2890 3189
2891 3116
2892 3128
2893 2739
2894 3341
2895 3349
2896 2325
2897 3002
2898 3052
2899 2837
2900 2942
2901 2720
2902 3318
2903 3074
2904 3104
2905 3082
2906 3014
2907 2940
2908 3309
2909 2336
2910 3202
2911 3119
2912 3267
2913 2663
2914 2918
2915 2750
2916 2955
2917 2997
2918 3234
2919 2861
2920 2643
2921 2894
2922 3284
2923 3309
2924 3374
2925 2896
2926 2086
2927 3060
2928 3120
2929 3104
2930 2967
2931 2365
2932 3106
2933 2947
2934 2819
2935 2631
2936 2057
2937 2452
2938 3280
2939 2810
2940 2279
2941 2872
2942 3429
2943 3314
2944 3178
2945 2963
2946 3274
2947 3334
2948 2799
2949 3207
2950 3336
2951 2637
2952 2722
2953 2710
2954 2745
2955 3161
2956 2473
2957 3081
2958 2783
2959 3241
2960 2667
2961 3085
2962 2358
2963 3181
2964 3234
2965 2916
2966 2793
2967 3289
2968 3341
2969 3058
2970 2706
2971 2849
2972 2816
2973 2864
2974 2506
2975 3082
2976 3014
2977 2682
2978 2829
2979 2287
2980 1762
2981 2775
2982 3256
2983 3093
2984 3088
2985 3343
2986 3016
2987 2525
2988 3239
2989 3025
2990 2524
2991 3422
2992 3111
2993 3005
2994 2899
2995 3456
2996 3090
2997 3299
2998 2470
2999 3090
3000 3152
3001 2625
3002 2856
3003 2940
3004 2670
3005 3087
3006 3111
3007 2742
3008 2412
3009 2599
3010 2982
3011 2875
3012 3130
3013 2342
3014 3072
3015 3174
3016 3206
3017 2929
3018 3101
3019 3101
3020 2793
3021 3254
3022 2961
3023 3216
3024 2697
3025 3099
3026 2217
3027 3444
3028 3284
3029 3128
3030 3275
3031 3081
3032 3167
3033 2573
3034 3349
3035 3053
3036 3240
3037 3027
3038 3247
3039 2841
3040 3118
3041 3255
3042 2903
3043 2865
3044 3441
3045 3094
3046 3171
3047 2855
3048 1355
3049 2809
3050 3252
3051 2633
3052 3337
3053 2901
3054 2826
3055 2727
3056 2747
3057 3044
3058 2831
3059 2695
3060 3244
3061 2532
3062 3023
3063 2987
3064 2934
3065 2622
3066 3140
3067 2947
3068 2464
3069 3082
3070 3256
3071 3234
3072 2762
3073 3385
3074 3182
3075 2764
3076 3244
3077 3232
3078 2788
3079 2791
3080 3147
3081 2701
3082 3082
3083 3234
3084 2440
3085 3387
3086 3114
3087 2200
3088 3213
3089 2905
3090 2651
3091 2857
3092 2789
3093 3414
3094 2827
3095 2186
3096 3141
3097 2667
3098 3356
3099 391
3100 3143
3101 3313
3102 2979
3103 2879
3104 2871
3105 3058
3106 2993
3107 1315
3108 2787
3109 2728
3110 2630
3111 3059
3112 2770
3113 3293
3114 3078
3115 3472
3116 2485
3117 2857
3118 3062
3119 3116
3120 2783
3121 3102
3122 2865
3123 2911
3124 3162
3125 2801
3126 3368
3127 2879
3128 3482
3129 3261
3130 2991
3131 3322
3132 2778
3133 3293
3134 3358
3135 2191
3136 2954
3137 2409
3138 3083
3139 2831
3140 3070
3141 2911
3142 2677
3143 3167
3144 2366
3145 2839
3146 2950
3147 2135
3148 1858
3149 2938
3150 2807
3151 2951
3152 3065
3153 2895
3154 2226
3155 2747
3156 2968
3157 3260
3158 3412
3159 2664
3160 3001
3161 3361
3162 3274
3163 2567
3164 2734
3165 3448
3166 3195
3167 3278
3168 3055
3169 2942
3170 3107
3171 3335
3172 2705
3173 2937
3174 2889
3175 3231
3176 2918
3177 2538
3178 2723
3179 2906
3180 3135
3181 2999
3182 3193
3183 3477
3184 2953
3185 2854
3186 3212
3187 2899
3188 2996
3189 3162
3190 3270
3191 3200
3192 3503
3193 3049
3194 3365
3195 3077
3196 530
3197 1485
3198 3260
3199 3137
3200 3238
3201 2520
3202 3146
3203 2915
3204 3285
3205 3031
3206 3392
3207 2519
3208 2861
3209 2728
3210 2884
3211 3239
3212 3294
3213 2902
3214 3157
3215 2405
3216 3165
3217 3052
3218 2841
3219 3202
3220 2427
3221 2395
3222 3407
3223 2794
3224 3050
3225 2816
3226 3216
3227 3123
3228 3461
3229 2778
3230 2541
3231 3166
3232 2930
3233 3053
3234 2489
3235 2640
3236 2756
3237 525
3238 3197
3239 3066
3240 3305
3241 3379
3242 3011
3243 3135
3244 2853
3245 2903
3246 3348
3247 2862
3248 3256
3249 3347
3250 3346
3251 2137
3252 3030
3253 2981
3254 2558
3255 2812
3256 2749
3257 3031
3258 3172
3259 2880
3260 2969
3261 1970
3262 2428
3263 3074
3264 3099
3265 3009
3266 2913
3267 3110
3268 3200
3269 3218
3270 3089
3271 2927
3272 3172
3273 993
3274 3179
3275 2899
3276 2923
3277 3301
3278 2433
3279 3305
3280 2565
3281 2989
3282 2982
3283 2535
3284 2772
3285 2391
3286 2545
3287 2902
3288 1178
3289 3102
3290 2896
3291 3285
3292 3090
3293 2963
3294 2568
3295 1934
3296 2567
3297 3050
3298 3282
3299 3082
3300 3260
3301 2444
3302 3060
3303 3070
3304 2465
3305 3092
3306 2887
3307 2836
3308 3252
3309 2168
3310 2899
3311 2444
3312 3130
3313 3092
3314 3136
3315 1771
3316 3206
3317 3183
3318 3064
3319 3035
3320 2773
3321 2667
3322 2704
3323 1631
3324 3108
3325 2461
3326 2827
3327 3110
3328 2981
3329 3087
3330 3226
3331 3243
3332 2816
3333 3418
3334 2945
3335 2899
3336 2023
3337 3523
3338 1832
3339 2595
3340 2989
3341 3422
3342 3027
3343 3219
3344 2681
3345 2837
3346 3110
3347 3343
3348 851
3349 2840
3350 2720
3351 2302
3352 2760
3353 2075
3354 3358
3355 2738
3356 2533
3357 2923
3358 3151
3359 2246
3360 3010
3361 3007
3362 3274
3363 3062
3364 2041
3365 2104
3366 2429
3367 2781
3368 3075
3369 2896
3370 2199
3371 3187
3372 3348
3373 3122
3374 3000
3375 2474
3376 3063
3377 3253
3378 3280
3379 3155
3380 2703
3381 3212
3382 3340
3383 2901
3384 2968
3385 3213
3386 2941
3387 2971
3388 3131
3389 3219
3390 3006
3391 2488
3392 2886
3393 3256
3394 2250
3395 3222
3396 2970
3397 2877
3398 2570
3399 2543
3400 2931
3401 2451
3402 3117
3403 2983
3404 2887
3405 3114
3406 3123
3407 3075
3408 3192
3409 2967
3410 2818
3411 3089
3412 2230
3413 3452
3414 3460
3415 3358
3416 2662
3417 2893
3418 2768
3419 3003
3420 1183
3421 2943
3422 3396
3423 2793
3424 2651
3425 1785
3426 2971
3427 2745
3428 2978
3429 2761
3430 3150
3431 2678
3432 3331
3433 3144
3434 2353
3435 3281
3436 2871
3437 2692
3438 3192
3439 2859
3440 2324
3441 3212
3442 2775
3443 3089
3444 2628
3445 3116
3446 2894
3447 3414
3448 3230
3449 2682
3450 3191
3451 3214
3452 3115
3453 3284
3454 3043
3455 3198
3456 2877
3457 3174
3458 3043
3459 3046
3460 2935
3461 2829
3462 3278
3463 3529
3464 3450
3465 2908
3466 2601
3467 2881
3468 2750
3469 3022
3470 2935
3471 3137
3472 2849
3473 3164
3474 3336
3475 2982
3476 3241
3477 2940
3478 3296
3479 3051
3480 2691
3481 2642
3482 3125
3483 3161
3484 2961
3485 3046
3486 3397
3487 2786
3488 3428
3489 3076
3490 3057
3491 3192
3492 3138
3493 3217
3494 2636
3495 2819
3496 3324
3497 3386
3498 2665
3499 3144
3500 2355
3501 2849
3502 3160
3503 2995
3504 2611
3505 2998
3506 2676
3507 2630
3508 2822
3509 3373
3510 3331
3511 2848
3512 3074
3513 2790
3514 3096
3515 3084
3516 3227
3517 3022
3518 3103
3519 3112
3520 2180
3521 2871
3522 2696
3523 3023
3524 3125
3525 3032
3526 2116
3527 2868
3528 2422
3529 2753
3530 3145
3531 2986
3532 2830
3533 3188
3534 3053
3535 2952
3536 3123
3537 3005
3538 3089
3539 2528
3540 3221
3541 3153
3542 3103
3543 2689
3544 3055
3545 3143
3546 2118
3547 3036
3548 2948
3549 3151
3550 3102
3551 2581
3552 3125
3553 3079
3554 3299
3555 3382
3556 2198
3557 2963
3558 2278
3559 3042
3560 3344
3561 2845
3562 3258
3563 3212
3564 3260
3565 3276
3566 3178
3567 3361
3568 3119
3569 3036
3570 3399
3571 2583
3572 3149
3573 2043
3574 2942
3575 2242
3576 3211
3577 3116
3578 3447
3579 2138
3580 3087
3581 3167
3582 2586
3583 3027
3584 3361
3585 2368
3586 2918
3587 3390
3588 3157
3589 2706
3590 3057
3591 3063
3592 3188
3593 3275
3594 2451
3595 3129
3596 3478
3597 2688
3598 3065
3599 3239
3600 2920
3601 3058
3602 3400
3603 2942
3604 2749
3605 3052
3606 2121
3607 2937
3608 1121
3609 2827
3610 3157
3611 2871
3612 2490
3613 3037
3614 3141
3615 2555
3616 2068
3617 2928
3618 2653
3619 2553
3620 2784
3621 3049
3622 2887
3623 2741
3624 2910
3625 2944
3626 2797
3627 3326
3628 3078
3629 3238
3630 2705
3631 2836
3632 3172
3633 3407
3634 2558
3635 2827
3636 3190
3637 3050
3638 3155
3639 2637
3640 2902
3641 3171
3642 3192
3643 3277
3644 3072
3645 2101
3646 2927
3647 3103
3648 2946
3649 3160
3650 3187
3651 3169
3652 2860
3653 2938
3654 3026
3655 1891
3656 3038
3657 2862
3658 3245
3659 3264
3660 2488
3661 3263
3662 3370
3663 3115
3664 1779
3665 2798
3666 3138
3667 3226
3668 3034
3669 2744
3670 3177
3671 3336
3672 2746
3673 2905
3674 2922
3675 3061
3676 2873
3677 3061
3678 2825
3679 2846
3680 3211
3681 3160
3682 3262
3683 3155
3684 3102
3685 3059
3686 3409
3687 3047
3688 3147
3689 3271
3690 3100
3691 2957
3692 3166
3693 3162
3694 3080
3695 3084
3696 2944
3697 3007
3698 3198
3699 3192
3700 3205
3701 3205
3702 2783
3703 3059
3704 2633
3705 2703
3706 2814
3707 3093
3708 3269
3709 3278
3710 2801
3711 2866
3712 1974
3713 2693
3714 3108
3715 3005
3716 2648
3717 1144
3718 3152
3719 3131
3720 3228
3721 2726
3722 2840
3723 2848
3724 3379
3725 2689
3726 3014
3727 691
3728 2568
3729 3283
3730 2671
3731 2955
3732 2964
3733 2764
3734 3299
3735 2969
3736 2885
3737 3277
3738 3095
3739 2558
3740 3224
3741 2676
3742 2978
3743 3139
3744 3368
3745 3037
3746 2801
3747 2808
3748 3277
3749 3088
3750 3266
3751 2849
3752 3297
3753 3018
3754 2931
3755 3013
3756 3007
3757 2991
3758 3145
3759 2921
3760 2894
3761 2768
3762 3072
3763 3285
3764 2785
3765 3135
3766 2811
3767 3087
3768 1924
3769 2899
3770 2956
3771 2843
3772 3049
3773 2725
3774 3313
3775 3069
3776 2174
3777 2821
3778 2362
3779 3084
3780 3023
3781 3069
3782 2948
3783 3173
3784 2788
3785 3051
3786 3140
3787 2956
3788 2916
3789 2996
3790 3079
3791 3276
3792 2961
3793 3207
3794 3226
3795 2904
3796 2561
3797 3144
3798 3281
3799 3072
3800 2646
3801 2939
3802 3196
3803 2876
3804 3373
3805 3241
3806 2474
3807 3158
3808 3075
3809 2818
3810 3351
3811 3313
3812 2840
3813 2897
3814 3363
3815 3135
3816 2945
3817 3000
3818 2719
3819 2821
3820 3326
3821 2866
3822 2909
3823 2794
3824 2725
3825 3302
3826 3144
3827 3168
3828 3152
3829 2897
3830 2669
3831 2975
3832 3085
3833 2834
3834 2719
3835 3187
3836 2874
3837 2664
3838 2834
3839 2888
3840 3195
3841 2946
3842 3293
3843 2589
3844 3016
3845 2315
3846 2771
3847 2691
3848 2865
3849 3088
3850 2978
3851 2173
3852 3032
3853 3143
3854 3109
3855 2892
3856 2359
3857 3113
3858 3177
3859 2894
3860 3075
3861 3198
3862 3165
3863 3331
3864 3120
3865 2999
3866 3136
3867 3067
3868 2874
3869 3203
3870 2978
3871 2819
3872 3380
3873 3207
3874 3363
3875 3231
3876 3044
3877 1782
3878 3010
3879 1764
3880 2727
3881 2923
3882 3219
3883 3227
3884 3107
3885 3170
3886 2721
3887 3396
3888 2926
3889 3414
3890 3178
3891 2256
3892 3152
3893 2991
3894 2358
3895 3419
3896 3066
3897 3145
3898 3316
3899 3149
3900 2428
3901 3213
3902 3210
3903 3294
3904 3207
3905 2920
3906 3058
3907 2557
3908 2308
3909 3121
3910 3167
3911 3013
3912 2867
3913 2955
3914 2456
3915 3513
3916 2524
3917 2054
3918 2649
3919 3121
3920 2342
3921 3258
3922 2911
3923 3361
3924 2928
3925 3304
3926 2683
3927 2802
3928 2911
3929 3073
3930 2739
3931 2921
3932 2561
3933 3328
3934 2555
3935 2859
3936 3252
3937 3131
3938 3265
3939 2669
3940 2836
3941 2434
3942 2691
3943 2629
3944 3028
3945 2921
3946 3134
3947 3070
3948 3009
3949 2764
3950 3281
3951 2849
3952 3351
3953 2214
3954 2669
3955 2905
3956 2830
3957 3293
3958 2988
3959 3087
3960 3310
3961 3094
3962 2333
3963 3260
3964 2753
3965 2742
3966 3109
3967 2930
3968 2548
3969 3358
3970 3367
3971 3335
3972 3309
3973 3080
3974 3168
3975 3113
3976 2145
3977 2858
3978 3337
3979 3016
3980 3015
3981 2882
3982 2940
3983 3326
3984 2735
3985 3107
3986 2844
3987 3057
3988 2398
3989 2830
3990 2857
3991 2737
3992 3036
3993 2699
3994 3169
3995 2571
3996 2684
3997 2545
3998 3454
3999 3240
4000 2927
4001 2998
4002 3179
4003 3563
4004 3214
4005 2805
4006 2539
4007 2823
4008 2436
4009 3265
4010 2616
4011 3372
4012 3135
4013 3223
4014 2999
4015 3147
4016 3252
4017 1973
4018 3160
4019 3427
4020 3099
4021 2865
4022 2783
4023 2558
4024 3266
4025 3085
4026 3036
4027 2721
4028 2729
4029 2506
4030 2987
4031 3097
4032 3010
4033 2826
4034 2666
4035 3104
4036 2908
4037 3094
4038 3189
4039 3238
4040 2979
4041 3108
4042 3227
4043 3144
4044 2685
4045 2552
4046 3212
4047 3412
4048 3222
4049 2836
4050 2939
4051 2659
4052 3331
4053 3211
4054 3037
4055 3250
4056 2974
4057 2793
4058 3310
4059 2759
4060 2660
4061 2400
4062 2704
4063 2675
4064 2381
4065 2999
4066 2931
4067 2979
4068 2841
4069 2864
4070 2869
4071 2949
4072 2986
4073 3484
4074 2932
4075 2810
4076 2807
4077 2550
4078 2949
4079 2203
4080 2791
4081 2809
4082 2068
4083 2576
4084 2971
4085 2482
4086 2857
4087 2741
4088 3048
4089 2987
4090 2131
4091 3187
4092 1266
4093 2987
4094 3293
4095 3302
4096 2894
4097 3347
4098 2950
4099 2908
4100 3019
4101 2907
4102 2973
4103 3135
4104 3164
4105 2952
4106 3014
4107 2740
4108 2935
4109 3106
4110 3263
4111 2997
4112 2625
4113 2496
4114 3333
4115 2875
4116 2954
4117 3211
4118 3070
4119 3207
4120 2526
4121 2788
4122 3063
4123 2689
4124 2238
4125 2909
4126 2412
4127 3296
4128 2685
4129 2953
4130 1807
4131 2534
4132 2845
4133 3235
4134 2633
4135 3002
4136 2707
4137 2789
4138 3247
4139 2798
4140 3024
4141 2834
4142 2778
4143 3206
4144 2875
4145 3160
4146 3102
4147 3130
4148 2789
4149 3086
4150 3166
4151 3172
4152 2075
4153 3317
4154 3296
4155 2957
4156 2996
4157 3275
4158 2877
4159 2744
4160 3141
4161 2916
4162 2852
4163 3066
4164 893
4165 2917
4166 3164
4167 3340
4168 2571
4169 3134
4170 2469
4171 3316
4172 3001
4173 3139
4174 3226
4175 2989
4176 2939
4177 3161
4178 2215
4179 3191
4180 2700
4181 2952
4182 3272
4183 3239
4184 3082
4185 3249
4186 2783
4187 3005
4188 3245
4189 2866
4190 2912
4191 2744
4192 3127
4193 2997
4194 2734
4195 3284
4196 3047
4197 3292
4198 2890
4199 2878
4200 3102
4201 2876
4202 2526
4203 3209
4204 3148
4205 2419
4206 3083
4207 3007
4208 3074
4209 1560
4210 2697
4211 2474
4212 3297
4213 2912
4214 3007
4215 2700
4216 3156
4217 3241
4218 3228
4219 2803
4220 2681
4221 2726
4222 3170
4223 3275
4224 3258
4225 3077
4226 2785
4227 3049
4228 2906
4229 2916
4230 3055
4231 2918
4232 2552
4233 3150
4234 3117
4235 3045
4236 3167
4237 2488
4238 2774
4239 3115
4240 2894
4241 2687
4242 3001
4243 2909
4244 3108
4245 3184
4246 2665
4247 2989
4248 3102
4249 2593
4250 2865
4251 2322
4252 2982
4253 3073
4254 2170
4255 3160
4256 2932
4257 2684
4258 2819
4259 2793
4260 2715
4261 2903
4262 3189
4263 2894
4264 2697
4265 2752
4266 3220
4267 1990
4268 2798
4269 2870
4270 2867
4271 2925
4272 2808
4273 2964
4274 2898
4275 2708
4276 2612
4277 3471
4278 2780
4279 2971
4280 1215
4281 3137
4282 3357
4283 2705
4284 3170
4285 3294
4286 2603
4287 3337
4288 3209
4289 3150
4290 2755
4291 2745
4292 2401
4293 2926
4294 3075
4295 3093
4296 2890
4297 2907
4298 2628
4299 2876
4300 3266
4301 2952
4302 2966
4303 2499
4304 3094
4305 3303
4306 3341
4307 2761
4308 3178
4309 2424
4310 2713
4311 3254
4312 2791
4313 2545
4314 2860
4315 3271
4316 2358
4317 3117
4318 3335
4319 2861
4320 2992
4321 2938
4322 3305
4323 3284
4324 3065
4325 3172
4326 2864
4327 3046
4328 3200
4329 2370
4330 3482
4331 2968
4332 2717
4333 2413
4334 3127
4335 3418
4336 3167
4337 3403
4338 2925
4339 2653
4340 2620
4341 2905
4342 2990
4343 3105
4344 3038
4345 3026
4346 2839
4347 3337
4348 3677
4349 3170
4350 2922
4351 2919
4352 3059
4353 2691
4354 3001
4355 2762
4356 2886
4357 2825
4358 2666
4359 3037
4360 2983
4361 3267
4362 2363
4363 2912
4364 3121
4365 2979
4366 2949
4367 3329
4368 2637
4369 3073
4370 2065
4371 3456
4372 2761
4373 3046
4374 3456
4375 2475
4376 3058
4377 2918
4378 3009
4379 2940
4380 2689
4381 3081
4382 2709
4383 3140
4384 1663
4385 3219
4386 1537
4387 2500
4388 3275
4389 3118
4390 2957
4391 2597
4392 2704
4393 2048
4394 3090
4395 2684
4396 2750
4397 3249
4398 2998
4399 2696
4400 2663
4401 3239
4402 3087
4403 2926
4404 2026
4405 2898
4406 3225
4407 3364
4408 3057
4409 2598
4410 3154
4411 2307
4412 2906
4413 3105
4414 3385
4415 3017
4416 2706
4417 3133
4418 3222
4419 3137
4420 3147
4421 3297
4422 3079
4423 2962
4424 2884
4425 3175
4426 2961
4427 2400
4428 3044
4429 2752
4430 3154
4431 3201
4432 2853
4433 2906
4434 2977
4435 3123
4436 2897
4437 2986
4438 2608
4439 3057
4440 2734
4441 2910
4442 2852
4443 2995
4444 2862
4445 3152
4446 3338
4447 2959
4448 2632
4449 3030
4450 3118
4451 3135
4452 2717
4453 3138
4454 2935
4455 3080
4456 2725
4457 1789
4458 2944
4459 3027
4460 2919
4461 2507
4462 2247
4463 2651
4464 3035
4465 3388
4466 2601
4467 3342
4468 2823
4469 2848
4470 2953
4471 3200
4472 3346
4473 3202
4474 3260
4475 3002
4476 3138
4477 2792
4478 3276
4479 3307
4480 3152
4481 3136
4482 3000
4483 3114
4484 2660
4485 2979
4486 2882
4487 3180
4488 3016
4489 3204
4490 2940
4491 3332
4492 3127
4493 3139
4494 3193
4495 3358
4496 3364
4497 2953
4498 2469
4499 2889
4500 3018
4501 2679
4502 3486
4503 2974
4504 3092
4505 253
4506 2592
4507 2967
4508 2325
4509 2659
4510 2498
4511 2994
4512 3311
4513 2862
4514 3073
4515 2591
4516 3187
4517 2952
4518 2902
4519 3108
4520 3253
4521 3513
4522 3431
4523 2985
4524 2861
4525 2701
4526 2961
4527 2833
4528 2679
4529 2740
4530 3176
4531 2629
4532 2706
4533 2796
4534 2876
4535 2996
4536 3180
4537 3114
4538 2980
4539 2773
4540 2699
4541 3179
4542 2797
4543 3154
4544 2680
4545 2868
4546 2959
4547 2955
4548 3008
4549 3231
4550 2902
4551 3275
4552 3201
4553 2893
4554 2894
4555 2933
4556 2784
4557 2338
4558 3188
4559 3139
4560 2800
4561 3025
4562 3072
4563 2955
4564 2939
4565 2680
4566 3079
4567 3035
4568 2953
4569 2920
4570 2658
4571 2844
4572 2492
4573 3349
4574 2977
4575 3261
4576 3269
4577 2999
4578 2981
4579 2816
4580 2278
4581 694
4582 2884
4583 3374
4584 2747
4585 2497
4586 3258
4587 3128
4588 3430
4589 2247
4590 2944
4591 2989
4592 3320
4593 3196
4594 3120
4595 2272
4596 3194
4597 3362
4598 3298
4599 3178
4600 3053
4601 3094
4602 3028
4603 3020
4604 2891
4605 2868
4606 2660
4607 3265
4608 2786
4609 3214
4610 3243
4611 3084
4612 3065
4613 3054
4614 3095
4615 2623
4616 2837
4617 2691
4618 2953
4619 2581
4620 3205
4621 2792
4622 3134
4623 318
4624 2762
4625 2649
4626 2860
4627 3257
4628 3220
4629 2545
4630 3017
4631 2530
4632 3054
4633 2794
4634 3252
4635 2894
4636 3230
4637 3041
4638 2953
4639 3310
4640 3242
4641 3281
4642 2976
4643 3213
4644 2791
4645 3206
4646 2788
4647 3068
4648 2062
4649 2991
4650 3303
4651 2685
4652 2846
4653 2942
4654 2869
4655 3300
4656 2980
4657 2945
4658 2705
4659 3012
4660 2300
4661 3350
4662 2969
4663 2831
4664 2510
4665 2285
4666 3047
4667 2805
4668 2782
4669 2759
4670 2943
4671 3074
4672 2957
4673 3084
4674 3309
4675 3093
4676 3268
4677 3249
4678 3146
4679 2794
4680 3065
4681 2712
4682 2762
4683 3307
4684 2982
4685 2796
4686 3219
4687 2634
4688 2813
4689 2947
4690 2951
4691 2872
4692 2631
4693 2501
4694 2886
4695 2214
4696 3263
4697 2876
4698 2667
4699 3157
4700 3190
4701 2903
4702 3273
4703 3194
4704 2583
4705 2686
4706 3237
4707 2951
4708 2885
4709 2710
4710 3087
4711 2671
4712 2396
4713 3067
4714 3196
4715 2955
4716 2848
4717 3041
4718 3333
4719 2970
4720 2820
4721 2735
4722 3273
4723 2963
4724 3136
4725 2899
4726 3106
4727 2354
4728 2984
4729 3299
4730 2675
4731 2634
4732 2232
4733 2973
4734 3189
4735 2989
4736 2565
4737 3143
4738 2790
4739 2483
4740 3068
4741 2796
4742 3011
4743 3271
4744 2441
4745 2576
4746 3149
4747 2994
4748 3057
4749 2794
4750 2924
4751 3114
4752 3184
4753 2908
4754 3089
4755 2938
4756 3113
4757 2849
4758 3119
4759 3415
4760 3044
4761 3056
4762 3128
4763 2937
4764 2770
4765 2644
4766 2570
4767 3174
4768 3356
4769 2679
4770 3188
4771 3005
4772 2955
4773 3070
4774 3109
4775 3206
4776 3136
4777 2603
4778 2701
4779 1636
4780 2105
4781 2960
4782 2987
4783 3157
4784 2938
4785 3203
4786 2904
4787 2727
4788 2842
4789 3101
4790 2881
4791 1435
4792 2999
4793 2599
4794 3139
4795 3014
4796 3164
4797 2887
4798 2570
4799 2744
4800 3304
4801 3057
4802 2745
4803 2814
4804 3477
4805 3209
4806 3518
4807 3371
4808 3156
4809 2872
4810 3165
4811 2953
4812 3074
4813 2830
4814 2995
4815 3402
4816 2671
4817 3086
4818 2912
4819 3081
4820 2016
4821 2930
4822 2794
4823 3132
4824 2874
4825 3434
4826 2880
4827 2939
4828 2082
4829 2905
4830 3120
4831 2794
4832 1399
4833 3211
4834 3009
4835 3052
4836 3022
4837 2825
4838 2460
4839 2655
4840 2989
4841 2838
4842 2524
4843 3131
4844 3139
4845 2884
4846 2416
4847 2999
4848 3060
4849 3046
4850 2837
4851 2866
4852 2846
4853 2719
4854 3381
4855 2413
4856 3277
4857 2730
4858 2611
4859 3172
4860 2390
4861 3065
4862 3043
4863 2965
4864 2698
4865 2692
4866 2849
4867 2881
4868 3117
4869 2876
4870 3145
4871 2809
4872 2953
4873 3150
4874 3097
4875 2903
4876 3234
4877 3408
4878 3227
4879 3180
4880 2950
4881 2990
4882 2963
4883 2993
4884 2958
4885 2682
4886 2806
4887 3051
4888 2986
4889 3026
4890 2790
4891 3139
4892 3041
4893 2832
4894 2924
4895 2742
4896 3281
4897 2753
4898 2902
4899 304
4900 3133
4901 2973
4902 3009
4903 2971
4904 2923
4905 2995
4906 2773
4907 3230
4908 3187
4909 3097
4910 2912
4911 3215
4912 2726
4913 2531
4914 3165
4915 3291
4916 2998
4917 3124
4918 3080
4919 2815
4920 3352
4921 2794
4922 2865
4923 2976
4924 2877
4925 3307
4926 3360
4927 2719
4928 2726
4929 2745
4930 2890
4931 3081
4932 2826
4933 2894
4934 2966
4935 3133
4936 3304
4937 2881
4938 2788
4939 2941
4940 2941
4941 2747
4942 2986
4943 3034
4944 3109
4945 3228
4946 1430
4947 3295
4948 240
4949 3034
4950 2893
4951 3112
4952 2132
4953 3074
4954 2752
4955 3209
4956 2878
4957 3184
4958 3223
4959 3013
4960 3117
4961 3064
4962 3138
4963 3322
4964 2745
4965 2864
4966 3390
4967 3376
4968 3001
4969 3298
4970 3440
4971 2728
4972 2716
4973 2813
4974 2624
4975 2515
4976 2909
4977 3328
4978 3166
4979 3085
4980 3105
4981 3008
4982 2796
4983 2522
4984 2615
4985 2570
4986 3169
4987 2926
4988 3126
4989 3193
4990 2122
4991 2827
4992 2833
4993 3272
4994 2834
4995 2900
4996 3561
4997 3123
4998 3475
4999 3043
5000 2873
5001 2895
5002 3168
5003 3023
5004 3166
5005 2672
5006 3021
5007 2747
5008 3018
5009 3137
5010 2732
5011 2968
5012 2630
5013 2826
5014 2618
5015 2967
5016 2769
5017 2670
5018 3091
5019 2745
5020 3002
5021 2990
5022 3258
5023 3084
5024 2880
5025 3152
5026 3027
5027 2150
5028 2911
5029 3404
5030 2902
5031 2683
5032 2850
5033 3224
5034 3124
5035 2853
5036 2662
5037 3116
5038 3012
5039 3157
5040 2953
5041 2909
5042 3004
5043 2467
5044 3038
5045 2861
5046 2409
5047 3054
5048 3103
5049 3030
5050 2806
5051 107
5052 3133
5053 2835
5054 3005
5055 2648
5056 2828
5057 3450
5058 2857
5059 2886
5060 3036
5061 3050
5062 2788
5063 2135
5064 3184
5065 2650
5066 2927
5067 2907
5068 2714
5069 2776
5070 3011
5071 3065
5072 2833
5073 2958
5074 3247
5075 2982
5076 2427
5077 2512
5078 3497
5079 2893
5080 2975
5081 2738
5082 1493
5083 3009
5084 3274
5085 2660
5086 3423
5087 2910
5088 3143
5089 495
5090 3160
5091 2916
5092 2985
5093 3188
5094 2239
5095 3142
5096 2509
5097 2408
5098 3049
5099 3084
5100 2772
5101 3060
5102 2883
5103 3029
5104 3041
5105 3003
5106 3314
5107 2741
5108 3042
5109 2940
5110 2812
5111 2331
5112 2831
5113 2788
5114 2549
5115 2032
5116 2029
5117 2377
5118 1258
5119 2131
5120 3283
5121 3333
5122 2525
5123 3461
5124 2916
5125 2686
5126 2638
5127 3335
5128 3503
5129 3092
5130 2802
5131 2767
5132 2403
5133 3183
5134 2248
5135 2922
5136 3323
5137 3042
5138 3168
5139 2918
5140 3323
5141 2778
5142 3230
5143 3099
5144 2697
5145 3267
5146 2451
5147 2752
5148 3119
5149 2844
5150 3085
5151 2903
5152 3005
5153 3143
5154 3251
5155 2890
5156 2697
5157 2829
5158 2922
5159 3454
5160 2264
5161 2896
5162 3078
5163 3190
5164 3142
5165 2389
5166 3283
5167 2901
5168 3159
5169 3088
5170 3041
5171 2692
5172 2934
5173 2448
5174 2845
5175 2819
5176 3000
5177 2972
5178 2829
5179 2995
5180 2912
5181 3115
5182 2904
5183 3118
5184 3078
5185 3201
5186 3407
5187 2489
5188 3126
5189 3125
5190 3302
5191 2832
5192 3078
5193 3178
5194 3089
5195 2231
5196 2217
5197 3120
5198 3037
5199 2412
5200 3387
5201 2949
5202 3002
5203 3248
5204 3106
5205 3031
5206 3326
5207 2565
5208 3078
5209 2789
5210 3454
5211 2794
5212 2830
5213 3027
5214 2393
5215 2333
5216 2727
5217 2827
5218 3134
5219 2902
5220 2351
5221 3030
5222 3101
5223 3036
5224 2962
5225 2805
5226 3447
5227 2981
5228 3129
5229 2350
5230 2763
5231 3199
5232 2928
5233 2970
5234 3084
5235 2970
5236 3088
5237 3142
5238 3273
5239 2867
5240 3310
5241 970
5242 2959
5243 3007
5244 2973
5245 2609
5246 2477
5247 3027
5248 2342
5249 3209
5250 2746
5251 2804
5252 2889
5253 3733
5254 2586
5255 3162
5256 2669
5257 3387
5258 3144
5259 2043
5260 2490
5261 2075
5262 2723
5263 3036
5264 2690
5265 2981
5266 1835
5267 3291
5268 2822
5269 2970
5270 2152
5271 2666
5272 3183
5273 2700
5274 2094
5275 3041
5276 2925
5277 3003
5278 3211
5279 2632
5280 2914
5281 468
5282 3110
5283 2773
5284 2949
5285 3482
5286 3038
5287 3013
5288 2549
5289 3201
5290 2787
5291 3054
5292 3170
5293 3030
5294 1692
5295 2792
5296 2982
5297 2917
5298 1954
5299 2886
5300 3020
5301 3309
5302 3070
5303 3314
5304 3176
5305 3363
5306 3085
5307 3064
5308 3078
5309 3075
5310 3110
5311 3289
5312 2986
5313 2864
5314 3077
5315 2800
5316 2896
5317 3370
5318 2932
5319 3117
5320 3094
5321 3119
5322 3219
5323 3056
5324 2950
5325 3287
5326 2706
5327 3157
5328 2688
5329 3007
5330 2791
5331 3046
5332 2906
5333 2597
5334 3120
5335 2920
5336 3167
5337 2733
5338 3171
5339 2845
5340 3456
5341 2664
5342 2909
5343 3079
5344 2845
5345 2696
5346 3347
5347 2509
5348 2938
5349 2790
5350 3253
5351 2727
5352 2960
5353 3269
5354 2770
5355 2702
5356 3012
5357 2846
5358 2554
5359 2486
5360 2143
5361 3119
5362 2332
5363 3098
5364 2821
5365 2856
5366 3187
5367 3454
5368 2768
5369 3334
5370 2111
5371 3437
5372 3019
5373 904
5374 2846
5375 2988
5376 2772
5377 2125
5378 2980
5379 2717
5380 2828
5381 2762
5382 3235
5383 2932
5384 2935
5385 3325
5386 2959
5387 3250
5388 2750
5389 3387
5390 2978
5391 2210
5392 2723
5393 2413
5394 2835
5395 3353
5396 3031
5397 3192
5398 2810
5399 3004
5400 2785
5401 3217
5402 2841
5403 2515
5404 3361
5405 3180
5406 3194
5407 2779
5408 3298
5409 3088
5410 2660
5411 3441
5412 3074
5413 2605
5414 3420
5415 3151
5416 1395
5417 2517
5418 2745
5419 2432
5420 3284
5421 2950
5422 2951
5423 2863
5424 2870
5425 3166
5426 3246
5427 2654
5428 3433
5429 2856
5430 3109
5431 2879
5432 3247
5433 3164
5434 3202
5435 3420
5436 301
5437 2862
5438 1716
5439 3319
5440 2970
5441 2659
5442 3125
5443 3153
5444 3035
5445 2034
5446 2170
5447 2974
5448 2534
5449 3025
5450 3182
5451 2587
5452 2932
5453 3305
5454 2767
5455 3068
5456 3266
5457 2805
5458 2928
5459 3053
5460 2783
5461 2817
5462 2856
5463 2653
5464 2722
5465 2845
5466 2696
5467 2661
5468 3243
5469 3019
5470 3112
5471 3025
5472 3148
5473 2993
5474 2895
5475 2931
5476 3148
5477 3239
5478 3136
5479 3148
5480 3073
5481 3216
5482 3250
5483 2817
5484 3159
5485 3074
5486 2778
5487 3188
5488 2922
5489 3035
5490 2418
5491 3043
5492 2600
5493 2990
5494 2884
5495 3106
5496 3074
5497 3056
5498 3103
5499 2726
5500 2880
5501 3168
5502 3247
5503 3246
5504 3000
5505 3334
5506 3199
5507 3147
5508 2895
5509 2631
5510 3234
5511 3059
5512 3334
5513 3130
5514 2981
5515 2603
5516 1659
5517 2946
5518 2819
5519 2571
5520 2680
5521 3385
5522 2685
5523 2812
5524 2960
5525 3175
5526 2686
5527 2722
5528 3020
5529 3439
5530 2859
5531 2797
5532 3318
5533 2556
5534 3086
5535 2451
5536 3375
5537 3182
5538 3226
5539 2825
5540 3189
5541 3132
5542 3184
5543 3287
5544 2989
5545 3265
5546 2998
5547 3120
5548 2683
5549 2723
5550 2697
5551 2379
5552 3096
5553 3021
5554 3309
5555 2873
5556 3431
5557 2856
5558 3199
5559 2903
5560 2956
5561 2961
5562 2358
5563 2847
5564 2886
5565 2921
5566 2348
5567 3320
5568 2786
5569 3080
5570 2732
5571 2501
5572 3012
5573 2034
5574 3129
5575 1338
5576 2992
5577 3227
5578 3097
5579 3111
5580 2517
5581 3111
5582 2927
5583 2468
5584 3061
5585 2960
5586 3036
5587 2890
5588 2472
5589 2508
5590 2864
5591 3025
5592 3133
5593 3179
5594 3055
5595 2807
5596 3175
5597 2583
5598 3163
5599 2554
5600 2879
5601 2770
5602 2970
5603 2790
5604 2305
5605 2715
5606 3099
5607 3094
5608 2970
5609 2772
5610 3127
5611 2912
5612 2937
5613 2815
5614 3143
5615 2662
5616 3063
5617 2471
5618 3121
5619 2226
5620 3095
5621 2791
5622 3255
5623 2650
5624 2687
5625 3386
5626 3240
5627 1829
5628 3225
5629 2636
5630 2854
5631 2659
5632 2886
5633 2907
5634 2966
5635 3529
5636 2841
5637 2980
5638 2080
5639 3360
5640 2316
5641 3001
5642 3627
5643 2745
5644 2847
5645 3014
5646 2884
5647 3060
5648 3144
5649 3218
5650 3036
5651 2827
5652 3122
5653 2845
5654 3318
5655 3049
5656 2611
5657 3186
5658 2534
5659 3104
5660 2274
5661 3513
5662 3202
5663 2887
5664 2918
5665 2787
5666 2673
5667 2669
5668 3239
5669 3348
5670 3020
5671 2752
5672 2936
5673 2378
5674 2665
5675 2700
5676 2414
5677 3174
5678 3142
5679 2302
5680 2874
5681 3021
5682 2834
5683 2999
5684 2566
5685 2520
5686 2722
5687 2752
5688 2623
5689 2764
5690 3054
5691 3121
5692 3286
5693 1812
5694 3062
5695 3128
5696 3070
5697 2783
5698 3015
5699 2719
5700 3178
5701 2622
5702 3188
5703 3054
5704 3104
5705 2822
5706 2981
5707 2716
5708 2748
5709 3219
5710 2910
5711 3229
5712 3396
5713 2866
5714 2863
5715 2784
5716 2473
5717 3168
5718 2952
5719 2762
5720 2947
5721 2740
5722 3437
5723 2958
5724 3079
5725 2725
5726 3147
5727 3327
5728 3162
5729 2956
5730 868
5731 2902
5732 2964
5733 2677
5734 2549
5735 2804
5736 2583
5737 2200
5738 2464
5739 2952
5740 3009
5741 3226
5742 3026
5743 2495
5744 3254
5745 2782
5746 3110
5747 1425
5748 2485
5749 2697
5750 3059
5751 3145
5752 3240
5753 3096
5754 3248
5755 3073
5756 2914
5757 2916
5758 2525
5759 2960
5760 3456
5761 2554
5762 3107
5763 3357
5764 2713
5765 3303
5766 2466
5767 2417
5768 3080
5769 3036
5770 3231
5771 3008
5772 2984
5773 3173
5774 2845
5775 3418
5776 3208
5777 2580
5778 3032
5779 3122
5780 400
5781 3046
5782 896
5783 2338
5784 3009
5785 3183
5786 3366
5787 3162
5788 3132
5789 2938
5790 3391
5791 2871
5792 2142
5793 3156
5794 2790
5795 2911
5796 2751
5797 2865
5798 3056
5799 2083
5800 3138
5801 2755
5802 3172
5803 2963
5804 2831
5805 3327
5806 2625
5807 2877
5808 3061
5809 2494
5810 2521
5811 3199
5812 2854
5813 3104
5814 2751
5815 2824
5816 2790
5817 2704
5818 2807
5819 3089
5820 3015
5821 3131
5822 3173
5823 3119
5824 2874
5825 3206
5826 2433
5827 2925
5828 2442
5829 3359
5830 2870
5831 3057
5832 2950
5833 3198
5834 2403
5835 3176
5836 2439
5837 3275
5838 2783
5839 2297
5840 2932
5841 2708
5842 3044
5843 2820
5844 3361
5845 2797
5846 2847
5847 2288
5848 3084
5849 3047
5850 2959
5851 2588
5852 2499
5853 3543
5854 3021
5855 2641
5856 2907
5857 2031
5858 2852
5859 2674
5860 3049
5861 2663
5862 2880
5863 2912
5864 3167
5865 2626
5866 2588
5867 3307
5868 3035
5869 2868
5870 2985
5871 1509
5872 2794
5873 3104
5874 3236
5875 3257
5876 2592
5877 2832
5878 2875
5879 3241
5880 2466
5881 3217
5882 3121
5883 2814
5884 2840
5885 3039
5886 2879
5887 3005
5888 3165
5889 2939
5890 3105
5891 2730
5892 2655
5893 2913
5894 2562
5895 3508
5896 3257
5897 2816
5898 3073
5899 3088
5900 3145
5901 2500
5902 2899
5903 3053
5904 2684
5905 3422
5906 2618
5907 3330
5908 2798
5909 3321
5910 3352
5911 3185
5912 2041
5913 2872
5914 2735
5915 2854
5916 2786
5917 2827
5918 2915
5919 3035
5920 2676
5921 2919
5922 3400
5923 3097
5924 2993
5925 2915
5926 3028
5927 2974
5928 3011
5929 2176
5930 3294
5931 2760
5932 2627
5933 3184
5934 3017
5935 3059
5936 3128
5937 3054
5938 2994
5939 2812
5940 2883
5941 2716
5942 2582
5943 2744
5944 3001
5945 3093
5946 3366
5947 2722
5948 3117
5949 3204
5950 3210
5951 2870
5952 2705
5953 2339
5954 3365
5955 2475
5956 3102
5957 3369
5958 2647
5959 2730
5960 3121
5961 3306
5962 2599
5963 2982
5964 3320
5965 2777
5966 3193
5967 3276
5968 2877
5969 3144
5970 2771
5971 2931
5972 2957
5973 3053
5974 3036
5975 2958
5976 2391
5977 2999
5978 2613
5979 3635
5980 2763
5981 2822
5982 2873
5983 3036
5984 2542
5985 2443
5986 3052
5987 2810
5988 3162
5989 3050
5990 2813
5991 2646
5992 3358
5993 2658
5994 3055
5995 3447
5996 3226
5997 3156
5998 3592
5999 2594
6000 2972
6001 3173
6002 3116
6003 3243
6004 3176
6005 3221
6006 3087
6007 3162
6008 3344
6009 2968
6010 2934
6011 2697
6012 2276
6013 3105
6014 2584
6015 3466
6016 3006
6017 2977
6018 2705
6019 2630
6020 2558
6021 2898
6022 3003
6023 3320
6024 3023
6025 2753
6026 2260
6027 3279
6028 3155
6029 2817
6030 3090
6031 2754
6032 2796
6033 2587
6034 2564
6035 2917
6036 3211
6037 3157
6038 2912
6039 3190
6040 2782
6041 2969
6042 3242
6043 3196
6044 2944
6045 3234
6046 3163
6047 2821
6048 3119
6049 3198
6050 2919
6051 3240
6052 3148
6053 3006
6054 3226
6055 2867
6056 2769
6057 3016
6058 2856
6059 3326
6060 3019
6061 2869
6062 3048
6063 2724
6064 2955
6065 3280
6066 2731
6067 2880
6068 2837
6069 1747
6070 1703
6071 3173
6072 3377
6073 2484
6074 3247
6075 2698
6076 3318
6077 2843
6078 3109
6079 2686
6080 3270
6081 3254
6082 3020
6083 3009
6084 3397
6085 3041
6086 3148
6087 1821
6088 2877
6089 2874
6090 2772
6091 2919
6092 2493
6093 2811
6094 3081
6095 2971
6096 2716
6097 2794
6098 2771
6099 3145
6100 2694
6101 2826
6102 2862
6103 408
6104 3179
6105 2853
6106 3075
6107 3115
6108 2330
6109 3370
6110 3045
6111 3003
6112 3308
6113 2883
6114 3247
6115 3077
6116 2874
6117 3084
6118 2920
6119 2834
6120 3074
6121 2568
6122 2882
6123 3032
6124 3165
6125 2898
6126 2917
6127 2354
6128 3509
6129 2981
6130 2845
6131 2015
6132 3283
6133 2924
6134 2758
6135 2873
6136 2595
6137 2851
6138 3160
6139 3253
6140 3033
6141 3049
6142 3000
6143 3017
6144 1588
6145 3115
6146 3073
6147 3188
6148 1056
6149 3300
6150 2888
6151 3008
6152 3412
6153 3198
6154 2768
6155 2946
6156 2548
6157 3552
6158 3134
6159 3103
6160 3197
6161 3336
6162 2030
6163 2601
6164 2951
6165 2941
6166 2365
6167 2898
6168 3078
6169 3126
6170 2922
6171 2455
6172 1270
6173 3105
6174 2777
6175 3321
6176 2747
6177 2848
6178 2550
6179 3344
6180 3155
6181 2929
6182 2829
6183 3057
6184 3130
6185 3289
6186 3003
6187 3038
6188 2727
6189 3312
6190 3198
6191 2820
6192 2817
6193 2767
6194 2825
6195 3159
6196 859
6197 2496
6198 2743
6199 2663
6200 3345
6201 2272
6202 2774
6203 2814
6204 3187
6205 957
6206 3122
6207 3054
6208 3244
6209 1604
6210 3185
6211 3088
6212 2673
6213 3082
6214 3049
6215 2684
6216 3096
6217 2619
6218 3076
6219 2435
6220 2445
6221 2592
6222 2536
6223 3125
6224 2956
6225 2833
6226 3013
6227 2991
6228 3122
6229 2898
6230 2924
6231 2791
6232 2904
6233 2419
6234 2358
6235 2798
6236 3227
6237 3368
6238 2694
6239 2675
6240 3228
6241 2834
6242 2982
6243 2761
6244 2785
6245 3278
6246 2866
6247 3215
6248 3458
6249 2733
6250 1644
6251 3202
6252 2668
6253 3024
6254 2411
6255 2985
6256 3093
6257 2959
6258 2632
6259 2929
6260 3171
6261 3289
6262 2818
6263 2936
6264 3241
6265 2996
6266 3431
6267 2519
6268 3121
6269 2940
6270 2899
6271 2896
6272 2783
6273 3208
6274 2862
6275 2908
6276 2698
6277 3372
6278 2967
6279 2750
6280 3219
6281 2364
6282 3443
6283 1419
6284 3304
6285 3203
6286 3001
6287 3038
6288 2659
6289 2794
6290 2465
6291 2600
6292 3186
6293 2986
6294 2866
6295 2959
6296 3044
6297 3062
6298 3035
6299 3480
6300 2644
6301 3172
6302 2942
6303 2341
6304 3492
6305 2919
6306 2438
6307 2869
6308 2641
6309 1991
6310 2549
6311 3421
6312 2737
6313 3077
6314 2759
6315 2903
6316 2713
6317 3100
6318 3222
6319 3333
6320 3315
6321 3175
6322 3222
6323 2169
6324 3093
6325 3425
6326 3026
6327 1172
6328 3283
6329 2909
6330 3331
6331 758
6332 3143
6333 2807
6334 3421
6335 2877
6336 3019
6337 3085
6338 2815
6339 3172
6340 2741
6341 2907
6342 2888
6343 2937
6344 2929
6345 2287
6346 2921
6347 2947
6348 2889
6349 2966
6350 2805
6351 3346
6352 2431
6353 3247
6354 3061
6355 2889
6356 2832
6357 3025
6358 2681
6359 2976
6360 2701
6361 2784
6362 3247
6363 3040
6364 3165
6365 3182
6366 3032
6367 1880
6368 2476
6369 2810
6370 2768
6371 2463
6372 2932
6373 3081
6374 2142
6375 3264
6376 2981
6377 3326
6378 2789
6379 3083
6380 100
6381 2792
6382 2813
6383 2697
6384 3218
6385 3139
6386 3131
6387 1978
6388 1702
6389 2868
6390 3066
6391 2413
6392 2386
6393 2812
6394 3044
6395 2470
6396 3208
6397 2496
6398 2610
6399 2587
6400 2961
6401 2889
6402 2502
6403 3155
6404 3106
6405 1998
6406 3031
6407 2854
6408 3299
6409 3010
6410 3307
6411 3162
6412 3499
6413 3018
6414 2898
6415 3363
6416 3428
6417 2833
6418 2824
6419 2837
6420 3035
6421 3200
6422 3040
6423 3233
6424 2752
6425 2659
6426 3019
6427 2861
6428 2999
6429 3237
6430 2426
6431 3112
6432 2796
6433 3270
6434 3081
6435 3165
6436 2704
6437 2329
6438 2780
6439 2838
6440 2794
6441 3186
6442 3144
6443 3325
6444 1982
6445 2663
6446 186
6447 3134
6448 2955
6449 3180
6450 3102
6451 3175
6452 2846
6453 2985
6454 2808
6455 3099
6456 2481
6457 3057
6458 3404
6459 2806
6460 3147
6461 2774
6462 3275
6463 3058
6464 3100
6465 3043
6466 2762
6467 3062
6468 2714
6469 2843
6470 2223
6471 2315
6472 2852
6473 2518
6474 3039
6475 3052
6476 3122
6477 3185
6478 2896
6479 3146
6480 2850
6481 3141
6482 2539
6483 2650
6484 2302
6485 3049
6486 2578
6487 2880
6488 2358
6489 2812
6490 1102
6491 2713
6492 2547
6493 3030
6494 2786
6495 2484
6496 3163
6497 2855
6498 3101
6499 2253
6500 2902
6501 2924
6502 3034
6503 3000
6504 1765
6505 3343
6506 3033
6507 2092
6508 2772
6509 3080
6510 3260
6511 3161
6512 2948
6513 3311
6514 2953
6515 2942
6516 2704
6517 2970
6518 2878
6519 2902
6520 2590
6521 2832
6522 3047
6523 3073
6524 2892
6525 3299
6526 2187
6527 3099
6528 2884
6529 3082
6530 2178
6531 3465
6532 2823
6533 3209
6534 2679
6535 2919
6536 3350
6537 2969
6538 1066
6539 2784
6540 1250
6541 3379
6542 2818
6543 2837
6544 2786
6545 2920
6546 3296
6547 2845
6548 3336
6549 3056
6550 2135
6551 2511
6552 2467
6553 2216
6554 0
6555 2836
6556 2974
6557 3024
6558 1943
6559 2755
6560 2914
6561 3129
6562 2832
6563 3124
6564 2878
6565 2371
6566 3060
6567 2650
6568 3397
6569 3043
6570 3410
6571 2776
6572 3234
6573 2995
6574 1804
6575 2873
6576 2823
6577 3274
6578 2587
6579 1654
6580 2306
6581 3152
6582 2541
6583 3027
6584 2926
6585 2702
6586 2699
6587 2628
6588 3335
6589 2934
6590 2659
6591 2697
6592 3135
6593 3025
6594 2859
6595 3063
6596 3164
6597 3397
6598 1923
6599 3034
6600 2800
6601 2958
6602 2754
6603 3161
6604 2726
6605 2726
6606 2743
6607 2909
6608 3142
6609 3028
6610 3687
6611 3303
6612 2921
6613 3235
6614 3119
6615 3088
6616 2955
6617 2802
6618 3002
6619 3166
6620 3099
6621 3082
6622 3202
6623 2130
6624 3202
6625 2781
6626 2964
6627 3246
6628 2961
6629 3179
6630 2974
6631 2881
6632 2561
6633 2666
6634 455
6635 1593
6636 2901
6637 3076
6638 3117
6639 3042
6640 3295
6641 2286
6642 3271
6643 1966
6644 3147
6645 2938
6646 2947
6647 3187
6648 3198
6649 2532
6650 3127
6651 3196
6652 3290
6653 3049
6654 3123
6655 3059
6656 2834
6657 2986
6658 3037
6659 3026
6660 3254
6661 3101
6662 2739
6663 2678
6664 2405
6665 2819
6666 3154
6667 2558
6668 3323
6669 3104
6670 3019
6671 2935
6672 3272
6673 3441
6674 2718
6675 2883
6676 3128
6677 2263
6678 2910
6679 2679
6680 3392
6681 3224
6682 3030
6683 2684
6684 2629
6685 2726
6686 3348
6687 2932
6688 2684
6689 2621
6690 3220
6691 2678
6692 2511
6693 2190
6694 2388
6695 3309
6696 2884
6697 2783
6698 3094
6699 2848
6700 3068
6701 2512
6702 779
6703 2977
6704 2916
6705 3014
6706 3024
6707 3187
6708 3274
6709 3216
6710 2923
6711 2978
6712 2711
6713 3058
6714 2556
6715 2943
6716 2675
6717 3504
6718 3439
6719 2898
6720 3010
6721 3222
6722 2769
6723 3145
6724 2873
6725 2922
6726 2871
6727 2152
6728 3397
6729 3158
6730 2819
6731 2591
6732 3014
6733 2535
6734 2897
6735 2680
6736 3223
6737 2567
6738 3287
6739 2740
6740 2998
6741 2604
6742 2592
6743 3052
6744 2191
6745 3005
6746 3300
6747 3100
6748 2962
6749 2504
6750 3116
6751 2865
6752 2881
6753 2351
6754 3322
6755 2616
6756 3096
6757 3225
6758 3095
6759 2923
6760 2461
6761 2233
6762 3098
6763 2896
6764 2931
6765 3104
6766 2967
6767 2674
6768 3217
6769 3089
6770 3312
6771 3501
6772 2469
6773 2537
6774 3073
6775 2221
6776 2820
6777 2897
6778 3480
6779 3166
6780 3281
6781 3092
6782 3176
6783 2198
6784 2794
6785 2294
6786 3027
6787 2695
6788 3435
6789 3038
6790 3097
6791 2955
6792 3041
6793 3269
6794 1731
6795 3005
6796 2896
6797 2797
6798 2175
6799 3362
6800 3123
6801 2083
6802 2585
6803 2647
6804 2800
6805 3116
6806 3046
6807 3256
6808 3348
6809 2962
6810 3385
6811 3055
6812 2928
6813 2906
6814 2009
6815 2944
6816 2773
6817 3061
6818 3054
6819 2857
6820 3013
6821 2816
6822 3099
6823 3187
6824 2967
6825 3274
6826 2686
6827 3180
6828 3401
6829 2926
6830 3069
6831 3275
6832 2131
6833 2846
6834 3116
6835 2979
6836 3025
6837 2988
6838 3184
6839 3292
6840 3386
6841 3155
6842 2739
6843 2956
6844 3236
6845 2811
6846 3024
6847 2514
6848 2470
6849 3021
6850 3097
6851 3092
6852 2598
6853 3239
6854 2970
6855 3246
6856 3256
6857 3187
6858 3455
6859 2810
6860 3337
6861 2689
6862 2809
6863 2982
6864 3168
6865 2920
6866 2788
6867 3117
6868 2629
6869 2980
6870 2945
6871 2960
6872 2909
6873 2557
6874 3021
6875 1660
6876 3044
6877 2458
6878 3212
6879 2726
6880 2854
6881 3236
6882 2966
6883 3296
6884 3162
6885 2821
6886 2590
6887 2434
6888 2659
6889 2875
6890 3376
6891 3054
6892 3579
6893 3088
6894 2561
6895 3039
6896 2965
6897 3135
6898 3146
6899 3300
6900 3241
6901 3043
6902 2830
6903 3330
6904 2318
6905 3452
6906 3239
6907 2881
6908 2429
6909 3231
6910 3021
6911 2189
6912 3012
6913 3058
6914 1826
6915 3268
6916 2991
6917 3048
6918 1872
6919 3056
6920 3157
6921 2620
6922 2894
6923 2725
6924 1904
6925 2747
6926 3135
6927 3232
6928 3113
6929 2426
6930 3238
6931 2995
6932 2836
6933 3109
6934 3390
6935 3263
6936 2894
6937 2781
6938 2718
6939 3067
6940 2951
6941 2821
6942 2765
6943 3337
6944 3234
6945 3136
6946 3430
6947 2998
6948 3013
6949 2507
6950 2660
6951 2885
6952 3026
6953 2940
6954 3397
6955 3025
6956 2878
6957 3242
6958 2740
6959 3408
6960 2551
6961 3272
6962 3188
6963 3306
6964 3118
6965 3314
6966 2884
6967 3376
6968 2999
6969 3088
6970 3039
6971 3000
6972 2342
6973 2979
6974 3215
6975 3257
6976 3028
6977 2996
6978 2540
6979 2776
6980 2548
6981 3319
6982 3217
6983 2291
6984 2771
6985 167
6986 2955
6987 3098
6988 636
6989 2819
6990 3107
6991 2964
6992 3194
6993 3022
6994 3208
6995 2545
6996 3216
6997 3107
6998 3050
6999 2992
7000 2971
7001 3040
7002 2848
7003 3113
7004 3446
7005 3120
7006 2782
7007 2619
7008 3097
7009 3178
7010 3338
7011 2688
7012 2329
7013 3000
7014 2688
7015 3021
7016 3004
7017 2482
7018 3271
7019 2470
7020 2811
7021 3010
7022 2815
7023 2429
7024 3139
7025 3042
7026 3175
7027 2673
7028 2654
7029 3061
7030 3026
7031 3283
7032 3196
7033 2820
7034 2621
7035 3181
7036 3226
7037 3034
7038 2986
7039 2733
7040 3182
7041 3076
7042 3119
7043 2560
7044 2906
7045 3026
7046 3308
7047 3338
7048 3039
7049 3044
7050 2739
7051 2952
7052 3313
7053 3289
7054 3056
7055 3017
7056 3230
7057 3171
7058 3477
7059 2833
7060 2976
7061 3245
7062 3170
7063 2574
7064 2656
7065 2798
7066 2713
7067 3163
7068 2809
7069 3074
7070 2880
7071 3008
7072 2897
7073 3100
7074 2173
7075 3373
7076 3210
7077 2753
7078 2903
7079 3233
7080 3189
7081 2818
7082 3142
7083 2610
7084 3051
7085 2199
7086 2530
7087 2185
7088 2978
7089 2826
7090 3140
7091 2122
7092 798
7093 2870
7094 2984
7095 2704
7096 2998
7097 2441
7098 2167
7099 2581
7100 3078
7101 3208
7102 2448
7103 3057
7104 3230
7105 2712
7106 2981
7107 2652
7108 3284
7109 3007
7110 2877
7111 2780
7112 1139
7113 2988
7114 3125
7115 3126
7116 669
7117 2536
7118 3463
7119 3189
7120 3175
7121 3196
7122 2787
7123 2525
7124 3145
7125 2724
7126 3033
7127 3113
7128 2420
7129 3163
7130 3297
7131 2705
7132 2663
7133 3117
7134 2361
7135 2783
7136 2728
7137 2583
7138 2234
7139 2882
7140 3480
7141 2986
7142 2832
7143 2981
7144 2889
7145 299
7146 3109
7147 2484
7148 2726
7149 2897
7150 3187
7151 2841
7152 3093
7153 3022
7154 2512
7155 3101
7156 2870
7157 2878
7158 3264
7159 2856
7160 3150
7161 2971
7162 2937
7163 2568
7164 3103
7165 2906
7166 3215
7167 3392
7168 2490
7169 2923
7170 3428
7171 2923
7172 2825
7173 2839
7174 1825
7175 2644
7176 3130
7177 2835
7178 2949
7179 2767
7180 2567
7181 3062
7182 2875
7183 2798
7184 2793
7185 2667
7186 3043
7187 2842
7188 2953
7189 2889
7190 3097
7191 2519
7192 3204
7193 3128
7194 3227
7195 2693
7196 2967
7197 2614
7198 3141
7199 2687
7200 2881
7201 3136
7202 2894
7203 3116
7204 2913
7205 3091
7206 3139
7207 3115
7208 2998
7209 2819
7210 2908
7211 2956
7212 3004
7213 2795
7214 2772
7215 2500
7216 2947
7217 2571
7218 2928
7219 2491
7220 2434
7221 2683
7222 2547
7223 2977
7224 2590
7225 3116
7226 3091
7227 2988
7228 3060
7229 3242
7230 3050
7231 2800
7232 2830
7233 2614
7234 3010
7235 3181
7236 2917
7237 3118
7238 3393
7239 3198
7240 2484
7241 2895
7242 2852
7243 3259
7244 2811
7245 3155
7246 2868
7247 3034
7248 2878
7249 2892
7250 3418
7251 2857
7252 2668
7253 3421
7254 2993
7255 3031
7256 2716
7257 2728
7258 3100
7259 2514
7260 2788
7261 2878
7262 3429
7263 3102
7264 3135
7265 3057
7266 3027
7267 3096
7268 2543
7269 2840
7270 3118
7271 3275
7272 3125
7273 2818
7274 2261
7275 2716
7276 3090
7277 1759
7278 3147
7279 3335
7280 3090
7281 2924
7282 3107
7283 2882
7284 3065
7285 3127
7286 3348
7287 2507
7288 2817
7289 3212
7290 2836
7291 2827
7292 2859
7293 3083
7294 3228
7295 2780
7296 3018
7297 2951
7298 3061
7299 2702
7300 2449
7301 2422
7302 2638
7303 2982
7304 2930
7305 3199
7306 3120
7307 3161
7308 3047
7309 2816
7310 2759
7311 3014
7312 3186
7313 2363
7314 2667
7315 3402
7316 3203
7317 2612
7318 3055
7319 3006
7320 2786
7321 2888
7322 2576
7323 3074
7324 2943
7325 3012
7326 3076
7327 2399
7328 2781
7329 3100
7330 2885
7331 2124
7332 2488
7333 2788
7334 3235
7335 3023
7336 3231
7337 2561
7338 2937
7339 3022
7340 2448
7341 2927
7342 2897
7343 2948
7344 2929
7345 3166
7346 3301
7347 3371
7348 3226
7349 2653
7350 2930
7351 2787
7352 3279
7353 3452
7354 2860
7355 2844
7356 2995
7357 3142
7358 2724
7359 2857
7360 3086
7361 2745
7362 3268
7363 3033
7364 3215
7365 2578
7366 2931
7367 2836
7368 2832
7369 2262
7370 3302
7371 2518
7372 3009
7373 3199
7374 2833
7375 2791
7376 2767
7377 2716
7378 3187
7379 2812
7380 3016
7381 2172
7382 3038
7383 2948
7384 3154
7385 3387
7386 2078
7387 2831
7388 2998
7389 2713
7390 2898
7391 2990
7392 2515
7393 2868
7394 3038
7395 3129
7396 3282
7397 1808
7398 2199
7399 2783
7400 2819
7401 2801
7402 2929
7403 3316
7404 2845
7405 3048
7406 2911
7407 3423
7408 3330
7409 3100
7410 3269
7411 3199
7412 3302
7413 2890
7414 3414
7415 3024
7416 2959
7417 2991
7418 2542
7419 3038
7420 2323
7421 3105
7422 3095
7423 2914
7424 3182
7425 3236
7426 2908
7427 2953
7428 2849
7429 2736
7430 2672
7431 3396
7432 2867
7433 2932
7434 2578
7435 3346
7436 3266
7437 2618
7438 2936
7439 3040
7440 3283
7441 2711
7442 2962
7443 2952
7444 3026
7445 1647
7446 2966
7447 3275
7448 2926
7449 3138
7450 3255
7451 3092
7452 3178
7453 2985
7454 3244
7455 2710
7456 3259
7457 3089
7458 2597
7459 2987
7460 2954
7461 2419
7462 3276
7463 2656
7464 2958
7465 2878
7466 2843
7467 2550
7468 2842
7469 2795
7470 2488
7471 2998
7472 2853
7473 3018
7474 2980
7475 2928
7476 3648
7477 2719
7478 2653
7479 3394
7480 3397
7481 3185
7482 2634
7483 3148
7484 3205
7485 2635
7486 2370
7487 3145
7488 2557
7489 3146
7490 3061
7491 2819
7492 3216
7493 2897
7494 2998
7495 2464
7496 2889
7497 3085
7498 2826
7499 2925
7500 3105
7501 3398
7502 2854
7503 3196
7504 3466
7505 2918
7506 3229
7507 2086
7508 2855
7509 3182
7510 2434
7511 3012
7512 3472
7513 2283
7514 2935
7515 2664
7516 2897
7517 2768
7518 2553
7519 3084
7520 3104
7521 2411
7522 3346
7523 3036
7524 2807
7525 2969
7526 2908
7527 2491
7528 2657
7529 3031
7530 1939
7531 2998
7532 2868
7533 3385
7534 2998
7535 2550
7536 3339
7537 2830
7538 3123
7539 3440
7540 3028
7541 2979
7542 3307
7543 2969
7544 3038
7545 2731
7546 2552
7547 2663
7548 3275
7549 3052
7550 2377
7551 2618
7552 2814
7553 3026
7554 3173
7555 2862
7556 3157
7557 3033
7558 2102
7559 2805
7560 2897
7561 2790
7562 2394
7563 2949
7564 3244
7565 2891
7566 2884
7567 2884
7568 3039
7569 3433
7570 2563
7571 2941
7572 2705
7573 3398
7574 3046
7575 2152
7576 3029
7577 3268
7578 2873
7579 3215
7580 3055
7581 3009
7582 2921
7583 3245
7584 3051
7585 3028
7586 3270
7587 3330
7588 3071
7589 2681
7590 3474
7591 2733
7592 3147
7593 2792
7594 1939
7595 2920
7596 3002
7597 1969
7598 2830
7599 2720
7600 2839
7601 2789
7602 3130
7603 3027
7604 2944
7605 2791
7606 2985
7607 3071
7608 2731
7609 2824
7610 3080
7611 2210
7612 2878
7613 3087
7614 2195
7615 2754
7616 2835
7617 3320
7618 2881
7619 2999
7620 3034
7621 3114
7622 3328
7623 2771
7624 2774
7625 3045
7626 2915
7627 3068
7628 3125
7629 2714
7630 3092
7631 3066
7632 3004
7633 2075
7634 3032
7635 3110
7636 3158
7637 3296
7638 2551
7639 2616
7640 3430
7641 3111
7642 2412
7643 3435
7644 3137
7645 3160
7646 3005
7647 3098
7648 3201
7649 2748
7650 2860
7651 2713
7652 2869
7653 2832
7654 3417
7655 2408
7656 2554
7657 3256
7658 2815
7659 2812
7660 2416
7661 3026
7662 3047
7663 2780
7664 3104
7665 3190
7666 3064
7667 2933
7668 2629
7669 2981
7670 2667
7671 3317
7672 2770
7673 3160
7674 3022
7675 3061
7676 3383
7677 2704
7678 2964
7679 2509
7680 3109
7681 2631
7682 3199
7683 3003
7684 3163
7685 2802
7686 2182
7687 3043
7688 2952
7689 2976
7690 3303
7691 3141
7692 2663
7693 3054
7694 2556
7695 2918
7696 3275
7697 3281
7698 2842
7699 2917
7700 2525
7701 3246
7702 2608
7703 2210
7704 2543
7705 2636
7706 2736
7707 2415
7708 3056
7709 2943
7710 2857
7711 2945
7712 1078
7713 3103
7714 2931
7715 3157
7716 2170
7717 3124
7718 3054
7719 3018
7720 3242
7721 3093
7722 2553
7723 2471
7724 3208
7725 3222
7726 3044
7727 3098
7728 2937
7729 2989
7730 3238
7731 2841
7732 727
7733 3228
7734 2772
7735 3136
7736 3003
7737 3263
7738 2463
7739 2904
7740 3201
7741 3343
7742 1341
7743 3160
7744 3157
7745 2661
7746 2693
7747 2793
7748 3136
7749 3138
7750 2828
7751 2871
7752 2773
7753 2932
7754 3075
7755 2511
7756 3142
7757 3179
7758 2559
7759 2629
7760 3149
7761 2867
7762 3063
7763 3304
7764 3196
7765 3180
7766 2924
7767 3382
7768 2723
7769 3009
7770 3118
7771 2608
7772 2725
7773 3014
7774 3051
7775 3200
7776 3233
7777 3163
7778 2983
7779 2936
7780 2568
7781 3228
7782 3250
7783 2961
7784 2919
7785 2463
7786 3333
7787 3060
7788 3069
7789 3520
7790 2621
7791 2778
7792 2616
7793 3107
7794 3091
7795 3105
7796 3267
7797 2858
7798 2586
7799 2920
7800 2831
7801 2888
7802 2830
7803 3095
7804 3143
7805 2897
7806 2882
7807 2925
7808 2496
7809 3216
7810 3030
7811 3365
7812 3163
7813 3056
7814 3330
7815 2981
7816 2536
7817 2756
7818 3522
7819 2973
7820 2638
7821 3297
7822 2979
7823 3211
7824 3185
7825 2974
7826 3408
7827 3254
7828 2985
7829 2980
7830 3256
7831 2924
7832 3046
7833 2540
7834 3218
7835 2534
7836 3159
7837 2863
7838 2701
7839 3212
7840 2949
7841 2970
7842 3039
7843 3465
7844 2699
7845 2482
7846 2839
7847 3119
7848 2521
7849 3224
7850 2991
7851 3115
7852 3037
7853 2959
7854 2551
7855 3214
7856 1903
7857 2703
7858 3410
7859 3004
7860 3030
7861 2807
7862 3593
7863 2697
7864 2051
7865 1990
7866 2810
7867 3066
7868 3267
7869 2974
7870 3069
7871 3130
7872 2870
7873 3344
7874 2235
7875 2652
7876 3110
7877 3086
7878 3070
7879 3263
7880 3164
7881 2570
7882 3523
7883 2660
7884 2810
7885 3157
7886 3026
7887 2574
7888 1661
7889 2552
7890 2511
7891 3130
7892 2620
7893 2650
7894 3240
7895 3362
7896 2555
7897 2607
7898 3040
7899 2916
7900 3171
7901 2885
7902 2574
7903 2836
7904 3338
7905 2958
7906 3361
7907 2301
7908 2450
7909 3046
7910 3326
7911 2668
7912 2670
7913 2805
7914 2848
7915 2900
7916 3011
7917 2648
7918 3239
7919 2831
7920 3110
7921 3050
7922 2971
7923 2977
7924 2809
7925 3271
7926 3210
7927 3202
7928 3134
7929 3001
7930 2972
7931 2982
7932 3462
7933 3078
7934 2980
7935 2786
7936 2760
7937 2826
7938 2691
7939 2870
7940 2739
7941 2839
7942 2831
7943 2705
7944 3121
7945 3349
7946 3091
7947 3085
7948 2631
7949 2985
7950 1792
7951 2773
7952 3325
7953 3078
7954 3324
7955 2874
7956 2100
7957 3298
7958 3168
7959 2866
7960 3131
7961 3197
7962 3238
7963 3271
7964 3043
7965 2759
7966 2464
7967 3169
7968 2665
7969 2637
7970 2822
7971 3300
7972 2616
7973 2338
7974 3167
7975 3083
7976 2587
7977 3096
7978 3032
7979 2659
7980 3113
7981 2802
7982 2912
7983 3226
7984 2556
7985 3081
7986 3079
7987 2149
7988 2857
7989 2401
7990 3303
7991 2852
7992 2807
7993 2890
7994 1671
7995 3146
7996 2733
7997 2974
7998 3108
7999 3444
8000 2893
8001 665
8002 2648
8003 2858
8004 3103
8005 3430
8006 2763
8007 3218
8008 2689
8009 3045
8010 2219
8011 3270
8012 3197
8013 3283
8014 3438
8015 2884
8016 2241
8017 3084
8018 2881
8019 1761
8020 3031
8021 3115
8022 3061
8023 3024
8024 2433
8025 3091
8026 3280
8027 2738
8028 2430
8029 3263
8030 3440
8031 2674
8032 3220
8033 2852
8034 2924
8035 2790
8036 3322
8037 3254
8038 3108
8039 3100
8040 3089
8041 2381
8042 3120
8043 3167
8044 2612
8045 591
8046 2596
8047 3004
8048 2738
8049 3086
8050 3321
8051 3214
8052 3028
8053 3015
8054 3234
8055 2796
8056 2845
8057 3305
8058 3041
8059 3307
8060 3149
8061 3060
8062 3089
8063 2740
8064 3316
8065 2883
8066 2742
8067 3345
8068 3213
8069 2902
8070 2989
8071 2852
8072 3205
8073 2174
8074 2763
8075 3018
8076 2919
8077 1805
8078 3398
8079 3322
8080 3430
8081 2886
8082 2959
8083 3191
8084 3281
8085 2507
8086 2588
8087 3117
8088 1167
8089 3324
8090 2736
8091 3271
8092 2877
8093 3187
8094 2845
8095 3093
8096 3073
8097 2720
8098 3216
8099 2283
8100 3240
8101 3106
8102 2709
8103 2608
8104 3430
8105 2625
8106 3101
8107 3003
8108 2809
8109 3236
8110 2975
8111 2796
8112 2618
8113 3013
8114 2805
8115 2728
8116 3248
8117 2882
8118 2771
8119 2298
8120 3292
8121 3034
8122 2884
8123 2880
8124 2645
8125 3424
8126 1656
8127 2900
8128 2531
8129 2328
8130 3121
8131 2753
8132 2945
8133 2879
8134 2725
8135 2997
8136 2775
8137 2807
8138 3060
8139 3008
8140 3305
8141 2731
8142 3088
8143 2985
8144 3113
8145 776
8146 3218
8147 2906
8148 2812
8149 3017
8150 2953
8151 3176
8152 2160
8153 3110
8154 3139
8155 3194
8156 2744
8157 3177
8158 3252
8159 2913
8160 3095
8161 3089
8162 3284
8163 2691
8164 2757
8165 2862
8166 3402
8167 3013
8168 3347
8169 3018
8170 3018
8171 2997
8172 2934
8173 2961
8174 3184
8175 3112
8176 1855
8177 3181
8178 3113
8179 2141
8180 2776
8181 3270
8182 2575
8183 2975
8184 3033
8185 2966
8186 2974
8187 3158
8188 884
8189 2912
8190 2880
8191 2988
8192 3057
8193 3243
8194 2841
8195 3335
8196 2243
8197 3430
8198 2322
8199 3248
8200 2830
8201 3063
8202 3020
8203 3146
8204 3245
8205 2966
8206 3292
8207 2521
8208 3129
8209 2872
8210 2915
8211 3189
8212 2508
8213 3220
8214 2913
8215 2828
8216 2560
8217 2968
8218 2592
8219 2115
8220 2964
8221 3299
8222 3105
8223 2904
8224 2964
8225 3155
8226 3280
8227 3213
8228 2930
8229 2986
8230 2895
8231 3194
8232 3344
8233 3100
8234 2503
8235 2872
8236 3210
8237 2650
8238 2894
8239 2987
8240 2658
8241 3204
8242 3244
8243 3073
8244 3432
8245 2550
8246 2853
8247 3095
8248 3149
8249 3221
8250 2710
8251 2562
8252 2438
8253 3008
8254 2877
8255 3101
8256 3390
8257 2936
8258 3116
8259 2762
8260 2953
8261 3120
8262 3529
8263 3034
8264 3071
8265 3149
8266 2980
8267 3596
8268 1613
8269 2895
8270 2646
8271 3071
8272 2313
8273 3174
8274 2975
8275 2930
8276 2265
8277 3084
8278 2425
8279 2609
8280 2905
8281 3373
8282 2686
8283 3267
8284 2520
8285 2488
8286 3543
8287 3362
8288 3267
8289 3484
8290 2655
8291 2882
8292 2910
8293 3147
8294 2942
8295 2941
8296 3157
8297 3020
8298 2976
8299 1566
8300 3000
8301 2886
8302 2809
8303 2370
8304 3189
8305 2660
8306 1226
8307 2745
8308 2625
8309 3153
8310 3006
8311 3294
8312 2669
8313 2499
8314 3150
8315 3205
8316 2672
8317 2249
8318 3188
8319 3197
8320 3416
8321 3623
8322 2600
8323 2951
8324 2494
8325 3189
8326 3121
8327 2620
8328 3235
8329 2641
8330 3184
8331 1035
8332 2904
8333 3125
8334 2687
8335 1694
8336 2499
8337 3057
8338 3475
8339 3087
8340 3311
8341 2463
8342 2896
8343 2831
8344 3025
8345 3267
8346 3045
8347 2768
8348 3190
8349 2676
8350 3206
8351 3249
8352 2222
8353 2426
8354 2791
8355 2611
8356 2718
8357 3242
8358 2847
8359 3164
8360 3055
8361 3171
8362 3099
8363 3131
8364 2875
8365 2784
8366 2916
8367 3269
8368 3288
8369 3014
8370 2956
8371 3072
8372 2774
8373 2682
8374 3324
8375 2889
8376 3041
8377 3364
8378 3339
8379 2778
8380 3153
8381 3215
8382 3135
8383 3029
8384 2324
8385 2461
8386 2540
8387 2665
8388 3145
8389 3088
8390 2717
8391 3072
8392 3265
8393 2889
8394 3097
8395 3388
8396 3053
8397 3081
8398 3164
8399 3219
8400 2924
8401 3166
8402 3077
8403 3167
8404 2438
8405 3228
8406 2691
8407 3102
8408 1900
8409 2740
8410 2956
8411 3127
8412 3244
8413 3184
8414 3054
8415 3046
8416 2904
8417 2795
8418 2922
8419 2607
8420 2858
8421 3230
8422 2680
8423 2859
8424 2987
8425 3300
8426 3481
8427 2845
8428 2449
8429 2421
8430 3322
8431 2421
8432 2812
8433 3082
8434 2406
8435 3138
8436 3008
8437 3311
8438 2925
8439 2872
8440 2942
8441 3213
8442 2378
8443 2959
8444 2927
8445 3045
8446 3060
8447 2987
8448 3319
8449 2966
8450 3007
8451 3047
8452 3121
8453 3063
8454 2952
8455 2914
8456 2866
8457 3159
8458 2654
8459 1555
8460 2425
8461 3250
8462 2960
8463 3124
8464 2658
8465 3350
8466 3168
8467 3025
8468 3156
8469 3187
8470 3060
8471 2988
8472 2183
8473 2900
8474 2817
8475 3249
8476 3368
8477 2820
8478 3035
8479 2648
8480 3147
8481 2769
8482 2941
8483 2535
8484 2631
8485 2377
8486 2521
8487 2591
8488 2981
8489 3139
8490 3098
8491 2352
8492 2902
8493 3193
8494 3252
8495 2961
8496 3038
8497 3059
8498 2708
8499 2748
8500 3286
8501 3048
8502 2929
8503 3088
8504 3280
8505 2811
8506 3199
8507 3390
8508 3013
8509 3020
8510 3496
8511 2971
8512 2673
8513 3220
8514 3257
8515 2663
8516 3174
8517 3021
8518 2819
8519 2932
8520 2854
8521 3061
8522 2986
8523 3419
8524 1357
8525 3015
8526 2962
8527 2641
8528 3318
8529 3491
8530 2935
8531 3151
8532 3211
8533 2925
8534 3324
8535 2977
8536 3208
8537 2832
8538 2844
8539 2629
8540 3416
8541 3266
8542 2993
8543 3273
8544 2675
8545 3168
8546 2959
8547 2682
8548 2522
8549 3251
8550 2769
8551 3191
8552 3171
8553 3072
8554 2914
8555 2762
8556 2824
8557 2775
8558 2868
8559 3004
8560 3011
8561 3146
8562 3465
8563 2947
8564 2453
8565 3039
8566 3154
8567 3085
8568 3009
8569 3090
8570 2997
8571 3046
8572 3354
8573 2951
8574 3022
8575 3059
8576 3012
8577 3003
8578 3223
8579 3025
8580 3268
8581 2837
8582 2937
8583 3139
8584 2636
8585 3301
8586 3225
8587 2816
8588 3118
8589 2941
8590 3248
8591 3296
8592 2898
8593 3330
8594 2915
8595 2641
8596 2951
8597 2801
8598 3098
8599 2826
8600 2896
8601 2793
8602 3412
8603 2990
8604 3137
8605 3119
8606 2599
8607 1679
8608 1920
8609 2953
8610 3136
8611 2623
8612 2759
8613 3019
8614 3469
8615 2826
8616 3456
8617 3363
8618 2775
8619 2974
8620 3193
8621 2679
8622 2694
8623 2713
8624 2716
8625 1446
8626 3283
8627 2937
8628 3315
8629 2609
8630 3228
8631 2607
8632 2648
8633 3075
8634 3158
8635 3016
8636 2942
8637 3298
8638 2956
8639 2947
8640 3036
8641 3109
8642 3015
8643 3179
8644 2844
8645 3069
8646 3240
8647 2887
8648 3114
8649 293
8650 3059
8651 2983
8652 2910
8653 3085
8654 3223
8655 2737
8656 3026
8657 1463
8658 3354
8659 3059
8660 2948
8661 2671
8662 2936
8663 2440
8664 2886
8665 2763
8666 3002
8667 3553
8668 2824
8669 3041
8670 2635
8671 3138
8672 1089
8673 2870
8674 3159
8675 2864
8676 3212
8677 3333
8678 3155
8679 2657
8680 2866
8681 2338
8682 2729
8683 2645
8684 3031
8685 3334
8686 3010
8687 3266
8688 3205
8689 2563
8690 2859
8691 3234
8692 3048
8693 2669
8694 3035
8695 3334
8696 2955
8697 2649
8698 3637
8699 2943
8700 2733
8701 2937
8702 2873
8703 3278
8704 3190
8705 3161
8706 2930
8707 2695
8708 3188
8709 3015
8710 2543
8711 3231
8712 2662
8713 1786
8714 2900
8715 3491
8716 2773
8717 3148
8718 3168
8719 3484
8720 2407
8721 2954
8722 3258
8723 2299
8724 3017
8725 3376
8726 2979
8727 3070
8728 1834
8729 3094
8730 3012
8731 2795
8732 2779
8733 3145
8734 2623
8735 3082
8736 3060
8737 3248
8738 3066
8739 2834
8740 2931
8741 3200
8742 2698
8743 3354
8744 2964
8745 3378
8746 2265
8747 3232
8748 2881
8749 2952
8750 2721
8751 2863
8752 2998
8753 2990
8754 3312
8755 3074
8756 3195
8757 2947
8758 3214
8759 2054
8760 2614
8761 3310
8762 2755
8763 2896
8764 3313
8765 2958
8766 2428
8767 3319
8768 3240
8769 2804
8770 3016
8771 3210
8772 2859
8773 2679
8774 3105
8775 2511
8776 3010
8777 2744
8778 3462
8779 2927
8780 3143
8781 3427
8782 3315
8783 3284
8784 3180
8785 1878
8786 2703
8787 3149
8788 3209
8789 2925
8790 2725
8791 3414
8792 3062
8793 3355
8794 3057
8795 2807
8796 3270
8797 3278
8798 3155
8799 3302
8800 3518
8801 2617
8802 2533
8803 3011
8804 3207
8805 3038
8806 2688
8807 3219
8808 3084
8809 3447
8810 2416
8811 2862
8812 2934
8813 2835
8814 2891
8815 3118
8816 2834
8817 2976
8818 2854
8819 3420
8820 2905
8821 2929
8822 3200
8823 2829
8824 2228
8825 2651
8826 3143
8827 2979
8828 3479
8829 3173
8830 2710
8831 3034
8832 3141
8833 2290
8834 3208
8835 3019
8836 2950
8837 2960
8838 2889
8839 2998
8840 3193
8841 2695
8842 2967
8843 2961
8844 3233
8845 3225
8846 3017
8847 2828
8848 3037
8849 3270
8850 3087
8851 2710
8852 3007
8853 3345
8854 3183
8855 3344
8856 3002
8857 3159
8858 2781
8859 2771
8860 2916
8861 2850
8862 3063
8863 3332
8864 2433
8865 3251
8866 2840
8867 3281
8868 3009
8869 2845
8870 1626
8871 3261
8872 2701
8873 2774
8874 3054
8875 3179
8876 3173
8877 3111
8878 2847
8879 3003
8880 2807
8881 2970
8882 3384
8883 2940
8884 3493
8885 2881
8886 2805
8887 3060
8888 2701
8889 3242
8890 2723
8891 3447
8892 3129
8893 2916
8894 2776
8895 3347
8896 2421
8897 3157
8898 3378
8899 3206
8900 3015
8901 2840
8902 2626
8903 3116
8904 2829
8905 3345
8906 3141
8907 2944
8908 3394
8909 3061
8910 2421
8911 2684
8912 2949
8913 2871
8914 2598
8915 2517
8916 2926
8917 2590
8918 2915
8919 3007
8920 2609
8921 2875
8922 3049
8923 2434
8924 2530
8925 1693
8926 3019
8927 3430
8928 2831
8929 2916
8930 2851
8931 2816
8932 2398
8933 2507
8934 3441
8935 2709
8936 3073
8937 3129
8938 3103
8939 2705
8940 3205
8941 3009
8942 3381
8943 2869
8944 3042
8945 2733
8946 2948
8947 2956
8948 2805
8949 2566
8950 3230
8951 3259
8952 3139
8953 3140
8954 2886
8955 3077
8956 3410
8957 3080
8958 3446
8959 3374
8960 2886
8961 3206
8962 3167
8963 3304
8964 3137
8965 2850
8966 3006
8967 3147
8968 3422
8969 3247
8970 2868
8971 1373
8972 2501
8973 3073
8974 3248
8975 2876
8976 2889
8977 3247
8978 2544
8979 2908
8980 3063
8981 2695
8982 3085
8983 2604
8984 3444
8985 3178
8986 2825
8987 2857
8988 2882
8989 3229
8990 2895
8991 3194
8992 3115
8993 3034
8994 2503
8995 2885
8996 2895
8997 3232
8998 2615
8999 2351
9000 2535
9001 2928
9002 3039
9003 2541
9004 2958
9005 3055
9006 3028
9007 2544
9008 3282
9009 2796
9010 3417
9011 2885
9012 3186
9013 2752
9014 2793
9015 3098
9016 2488
9017 3445
9018 2758
9019 3117
9020 2789
9021 3514
9022 2681
9023 2885
9024 1826
9025 3049
9026 3049
9027 2892
9028 3107
9029 2788
9030 3311
9031 2922
9032 3225
9033 3351
9034 2714
9035 2840
9036 3016
9037 3371
9038 3135
9039 2405
9040 2811
9041 2799
9042 3117
9043 3303
9044 2887
9045 3330
9046 3214
9047 2924
9048 2918
9049 3343
9050 3097
9051 2535
9052 3102
9053 2789
9054 2931
9055 2985
9056 2800
9057 3204
9058 3311
9059 3011
9060 3126
9061 3358
9062 3045
9063 2980
9064 3066
9065 2568
9066 3398
9067 2954
9068 2701
9069 2837
9070 3279
9071 2888
9072 2955
9073 2709
9074 2835
9075 2973
9076 3225
9077 2913
9078 3232
9079 3088
9080 3126
9081 2708
9082 3128
9083 2767
9084 2879
9085 2785
9086 3028
9087 3350
9088 2851
9089 3006
9090 3077
9091 2702
9092 3248
9093 2946
9094 3086
9095 2375
9096 2449
9097 2428
9098 3059
9099 3054
9100 3248
9101 2398
9102 2953
9103 3311
9104 2888
9105 2842
9106 3086
9107 2720
9108 1937
9109 2898
9110 2977
9111 3128
9112 3107
9113 3021
9114 3240
9115 3345
9116 3151
9117 3120
9118 2781
9119 3017
9120 3206
9121 2937
9122 3309
9123 2947
9124 3144
9125 2586
9126 3296
9127 2609
9128 2703
9129 3041
9130 2963
9131 3004
9132 2521
9133 3192
9134 2920
9135 3174
9136 2724
9137 2836
9138 2994
9139 3106
9140 3145
9141 3214
9142 3263
9143 3134
9144 3049
9145 3133
9146 3052
9147 2787
9148 2524
9149 2739
9150 3162
9151 3239
9152 1984
9153 2438
9154 3162
9155 2805
9156 3157
9157 3271
9158 2792
9159 3079
9160 2953
9161 3167
9162 2890
9163 2978
9164 2776
9165 3109
9166 2992
9167 3251
9168 2745
9169 3033
9170 3132
9171 2759
9172 3020
9173 3235
9174 2914
9175 2373
9176 2869
9177 2788
9178 3136
9179 2981
9180 3224
9181 3111
9182 2038
9183 2876
9184 2890
9185 2976
9186 3087
9187 3386
9188 3060
9189 3125
9190 3050
9191 2795
9192 2929
9193 3324
9194 3377
9195 3343
9196 3169
9197 3342
9198 3098
9199 2607
9200 3407
9201 3144
9202 2658
9203 2994
9204 2884
9205 2536
9206 2998
9207 3164
9208 2949
9209 3381
9210 2582
9211 3233
9212 3141
9213 3037
9214 2856
9215 3043
9216 3113
9217 2860
9218 2907
9219 3287
9220 3007
9221 2937
9222 3003
9223 2713
9224 2741
9225 2871
9226 2659
9227 3453
9228 2844
9229 2658
9230 2688
9231 3125
9232 3219
9233 3209
9234 2903
9235 2724
9236 3209
9237 2517
9238 2845
9239 3009
9240 2997
9241 3089
9242 3062
9243 2636
9244 3316
9245 3505
9246 2741
9247 2963
9248 3184
9249 2781
9250 2838
9251 2718
9252 3249
9253 1972
9254 2789
9255 2356
9256 2850
9257 2206
9258 3322
9259 2956
9260 1948
9261 2810
9262 3000
9263 2961
9264 2787
9265 2847
9266 2987
9267 2743
9268 3060
9269 2757
9270 3272
9271 3151
9272 794
9273 2579
9274 2831
9275 2845
9276 2848
9277 3080
9278 2736
9279 3279
9280 2804
9281 3043
9282 3187
9283 3061
9284 3103
9285 3139
9286 2830
9287 3429
9288 2596
9289 2798
9290 2395
9291 867
9292 2983
9293 2662
9294 2601
9295 3342
9296 3101
9297 3109
9298 3169
9299 2859
9300 2711
9301 2784
9302 2910
9303 3109
9304 3177
9305 3235
9306 3112
9307 3124
9308 2990
9309 2799
9310 3228
9311 3129
9312 3333
9313 3079
9314 2927
9315 2867
9316 3007
9317 2577
9318 3031
9319 2633
9320 2409
9321 2584
9322 1889
9323 2949
9324 2910
9325 2708
9326 2696
9327 3200
9328 2517
9329 2725
9330 3115
9331 3047
9332 3123
9333 3200
9334 2978
9335 2632
9336 3082
9337 3219
9338 2809
9339 2342
9340 2467
9341 2788
9342 3370
9343 2997
9344 3015
9345 2563
9346 2895
9347 2593
9348 3040
9349 2964
9350 3258
9351 3242
9352 2769
9353 2674
9354 3052
9355 2528
9356 2913
9357 3013
9358 2826
9359 2887
9360 3100
9361 3238
9362 3070
9363 2484
9364 2617
9365 3094
9366 2602
9367 3124
9368 2102
9369 2952
9370 3053
9371 3398
9372 3302
9373 2704
9374 2895
9375 2454
9376 2103
9377 1351
9378 2922
9379 2632
9380 3240
9381 3118
9382 3269
9383 3298
9384 2689
9385 3108
9386 2647
9387 2938
9388 3139
9389 2565
9390 2961
9391 3187
9392 3102
9393 2629
9394 2982
9395 3168
9396 2020
9397 2702
9398 3112
9399 3077
9400 2125
9401 2989
9402 2924
9403 2839
9404 2280
9405 2899
9406 3412
9407 3095
9408 2656
9409 3068
9410 2829
9411 3491
9412 1665
9413 2788
9414 3277
9415 3304
9416 3360
9417 2711
9418 2861
9419 2965
9420 2961
9421 3067
9422 2698
9423 3399
9424 2978
9425 3473
9426 3005
9427 2888
9428 3239
9429 2858
9430 2803
9431 3285
9432 3153
9433 3163
9434 3152
9435 1712
9436 2361
9437 3163
9438 3424
9439 3102
9440 3346
9441 3154
9442 2910
9443 2582
9444 3272
9445 2989
9446 3060
9447 3133
9448 2354
9449 2945
9450 2897
9451 2781
9452 2882
9453 3022
9454 2815
9455 2900
9456 3000
9457 3387
9458 2762
9459 2589
9460 3020
9461 2854
9462 3351
9463 3211
9464 2880
9465 3069
9466 3218
9467 2344
9468 2765
9469 2682
9470 3303
9471 3059
9472 2969
9473 3072
9474 3338
9475 3038
9476 2367
9477 2934
9478 3227
9479 2439
9480 2628
9481 2976
9482 3104
9483 2687
9484 2769
9485 2816
9486 3292
9487 2629
9488 1377
9489 3301
9490 2730
9491 2664
9492 3485
9493 2803
9494 3080
9495 3430
9496 3400
9497 2953
9498 3299
9499 3278
9500 3053
9501 3040
9502 3336
9503 2777
9504 3250
9505 2973
9506 3045
9507 3356
9508 3175
9509 2960
9510 2870
9511 2092
9512 2996
9513 2840
9514 2734
9515 2544
9516 2727
9517 2953
9518 3311
9519 3269
9520 2935
9521 1786
9522 2580
9523 3246
9524 2993
9525 2810
9526 3027
9527 2927
9528 2917
9529 3052
9530 414
9531 3105
9532 2859
9533 3022
9534 2473
9535 2921
9536 3281
9537 2803
9538 3128
9539 3269
9540 2448
9541 3149
9542 3322
9543 3022
9544 1869
9545 2977
9546 3244
9547 2871
9548 3097
9549 3090
9550 2957
9551 2781
9552 3091
9553 3155
9554 2791
9555 2886
9556 3214
9557 2755
9558 3045
9559 2785
9560 3081
9561 3039
9562 2958
9563 2936
9564 2786
9565 3439
9566 2490
9567 2542
9568 2771
9569 3466
9570 3370
9571 2518
9572 3171
9573 2785
9574 2894
9575 2849
9576 2868
9577 2741
9578 2615
9579 2951
9580 3106
9581 2803
9582 2428
9583 2975
9584 3188
9585 3059
9586 2929
9587 2786
9588 2673
9589 2805
9590 2655
9591 2876
9592 2531
9593 3029
9594 2545
9595 2909
9596 2588
9597 3154
9598 3210
9599 2887
9600 2996
9601 3089
9602 2314
9603 2741
9604 2994
9605 3022
9606 3185
9607 3121
9608 3179
9609 3161
9610 3554
9611 2874
9612 2671
9613 3092
9614 3377
9615 3351
9616 2921
9617 2856
9618 3155
9619 2803
9620 3110
9621 2810
9622 2673
9623 283
9624 2732
9625 2803
9626 2682
9627 3025
9628 2578
9629 2827
9630 3225
9631 3194
9632 2718
9633 2955
9634 3046
9635 3312
9636 3105
9637 3018
9638 3461
9639 2701
9640 3238
9641 3057
9642 3116
9643 2920
9644 2285
9645 2546
9646 2966
9647 3372
9648 3045
9649 3326
9650 3136
9651 2170
9652 3185
9653 2978
9654 2687
9655 3008
9656 2576
9657 3135
9658 2879
9659 2720
9660 1562
9661 3331
9662 2983
9663 3244
9664 3090
9665 3125
9666 2797
9667 2650
9668 3329
9669 2845
9670 2622
9671 3020
9672 2642
9673 3193
9674 3401
9675 2937
9676 3061
9677 2849
9678 2776
9679 1659
9680 3105
9681 3524
9682 2888
9683 3177
9684 3281
9685 2789
9686 3221
9687 2622
9688 2709
9689 3207
9690 2285
9691 2303
9692 3172
9693 3056
9694 2939
9695 3244
9696 2992
9697 2812
9698 3004
9699 2449
9700 3173
9701 3021
9702 2704
9703 2797
9704 2732
9705 2548
9706 3575
9707 2899
9708 2802
9709 2852
9710 2794
9711 2861
9712 2979
9713 2884
9714 2965
9715 2770
9716 2988
9717 3113
9718 2742
9719 3234
9720 2851
9721 3057
9722 2605
9723 3262
9724 2467
9725 2781
9726 3400
9727 3060
9728 2385
9729 1922
9730 3138
9731 3357
9732 3186
9733 3077
9734 3119
9735 3210
9736 2770
9737 3161
9738 2888
9739 2909
9740 2662
9741 2078
9742 3166
9743 2679
9744 3162
9745 2527
9746 3333
9747 3310
9748 569
9749 3025
9750 2732
9751 2553
9752 3037
9753 2138
9754 2673
9755 2502
9756 2902
9757 3405
9758 2784
9759 3000
9760 2659
9761 2977
9762 3223
9763 3101
9764 3023
9765 3088
9766 3443
9767 3254
9768 2886
9769 1558
9770 2398
9771 3145
9772 2645
9773 3139
9774 2785
9775 2495
9776 2457
9777 2930
9778 2895
9779 3355
9780 3078
9781 3431
9782 3063
9783 3120
9784 2955
9785 3039
9786 3156
9787 2827
9788 3430
9789 3151
9790 3146
9791 3167
9792 2652
9793 2858
9794 2928
9795 3178
9796 3121
9797 2900
9798 2782
9799 2783
9800 2982
9801 2563
9802 3385
9803 3179
9804 3374
9805 2997
9806 2520
9807 2508
9808 2969
9809 2543
9810 3072
9811 2540
9812 3113
9813 2491
9814 2796
9815 2973
9816 3082
9817 3007
9818 2699
9819 2801
9820 2667
9821 3263
9822 2746
9823 3133
9824 2943
9825 3238
9826 3124
9827 3077
9828 2953
9829 2279
9830 3153
9831 2593
9832 3214
9833 3328
9834 2578
9835 2616
9836 3228
9837 1829
9838 3303
9839 2229
9840 2681
9841 2526
9842 3392
9843 2671
9844 2673
9845 3245
9846 3103
9847 3004
9848 3057
9849 2903
9850 3230
9851 3269
9852 3125
9853 2662
9854 2693
9855 3086
9856 2881
9857 2445
9858 3413
9859 2782
9860 2895
9861 3053
9862 2922
9863 2596
9864 3297
9865 2490
9866 2509
9867 3374
9868 3043
9869 2983
9870 2858
9871 3279
9872 2593
9873 2351
9874 3092
9875 3222
9876 2901
9877 3282
9878 2975
9879 3284
9880 3026
9881 3233
9882 2919
9883 3297
9884 3157
9885 3076
9886 2829
9887 2742
9888 1954
9889 3138
9890 2892
9891 2793
9892 2660
9893 3200
9894 2353
9895 2845
9896 2704
9897 2948
9898 2922
9899 2840
9900 3262
9901 2899
9902 2963
9903 3051
9904 3204
9905 3044
9906 3146
9907 3018
9908 3101
9909 2869
9910 3096
9911 2817
9912 2774
9913 3075
9914 3081
9915 3122
9916 2944
9917 2835
9918 2928
9919 3239
9920 2876
9921 3396
9922 3380
9923 2595
9924 2986
9925 2624
9926 3208
9927 2621
9928 2870
9929 3197
9930 2596
9931 2819
9932 3249
9933 3448
9934 2648
9935 3074
9936 3232
9937 3168
9938 2710
9939 2993
9940 2959
9941 2561
9942 3361
9943 2881
9944 2786
9945 2802
9946 2828
9947 3169
9948 2590
9949 3106
9950 2248
9951 2669
9952 3000
9953 3106
9954 2845
9955 2607
9956 3018
9957 2780
9958 3128
9959 3527
9960 2911
9961 3357
9962 3049
9963 3204
9964 2489
9965 2660
9966 3147
9967 2773
9968 2861
9969 1108
9970 3039
9971 2921
9972 2991
9973 3115
9974 3428
9975 2812
9976 3116
9977 2939
9978 2842
9979 3474
9980 3075
9981 2314
9982 3346
9983 2875
9984 3109
9985 3207
9986 2884
9987 2955
9988 3095
9989 3206
9990 2264
9991 2725
9992 2435
9993 2742
9994 1492
9995 3144
9996 2601
9997 3036
9998 2997
9999 3011
10000 3270
10001 3183
10002 3224
10003 3041
10004 3174
10005 2971
10006 2519
10007 3025
10008 2963
10009 2987
10010 3173
10011 3003
10012 2969
10013 3134
10014 3068
10015 3107
10016 3382
10017 3082
10018 3293
10019 2870
10020 3169
10021 3367
10022 2866
10023 3022
10024 2850
10025 3020
10026 2701
10027 3001
10028 3165
10029 2550
10030 3473
10031 3222
10032 3126
10033 2925
10034 2604
10035 3337
10036 2906
10037 2670
10038 3364
10039 3123
10040 2735
10041 2927
10042 3392
10043 3068
10044 2947
10045 2652
10046 2788
10047 2630
10048 1802
10049 3324
10050 3423
10051 2550
10052 3227
10053 2865
10054 2462
10055 3061
10056 2738
10057 3107
10058 2956
10059 2918
10060 3004
10061 2840
10062 3088
10063 3284
10064 3364
10065 3221
10066 2979
10067 2767
10068 3084
10069 3055
10070 3243
10071 2908
10072 2706
10073 2860
10074 2790
10075 3346
10076 3320
10077 3204
10078 1410
10079 2874
10080 3164
10081 2801
10082 3153
10083 2720
10084 2133
10085 2822
10086 3157
10087 2844
10088 2877
10089 3040
10090 2871
10091 2418
10092 2918
10093 3017
10094 3200
10095 3324
10096 3308
10097 3192
10098 2820
10099 1679
10100 3181
10101 3522
10102 3309
10103 1914
10104 3127
10105 2726
10106 3522
10107 3108
10108 3196
10109 3338
10110 1992
10111 3065
10112 1441
10113 2391
10114 2929
10115 3075
10116 3171
10117 2918
10118 3123
10119 2910
10120 2783
10121 3128
10122 2529
10123 1893
10124 2896
10125 3098
10126 3051
10127 2686
10128 2978
10129 3140
10130 2947
10131 2771
10132 3097
10133 2795
10134 2879
10135 3121
10136 2923
10137 2916
10138 2916
10139 3297
10140 3074
10141 2855
10142 2985
10143 2411
10144 2713
10145 2929
10146 3007
10147 2864
10148 2523
10149 2721
10150 2636
10151 3113
10152 3208
10153 1981
10154 3119
10155 2922
10156 2794
10157 2747
10158 2742
10159 3143
10160 3163
10161 2871
10162 3061
10163 2918
10164 2493
10165 2517
10166 3019
10167 2929
10168 2744
10169 3105
10170 2975
10171 2409
10172 2587
10173 3041
10174 3132
10175 3239
10176 2992
10177 3194
10178 2469
10179 3326
10180 2822
10181 2786
10182 2766
10183 3103
10184 2817
10185 3164
10186 3017
10187 2709
10188 3163
10189 2670
10190 2970
10191 2873
10192 2846
10193 2651
10194 2531
10195 3277
10196 2965
10197 3359
10198 3484
10199 2657
10200 3281
10201 3238
10202 3127
10203 3346
10204 2994
10205 2685
10206 2892
10207 3134
10208 3333
10209 3251
10210 3024
10211 2702
10212 2777
10213 2359
10214 3521
10215 3240
10216 3467
10217 2482
10218 2892
10219 2908
10220 2745
10221 3276
10222 2660
10223 2496
10224 2560
10225 3258
10226 2761
10227 2775
10228 2807
10229 2904
10230 2985
10231 3056
10232 3197
10233 2584
10234 2695
10235 3000
10236 3358
10237 2732
10238 3190
10239 3339
10240 2296
10241 2905
10242 3168
10243 3032
10244 2305
10245 3218
10246 3062
10247 3287
10248 3014
10249 2983
10250 2197
10251 2900
10252 3004
10253 3311
10254 3132
10255 3011
10256 3374
10257 3213
10258 2753
10259 3237
10260 3227
10261 3161
10262 3174
10263 3246
10264 3161
10265 3156
10266 2729
10267 2979
10268 3254
10269 2871
10270 2956
10271 3398
10272 2339
10273 3084
10274 2405
10275 2162
10276 2725
10277 3219
10278 2188
10279 3273
10280 3292
10281 2983
10282 3186
10283 2846
10284 2512
10285 2449
10286 3068
10287 3179
10288 3305
10289 2517
10290 2815
10291 2335
10292 3002
10293 3231
10294 3437
10295 2706
10296 3045
10297 2801
10298 3012
10299 2446
10300 3144
10301 3234
10302 3165
10303 3431
10304 3251
10305 2786
10306 2600
10307 3369
10308 3036
10309 3150
10310 3021
10311 3175
10312 2527
10313 3211
10314 2830
10315 3186
10316 2634
10317 3160
10318 3013
10319 2997
10320 2982
10321 2964
10322 3096
10323 3116
10324 3019
10325 3125
10326 2970
10327 1890
10328 3481
10329 2807
10330 3071
10331 3188
10332 2415
10333 3110
10334 3118
10335 2746
10336 3242
10337 2743
10338 3447
10339 2745
10340 3040
10341 2831
10342 2925
10343 3048
10344 3266
10345 2914
10346 3045
10347 2631
10348 3228
10349 3165
10350 464
10351 3040
10352 2647
10353 2925
10354 3083
10355 3146
10356 2952
10357 3128
10358 2628
10359 2532
10360 3111
10361 3207
10362 2947
10363 3062
10364 2904
10365 3120
10366 2812
10367 3202
10368 3103
10369 2437
10370 3296
10371 2766
10372 2727
10373 1219
10374 2757
10375 3024
10376 2818
10377 2896
10378 2879
10379 3070
10380 2824
10381 2646
10382 2780
10383 2829
10384 2914
10385 3205
10386 3179
10387 3109
10388 2638
10389 2192
10390 3108
10391 2884
10392 1984
10393 3146
10394 3150
10395 2978
10396 2506
10397 2607
10398 3162
10399 2810
10400 3147
10401 2809
10402 3111
10403 3163
10404 3145
10405 3174
10406 2397
10407 2813
10408 3106
10409 2566
10410 2273
10411 2355
10412 2620
10413 2944
10414 3178
10415 2997
10416 3150
10417 3312
10418 3288
10419 2904
10420 2596
10421 3008
10422 3007
10423 2811
10424 3101
10425 3101
10426 3379
10427 2912
10428 3248
10429 3212
10430 3338
10431 2789
10432 3087
10433 3310
10434 2739
10435 2012
10436 3233
10437 3173
10438 2253
10439 2717
10440 2811
10441 2622
10442 3089
10443 2991
10444 2809
10445 3034
10446 3427
10447 3265
10448 2856
10449 3275
10450 2383
10451 3073
10452 2617
10453 3244
10454 2158
10455 3283
10456 2824
10457 3152
10458 2976
10459 2861
10460 1941
10461 2993
10462 2979
10463 2863
10464 2604
10465 2767
10466 3174
10467 3122
10468 2564
10469 2861
10470 3266
10471 2908
10472 2947
10473 2917
10474 3058
10475 3039
10476 2982
10477 3148
10478 2969
10479 2937
10480 3050
10481 1948
10482 3178
10483 3066
10484 2749
10485 2477
10486 3063
10487 3064
10488 2959
10489 338
10490 2846
10491 2893
10492 2919
10493 3167
10494 2932
10495 3154
10496 2507
10497 3117
10498 2908
10499 3240
10500 3129
10501 2793
10502 3132
10503 2786
10504 3402
10505 2744
10506 3266
10507 2836
10508 2274
10509 2875
10510 3289
10511 3448
10512 3244
10513 2874
10514 3251
10515 2902
10516 3077
10517 2776
10518 2577
10519 3134
10520 3106
10521 3171
10522 404
10523 3343
10524 3192
10525 3208
10526 3265
10527 2967
10528 2872
10529 2875
10530 2523
10531 3078
10532 3204
10533 3154
10534 3142
10535 3224
10536 2823
10537 3137
10538 3067
10539 3065
10540 2915
10541 2915
10542 3233
10543 2488
10544 2824
10545 2893
10546 2939
10547 2993
10548 3118
10549 2328
10550 2725
10551 2974
10552 3274
10553 3082
10554 3095
10555 3044
10556 2908
10557 3319
10558 2898
10559 3093
10560 2951
10561 2642
10562 3246
10563 3049
10564 3171
10565 3105
10566 3342
10567 3192
10568 2849
10569 3352
10570 3347
10571 3210
10572 3190
10573 2991
10574 2327
10575 2962
10576 2988
10577 2506
10578 2741
10579 3265
10580 2817
10581 3210
10582 2417
10583 2896
10584 3333
10585 2917
10586 2595
10587 3062
10588 3464
10589 3322
10590 2910
10591 2936
10592 2466
10593 2446
10594 2910
10595 2932
10596 3107
10597 2966
10598 2843
10599 1908
10600 3151
10601 3403
10602 3372
10603 2853
10604 2850
10605 2597
10606 3168
10607 3311
10608 2922
10609 2965
10610 3382
10611 2713
10612 3324
10613 3306
10614 3209
10615 3293
10616 2855
10617 2816
10618 2644
10619 3152
10620 2756
10621 3207
10622 2713
10623 2769
10624 3193
10625 3087
10626 3445
10627 2855
10628 2138
10629 3147
10630 3132
10631 2975
10632 2999
10633 3000
10634 3249
10635 3227
10636 2888
10637 3384
10638 3036
10639 3131
10640 2942
10641 3228
10642 2422
10643 3164
10644 2511
10645 3256
10646 2984
10647 2528
10648 3322
10649 3042
10650 2982
10651 3146
10652 3030
10653 2981
10654 2945
10655 2928
10656 3221
10657 2875
10658 3041
10659 2641
10660 3153
10661 2592
10662 3095
10663 2296
10664 3052
10665 3209
10666 3522
10667 2587
10668 2725
10669 2977
10670 3088
10671 2855
10672 2694
10673 2752
10674 2702
10675 3105
10676 3153
10677 3066
10678 3189
10679 2755
10680 2833
10681 2973
10682 2290
10683 3088
10684 2876
10685 3365
10686 2934
10687 2887
10688 3112
10689 2791
10690 3092
10691 3103
10692 2943
10693 3006
10694 3033
10695 3491
10696 3216
10697 3071
10698 2919
10699 3078
10700 2807
10701 3041
10702 3064
10703 2452
10704 3171
10705 2976
10706 2940
10707 2872
10708 3112
10709 1546
10710 2160
10711 3009
10712 3266
10713 2622
10714 3175
10715 3281
10716 2542
10717 3188
10718 3230
10719 2929
10720 3274
10721 3077
10722 2438
10723 2886
10724 2851
10725 3335
10726 2726
10727 2890
10728 2743
10729 3416
10730 3278
10731 3404
10732 2753
10733 2777
10734 2995
10735 3386
10736 2397
10737 3125
10738 3124
10739 3098
10740 3148
10741 2669
10742 794
10743 3161
10744 1984
10745 3177
10746 2850
10747 3131
10748 2848
10749 2912
10750 2933
10751 3310
10752 3192
10753 3062
10754 1438
10755 2662
10756 2767
10757 2634
10758 2829
10759 2966
10760 2693
10761 3315
10762 3248
10763 3133
10764 2893
10765 2742
10766 3030
10767 2729
10768 2723
10769 3167
10770 2970
10771 3075
10772 3040
10773 3011
10774 1147
10775 3023
10776 3018
10777 3222
10778 2745
10779 2965
10780 2921
10781 2389
10782 3125
10783 2934
10784 3394
10785 2977
10786 2840
10787 2786
10788 2877
10789 2866
10790 2983
10791 2913
10792 2571
10793 2850
10794 2849
10795 3169
10796 2531
10797 3347
10798 3230
10799 3004
10800 3276
10801 2592
10802 2770
10803 2276
10804 2708
10805 2617
10806 3133
10807 2418
10808 2388
10809 2824
10810 2754
10811 3036
10812 2713
10813 2342
10814 2510
10815 3011
10816 2844
10817 2825
10818 2845
10819 3177
10820 2565
10821 3272
10822 2796
10823 3120
10824 2670
10825 2897
10826 3307
10827 2660
10828 2640
10829 2040
10830 3068
10831 2834
10832 2801
10833 3304
10834 2683
10835 3260
10836 2678
10837 2916
10838 2765
10839 2920
10840 3109
10841 3182
10842 2994
10843 3286
10844 2099
10845 3172
10846 2498
10847 2805
10848 2499
10849 3308
10850 2696
10851 3490
10852 3078
10853 1712
10854 2922
10855 2988
10856 3128
10857 2882
10858 2557
10859 3162
10860 3069
10861 3003
10862 2731
10863 2153
10864 2146
10865 2937
10866 3187
10867 2977
10868 2905
10869 2882
10870 1785
10871 2737
10872 3218
10873 2805
10874 2189
10875 3342
10876 2841
10877 2602
10878 3085
10879 1231
10880 2660
10881 3171
10882 2562
10883 3060
10884 2996
10885 2881
10886 3185
10887 3389
10888 3067
10889 2499
10890 3163
10891 2813
10892 2618
10893 2955
10894 2840
10895 3197
10896 3213
10897 3087
10898 3065
10899 2979
10900 3140
10901 2903
10902 1911
10903 3460
10904 2744
10905 2037
10906 2693
10907 3249
10908 2983
10909 2804
10910 2360
10911 2896
10912 2748
10913 2595
10914 3086
10915 3145
10916 2330
10917 2839
10918 2717
10919 3150
10920 3379
10921 2849
10922 2928
10923 2254
10924 3185
10925 3216
10926 2946
10927 3303
10928 2928
10929 3097
10930 3229
10931 3223
10932 3222
10933 2886
10934 2946
10935 3156
10936 3182
10937 3248
10938 2460
10939 3104
10940 2511
10941 2579
10942 2787
10943 2574
10944 2650
10945 2385
10946 2973
10947 3352
10948 3040
10949 3202
10950 2813
10951 3084
10952 2696
10953 2763
10954 2790
10955 3277
10956 3145
10957 3306
10958 2555
10959 2992
10960 2982
10961 2939
10962 2144
10963 2855
10964 3105
10965 2292
10966 2991
10967 3087
10968 2916
10969 3192
10970 3006
10971 2825
10972 3188
10973 3301
10974 3137
10975 2486
10976 3165
10977 2756
10978 3191
10979 2156
10980 2556
10981 2913
10982 2790
10983 2752
10984 3120
10985 2990
10986 3145
10987 2846
10988 3271
10989 3251
10990 2505
10991 3108
10992 3090
10993 2881
10994 3151
10995 3054
10996 3024
10997 3095
10998 3234
10999 3244
11000 2569
11001 3092
11002 3022
11003 3042
11004 2689
11005 2715
11006 3091
11007 3132
11008 3057
11009 2751
11010 2813
11011 2514
11012 2640
11013 2953
11014 3045
11015 2197
11016 2768
11017 2467
11018 3074
11019 3201
11020 2771
11021 2977
11022 3216
11023 2703
11024 2424
11025 3148
11026 3091
11027 3279
11028 3375
11029 2831
11030 2689
11031 3133
11032 2946
11033 3260
11034 3030
11035 2761
11036 2920
11037 2834
11038 2486
11039 2962
11040 3223
11041 3329
11042 3293
11043 3118
11044 3124
11045 2761
11046 2585
11047 2331
11048 3244
11049 2974
11050 2478
11051 3192
11052 3022
11053 3258
11054 2761
11055 2479
11056 3438
11057 2630
11058 3088
11059 3147
11060 2842
11061 2642
11062 3097
11063 3158
11064 2850
11065 2945
11066 3257
11067 3160
11068 2652
11069 3226
11070 3213
11071 3149
11072 2968
11073 3219
11074 2305
11075 3013
11076 2859
11077 2522
11078 2816
11079 2873
11080 3221
11081 3089
11082 3090
11083 2978
11084 2744
11085 2286
11086 2909
11087 2109
11088 3331
11089 3219
11090 2766
11091 3263
11092 2629
11093 3008
11094 2902
11095 2810
11096 3108
11097 2994
11098 3115
11099 3214
11100 2909
11101 1353
11102 2505
11103 2918
11104 2896
11105 3172
11106 3189
11107 3012
11108 2857
11109 2688
11110 2436
11111 3234
11112 3313
11113 3156
11114 2902
11115 1646
11116 2571
11117 2846
11118 3237
11119 2826
11120 2307
11121 2699
11122 2852
11123 1772
11124 2602
11125 3252
11126 3234
11127 3018
11128 2956
11129 2529
11130 2956
11131 3430
11132 3286
11133 3045
11134 3015
11135 2739
11136 3077
11137 2726
11138 2013
11139 3005
11140 3300
11141 3490
11142 3360
11143 3151
11144 2569
11145 2886
11146 2924
11147 2614
11148 2814
11149 3124
11150 2877
11151 3284
11152 3172
11153 3290
11154 3144
11155 2997
11156 2958
11157 2630
11158 2054
11159 2863
11160 2914
11161 1771
11162 3494
11163 3060
11164 2865
11165 2767
11166 2606
11167 2592
11168 2233
11169 3250
11170 3099
11171 2927
11172 3340
11173 2812
11174 2402
11175 3139
11176 2809
11177 2937
11178 2900
11179 3185
11180 3171
11181 2807
11182 2630
11183 3342
11184 3054
11185 3174
11186 3369
11187 2714
11188 3147
11189 2923
11190 2811
11191 2741
11192 2790
11193 2414
11194 2879
11195 2209
11196 3282
11197 2470
11198 2908
11199 3161
11200 2889
11201 3025
11202 2883
11203 2859
11204 2808
11205 2498
11206 3384
11207 2366
11208 2486
11209 3095
11210 3012
11211 3113
11212 2345
11213 3154
11214 3232
11215 3276
11216 2433
11217 3275
11218 3018
11219 3350
11220 3223
11221 1923
11222 3137
11223 3319
11224 3442
11225 2628
11226 3017
11227 3175
11228 3199
11229 2676
11230 2775
11231 3043
11232 2963
11233 3005
11234 732
11235 2810
11236 2782
11237 3123
11238 2769
11239 2883
11240 3203
11241 2770
11242 2438
11243 2935
11244 2734
11245 2861
11246 3379
11247 3006
11248 3208
11249 3267
11250 3163
11251 3278
11252 2859
11253 2538
11254 2931
11255 2933
11256 3189
11257 3116
11258 3121
11259 3227
11260 3161
11261 3025
11262 2980
11263 2697
11264 2239
11265 3131
11266 3103
11267 2974
11268 3396
11269 3261
11270 2993
11271 2612
11272 2994
11273 3097
11274 3220
11275 2963
11276 2865
11277 2806
11278 2567
11279 2356
11280 2406
11281 3229
11282 3267
11283 3038
11284 3014
11285 3221
11286 2930
11287 2989
11288 2788
11289 2851
11290 2489
11291 2817
11292 3295
11293 3327
11294 2894
11295 2629
11296 2631
11297 2678
11298 2842
11299 2931
11300 3482
11301 2847
11302 2837
11303 3027
11304 3063
11305 2825
11306 3044
11307 2271
11308 2732
11309 2097
11310 2830
11311 3199
11312 2508
11313 3238
11314 3244
11315 2380
11316 3151
11317 2971
11318 2798
11319 2823
11320 3080
11321 3234
11322 3112
11323 2972
11324 3200
11325 2726
11326 2925
11327 2976
11328 3526
11329 2358
11330 2533
11331 3373
11332 2187
11333 2154
11334 2603
11335 2604
11336 2827
11337 2666
11338 2531
11339 3162
11340 3387
11341 3299
11342 2838
11343 3496
11344 2990
11345 3201
11346 2571
11347 1605
11348 2676
11349 3131
11350 3210
11351 2940
11352 2943
11353 2801
11354 3129
11355 2964
11356 2517
11357 3436
11358 2859
11359 3036
11360 3182
11361 2739
11362 2791
11363 3118
11364 2895
11365 2998
11366 3106
11367 2953
11368 3243
11369 3060
11370 3280
11371 3225
11372 3202
11373 2695
11374 2836
11375 2636
11376 3107
11377 2338
11378 2676
11379 3018
11380 2823
11381 2668
11382 3033
11383 2551
11384 3352
11385 3264
11386 3042
11387 3355
11388 2982
11389 2901
11390 3232
11391 2845
11392 2879
11393 2622
11394 2984
11395 2973
11396 2936
11397 3078
11398 2911
11399 2781
11400 3274
11401 2549
11402 3280
11403 2989
11404 3072
11405 3012
11406 2989
11407 2907
11408 3368
11409 2512
11410 3038
11411 3031
11412 3070
11413 2930
11414 2764
11415 2917
11416 3000
11417 3185
11418 2543
11419 3392
11420 2402
11421 2892
11422 3286
11423 2956
11424 2480
11425 3220
11426 3289
11427 3296
11428 2820
11429 3158
11430 3339
11431 2881
11432 2719
11433 3398
11434 3137
11435 3279
11436 3240
11437 3012
11438 2813
11439 3371
11440 3083
11441 3060
11442 3417
11443 2761
11444 2772
11445 373
11446 2900
11447 2987
11448 2983
11449 3018
11450 2741
11451 3144
11452 2574
11453 2657
11454 3268
11455 3179
11456 3393
11457 1346
11458 2649
11459 3179
11460 2726
11461 3284
11462 3359
11463 3236
11464 3222
11465 3098
11466 3157
11467 2823
11468 2796
11469 2954
11470 3107
11471 2396
11472 3115
11473 3048
11474 3156
11475 2506
11476 3157
11477 2918
11478 3087
11479 1057
11480 2855
11481 3177
11482 3369
11483 2525
11484 3075
11485 3040
11486 3457
11487 2854
11488 2953
11489 3281
11490 3072
11491 2909
11492 3138
11493 1771
11494 2910
11495 3165
11496 3173
11497 2957
11498 2978
11499 3021
11500 2940
11501 3077
11502 2783
11503 3112
11504 2912
11505 3119
11506 3387
11507 3052
11508 2995
11509 1950
11510 3095
11511 2561
11512 3080
11513 3028
11514 2916
11515 2676
11516 2909
11517 3173
11518 3103
11519 3167
11520 3128
11521 3437
11522 3277
11523 3362
11524 2995
11525 3261
11526 2585
11527 3186
11528 2278
11529 2822
11530 3033
11531 2755
11532 3149
11533 2992
11534 2576
11535 2204
11536 3453
11537 2949
11538 3207
11539 2018
11540 3241
11541 3059
11542 2735
11543 3147
11544 2781
11545 3136
11546 2855
11547 2706
11548 3040
11549 3140
11550 3212
11551 2958
11552 2982
11553 2711
11554 3088
11555 3062
11556 2141
11557 3227
11558 3238
11559 2700
11560 2666
11561 2959
11562 2898
11563 2940
11564 2772
11565 3413
11566 2629
11567 2603
11568 2982
11569 2586
11570 2906
11571 3202
11572 2861
11573 3069
11574 3328
11575 2767
11576 2838
11577 3168
11578 2853
11579 2965
11580 3296
11581 2904
11582 3247
11583 3028
11584 3056
11585 2662
11586 2908
11587 3013
11588 2798
11589 2539
11590 3103
11591 2665
11592 2684
11593 2895
11594 2815
11595 3076
11596 3002
11597 2444
11598 3441
11599 3034
11600 2284
11601 3164
11602 2963
11603 3038
11604 3107
11605 2964
11606 3170
11607 3046
11608 2838
11609 3341
11610 3244
11611 2463
11612 3092
11613 2575
11614 2732
11615 2975
11616 3251
11617 2871
11618 2771
11619 2871
11620 2083
11621 3388
11622 3177
11623 2810
11624 2955
11625 2121
11626 2840
11627 3201
11628 3257
11629 2901
11630 3112
11631 3094
11632 2273
11633 3077
11634 3189
11635 3350
11636 3450
11637 3306
11638 3062
11639 3180
11640 3561
11641 2221
11642 3043
11643 2847
11644 2964
11645 3180
11646 3199
11647 2905
11648 2354
11649 3461
11650 2924
11651 3097
11652 2762
11653 2603
11654 1669
11655 2849
11656 2846
11657 2543
11658 2840
11659 2848
11660 3226
11661 3002
11662 2898
11663 1141
11664 3585
11665 2530
11666 2833
11667 2997
11668 3027
11669 3175
11670 2753
11671 3141
11672 3103
11673 3050
11674 3102
11675 2735
11676 2615
11677 3274
11678 2637
11679 2260
11680 2972
11681 2888
11682 3215
11683 3065
11684 2215
11685 2749
11686 3081
11687 2625
11688 1967
11689 2896
11690 2950
11691 3195
11692 1966
11693 2674
11694 2669
11695 3035
11696 3245
11697 2170
11698 2807
11699 2825
11700 3091
11701 2921
11702 3119
11703 2637
11704 3189
11705 2840
11706 3196
11707 2987
11708 2464
11709 3114
11710 3193
11711 3032
11712 2796
11713 2749
11714 3029
11715 2890
11716 2702
11717 2974
11718 3359
11719 2750
11720 3210
11721 2446
11722 3081
11723 2817
11724 3028
11725 3211
11726 2446
11727 3427
11728 2706
11729 3240
11730 3131
11731 3478
11732 3432
11733 3403
11734 2832
11735 3242
11736 3055
11737 3184
11738 2786
11739 2778
11740 2764
11741 2828
11742 1844
11743 3185
11744 2197
11745 3122
11746 3587
11747 3104
11748 3055
11749 2759
11750 3130
11751 2893
11752 2704
11753 2532
11754 2627
11755 2997
11756 2754
11757 3130
11758 2974
11759 2820
11760 2903
11761 3061
11762 3017
11763 2389
11764 2786
11765 2601
11766 3074
11767 2959
11768 3218
11769 3420
11770 3249
11771 2893
11772 2335
11773 3099
11774 2895
11775 3303
11776 2837
11777 3259
11778 3343
11779 3120
11780 3398
11781 3329
11782 2913
11783 3012
11784 2927
11785 3050
11786 3376
11787 2785
11788 3006
11789 3190
11790 2195
11791 2453
11792 3031
11793 2840
11794 3187
11795 3031
11796 3057
11797 2384
11798 925
11799 2785
11800 2503
11801 2873
11802 3158
11803 3332
11804 1906
11805 2304
11806 2732
11807 2580
11808 3117
11809 3111
11810 2904
11811 3112
11812 2854
11813 2935
11814 3035
11815 3066
11816 3190
11817 3251
11818 2802
11819 2404
11820 2864
11821 3146
11822 3040
11823 3276
11824 2768
11825 3070
11826 3315
11827 3338
11828 3152
11829 3109
11830 2465
11831 1349
11832 2886
11833 3229
11834 2797
11835 3028
11836 2970
11837 2726
11838 1771
11839 2705
11840 3049
11841 2571
11842 2415
11843 3246
11844 3155
11845 2307
11846 2829
11847 3188
11848 3090
11849 3124
11850 2935
11851 3098
11852 2515
11853 2865
11854 2989
11855 2683
11856 2855
11857 2969
11858 2855
11859 3109
11860 3265
11861 2054
11862 3303
11863 2864
11864 3003
11865 2981
11866 2952
11867 2736
11868 3326
11869 2993
11870 2649
11871 2903
11872 2869
11873 2923
11874 3051
11875 2565
11876 2794
11877 1101
11878 2720
11879 3039
11880 3178
11881 1657
11882 2904
11883 3095
11884 3090
11885 2649
11886 2568
11887 2326
11888 2861
11889 3298
11890 2638
11891 2830
11892 2761
11893 2993
11894 2778
11895 2990
11896 3239
11897 3001
11898 3034
11899 2938
11900 2829
11901 3096
11902 3020
11903 3185
11904 2817
11905 2877
11906 3252
11907 3247
11908 3032
11909 3319
11910 2719
11911 3156
11912 2816
11913 2732
11914 2891
11915 2937
11916 3484
11917 2939
11918 3188
11919 2918
11920 2686
11921 2924
11922 3007
11923 2897
11924 3531
11925 2998
11926 2500
11927 2582
11928 3241
11929 2855
11930 3098
11931 2147
11932 2814
11933 3042
11934 2554
11935 2433
11936 3000
11937 3354
11938 2966
11939 2737
11940 2079
11941 2843
11942 2844
11943 3231
11944 2776
11945 2968
11946 3207
11947 2578
11948 2922
11949 3311
11950 3178
11951 3160
11952 2769
11953 3302
11954 2536
11955 3218
11956 3097
11957 3001
11958 2941
11959 2883
11960 2884
11961 3392
11962 3137
11963 2578
11964 3063
11965 3027
11966 3133
11967 3220
11968 2421
11969 3215
11970 3023
11971 2892
11972 3219
11973 1929
11974 3446
11975 3029
11976 2695
11977 3216
11978 3352
11979 2989
11980 3071
11981 3155
11982 3147
11983 2652
11984 3168
11985 3213
11986 2396
11987 2889
11988 2103
11989 3393
11990 2586
11991 2485
11992 1014
11993 2910
11994 2751
11995 3117
11996 3172
11997 2623
11998 3134
11999 3192
12000 3198
12001 2875
12002 3145
12003 2968
12004 3055
12005 2819
12006 3171
12007 2885
12008 3085
12009 2725
12010 2829
12011 2683
12012 2903
12013 3151
12014 3254
12015 3446
12016 2288
12017 3169
12018 2696
12019 2608
12020 3030
12021 3016
12022 3123
12023 2950
12024 3079
12025 3148
12026 3219
12027 2948
12028 2934
12029 3305
12030 3460
12031 2444
12032 3160
12033 3072
12034 3121
12035 2876
12036 2578
12037 2883
12038 2991
12039 2529
12040 3225
12041 3107
12042 3362
12043 3437
12044 3071
12045 3054
12046 3342
12047 2939
12048 2592
12049 3121
12050 3300
12051 3032
12052 3193
12053 2755
12054 2705
12055 2999
12056 3132
12057 2932
12058 3305
12059 3136
12060 2935
12061 2802
12062 3167
12063 2750
12064 3029
12065 3128
12066 2820
12067 3246
12068 3164
12069 3148
12070 3382
12071 3128
12072 3179
12073 2967
12074 2820
12075 2404
12076 3078
12077 2533
12078 3046
12079 2886
12080 3175
12081 3025
12082 3007
12083 3336
12084 2920
12085 2988
12086 3084
12087 3079
12088 3310
12089 2164
12090 2798
12091 2843
12092 2914
12093 2901
12094 3365
12095 2817
12096 2942
12097 2755
12098 3161
12099 3340
12100 2737
12101 1944
12102 2547
12103 915
12104 3133
12105 2627
12106 2930
12107 3014
12108 3180
12109 3245
12110 2531
12111 3189
12112 3157
12113 3170
12114 3251
12115 2644
12116 2931
12117 3398
12118 2207
12119 3197
12120 3131
12121 2868
12122 2847
12123 3015
12124 2896
12125 2641
12126 2934
12127 2729
12128 2727
12129 2986
12130 2849
12131 2746
12132 3267
12133 2963
12134 2791
12135 2991
12136 1294
12137 3120
12138 2913
12139 2031
12140 1778
12141 2756
12142 2969
12143 2233
12144 2867
12145 2669
12146 2517
12147 2867
12148 2628
12149 2628
12150 3142
12151 2822
12152 3112
12153 2933
12154 2953
12155 3186
12156 2665
12157 2797
12158 623
12159 3036
12160 2797
12161 3114
12162 2904
12163 3068
12164 2995
12165 3147
12166 2488
12167 3260
12168 3094
12169 2662
12170 2746
12171 2717
12172 2990
12173 2702
12174 3250
12175 2934
12176 3100
12177 2853
12178 3352
12179 3107
12180 3286
12181 3156
12182 2282
12183 3385
12184 3043
12185 3204
12186 3188
12187 2597
12188 3248
12189 3165
12190 3003
12191 2912
12192 2648
12193 2762
12194 3226
12195 2699
12196 2238
12197 3199
12198 3255
12199 3213
12200 3075
12201 2985
12202 3137
12203 2892
12204 2971
12205 2756
12206 2746
12207 3044
12208 2014
12209 3258
12210 2869
12211 3066
12212 3184
12213 2830
12214 2794
12215 2890
12216 2680
12217 3298
12218 3200
12219 2332
12220 3070
12221 2888
12222 2509
12223 3038
12224 3344
12225 2411
12226 2429
12227 2810
12228 2835
12229 2941
12230 2958
12231 2500
12232 2827
12233 2902
12234 2685
12235 3091
12236 3161
12237 3302
12238 3010
12239 2939
12240 3208
12241 2834
12242 2811
12243 2865
12244 2695
12245 2971
12246 2939
12247 2930
12248 3029
12249 3066
12250 2991
12251 3194
12252 3202
12253 3077
12254 2685
12255 2992
12256 3037
12257 2895
12258 3279
12259 3241
12260 2888
12261 3184
12262 3010
12263 2591
12264 904
12265 3088
12266 2964
12267 2787
12268 2934
12269 3381
12270 3107
12271 2846
12272 775
12273 2115
12274 2627
12275 2635
12276 2549
12277 3343
12278 2873
12279 2361
12280 3046
12281 2850
12282 3166
12283 3390
12284 3169
12285 3085
12286 3132
12287 3140
12288 3416
12289 2913
12290 3195
12291 3020
12292 2742
12293 3324
12294 3040
12295 2800
12296 2881
12297 3138
12298 2491
12299 3057
12300 2830
12301 3105
12302 3196
12303 3469
12304 3121
12305 2457
12306 3404
12307 3208
12308 3079
12309 2793
12310 2023
12311 3069
12312 3206
12313 3170
12314 2663
12315 3097
12316 2972
12317 3035
12318 2698
12319 3163
12320 3134
12321 2195
12322 3267
12323 3109
12324 3235
12325 3090
12326 3057
12327 2912
12328 2911
12329 2127
12330 3190
12331 2962
12332 2413
12333 2690
12334 3403
12335 2521
12336 2895
12337 2743
12338 3022
12339 3201
12340 2411
12341 2754
12342 3231
12343 3062
12344 2941
12345 3005
12346 3136
12347 3173
12348 3186
12349 2983
12350 3050
12351 3223
12352 3113
12353 3115
12354 3397
12355 2699
12356 3163
12357 2931
12358 3152
12359 3208
12360 3065
12361 3023
12362 3136
12363 2894
12364 2645
12365 2651
12366 3154
12367 3425
12368 3141
12369 3029
12370 2967
12371 3034
12372 3007
12373 2824
12374 3295
12375 3180
12376 3123
12377 3320
12378 2679
12379 2483
12380 2735
12381 3104
12382 3443
12383 3017
12384 3331
12385 2840
12386 2450
12387 3141
12388 2724
12389 3176
12390 2649
12391 2755
12392 3231
12393 2835
12394 2435
12395 2703
12396 2996
12397 3174
12398 2578
12399 3287
12400 3498
12401 2320
12402 2648
12403 3306
12404 3012
12405 2771
12406 2750
12407 3100
12408 3108
12409 3026
12410 2936
12411 2906
12412 3284
12413 2924
12414 2712
12415 3006
12416 2486
12417 3117
12418 3098
12419 2783
12420 2964
12421 3129
12422 2868
12423 2355
12424 2940
12425 3168
12426 287
12427 2769
12428 2996
12429 2557
12430 2100
12431 3411
12432 2532
12433 3213
12434 3157
12435 2852
12436 2908
12437 2609
12438 2873
12439 2558
12440 3075
12441 3132
12442 2941
12443 2904
12444 2228
12445 2690
12446 3144
12447 2886
12448 2944
12449 2814
12450 2765
12451 3113
12452 3017
12453 2811
12454 3070
12455 2901
12456 2382
12457 2772
12458 2889
12459 3171
12460 2962
12461 2757
12462 3252
12463 2649
12464 2249
12465 2610
12466 3319
12467 2767
12468 3059
12469 551
12470 2830
12471 2990
12472 3070
12473 3193
12474 3142
12475 2327
12476 2890
12477 2617
12478 2885
12479 3294
12480 3146
12481 2942
12482 2773
12483 3540
12484 2813
12485 2492
12486 3132
12487 3266
12488 3114
12489 2818
12490 3209
12491 2274
12492 2735
12493 2590
12494 3097
12495 3311
12496 2683
12497 2978
12498 2903
12499 2731
12500 3207
12501 2668
12502 2589
12503 3143
12504 2755
12505 3340
12506 3046
12507 3220
12508 3363
12509 3192
12510 3089
12511 2836
12512 2742
12513 3107
12514 2733
12515 2892
12516 2414
12517 3177
12518 2531
12519 2876
12520 2852
12521 3252
12522 3483
12523 3107
12524 2642
12525 3410
12526 1959
12527 2393
12528 2898
12529 2764
12530 2733
12531 2406
12532 2875
12533 2128
12534 2726
12535 2853
12536 2723
12537 2978
12538 3069
12539 2897
12540 3283
12541 2916
12542 2826
12543 2709
12544 3379
12545 2014
12546 3213
12547 3015
12548 2574
12549 3118
12550 3123
12551 2398
12552 3256
12553 3003
12554 2321
12555 3172
12556 2582
12557 2387
12558 2997
12559 2363
12560 2848
12561 2930
12562 3023
12563 2953
12564 3027
12565 2950
12566 2981
12567 2850
12568 3261
12569 2748
12570 3096
12571 3154
12572 2842
12573 2762
12574 2937
12575 3486
12576 2583
12577 2910
12578 3144
12579 3041
12580 3112
12581 2924
12582 3407
12583 3022
12584 3413
12585 2861
12586 3130
12587 1046
12588 3034
12589 2799
12590 2178
12591 3366
12592 3067
12593 2798
12594 2881
12595 3288
12596 2990
12597 3168
12598 2838
12599 3076
12600 2998
12601 3012
12602 2868
12603 2822
12604 3112
12605 2993
12606 2500
12607 3222
12608 3233
12609 3020
12610 2992
12611 2862
12612 3033
12613 3088
12614 3138
12615 2945
12616 3108
12617 3106
12618 3185
12619 2471
12620 3300
12621 3181
12622 3118
12623 2769
12624 1037
12625 2875
12626 3170
12627 2838
12628 3242
12629 3393
12630 3171
12631 646
12632 3241
12633 3040
12634 2534
12635 2912
12636 2331
12637 3274
12638 3074
12639 2190
12640 3171
12641 2732
12642 3334
12643 3066
12644 2824
12645 3073
12646 2816
12647 2764
12648 2735
12649 2742
12650 2311
12651 3304
12652 3186
12653 3517
12654 3020
12655 3001
12656 2797
12657 3272
12658 2596
12659 2262
12660 2962
12661 2985
12662 2793
12663 2776
12664 671
12665 2652
12666 1940
12667 3028
12668 3020
12669 2350
12670 3108
12671 2146
12672 3233
12673 1564
12674 2636
12675 3117
12676 3393
12677 3046
12678 2904
12679 2962
12680 2983
12681 2082
12682 2975
12683 2928
12684 3277
12685 3138
12686 3052
12687 2867
12688 3380
12689 2288
12690 3107
12691 2693
12692 3100
12693 3335
12694 2973
12695 3037
12696 1994
12697 3091
12698 3242
12699 2938
12700 3200
12701 3280
12702 3264
12703 3235
12704 3153
12705 3129
12706 3134
12707 2295
12708 3144
12709 3313
12710 3108
12711 3189
12712 3322
12713 3119
12714 2818
12715 3127
12716 3074
12717 3197
12718 3153
12719 3124
12720 3036
12721 3223
12722 3334
12723 3403
12724 2977
12725 3484
12726 2918
12727 3180
12728 3169
12729 2741
12730 2812
12731 2789
12732 2530
12733 2991
12734 2535
12735 3191
12736 3297
12737 2819
12738 1343
12739 2824
12740 3277
12741 3204
12742 2528
12743 2944
12744 2557
12745 3004
12746 2658
12747 3377
12748 2760
12749 2984
12750 2555
12751 2663
12752 2686
12753 2820
12754 3052
12755 2933
12756 2627
12757 3208
12758 2640
12759 3358
12760 3196
12761 2705
12762 2905
12763 2874
12764 3167
12765 2668
12766 3241
12767 3209
12768 2819
12769 2394
12770 3157
12771 2853
12772 2575
12773 2879
12774 3075
12775 3106
12776 3014
12777 3093
12778 2282
12779 2551
12780 1121
12781 2931
12782 2531
12783 3102
12784 3222
12785 2871
12786 3029
12787 3048
12788 3098
12789 3309
12790 3038
12791 3061
12792 3226
12793 3063
12794 3159
12795 2932
12796 3281
12797 2355
12798 2925
12799 3046
12800 2731
12801 3135
12802 3108
12803 3090
12804 3269
12805 3132
12806 3208
12807 2370
12808 2469
12809 2953
12810 2674
12811 3209
12812 3222
12813 3088
12814 2813
12815 2532
12816 2935
12817 3022
12818 3202
12819 2453
12820 3216
12821 3275
12822 2935
12823 2618
12824 3109
12825 3289
12826 3104
12827 3080
12828 2846
12829 2605
12830 3166
12831 3221
12832 2811
12833 3231
12834 3004
12835 3093
12836 2769
12837 2954
12838 3126
12839 2369
12840 3190
12841 3302
12842 2959
12843 2891
12844 3353
12845 3021
12846 3197
12847 3002
12848 3348
12849 3113
12850 2978
12851 3138
12852 2650
12853 3072
12854 2829
12855 2536
12856 2624
12857 2902
12858 2879
12859 3200
12860 695
12861 2969
12862 3211
12863 3155
12864 2927
12865 2770
12866 2954
12867 2769
12868 3202
12869 2609
12870 2929
12871 3271
12872 1852
12873 3001
12874 3379
12875 2834
12876 3303
12877 3245
12878 2826
12879 2910
12880 2677
12881 3061
12882 2968
12883 2918
12884 2805
12885 3112
12886 2834
12887 2987
12888 3271
12889 2779
12890 2135
12891 2965
12892 1936
12893 3020
12894 2992
12895 2954
12896 3140
12897 3442
12898 2902
12899 3373
12900 3089
12901 3160
12902 2656
12903 3413
12904 3115
12905 3339
12906 2931
12907 2974
12908 3073
12909 3117
12910 2944
12911 2958
12912 3344
12913 3398
12914 3137
12915 2700
12916 2817
12917 3169
12918 2979
12919 2421
12920 2574
12921 2768
12922 3135
12923 3288
12924 2426
12925 3208
12926 2751
12927 2370
12928 3009
12929 3187
12930 3033
12931 2961
12932 2991
12933 2967
12934 3211
12935 3176
12936 3142
12937 2940
12938 3190
12939 3198
12940 3217
12941 3418
12942 2556
12943 3159
12944 2892
12945 2944
12946 2670
12947 3166
12948 3033
12949 3158
12950 3270
12951 3468
12952 3290
12953 3204
12954 3003
12955 2780
12956 3421
12957 2786
12958 3009
12959 2958
12960 3298
12961 2927
12962 3046
12963 3359
12964 3527
12965 2580
12966 2675
12967 3251
12968 3346
12969 2195
12970 3066
12971 2199
12972 3468
12973 3150
12974 3313
12975 2702
12976 3142
12977 2496
12978 3021
12979 2748
12980 3028
12981 3113
12982 2591
12983 2787
12984 3285
12985 2745
12986 3110
12987 3370
12988 2608
12989 2405
12990 2478
12991 2884
12992 3133
12993 3068
12994 3583
12995 2659
12996 2552
12997 3298
12998 3149
12999 3060
13000 3172
13001 2958
13002 3069
13003 2795
13004 2827
13005 2613
13006 2810
13007 2558
13008 3020
13009 2876
13010 3110
13011 2707
13012 3023
13013 2565
13014 3084
13015 3263
13016 3083
13017 2910
13018 3048
13019 3103
13020 2133
13021 3004
13022 3379
13023 3034
13024 3333
13025 3308
13026 2954
13027 2972
13028 2940
13029 2957
13030 3109
13031 2442
13032 2776
13033 2497
13034 2607
13035 3250
13036 3002
13037 2519
13038 3313
13039 2841
13040 2843
13041 2673
13042 2377
13043 2785
13044 3393
13045 3118
13046 3192
13047 3039
13048 3121
13049 2709
13050 2510
13051 2850
13052 3042
13053 2784
13054 2919
13055 2855
13056 2854
13057 2848
13058 1938
13059 2092
13060 2881
13061 3269
13062 2957
13063 2374
13064 2986
13065 2901
13066 2912
13067 3160
13068 3223
13069 2988
13070 2776
13071 2723
13072 2764
13073 3407
13074 2518
13075 2986
13076 3315
13077 3259
13078 3128
13079 2833
13080 3061
13081 2409
13082 2010
13083 3247
13084 2679
13085 1687
13086 3036
13087 3002
13088 2024
13089 2902
13090 3079
13091 3299
13092 2331
13093 3248
13094 3111
13095 3040
13096 3007
13097 2968
13098 2974
13099 3315
13100 3402
13101 2762
13102 2219
13103 3018
13104 2693
13105 2660
13106 3238
13107 2694
13108 2900
13109 2742
13110 2915
13111 2712
13112 3110
13113 3077
13114 2654
13115 2819
13116 2692
13117 3185
13118 3130
13119 3311
13120 3404
13121 3105
13122 2880
13123 3037
13124 3157
13125 3079
13126 2846
13127 3002
13128 2255
13129 3195
13130 3213
13131 2899
13132 2722
13133 2648
13134 3049
13135 2927
13136 2336
13137 3086
13138 2731
13139 3229
13140 2816
13141 2726
13142 2979
13143 3043
13144 3253
13145 2300
13146 3063
13147 3342
13148 3147
13149 2793
13150 3341
13151 3137
13152 2787
13153 2312
13154 3128
13155 2773
13156 1332
13157 3071
13158 2462
13159 2800
13160 3112
13161 2168
13162 2834
13163 3146
13164 2716
13165 3222
13166 2734
13167 3444
13168 2896
13169 2918
13170 2912
13171 3239
13172 3123
13173 2846
13174 2652
13175 2843
13176 3019
13177 3135
13178 2979
13179 2971
13180 2656
13181 3087
13182 2848
13183 2738
13184 2812
13185 2717
13186 2416
13187 2386
13188 3466
13189 3325
13190 3027
13191 2230
13192 2434
13193 2952
13194 3007
13195 3133
13196 3256
13197 2920
13198 3029
13199 3033
13200 2650
13201 3221
13202 2331
13203 3098
13204 3286
13205 3086
13206 3478
13207 3140
13208 2712
13209 2723
13210 3206
13211 2736
13212 2937
13213 3044
13214 3103
13215 2727
13216 2210
13217 2810
13218 2893
13219 2712
13220 3208
13221 2779
13222 2612
13223 3126
13224 3414
13225 3285
13226 2046
13227 3184
13228 2120
13229 2721
13230 3176
13231 3043
13232 3087
13233 3155
13234 3178
13235 3457
13236 705
13237 3234
13238 3263
13239 3187
13240 3073
13241 3047
13242 3005
13243 2743
13244 3566
13245 2376
13246 2970
13247 2722
13248 3037
13249 2776
13250 3088
13251 1984
13252 3342
13253 3201
13254 3356
13255 3182
13256 3287
13257 2749
13258 2662
13259 2822
13260 3138
13261 2704
13262 3019
13263 3245
13264 3022
13265 2932
13266 2850
13267 2391
13268 3147
13269 2913
13270 3388
13271 2860
13272 3114
13273 2978
13274 3223
13275 2597
13276 2887
13277 3099
13278 2248
13279 2596
13280 3368
13281 2863
13282 2510
13283 2713
13284 2930
13285 3134
13286 1522
13287 3014
13288 3303
13289 2600
13290 2793
13291 2975
13292 2837
13293 3485
13294 2762
13295 2699
13296 3291
13297 2814
13298 1577
13299 3125
13300 2791
13301 3095
13302 2628
13303 3115
13304 3196
13305 2814
13306 2921
13307 3311
13308 2591
13309 2778
13310 3126
13311 2913
13312 2584
13313 2936
13314 2970
13315 2948
13316 3257
13317 2422
13318 2636
13319 2111
13320 2738
13321 1541
13322 2732
13323 3125
13324 3221
13325 3445
13326 3278
13327 2524
13328 3018
13329 3469
13330 2944
13331 2919
13332 2939
13333 3244
13334 3116
13335 3018
13336 2819
13337 3446
13338 3247
13339 3173
13340 3341
13341 2948
13342 3365
13343 2982
13344 3308
13345 2598
13346 2690
13347 3273
13348 2137
13349 3350
13350 2694
13351 2619
13352 2498
13353 1856
13354 3158
13355 2585
13356 2669
13357 2748
13358 3210
13359 3256
13360 2590
13361 2627
13362 2903
13363 2854
13364 3271
13365 3145
13366 3044
13367 3095
13368 2456
13369 3054
13370 3127
13371 3400
13372 3095
13373 2479
13374 3216
13375 3143
13376 2239
13377 3168
13378 3370
13379 3010
13380 2783
13381 3024
13382 2180
13383 2095
13384 3267
13385 2559
13386 2543
13387 2401
13388 2489
13389 2935
13390 3132
13391 2586
13392 3121
13393 3320
13394 3134
13395 2864
13396 3407
13397 2822
13398 2773
13399 2561
13400 3301
13401 2888
13402 2903
13403 2534
13404 2960
13405 3257
13406 3375
13407 3170
13408 2331
13409 2916
13410 3189
13411 2686
13412 3034
13413 3189
13414 3252
13415 3174
13416 3007
13417 2789
13418 3116
13419 3037
13420 2958
13421 2771
13422 3047
13423 3152
13424 2896
13425 2846
13426 2789
13427 3001
13428 2762
13429 2723
13430 2660
13431 2790
13432 2994
13433 2618
13434 3033
13435 2560
13436 2905
13437 3250
13438 2947
13439 2216
13440 2999
13441 2605
13442 3133
13443 3036
13444 1520
13445 3464
13446 3169
13447 3232
13448 2988
13449 3124
13450 3159
13451 3360
13452 2940
13453 2937
13454 2995
13455 2918
13456 3409
13457 3268
13458 2377
13459 2605
13460 3380
13461 3123
13462 3014
13463 2847
13464 2789
13465 3595
13466 2908
13467 3394
13468 3015
13469 2884
13470 2770
13471 3306
13472 3326
13473 2896
13474 3020
13475 2748
13476 3526
13477 2769
13478 2648
13479 3016
13480 2853
13481 3120
13482 3207
13483 2276
13484 2754
13485 2908
13486 3083
13487 3216
13488 3033
13489 2738
13490 2539
13491 3106
13492 3248
13493 2994
13494 3202
13495 3278
13496 3151
13497 3015
13498 2795
13499 3191
13500 2834
13501 2826
13502 2923
13503 2592
13504 2714
13505 3330
13506 3091
13507 3157
13508 2928
13509 2933
13510 3027
13511 3124
13512 3171
13513 3104
13514 2705
13515 3150
13516 3065
13517 2958
13518 1758
13519 2786
13520 2908
13521 3390
13522 2803
13523 2602
13524 3219
13525 2958
13526 2954
13527 2343
13528 3358
13529 3066
13530 3332
13531 3471
13532 2947
13533 3059
13534 2859
13535 3104
13536 3284
13537 2763
13538 3075
13539 3243
13540 3207
13541 2929
13542 2989
13543 3322
13544 3339
13545 3044
13546 2944
13547 3164
13548 2643
13549 2875
13550 3181
13551 2658
13552 2953
13553 2923
13554 2721
13555 2842
13556 2473
13557 2621
13558 2132
13559 2743
13560 2948
13561 3125
13562 3264
13563 3272
13564 3032
13565 3415
13566 2856
13567 3161
13568 2693
13569 2723
13570 3280
13571 2726
13572 2787
13573 3258
13574 2954
13575 3022
13576 2769
13577 3147
13578 3088
13579 2933
13580 3172
13581 3145
13582 3162
13583 3186
13584 3239
13585 2288
13586 2813
13587 2640
13588 3116
13589 3149
13590 2831
13591 3062
13592 2748
13593 2729
13594 2694
13595 3185
13596 2280
13597 3100
13598 3076
13599 3084
13600 3197
13601 2941
13602 3104
13603 3073
13604 3039
13605 3292
13606 3050
13607 2456
13608 2655
13609 3095
13610 2715
13611 3095
13612 2694
13613 2724
13614 2489
13615 2541
13616 2872
13617 2881
13618 3108
13619 3317
13620 1391
13621 3118
13622 3262
13623 3038
13624 2942
13625 2426
13626 1498
13627 2738
13628 2684
13629 3197
13630 3438
13631 3363
13632 2989
13633 3109
13634 3019
13635 2958
13636 2950
13637 2908
13638 2750
13639 3099
13640 2890
13641 2516
13642 3346
13643 3488
13644 2638
13645 3114
13646 2663
13647 1982
13648 2887
13649 3301
13650 2511
13651 2827
13652 3291
13653 2958
13654 2383
13655 3284
13656 2336
13657 3127
13658 3028
13659 3086
13660 3281
13661 3309
13662 2885
13663 2972
13664 3138
13665 3329
13666 3204
13667 2990
13668 2755
13669 2841
13670 3174
13671 3197
13672 2408
13673 3329
13674 2728
13675 2851
13676 2915
13677 2436
13678 3157
13679 2682
13680 3267
13681 2956
13682 2992
13683 3113
13684 2943
13685 2825
13686 2941
13687 3185
13688 2979
13689 2419
13690 429
13691 3154
13692 2514
13693 2654
13694 3037
13695 3385
13696 3143
13697 2871
13698 2836
13699 2912
13700 3143
13701 3442
13702 2679
13703 2655
13704 3053
13705 3177
13706 3284
13707 2724
13708 3254
13709 3403
13710 2928
13711 3232
13712 3354
13713 2838
13714 2922
13715 3086
13716 2345
13717 2252
13718 3104
13719 2282
13720 3360
13721 3207
13722 3259
13723 2835
13724 2662
13725 2654
13726 2127
13727 2639
13728 3120
13729 2066
13730 3307
13731 2856
13732 2754
13733 2526
13734 3339
13735 3166
13736 2805
13737 2774
13738 3258
13739 3114
13740 3100
13741 3000
13742 2773
13743 3144
13744 3134
13745 3133
13746 3066
13747 2888
13748 2945
13749 2823
13750 2746
13751 2851
13752 2465
13753 3232
13754 2946
13755 2926
13756 2675
13757 2909
13758 2220
13759 2964
13760 3212
13761 2789
13762 2670
13763 2930
13764 2777
13765 3163
13766 3045
13767 2789
13768 3068
13769 2860
13770 2304
13771 2701
13772 2476
13773 2609
13774 2790
13775 2864
13776 2324
13777 2708
13778 3039
13779 3187
13780 2793
13781 2778
13782 3196
13783 2997
13784 2009
13785 3065
13786 2697
13787 3059
13788 3028
13789 3049
13790 2701
13791 2784
13792 2788
13793 2942
13794 2705
13795 2962
13796 2839
13797 3087
13798 3300
13799 2832
13800 2755
13801 2843
13802 2717
13803 3037
13804 2740
13805 3118
13806 3097
13807 3297
13808 3078
13809 2884
13810 2878
13811 2603
13812 2933
13813 2732
13814 2086
13815 3152
13816 3050
13817 3013
13818 3188
13819 2533
13820 2944
13821 3131
13822 2914
13823 2822
13824 2914
13825 3162
13826 2894
13827 3070
13828 3064
13829 3098
13830 2528
13831 3210
13832 3221
13833 1396
13834 2905
13835 2904
13836 3282
13837 2884
13838 2492
13839 2766
13840 3169
13841 3023
13842 2700
13843 2387
13844 3282
13845 2862
13846 3209
13847 3024
13848 2990
13849 3022
13850 3375
13851 2953
13852 1765
13853 2326
13854 3257
13855 3236
13856 3066
13857 2570
13858 2668
13859 2915
13860 3193
13861 2696
13862 2810
13863 2823
13864 2532
13865 3325
13866 3121
13867 3119
13868 2965
13869 3138
13870 2855
13871 2269
13872 2908
13873 2767
13874 2985
13875 3195
13876 2496
13877 3117
13878 2994
13879 2894
13880 3167
13881 3240
13882 2988
13883 2233
13884 2944
13885 3207
13886 2632
13887 2587
13888 2805
13889 2804
13890 2300
13891 2458
13892 2935
13893 2971
13894 3142
13895 2902
13896 3141
13897 2764
13898 3307
13899 2015
13900 2515
13901 3256
13902 2923
13903 2890
13904 2799
13905 2997
13906 3108
13907 3232
13908 3061
13909 3166
13910 3121
13911 2577
13912 3233
13913 2828
13914 3089
13915 3235
13916 3054
13917 2951
13918 2921
13919 2822
13920 3171
13921 2934
13922 3111
13923 2549
13924 3544
13925 2983
13926 3165
13927 3018
13928 2664
13929 3035
13930 2416
13931 3221
13932 2955
13933 3446
13934 3418
13935 3134
13936 2986
13937 2852
13938 2885
13939 2850
13940 3297
13941 2906
13942 3047
13943 2922
13944 2895
13945 3199
13946 3311
13947 3031
13948 3054
13949 3294
13950 2984
13951 2672
13952 3185
13953 3120
13954 3465
13955 2204
13956 3069
13957 2874
13958 2797
13959 2760
13960 2615
13961 3208
13962 2942
13963 3111
13964 2566
13965 2224
13966 3256
13967 3106
13968 2654
13969 3113
13970 2908
13971 2512
13972 3128
13973 3528
13974 2929
13975 2845
13976 3357
13977 2839
13978 2528
13979 2915
13980 3307
13981 3000
13982 3112
13983 2686
13984 2508
13985 3200
13986 2742
13987 2788
13988 3193
13989 3174
13990 3010
13991 3048
13992 2740
13993 2999
13994 3023
13995 2954
13996 3056
13997 3039
13998 2822
13999 3279
14000 2878
14001 2899
14002 3133
14003 2722
14004 2783
14005 3153
14006 3153
14007 3279
14008 2426
14009 3148
14010 3106
14011 3197
14012 2436
14013 3486
14014 2567
14015 3325
14016 3404
14017 2947
14018 3252
14019 3277
14020 3246
14021 3005
14022 2622
14023 2918
14024 2782
14025 3331
14026 2932
14027 3232
14028 3281
14029 3099
14030 3041
14031 3001
14032 3300
14033 2922
14034 3373
14035 3246
14036 2878
14037 3257
14038 2776
14039 2892
14040 3169
14041 3114
14042 3330
14043 2193
14044 3216
14045 2803
14046 910
14047 3391
14048 2787
14049 1644
14050 3013
14051 3152
14052 2723
14053 2998
14054 3112
14055 2903
14056 3393
14057 3103
14058 3210
14059 3041
14060 2754
14061 2567
14062 2989
14063 2000
14064 2939
14065 3125
14066 2483
14067 2806
14068 2557
14069 2655
14070 2999
14071 3225
14072 3219
14073 3325
14074 3438
14075 2835
14076 2411
14077 3211
14078 2897
14079 2418
14080 3021
14081 3003
14082 3283
14083 2852
14084 3003
14085 3490
14086 2996
14087 2718
14088 3354
14089 2955
14090 3223
14091 3012
14092 2987
14093 3132
14094 3206
14095 2919
14096 2819
14097 3179
14098 3080
14099 3077
14100 2888
14101 2823
14102 3148
14103 2961
14104 2522
14105 2740
14106 2715
14107 3108
14108 3145
14109 2661
14110 3235
14111 2699
14112 2606
14113 3101
14114 2981
14115 2993
14116 3037
14117 3032
14118 3011
14119 2851
14120 2936
14121 3210
14122 2862
14123 2862
14124 2781
14125 2928
14126 2407
14127 3220
14128 2783
14129 3098
14130 3416
14131 2502
14132 3001
14133 2996
14134 3017
14135 2836
14136 2706
14137 3045
14138 3346
14139 2508
14140 3151
14141 2609
14142 2509
14143 2989
14144 3239
14145 2913
14146 2456
14147 3225
14148 2101
14149 2885
14150 2967
14151 3006
14152 3246
14153 2521
14154 2341
14155 3212
14156 3278
14157 3006
14158 2424
14159 3269
14160 3031
14161 3098
14162 2754
14163 2762
14164 2978
14165 3347
14166 2908
14167 3305
14168 3034
14169 2699
14170 2634
14171 3136
14172 2796
14173 2615
14174 3356
14175 2412
14176 2970
14177 3120
14178 3465
14179 3104
14180 3439
14181 2927
14182 2746
14183 2764
14184 2969
14185 3133
14186 3092
14187 2788
14188 3261
14189 2642
14190 3007
14191 3164
14192 2727
14193 3117
14194 2939
14195 2866
14196 2982
14197 2844
14198 3092
14199 2962
14200 3130
14201 3242
14202 2386
14203 3004
14204 3098
14205 2866
14206 3117
14207 2220
14208 3160
14209 3102
14210 3233
14211 2312
14212 2979
14213 2861
14214 3156
14215 3149
14216 2885
14217 3339
14218 2660
14219 2866
14220 2152
14221 2795
14222 3037
14223 2965
14224 2654
14225 3009
14226 2993
14227 2478
14228 2820
14229 3192
14230 2530
14231 3365
14232 3237
14233 3310
14234 2842
14235 3074
14236 3154
14237 2789
14238 2918
14239 2849
14240 3021
14241 3348
14242 2777
14243 3156
14244 3021
14245 3173
14246 3177
14247 3198
14248 3014
14249 3171
14250 3016
14251 2984
14252 3347
14253 2653
14254 2431
14255 2718
14256 3138
14257 3093
14258 3006
14259 2703
14260 2745
14261 2749
14262 3011
14263 1769
14264 2659
14265 3088
14266 3334
14267 3093
14268 2294
14269 3297
14270 2977
14271 2930
14272 2626
14273 3070
14274 3370
14275 3108
14276 2226
14277 3258
14278 3157
14279 2911
14280 2947
14281 2627
14282 3140
14283 3389
14284 2466
14285 793
14286 2300
14287 2526
14288 3233
14289 2496
14290 3201
14291 2696
14292 3116
14293 3147
14294 2999
14295 2705
14296 2161
14297 2005
14298 2922
14299 2859
14300 2927
14301 2387
14302 3171
14303 2905
14304 473
14305 3408
14306 3100
14307 2986
14308 2726
14309 3249
14310 3146
14311 2385
14312 3137
14313 2936
14314 3318
14315 2947
14316 2838
14317 3238
14318 3100
14319 2916
14320 2989
14321 2654
14322 3107
14323 2967
14324 2836
14325 2992
14326 2475
14327 1284
14328 2850
14329 2433
14330 2849
14331 3078
14332 2984
14333 2847
14334 2944
14335 3419
14336 2895
14337 3154
14338 2661
14339 2456
14340 3300
14341 3139
14342 3321
14343 3251
14344 2946
14345 2417
14346 2930
14347 3122
14348 2843
14349 2652
14350 2897
14351 3139
14352 2652
14353 3304
14354 2850
14355 3152
14356 3063
14357 3080
14358 3261
14359 3037
14360 3250
14361 3116
14362 2940
14363 3227
14364 3303
14365 2736
14366 2948
14367 2894
14368 2651
14369 3310
14370 2358
14371 2821
14372 2866
14373 2945
14374 2634
14375 3325
14376 3168
14377 3283
14378 2601
14379 3157
14380 2625
14381 3179
14382 2989
14383 2781
14384 2950
14385 2672
14386 3036
14387 2952
14388 2894
14389 3467
14390 3090
14391 3120
14392 2922
14393 3024
14394 3062
14395 2824
14396 2653
14397 2853
14398 3092
14399 2833
14400 2842
14401 2765
14402 3176
14403 2397
14404 2633
14405 3226
14406 1259
14407 3235
14408 3120
14409 3432
14410 2932
14411 2929
14412 2969
14413 3058
14414 2569
14415 2912
14416 3160
14417 2844
14418 2044
14419 2874
14420 3024
14421 2512
14422 2917
14423 2509
14424 3048
14425 3007
14426 2980
14427 3508
14428 2767
14429 2777
14430 2637
14431 3047
14432 3247
14433 2348
14434 2415
14435 2653
14436 3046
14437 2766
14438 3260
14439 3219
14440 2607
14441 2570
14442 3198
14443 3063
14444 3308
14445 2899
14446 3196
14447 3401
14448 2796
14449 2357
14450 3158
14451 2858
14452 3149
14453 2912
14454 3348
14455 3356
14456 2913
14457 3441
14458 2781
14459 2858
14460 2496
14461 2795
14462 2901
14463 2245
14464 3157
14465 2702
14466 2975
14467 898
14468 3086
14469 2777
14470 2964
14471 2327
14472 2712
14473 3151
14474 2769
14475 2954
14476 2783
14477 3139
14478 2952
14479 3145
14480 2992
14481 2812
14482 3127
14483 2170
14484 3159
14485 2686
14486 3113
14487 3152
14488 3074
14489 3095
14490 3327
14491 3023
14492 3109
14493 3210
14494 3175
14495 2813
14496 2950
14497 2280
14498 3089
14499 3246
14500 2970
14501 3402
14502 3160
14503 3160
14504 3321
14505 2759
14506 3054
14507 2948
14508 3309
14509 3080
14510 3327
14511 3139
14512 3121
14513 2726
14514 2861
14515 3310
14516 3043
14517 2738
14518 2454
14519 3147
14520 3119
14521 3238
14522 2777
14523 3040
14524 3213
14525 2130
14526 2715
14527 3473
14528 3422
14529 3003
14530 2868
14531 3247
14532 3017
14533 3175
14534 3004
14535 3176
14536 2975
14537 2912
14538 3243
14539 3034
14540 3265
14541 3157
14542 3253
14543 3290
14544 3043
14545 2491
14546 2515
14547 2438
14548 2853
14549 2677
14550 2463
14551 3279
14552 3096
14553 3251
14554 3000
14555 2996
14556 3500
14557 2805
14558 2885
14559 2693
14560 3173
14561 2982
14562 2674
14563 2996
14564 3295
14565 2929
14566 3224
14567 3206
14568 2694
14569 2804
14570 2161
14571 2509
14572 3209
14573 3239
14574 2435
14575 3459
14576 2860
14577 3439
14578 2658
14579 3244
14580 2994
14581 3383
14582 2963
14583 3080
14584 3049
14585 2447
14586 2797
14587 2450
14588 3231
14589 2921
14590 3501
14591 3198
14592 2973
14593 2440
14594 2914
14595 2238
14596 2316
14597 3327
14598 2755
14599 2985
14600 2748
14601 3222
14602 3021
14603 2260
14604 2120
14605 2803
14606 3196
14607 3147
14608 3234
14609 2409
14610 3200
14611 3041
14612 3137
14613 3359
14614 1671
14615 3123
14616 3425
14617 2424
14618 2816
14619 3383
14620 2986
14621 3088
14622 3230
14623 2603
14624 2293
14625 3224
14626 3130
14627 3111
14628 3227
14629 3262
14630 2837
14631 2753
14632 2960
14633 3510
14634 2794
14635 3160
14636 2902
14637 3312
14638 2149
14639 3155
14640 3145
14641 3315
14642 2910
14643 2882
14644 3471
14645 2586
14646 2871
14647 3085
14648 2873
14649 3284
14650 2763
14651 2587
14652 3077
14653 2876
14654 2876
14655 3277
14656 2759
14657 2663
14658 3287
14659 3175
14660 3346
14661 3275
14662 2883
14663 3183
14664 3121
14665 2912
14666 3004
14667 2272
14668 2117
14669 2869
14670 2936
14671 2402
14672 2798
14673 2948
14674 2712
14675 2671
14676 3107
14677 3083
14678 2646
14679 3082
14680 3267
14681 3260
14682 3212
14683 2982
14684 2857
14685 3071
14686 3054
14687 3070
14688 3177
14689 3095
14690 3190
14691 2880
14692 3484
14693 2884
14694 2959
14695 3153
14696 3012
14697 3368
14698 2354
14699 3060
14700 3093
14701 2328
14702 3059
14703 2736
14704 2798
14705 2896
14706 2979
14707 3169
14708 3090
14709 2796
14710 3383
14711 3119
14712 2958
14713 3573
14714 2968
14715 3103
14716 3205
14717 2023
14718 2731
14719 3086
14720 2828
14721 3031
14722 2576
14723 2672
14724 3221
14725 2762
14726 3274
14727 3029
14728 3119
14729 2803
14730 3342
14731 2914
14732 3133
14733 2812
14734 1148
14735 3065
14736 2668
14737 3248
14738 3444
14739 2804
14740 2993
14741 2855
14742 2795
14743 3274
14744 2887
14745 2825
14746 2872
14747 3288
14748 3075
14749 3341
14750 2287
14751 3287
14752 2368
14753 2835
14754 3176
14755 3149
14756 2970
14757 3172
14758 3013
14759 3095
14760 3272
14761 3081
14762 3192
14763 3078
14764 3141
14765 2837
14766 3001
14767 2613
14768 3166
14769 2895
14770 2951
14771 2934
14772 2751
14773 2892
14774 794
14775 3238
14776 3292
14777 2923
14778 2574
14779 3373
14780 2902
14781 2966
14782 2998
14783 3018
14784 2753
14785 3066
14786 3097
14787 2690
14788 2921
14789 3028
14790 2943
14791 2533
14792 3059
14793 3123
14794 2557
14795 2369
14796 2747
14797 1189
14798 3199
14799 2874
14800 2576
14801 3086
14802 2967
14803 3099
14804 2812
14805 2724
14806 2958
14807 2247
14808 2480
14809 3196
14810 2389
14811 2839
14812 3018
14813 3015
14814 3323
14815 2715
14816 3093
14817 1814
14818 2886
14819 3065
14820 3079
14821 2915
14822 3338
14823 3093
14824 2781
14825 2840
14826 2979
14827 2302
14828 3006
14829 3073
14830 3142
14831 3304
14832 2733
14833 3113
14834 2846
14835 2796
14836 3057
14837 3038
14838 2848
14839 3188
14840 1634
14841 3193
14842 3023
14843 3231
14844 2923
14845 2899
14846 1963
14847 3104
14848 3295
14849 3223
14850 3329
14851 2836
14852 3276
14853 2266
14854 3041
14855 3151
14856 2680
14857 2358
14858 3082
14859 2911
14860 3076
14861 2898
14862 2916
14863 2765
14864 2714
14865 2868
14866 2721
14867 2858
14868 3046
14869 3019
14870 3325
14871 2983
14872 3230
14873 2441
14874 3200
14875 3484
14876 3115
14877 3002
14878 3236
14879 2673
14880 2883
14881 2793
14882 3303
14883 3157
14884 2808
14885 2619
14886 3006
14887 2331
14888 3111
14889 3239
14890 2844
14891 3235
14892 3055
14893 1087
14894 2829
14895 3156
14896 2673
14897 2878
14898 2971
14899 2453
14900 2836
14901 3226
14902 2345
14903 2732
14904 2712
14905 2605
14906 2879
14907 2844
14908 3067
14909 3179
14910 3394
14911 3168
14912 3280
14913 2986
14914 2632
14915 2874
14916 2009
14917 3307
14918 3293
14919 3259
14920 3246
14921 3065
14922 3332
14923 3086
14924 3024
14925 3006
14926 3403
14927 2791
14928 3150
14929 2970
14930 3082
14931 2720
14932 3195
14933 2298
14934 3127
14935 2771
14936 3077
14937 3048
14938 3211
14939 3004
14940 2866
14941 3054
14942 3073
14943 3149
14944 2374
14945 3118
14946 2592
14947 3456
14948 2702
14949 2913
14950 3034
14951 2543
14952 2206
14953 3150
14954 3218
14955 3456
14956 2608
14957 2863
14958 2858
14959 3132
14960 3306
14961 3072
14962 2627
14963 3149
14964 3238
14965 2874
14966 3235
14967 2848
14968 2624
14969 3062
14970 3033
14971 3039
14972 2965
14973 2626
14974 2760
14975 3070
14976 2717
14977 3140
14978 3141
14979 2955
14980 2478
14981 3262
14982 2982
14983 2811
14984 2810
14985 3215
14986 2899
14987 3113
14988 2948
14989 2923
14990 2875
14991 2601
14992 2606
14993 2711
14994 3278
14995 2291
14996 3413
14997 2876
14998 3187
14999 2860
15000 2544
15001 3053
15002 3162
15003 3092
15004 2632
15005 2961
15006 2887
15007 2942
15008 2790
15009 2243
15010 2683
15011 2976
15012 3102
15013 3168
15014 2589
15015 3003
15016 2630
15017 3019
15018 3410
15019 2853
15020 2516
15021 3429
15022 3186
15023 3137
15024 2749
15025 2825
15026 3175
15027 3340
15028 3090
15029 2784
15030 3146
15031 2704
15032 2845
15033 2876
15034 2699
15035 2966
15036 2709
15037 2669
15038 2819
15039 3066
15040 2962
15041 2250
15042 3257
15043 2776
15044 3335
15045 3336
15046 2329
15047 3111
15048 2993
15049 2931
15050 2986
15051 2536
15052 2686
15053 3030
15054 2683
15055 3181
15056 2775
15057 3034
15058 2687
15059 3132
15060 2678
15061 2785
15062 2954
15063 2973
15064 3055
15065 2786
15066 3075
15067 3243
15068 2648
15069 3452
15070 2721
15071 2641
15072 2817
15073 3350
15074 3079
15075 3287
15076 2741
15077 1585
15078 2941
15079 3382
15080 2910
15081 3074
15082 2614
15083 2671
15084 2691
15085 2720
15086 3044
15087 3392
15088 3351
15089 3245
15090 2528
15091 2782
15092 2693
15093 2395
15094 2743
15095 2561
15096 3033
15097 2874
15098 3007
15099 3207
15100 3121
15101 2872
15102 2695
15103 3044
15104 1626
15105 3067
15106 2453
15107 2583
15108 2635
15109 3073
15110 3279
15111 2943
15112 3467
15113 3164
15114 3224
15115 2989
15116 2666
15117 3293
15118 2792
15119 3181
15120 3204
15121 2787
15122 3100
15123 2896
15124 3065
15125 3160
15126 2826
15127 2740
15128 3148
15129 2965
15130 3358
15131 2952
15132 2917
15133 2938
15134 3153
15135 3352
15136 3030
15137 2079
15138 3432
15139 3290
15140 2638
15141 2696
15142 2503
15143 2575
15144 2885
15145 2624
15146 3008
15147 2383
15148 3568
15149 3045
15150 3005
15151 2868
15152 3300
15153 2871
15154 3217
15155 1773
15156 2875
15157 3118
15158 3219
15159 474
15160 2987
15161 3294
15162 3349
15163 2564
15164 2642
15165 3192
15166 3165
15167 2945
15168 3147
15169 2670
15170 2977
15171 2740
15172 3006
15173 3349
15174 2742
15175 3167
15176 2892
15177 3226
15178 3042
15179 2772
15180 2956
15181 2736
15182 3094
15183 3224
15184 3265
15185 1948
15186 3328
15187 3158
15188 3176
15189 2985
15190 2864
15191 2671
15192 2925
15193 1328
15194 2636
15195 3132
15196 3300
15197 2355
15198 2922
15199 3280
15200 2813
15201 2797
15202 2103
15203 3034
15204 3445
15205 2512
15206 3012
15207 2640
15208 2963
15209 3085
15210 3080
15211 2314
15212 3249
15213 2735
15214 3129
15215 3044
15216 2815
15217 2139
15218 3100
15219 3323
15220 1706
15221 3027
15222 2840
15223 3257
15224 3177
15225 2254
15226 2998
15227 2861
15228 3225
15229 3125
15230 2181
15231 3133
15232 2873
15233 3400
15234 3386
15235 2925
15236 2863
15237 3377
15238 2979
15239 3328
15240 3169
15241 2588
15242 2898
15243 2867
15244 3125
15245 2822
15246 3272
15247 2357
15248 2699
15249 3207
15250 2490
15251 3059
15252 3183
15253 2916
15254 3035
15255 2868
15256 3161
15257 3110
15258 2877
15259 2814
15260 3148
15261 2838
15262 3173
15263 1531
15264 3321
15265 1317
15266 3264
15267 2980
15268 3295
15269 3320
15270 2140
15271 3071
15272 3266
15273 3038
15274 3091
15275 3136
15276 2347
15277 3389
15278 2454
15279 2535
15280 2753
15281 3093
15282 3151
15283 2442
15284 2869
15285 2474
15286 3002
15287 3296
15288 2845
15289 2891
15290 3006
15291 2918
15292 3284
15293 2410
15294 2802
15295 3069
15296 2973
15297 2462
15298 3017
15299 3104
15300 3136
15301 2410
15302 2881
15303 3087
15304 2503
15305 3149
15306 3150
15307 2727
15308 3078
15309 3232
15310 3118
15311 3004
15312 3176
15313 2816
15314 3238
15315 2667
15316 3449
15317 2807
15318 2571
15319 2670
15320 204
15321 3176
15322 2847
15323 3128
15324 3177
15325 2271
15326 2998
15327 2274
15328 3419
15329 1524
15330 3112
15331 3051
15332 2852
15333 2957
15334 3157
15335 2956
15336 2848
15337 3489
15338 3312
15339 2649
15340 3015
15341 3092
15342 3299
15343 2893
15344 147
15345 3135
15346 2869
15347 2659
15348 2707
15349 2944
15350 2919
15351 3014
15352 2789
15353 3005
15354 2730
15355 3060
15356 2629
15357 2983
15358 2859
15359 2505
15360 2792
15361 3403
15362 2374
15363 3140
15364 2984
15365 3060
15366 2954
15367 3213
15368 2569
15369 2472
15370 2900
15371 3199
15372 2989
15373 2948
15374 3146
15375 3195
15376 2897
15377 3359
15378 3286
15379 3009
15380 3051
15381 2755
15382 3559
15383 2744
15384 3120
15385 3054
15386 2561
15387 2445
15388 2941
15389 3237
15390 3023
15391 2943
15392 3189
15393 3398
15394 3222
15395 3228
15396 3192
15397 2261
15398 2553
15399 3476
15400 3312
15401 3131
15402 2956
15403 2473
15404 3178
15405 2770
15406 2813
15407 3219
15408 3103
15409 2953
15410 1945
15411 2551
15412 2629
15413 3121
15414 3114
15415 2438
15416 3294
15417 3101
15418 2987
15419 3254
15420 2827
15421 2864
15422 2975
15423 3140
15424 2841
15425 3142
15426 3229
15427 2625
15428 2598
15429 2923
15430 2664
15431 3328
15432 3133
15433 2030
15434 3103
15435 2913
15436 2037
15437 1891
15438 3089
15439 3125
15440 3219
15441 3222
15442 3029
15443 2705
15444 3028
15445 2573
15446 2655
15447 3071
15448 3294
15449 2990
15450 3210
15451 3072
15452 2186
15453 3020
15454 2800
15455 2769
15456 3260
15457 3191
15458 1877
15459 2684
15460 2938
15461 2840
15462 3295
15463 3069
15464 3111
15465 2877
15466 2769
15467 3232
15468 3344
15469 3017
15470 2900
15471 1850
15472 3083
15473 3210
15474 3417
15475 3030
15476 1574
15477 2976
15478 2791
15479 3154
15480 3192
15481 2761
15482 3363
15483 2941
15484 2309
15485 2252
15486 3183
15487 3073
15488 2748
15489 2980
15490 2688
15491 2469
15492 2468
15493 1367
15494 2627
15495 2908
15496 2219
15497 3018
15498 3264
15499 2839
15500 2695
15501 2985
15502 3418
15503 3385
15504 2607
15505 2924
15506 2677
15507 2998
15508 2814
15509 3082
15510 3115
15511 3062
15512 3215
15513 2853
15514 2690
15515 2904
15516 3370
15517 3007
15518 2826
15519 2567
15520 3182
15521 3100
15522 2669
15523 2998
15524 3240
15525 2902
15526 3227
15527 2969
15528 2751
15529 3123
15530 2769
15531 2817
15532 3078
15533 3360
15534 1863
15535 3303
15536 3033
15537 3316
15538 2486
15539 2629
15540 3120
15541 2653
15542 2578
15543 2909
15544 3462
15545 2945
15546 3152
15547 2833
15548 2938
15549 3031
15550 2973
15551 3211
15552 2658
15553 3235
15554 3186
15555 3281
15556 3033
15557 3201
15558 2933
15559 2748
15560 2994
15561 2326
15562 2700
15563 3095
15564 2385
15565 2956
15566 3076
15567 3399
15568 2951
15569 3450
15570 2093
15571 2573
15572 3318
15573 2635
15574 2670
15575 3112
15576 2428
15577 2622
15578 3148
15579 3291
15580 2715
15581 2947
15582 2959
15583 2980
15584 843
15585 3145
15586 2839
15587 2847
15588 2647
15589 2401
15590 2759
15591 3204
15592 3086
15593 2953
15594 3311
15595 2937
15596 2809
15597 3210
15598 3121
15599 2942
15600 3353
15601 2978
15602 3278
15603 3154
15604 2999
15605 3053
15606 1494
15607 2759
15608 2702
15609 3419
15610 3193
15611 3061
15612 2891
15613 2893
15614 2824
15615 2574
15616 3143
15617 2832
15618 3098
15619 2665
15620 2772
15621 3432
15622 1622
15623 2958
15624 2986
15625 2847
15626 2833
15627 3191
15628 2837
15629 3027
15630 3149
15631 2854
15632 3410
15633 3432
15634 3185
15635 2939
15636 2448
15637 2349
15638 3410
15639 2300
15640 2484
15641 3071
15642 3095
15643 3102
15644 3312
15645 2576
15646 3271
15647 2944
15648 1186
15649 3085
15650 3283
15651 2767
15652 3286
15653 2403
15654 2805
15655 2869
15656 3568
15657 3004
15658 2341
15659 2702
15660 3060
15661 3335
15662 2985
15663 3275
15664 2990
15665 3131
15666 3052
15667 2958
15668 2710
15669 3053
15670 3065
15671 2631
15672 2590
15673 3209
15674 2959
15675 2911
15676 2707
15677 3109
15678 3108
15679 3453
15680 2798
15681 3025
15682 2942
15683 2680
15684 3103
15685 2900
15686 2843
15687 3091
15688 2959
15689 2824
15690 3292
15691 2807
15692 3318
15693 3015
15694 3370
15695 2609
15696 3172
15697 2628
15698 2996
15699 3174
15700 849
15701 2791
15702 2881
15703 3132
15704 2999
15705 2549
15706 3287
15707 2629
15708 2826
15709 1997
15710 3418
15711 3073
15712 2997
15713 2967
15714 2732
15715 2846
15716 3367
15717 3071
15718 2682
15719 3193
15720 2598
15721 3139
15722 3265
15723 2911
15724 2374
15725 3081
15726 2798
15727 3315
15728 2874
15729 3209
15730 2595
15731 2991
15732 1537
15733 3054
15734 3051
15735 3024
15736 2898
15737 2956
15738 3242
15739 3210
15740 3121
15741 2897
15742 2627
15743 3220
15744 3099
15745 3084
15746 2966
15747 2724
15748 2273
15749 3097
15750 1914
15751 1825
15752 2906
15753 574
15754 3188
15755 3022
15756 1847
15757 3100
15758 2540
15759 2858
15760 2807
15761 3042
15762 3068
15763 2927
15764 1995
15765 2102
15766 3088
15767 2668
15768 2437
15769 3242
15770 2727
15771 2933
15772 2838
15773 3049
15774 2836
15775 3028
15776 3114
15777 3201
15778 2565
15779 2999
15780 3332
15781 2629
15782 2396
15783 2674
15784 3320
15785 2756
15786 2539
15787 2397
15788 3065
15789 2538
15790 2886
15791 2815
15792 2811
15793 2963
15794 3351
15795 3124
15796 3128
15797 2673
15798 2199
15799 2956
15800 2963
15801 3069
15802 2725
15803 2649
15804 3423
15805 3188
15806 3210
15807 3032
15808 2882
15809 3346
15810 3256
15811 3134
15812 3270
15813 3222
15814 3165
15815 2514
15816 3027
15817 2968
15818 3050
15819 3176
15820 3382
15821 3369
15822 2929
15823 2610
15824 3110
15825 3078
15826 2911
15827 3365
15828 2898
15829 3071
15830 3068
15831 2947
15832 3312
15833 3329
15834 2443
15835 3227
15836 3313
15837 2923
15838 2933
15839 3070
15840 2846
15841 3105
15842 3014
15843 2957
15844 3208
15845 3498
15846 2991
15847 2770
15848 3503
15849 3024
15850 2803
15851 2833
15852 3206
15853 2778
15854 3158
15855 3091
15856 2716
15857 2498
15858 2905
15859 2741
15860 2891
15861 3401
15862 2888
15863 3079
15864 2650
15865 3115
15866 2413
15867 2701
15868 3348
15869 2995
15870 3045
15871 3063
15872 3050
15873 2983
15874 2326
15875 3111
15876 2742
15877 2902
15878 3239
15879 2220
15880 3484
15881 3087
15882 2979
15883 2649
15884 3163
15885 3039
15886 2335
15887 3058
15888 2685
15889 2991
15890 2651
15891 2277
15892 3082
15893 2797
15894 2848
15895 3249
15896 3085
15897 2691
15898 3150
15899 3398
15900 2788
15901 3162
15902 3082
15903 2588
15904 2837
15905 3044
15906 2941
15907 3019
15908 3119
15909 3176
15910 3222
15911 2979
15912 3018
15913 2869
15914 3288
15915 3389
15916 2939
15917 2759
15918 2704
15919 2795
15920 2719
15921 2441
15922 2159
15923 2680
15924 2716
15925 3118
15926 3174
15927 3209
15928 2843
15929 2898
15930 3306
15931 3162
15932 3113
15933 2816
15934 3143
15935 3196
15936 3216
15937 2284
15938 2504
15939 3269
15940 3210
15941 3181
15942 1211
15943 2884
15944 2749
15945 3415
15946 2180
15947 3232
15948 3188
15949 3108
15950 2843
15951 2754
15952 2552
15953 2572
15954 3052
15955 3093
15956 2557
15957 3143
15958 2405
15959 3153
15960 3405
15961 3211
15962 1728
15963 2905
15964 3177
15965 3253
15966 2928
15967 2997
15968 3034
15969 2748
15970 3099
15971 3243
15972 3056
15973 2551
15974 2996
15975 3089
15976 1508
15977 3106
15978 1663
15979 2734
15980 2981
15981 2892
15982 2830
15983 2904
15984 3414
15985 2672
15986 3077
15987 3278
15988 2790
15989 2958
15990 2852
15991 2760
15992 2972
15993 3137
15994 2732
15995 3409
15996 3214
15997 2842
15998 97
15999 2943
16000 3245
16001 3062
16002 3381
16003 3273
16004 3111
16005 2754
16006 2913
16007 3171
16008 2975
16009 3132
16010 3002
16011 2817
16012 2983
16013 2525
16014 2989
16015 2255
16016 3340
16017 3160
16018 2784
16019 2735
16020 3155
16021 3335
16022 3065
16023 3155
16024 2788
16025 3113
16026 3298
16027 2945
16028 2991
16029 3062
16030 2820
16031 3460
16032 2859
16033 3223
16034 2918
16035 3462
16036 3115
16037 2913
16038 3124
16039 3286
16040 2557
16041 3260
16042 2226
16043 2648
16044 3058
16045 2819
16046 3173
16047 3244
16048 2523
16049 3161
16050 2802
16051 2146
16052 3036
16053 3356
16054 2332
16055 3323
16056 3273
16057 3135
16058 3187
16059 1745
16060 3162
16061 3051
16062 3427
16063 2659
16064 2856
16065 3239
16066 3155
16067 2818
16068 2728
16069 3280
16070 2926
16071 3031
16072 2970
16073 3207
16074 2769
16075 2424
16076 3175
16077 2812
16078 2971
16079 3222
16080 2875
16081 3238
16082 2447
16083 3022
16084 2870
16085 2940
16086 2445
16087 2623
16088 2917
16089 3142
16090 2928
16091 3203
16092 2807
16093 3099
16094 2883
16095 3041
16096 2714
16097 3236
16098 3136
16099 3348
16100 2815
16101 2421
16102 3202
16103 3265
16104 3304
16105 2515
16106 2931
16107 3024
16108 2997
16109 2908
16110 2408
16111 2904
16112 3087
16113 3295
16114 2822
16115 2907
16116 2980
16117 3013
16118 2600
16119 3056
16120 2655
16121 3500
16122 2783
16123 3168
16124 2889
16125 2949
16126 3123
16127 3056
16128 3068
16129 3138
16130 3456
16131 2688
16132 3139
16133 2665
16134 2837
16135 2844
16136 3315
16137 3227
16138 3247
16139 3363
16140 3049
16141 2908
16142 2761
16143 2899
16144 2454
16145 3098
16146 2947
16147 2980
16148 2854
16149 2884
16150 3143
16151 2576
16152 3275
16153 3016
16154 2725
16155 3234
16156 3117
16157 2963
16158 3074
16159 3064
16160 3275
16161 3092
16162 2799
16163 3074
16164 3262
16165 2788
16166 3097
16167 3234
16168 3052
16169 2779
16170 2513
16171 3329
16172 3061
16173 3177
16174 2966
16175 3240
16176 3404
16177 3427
16178 2636
16179 3142
16180 2705
16181 3113
16182 2963
16183 3272
16184 2921
16185 2849
16186 3005
16187 2957
16188 1465
16189 2714
16190 3279
16191 2880
16192 3047
16193 2559
16194 3281
16195 3229
16196 2853
16197 2903
16198 3145
16199 2794
16200 2966
16201 3447
16202 2958
16203 2867
16204 1896
16205 3222
16206 2701
16207 3197
16208 2557
16209 3085
16210 3256
16211 3136
16212 2734
16213 2875
16214 3010
16215 2809
16216 2774
16217 2503
16218 3198
16219 3185
16220 3108
16221 2928
16222 3063
16223 3052
16224 3083
16225 2435
16226 3088
16227 3226
16228 2596
16229 2779
16230 2336
16231 3061
16232 2877
16233 3249
16234 2521
16235 2833
16236 2926
16237 2927
16238 3094
16239 2497
16240 2973
16241 2649
16242 2842
16243 2786
16244 3213
16245 3361
16246 3204
16247 3237
16248 3129
16249 3423
16250 3141
16251 2858
16252 2926
16253 3332
16254 2607
16255 2622
16256 2926
16257 2290
16258 3168
16259 3125
16260 2627
16261 3069
16262 3004
16263 3115
16264 3263
16265 3075
16266 2847
16267 2793
16268 3465
16269 2875
16270 3396
16271 2690
16272 2874
16273 2864
16274 2877
16275 2732
16276 2683
16277 2128
16278 2944
16279 2811
16280 2984
16281 2475
16282 3335
16283 3267
16284 2540
16285 3137
16286 2816
16287 3146
16288 3356
16289 3130
16290 2361
16291 2067
16292 3019
16293 2607
16294 2789
16295 3244
16296 2719
16297 3306
16298 3136
16299 3558
16300 2910
16301 2964
16302 3160
16303 2853
16304 2875
16305 2732
16306 3289
16307 2911
16308 2731
16309 2825
16310 2266
16311 3268
16312 2740
16313 2801
16314 3179
16315 3214
16316 2327
16317 2741
16318 3375
16319 2979
16320 3093
16321 3369
16322 2788
16323 649
16324 2979
16325 2968
16326 3177
16327 2702
16328 2945
16329 2976
16330 2853
16331 2996
16332 2506
16333 3212
16334 2741
16335 2774
16336 2931
16337 2379
16338 3143
16339 3085
16340 2745
16341 3170
16342 3086
16343 2648
16344 3082
16345 3009
16346 2428
16347 2990
16348 3041
16349 2892
16350 2901
16351 3043
16352 3048
16353 2945
16354 3255
16355 2506
16356 2523
16357 2710
16358 2476
16359 3278
16360 2753
16361 2677
16362 3173
16363 2495
16364 2781
16365 3093
16366 3191
16367 3318
16368 3389
16369 1935
16370 2566
16371 3084
16372 2858
16373 2480
16374 2858
16375 2721
16376 1397
16377 3132
16378 3305
16379 3492
16380 2205
16381 2166
16382 2727
16383 2902
16384 3312
16385 2744
16386 3027
16387 2953
16388 2910
16389 2896
16390 2869
16391 3442
16392 3256
16393 3091
16394 2528
16395 2014
16396 2459
16397 3264
16398 3099
16399 2920
16400 3692
16401 3345
16402 3414
16403 3211
16404 3177
16405 3165
16406 2882
16407 2642
16408 2622
16409 2816
16410 2797
16411 2841
16412 3303
16413 3225
16414 3116
16415 3316
16416 3303
16417 2979
16418 3148
16419 2862
16420 3229
16421 2787
16422 2691
16423 3202
16424 3254
16425 2597
16426 3130
16427 2724
16428 3001
16429 3387
16430 2124
16431 2544
16432 3282
16433 3102
16434 3123
16435 2417
16436 2947
16437 3150
16438 2404
16439 3252
16440 3126
16441 2755
16442 2027
16443 3217
16444 2949
16445 3266
16446 3037
16447 2494
16448 3091
16449 2196
16450 2990
16451 2804
16452 2806
16453 2895
16454 3338
16455 2723
16456 3288
16457 2884
16458 3034
16459 3288
16460 3174
16461 3182
16462 3068
16463 3123
16464 3034
16465 3009
16466 2749
16467 2941
16468 3202
16469 3011
16470 3120
16471 3208
16472 3066
16473 2976
16474 3161
16475 3120
16476 3305
16477 3119
16478 3340
16479 2746
16480 2936
16481 2640
16482 2561
16483 3060
16484 3002
16485 3169
16486 3130
16487 2763
16488 2844
16489 3221
16490 2998
16491 2826
16492 2749
16493 2648
16494 3222
16495 3128
16496 3087
16497 3374
16498 3204
16499 3220
16500 2124
16501 1986
16502 2544
16503 3156
16504 3079
16505 2699
16506 3084
16507 2790
16508 3360
16509 3262
16510 3025
16511 2586
16512 3392
16513 2762
16514 2958
16515 1340
16516 2983
16517 3054
16518 3345
16519 2753
16520 2633
16521 3042
16522 1565
16523 1016
16524 3092
16525 2505
16526 2802
16527 2484
16528 3205
16529 3241
16530 2896
16531 2684
16532 3010
16533 3054
16534 2782
16535 2948
16536 2655
16537 2873
16538 3257
16539 2927
16540 3102
16541 786
16542 3147
16543 3450
16544 2655
16545 2462
16546 3115
16547 2649
16548 2515
16549 2965
16550 3414
16551 3250
16552 3202
16553 3146
16554 3106
16555 2839
16556 3352
16557 3144
16558 3127
16559 3057
16560 2890
16561 2917
16562 3129
16563 3256
16564 2875
16565 3171
16566 2622
16567 2946
16568 2474
16569 2775
16570 2916
16571 2989
16572 3008
16573 2777
16574 2711
16575 2661
16576 2948
16577 3230
16578 2852
16579 3038
16580 3106
16581 2724
16582 3078
16583 3030
16584 3542
16585 3275
16586 2960
16587 2545
16588 3163
16589 3072
16590 3274
16591 2882
16592 3034
16593 2853
16594 3339
16595 3199
16596 2634
16597 3224
16598 2385
16599 2863
16600 3237
16601 2945
16602 3170
16603 3002
16604 2945
16605 1628
16606 3261
16607 2755
16608 2977
16609 3045
16610 3213
16611 3095
16612 3360
16613 2932
16614 2792
16615 3233
16616 2899
16617 3240
16618 3010
16619 2633
16620 2909
16621 2229
16622 2860
16623 2829
16624 2792
16625 2097
16626 2963
16627 2428
16628 3238
16629 3464
16630 2893
16631 3340
16632 2650
16633 2964
16634 3075
16635 2831
16636 2438
16637 3132
16638 2990
16639 3254
16640 3187
16641 2808
16642 2711
16643 3015
16644 3097
16645 3345
16646 3222
16647 2866
16648 2871
16649 3271
16650 2969
16651 2741
16652 2901
16653 3073
16654 2995
16655 3069
16656 3287
16657 2855
16658 3395
16659 2870
16660 3072
16661 3134
16662 3478
16663 3252
16664 3054
16665 2626
16666 3091
16667 3194
16668 3125
16669 2814
16670 2696
16671 3206
16672 2494
16673 2825
16674 798
16675 3206
16676 3332
16677 2647
16678 3224
16679 3141
16680 2941
16681 2811
16682 2980
16683 2962
16684 2855
16685 3334
16686 2959
16687 2915
16688 3183
16689 3225
16690 2893
16691 2844
16692 2678
16693 3094
16694 2568
16695 3377
16696 2937
16697 2592
16698 3110
16699 2780
16700 3311
16701 3220
16702 3122
16703 2911
16704 3388
16705 3108
16706 3248
16707 2900
16708 2682
16709 3078
16710 1934
16711 3055
16712 3250
16713 2519
16714 3305
16715 2923
16716 2429
16717 2546
16718 2943
16719 3172
16720 2890
16721 3071
16722 2823
16723 3304
16724 3211
16725 3141
16726 2997
16727 1285
16728 2920
16729 2858
16730 3288
16731 3222
16732 2939
16733 3127
16734 3183
16735 3016
16736 2981
16737 1984
16738 3562
16739 3428
16740 2861
16741 2883
16742 3003
16743 2936
16744 2961
16745 1468
16746 3153
16747 2371
16748 3291
16749 2880
16750 3273
16751 2747
16752 2688
16753 3020
16754 2981
16755 2954
16756 2333
16757 3061
16758 3185
16759 3169
16760 3309
16761 2238
16762 3232
16763 2628
16764 2932
16765 2845
16766 2963
16767 3247
16768 2685
16769 3046
16770 3145
16771 717
16772 3187
16773 2233
16774 3030
16775 2944
16776 3188
16777 2424
16778 2534
16779 2766
16780 3178
16781 1984
16782 3257
16783 3126
16784 3013
16785 2780
16786 3042
16787 3244
16788 2943
16789 2926
16790 2321
16791 2689
16792 2795
16793 2693
16794 3295
16795 3082
16796 3226
16797 3230
16798 1812
16799 2939
16800 3338
16801 3084
16802 3376
16803 3117
16804 2918
16805 2808
16806 2771
16807 2840
16808 2972
16809 2818
16810 2615
16811 2971
16812 2442
16813 2660
16814 2295
16815 2996
16816 2793
16817 3255
16818 2725
16819 3133
16820 2822
16821 2832
16822 2948
16823 3377
16824 2941
16825 3345
16826 2379
16827 3165
16828 2645
16829 2989
16830 2456
16831 3034
16832 3029
16833 3357
16834 2500
16835 2878
16836 2491
16837 2733
16838 2629
16839 3015
16840 2070
16841 3511
16842 2879
16843 2287
16844 2670
16845 2987
16846 3206
16847 2132
16848 3266
16849 2822
16850 3036
16851 2925
16852 3191
16853 3159
16854 2607
16855 2989
16856 3172
16857 2601
16858 1528
16859 2785
16860 3007
16861 2978
16862 3079
16863 2569
16864 3187
16865 3181
16866 2449
16867 3167
16868 2581
16869 2989
16870 3253
16871 2831
16872 3005
16873 3361
16874 3000
16875 3059
16876 3145
16877 3145
16878 2291
16879 2788
16880 3277
16881 3075
16882 2969
16883 2947
16884 2379
16885 3186
16886 3348
16887 3154
16888 2921
16889 2794
16890 2818
16891 2815
16892 3172
16893 2865
16894 2898
16895 3053
16896 3145
16897 3222
16898 2972
16899 2705
16900 3172
16901 3156
16902 3259
16903 2486
16904 2882
16905 3092
16906 2398
16907 3186
16908 2837
16909 2862
16910 3203
16911 2925
16912 2078
16913 3560
16914 3082
16915 2674
16916 2527
16917 2947
16918 3193
16919 3217
16920 2981
16921 3131
16922 2695
16923 3351
16924 3021
16925 3059
16926 2987
16927 2674
16928 3003
16929 3172
16930 3106
16931 2965
16932 3135
16933 3094
16934 2717
16935 3051
16936 3108
16937 3230
16938 1515
16939 3043
16940 2958
16941 2952
16942 2985
16943 2761
16944 3203
16945 2980
16946 3014
16947 3182
16948 2793
16949 2239
16950 2311
16951 3176
16952 2959
16953 3050
16954 2715
16955 2651
16956 3250
16957 3039
16958 2527
16959 2877
16960 2962
16961 2858
16962 3018
16963 3027
16964 3209
16965 2942
16966 3124
16967 2808
16968 2617
16969 3098
16970 2838
16971 2795
16972 3049
16973 2986
16974 2553
16975 3290
16976 3046
16977 3081
16978 1979
16979 2926
16980 2656
16981 2942
16982 3297
16983 3197
16984 2553
16985 2995
16986 2933
16987 2388
16988 3190
16989 2731
16990 3250
16991 2788
16992 2638
16993 2767
16994 3363
16995 3200
16996 3017
16997 3011
16998 3172
16999 2993
17000 3328
17001 2936
17002 2786
17003 2846
17004 2273
17005 2827
17006 3339
17007 2635
17008 3218
17009 2954
17010 2820
17011 3126
17012 2975
17013 2735
17014 3035
17015 2693
17016 2612
17017 3232
17018 2653
17019 2694
17020 3330
17021 2695
17022 3175
17023 2695
17024 3099
17025 3040
17026 3230
17027 2945
17028 3267
17029 2932
17030 2735
17031 2997
17032 3283
17033 3038
17034 3363
17035 2717
17036 3354
17037 3135
17038 2600
17039 3199
17040 3130
17041 2894
17042 3044
17043 2999
17044 2886
17045 3002
17046 3118
17047 3158
17048 2635
17049 3206
17050 3109
17051 3231
17052 2021
17053 3124
17054 3405
17055 2878
17056 2944
17057 3131
17058 3016
17059 3234
17060 2948
17061 2720
17062 3260
17063 2827
17064 3209
17065 3019
17066 2814
17067 2831
17068 2982
17069 3347
17070 3045
17071 2696
17072 3027
17073 3009
17074 2897
17075 3150
17076 3256
17077 3242
17078 2952
17079 3454
17080 2925
17081 3272
17082 2685
17083 2653
17084 3067
17085 1873
17086 2931
17087 2727
17088 2763
17089 3029
17090 3012
17091 2654
17092 2977
17093 2946
17094 2689
17095 3218
17096 2919
17097 3155
17098 3051
17099 3171
17100 3357
17101 3019
17102 2549
17103 2792
17104 2772
17105 984
17106 2736
17107 3178
17108 2926
17109 3079
17110 3375
17111 2904
17112 3239
17113 3165
17114 2863
17115 2842
17116 3298
17117 3057
17118 2935
17119 3391
17120 3493
17121 2658
17122 3229
17123 3104
17124 2520
17125 2850
17126 3113
17127 3120
17128 3264
17129 2925
17130 2895
17131 3268
17132 3106
17133 2738
17134 2821
17135 2645
17136 2724
17137 3135
17138 3113
17139 2471
17140 2719
17141 3236
17142 3111
17143 3277
17144 3179
17145 2970
17146 2787
17147 2750
17148 2733
17149 2706
17150 2731
17151 3235
17152 2770
17153 2639
17154 3205
17155 2959
17156 3308
17157 2611
17158 2549
17159 3364
17160 1230
17161 2695
17162 3196
17163 3042
17164 3017
17165 2893
17166 3433
17167 2729
17168 2856
17169 3023
17170 2902
17171 2672
17172 2415
17173 2649
17174 2890
17175 2941
17176 2714
17177 3048
17178 2895
17179 3042
17180 2285
17181 3048
17182 3085
17183 2824
17184 3098
17185 2773
17186 3248
17187 2899
17188 3030
17189 2935
17190 3223
17191 3209
17192 3103
17193 3223
17194 3129
17195 2763
17196 3258
17197 3260
17198 3152
17199 3372
17200 2420
17201 3213
17202 3062
17203 3001
17204 2869
17205 3050
17206 2947
17207 3227
17208 3022
17209 2737
17210 3212
17211 2829
17212 2607
17213 3022
17214 3182
17215 3067
17216 3238
17217 3088
17218 2902
17219 2651
17220 3030
17221 3064
17222 3368
17223 2704
17224 2610
17225 3122
17226 3359
17227 3054
17228 2769
17229 3107
17230 2902
17231 3125
17232 3282
17233 2825
17234 3083
17235 2804
17236 3029
17237 2512
17238 3001
17239 3065
17240 3225
17241 3550
17242 2828
17243 3151
17244 2907
17245 2852
17246 2877
17247 2487
17248 2996
17249 2440
17250 3336
17251 2704
17252 2363
17253 3076
17254 2767
17255 2613
17256 2806
17257 2813
17258 2823
17259 1726
17260 3391
17261 2876
17262 2795
17263 2984
17264 2626
17265 3263
17266 3105
17267 2526
17268 2830
17269 3123
17270 2955
17271 3371
17272 2944
17273 3185
17274 3211
17275 2904
17276 3088
17277 2689
17278 3102
17279 3379
17280 2745
17281 3140
17282 3227
17283 3048
17284 3046
17285 2579
17286 2871
17287 2753
17288 3057
17289 2921
17290 3259
17291 2795
17292 2668
17293 2734
17294 2417
17295 2972
17296 2884
17297 3059
17298 3233
17299 2631
17300 3109
17301 2772
17302 2835
17303 3106
17304 2602
17305 3029
17306 3048
17307 2834
17308 3412
17309 2821
17310 2974
17311 3023
17312 2262
17313 2939
17314 2988
17315 3030
17316 3260
17317 2920
17318 3112
17319 3177
17320 3049
17321 2894
17322 2863
17323 3178
17324 2890
17325 2905
17326 3228
17327 3177
17328 3261
17329 2793
17330 2689
17331 3138
17332 3149
17333 2273
17334 2812
17335 3139
17336 2858
17337 3253
17338 3162
17339 3095
17340 3119
17341 2882
17342 3273
17343 1435
17344 2726
17345 3377
17346 3107
17347 2320
17348 2899
17349 2837
17350 2913
17351 2878
17352 2799
17353 2746
17354 3083
17355 2743
17356 3433
17357 2559
17358 3005
17359 3234
17360 2870
17361 3382
17362 3130
17363 2952
17364 2608
17365 2709
17366 2806
17367 2458
17368 2883
17369 3061
17370 3132
17371 2887
17372 3175
17373 3178
17374 2916
17375 2942
17376 3184
17377 3185
17378 3095
17379 3184
17380 2256
17381 2953
17382 2655
17383 3002
17384 2936
17385 3211
17386 3061
17387 2755
17388 3067
17389 2645
17390 3241
17391 3218
17392 2941
17393 3471
17394 3142
17395 2823
17396 3010
17397 2864
17398 3231
17399 2889
17400 2874
17401 3005
17402 3011
17403 3016
17404 2215
17405 2902
17406 3293
17407 2956
17408 3263
17409 1927
17410 3397
17411 3157
17412 3088
17413 2809
17414 2534
17415 3252
17416 3331
17417 3056
17418 3073
17419 3020
17420 2280
17421 2851
17422 2688
17423 3062
17424 3264
17425 3071
17426 3046
17427 2401
17428 1581
17429 2415
17430 2742
17431 2871
17432 2955
17433 3194
17434 3438
17435 3252
17436 3170
17437 3243
17438 2997
17439 2934
17440 2733
17441 3287
17442 2996
17443 3336
17444 3193
17445 3133
17446 3079
17447 2997
17448 3010
17449 2948
17450 2557
17451 2810
17452 2162
17453 3049
17454 2628
17455 2840
17456 3278
17457 3593
17458 2472
17459 2878
17460 2952
17461 2736
17462 2828
17463 3023
17464 2977
17465 3016
17466 3313
17467 3254
17468 2001
17469 3058
17470 2789
17471 2836
17472 3049
17473 3058
17474 2943
17475 3371
17476 3261
17477 3425
17478 3142
17479 2835
17480 3185
17481 2865
17482 3098
17483 3330
17484 3221
17485 2956
17486 3208
17487 2705
17488 3024
17489 2590
17490 2814
17491 3212
17492 2763
17493 3120
17494 2803
17495 2627
17496 2688
17497 3270
17498 3138
17499 3156
17500 3434
17501 2855
17502 2348
17503 2490
17504 2703
17505 2326
17506 2167
17507 3154
17508 1957
17509 2857
17510 2863
17511 3052
17512 3559
17513 2758
17514 3274
17515 2725
17516 2953
17517 2847
17518 2782
17519 2974
17520 3136
17521 3139
17522 3211
17523 3139
17524 3267
17525 2386
17526 2945
17527 2923
17528 3055
17529 2546
17530 3036
17531 3403
17532 3448
17533 3236
17534 3117
17535 3170
17536 2983
17537 2683
17538 3360
17539 3204
17540 1901
17541 2632
17542 2676
17543 2917
17544 2973
17545 3060
17546 2619
17547 2733
17548 2630
17549 2964
17550 3112
17551 2989
17552 3195
17553 3100
17554 3095
17555 3201
17556 3293
17557 3292
17558 3178
17559 2893
17560 3322
17561 3044
17562 2522
17563 3193
17564 2554
17565 3020
17566 2883
17567 2599
17568 3043
17569 2988
17570 2422
17571 2010
17572 3411
17573 3119
17574 2978
17575 3258
17576 3172
17577 3168
17578 2907
17579 2037
17580 2757
17581 2593
17582 2807
17583 3099
17584 3156
17585 2523
17586 3227
17587 2864
17588 2905
17589 2457
17590 2578
17591 3230
17592 2747
17593 3131
17594 2696
17595 3264
17596 3133
17597 2130
17598 2610
17599 2844
17600 3321
17601 2694
17602 2443
17603 3118
17604 1415
17605 3224
17606 3136
17607 2368
17608 3249
17609 1580
17610 2400
17611 3206
17612 3023
17613 3043
17614 2637
17615 2933
17616 2975
17617 2617
17618 2863
17619 3052
17620 2973
17621 3119
17622 2560
17623 2903
17624 3218
17625 3129
17626 3089
17627 2806
17628 3133
17629 2465
17630 3118
17631 3263
17632 3042
17633 2768
17634 3023
17635 3154
17636 3221
17637 3131
17638 2654
17639 3298
17640 2559
17641 2984
17642 2954
17643 3240
17644 3332
17645 2993
17646 3052
17647 3320
17648 2858
17649 3031
17650 2702
17651 2910
17652 3509
17653 2504
17654 3357
17655 3274
17656 2744
17657 2977
17658 3048
17659 1779
17660 3114
17661 3062
17662 3355
17663 3281
17664 2741
17665 3170
17666 2841
17667 2769
17668 3184
17669 3156
17670 3097
17671 2271
17672 3098
17673 3097
17674 3214
17675 3040
17676 3063
17677 2786
17678 3031
17679 3163
17680 2730
17681 3051
17682 2750
17683 3064
17684 3205
17685 3076
17686 3054
17687 2910
17688 3191
17689 2967
17690 3198
17691 2855
17692 2685
17693 2666
17694 3095
17695 2730
17696 2316
17697 3206
17698 3185
17699 3194
17700 3067
17701 2800
17702 3148
17703 3293
17704 3340
17705 2497
17706 3026
17707 3191
17708 3172
17709 3008
17710 3163
17711 2765
17712 2597
17713 3038
17714 3290
17715 3332
17716 2573
17717 2681
17718 3184
17719 3062
17720 3041
17721 2562
17722 879
17723 3239
17724 3172
17725 3172
17726 3315
17727 3281
17728 2939
17729 3370
17730 3348
17731 3221
17732 3206
17733 2963
17734 3285
17735 3280
17736 2893
17737 3088
17738 2898
17739 3212
17740 2706
17741 3194
17742 2636
17743 640
17744 1987
17745 2822
17746 2905
17747 2819
17748 3088
17749 2087
17750 2694
17751 2656
17752 3184
17753 3227
17754 3042
17755 3136
17756 3145
17757 3396
17758 2868
17759 3178
17760 3202
17761 2722
17762 3095
17763 3230
17764 2953
17765 2375
17766 2807
17767 2758
17768 3185
17769 2600
17770 3408
17771 2769
17772 3159
17773 2774
17774 3145
17775 2298
17776 2416
17777 3195
17778 2747
17779 3151
17780 3442
17781 3118
17782 2939
17783 3200
17784 3157
17785 3346
17786 3104
17787 1694
17788 3118
17789 2900
17790 2597
17791 3162
17792 1333
17793 3112
17794 3067
17795 2173
17796 2850
17797 3033
17798 2946
17799 3262
17800 2277
17801 3272
17802 1997
17803 2628
17804 3427
17805 1517
17806 3420
17807 2716
17808 2843
17809 2902
17810 2937
17811 1889
17812 3134
17813 2973
17814 2943
17815 3280
17816 3194
17817 3136
17818 3115
17819 2265
17820 3266
17821 2717
17822 2294
17823 3157
17824 3007
17825 3293
17826 3023
17827 3128
17828 2816
17829 2397
17830 3325
17831 2690
17832 2934
17833 3221
17834 3321
17835 2918
17836 2344
17837 3089
17838 2484
17839 2907
17840 2694
17841 2805
17842 2933
17843 2785
17844 2815
17845 3302
17846 2564
17847 2816
17848 2575
17849 2876
17850 3032
17851 3038
17852 2640
17853 3056
17854 2894
17855 2788
17856 3227
17857 3182
17858 2816
17859 2016
17860 2556
17861 3317
17862 3113
17863 3037
17864 3068
17865 3160
17866 2704
17867 2665
17868 2933
17869 2842
17870 3460
17871 2636
17872 3290
17873 2791
17874 2622
17875 3441
17876 3168
17877 3130
17878 3092
17879 2858
17880 3146
17881 3002
17882 2758
17883 2831
17884 2845
17885 3153
17886 3000
17887 3150
17888 2884
17889 2924
17890 2947
17891 3157
17892 3237
17893 2804
17894 2765
17895 3160
17896 2463
17897 2832
17898 2799
17899 3033
17900 2788
17901 3368
17902 2748
17903 2872
17904 2807
17905 3177
17906 2911
17907 2769
17908 3018
17909 2852
17910 3098
17911 2949
17912 2619
17913 2655
17914 2890
17915 3278
17916 2067
17917 2897
17918 2996
17919 3358
17920 2944
17921 2997
17922 3067
17923 3090
17924 3376
17925 3112
17926 2801
17927 2724
17928 3398
17929 2723
17930 2473
17931 3037
17932 3201
17933 2641
17934 3219
17935 2726
17936 3249
17937 3008
17938 2914
17939 2442
17940 3230
17941 2978
17942 3319
17943 3059
17944 2694
17945 2795
17946 3363
17947 1913
17948 3366
17949 3364
17950 3102
17951 3039
17952 2668
17953 3180
17954 3031
17955 2783
17956 2580
17957 2496
17958 2406
17959 3235
17960 2970
17961 2511
17962 2881
17963 2941
17964 2856
17965 1872
17966 2641
17967 3015
17968 3222
17969 3576
17970 3355
17971 2882
17972 2162
17973 3285
17974 2896
17975 3144
17976 2729
17977 3340
17978 3137
17979 2703
17980 2835
17981 2508
17982 2850
17983 2992
17984 2986
17985 3319
17986 3209
17987 3230
17988 2914
17989 2758
17990 2725
17991 2126
17992 3117
17993 2905
17994 2595
17995 2856
17996 3510
17997 3216
17998 3175
17999 2900
18000 3227
18001 3333
18002 3281
18003 2777
18004 3131
18005 3301
18006 2912
18007 2650
18008 2707
18009 3288
18010 2974
18011 3114
18012 3011
18013 2612
18014 3208
18015 3458
18016 2987
18017 2932
18018 2968
18019 2981
18020 3364
18021 3138
18022 3183
18023 2848
18024 3416
18025 2600
18026 3091
18027 2594
18028 2774
18029 3040
18030 3113
18031 3060
18032 2943
18033 2993
18034 2643
18035 2327
18036 2336
18037 3358
18038 2729
18039 3348
18040 3241
18041 2916
18042 3126
18043 2497
18044 2891
18045 2678
18046 2939
18047 2322
18048 3021
18049 3173
18050 2357
18051 3123
18052 2805
18053 2229
18054 2569
18055 3006
18056 2696
18057 3259
18058 2704
18059 3048
18060 2571
18061 2926
18062 3150
18063 3085
18064 2996
18065 2775
18066 2843
18067 2893
18068 2906
18069 3144
18070 2916
18071 3101
18072 3002
18073 3398
18074 3171
18075 3203
18076 3066
18077 3010
18078 2699
18079 3090
18080 2841
18081 2905
18082 3114
18083 2999
18084 2831
18085 3241
18086 3231
18087 2435
18088 3204
18089 3320
18090 2890
18091 2936
18092 2923
18093 3141
18094 3305
18095 3538
18096 3140
18097 2148
18098 2953
18099 1727
18100 3170
18101 2618
18102 3135
18103 2762
18104 2076
18105 3081
18106 3216
18107 2736
18108 3248
18109 3292
18110 2727
18111 3027
18112 3170
18113 3058
18114 3101
18115 2809
18116 2969
18117 2510
18118 3179
18119 2718
18120 2942
18121 2845
18122 724
18123 3140
18124 3247
18125 3042
18126 3142
18127 2283
18128 3000
18129 3006
18130 3338
18131 2673
18132 3105
18133 3047
18134 3236
18135 3172
18136 1133
18137 3058
18138 3247
18139 3023
18140 2779
18141 3226
18142 2670
18143 3032
18144 2990
18145 3059
18146 3146
18147 3115
18148 3027
18149 3220
18150 3331
18151 1858
18152 2717
18153 2874
18154 2469
18155 3035
18156 3363
18157 2859
18158 2950
18159 2895
18160 2995
18161 3230
18162 2746
18163 3111
18164 2482
18165 3149
18166 3061
18167 3331
18168 3012
18169 2405
18170 2737
18171 1996
18172 3113
18173 2824
18174 3305
18175 3108
18176 3307
18177 2949
18178 2170
18179 2930
18180 3171
18181 2648
18182 2714
18183 2569
18184 2875
18185 2841
18186 3058
18187 3054
18188 3308
18189 2800
18190 2943
18191 2998
18192 3075
18193 2688
18194 3169
18195 2337
18196 2715
18197 3254
18198 3021
18199 3048
18200 3253
18201 3350
18202 2916
18203 2687
18204 3085
18205 572
18206 3145
18207 2959
18208 3142
18209 2931
18210 3355
18211 3309
18212 3428
18213 3274
18214 2772
18215 1784
18216 3189
18217 3043
18218 3454
18219 3082
18220 3347
18221 3240
18222 2617
18223 3484
18224 2767
18225 3073
18226 2903
18227 2462
18228 3087
18229 2801
18230 3244
18231 3038
18232 2640
18233 2913
18234 2895
18235 2282
18236 2539
18237 3288
18238 2891
18239 2904
18240 2931
18241 816
18242 3066
18243 3204
18244 3508
18245 1270
18246 2927
18247 2343
18248 2845
18249 2765
18250 2918
18251 2928
18252 3106
18253 2828
18254 2806
18255 2515
18256 3292
18257 3141
18258 2225
18259 2752
18260 3138
18261 2970
18262 2794
18263 2442
18264 3056
18265 3342
18266 3236
18267 3093
18268 3220
18269 2849
18270 2889
18271 3350
18272 2651
18273 3210
18274 101
18275 2970
18276 3136
18277 1336
18278 2793
18279 3069
18280 2774
18281 2834
18282 2493
18283 3421
18284 2489
18285 2966
18286 3315
18287 3076
18288 3015
18289 3042
18290 2709
18291 2678
18292 2904
18293 3136
18294 2686
18295 2850
18296 2658
18297 3099
18298 3206
18299 2513
18300 214
18301 3288
18302 3379
18303 2900
18304 3285
18305 2821
18306 3197
18307 2992
18308 2859
18309 2980
18310 2637
18311 3095
18312 3146
18313 2999
18314 2646
18315 3151
18316 3225
18317 3236
18318 3165
18319 3220
18320 2417
18321 3086
18322 2554
18323 3200
18324 3156
18325 2902
18326 3117
18327 3163
18328 3321
18329 3117
18330 2911
18331 3179
18332 3266
18333 3147
18334 2951
18335 2956
18336 2260
18337 2696
18338 2735
18339 2910
18340 2752
18341 2918
18342 2855
18343 2842
18344 3529
18345 3196
18346 2899
18347 2744
18348 2585
18349 3247
18350 2784
18351 2737
18352 2672
18353 3007
18354 2754
18355 2852
18356 3193
18357 2814
18358 2891
18359 3211
18360 1112
18361 3028
18362 2982
18363 2993
18364 2895
18365 3035
18366 3302
18367 2559
18368 3078
18369 3014
18370 3182
18371 3451
18372 3120
18373 2866
18374 3062
18375 2670
18376 3273
18377 3147
18378 3053
18379 2600
18380 2963
18381 2773
18382 3038
18383 3002
18384 2952
18385 2508
18386 3043
18387 2295
18388 3243
18389 3016
18390 1277
18391 2933
18392 3128
18393 3175
18394 3130
18395 2752
18396 3051
18397 2928
18398 2044
18399 3394
18400 2906
18401 2679
18402 3326
18403 2996
18404 2988
18405 3010
18406 2900
18407 3002
18408 3112
18409 3080
18410 3176
18411 3332
18412 2680
18413 2528
18414 2723
18415 2180
18416 3303
18417 2859
18418 2538
18419 1370
18420 2771
18421 3245
18422 2832
18423 2873
18424 2763
18425 2683
18426 3274
18427 2655
18428 2765
18429 2941
18430 2934
18431 2650
18432 3134
18433 2560
18434 2580
18435 2838
18436 2889
18437 3043
18438 3383
18439 3459
18440 3090
18441 3272
18442 2562
18443 3029
18444 3386
18445 3420
18446 3104
18447 3026
18448 3136
18449 2727
18450 3230
18451 3201
18452 2945
18453 3147
18454 2742
18455 2974
18456 2954
18457 3122
18458 3218
18459 2738
18460 3007
18461 3124
18462 3031
18463 3124
18464 2948
18465 2712
18466 2930
18467 2874
18468 2838
18469 2524
18470 3159
18471 3298
18472 2717
18473 2387
18474 2425
18475 2813
18476 3040
18477 3334
18478 3198
18479 2840
18480 2903
18481 2925
18482 3015
18483 3035
18484 2794
18485 2832
18486 3155
18487 2809
18488 2711
18489 3149
18490 3439
18491 3042
18492 3112
18493 2841
18494 3119
18495 2795
18496 2425
18497 1572
18498 3261
18499 2053
18500 3009
18501 2683
18502 2567
18503 3342
18504 2140
18505 2893
18506 2785
18507 167
18508 2835
18509 3194
18510 3157
18511 2775
18512 2818
18513 3419
18514 2853
18515 2156
18516 2826
18517 2981
18518 2526
18519 2952
18520 2948
18521 2744
18522 3313
18523 3015
18524 3310
18525 3102
18526 3037
18527 2481
18528 2834
18529 2702
18530 2152
18531 3443
18532 2800
18533 3069
18534 3118
18535 2733
18536 3050
18537 2348
18538 3202
18539 2550
18540 3435
18541 2792
18542 2931
18543 3320
18544 3274
18545 2966
18546 3660
18547 2971
18548 2404
18549 2783
18550 3253
18551 3147
18552 3095
18553 2843
18554 2660
18555 2675
18556 3098
18557 3201
18558 3117
18559 2872
18560 3100
18561 1965
18562 3178
18563 2751
18564 3118
18565 3011
18566 2892
18567 3191
18568 3201
18569 3490
18570 2217
18571 3133
18572 3041
18573 2631
18574 3299
18575 3231
18576 2788
18577 2702
18578 2291
18579 2990
18580 2953
18581 3412
18582 3025
18583 2800
18584 2583
18585 3037
18586 2975
18587 2416
18588 2744
18589 0
18590 3206
18591 2999
18592 3027
18593 2226
18594 2704
18595 2334
18596 3295
18597 3244
18598 3002
18599 2901
18600 2972
18601 3122
18602 3212
18603 2989
18604 2866
18605 3187
18606 3195
18607 2705
18608 3273
18609 3170
18610 2616
18611 3210
18612 3217
18613 2401
18614 3255
18615 3223
18616 2867
18617 2829
18618 3057
18619 1769
18620 2900
18621 3228
18622 3046
18623 3000
18624 3033
18625 2791
18626 3207
18627 2748
18628 3362
18629 2918
18630 3209
18631 3011
18632 2960
18633 2854
18634 3005
18635 2831
18636 2697
18637 2781
18638 2870
18639 3048
18640 2921
18641 2637
18642 2868
18643 3151
18644 2439
18645 3072
18646 2995
18647 752
18648 3021
18649 2176
18650 2982
18651 2687
18652 2853
18653 3247
18654 3171
18655 3192
18656 2623
18657 3109
18658 2806
18659 3127
18660 2825
18661 841
18662 3050
18663 2828
18664 3485
18665 3147
18666 2382
18667 1900
18668 3189
18669 3081
18670 3124
18671 1935
18672 2483
18673 3192
18674 3300
18675 3091
18676 3050
18677 2285
18678 3312
18679 1592
18680 2649
18681 3100
18682 2802
18683 3251
18684 2530
18685 3098
18686 2939
18687 3008
18688 2666
18689 3198
18690 3215
18691 2998
18692 3217
18693 2416
18694 2922
18695 3128
18696 3445
18697 2594
18698 3228
18699 3161
18700 3335
18701 3134
18702 2243
18703 3378
18704 3306
18705 2891
18706 3019
18707 3008
18708 3412
18709 3225
18710 1765
18711 3132
18712 3227
18713 2704
18714 3160
18715 2992
18716 2925
18717 2960
18718 2823
18719 3295
18720 2760
18721 3181
18722 3124
18723 3058
18724 2726
18725 3121
18726 2558
18727 2492
18728 3043
18729 2868
18730 2824
18731 2491
18732 3218
18733 2910
18734 2899
18735 2606
18736 2882
18737 2692
18738 3565
18739 2979
18740 3343
18741 2965
18742 3274
18743 3042
18744 3069
18745 2689
18746 3289
18747 2676
18748 3211
18749 2842
18750 2760
18751 2957
18752 2752
18753 3367
18754 2140
18755 2615
18756 3198
18757 2835
18758 3131
18759 2673
18760 3232
18761 2506
18762 3248
18763 3059
18764 3114
18765 2683
18766 3105
18767 3022
18768 1844
18769 3179
18770 2464
18771 3363
18772 2996
18773 3062
18774 2630
18775 2581
18776 2777
18777 3163
18778 2857
18779 3192
18780 3075
18781 2867
18782 2491
18783 3393
18784 2865
18785 2220
18786 3261
18787 3157
18788 2751
18789 2235
18790 2801
18791 2801
18792 3011
18793 1763
18794 3055
18795 2959
18796 3281
18797 2822
18798 3012
18799 3283
18800 2723
18801 3267
18802 2757
18803 2599
18804 2609
18805 2650
18806 2872
18807 3016
18808 2723
18809 2970
18810 2902
18811 3059
18812 2558
18813 3194
18814 2617
18815 2658
18816 2777
18817 2815
18818 2797
18819 2784
18820 2807
18821 3101
18822 2479
18823 2576
18824 3331
18825 2457
18826 2904
18827 2627
18828 3337
18829 3383
18830 1363
18831 3066
18832 2728
18833 3436
18834 2655
18835 3283
18836 2683
18837 3068
18838 3430
18839 3022
18840 2615
18841 3016
18842 3123
18843 3046
18844 2513
18845 2509
18846 3006
18847 2950
18848 3278
18849 3113
18850 3045
18851 2478
18852 3151
18853 3335
18854 2575
18855 3335
18856 2865
18857 3376
18858 2985
18859 3300
18860 2995
18861 2910
18862 2986
18863 2976
18864 2860
18865 2975
18866 2901
18867 2591
18868 3039
18869 3073
18870 3053
18871 3030
18872 3399
18873 1967
18874 3079
18875 3089
18876 3194
18877 3043
18878 3022
18879 3159
18880 2990
18881 2697
18882 3276
18883 2740
18884 3258
18885 2794
18886 2825
18887 3052
18888 3086
18889 2849
18890 3140
18891 3170
18892 1426
18893 1124
18894 2995
18895 3310
18896 3235
18897 3094
18898 2804
18899 2884
18900 3042
18901 3246
18902 2892
18903 1247
18904 2689
18905 2688
18906 2929
18907 3148
18908 2768
18909 2024
18910 2970
18911 3022
18912 2749
18913 3036
18914 977
18915 3036
18916 2825
18917 2965
18918 2961
18919 2585
18920 3074
18921 3424
18922 2926
18923 2911
18924 3388
18925 2984
18926 3045
18927 2659
18928 2847
18929 3160
18930 2868
18931 2877
18932 3233
18933 3175
18934 3252
18935 2947
18936 2826
18937 3067
18938 3066
18939 3150
18940 3138
18941 3160
18942 2480
18943 2960
18944 3351
18945 2754
18946 2970
18947 2717
18948 3183
18949 3013
18950 2908
18951 2213
18952 3427
18953 2948
18954 2317
18955 3363
18956 2196
18957 2689
18958 3222
18959 2999
18960 3347
18961 1802
18962 2907
18963 3240
18964 2369
18965 3229
18966 3222
18967 3029
18968 3116
18969 3126
18970 3310
18971 3202
18972 2998
18973 2581
18974 3093
18975 2588
18976 3156
18977 2782
18978 3248
18979 2512
18980 3227
18981 3073
18982 3174
18983 2235
18984 3080
18985 3301
18986 3102
18987 2669
18988 2605
18989 2847
18990 3153
18991 3300
18992 3069
18993 3100
18994 3056
18995 2760
18996 3104
18997 3186
18998 3303
18999 2957
19000 3364
19001 3185
19002 2905
19003 2277
19004 3134
19005 2898
19006 2913
19007 3034
19008 2415
19009 2887
19010 3117
19011 331
19012 2887
19013 2841
19014 2849
19015 2947
19016 2699
19017 2148
19018 2828
19019 3108
19020 2804
19021 3149
19022 2739
19023 2432
19024 2593
19025 3163
19026 2811
19027 3267
19028 3077
19029 3000
19030 2895
19031 3026
19032 2258
19033 3090
19034 3119
19035 3071
19036 2545
19037 2806
19038 3194
19039 2874
19040 2965
19041 2986
19042 2701
19043 2817
19044 3225
19045 2546
19046 2706
19047 3291
19048 1989
19049 3005
19050 2785
19051 3170
19052 2749
19053 3437
19054 2912
19055 2342
19056 2851
19057 2691
19058 2451
19059 3170
19060 3236
19061 2814
19062 2545
19063 2954
19064 3038
19065 3015
19066 2105
19067 2885
19068 3227
19069 2924
19070 2993
19071 3051
19072 3149
19073 2949
19074 3111
19075 3045
19076 1499
19077 2770
19078 3057
19079 2775
19080 2943
19081 3126
19082 3040
19083 3007
19084 3020
19085 3381
19086 2606
19087 3016
19088 3138
19089 2894
19090 3025
19091 2793
19092 2597
19093 2941
19094 3175
19095 3180
19096 2312
19097 2556
19098 2869
19099 3155
19100 2871
19101 2675
19102 3189
19103 2734
19104 3069
19105 3256
19106 2542
19107 3048
19108 2720
19109 2097
19110 3091
19111 3316
19112 2826
19113 2965
19114 2775
19115 3070
19116 3238
19117 2777
19118 2861
19119 2232
19120 2607
19121 3531
19122 2993
19123 2817
19124 2840
19125 3361
19126 3169
19127 2428
19128 3420
19129 2973
19130 3164
19131 3171
19132 3070
19133 3281
19134 2407
19135 2260
19136 2728
19137 2623
19138 3068
19139 3321
19140 2678
19141 2803
19142 3214
19143 3241
19144 3519
19145 2835
19146 2982
19147 3084
19148 3141
19149 2925
19150 3427
19151 2927
19152 2843
19153 1206
19154 3002
19155 2980
19156 3242
19157 3367
19158 2876
19159 2855
19160 3304
19161 3141
19162 3279
19163 3509
19164 2895
19165 2965
19166 3270
19167 2529
19168 2955
19169 3123
19170 3311
19171 2873
19172 3540
19173 2985
19174 2603
19175 3202
19176 2791
19177 3070
19178 3519
19179 2670
19180 2844
19181 3289
19182 3121
19183 2309
19184 2854
19185 3242
19186 2954
19187 2784
19188 3091
19189 3078
19190 3198
19191 3124
19192 3354
19193 3161
19194 3072
19195 2756
19196 3276
19197 3329
19198 3035
19199 2900
19200 2968
19201 2695
19202 2838
19203 2909
19204 2917
19205 3250
19206 3050
19207 3243
19208 3180
19209 2743
19210 3035
19211 3078
19212 3309
19213 3183
19214 3091
19215 2830
19216 2722
19217 2739
19218 3286
19219 2962
19220 2797
19221 2891
19222 3117
19223 3091
19224 2896
19225 2933
19226 3182
19227 1984
19228 3016
19229 2805
19230 2289
19231 3113
19232 2682
19233 2959
19234 2954
19235 2642
19236 3038
19237 3169
19238 3183
19239 2191
19240 2860
19241 3159
19242 2836
19243 2720
19244 2243
19245 2902
19246 2840
19247 3031
19248 3209
19249 2915
19250 2760
19251 2248
19252 3424
19253 3026
19254 2850
19255 3189
19256 2635
19257 2944
19258 2409
19259 2859
19260 3157
19261 2833
19262 2991
19263 2593
19264 3174
19265 3202
19266 3005
19267 2562
19268 2798
19269 2948
19270 3017
19271 3121
19272 2846
19273 3366
19274 3113
19275 2770
19276 2601
19277 955
19278 3034
19279 2750
19280 3079
19281 3294
19282 2949
19283 2447
19284 3058
19285 2826
19286 2757
19287 2729
19288 2722
19289 3222
19290 3437
19291 2912
19292 2890
19293 2906
19294 2789
19295 2875
19296 3222
19297 3320
19298 2990
19299 2780
19300 3059
19301 2440
19302 2905
19303 2833
19304 3214
19305 2399
19306 3144
19307 3002
19308 3127
19309 2608
19310 2584
19311 2411
19312 3254
19313 1158
19314 2824
19315 3116
19316 3105
19317 2895
19318 2631
19319 3522
19320 3120
19321 2963
19322 3409
19323 2486
19324 2907
19325 2288
19326 3109
19327 2943
19328 2953
19329 2777
19330 3023
19331 2930
19332 2811
19333 2209
19334 3048
19335 3149
19336 3351
19337 2621
19338 3175
19339 3125
19340 3334
19341 2858
19342 2947
19343 3365
19344 3071
19345 2990
19346 2887
19347 2655
19348 2484
19349 3046
19350 3028
19351 2717
19352 3184
19353 3154
19354 2909
19355 2464
19356 3013
19357 3209
19358 2764
19359 2915
19360 3126
19361 2916
19362 3063
19363 3244
19364 3155
19365 2222
19366 2712
19367 2699
19368 2894
19369 3129
19370 3311
19371 2519
19372 3076
19373 2670
19374 3078
19375 2824
19376 2697
19377 3044
19378 2671
19379 2804
19380 3207
19381 2805
19382 3177
19383 3051
19384 3090
19385 2847
19386 2992
19387 2632
19388 3271
19389 2824
19390 3324
19391 2657
19392 2805
19393 2573
19394 3053
19395 2636
19396 3058
19397 2853
19398 2982
19399 2541
19400 3198
19401 3314
19402 2652
19403 2430
19404 2617
19405 3241
19406 3218
19407 2882
19408 2962
19409 3261
19410 2954
19411 3238
19412 2497
19413 3062
19414 3057
19415 2564
19416 3040
19417 3023
19418 3181
19419 3237
19420 2940
19421 2876
19422 2782
19423 3284
19424 2986
19425 3402
19426 2842
19427 3248
19428 3340
19429 2992
19430 3248
19431 3088
19432 3151
19433 2345
19434 0
19435 3293
19436 2918
19437 3160
19438 3073
19439 3292
19440 3327
19441 2947
19442 2698
19443 2873
19444 2743
19445 2783
19446 3135
19447 1948
19448 2836
19449 2710
19450 2584
19451 3135
19452 2703
19453 3028
19454 2672
19455 2824
19456 1619
19457 2474
19458 3133
19459 3089
19460 2602
19461 3062
19462 3073
19463 2907
19464 3195
19465 2884
19466 3239
19467 2411
19468 3288
19469 3323
19470 3074
19471 2485
19472 2990
19473 3141
19474 2684
19475 2471
19476 2708
19477 3276
19478 3150
19479 2916
19480 2461
19481 2968
19482 3325
19483 3029
19484 1858
19485 2997
19486 2930
19487 3186
19488 3164
19489 2089
19490 3094
19491 2849
19492 2930
19493 3166
19494 3084
19495 2496
19496 2413
19497 3338
19498 3006
19499 3222
19500 3094
19501 2903
19502 2686
19503 2564
19504 3134
19505 2467
19506 2853
19507 3022
19508 2901
19509 1804
19510 3096
19511 3214
19512 3413
19513 2997
19514 3418
19515 3090
19516 3076
19517 2999
19518 3253
19519 1433
19520 2326
19521 2571
19522 2857
19523 2942
19524 2570
19525 3067
19526 2900
19527 3294
19528 3374
19529 3241
19530 1563
19531 2998
19532 3126
19533 3223
19534 3106
19535 2828
19536 2489
19537 2934
19538 3208
19539 3077
19540 2848
19541 3188
19542 2869
19543 3100
19544 2852
19545 2722
19546 2951
19547 2764
19548 2780
19549 2962
19550 3321
19551 2926
19552 2476
19553 2549
19554 2643
19555 2985
19556 2634
19557 3372
19558 2939
19559 1961
19560 2707
19561 2620
19562 2533
19563 3097
19564 3031
19565 3222
19566 3027
19567 2880
19568 2982
19569 3276
19570 3318
19571 2613
19572 2927
19573 2941
19574 1403
19575 2829
19576 3046
19577 3295
19578 2843
19579 1883
19580 2946
19581 2755
19582 3300
19583 3201
19584 2718
19585 3005
19586 3295
19587 3261
19588 2563
19589 3231
19590 2608
19591 3362
19592 3415
19593 2432
19594 2860
19595 2102
19596 3496
19597 3182
19598 3008
19599 2989
19600 2676
19601 2764
19602 3004
19603 2217
19604 2972
19605 3232
19606 2423
19607 2570
19608 3026
19609 2711
19610 3209
19611 1938
19612 3075
19613 3053
19614 3065
19615 3130
19616 2612
19617 3217
19618 2714
19619 2882
19620 3119
19621 3055
19622 2782
19623 3168
19624 2733
19625 3323
19626 2768
19627 2984
19628 3096
19629 3152
19630 2976
19631 1312
19632 3000
19633 2093
19634 2806
19635 2718
19636 2697
19637 3369
19638 3290
19639 3100
19640 2949
19641 3193
19642 2994
19643 2687
19644 3461
19645 2192
19646 2632
19647 3185
19648 3209
19649 3055
19650 2928
19651 2567
19652 2840
19653 3157
19654 3008
19655 2108
19656 2478
19657 2683
19658 3515
19659 3054
19660 2744
19661 3221
19662 2733
19663 2981
19664 2888
19665 2916
19666 2942
19667 3110
19668 3346
19669 3135
19670 3244
19671 3212
19672 2783
19673 3240
19674 2696
19675 2773
19676 2695
19677 2341
19678 2687
19679 3012
19680 3212
19681 3021
19682 3446
19683 2414
19684 3048
19685 2823
19686 3237
19687 2981
19688 3242
19689 2851
19690 3051
19691 3114
19692 2740
19693 3315
19694 2525
19695 3387
19696 3087
19697 2632
19698 3377
19699 2724
19700 2669
19701 2918
19702 3194
19703 3065
19704 3116
19705 3245
19706 3083
19707 2883
19708 3267
19709 2944
19710 3311
19711 2841
19712 3163
19713 2568
19714 2798
19715 2466
19716 3311
19717 2825
19718 2607
19719 2957
19720 2842
19721 2957
19722 3390
19723 2597
19724 3149
19725 2640
19726 3007
19727 2968
19728 3467
19729 3086
19730 2528
19731 2755
19732 2192
19733 2400
19734 3276
19735 3319
19736 2487
19737 2794
19738 3117
19739 3200
19740 3345
19741 2676
19742 3349
19743 2399
19744 2969
19745 2726
19746 2985
19747 2888
19748 2529
19749 2857
19750 2621
19751 2962
19752 2496
19753 3178
19754 2937
19755 2934
19756 2792
19757 2711
19758 3242
19759 2874
19760 3176
19761 3506
19762 2983
19763 3058
19764 2516
19765 2546
19766 3180
19767 3134
19768 3170
19769 3330
19770 3156
19771 2660
19772 2792
19773 3126
19774 2431
19775 2668
19776 2470
19777 3073
19778 3381
19779 2867
19780 2725
19781 3125
19782 3105
19783 2866
19784 3108
19785 0
19786 1885
19787 3087
19788 3131
19789 2842
19790 3318
19791 3192
19792 3085
19793 2264
19794 2990
19795 3041
19796 3121
19797 3335
19798 2571
19799 2590
19800 3345
19801 3239
19802 3219
19803 3086
19804 3219
19805 2545
19806 2438
19807 3369
19808 3112
19809 2907
19810 2825
19811 3078
19812 3068
19813 2621
19814 3153
19815 2575
19816 3086
19817 3142
19818 3067
19819 2974
19820 2947
19821 2757
19822 2827
19823 3053
19824 3284
19825 2050
19826 2774
19827 3330
19828 3064
19829 2590
19830 3116
19831 2955
19832 3424
19833 3045
19834 2911
19835 2696
19836 2884
19837 2614
19838 2948
19839 2567
19840 3291
19841 3204
19842 2971
19843 2869
19844 2676
19845 3047
19846 3047
19847 3405
19848 2885
19849 3459
19850 2740
19851 3114
19852 3394
19853 3355
19854 2971
19855 2995
19856 2524
19857 2665
19858 3161
19859 3347
19860 2057
19861 2744
19862 3234
19863 3066
19864 3367
19865 2857
19866 2990
19867 2977
19868 2893
19869 3254
19870 2264
19871 2472
19872 2572
19873 2677
19874 3012
19875 2489
19876 2723
19877 3115
19878 2868
19879 2518
19880 2922
19881 3169
19882 3465
19883 3552
19884 2652
19885 2769
19886 3057
19887 2557
19888 2970
19889 2995
19890 2504
19891 3491
19892 2923
19893 2804
19894 2785
19895 3145
19896 2847
19897 2970
19898 3091
19899 3222
19900 3107
19901 3050
19902 2960
19903 3209
19904 3383
19905 3311
19906 3153
19907 3029
19908 3004
19909 3178
19910 3132
19911 2917
19912 2125
19913 3237
19914 3231
19915 2902
19916 3021
19917 3167
19918 2681
19919 3067
19920 2526
19921 3147
19922 2312
19923 3102
19924 2701
19925 3043
19926 2654
19927 2517
19928 1313
19929 2692
19930 2626
19931 1788
19932 3373
19933 2831
19934 2736
19935 3008
19936 2468
19937 2907
19938 2596
19939 3184
19940 2736
19941 2777
19942 2709
19943 3335
19944 3132
19945 2988
19946 3375
19947 3228
19948 2327
19949 3149
19950 3285
19951 2880
19952 3055
19953 2556
19954 3201
19955 1844
19956 2535
19957 2705
19958 2861
19959 2749
19960 3188
19961 2980
19962 2312
19963 3287
19964 3138
19965 3231
19966 3519
19967 2212
19968 2777
19969 1381
19970 2147
19971 3270
19972 979
19973 2929
19974 2889
19975 3155
19976 3235
19977 3252
19978 2579
19979 2998
19980 2669
19981 2644
19982 1681
19983 2509
19984 2645
19985 3244
19986 3333
19987 2880
19988 2821
19989 2633
19990 3144
19991 3035
19992 3037
19993 2896
19994 2816
19995 2705
19996 3159
19997 3250
19998 2609
19999 470
