# event_id  Npe_top  Npe_bottom  Npe_total  asym  N_fired_PMTs
0 35 55 90 -0.222222 26
1 56 44 100 0.12 23
2 99 7 106 0.867925 23
3 42 77 119 -0.294118 28
4 10 89 99 -0.79798 25
5 96 10 106 0.811321 25
6 24 61 85 -0.435294 30
7 88 6 94 0.87234 20
8 38 48 86 -0.116279 29
9 11 64 75 -0.706667 21
10 92 3 95 0.936842 19
11 53 62 115 -0.0782609 31
12 15 57 72 -0.583333 25
13 135 9 144 0.875 23
14 28 100 128 -0.5625 24
15 81 18 99 0.636364 28
16 96 15 111 0.72973 26
17 93 3 96 0.9375 21
18 89 26 115 0.547826 25
19 25 90 115 -0.565217 30
20 2 82 84 -0.952381 19
21 63 20 83 0.518072 25
22 6 126 132 -0.909091 21
23 93 22 115 0.617391 27
24 92 23 115 0.6 25
25 49 25 74 0.324324 32
26 11 85 96 -0.770833 24
27 94 13 107 0.757009 23
28 9 94 103 -0.825243 24
29 129 10 139 0.856115 19
30 35 50 85 -0.176471 31
31 42 57 99 -0.151515 27
32 38 51 89 -0.146067 32
33 4 126 130 -0.938462 16
34 24 91 115 -0.582609 28
35 40 79 119 -0.327731 30
36 106 27 133 0.593985 31
37 50 43 93 0.0752688 31
38 86 25 111 0.54955 24
39 82 9 91 0.802198 23
40 29 34 63 -0.0793651 22
41 95 13 108 0.759259 27
42 8 109 117 -0.863248 18
43 25 63 88 -0.431818 22
44 98 14 112 0.75 27
45 12 90 102 -0.764706 22
46 17 107 124 -0.725806 24
47 22 74 96 -0.541667 30
48 56 19 75 0.493333 30
49 112 11 123 0.821138 24
50 44 60 104 -0.153846 31
51 59 34 93 0.268817 30
52 3 126 129 -0.953488 22
53 46 45 91 0.010989 31
54 38 50 88 -0.136364 24
55 63 57 120 0.05 31
56 64 13 77 0.662338 26
57 72 35 107 0.345794 32
58 31 24 55 0.127273 28
59 10 70 80 -0.75 26
60 31 70 101 -0.386139 28
61 81 8 89 0.820225 24
62 32 70 102 -0.372549 28
63 40 64 104 -0.230769 32
64 16 98 114 -0.719298 23
65 84 10 94 0.787234 22
66 62 27 89 0.393258 31
67 22 77 99 -0.555556 28
68 16 104 120 -0.733333 25
69 11 112 123 -0.821138 23
70 3 107 110 -0.945455 21
71 39 57 96 -0.1875 27
72 27 91 118 -0.542373 32
73 61 44 105 0.161905 27
74 24 85 109 -0.559633 33
75 51 23 74 0.378378 24
76 126 12 138 0.826087 18
77 40 45 85 -0.0588235 29
78 19 100 119 -0.680672 26
79 80 34 114 0.403509 28
80 60 46 106 0.132075 32
81 26 63 89 -0.41573 22
82 45 44 89 0.011236 27
83 75 17 92 0.630435 27
84 74 35 109 0.357798 29
85 28 52 80 -0.3 27
86 51 48 99 0.030303 30
87 63 4 67 0.880597 22
88 20 66 86 -0.534884 28
89 31 47 78 -0.205128 20
90 43 45 88 -0.0227273 25
91 38 46 84 -0.0952381 24
92 124 2 126 0.968254 17
93 41 48 89 -0.0786517 28
94 77 55 132 0.166667 30
95 35 53 88 -0.204545 29
96 61 55 116 0.0517241 33
97 45 35 80 0.125 28
98 58 44 102 0.137255 25
99 6 128 134 -0.910448 17
100 75 30 105 0.428571 25
101 145 16 161 0.801242 21
102 44 26 70 0.257143 26
103 93 19 112 0.660714 28
104 1 116 117 -0.982906 18
105 22 73 95 -0.536842 30
106 60 28 88 0.363636 31
107 15 110 125 -0.76 27
108 108 1 109 0.981651 20
109 76 12 88 0.727273 27
110 19 67 86 -0.55814 28
111 46 41 87 0.0574713 30
112 133 7 140 0.9 22
113 88 19 107 0.64486 19
114 82 6 88 0.863636 22
115 83 36 119 0.394958 24
116 9 64 73 -0.753425 24
117 82 25 107 0.53271 30
118 59 69 128 -0.078125 24
119 41 38 79 0.0379747 28
120 20 76 96 -0.583333 27
121 5 129 134 -0.925373 23
122 125 7 132 0.893939 22
123 111 5 116 0.913793 17
124 48 17 65 0.476923 22
125 110 8 118 0.864407 24
126 97 13 110 0.763636 28
127 53 58 111 -0.045045 30
128 13 83 96 -0.729167 26
129 29 90 119 -0.512605 30
130 72 38 110 0.309091 31
131 70 44 114 0.22807 28
132 5 79 84 -0.880952 20
133 22 84 106 -0.584906 25
134 33 59 92 -0.282609 28
135 76 37 113 0.345133 26
136 103 6 109 0.889908 22
137 3 38 41 -0.853659 13
138 101 23 124 0.629032 27
139 67 29 96 0.395833 28
140 36 49 85 -0.152941 29
141 47 52 99 -0.0505051 28
142 35 16 51 0.372549 19
143 29 72 101 -0.425743 28
144 24 66 90 -0.466667 29
145 74 8 82 0.804878 21
146 44 44 88 0 31
147 68 12 80 0.7 25
148 5 101 106 -0.90566 24
149 69 12 81 0.703704 23
150 90 26 116 0.551724 32
151 72 20 92 0.565217 27
152 46 89 135 -0.318519 33
153 19 67 86 -0.55814 27
154 35 67 102 -0.313725 24
155 15 95 110 -0.727273 27
156 14 21 35 -0.2 20
157 43 16 59 0.457627 23
158 25 55 80 -0.375 28
159 95 26 121 0.570248 26
160 75 37 112 0.339286 28
161 109 5 114 0.912281 23
162 24 62 86 -0.44186 25
163 28 60 88 -0.363636 24
164 129 4 133 0.93985 14
165 54 40 94 0.148936 28
166 49 43 92 0.0652174 28
167 44 68 112 -0.214286 26
168 95 28 123 0.544715 30
169 54 19 73 0.479452 27
170 22 68 90 -0.511111 26
171 28 62 90 -0.377778 24
172 107 11 118 0.813559 23
173 64 39 103 0.242718 26
174 79 12 91 0.736264 18
175 40 76 116 -0.310345 29
176 57 52 109 0.0458716 28
177 39 44 83 -0.060241 27
178 63 30 93 0.354839 22
179 14 75 89 -0.685393 28
180 51 44 95 0.0736842 27
181 78 28 106 0.471698 30
182 35 65 100 -0.3 30
183 57 28 85 0.341176 28
184 80 16 96 0.666667 27
185 9 112 121 -0.85124 20
186 89 28 117 0.521368 21
187 5 75 80 -0.875 15
188 37 40 77 -0.038961 30
189 27 64 91 -0.406593 28
190 47 41 88 0.0681818 25
191 95 6 101 0.881188 21
192 76 10 86 0.767442 20
193 6 99 105 -0.885714 23
194 25 55 80 -0.375 25
195 42 51 93 -0.0967742 28
196 3 7 10 -0.4 8
197 70 10 80 0.75 24
198 57 30 87 0.310345 25
199 58 57 115 0.00869565 31
200 99 32 131 0.51145 29
201 63 27 90 0.4 23
202 105 7 112 0.875 23
203 53 50 103 0.0291262 29
204 45 37 82 0.097561 30
205 4 129 133 -0.93985 18
206 116 9 125 0.856 23
207 78 15 93 0.677419 28
208 87 13 100 0.74 22
209 75 20 95 0.578947 24
210 86 22 108 0.592593 27
211 75 21 96 0.5625 27
212 45 46 91 -0.010989 30
213 27 70 97 -0.443299 25
214 50 41 91 0.0989011 28
215 7 80 87 -0.83908 17
216 139 4 143 0.944056 18
217 8 136 144 -0.888889 20
218 47 47 94 0 30
219 22 80 102 -0.568627 24
220 27 76 103 -0.475728 28
221 10 81 91 -0.78022 27
222 19 70 89 -0.573034 22
223 3 119 122 -0.95082 20
224 10 63 73 -0.726027 22
225 65 49 114 0.140351 30
226 83 31 114 0.45614 26
227 28 59 87 -0.356322 26
228 73 24 97 0.505155 26
229 33 46 79 -0.164557 29
230 17 91 108 -0.685185 19
231 35 72 107 -0.345794 31
232 17 68 85 -0.6 21
233 57 29 86 0.325581 28
234 41 61 102 -0.196078 31
235 5 105 110 -0.909091 22
236 22 88 110 -0.6 23
237 10 63 73 -0.726027 19
238 62 52 114 0.0877193 30
239 2 119 121 -0.966942 21
240 6 81 87 -0.862069 25
241 82 56 138 0.188406 26
242 56 54 110 0.0181818 30
243 21 100 121 -0.652893 26
244 36 61 97 -0.257732 32
245 9 97 106 -0.830189 24
246 36 80 116 -0.37931 28
247 107 18 125 0.712 24
248 39 62 101 -0.227723 25
249 17 74 91 -0.626374 25
250 79 8 87 0.816092 26
251 5 101 106 -0.90566 15
252 112 8 120 0.866667 18
253 16 68 84 -0.619048 23
254 54 53 107 0.00934579 33
255 85 7 92 0.847826 26
256 47 54 101 -0.0693069 33
257 16 67 83 -0.614458 23
258 63 29 92 0.369565 25
259 43 61 104 -0.173077 32
260 50 57 107 -0.0654206 37
261 71 35 106 0.339623 30
262 31 58 89 -0.303371 25
263 42 77 119 -0.294118 35
264 39 53 92 -0.152174 28
265 90 8 98 0.836735 25
266 42 62 104 -0.192308 24
267 52 37 89 0.168539 28
268 76 13 89 0.707865 26
269 19 110 129 -0.705426 28
270 65 19 84 0.547619 22
271 83 31 114 0.45614 30
272 4 165 169 -0.952663 14
273 55 61 116 -0.0517241 28
274 5 110 115 -0.913043 23
275 11 62 73 -0.69863 25
276 53 44 97 0.0927835 18
277 4 105 109 -0.926606 19
278 61 19 80 0.525 20
279 4 120 124 -0.935484 23
280 40 59 99 -0.191919 28
281 23 75 98 -0.530612 23
282 49 16 65 0.507692 24
283 22 104 126 -0.650794 31
284 13 106 119 -0.781513 25
285 40 56 96 -0.166667 24
286 27 73 100 -0.46 31
287 59 29 88 0.340909 25
288 80 22 102 0.568627 21
289 81 15 96 0.6875 28
290 50 62 112 -0.107143 28
291 99 4 103 0.92233 21
292 17 91 108 -0.685185 23
293 36 33 69 0.0434783 23
294 98 16 114 0.719298 29
295 38 40 78 -0.025641 28
296 9 101 110 -0.836364 27
297 70 28 98 0.428571 26
298 119 6 125 0.904 23
299 76 42 118 0.288136 27
300 7 107 114 -0.877193 24
301 26 65 91 -0.428571 26
302 72 42 114 0.263158 26
303 13 58 71 -0.633803 25
304 23 103 126 -0.634921 24
305 46 55 101 -0.0891089 32
306 23 67 90 -0.488889 29
307 23 78 101 -0.544554 29
308 44 50 94 -0.0638298 28
309 68 34 102 0.333333 31
310 72 25 97 0.484536 30
311 33 72 105 -0.371429 24
312 102 20 122 0.672131 25
313 63 27 90 0.4 22
314 24 92 116 -0.586207 31
315 95 21 116 0.637931 27
316 56 30 86 0.302326 30
317 27 120 147 -0.632653 30
318 99 13 112 0.767857 24
319 1 137 138 -0.985507 11
320 78 7 85 0.835294 22
321 86 7 93 0.849462 25
322 124 9 133 0.864662 20
323 48 40 88 0.0909091 27
324 57 32 89 0.280899 25
325 59 59 118 0 31
326 72 37 109 0.321101 24
327 6 126 132 -0.909091 14
328 88 2 90 0.955556 19
329 90 15 105 0.714286 25
330 67 39 106 0.264151 24
331 13 94 107 -0.757009 28
332 10 86 96 -0.791667 23
333 32 62 94 -0.319149 31
334 89 11 100 0.78 27
335 118 4 122 0.934426 21
336 23 64 87 -0.471264 28
337 9 104 113 -0.840708 24
338 147 5 152 0.934211 22
339 6 104 110 -0.890909 21
340 36 54 90 -0.2 29
341 56 48 104 0.0769231 32
342 39 73 112 -0.303571 27
343 94 5 99 0.89899 17
344 22 67 89 -0.505618 24
345 88 51 139 0.266187 27
346 38 74 112 -0.321429 30
347 28 82 110 -0.490909 29
348 45 64 109 -0.174312 33
349 24 35 59 -0.186441 19
350 58 35 93 0.247312 32
351 9 63 72 -0.75 20
352 108 25 133 0.62406 24
353 12 84 96 -0.75 22
354 4 126 130 -0.938462 21
355 4 103 107 -0.925234 23
356 16 102 118 -0.728814 27
357 78 17 95 0.642105 27
358 93 17 110 0.690909 26
359 98 28 126 0.555556 29
360 3 103 106 -0.943396 20
361 84 12 96 0.75 23
362 105 14 119 0.764706 22
363 49 43 92 0.0652174 31
364 41 81 122 -0.327869 26
365 79 30 109 0.449541 26
366 63 36 99 0.272727 28
367 44 20 64 0.375 23
368 5 116 121 -0.917355 21
369 38 74 112 -0.321429 28
370 40 65 105 -0.238095 28
371 46 67 113 -0.185841 32
372 105 8 113 0.858407 21
373 20 60 80 -0.5 23
374 23 93 116 -0.603448 25
375 37 54 91 -0.186813 30
376 13 84 97 -0.731959 22
377 100 3 103 0.941748 21
378 74 36 110 0.345455 31
379 59 46 105 0.12381 28
380 29 47 76 -0.236842 30
381 12 88 100 -0.76 26
382 46 36 82 0.121951 27
383 30 55 85 -0.294118 29
384 95 5 100 0.9 24
385 47 59 106 -0.113208 31
386 71 25 96 0.479167 29
387 28 77 105 -0.466667 28
388 60 34 94 0.276596 29
389 69 7 76 0.815789 24
390 61 29 90 0.355556 22
391 26 49 75 -0.306667 23
392 10 76 86 -0.767442 20
393 64 28 92 0.391304 24
394 13 102 115 -0.773913 23
395 97 6 103 0.883495 20
396 29 78 107 -0.457944 29
397 49 76 125 -0.216 26
398 99 11 110 0.8 25
399 12 96 108 -0.777778 14
400 123 5 128 0.921875 13
401 47 44 91 0.032967 22
402 11 79 90 -0.755556 13
403 60 52 112 0.0714286 33
404 15 83 98 -0.693878 25
405 92 19 111 0.657658 26
406 7 105 112 -0.875 24
407 82 41 123 0.333333 29
408 63 22 85 0.482353 29
409 86 31 117 0.470085 27
410 51 59 110 -0.0727273 29
411 68 31 99 0.373737 31
412 5 104 109 -0.908257 22
413 11 112 123 -0.821138 22
414 31 78 109 -0.431193 28
415 110 4 114 0.929825 19
416 64 33 97 0.319588 26
417 46 57 103 -0.106796 25
418 82 8 90 0.822222 26
419 58 67 125 -0.072 33
420 35 62 97 -0.278351 24
421 14 163 177 -0.841808 21
422 34 58 92 -0.26087 30
423 9 128 137 -0.868613 18
424 29 65 94 -0.382979 22
425 122 11 133 0.834586 23
426 14 91 105 -0.733333 22
427 46 34 80 0.15 25
428 8 78 86 -0.813953 23
429 42 69 111 -0.243243 31
430 17 91 108 -0.685185 27
431 55 40 95 0.157895 29
432 64 53 117 0.0940171 27
433 29 83 112 -0.482143 31
434 60 29 89 0.348315 24
435 17 59 76 -0.552632 31
436 73 30 103 0.417476 21
437 65 47 112 0.160714 29
438 51 65 116 -0.12069 31
439 16 82 98 -0.673469 28
440 27 73 100 -0.46 22
441 13 78 91 -0.714286 22
442 103 20 123 0.674797 28
443 81 30 111 0.459459 27
444 60 23 83 0.445783 27
445 46 48 94 -0.0212766 30
446 24 78 102 -0.529412 26
447 43 51 94 -0.0851064 28
448 71 23 94 0.510638 27
449 13 100 113 -0.769912 25
450 25 66 91 -0.450549 29
451 10 37 47 -0.574468 18
452 77 39 116 0.327586 32
453 19 103 122 -0.688525 23
454 17 88 105 -0.67619 27
455 61 35 96 0.270833 23
456 28 91 119 -0.529412 26
457 110 6 116 0.896552 24
458 39 61 100 -0.22 28
459 24 15 39 0.230769 22
460 15 118 133 -0.774436 26
461 27 57 84 -0.357143 25
462 116 20 136 0.705882 28
463 109 13 122 0.786885 27
464 18 76 94 -0.617021 25
465 82 11 93 0.763441 26
466 103 8 111 0.855856 26
467 112 3 115 0.947826 21
468 89 5 94 0.893617 22
469 64 44 108 0.185185 26
470 61 21 82 0.487805 26
471 120 3 123 0.95122 21
472 60 68 128 -0.0625 32
473 14 102 116 -0.758621 25
474 87 9 96 0.8125 24
475 2 69 71 -0.943662 18
476 131 8 139 0.884892 18
477 18 1 19 0.894737 10
478 61 73 134 -0.0895522 30
479 60 3 63 0.904762 14
480 73 18 91 0.604396 24
481 69 31 100 0.38 31
482 31 57 88 -0.295455 33
483 53 67 120 -0.116667 31
484 68 29 97 0.402062 29
485 46 47 93 -0.0107527 27
486 71 32 103 0.378641 28
487 5 122 127 -0.92126 24
488 9 106 115 -0.843478 22
489 19 86 105 -0.638095 27
490 88 30 118 0.491525 33
491 26 68 94 -0.446809 20
492 75 27 102 0.470588 32
493 39 62 101 -0.227723 28
494 86 19 105 0.638095 25
495 17 84 101 -0.663366 27
496 92 15 107 0.719626 20
497 76 26 102 0.490196 32
498 45 64 109 -0.174312 33
499 62 38 100 0.24 21
500 58 39 97 0.195876 25
501 72 49 121 0.190083 35
502 9 99 108 -0.833333 24
503 25 95 120 -0.583333 23
504 33 47 80 -0.175 24
505 71 22 93 0.526882 26
506 87 28 115 0.513043 29
507 88 11 99 0.777778 25
508 21 94 115 -0.634783 29
509 56 47 103 0.0873786 31
510 98 23 121 0.619835 25
511 7 127 134 -0.895522 19
512 53 51 104 0.0192308 33
513 36 2 38 0.894737 8
514 106 25 131 0.618321 24
515 37 71 108 -0.314815 31
516 59 33 92 0.282609 30
517 32 75 107 -0.401869 31
518 51 36 87 0.172414 26
519 49 41 90 0.0888889 25
520 116 10 126 0.84127 25
521 8 96 104 -0.846154 16
522 19 69 88 -0.568182 25
523 66 25 91 0.450549 27
524 36 52 88 -0.181818 26
525 26 70 96 -0.458333 27
526 17 48 65 -0.476923 24
527 64 44 108 0.185185 25
528 67 27 94 0.425532 24
529 94 20 114 0.649123 29
530 30 50 80 -0.25 29
531 56 10 66 0.69697 25
532 27 79 106 -0.490566 31
533 42 41 83 0.0120482 27
534 27 86 113 -0.522124 28
535 46 14 60 0.533333 27
536 78 15 93 0.677419 23
537 37 61 98 -0.244898 27
538 23 88 111 -0.585586 27
539 100 19 119 0.680672 18
540 68 58 126 0.0793651 24
541 46 39 85 0.0823529 27
542 46 54 100 -0.08 33
543 10 102 112 -0.821429 24
544 68 32 100 0.36 30
545 32 67 99 -0.353535 29
546 5 79 84 -0.880952 23
547 41 30 71 0.15493 27
548 89 23 112 0.589286 27
549 14 99 113 -0.752212 29
550 47 46 93 0.0107527 29
551 62 22 84 0.47619 24
552 65 52 117 0.111111 27
553 80 5 85 0.882353 21
554 50 17 67 0.492537 25
555 29 69 98 -0.408163 32
556 32 68 100 -0.36 24
557 69 28 97 0.42268 25
558 29 97 126 -0.539683 32
559 2 66 68 -0.941176 20
560 135 9 144 0.875 18
561 22 64 86 -0.488372 32
562 131 5 136 0.926471 18
563 12 67 79 -0.696203 23
564 87 21 108 0.611111 24
565 132 1 133 0.984962 12
566 77 26 103 0.495146 26
567 127 17 144 0.763889 22
568 9 105 114 -0.842105 22
569 50 34 84 0.190476 23
570 65 23 88 0.477273 28
571 99 13 112 0.767857 26
572 45 40 85 0.0588235 26
573 13 76 89 -0.707865 22
574 52 40 92 0.130435 30
575 47 70 117 -0.196581 33
576 75 37 112 0.339286 31
577 32 91 123 -0.479675 23
578 68 10 78 0.74359 17
579 6 74 80 -0.85 23
580 57 19 76 0.5 23
581 7 107 114 -0.877193 24
582 20 68 88 -0.545455 26
583 32 32 64 0 24
584 41 57 98 -0.163265 30
585 80 34 114 0.403509 31
586 29 89 118 -0.508475 29
587 37 72 109 -0.321101 25
588 56 48 104 0.0769231 25
589 90 10 100 0.8 26
590 4 92 96 -0.916667 15
591 82 41 123 0.333333 34
592 34 46 80 -0.15 20
593 84 19 103 0.631068 26
594 74 6 80 0.85 18
595 25 80 105 -0.52381 26
596 5 118 123 -0.918699 22
597 68 37 105 0.295238 27
598 92 8 100 0.84 24
599 50 48 98 0.0204082 36
600 96 32 128 0.5 30
601 51 24 75 0.36 27
602 27 126 153 -0.647059 25
603 41 47 88 -0.0681818 27
604 46 42 88 0.0454545 24
605 38 81 119 -0.361345 31
606 32 56 88 -0.272727 27
607 10 104 114 -0.824561 27
608 30 66 96 -0.375 26
609 47 52 99 -0.0505051 33
610 28 76 104 -0.461538 30
611 87 18 105 0.657143 30
612 83 8 91 0.824176 23
613 6 150 156 -0.923077 18
614 21 90 111 -0.621622 28
615 71 25 96 0.479167 25
616 68 40 108 0.259259 26
617 37 48 85 -0.129412 20
618 22 101 123 -0.642276 26
619 83 9 92 0.804348 24
620 73 28 101 0.445545 26
621 23 99 122 -0.622951 27
622 13 108 121 -0.785124 26
623 93 12 105 0.771429 29
624 12 129 141 -0.829787 24
625 38 44 82 -0.0731707 32
626 45 53 98 -0.0816327 28
627 97 18 115 0.686957 26
628 64 34 98 0.306122 24
629 62 33 95 0.305263 25
630 32 77 109 -0.412844 27
631 46 71 117 -0.213675 30
632 13 76 89 -0.707865 23
633 42 100 142 -0.408451 27
634 56 36 92 0.217391 25
635 30 65 95 -0.368421 29
636 9 115 124 -0.854839 27
637 46 53 99 -0.0707071 31
638 37 40 77 -0.038961 28
639 30 51 81 -0.259259 28
640 26 73 99 -0.474747 31
641 71 29 100 0.42 24
642 63 22 85 0.482353 25
643 30 57 87 -0.310345 24
644 56 51 107 0.046729 29
645 31 59 90 -0.311111 23
646 11 107 118 -0.813559 22
647 83 6 89 0.865169 23
648 91 6 97 0.876289 21
649 71 22 93 0.526882 21
650 107 24 131 0.633588 29
651 35 45 80 -0.125 23
652 78 23 101 0.544554 23
653 120 8 128 0.875 23
654 76 22 98 0.55102 30
655 36 95 131 -0.450382 34
656 48 49 97 -0.0103093 25
657 11 72 83 -0.73494 27
658 78 19 97 0.608247 25
659 37 60 97 -0.237113 28
660 45 56 101 -0.108911 30
661 55 18 73 0.506849 24
662 60 26 86 0.395349 27
663 24 69 93 -0.483871 29
664 10 60 70 -0.714286 16
665 51 31 82 0.243902 29
666 15 77 92 -0.673913 25
667 3 107 110 -0.945455 15
668 76 35 111 0.369369 26
669 44 36 80 0.1 26
670 12 107 119 -0.798319 21
671 19 75 94 -0.595745 28
672 79 28 107 0.476636 25
673 64 30 94 0.361702 28
674 67 27 94 0.425532 29
675 77 35 112 0.375 25
676 21 64 85 -0.505882 23
677 121 7 128 0.890625 24
678 20 115 135 -0.703704 23
679 46 64 110 -0.163636 25
680 58 38 96 0.208333 29
681 39 51 90 -0.133333 25
682 98 30 128 0.53125 22
683 45 70 115 -0.217391 33
684 37 83 120 -0.383333 28
685 66 27 93 0.419355 31
686 44 45 89 -0.011236 25
687 54 37 91 0.186813 28
688 36 72 108 -0.333333 30
689 17 66 83 -0.590361 26
690 132 12 144 0.833333 27
691 45 66 111 -0.189189 29
692 54 35 89 0.213483 28
693 73 36 109 0.33945 28
694 49 57 106 -0.0754717 27
695 56 75 131 -0.145038 33
696 24 64 88 -0.454545 27
697 77 14 91 0.692308 22
698 44 76 120 -0.266667 27
699 0 89 89 -1 9
700 9 139 148 -0.878378 26
701 21 78 99 -0.575758 22
702 58 37 95 0.221053 23
703 76 27 103 0.475728 21
704 24 90 114 -0.578947 30
705 5 105 110 -0.909091 17
706 60 25 85 0.411765 25
707 23 78 101 -0.544554 31
708 20 101 121 -0.669421 29
709 11 80 91 -0.758242 25
710 69 11 80 0.725 25
711 35 66 101 -0.306931 29
712 5 124 129 -0.922481 21
713 76 34 110 0.381818 26
714 92 21 113 0.628319 23
715 28 61 89 -0.370787 25
716 106 4 110 0.927273 22
717 43 43 86 0 29
718 52 41 93 0.11828 31
719 6 84 90 -0.866667 24
720 10 143 153 -0.869281 22
721 112 6 118 0.898305 23
722 58 50 108 0.0740741 32
723 12 101 113 -0.787611 23
724 36 48 84 -0.142857 28
725 63 21 84 0.5 29
726 7 85 92 -0.847826 24
727 91 2 93 0.956989 21
728 5 109 114 -0.912281 22
729 30 114 144 -0.583333 31
730 65 14 79 0.64557 22
731 50 54 104 -0.0384615 33
732 140 2 142 0.971831 15
733 31 65 96 -0.354167 31
734 85 33 118 0.440678 30
735 18 77 95 -0.621053 24
736 18 84 102 -0.647059 29
737 45 54 99 -0.0909091 28
738 6 85 91 -0.868132 24
739 90 18 108 0.666667 28
740 10 78 88 -0.772727 24
741 125 9 134 0.865672 26
742 49 51 100 -0.02 25
743 87 47 134 0.298507 24
744 24 66 90 -0.466667 33
745 78 29 107 0.457944 28
746 69 31 100 0.38 31
747 8 79 87 -0.816092 26
748 121 3 124 0.951613 18
749 11 38 49 -0.55102 24
750 58 7 65 0.784615 20
751 53 30 83 0.277108 25
752 20 79 99 -0.59596 28
753 18 57 75 -0.52 28
754 72 25 97 0.484536 27
755 18 90 108 -0.666667 26
756 78 43 121 0.289256 31
757 22 51 73 -0.39726 23
758 55 13 68 0.617647 25
759 53 36 89 0.191011 31
760 71 9 80 0.775 24
761 102 7 109 0.87156 24
762 85 24 109 0.559633 28
763 1 134 135 -0.985185 20
764 19 120 139 -0.726619 25
765 61 43 104 0.173077 32
766 39 78 117 -0.333333 31
767 72 4 76 0.894737 21
768 85 26 111 0.531532 29
769 35 57 92 -0.23913 28
770 39 34 73 0.0684932 24
771 56 54 110 0.0181818 30
772 64 22 86 0.488372 27
773 14 88 102 -0.72549 25
774 13 107 120 -0.783333 27
775 3 124 127 -0.952756 22
776 21 68 89 -0.52809 30
777 84 30 114 0.473684 25
778 64 48 112 0.142857 31
779 43 32 75 0.146667 25
780 19 70 89 -0.573034 28
781 65 47 112 0.160714 30
782 14 73 87 -0.678161 27
783 103 23 126 0.634921 29
784 25 82 107 -0.53271 31
785 42 59 101 -0.168317 27
786 42 65 107 -0.214953 23
787 19 34 53 -0.283019 20
788 33 70 103 -0.359223 29
789 68 42 110 0.236364 23
790 62 33 95 0.305263 31
791 119 10 129 0.844961 23
792 87 30 117 0.487179 26
793 10 105 115 -0.826087 20
794 5 65 70 -0.857143 11
795 79 53 132 0.19697 34
796 40 48 88 -0.0909091 33
797 64 19 83 0.542169 28
798 27 85 112 -0.517857 28
799 42 79 121 -0.305785 31
800 59 48 107 0.102804 27
801 25 56 81 -0.382716 22
802 90 18 108 0.666667 28
803 76 21 97 0.56701 27
804 69 38 107 0.28972 34
805 31 94 125 -0.504 28
806 51 26 77 0.324675 32
807 79 29 108 0.462963 27
808 13 56 69 -0.623188 24
809 76 7 83 0.831325 24
810 6 134 140 -0.914286 12
811 24 90 114 -0.578947 23
812 47 53 100 -0.06 30
813 84 4 88 0.909091 23
814 56 65 121 -0.0743802 31
815 33 57 90 -0.266667 20
816 36 62 98 -0.265306 32
817 77 21 98 0.571429 27
818 20 28 48 -0.166667 21
819 8 67 75 -0.786667 23
820 56 54 110 0.0181818 31
821 96 13 109 0.761468 24
822 29 41 70 -0.171429 26
823 75 48 123 0.219512 28
824 8 68 76 -0.789474 24
825 137 3 140 0.957143 21
826 114 10 124 0.83871 24
827 81 22 103 0.572816 26
828 7 70 77 -0.818182 18
829 10 45 55 -0.636364 23
830 42 35 77 0.0909091 26
831 71 27 98 0.44898 27
832 8 91 99 -0.838384 23
833 74 20 94 0.574468 26
834 72 32 104 0.384615 25
835 77 9 86 0.790698 22
836 42 81 123 -0.317073 34
837 18 102 120 -0.7 28
838 35 56 91 -0.230769 25
839 47 42 89 0.0561798 32
840 106 9 115 0.843478 24
841 6 102 108 -0.888889 20
842 59 73 132 -0.106061 30
843 7 96 103 -0.864078 20
844 21 82 103 -0.592233 27
845 15 86 101 -0.70297 26
846 66 29 95 0.389474 27
847 2 112 114 -0.964912 21
848 27 64 91 -0.406593 26
849 15 86 101 -0.70297 26
850 35 98 133 -0.473684 29
851 14 69 83 -0.662651 28
852 21 97 118 -0.644068 29
853 95 20 115 0.652174 28
854 57 32 89 0.280899 29
855 25 61 86 -0.418605 31
856 72 8 80 0.8 21
857 7 94 101 -0.861386 15
858 37 68 105 -0.295238 30
859 53 56 109 -0.0275229 28
860 105 9 114 0.842105 19
861 88 7 95 0.852632 21
862 53 52 105 0.00952381 36
863 12 118 130 -0.815385 24
864 93 6 99 0.878788 23
865 28 79 107 -0.476636 28
866 46 53 99 -0.0707071 31
867 128 16 144 0.777778 27
868 65 44 109 0.192661 26
869 80 18 98 0.632653 26
870 24 74 98 -0.510204 28
871 71 7 78 0.820513 14
872 52 15 67 0.552239 20
873 158 5 163 0.93865 21
874 69 30 99 0.393939 25
875 12 56 68 -0.647059 19
876 96 31 127 0.511811 28
877 89 8 97 0.835052 25
878 42 62 104 -0.192308 30
879 40 66 106 -0.245283 34
880 84 46 130 0.292308 25
881 79 11 90 0.755556 23
882 22 52 74 -0.405405 22
883 8 90 98 -0.836735 24
884 81 36 117 0.384615 30
885 112 19 131 0.709924 21
886 85 22 107 0.588785 27
887 100 7 107 0.869159 24
888 24 71 95 -0.494737 30
889 6 51 57 -0.789474 17
890 25 68 93 -0.462366 26
891 38 75 113 -0.327434 29
892 84 22 106 0.584906 28
893 12 100 112 -0.785714 25
894 52 50 102 0.0196078 23
895 25 64 89 -0.438202 30
896 18 84 102 -0.647059 27
897 83 18 101 0.643564 22
898 13 86 99 -0.737374 27
899 52 58 110 -0.0545455 32
900 29 69 98 -0.408163 26
901 11 92 103 -0.786408 27
902 59 46 105 0.12381 28
903 4 114 118 -0.932203 20
904 69 34 103 0.339806 30
905 65 36 101 0.287129 30
906 48 40 88 0.0909091 26
907 50 62 112 -0.107143 31
908 2 12 14 -0.714286 10
909 20 40 60 -0.333333 29
910 30 67 97 -0.381443 29
911 70 6 76 0.842105 24
912 126 15 141 0.787234 25
913 54 52 106 0.0188679 27
914 74 42 116 0.275862 34
915 66 20 86 0.534884 27
916 17 81 98 -0.653061 25
917 71 31 102 0.392157 26
918 13 112 125 -0.792 21
919 61 37 98 0.244898 29
920 4 83 87 -0.908046 22
921 74 50 124 0.193548 28
922 40 51 91 -0.120879 31
923 69 17 86 0.604651 26
924 31 86 117 -0.470085 31
925 78 20 98 0.591837 24
926 15 72 87 -0.655172 21
927 4 96 100 -0.92 20
928 112 21 133 0.684211 22
929 92 3 95 0.936842 22
930 95 21 116 0.637931 31
931 36 72 108 -0.333333 34
932 65 52 117 0.111111 28
933 90 15 105 0.714286 23
934 67 36 103 0.300971 28
935 29 86 115 -0.495652 24
936 37 61 98 -0.244898 34
937 123 7 130 0.892308 22
938 53 24 77 0.376623 30
939 33 70 103 -0.359223 26
940 83 45 128 0.296875 26
941 82 21 103 0.592233 28
942 15 59 74 -0.594595 25
943 5 101 106 -0.90566 15
944 8 81 89 -0.820225 26
945 88 30 118 0.491525 27
946 39 68 107 -0.271028 28
947 65 18 83 0.566265 26
948 16 115 131 -0.755725 23
949 72 45 117 0.230769 34
950 45 51 96 -0.0625 26
951 38 45 83 -0.0843373 28
952 15 98 113 -0.734513 29
953 31 57 88 -0.295455 27
954 46 40 86 0.0697674 34
955 52 42 94 0.106383 19
956 21 81 102 -0.588235 25
957 28 77 105 -0.466667 21
958 55 49 104 0.0576923 32
959 56 33 89 0.258427 33
960 55 29 84 0.309524 27
961 17 108 125 -0.728 20
962 15 74 89 -0.662921 28
963 22 64 86 -0.488372 23
964 36 85 121 -0.404959 28
965 28 43 71 -0.211268 25
966 94 12 106 0.773585 27
967 115 24 139 0.654676 24
968 40 49 89 -0.101124 27
969 26 63 89 -0.41573 28
970 59 35 94 0.255319 32
971 22 70 92 -0.521739 30
972 58 44 102 0.137255 24
973 25 86 111 -0.54955 26
974 43 38 81 0.0617284 22
975 87 39 126 0.380952 35
976 126 6 132 0.909091 19
977 39 42 81 -0.037037 28
978 61 23 84 0.452381 26
979 86 26 112 0.535714 22
980 19 79 98 -0.612245 30
981 45 44 89 0.011236 24
982 4 130 134 -0.940299 20
983 95 40 135 0.407407 30
984 6 89 95 -0.873684 21
985 79 21 100 0.58 28
986 142 6 148 0.918919 19
987 30 65 95 -0.368421 26
988 56 40 96 0.166667 25
989 105 9 114 0.842105 22
990 56 80 136 -0.176471 34
991 20 69 89 -0.550562 28
992 42 88 130 -0.353846 34
993 10 15 25 -0.2 14
994 23 43 66 -0.30303 28
995 22 79 101 -0.564356 27
996 24 64 88 -0.454545 25
997 93 5 98 0.897959 22
998 23 76 99 -0.535354 31
999 30 64 94 -0.361702 25
1000 34 70 104 -0.346154 28
1001 15 98 113 -0.734513 22
1002 15 85 100 -0.7 25
1003 17 88 105 -0.67619 26
1004 20 74 94 -0.574468 29
1005 89 15 104 0.711538 23
1006 94 2 96 0.958333 15
1007 23 66 89 -0.483146 28
1008 120 5 125 0.92 23
1009 43 24 67 0.283582 27
1010 46 11 57 0.614035 19
1011 20 99 119 -0.663866 26
1012 45 38 83 0.0843373 25
1013 71 34 105 0.352381 28
1014 7 111 118 -0.881356 23
1015 30 63 93 -0.354839 29
1016 59 26 85 0.388235 25
1017 83 20 103 0.61165 27
1018 28 47 75 -0.253333 27
1019 84 20 104 0.615385 25
1020 93 21 114 0.631579 21
1021 107 9 116 0.844828 25
1022 10 93 103 -0.805825 24
1023 20 88 108 -0.62963 23
1024 119 21 140 0.7 27
1025 51 16 67 0.522388 24
1026 22 84 106 -0.584906 29
1027 92 21 113 0.628319 27
1028 72 20 92 0.565217 25
1029 70 26 96 0.458333 21
1030 22 68 90 -0.511111 20
1031 29 53 82 -0.292683 27
1032 74 19 93 0.591398 23
1033 8 144 152 -0.894737 17
1034 26 62 88 -0.409091 28
1035 16 90 106 -0.698113 23
1036 0 117 117 -1 11
1037 59 50 109 0.0825688 28
1038 15 94 109 -0.724771 26
1039 48 31 79 0.21519 30
1040 38 102 140 -0.457143 32
1041 128 7 135 0.896296 23
1042 58 30 88 0.318182 31
1043 51 36 87 0.172414 23
1044 14 130 144 -0.805556 24
1045 63 19 82 0.536585 27
1046 67 15 82 0.634146 25
1047 66 11 77 0.714286 20
1048 98 4 102 0.921569 20
1049 152 8 160 0.9 17
1050 11 72 83 -0.73494 26
1051 47 63 110 -0.145455 27
1052 98 21 119 0.647059 28
1053 71 33 104 0.365385 27
1054 121 3 124 0.951613 15
1055 47 50 97 -0.0309278 27
1056 72 28 100 0.44 26
1057 25 71 96 -0.479167 28
1058 38 62 100 -0.24 28
1059 52 54 106 -0.0188679 27
1060 86 28 114 0.508772 32
1061 78 20 98 0.591837 21
1062 25 80 105 -0.52381 21
1063 54 31 85 0.270588 24
1064 16 64 80 -0.6 23
1065 88 56 144 0.222222 26
1066 8 103 111 -0.855856 26
1067 14 97 111 -0.747748 28
1068 68 32 100 0.36 26
1069 22 78 100 -0.56 29
1070 15 67 82 -0.634146 26
1071 34 48 82 -0.170732 22
1072 69 27 96 0.4375 27
1073 3 109 112 -0.946429 18
1074 62 22 84 0.47619 23
1075 80 26 106 0.509434 29
1076 27 82 109 -0.504587 22
1077 96 35 131 0.465649 31
1078 73 27 100 0.46 31
1079 29 51 80 -0.275 24
1080 81 26 107 0.514019 27
1081 7 69 76 -0.815789 19
1082 8 125 133 -0.879699 20
1083 4 111 115 -0.930435 23
1084 17 114 131 -0.740458 26
1085 62 68 130 -0.0461538 32
1086 115 15 130 0.769231 29
1087 48 71 119 -0.193277 30
1088 10 94 104 -0.807692 25
1089 28 82 110 -0.490909 30
1090 39 59 98 -0.204082 32
1091 9 134 143 -0.874126 22
1092 25 46 71 -0.295775 22
1093 83 16 99 0.676768 24
1094 62 57 119 0.0420168 32
1095 77 37 114 0.350877 22
1096 24 58 82 -0.414634 26
1097 99 8 107 0.850467 18
1098 37 59 96 -0.229167 28
1099 50 34 84 0.190476 26
1100 43 59 102 -0.156863 30
1101 110 9 119 0.848739 24
1102 46 33 79 0.164557 29
1103 35 86 121 -0.421488 31
1104 56 48 104 0.0769231 31
1105 40 67 107 -0.252336 33
1106 86 12 98 0.755102 28
1107 27 79 106 -0.490566 25
1108 47 55 102 -0.0784314 25
1109 86 22 108 0.592593 31
1110 11 79 90 -0.755556 22
1111 56 46 102 0.0980392 29
1112 47 58 105 -0.104762 32
1113 44 2 46 0.913043 15
1114 34 81 115 -0.408696 31
1115 18 80 98 -0.632653 25
1116 8 92 100 -0.84 23
1117 62 25 87 0.425287 22
1118 33 62 95 -0.305263 29
1119 12 108 120 -0.8 25
1120 84 32 116 0.448276 30
1121 74 41 115 0.286957 28
1122 75 30 105 0.428571 26
1123 116 15 131 0.770992 25
1124 91 23 114 0.596491 28
1125 13 101 114 -0.77193 24
1126 11 128 139 -0.841727 24
1127 66 5 71 0.859155 18
1128 18 86 104 -0.653846 24
1129 31 70 101 -0.386139 28
1130 62 27 89 0.393258 29
1131 64 24 88 0.454545 26
1132 18 88 106 -0.660377 24
1133 57 62 119 -0.0420168 33
1134 5 93 98 -0.897959 24
1135 36 55 91 -0.208791 31
1136 43 46 89 -0.0337079 29
1137 25 60 85 -0.411765 24
1138 101 19 120 0.683333 20
1139 6 90 96 -0.875 25
1140 62 25 87 0.425287 30
1141 17 103 120 -0.716667 29
1142 7 74 81 -0.82716 23
1143 82 31 113 0.451327 28
1144 24 77 101 -0.524752 29
1145 18 55 73 -0.506849 27
1146 56 40 96 0.166667 26
1147 75 16 91 0.648352 22
1148 49 33 82 0.195122 23
1149 5 103 108 -0.907407 17
1150 32 67 99 -0.353535 30
1151 82 29 111 0.477477 30
1152 42 50 92 -0.0869565 31
1153 82 28 110 0.490909 27
1154 11 143 154 -0.857143 23
1155 39 60 99 -0.212121 29
1156 99 21 120 0.65 26
1157 11 90 101 -0.782178 26
1158 119 4 123 0.934959 13
1159 82 13 95 0.726316 25
1160 9 98 107 -0.831776 23
1161 20 55 75 -0.466667 14
1162 44 29 73 0.205479 27
1163 51 35 86 0.186047 25
1164 48 68 116 -0.172414 31
1165 22 73 95 -0.536842 24
1166 32 69 101 -0.366337 26
1167 30 85 115 -0.478261 20
1168 8 46 54 -0.703704 20
1169 29 86 115 -0.495652 26
1170 34 51 85 -0.2 29
1171 80 25 105 0.52381 34
1172 62 36 98 0.265306 30
1173 27 51 78 -0.307692 24
1174 29 85 114 -0.491228 29
1175 26 72 98 -0.469388 28
1176 40 73 113 -0.292035 31
1177 33 68 101 -0.346535 29
1178 55 48 103 0.0679612 25
1179 83 31 114 0.45614 29
1180 55 32 87 0.264368 23
1181 2 127 129 -0.968992 19
1182 3 98 101 -0.940594 21
1183 13 117 130 -0.8 28
1184 28 50 78 -0.282051 27
1185 15 52 67 -0.552239 18
1186 61 58 119 0.0252101 26
1187 23 81 104 -0.557692 33
1188 33 68 101 -0.346535 26
1189 10 102 112 -0.821429 25
1190 89 20 109 0.633028 30
1191 131 10 141 0.858156 15
1192 64 23 87 0.471264 24
1193 7 106 113 -0.876106 20
1194 41 62 103 -0.203883 26
1195 35 46 81 -0.135802 22
1196 59 23 82 0.439024 31
1197 42 58 100 -0.16 27
1198 10 110 120 -0.833333 23
1199 22 63 85 -0.482353 27
1200 37 63 100 -0.26 29
1201 73 30 103 0.417476 29
1202 36 48 84 -0.142857 23
1203 56 52 108 0.037037 24
1204 41 58 99 -0.171717 23
1205 12 78 90 -0.733333 23
1206 7 114 121 -0.884298 18
1207 82 35 117 0.401709 30
1208 77 47 124 0.241935 27
1209 22 67 89 -0.505618 27
1210 57 23 80 0.425 26
1211 106 11 117 0.811966 23
1212 86 20 106 0.622642 22
1213 21 72 93 -0.548387 26
1214 68 5 73 0.863014 19
1215 12 72 84 -0.714286 23
1216 49 58 107 -0.0841121 33
1217 87 30 117 0.487179 24
1218 5 118 123 -0.918699 20
1219 75 35 110 0.363636 32
1220 55 49 104 0.0576923 30
1221 100 6 106 0.886792 22
1222 32 71 103 -0.378641 24
1223 122 22 144 0.694444 30
1224 16 142 158 -0.797468 23
1225 95 23 118 0.610169 28
1226 66 33 99 0.333333 29
1227 34 65 99 -0.313131 27
1228 11 74 85 -0.741176 25
1229 26 77 103 -0.495146 28
1230 23 100 123 -0.626016 24
1231 141 9 150 0.88 24
1232 31 55 86 -0.27907 28
1233 16 67 83 -0.614458 22
1234 71 18 89 0.595506 25
1235 54 47 101 0.0693069 29
1236 64 23 87 0.471264 25
1237 4 115 119 -0.932773 22
1238 7 110 117 -0.880342 20
1239 46 41 87 0.0574713 26
1240 36 38 74 -0.027027 22
1241 37 43 80 -0.075 26
1242 25 61 86 -0.418605 19
1243 113 10 123 0.837398 25
1244 63 37 100 0.26 25
1245 23 74 97 -0.525773 30
1246 80 21 101 0.584158 27
1247 39 50 89 -0.123596 27
1248 37 52 89 -0.168539 30
1249 86 13 99 0.737374 24
1250 0 93 93 -1 7
1251 66 44 110 0.2 25
1252 38 33 71 0.0704225 24
1253 42 52 94 -0.106383 26
1254 57 52 109 0.0458716 27
1255 16 118 134 -0.761194 22
1256 61 35 96 0.270833 22
1257 46 67 113 -0.185841 31
1258 85 36 121 0.404959 30
1259 14 68 82 -0.658537 23
1260 47 28 75 0.253333 29
1261 122 7 129 0.891473 23
1262 62 27 89 0.393258 23
1263 37 87 124 -0.403226 28
1264 30 75 105 -0.428571 26
1265 76 12 88 0.727273 25
1266 71 11 82 0.731707 24
1267 26 79 105 -0.504762 25
1268 49 52 101 -0.029703 33
1269 67 35 102 0.313725 24
1270 5 77 82 -0.878049 17
1271 85 5 90 0.888889 22
1272 32 54 86 -0.255814 25
1273 56 32 88 0.272727 28
1274 46 84 130 -0.292308 28
1275 32 84 116 -0.448276 29
1276 104 17 121 0.719008 24
1277 33 30 63 0.047619 20
1278 101 10 111 0.81982 23
1279 106 4 110 0.927273 16
1280 76 17 93 0.634409 21
1281 13 113 126 -0.793651 26
1282 59 64 123 -0.0406504 30
1283 27 59 86 -0.372093 24
1284 73 26 99 0.474747 24
1285 100 7 107 0.869159 22
1286 25 40 65 -0.230769 27
1287 104 4 108 0.925926 17
1288 20 63 83 -0.518072 28
1289 12 68 80 -0.7 23
1290 2 109 111 -0.963964 21
1291 7 133 140 -0.9 17
1292 66 25 91 0.450549 28
1293 92 12 104 0.769231 28
1294 84 37 121 0.38843 33
1295 31 48 79 -0.21519 22
1296 16 75 91 -0.648352 25
1297 106 6 112 0.892857 25
1298 135 6 141 0.914894 19
1299 32 67 99 -0.353535 27
1300 80 17 97 0.649485 25
1301 23 55 78 -0.410256 28
1302 41 72 113 -0.274336 32
1303 114 25 139 0.640288 31
1304 15 93 108 -0.722222 22
1305 101 18 119 0.697479 26
1306 13 83 96 -0.729167 23
1307 18 91 109 -0.669725 27
1308 104 13 117 0.777778 24
1309 12 114 126 -0.809524 26
1310 12 119 131 -0.816794 27
1311 19 126 145 -0.737931 28
1312 10 147 157 -0.872611 24
1313 58 36 94 0.234043 33
1314 8 83 91 -0.824176 24
1315 148 7 155 0.909677 26
1316 89 24 113 0.575221 28
1317 32 55 87 -0.264368 26
1318 97 16 113 0.716814 24
1319 4 127 131 -0.938931 17
1320 100 2 102 0.960784 17
1321 75 14 89 0.685393 24
1322 46 47 93 -0.0107527 26
1323 34 63 97 -0.298969 26
1324 48 32 80 0.2 31
1325 34 50 84 -0.190476 24
1326 24 67 91 -0.472527 24
1327 51 51 102 0 28
1328 51 59 110 -0.0727273 26
1329 36 64 100 -0.28 32
1330 70 48 118 0.186441 33
1331 60 30 90 0.333333 29
1332 59 35 94 0.255319 26
1333 6 61 67 -0.820896 20
1334 17 81 98 -0.653061 28
1335 9 107 116 -0.844828 24
1336 11 127 138 -0.84058 22
1337 101 18 119 0.697479 29
1338 13 61 74 -0.648649 21
1339 24 45 69 -0.304348 23
1340 5 161 166 -0.939759 16
1341 53 30 83 0.277108 30
1342 45 32 77 0.168831 27
1343 49 37 86 0.139535 27
1344 30 58 88 -0.318182 25
1345 9 17 26 -0.307692 10
1346 24 86 110 -0.563636 30
1347 12 65 77 -0.688312 23
1348 62 32 94 0.319149 33
1349 89 20 109 0.633028 24
1350 12 84 96 -0.75 27
1351 11 88 99 -0.777778 26
1352 20 95 115 -0.652174 27
1353 81 23 104 0.557692 29
1354 10 93 103 -0.805825 24
1355 55 28 83 0.325301 22
1356 9 74 83 -0.783133 21
1357 24 77 101 -0.524752 24
1358 55 52 107 0.0280374 33
1359 76 29 105 0.447619 27
1360 18 70 88 -0.590909 29
1361 24 87 111 -0.567568 29
1362 55 29 84 0.309524 26
1363 16 79 95 -0.663158 28
1364 32 89 121 -0.471074 31
1365 67 35 102 0.313725 31
1366 46 50 96 -0.0416667 25
1367 32 62 94 -0.319149 26
1368 1 97 98 -0.979592 20
1369 87 19 106 0.641509 23
1370 53 40 93 0.139785 28
1371 38 64 102 -0.254902 30
1372 88 32 120 0.466667 28
1373 18 67 85 -0.576471 28
1374 48 37 85 0.129412 31
1375 32 54 86 -0.255814 24
1376 32 81 113 -0.433628 29
1377 16 112 128 -0.75 28
1378 18 72 90 -0.6 28
1379 22 70 92 -0.521739 22
1380 17 99 116 -0.706897 26
1381 33 67 100 -0.34 31
1382 24 52 76 -0.368421 30
1383 44 24 68 0.294118 24
1384 18 62 80 -0.55 27
1385 48 51 99 -0.030303 30
1386 56 61 117 -0.042735 30
1387 68 31 99 0.373737 28
1388 7 91 98 -0.857143 21
1389 23 81 104 -0.557692 20
1390 13 90 103 -0.747573 24
1391 19 68 87 -0.563218 21
1392 66 24 90 0.466667 28
1393 25 56 81 -0.382716 33
1394 54 50 104 0.0384615 26
1395 18 127 145 -0.751724 26
1396 41 39 80 0.025 27
1397 11 62 73 -0.69863 25
1398 69 21 90 0.533333 27
1399 2 103 105 -0.961905 19
1400 78 6 84 0.857143 23
1401 51 39 90 0.133333 27
1402 77 36 113 0.362832 32
1403 69 25 94 0.468085 29
1404 34 69 103 -0.339806 27
1405 78 29 107 0.457944 30
1406 23 53 76 -0.394737 30
1407 47 67 114 -0.175439 30
1408 5 103 108 -0.907407 22
1409 39 42 81 -0.037037 25
1410 33 72 105 -0.371429 26
1411 63 23 86 0.465116 25
1412 6 71 77 -0.844156 22
1413 67 39 106 0.264151 29
1414 16 66 82 -0.609756 28
1415 9 89 98 -0.816327 24
1416 51 17 68 0.5 28
1417 70 26 96 0.458333 28
1418 61 46 107 0.140187 30
1419 28 66 94 -0.404255 31
1420 17 77 94 -0.638298 25
1421 43 64 107 -0.196262 27
1422 85 5 90 0.888889 22
1423 60 34 94 0.276596 29
1424 5 125 130 -0.923077 21
1425 15 88 103 -0.708738 27
1426 31 69 100 -0.38 30
1427 58 15 73 0.589041 25
1428 3 54 57 -0.894737 17
1429 34 50 84 -0.190476 26
1430 23 106 129 -0.643411 29
1431 62 21 83 0.493976 28
1432 91 8 99 0.838384 25
1433 38 60 98 -0.22449 31
1434 74 45 119 0.243697 28
1435 4 109 113 -0.929204 21
1436 7 125 132 -0.893939 20
1437 50 46 96 0.0416667 32
1438 26 56 82 -0.365854 24
1439 35 52 87 -0.195402 28
1440 65 35 100 0.3 25
1441 92 22 114 0.614035 27
1442 29 87 116 -0.5 25
1443 27 70 97 -0.443299 26
1444 46 37 83 0.108434 28
1445 7 71 78 -0.820513 23
1446 56 26 82 0.365854 32
1447 32 96 128 -0.5 28
1448 46 67 113 -0.185841 29
1449 42 51 93 -0.0967742 28
1450 32 94 126 -0.492063 20
1451 55 17 72 0.527778 30
1452 21 65 86 -0.511628 28
1453 17 75 92 -0.630435 28
1454 36 71 107 -0.327103 29
1455 30 98 128 -0.53125 24
1456 70 42 112 0.25 35
1457 7 102 109 -0.87156 22
1458 32 85 117 -0.452991 33
1459 74 36 110 0.345455 25
1460 21 49 70 -0.4 31
1461 47 31 78 0.205128 27
1462 72 16 88 0.636364 28
1463 13 113 126 -0.793651 21
1464 69 26 95 0.452632 25
1465 69 43 112 0.232143 31
1466 20 85 105 -0.619048 24
1467 8 58 66 -0.757576 25
1468 2 94 96 -0.958333 10
1469 85 10 95 0.789474 25
1470 52 56 108 -0.037037 29
1471 16 132 148 -0.783784 24
1472 18 74 92 -0.608696 27
1473 104 16 120 0.733333 27
1474 96 8 104 0.846154 26
1475 38 36 74 0.027027 19
1476 134 6 140 0.914286 22
1477 40 70 110 -0.272727 24
1478 67 48 115 0.165217 32
1479 23 51 74 -0.378378 25
1480 67 22 89 0.505618 21
1481 57 37 94 0.212766 29
1482 17 127 144 -0.763889 29
1483 71 22 93 0.526882 27
1484 87 11 98 0.77551 25
1485 42 41 83 0.0120482 25
1486 83 10 93 0.784946 27
1487 27 101 128 -0.578125 25
1488 30 57 87 -0.310345 29
1489 7 98 105 -0.866667 22
1490 19 73 92 -0.586957 21
1491 41 64 105 -0.219048 28
1492 7 80 87 -0.83908 20
1493 70 30 100 0.4 34
1494 18 103 121 -0.702479 26
1495 59 53 112 0.0535714 31
1496 54 49 103 0.0485437 31
1497 35 75 110 -0.363636 32
1498 3 144 147 -0.959184 15
1499 28 67 95 -0.410526 24
1500 16 111 127 -0.748031 27
1501 119 3 122 0.95082 17
1502 102 5 107 0.906542 21
1503 139 13 152 0.828947 26
1504 28 58 86 -0.348837 28
1505 108 3 111 0.945946 13
1506 1 137 138 -0.985507 15
1507 4 135 139 -0.942446 16
1508 66 51 117 0.128205 29
1509 11 125 136 -0.838235 25
1510 108 5 113 0.911504 19
1511 69 35 104 0.326923 32
1512 70 40 110 0.272727 33
1513 5 99 104 -0.903846 17
1514 79 14 93 0.698925 26
1515 26 79 105 -0.504762 29
1516 23 79 102 -0.54902 25
1517 14 154 168 -0.833333 20
1518 15 52 67 -0.552239 21
1519 75 15 90 0.666667 24
1520 76 37 113 0.345133 26
1521 55 39 94 0.170213 23
1522 15 102 117 -0.74359 20
1523 78 18 96 0.625 27
1524 80 25 105 0.52381 25
1525 43 41 84 0.0238095 25
1526 99 17 116 0.706897 25
1527 11 77 88 -0.75 25
1528 99 16 115 0.721739 22
1529 128 6 134 0.910448 17
1530 29 58 87 -0.333333 27
1531 118 8 126 0.873016 24
1532 51 17 68 0.5 19
1533 22 25 47 -0.0638298 23
1534 46 21 67 0.373134 25
1535 66 32 98 0.346939 27
1536 65 26 91 0.428571 25
1537 46 64 110 -0.163636 32
1538 27 74 101 -0.465347 29
1539 56 21 77 0.454545 30
1540 84 32 116 0.448276 28
1541 61 38 99 0.232323 25
1542 91 14 105 0.733333 28
1543 38 72 110 -0.309091 33
1544 44 52 96 -0.0833333 27
1545 96 7 103 0.864078 25
1546 47 29 76 0.236842 26
1547 70 33 103 0.359223 29
1548 55 50 105 0.047619 27
1549 37 41 78 -0.0512821 27
1550 27 72 99 -0.454545 27
1551 9 68 77 -0.766234 23
1552 51 19 70 0.457143 23
1553 86 27 113 0.522124 25
1554 72 20 92 0.565217 22
1555 14 106 120 -0.766667 27
1556 92 21 113 0.628319 29
1557 125 9 134 0.865672 24
1558 43 37 80 0.075 28
1559 59 27 86 0.372093 25
1560 59 38 97 0.216495 29
1561 4 150 154 -0.948052 21
1562 3 108 111 -0.945946 19
1563 103 11 114 0.807018 24
1564 32 58 90 -0.288889 31
1565 49 45 94 0.0425532 28
1566 19 69 88 -0.568182 24
1567 36 95 131 -0.450382 29
1568 62 23 85 0.458824 22
1569 102 15 117 0.74359 28
1570 21 96 117 -0.641026 29
1571 122 6 128 0.90625 19
1572 65 23 88 0.477273 34
1573 24 96 120 -0.6 27
1574 16 83 99 -0.676768 25
1575 70 17 87 0.609195 26
1576 5 18 23 -0.565217 15
1577 30 57 87 -0.310345 29
1578 81 7 88 0.840909 23
1579 47 59 106 -0.113208 32
1580 100 12 112 0.785714 24
1581 32 19 51 0.254902 18
1582 12 56 68 -0.647059 22
1583 22 65 87 -0.494253 26
1584 54 47 101 0.0693069 27
1585 13 71 84 -0.690476 29
1586 42 51 93 -0.0967742 30
1587 15 82 97 -0.690722 25
1588 3 95 98 -0.938776 22
1589 7 94 101 -0.861386 20
1590 84 31 115 0.46087 31
1591 65 41 106 0.226415 29
1592 84 8 92 0.826087 26
1593 61 29 90 0.355556 32
1594 76 23 99 0.535354 29
1595 32 47 79 -0.189873 28
1596 32 56 88 -0.272727 26
1597 9 108 117 -0.846154 23
1598 6 72 78 -0.846154 21
1599 45 80 125 -0.28 25
1600 85 10 95 0.789474 27
1601 93 9 102 0.823529 27
1602 11 67 78 -0.717949 26
1603 64 69 133 -0.037594 34
1604 74 28 102 0.45098 23
1605 31 79 110 -0.436364 30
1606 35 77 112 -0.375 27
1607 94 35 129 0.457364 30
1608 20 71 91 -0.56044 31
1609 24 66 90 -0.466667 25
1610 78 15 93 0.677419 21
1611 8 130 138 -0.884058 18
1612 13 114 127 -0.795276 24
1613 23 70 93 -0.505376 25
1614 73 32 105 0.390476 30
1615 67 24 91 0.472527 28
1616 15 66 81 -0.62963 26
1617 41 39 80 0.025 29
1618 14 98 112 -0.75 24
1619 14 94 108 -0.740741 26
1620 96 19 115 0.669565 24
1621 14 100 114 -0.754386 27
1622 19 76 95 -0.6 29
1623 86 53 139 0.23741 28
1624 5 117 122 -0.918033 16
1625 25 78 103 -0.514563 30
1626 61 48 109 0.119266 26
1627 106 15 121 0.752066 24
1628 62 44 106 0.169811 31
1629 86 16 102 0.686275 26
1630 20 70 90 -0.555556 26
1631 72 26 98 0.469388 27
1632 67 38 105 0.27619 29
1633 24 99 123 -0.609756 26
1634 24 74 98 -0.510204 27
1635 25 124 149 -0.66443 23
1636 23 56 79 -0.417722 24
1637 88 11 99 0.777778 19
1638 59 37 96 0.229167 28
1639 40 70 110 -0.272727 30
1640 24 77 101 -0.524752 27
1641 95 19 114 0.666667 25
1642 51 56 107 -0.046729 33
1643 4 118 122 -0.934426 20
1644 19 64 83 -0.542169 25
1645 8 109 117 -0.863248 19
1646 102 12 114 0.789474 27
1647 107 18 125 0.712 26
1648 36 69 105 -0.314286 30
1649 23 89 112 -0.589286 29
1650 120 6 126 0.904762 15
1651 59 29 88 0.340909 24
1652 115 2 117 0.965812 20
1653 5 115 120 -0.916667 23
1654 7 107 114 -0.877193 26
1655 35 59 94 -0.255319 31
1656 69 19 88 0.568182 23
1657 18 99 117 -0.692308 21
1658 80 12 92 0.73913 27
1659 56 22 78 0.435897 24
1660 39 66 105 -0.257143 23
1661 50 48 98 0.0204082 32
1662 10 114 124 -0.83871 24
1663 14 58 72 -0.611111 26
1664 69 30 99 0.393939 28
1665 56 33 89 0.258427 32
1666 21 39 60 -0.3 21
1667 72 15 87 0.655172 25
1668 83 34 117 0.418803 32
1669 14 83 97 -0.71134 25
1670 94 25 119 0.579832 25
1671 39 79 118 -0.338983 30
1672 21 93 114 -0.631579 30
1673 75 28 103 0.456311 32
1674 2 4 6 -0.333333 6
1675 84 34 118 0.423729 30
1676 17 53 70 -0.514286 23
1677 79 12 91 0.736264 26
1678 27 89 116 -0.534483 32
1679 61 39 100 0.22 29
1680 16 75 91 -0.648352 22
1681 32 52 84 -0.238095 21
1682 52 8 60 0.733333 22
1683 8 90 98 -0.836735 23
1684 104 5 109 0.908257 24
1685 10 114 124 -0.83871 16
1686 76 32 108 0.407407 32
1687 13 97 110 -0.763636 24
1688 17 79 96 -0.645833 27
1689 124 10 134 0.850746 25
1690 90 15 105 0.714286 27
1691 28 108 136 -0.588235 29
1692 36 89 125 -0.424 29
1693 38 47 85 -0.105882 25
1694 93 11 104 0.788462 27
1695 77 20 97 0.587629 28
1696 94 12 106 0.773585 20
1697 63 49 112 0.125 30
1698 76 10 86 0.767442 22
1699 61 43 104 0.173077 30
1700 120 13 133 0.804511 27
1701 53 38 91 0.164835 29
1702 69 14 83 0.662651 27
1703 4 108 112 -0.928571 23
1704 50 43 93 0.0752688 25
1705 7 120 127 -0.889764 25
1706 46 36 82 0.121951 27
1707 17 83 100 -0.66 27
1708 124 5 129 0.922481 19
1709 76 34 110 0.381818 27
1710 3 105 108 -0.944444 15
1711 18 73 91 -0.604396 26
1712 39 43 82 -0.0487805 26
1713 74 23 97 0.525773 30
1714 32 59 91 -0.296703 29
1715 4 7 11 -0.272727 9
1716 96 3 99 0.939394 22
1717 73 32 105 0.390476 29
1718 49 61 110 -0.109091 27
1719 32 44 76 -0.157895 28
1720 61 25 86 0.418605 27
1721 10 64 74 -0.72973 27
1722 19 86 105 -0.638095 26
1723 35 73 108 -0.351852 32
1724 32 41 73 -0.123288 28
1725 23 13 36 0.277778 15
1726 54 28 82 0.317073 25
1727 99 17 116 0.706897 25
1728 16 58 74 -0.567568 25
1729 104 5 109 0.908257 20
1730 62 16 78 0.589744 23
1731 4 67 71 -0.887324 23
1732 105 17 122 0.721311 23
1733 65 64 129 0.00775194 29
1734 85 24 109 0.559633 23
1735 103 13 116 0.775862 25
1736 41 44 85 -0.0352941 26
1737 7 177 184 -0.923913 19
1738 75 15 90 0.666667 24
1739 7 119 126 -0.888889 24
1740 78 34 112 0.392857 30
1741 18 75 93 -0.612903 23
1742 72 22 94 0.531915 22
1743 19 90 109 -0.651376 29
1744 28 63 91 -0.384615 25
1745 24 69 93 -0.483871 20
1746 5 91 96 -0.895833 22
1747 56 25 81 0.382716 30
1748 9 62 71 -0.746479 25
1749 15 62 77 -0.61039 22
1750 38 29 67 0.134328 24
1751 31 50 81 -0.234568 31
1752 71 23 94 0.510638 24
1753 41 30 71 0.15493 24
1754 14 98 112 -0.75 24
1755 33 59 92 -0.282609 28
1756 57 31 88 0.295455 27
1757 69 13 82 0.682927 25
1758 72 10 82 0.756098 26
1759 15 99 114 -0.736842 26
1760 17 95 112 -0.696429 25
1761 84 16 100 0.68 23
1762 98 16 114 0.719298 26
1763 49 46 95 0.0315789 29
1764 1 114 115 -0.982609 18
1765 82 40 122 0.344262 26
1766 49 35 84 0.166667 25
1767 98 9 107 0.831776 21
1768 120 10 130 0.846154 23
1769 54 65 119 -0.092437 32
1770 15 106 121 -0.752066 24
1771 51 67 118 -0.135593 32
1772 17 97 114 -0.701754 24
1773 73 8 81 0.802469 19
1774 39 30 69 0.130435 21
1775 87 44 131 0.328244 30
1776 54 52 106 0.0188679 31
1777 11 92 103 -0.786408 26
1778 77 36 113 0.362832 22
1779 105 18 123 0.707317 29
1780 32 51 83 -0.228916 25
1781 8 64 72 -0.777778 16
1782 12 90 102 -0.764706 26
1783 18 111 129 -0.72093 21
1784 9 140 149 -0.879195 23
1785 51 19 70 0.457143 23
1786 50 44 94 0.0638298 26
1787 51 14 65 0.569231 21
1788 52 58 110 -0.0545455 33
1789 24 119 143 -0.664336 25
1790 87 24 111 0.567568 30
1791 17 72 89 -0.617978 25
1792 78 23 101 0.544554 29
1793 64 16 80 0.6 24
1794 86 6 92 0.869565 24
1795 12 99 111 -0.783784 25
1796 12 67 79 -0.696203 29
1797 10 101 111 -0.81982 24
1798 21 45 66 -0.363636 27
1799 86 14 100 0.72 25
1800 46 72 118 -0.220339 28
1801 14 93 107 -0.738318 19
1802 56 61 117 -0.042735 26
1803 44 32 76 0.157895 26
1804 9 91 100 -0.82 20
1805 30 69 99 -0.393939 29
1806 56 45 101 0.108911 30
1807 72 22 94 0.531915 24
1808 41 78 119 -0.310924 32
1809 52 28 80 0.3 26
1810 32 44 76 -0.157895 20
1811 60 46 106 0.132075 35
1812 93 19 112 0.660714 30
1813 26 82 108 -0.518519 27
1814 36 67 103 -0.300971 27
1815 38 49 87 -0.126437 30
1816 114 11 125 0.824 23
1817 44 60 104 -0.153846 28
1818 26 60 86 -0.395349 30
1819 41 46 87 -0.0574713 27
1820 126 8 134 0.880597 18
1821 38 62 100 -0.24 26
1822 14 73 87 -0.678161 21
1823 79 19 98 0.612245 26
1824 32 81 113 -0.433628 25
1825 72 35 107 0.345794 33
1826 59 29 88 0.340909 25
1827 82 35 117 0.401709 25
1828 88 9 97 0.814433 24
1829 27 85 112 -0.517857 25
1830 21 102 123 -0.658537 31
1831 60 45 105 0.142857 31
1832 32 76 108 -0.407407 22
1833 68 38 106 0.283019 32
1834 37 51 88 -0.159091 27
1835 70 33 103 0.359223 28
1836 72 42 114 0.263158 32
1837 57 46 103 0.106796 31
1838 53 47 100 0.06 26
1839 62 13 75 0.653333 18
1840 44 52 96 -0.0833333 27
1841 90 6 96 0.875 22
1842 88 12 100 0.76 25
1843 35 60 95 -0.263158 29
1844 56 47 103 0.0873786 31
1845 2 109 111 -0.963964 15
1846 43 45 88 -0.0227273 34
1847 36 61 97 -0.257732 31
1848 21 71 92 -0.543478 28
1849 4 107 111 -0.927928 21
1850 48 53 101 -0.049505 34
1851 106 13 119 0.781513 24
1852 35 62 97 -0.278351 32
1853 13 118 131 -0.801527 26
1854 9 123 132 -0.863636 24
1855 49 31 80 0.225 26
1856 48 39 87 0.103448 19
1857 11 113 124 -0.822581 17
1858 14 59 73 -0.616438 23
1859 1 123 124 -0.983871 12
1860 5 30 35 -0.714286 16
1861 73 24 97 0.505155 30
1862 19 88 107 -0.64486 22
1863 12 93 105 -0.771429 23
1864 20 46 66 -0.393939 23
1865 33 36 69 -0.0434783 25
1866 4 117 121 -0.933884 21
1867 25 79 104 -0.519231 24
1868 17 108 125 -0.728 28
1869 30 85 115 -0.478261 29
1870 60 25 85 0.411765 28
1871 5 76 81 -0.876543 22
1872 30 69 99 -0.393939 29
1873 21 84 105 -0.6 30
1874 59 51 110 0.0727273 31
1875 68 6 74 0.837838 20
1876 95 14 109 0.743119 28
1877 3 86 89 -0.932584 21
1878 58 40 98 0.183673 27
1879 89 47 136 0.308824 32
1880 34 65 99 -0.313131 29
1881 64 23 87 0.471264 28
1882 29 55 84 -0.309524 30
1883 110 24 134 0.641791 28
1884 21 86 107 -0.607477 26
1885 88 16 104 0.692308 26
1886 20 70 90 -0.555556 23
1887 59 36 95 0.242105 23
1888 72 16 88 0.636364 28
1889 26 72 98 -0.469388 25
1890 50 76 126 -0.206349 32
1891 45 88 133 -0.323308 29
1892 41 63 104 -0.211538 25
1893 5 115 120 -0.916667 14
1894 55 58 113 -0.0265487 25
1895 25 59 84 -0.404762 28
1896 9 101 110 -0.836364 19
1897 20 77 97 -0.587629 23
1898 5 131 136 -0.926471 19
1899 44 43 87 0.0114943 26
1900 12 96 108 -0.777778 20
1901 30 70 100 -0.4 21
1902 2 129 131 -0.969466 12
1903 31 83 114 -0.45614 29
1904 98 9 107 0.831776 25
1905 103 24 127 0.622047 32
1906 32 58 90 -0.288889 22
1907 94 4 98 0.918367 21
1908 19 86 105 -0.638095 21
1909 9 108 117 -0.846154 22
1910 117 10 127 0.84252 23
1911 45 66 111 -0.189189 29
1912 134 2 136 0.970588 12
1913 88 16 104 0.692308 23
1914 23 106 129 -0.643411 28
1915 11 92 103 -0.786408 19
1916 38 63 101 -0.247525 24
1917 41 68 109 -0.247706 23
1918 56 26 82 0.365854 21
1919 85 38 123 0.382114 31
1920 111 9 120 0.85 17
1921 18 83 101 -0.643564 28
1922 31 53 84 -0.261905 30
1923 22 84 106 -0.584906 26
1924 54 42 96 0.125 27
1925 7 130 137 -0.89781 23
1926 76 26 102 0.490196 27
1927 68 31 99 0.373737 28
1928 89 16 105 0.695238 20
1929 7 119 126 -0.888889 24
1930 85 33 118 0.440678 30
1931 47 53 100 -0.06 26
1932 109 10 119 0.831933 26
1933 51 31 82 0.243902 24
1934 26 71 97 -0.463918 28
1935 41 68 109 -0.247706 32
1936 11 80 91 -0.758242 25
1937 81 10 91 0.78022 22
1938 19 98 117 -0.675214 27
1939 48 92 140 -0.314286 32
1940 13 138 151 -0.827815 24
1941 37 59 96 -0.229167 25
1942 87 15 102 0.705882 28
1943 57 43 100 0.14 33
1944 65 40 105 0.238095 22
1945 100 2 102 0.960784 16
1946 17 77 94 -0.638298 29
1947 43 42 85 0.0117647 31
1948 46 43 89 0.0337079 31
1949 37 73 110 -0.327273 34
1950 12 122 134 -0.820896 26
1951 26 96 122 -0.57377 29
1952 16 96 112 -0.714286 25
1953 37 47 84 -0.119048 18
1954 6 102 108 -0.888889 20
1955 40 26 66 0.212121 24
1956 17 91 108 -0.685185 27
1957 109 11 120 0.816667 20
1958 60 46 106 0.132075 33
1959 33 66 99 -0.333333 33
1960 42 40 82 0.0243902 23
1961 4 85 89 -0.910112 19
1962 70 17 87 0.609195 25
1963 47 50 97 -0.0309278 30
1964 57 51 108 0.0555556 28
1965 47 43 90 0.0444444 28
1966 58 52 110 0.0545455 28
1967 35 55 90 -0.222222 33
1968 41 52 93 -0.11828 32
1969 103 14 117 0.760684 25
1970 79 13 92 0.717391 22
1971 15 81 96 -0.6875 27
1972 26 51 77 -0.324675 27
1973 95 10 105 0.809524 26
1974 4 89 93 -0.913978 21
1975 24 52 76 -0.368421 30
1976 23 62 85 -0.458824 23
1977 30 49 79 -0.240506 27
1978 89 16 105 0.695238 26
1979 22 66 88 -0.5 29
1980 35 42 77 -0.0909091 17
1981 68 15 83 0.638554 24
1982 60 46 106 0.132075 34
1983 19 46 65 -0.415385 27
1984 51 54 105 -0.0285714 27
1985 113 8 121 0.867769 25
1986 65 30 95 0.368421 27
1987 36 59 95 -0.242105 33
1988 64 51 115 0.113043 28
1989 59 32 91 0.296703 27
1990 36 60 96 -0.25 25
1991 69 63 132 0.0454545 29
1992 114 5 119 0.915966 19
1993 94 21 115 0.634783 28
1994 9 99 108 -0.833333 20
1995 51 56 107 -0.046729 32
1996 29 74 103 -0.436893 24
1997 47 57 104 -0.0961538 29
1998 65 43 108 0.203704 28
1999 158 1 159 0.987421 14
2000 13 67 80 -0.675 25
2001 81 7 88 0.840909 24
2002 86 33 119 0.445378 32
2003 69 43 112 0.232143 31
2004 14 95 109 -0.743119 26
2005 10 84 94 -0.787234 27
2006 85 10 95 0.789474 26
2007 67 41 108 0.240741 26
2008 25 77 102 -0.509804 28
2009 70 9 79 0.772152 20
2010 92 12 104 0.769231 28
2011 18 84 102 -0.647059 22
2012 64 70 134 -0.0447761 28
2013 6 73 79 -0.848101 22
2014 49 21 70 0.4 24
2015 83 26 109 0.522936 29
2016 57 35 92 0.23913 21
2017 80 31 111 0.441441 28
2018 18 23 41 -0.121951 24
2019 13 58 71 -0.633803 23
2020 20 123 143 -0.72028 26
2021 3 73 76 -0.921053 18
2022 104 4 108 0.925926 21
2023 45 63 108 -0.166667 28
2024 8 130 138 -0.884058 23
2025 51 77 128 -0.203125 32
2026 8 128 136 -0.882353 19
2027 7 120 127 -0.889764 24
2028 36 44 80 -0.1 23
2029 89 4 93 0.913978 22
2030 60 33 93 0.290323 27
2031 57 47 104 0.0961538 35
2032 34 59 93 -0.268817 29
2033 39 64 103 -0.242718 26
2034 11 79 90 -0.755556 28
2035 22 85 107 -0.588785 28
2036 17 122 139 -0.755396 30
2037 4 83 87 -0.908046 22
2038 20 80 100 -0.6 28
2039 40 43 83 -0.0361446 28
2040 23 77 100 -0.54 31
2041 66 32 98 0.346939 28
2042 17 35 52 -0.346154 21
2043 41 49 90 -0.0888889 28
2044 65 14 79 0.64557 26
2045 57 54 111 0.027027 26
2046 90 6 96 0.875 22
2047 57 51 108 0.0555556 31
2048 47 57 104 -0.0961538 29
2049 154 2 156 0.974359 20
2050 61 30 91 0.340659 32
2051 54 31 85 0.270588 22
2052 110 3 113 0.946903 14
2053 50 47 97 0.0309278 30
2054 4 78 82 -0.902439 21
2055 106 7 113 0.876106 23
2056 22 80 102 -0.568627 29
2057 107 7 114 0.877193 24
2058 28 49 77 -0.272727 28
2059 91 9 100 0.82 24
2060 36 49 85 -0.152941 28
2061 60 44 104 0.153846 26
2062 102 9 111 0.837838 25
2063 9 72 81 -0.777778 21
2064 35 45 80 -0.125 29
2065 28 59 87 -0.356322 28
2066 18 67 85 -0.576471 28
2067 21 87 108 -0.611111 27
2068 104 8 112 0.857143 24
2069 48 38 86 0.116279 32
2070 97 14 111 0.747748 25
2071 74 18 92 0.608696 28
2072 29 68 97 -0.402062 25
2073 94 6 100 0.88 22
2074 88 29 117 0.504274 31
2075 29 76 105 -0.447619 30
2076 82 30 112 0.464286 28
2077 61 40 101 0.207921 29
2078 29 56 85 -0.317647 28
2079 33 36 69 -0.0434783 24
2080 72 31 103 0.398058 26
2081 81 19 100 0.62 27
2082 46 66 112 -0.178571 30
2083 115 26 141 0.631206 31
2084 5 88 93 -0.892473 19
2085 66 15 81 0.62963 26
2086 16 107 123 -0.739837 27
2087 44 62 106 -0.169811 31
2088 20 85 105 -0.619048 27
2089 2 101 103 -0.961165 20
2090 73 17 90 0.622222 23
2091 57 9 66 0.727273 24
2092 50 42 92 0.0869565 29
2093 20 60 80 -0.5 27
2094 38 75 113 -0.327434 26
2095 88 25 113 0.557522 27
2096 95 11 106 0.792453 23
2097 78 45 123 0.268293 30
2098 24 101 125 -0.616 28
2099 65 40 105 0.238095 30
2100 9 70 79 -0.772152 24
2101 0 83 83 -1 15
2102 96 37 133 0.443609 30
2103 11 96 107 -0.794393 26
2104 68 12 80 0.7 26
2105 9 72 81 -0.777778 22
2106 8 77 85 -0.811765 23
2107 103 22 125 0.648 25
2108 22 87 109 -0.59633 20
2109 30 72 102 -0.411765 27
2110 72 37 109 0.321101 30
2111 11 79 90 -0.755556 20
2112 17 107 124 -0.725806 24
2113 27 50 77 -0.298701 19
2114 12 82 94 -0.744681 25
2115 36 80 116 -0.37931 30
2116 50 30 80 0.25 26
2117 117 3 120 0.95 22
2118 67 43 110 0.218182 31
2119 57 42 99 0.151515 28
2120 91 35 126 0.444444 30
2121 50 59 109 -0.0825688 27
2122 83 23 106 0.566038 27
2123 8 127 135 -0.881481 21
2124 4 167 171 -0.953216 11
2125 44 49 93 -0.0537634 30
2126 3 25 28 -0.785714 12
2127 73 6 79 0.848101 20
2128 20 80 100 -0.6 27
2129 29 71 100 -0.42 30
2130 103 14 117 0.760684 24
2131 30 66 96 -0.375 27
2132 26 111 137 -0.620438 31
2133 102 18 120 0.7 27
2134 32 62 94 -0.319149 30
2135 59 11 70 0.685714 25
2136 84 35 119 0.411765 28
2137 14 95 109 -0.743119 29
2138 32 42 74 -0.135135 25
2139 48 67 115 -0.165217 29
2140 71 42 113 0.256637 28
2141 51 44 95 0.0736842 28
2142 60 39 99 0.212121 27
2143 3 118 121 -0.950413 14
2144 19 67 86 -0.55814 25
2145 84 23 107 0.570093 21
2146 67 13 80 0.675 27
2147 19 106 125 -0.696 25
2148 117 6 123 0.902439 22
2149 65 18 83 0.566265 23
2150 75 16 91 0.648352 23
2151 60 54 114 0.0526316 22
2152 40 57 97 -0.175258 26
2153 7 102 109 -0.87156 20
2154 8 1 9 0.777778 7
2155 53 56 109 -0.0275229 32
2156 40 86 126 -0.365079 38
2157 32 55 87 -0.264368 29
2158 6 113 119 -0.89916 21
2159 23 111 134 -0.656716 30
2160 3 124 127 -0.952756 21
2161 128 3 131 0.954198 20
2162 24 103 127 -0.622047 25
2163 74 30 104 0.423077 22
2164 11 106 117 -0.811966 28
2165 6 78 84 -0.857143 22
2166 9 72 81 -0.777778 22
2167 71 37 108 0.314815 26
2168 128 3 131 0.954198 22
2169 6 77 83 -0.855422 23
2170 39 56 95 -0.178947 32
2171 37 71 108 -0.314815 25
2172 26 58 84 -0.380952 27
2173 42 68 110 -0.236364 29
2174 63 29 92 0.369565 29
2175 62 65 127 -0.023622 27
2176 16 59 75 -0.573333 22
2177 39 42 81 -0.037037 28
2178 9 147 156 -0.884615 16
2179 38 84 122 -0.377049 31
2180 40 45 85 -0.0588235 27
2181 6 95 101 -0.881188 23
2182 28 64 92 -0.391304 30
2183 46 68 114 -0.192982 29
2184 101 14 115 0.756522 25
2185 95 11 106 0.792453 23
2186 3 78 81 -0.925926 21
2187 90 14 104 0.730769 28
2188 61 29 90 0.355556 27
2189 57 37 94 0.212766 30
2190 109 8 117 0.863248 21
2191 70 23 93 0.505376 26
2192 72 21 93 0.548387 32
2193 28 48 76 -0.263158 27
2194 36 58 94 -0.234043 27
2195 59 45 104 0.134615 27
2196 52 39 91 0.142857 24
2197 76 20 96 0.583333 21
2198 21 96 117 -0.641026 19
2199 25 92 117 -0.57265 31
2200 76 13 89 0.707865 27
2201 2 112 114 -0.964912 18
2202 101 18 119 0.697479 24
2203 9 65 74 -0.756757 22
2204 60 28 88 0.363636 26
2205 47 45 92 0.0217391 27
2206 99 18 117 0.692308 29
2207 60 76 136 -0.117647 27
2208 30 44 74 -0.189189 23
2209 22 66 88 -0.5 28
2210 152 16 168 0.809524 18
2211 80 31 111 0.441441 27
2212 48 14 62 0.548387 17
2213 59 12 71 0.661972 24
2214 29 46 75 -0.226667 22
2215 69 25 94 0.468085 28
2216 80 50 130 0.230769 28
2217 43 50 93 -0.0752688 28
2218 11 76 87 -0.747126 23
2219 8 95 103 -0.84466 21
2220 74 30 104 0.423077 28
2221 63 55 118 0.0677966 32
2222 42 37 79 0.0632911 29
2223 58 31 89 0.303371 24
2224 26 71 97 -0.463918 29
2225 61 39 100 0.22 32
2226 33 16 49 0.346939 27
2227 116 8 124 0.870968 26
2228 53 43 96 0.104167 26
2229 53 49 102 0.0392157 29
2230 93 12 105 0.771429 26
2231 81 20 101 0.60396 25
2232 108 6 114 0.894737 21
2233 50 43 93 0.0752688 24
2234 66 21 87 0.517241 30
2235 23 71 94 -0.510638 29
2236 12 112 124 -0.806452 27
2237 3 71 74 -0.918919 20
2238 2 102 104 -0.961538 20
2239 69 39 108 0.277778 25
2240 64 24 88 0.454545 29
2241 23 112 135 -0.659259 24
2242 137 5 142 0.929577 20
2243 9 118 127 -0.858268 21
2244 12 80 92 -0.73913 24
2245 35 78 113 -0.380531 31
2246 85 17 102 0.666667 27
2247 27 91 118 -0.542373 33
2248 95 12 107 0.775701 27
2249 9 102 111 -0.837838 25
2250 22 67 89 -0.505618 26
2251 94 9 103 0.825243 25
2252 75 19 94 0.595745 22
2253 6 110 116 -0.896552 15
2254 81 17 98 0.653061 29
2255 50 46 96 0.0416667 30
2256 34 15 49 0.387755 21
2257 76 24 100 0.52 26
2258 40 46 86 -0.0697674 25
2259 67 37 104 0.288462 29
2260 82 37 119 0.378151 29
2261 35 66 101 -0.306931 32
2262 64 45 109 0.174312 27
2263 12 53 65 -0.630769 26
2264 12 113 125 -0.808 25
2265 53 56 109 -0.0275229 24
2266 48 53 101 -0.049505 34
2267 47 62 109 -0.137615 30
2268 46 40 86 0.0697674 33
2269 82 24 106 0.54717 31
2270 85 31 116 0.465517 25
2271 105 8 113 0.858407 22
2272 49 25 74 0.324324 26
2273 58 30 88 0.318182 31
2274 99 2 101 0.960396 14
2275 51 54 105 -0.0285714 24
2276 24 96 120 -0.6 26
2277 27 73 100 -0.46 28
2278 57 57 114 0 29
2279 65 10 75 0.733333 23
2280 83 33 116 0.431034 30
2281 48 44 92 0.0434783 32
2282 43 62 105 -0.180952 27
2283 6 3 9 0.333333 6
2284 16 74 90 -0.644444 28
2285 66 56 122 0.0819672 32
2286 10 85 95 -0.789474 23
2287 56 81 137 -0.182482 23
2288 23 107 130 -0.646154 19
2289 151 7 158 0.911392 22
2290 106 6 112 0.892857 23
2291 14 108 122 -0.770492 23
2292 11 78 89 -0.752809 24
2293 51 21 72 0.416667 28
2294 48 38 86 0.116279 24
2295 134 7 141 0.900709 24
2296 99 23 122 0.622951 23
2297 10 103 113 -0.823009 23
2298 68 39 107 0.271028 32
2299 127 16 143 0.776224 29
2300 8 79 87 -0.816092 24
2301 48 61 109 -0.119266 32
2302 1 102 103 -0.980583 19
2303 59 25 84 0.404762 26
2304 35 50 85 -0.176471 23
2305 101 50 151 0.337748 31
2306 27 52 79 -0.316456 29
2307 6 124 130 -0.907692 21
2308 37 70 107 -0.308411 29
2309 124 13 137 0.810219 26
2310 51 30 81 0.259259 30
2311 84 50 134 0.253731 33
2312 66 45 111 0.189189 29
2313 56 40 96 0.166667 26
2314 40 56 96 -0.166667 26
2315 45 64 109 -0.174312 25
2316 56 78 134 -0.164179 36
2317 29 81 110 -0.472727 28
2318 47 24 71 0.323944 25
2319 45 67 112 -0.196429 29
2320 41 74 115 -0.286957 30
2321 79 22 101 0.564356 29
2322 86 17 103 0.669903 23
2323 43 48 91 -0.0549451 29
2324 26 76 102 -0.490196 24
2325 26 70 96 -0.458333 29
2326 87 7 94 0.851064 23
2327 84 4 88 0.909091 18
2328 27 57 84 -0.357143 27
2329 65 21 86 0.511628 29
2330 115 3 118 0.949153 16
2331 50 31 81 0.234568 30
2332 94 20 114 0.649123 26
2333 70 38 108 0.296296 33
2334 77 16 93 0.655914 26
2335 64 36 100 0.28 31
2336 26 96 122 -0.57377 25
2337 68 33 101 0.346535 31
2338 3 108 111 -0.945946 20
2339 98 13 111 0.765766 25
2340 68 11 79 0.721519 24
2341 21 90 111 -0.621622 27
2342 51 47 98 0.0408163 26
2343 52 44 96 0.0833333 23
2344 48 56 104 -0.0769231 28
2345 50 44 94 0.0638298 28
2346 110 4 114 0.929825 21
2347 41 39 80 0.025 28
2348 12 106 118 -0.79661 25
2349 56 37 93 0.204301 34
2350 21 90 111 -0.621622 26
2351 118 20 138 0.710145 27
2352 26 75 101 -0.485149 28
2353 6 97 103 -0.883495 22
2354 24 56 80 -0.4 24
2355 109 9 118 0.847458 22
2356 41 70 111 -0.261261 30
2357 93 38 131 0.419847 23
2358 70 33 103 0.359223 28
2359 137 5 142 0.929577 21
2360 15 90 105 -0.714286 26
2361 15 90 105 -0.714286 25
2362 31 76 107 -0.420561 28
2363 83 13 96 0.729167 25
2364 72 8 80 0.8 24
2365 113 2 115 0.965217 21
2366 69 17 86 0.604651 21
2367 90 20 110 0.636364 26
2368 4 134 138 -0.942029 23
2369 49 30 79 0.240506 26
2370 42 70 112 -0.25 27
2371 57 24 81 0.407407 25
2372 50 39 89 0.123596 28
2373 18 90 108 -0.666667 21
2374 79 40 119 0.327731 26
2375 94 15 109 0.724771 28
2376 39 69 108 -0.277778 32
2377 51 35 86 0.186047 29
2378 13 91 104 -0.75 25
2379 63 36 99 0.272727 34
2380 15 113 128 -0.765625 25
2381 26 74 100 -0.48 23
2382 74 10 84 0.761905 24
2383 119 6 125 0.904 23
2384 25 118 143 -0.65035 28
2385 85 26 111 0.531532 25
2386 89 16 105 0.695238 29
2387 29 57 86 -0.325581 30
2388 41 63 104 -0.211538 32
2389 71 9 80 0.775 22
2390 66 41 107 0.233645 30
2391 34 97 131 -0.480916 26
2392 33 77 110 -0.4 31
2393 6 88 94 -0.87234 21
2394 56 62 118 -0.0508475 32
2395 96 32 128 0.5 28
2396 18 84 102 -0.647059 26
2397 88 28 116 0.517241 26
2398 78 30 108 0.444444 31
2399 3 99 102 -0.941176 21
2400 25 84 109 -0.541284 27
2401 25 105 130 -0.615385 28
2402 7 91 98 -0.857143 24
2403 80 29 109 0.46789 25
2404 10 76 86 -0.767442 20
2405 44 39 83 0.060241 30
2406 78 23 101 0.544554 24
2407 35 58 93 -0.247312 30
2408 23 48 71 -0.352113 26
2409 7 87 94 -0.851064 21
2410 16 87 103 -0.68932 27
2411 96 18 114 0.684211 28
2412 7 93 100 -0.86 24
2413 40 41 81 -0.0123457 28
2414 141 17 158 0.78481 28
2415 13 69 82 -0.682927 26
2416 51 43 94 0.0851064 31
2417 30 54 84 -0.285714 29
2418 54 34 88 0.227273 32
2419 31 69 100 -0.38 28
2420 20 89 109 -0.633028 27
2421 52 33 85 0.223529 32
2422 62 41 103 0.203883 26
2423 30 57 87 -0.310345 27
2424 16 63 79 -0.594937 28
2425 17 132 149 -0.771812 26
2426 16 84 100 -0.68 22
2427 27 78 105 -0.485714 25
2428 10 73 83 -0.759036 23
2429 26 129 155 -0.664516 27
2430 64 11 75 0.706667 23
2431 103 16 119 0.731092 21
2432 57 44 101 0.128713 28
2433 71 26 97 0.463918 27
2434 48 37 85 0.129412 25
2435 72 23 95 0.515789 27
2436 74 46 120 0.233333 33
2437 28 20 48 0.166667 21
2438 64 34 98 0.306122 26
2439 90 23 113 0.59292 29
2440 99 14 113 0.752212 28
2441 71 41 112 0.267857 30
2442 85 23 108 0.574074 19
2443 76 18 94 0.617021 23
2444 5 61 66 -0.848485 20
2445 103 18 121 0.702479 30
2446 17 88 105 -0.67619 28
2447 47 42 89 0.0561798 27
2448 10 98 108 -0.814815 22
2449 98 11 109 0.798165 19
2450 27 59 86 -0.372093 27
2451 14 52 66 -0.575758 24
2452 28 103 131 -0.572519 30
2453 6 8 14 -0.142857 10
2454 39 38 77 0.012987 31
2455 83 34 117 0.418803 30
2456 79 13 92 0.717391 23
2457 81 24 105 0.542857 27
2458 20 102 122 -0.672131 25
2459 13 107 120 -0.783333 27
2460 52 31 83 0.253012 23
2461 88 10 98 0.795918 25
2462 65 49 114 0.140351 30
2463 67 30 97 0.381443 24
2464 86 28 114 0.508772 27
2465 76 23 99 0.535354 30
2466 24 77 101 -0.524752 28
2467 10 108 118 -0.830508 24
2468 20 97 117 -0.65812 26
2469 39 54 93 -0.16129 25
2470 35 61 96 -0.270833 29
2471 43 42 85 0.0117647 26
2472 92 16 108 0.703704 26
2473 65 37 102 0.27451 32
2474 48 39 87 0.103448 28
2475 28 76 104 -0.461538 24
2476 95 6 101 0.881188 18
2477 9 99 108 -0.833333 23
2478 10 138 148 -0.864865 21
2479 140 11 151 0.854305 20
2480 59 31 90 0.311111 33
2481 66 12 78 0.692308 27
2482 65 48 113 0.150442 31
2483 93 17 110 0.690909 24
2484 36 53 89 -0.191011 30
2485 76 27 103 0.475728 30
2486 22 104 126 -0.650794 29
2487 25 70 95 -0.473684 28
2488 31 58 89 -0.303371 28
2489 14 73 87 -0.678161 25
2490 78 18 96 0.625 23
2491 66 37 103 0.281553 23
2492 24 98 122 -0.606557 28
2493 51 79 130 -0.215385 31
2494 5 102 107 -0.906542 22
2495 99 9 108 0.833333 22
2496 37 50 87 -0.149425 27
2497 18 77 95 -0.621053 28
2498 65 41 106 0.226415 26
2499 66 37 103 0.281553 28
2500 98 9 107 0.831776 24
2501 41 56 97 -0.154639 32
2502 19 55 74 -0.486486 28
2503 43 26 69 0.246377 28
2504 61 43 104 0.173077 22
2505 49 52 101 -0.029703 29
2506 49 62 111 -0.117117 31
2507 78 31 109 0.431193 30
2508 109 11 120 0.816667 19
2509 133 6 139 0.913669 20
2510 34 78 112 -0.392857 25
2511 76 45 121 0.256198 32
2512 39 66 105 -0.257143 30
2513 59 28 87 0.356322 31
2514 55 34 89 0.235955 25
2515 37 55 92 -0.195652 32
2516 41 67 108 -0.240741 26
2517 29 88 117 -0.504274 29
2518 73 16 89 0.640449 21
2519 39 64 103 -0.242718 33
2520 163 2 165 0.975758 16
2521 24 84 108 -0.555556 26
2522 8 105 113 -0.858407 20
2523 47 68 115 -0.182609 23
2524 16 99 115 -0.721739 23
2525 57 28 85 0.341176 29
2526 116 17 133 0.744361 24
2527 22 59 81 -0.45679 25
2528 72 19 91 0.582418 27
2529 7 26 33 -0.575758 17
2530 15 64 79 -0.620253 24
2531 55 31 86 0.27907 25
2532 94 20 114 0.649123 31
2533 26 53 79 -0.341772 24
2534 81 16 97 0.670103 27
2535 57 53 110 0.0363636 29
2536 3 114 117 -0.948718 21
2537 8 101 109 -0.853211 24
2538 36 67 103 -0.300971 20
2539 11 110 121 -0.818182 23
2540 41 78 119 -0.310924 30
2541 30 93 123 -0.512195 32
2542 106 15 121 0.752066 22
2543 68 54 122 0.114754 26
2544 10 102 112 -0.821429 26
2545 115 7 122 0.885246 20
2546 8 78 86 -0.813953 21
2547 26 68 94 -0.446809 29
2548 145 0 145 1 18
2549 10 112 122 -0.836066 24
2550 15 98 113 -0.734513 26
2551 88 44 132 0.333333 32
2552 10 112 122 -0.836066 25
2553 31 52 83 -0.253012 24
2554 62 57 119 0.0420168 27
2555 35 60 95 -0.263158 28
2556 12 58 70 -0.657143 19
2557 111 7 118 0.881356 20
2558 48 63 111 -0.135135 36
2559 96 9 105 0.828571 21
2560 68 26 94 0.446809 26
2561 61 33 94 0.297872 28
2562 85 15 100 0.7 27
2563 106 18 124 0.709677 25
2564 61 30 91 0.340659 29
2565 53 33 86 0.232558 27
2566 4 108 112 -0.928571 23
2567 8 107 115 -0.86087 22
2568 61 31 92 0.326087 28
2569 47 36 83 0.13253 25
2570 112 4 116 0.931034 17
2571 82 35 117 0.401709 28
2572 89 11 100 0.78 22
2573 108 16 124 0.741935 21
2574 78 34 112 0.392857 31
2575 7 115 122 -0.885246 25
2576 14 88 102 -0.72549 25
2577 32 75 107 -0.401869 25
2578 67 17 84 0.595238 26
2579 14 89 103 -0.728155 27
2580 88 9 97 0.814433 25
2581 80 16 96 0.666667 25
2582 53 31 84 0.261905 29
2583 74 37 111 0.333333 32
2584 30 62 92 -0.347826 29
2585 51 43 94 0.0851064 24
2586 68 14 82 0.658537 26
2587 14 77 91 -0.692308 24
2588 64 23 87 0.471264 21
2589 18 71 89 -0.595506 27
2590 50 35 85 0.176471 23
2591 4 73 77 -0.896104 22
2592 59 39 98 0.204082 28
2593 83 11 94 0.765957 21
2594 56 33 89 0.258427 30
2595 32 68 100 -0.36 27
2596 30 77 107 -0.439252 32
2597 88 27 115 0.530435 23
2598 48 54 102 -0.0588235 29
2599 22 58 80 -0.45 25
2600 83 31 114 0.45614 31
2601 65 32 97 0.340206 27
2602 88 13 101 0.742574 25
2603 29 47 76 -0.236842 28
2604 37 58 95 -0.221053 30
2605 31 69 100 -0.38 27
2606 104 14 118 0.762712 26
2607 27 81 108 -0.5 35
2608 15 78 93 -0.677419 26
2609 39 81 120 -0.35 31
2610 67 48 115 0.165217 28
2611 22 45 67 -0.343284 29
2612 54 21 75 0.44 28
2613 73 3 76 0.921053 17
2614 75 43 118 0.271186 30
2615 26 87 113 -0.539823 31
2616 18 82 100 -0.64 28
2617 61 30 91 0.340659 33
2618 12 95 107 -0.775701 22
2619 135 17 152 0.776316 22
2620 41 59 100 -0.18 32
2621 41 70 111 -0.261261 28
2622 31 49 80 -0.225 24
2623 88 13 101 0.742574 28
2624 16 111 127 -0.748031 21
2625 89 5 94 0.893617 22
2626 50 69 119 -0.159664 29
2627 96 14 110 0.745455 21
2628 40 68 108 -0.259259 29
2629 61 22 83 0.46988 27
2630 34 47 81 -0.160494 20
2631 81 30 111 0.459459 29
2632 83 31 114 0.45614 21
2633 40 72 112 -0.285714 25
2634 8 100 108 -0.851852 23
2635 50 46 96 0.0416667 25
2636 74 9 83 0.783133 23
2637 56 35 91 0.230769 28
2638 31 57 88 -0.295455 24
2639 104 12 116 0.793103 23
2640 90 25 115 0.565217 29
2641 69 48 117 0.179487 33
2642 115 31 146 0.575342 19
2643 34 67 101 -0.326733 29
2644 80 37 117 0.367521 31
2645 31 52 83 -0.253012 25
2646 88 15 103 0.708738 26
2647 43 16 59 0.457627 22
2648 21 57 78 -0.461538 22
2649 107 10 117 0.82906 26
2650 85 22 107 0.588785 30
2651 11 80 91 -0.758242 24
2652 72 32 104 0.384615 29
2653 10 64 74 -0.72973 26
2654 61 22 83 0.46988 24
2655 80 40 120 0.333333 32
2656 75 18 93 0.612903 22
2657 23 86 109 -0.577982 30
2658 36 85 121 -0.404959 31
2659 5 96 101 -0.90099 20
2660 13 114 127 -0.795276 24
2661 55 25 80 0.375 30
2662 19 54 73 -0.479452 26
2663 39 71 110 -0.290909 33
2664 16 71 87 -0.632184 22
2665 34 6 40 0.7 17
2666 20 74 94 -0.574468 26
2667 89 31 120 0.483333 27
2668 34 55 89 -0.235955 25
2669 13 87 100 -0.74 25
2670 4 105 109 -0.926606 23
2671 22 79 101 -0.564356 29
2672 30 74 104 -0.423077 30
2673 0 71 71 -1 16
2674 43 34 77 0.116883 30
2675 62 17 79 0.56962 24
2676 78 29 107 0.457944 29
2677 51 29 80 0.275 25
2678 4 140 144 -0.944444 20
2679 64 42 106 0.207547 28
2680 9 125 134 -0.865672 20
2681 133 5 138 0.927536 22
2682 49 48 97 0.0103093 29
2683 18 67 85 -0.576471 25
2684 62 36 98 0.265306 26
2685 82 14 96 0.708333 25
2686 103 5 108 0.907407 23
2687 48 50 98 -0.0204082 27
2688 15 69 84 -0.642857 27
2689 34 20 54 0.259259 18
2690 79 28 107 0.476636 29
2691 59 37 96 0.229167 28
2692 58 28 86 0.348837 27
2693 27 71 98 -0.44898 29
2694 31 65 96 -0.354167 24
2695 21 77 98 -0.571429 23
2696 35 49 84 -0.166667 26
2697 115 9 124 0.854839 24
2698 80 23 103 0.553398 27
2699 95 7 102 0.862745 23
2700 12 98 110 -0.781818 24
2701 2 124 126 -0.968254 21
2702 88 29 117 0.504274 27
2703 79 17 96 0.645833 25
2704 42 99 141 -0.404255 28
2705 102 19 121 0.68595 23
2706 57 46 103 0.106796 32
2707 73 33 106 0.377358 27
2708 128 11 139 0.841727 26
2709 83 43 126 0.31746 27
2710 24 44 68 -0.294118 25
2711 50 73 123 -0.186992 30
2712 10 103 113 -0.823009 20
2713 18 72 90 -0.6 27
2714 19 68 87 -0.563218 23
2715 34 54 88 -0.227273 25
2716 73 34 107 0.364486 33
2717 25 59 84 -0.404762 29
2718 58 40 98 0.183673 27
2719 53 55 108 -0.0185185 29
2720 60 50 110 0.0909091 30
2721 71 27 98 0.44898 22
2722 66 32 98 0.346939 28
2723 101 4 105 0.92381 22
2724 51 52 103 -0.00970874 29
2725 25 24 49 0.0204082 27
2726 12 115 127 -0.811024 21
2727 14 77 91 -0.692308 26
2728 86 16 102 0.686275 23
2729 89 3 92 0.934783 21
2730 87 22 109 0.59633 25
2731 53 26 79 0.341772 23
2732 66 41 107 0.233645 25
2733 63 24 87 0.448276 28
2734 39 38 77 0.012987 28
2735 57 23 80 0.425 22
2736 49 41 90 0.0888889 31
2737 73 30 103 0.417476 29
2738 95 22 117 0.623932 28
2739 50 54 104 -0.0384615 30
2740 70 23 93 0.505376 26
2741 73 5 78 0.871795 21
2742 29 72 101 -0.425743 24
2743 51 59 110 -0.0727273 32
2744 87 31 118 0.474576 25
2745 24 84 108 -0.555556 23
2746 10 120 130 -0.846154 21
2747 73 34 107 0.364486 28
2748 54 40 94 0.148936 29
2749 32 35 67 -0.0447761 22
2750 23 111 134 -0.656716 25
2751 4 136 140 -0.942857 20
2752 72 20 92 0.565217 30
2753 60 32 92 0.304348 33
2754 35 48 83 -0.156627 28
2755 119 9 128 0.859375 23
2756 88 4 92 0.913043 21
2757 15 81 96 -0.6875 27
2758 50 52 102 -0.0196078 30
2759 77 28 105 0.466667 31
2760 44 34 78 0.128205 28
2761 23 61 84 -0.452381 24
2762 9 69 78 -0.769231 24
2763 47 58 105 -0.104762 26
2764 30 65 95 -0.368421 29
2765 86 21 107 0.607477 23
2766 56 42 98 0.142857 34
2767 53 50 103 0.0291262 32
2768 66 56 122 0.0819672 29
2769 34 70 104 -0.346154 27
2770 33 70 103 -0.359223 24
2771 44 56 100 -0.12 33
2772 24 87 111 -0.567568 30
2773 20 87 107 -0.626168 21
2774 46 53 99 -0.0707071 29
2775 52 55 107 -0.0280374 25
2776 71 37 108 0.314815 31
2777 37 48 85 -0.129412 25
2778 28 69 97 -0.42268 29
2779 97 16 113 0.716814 31
2780 8 152 160 -0.9 26
2781 83 45 128 0.296875 25
2782 94 27 121 0.553719 27
2783 36 67 103 -0.300971 29
2784 20 90 110 -0.636364 20
2785 79 37 116 0.362069 30
2786 35 54 89 -0.213483 30
2787 17 62 79 -0.56962 21
2788 80 11 91 0.758242 25
2789 27 26 53 0.0188679 25
2790 17 93 110 -0.690909 27
2791 81 37 118 0.372881 25
2792 12 104 116 -0.793103 27
2793 8 123 131 -0.877863 24
2794 20 76 96 -0.583333 31
2795 44 41 85 0.0352941 26
2796 63 32 95 0.326316 27
2797 113 2 115 0.965217 14
2798 28 36 64 -0.125 29
2799 72 17 89 0.617978 25
2800 9 119 128 -0.859375 24
2801 4 55 59 -0.864407 19
2802 56 62 118 -0.0508475 36
2803 91 4 95 0.915789 18
2804 22 69 91 -0.516484 29
2805 5 98 103 -0.902913 21
2806 43 47 90 -0.0444444 28
2807 91 28 119 0.529412 25
2808 65 53 118 0.101695 32
2809 15 75 90 -0.666667 28
2810 68 15 83 0.638554 26
2811 1 141 142 -0.985915 13
2812 27 46 73 -0.260274 27
2813 37 70 107 -0.308411 29
2814 3 113 116 -0.948276 22
2815 37 46 83 -0.108434 29
2816 69 34 103 0.339806 30
2817 24 63 87 -0.448276 27
2818 14 35 49 -0.428571 23
2819 25 89 114 -0.561404 26
2820 106 13 119 0.781513 27
2821 89 24 113 0.575221 31
2822 53 46 99 0.0707071 30
2823 63 15 78 0.615385 26
2824 102 6 108 0.888889 20
2825 101 7 108 0.87037 23
2826 97 30 127 0.527559 33
2827 35 62 97 -0.278351 27
2828 21 84 105 -0.6 27
2829 88 9 97 0.814433 26
2830 95 8 103 0.84466 19
2831 4 121 125 -0.936 21
2832 68 32 100 0.36 29
2833 118 23 141 0.673759 31
2834 36 67 103 -0.300971 28
2835 81 30 111 0.459459 27
2836 78 25 103 0.514563 25
2837 109 5 114 0.912281 19
2838 50 40 90 0.111111 23
2839 57 41 98 0.163265 33
2840 120 11 131 0.832061 17
2841 38 40 78 -0.025641 23
2842 13 42 55 -0.527273 20
2843 20 49 69 -0.42029 21
2844 18 78 96 -0.625 25
2845 6 107 113 -0.893805 22
2846 39 50 89 -0.123596 21
2847 43 20 63 0.365079 16
2848 97 7 104 0.865385 24
2849 63 40 103 0.223301 26
2850 17 72 89 -0.617978 28
2851 41 46 87 -0.0574713 28
2852 56 30 86 0.302326 29
2853 77 16 93 0.655914 25
2854 51 30 81 0.259259 22
2855 46 31 77 0.194805 21
2856 39 71 110 -0.290909 24
2857 96 7 103 0.864078 24
2858 47 26 73 0.287671 24
2859 51 11 62 0.645161 22
2860 3 88 91 -0.934066 22
2861 62 37 99 0.252525 28
2862 8 87 95 -0.831579 14
2863 37 1 38 0.947368 12
2864 77 10 87 0.770115 24
2865 60 45 105 0.142857 30
2866 25 79 104 -0.519231 28
2867 118 25 143 0.65035 27
2868 25 77 102 -0.509804 34
2869 21 45 66 -0.363636 27
2870 30 98 128 -0.53125 33
2871 45 17 62 0.451613 28
2872 72 47 119 0.210084 35
2873 90 12 102 0.764706 25
2874 34 59 93 -0.268817 29
2875 25 55 80 -0.375 27
2876 29 54 83 -0.301205 31
2877 43 68 111 -0.225225 27
2878 15 83 98 -0.693878 24
2879 38 70 108 -0.296296 26
2880 22 60 82 -0.463415 27
2881 12 120 132 -0.818182 21
2882 23 104 127 -0.637795 25
2883 11 109 120 -0.816667 19
2884 5 126 131 -0.923664 22
2885 94 13 107 0.757009 27
2886 23 90 113 -0.59292 25
2887 37 69 106 -0.301887 32
2888 127 13 140 0.814286 24
2889 18 87 105 -0.657143 20
2890 27 80 107 -0.495327 26
2891 39 20 59 0.322034 23
2892 93 20 113 0.646018 28
2893 51 38 89 0.146067 30
2894 77 11 88 0.75 25
2895 82 17 99 0.656566 27
2896 45 45 90 0 28
2897 16 73 89 -0.640449 28
2898 74 20 94 0.574468 23
2899 39 45 84 -0.0714286 34
2900 71 21 92 0.543478 24
2901 45 39 84 0.0714286 30
2902 64 35 99 0.292929 29
2903 37 36 73 0.0136986 22
2904 33 71 104 -0.365385 27
2905 89 18 107 0.663551 24
2906 44 75 119 -0.260504 29
2907 102 6 108 0.888889 24
2908 33 69 102 -0.352941 30
2909 14 76 90 -0.688889 27
2910 78 51 129 0.209302 26
2911 16 71 87 -0.632184 28
2912 46 75 121 -0.239669 30
2913 15 71 86 -0.651163 25
2914 33 60 93 -0.290323 27
2915 83 36 119 0.394958 27
2916 40 84 124 -0.354839 28
2917 102 10 112 0.821429 28
2918 51 88 139 -0.266187 31
2919 79 29 108 0.462963 28
2920 55 35 90 0.222222 27
2921 54 35 89 0.213483 27
2922 106 22 128 0.65625 24
2923 93 23 116 0.603448 32
2924 121 8 129 0.875969 21
2925 28 51 79 -0.291139 23
2926 29 81 110 -0.472727 28
2927 2 116 118 -0.966102 20
2928 62 33 95 0.305263 28
2929 100 16 116 0.724138 29
2930 18 84 102 -0.647059 23
2931 49 58 107 -0.0841121 34
2932 99 19 118 0.677966 31
2933 28 55 83 -0.325301 28
2934 7 108 115 -0.878261 19
2935 59 2 61 0.934426 18
2936 40 81 121 -0.338843 26
2937 9 80 89 -0.797753 26
2938 60 42 102 0.176471 28
2939 36 53 89 -0.191011 25
2940 19 73 92 -0.586957 27
2941 19 86 105 -0.638095 26
2942 20 73 93 -0.569892 23
2943 40 25 65 0.230769 22
2944 20 96 116 -0.655172 22
2945 42 73 115 -0.269565 31
2946 98 15 113 0.734513 26
2947 8 144 152 -0.894737 21
2948 60 8 68 0.764706 23
2949 21 105 126 -0.666667 26
2950 62 15 77 0.61039 28
2951 42 45 87 -0.0344828 24
2952 66 23 89 0.483146 26
2953 92 16 108 0.703704 26
2954 79 10 89 0.775281 23
2955 2 102 104 -0.961538 20
2956 50 60 110 -0.0909091 31
2957 44 63 107 -0.17757 22
2958 6 129 135 -0.911111 15
2959 22 105 127 -0.653543 30
2960 54 54 108 0 30
2961 83 17 100 0.66 23
2962 70 38 108 0.296296 25
2963 18 59 77 -0.532468 22
2964 3 102 105 -0.942857 21
2965 5 106 111 -0.90991 21
2966 21 87 108 -0.611111 30
2967 110 12 122 0.803279 26
2968 62 39 101 0.227723 28
2969 65 83 148 -0.121622 34
2970 117 20 137 0.708029 27
2971 12 91 103 -0.76699 26
2972 7 94 101 -0.861386 24
2973 6 82 88 -0.863636 18
2974 113 22 135 0.674074 30
2975 17 64 81 -0.580247 25
2976 56 24 80 0.4 21
2977 54 54 108 0 32
2978 70 10 80 0.75 21
2979 19 88 107 -0.64486 27
2980 53 40 93 0.139785 26
2981 33 37 70 -0.0571429 18
2982 60 39 99 0.212121 23
2983 114 5 119 0.915966 21
2984 75 33 108 0.388889 32
2985 22 97 119 -0.630252 28
2986 23 71 94 -0.510638 27
2987 41 50 91 -0.0989011 33
2988 90 22 112 0.607143 30
2989 54 83 137 -0.211679 32
2990 38 40 78 -0.025641 27
2991 39 78 117 -0.333333 30
2992 55 36 91 0.208791 32
2993 127 16 143 0.776224 21
2994 89 26 115 0.547826 29
2995 56 52 108 0.037037 22
2996 96 1 97 0.979381 12
2997 59 53 112 0.0535714 31
2998 71 29 100 0.42 26
2999 44 43 87 0.0114943 34
3000 76 29 105 0.447619 31
3001 28 57 85 -0.341176 30
3002 26 77 103 -0.495146 26
3003 7 128 135 -0.896296 14
3004 93 5 98 0.897959 21
3005 12 62 74 -0.675676 22
3006 54 30 84 0.285714 24
3007 50 87 137 -0.270073 30
3008 36 86 122 -0.409836 31
3009 29 62 91 -0.362637 30
3010 31 71 102 -0.392157 31
3011 81 27 108 0.5 25
3012 101 9 110 0.836364 26
3013 122 4 126 0.936508 22
3014 13 72 85 -0.694118 21
3015 36 53 89 -0.191011 25
3016 76 15 91 0.67033 21
3017 10 2 12 0.666667 7
3018 42 59 101 -0.168317 31
3019 18 75 93 -0.612903 28
3020 26 59 85 -0.388235 31
3021 20 71 91 -0.56044 28
3022 49 56 105 -0.0666667 30
3023 88 13 101 0.742574 30
3024 35 42 77 -0.0909091 26
3025 32 64 96 -0.333333 28
3026 40 28 68 0.176471 21
3027 109 10 119 0.831933 25
3028 10 55 65 -0.692308 24
3029 15 66 81 -0.62963 23
3030 28 85 113 -0.504425 30
3031 30 104 134 -0.552239 33
3032 77 7 84 0.833333 20
3033 61 20 81 0.506173 23
3034 69 41 110 0.254545 28
3035 25 88 113 -0.557522 29
3036 44 62 106 -0.169811 26
3037 7 96 103 -0.864078 21
3038 88 40 128 0.375 28
3039 21 60 81 -0.481481 24
3040 62 49 111 0.117117 33
3041 29 110 139 -0.582734 29
3042 71 43 114 0.245614 25
3043 39 58 97 -0.195876 29
3044 18 108 126 -0.714286 28
3045 27 93 120 -0.55 25
3046 37 61 98 -0.244898 30
3047 22 79 101 -0.564356 30
3048 29 76 105 -0.447619 30
3049 45 63 108 -0.166667 28
3050 106 26 132 0.606061 30
3051 107 13 120 0.783333 27
3052 72 21 93 0.548387 23
3053 59 60 119 -0.00840336 33
3054 68 17 85 0.6 25
3055 48 61 109 -0.119266 24
3056 164 1 165 0.987879 13
3057 16 84 100 -0.68 25
3058 71 16 87 0.632184 30
3059 29 79 108 -0.462963 27
3060 83 9 92 0.804348 23
3061 85 8 93 0.827957 23
3062 73 32 105 0.390476 31
3063 30 32 62 -0.0322581 24
3064 54 57 111 -0.027027 31
3065 62 80 142 -0.126761 36
3066 21 125 146 -0.712329 31
3067 77 7 84 0.833333 21
3068 34 76 110 -0.381818 28
3069 46 52 98 -0.0612245 32
3070 15 65 80 -0.625 29
3071 81 46 127 0.275591 21
3072 10 54 64 -0.6875 22
3073 86 9 95 0.810526 19
3074 99 14 113 0.752212 27
3075 68 55 123 0.105691 21
3076 134 14 148 0.810811 31
3077 67 21 88 0.522727 26
3078 56 13 69 0.623188 24
3079 156 9 165 0.890909 19
3080 4 110 114 -0.929825 21
3081 50 40 90 0.111111 26
3082 83 42 125 0.328 33
3083 43 78 121 -0.289256 29
3084 9 76 85 -0.788235 15
3085 98 17 115 0.704348 24
3086 115 4 119 0.932773 20
3087 23 86 109 -0.577982 28
3088 43 62 105 -0.180952 34
3089 26 76 102 -0.490196 31
3090 32 68 100 -0.36 32
3091 57 40 97 0.175258 25
3092 22 81 103 -0.572816 27
3093 13 114 127 -0.795276 26
3094 79 22 101 0.564356 27
3095 136 3 139 0.956835 21
3096 6 85 91 -0.868132 22
3097 91 32 123 0.479675 31
3098 29 48 77 -0.246753 22
3099 23 7 30 0.533333 17
3100 49 39 88 0.113636 28
3101 115 3 118 0.949153 20
3102 116 6 122 0.901639 23
3103 63 47 110 0.145455 26
3104 79 7 86 0.837209 20
3105 23 69 92 -0.5 23
3106 19 92 111 -0.657658 30
3107 4 96 100 -0.92 21
3108 105 14 119 0.764706 23
3109 70 38 108 0.296296 28
3110 5 164 169 -0.940828 23
3111 15 81 96 -0.6875 21
3112 71 53 124 0.145161 29
3113 76 50 126 0.206349 29
3114 27 80 107 -0.495327 22
3115 62 37 99 0.252525 30
3116 63 34 97 0.298969 29
3117 88 3 91 0.934066 21
3118 17 116 133 -0.744361 26
3119 67 23 90 0.488889 29
3120 5 29 34 -0.705882 15
3121 117 22 139 0.683453 26
3122 7 129 136 -0.897059 23
3123 11 119 130 -0.830769 26
3124 55 30 85 0.294118 32
3125 129 22 151 0.708609 28
3126 27 102 129 -0.581395 30
3127 25 76 101 -0.50495 27
3128 31 74 105 -0.409524 30
3129 49 61 110 -0.109091 30
3130 75 40 115 0.304348 29
3131 16 100 116 -0.724138 28
3132 80 25 105 0.52381 23
3133 78 6 84 0.857143 18
3134 62 23 85 0.458824 29
3135 73 25 98 0.489796 27
3136 106 14 120 0.766667 23
3137 112 10 122 0.836066 21
3138 22 63 85 -0.482353 26
3139 32 55 87 -0.264368 30
3140 34 77 111 -0.387387 28
3141 9 103 112 -0.839286 23
3142 23 116 139 -0.669065 28
3143 43 45 88 -0.0227273 25
3144 86 22 108 0.592593 29
3145 62 20 82 0.512195 27
3146 14 107 121 -0.768595 24
3147 96 15 111 0.72973 30
3148 53 38 91 0.164835 30
3149 74 12 86 0.72093 24
3150 37 61 98 -0.244898 30
3151 55 44 99 0.111111 31
3152 54 42 96 0.125 22
3153 6 102 108 -0.888889 22
3154 9 102 111 -0.837838 22
3155 59 24 83 0.421687 26
3156 15 83 98 -0.693878 29
3157 61 31 92 0.326087 25
3158 11 87 98 -0.77551 20
3159 53 54 107 -0.00934579 29
3160 48 40 88 0.0909091 30
3161 6 134 140 -0.914286 23
3162 81 36 117 0.384615 26
3163 58 30 88 0.318182 27
3164 59 36 95 0.242105 31
3165 94 30 124 0.516129 27
3166 68 48 116 0.172414 32
3167 45 45 90 0 27
3168 39 82 121 -0.355372 27
3169 32 73 105 -0.390476 23
3170 35 33 68 0.0294118 26
3171 111 7 118 0.881356 14
3172 33 62 95 -0.305263 31
3173 106 3 109 0.944954 19
3174 10 93 103 -0.805825 17
3175 71 47 118 0.20339 29
3176 5 127 132 -0.924242 22
3177 49 56 105 -0.0666667 31
3178 31 73 104 -0.403846 26
3179 104 4 108 0.925926 20
3180 59 37 96 0.229167 27
3181 41 22 63 0.301587 19
3182 13 69 82 -0.682927 23
3183 43 48 91 -0.0549451 21
3184 19 58 77 -0.506494 21
3185 24 84 108 -0.555556 31
3186 112 23 135 0.659259 30
3187 62 13 75 0.653333 26
3188 37 84 121 -0.38843 30
3189 50 26 76 0.315789 24
3190 16 82 98 -0.673469 27
3191 28 85 113 -0.504425 23
3192 3 147 150 -0.96 10
3193 46 44 90 0.0222222 25
3194 18 1 19 0.894737 9
3195 45 42 87 0.0344828 27
3196 101 8 109 0.853211 19
3197 23 89 112 -0.589286 27
3198 14 118 132 -0.787879 18
3199 45 50 95 -0.0526316 31
3200 14 62 76 -0.631579 25
3201 32 87 119 -0.462185 27
3202 82 28 110 0.490909 26
3203 47 44 91 0.032967 33
3204 3 163 166 -0.963855 15
3205 42 46 88 -0.0454545 26
3206 10 108 118 -0.830508 22
3207 76 10 86 0.767442 23
3208 13 118 131 -0.801527 27
3209 82 4 86 0.906977 19
3210 23 62 85 -0.458824 23
3211 10 76 86 -0.767442 20
3212 35 77 112 -0.375 31
3213 90 26 116 0.551724 33
3214 112 24 136 0.647059 28
3215 13 80 93 -0.72043 25
3216 77 26 103 0.495146 22
3217 102 5 107 0.906542 17
3218 103 26 129 0.596899 29
3219 62 43 105 0.180952 29
3220 10 101 111 -0.81982 23
3221 44 70 114 -0.22807 30
3222 4 103 107 -0.925234 21
3223 10 106 116 -0.827586 17
3224 30 78 108 -0.444444 25
3225 66 52 118 0.118644 24
3226 17 117 134 -0.746269 20
3227 12 81 93 -0.741935 21
3228 93 4 97 0.917526 23
3229 89 10 99 0.79798 27
3230 64 35 99 0.292929 21
3231 78 25 103 0.514563 29
3232 61 30 91 0.340659 26
3233 51 43 94 0.0851064 23
3234 39 59 98 -0.204082 27
3235 29 64 93 -0.376344 31
3236 83 25 108 0.537037 27
3237 86 26 112 0.535714 28
3238 26 73 99 -0.474747 29
3239 80 9 89 0.797753 24
3240 77 29 106 0.45283 23
3241 17 80 97 -0.649485 25
3242 50 74 124 -0.193548 36
3243 97 30 127 0.527559 29
3244 52 37 89 0.168539 33
3245 41 65 106 -0.226415 28
3246 40 52 92 -0.130435 30
3247 100 11 111 0.801802 23
3248 45 62 107 -0.158879 35
3249 52 56 108 -0.037037 32
3250 4 113 117 -0.931624 19
3251 44 56 100 -0.12 28
3252 9 95 104 -0.826923 20
3253 19 78 97 -0.608247 25
3254 39 48 87 -0.103448 26
3255 44 38 82 0.0731707 27
3256 58 49 107 0.0841121 25
3257 86 23 109 0.577982 30
3258 31 60 91 -0.318681 32
3259 17 112 129 -0.736434 26
3260 26 51 77 -0.324675 22
3261 47 31 78 0.205128 30
3262 76 5 81 0.876543 24
3263 15 81 96 -0.6875 28
3264 71 40 111 0.279279 29
3265 73 32 105 0.390476 30
3266 68 31 99 0.373737 24
3267 52 37 89 0.168539 29
3268 119 11 130 0.830769 25
3269 9 77 86 -0.790698 27
3270 45 32 77 0.168831 25
3271 81 26 107 0.514019 34
3272 23 46 69 -0.333333 26
3273 54 27 81 0.333333 25
3274 56 15 71 0.577465 24
3275 93 13 106 0.754717 22
3276 43 38 81 0.0617284 28
3277 3 104 107 -0.943925 20
3278 82 18 100 0.64 26
3279 129 7 136 0.897059 18
3280 34 52 86 -0.209302 29
3281 69 39 108 0.277778 30
3282 39 56 95 -0.178947 27
3283 76 4 80 0.9 23
3284 56 39 95 0.178947 30
3285 4 89 93 -0.913978 19
3286 38 49 87 -0.126437 25
3287 73 37 110 0.327273 28
3288 27 52 79 -0.316456 26
3289 90 14 104 0.730769 23
3290 54 24 78 0.384615 31
3291 3 72 75 -0.92 22
3292 53 39 92 0.152174 26
3293 47 47 94 0 29
3294 77 21 98 0.571429 24
3295 105 35 140 0.5 32
3296 79 24 103 0.533981 24
3297 112 18 130 0.723077 21
3298 39 31 70 0.114286 29
3299 59 34 93 0.268817 32
3300 38 56 94 -0.191489 28
3301 37 82 119 -0.378151 33
3302 47 16 63 0.492063 20
3303 69 14 83 0.662651 28
3304 44 23 67 0.313433 27
3305 30 74 104 -0.423077 23
3306 10 55 65 -0.692308 25
3307 102 22 124 0.645161 29
3308 24 45 69 -0.304348 23
3309 78 1 79 0.974684 17
3310 137 10 147 0.863946 21
3311 76 44 120 0.266667 25
3312 34 52 86 -0.209302 30
3313 19 79 98 -0.612245 23
3314 23 56 79 -0.417722 22
3315 15 113 128 -0.765625 27
3316 74 30 104 0.423077 28
3317 27 64 91 -0.406593 22
3318 103 8 111 0.855856 26
3319 32 54 86 -0.255814 29
3320 14 95 109 -0.743119 18
3321 82 9 91 0.802198 23
3322 52 8 60 0.733333 22
3323 20 59 79 -0.493671 26
3324 61 34 95 0.284211 26
3325 75 19 94 0.595745 31
3326 96 5 101 0.90099 21
3327 75 39 114 0.315789 28
3328 100 1 101 0.980198 18
3329 84 16 100 0.68 28
3330 12 110 122 -0.803279 25
3331 60 17 77 0.558442 21
3332 105 12 117 0.794872 24
3333 89 17 106 0.679245 23
3334 16 53 69 -0.536232 28
3335 98 30 128 0.53125 25
3336 115 10 125 0.84 19
3337 59 40 99 0.191919 30
3338 4 111 115 -0.930435 22
3339 149 9 158 0.886076 23
3340 94 10 104 0.807692 23
3341 97 5 102 0.901961 23
3342 114 6 120 0.9 24
3343 33 60 93 -0.290323 28
3344 57 29 86 0.325581 27
3345 58 47 105 0.104762 32
3346 14 85 99 -0.717172 26
3347 57 33 90 0.266667 26
3348 14 54 68 -0.588235 26
3349 113 20 133 0.699248 25
3350 65 27 92 0.413043 27
3351 35 76 111 -0.369369 24
3352 40 62 102 -0.215686 24
3353 23 56 79 -0.417722 24
3354 117 4 121 0.933884 22
3355 41 60 101 -0.188119 26
3356 14 77 91 -0.692308 23
3357 38 54 92 -0.173913 29
3358 100 43 143 0.398601 28
3359 5 146 151 -0.933775 19
3360 39 72 111 -0.297297 28
3361 54 54 108 0 31
3362 61 57 118 0.0338983 25
3363 10 36 46 -0.565217 19
3364 68 18 86 0.581395 22
3365 75 8 83 0.807229 25
3366 40 55 95 -0.157895 25
3367 118 2 120 0.966667 20
3368 45 46 91 -0.010989 31
3369 57 48 105 0.0857143 30
3370 19 65 84 -0.547619 26
3371 73 23 96 0.520833 28
3372 41 67 108 -0.240741 31
3373 9 132 141 -0.87234 20
3374 56 39 95 0.178947 25
3375 60 29 89 0.348315 30
3376 76 19 95 0.6 18
3377 74 38 112 0.321429 27
3378 36 55 91 -0.208791 25
3379 3 149 152 -0.960526 12
3380 101 13 114 0.77193 22
3381 7 128 135 -0.896296 24
3382 113 13 126 0.793651 22
3383 35 65 100 -0.3 36
3384 38 16 54 0.407407 19
3385 11 115 126 -0.825397 29
3386 105 9 114 0.842105 23
3387 18 56 74 -0.513514 25
3388 76 16 92 0.652174 23
3389 106 8 114 0.859649 24
3390 11 85 96 -0.770833 26
3391 36 60 96 -0.25 24
3392 5 108 113 -0.911504 24
3393 102 17 119 0.714286 25
3394 101 6 107 0.88785 22
3395 32 62 94 -0.319149 33
3396 63 33 96 0.3125 26
3397 16 103 119 -0.731092 27
3398 54 37 91 0.186813 26
3399 37 52 89 -0.168539 27
3400 69 28 97 0.42268 24
3401 67 59 126 0.0634921 31
3402 8 127 135 -0.881481 21
3403 9 116 125 -0.856 19
3404 49 34 83 0.180723 22
3405 118 11 129 0.829457 26
3406 62 22 84 0.47619 23
3407 85 14 99 0.717172 28
3408 6 96 102 -0.882353 15
3409 49 54 103 -0.0485437 28
3410 74 24 98 0.510204 25
3411 10 95 105 -0.809524 21
3412 53 51 104 0.0192308 31
3413 18 28 46 -0.217391 18
3414 118 15 133 0.774436 27
3415 107 9 116 0.844828 23
3416 106 1 107 0.981308 20
3417 7 126 133 -0.894737 19
3418 146 14 160 0.825 22
3419 10 108 118 -0.830508 21
3420 29 2 31 0.870968 8
3421 40 57 97 -0.175258 25
3422 58 31 89 0.303371 24
3423 81 6 87 0.862069 21
3424 76 19 95 0.6 21
3425 23 98 121 -0.619835 27
3426 49 65 114 -0.140351 28
3427 133 8 141 0.886525 23
3428 100 27 127 0.574803 23
3429 76 18 94 0.617021 26
3430 62 36 98 0.265306 33
3431 38 76 114 -0.333333 23
3432 7 94 101 -0.861386 23
3433 57 2 59 0.932203 15
3434 89 6 95 0.873684 17
3435 59 17 76 0.552632 26
3436 32 75 107 -0.401869 32
3437 69 61 130 0.0615385 32
3438 126 17 143 0.762238 26
3439 100 5 105 0.904762 23
3440 49 63 112 -0.125 26
3441 2 143 145 -0.972414 19
3442 45 55 100 -0.1 33
3443 0 92 92 -1 18
3444 24 83 107 -0.551402 30
3445 119 16 135 0.762963 22
3446 64 35 99 0.292929 31
3447 36 58 94 -0.234043 24
3448 9 85 94 -0.808511 24
3449 55 43 98 0.122449 26
3450 75 23 98 0.530612 32
3451 51 21 72 0.416667 24
3452 28 108 136 -0.588235 28
3453 24 67 91 -0.472527 25
3454 46 4 50 0.84 21
3455 43 30 73 0.178082 27
3456 51 59 110 -0.0727273 27
3457 14 96 110 -0.745455 24
3458 48 51 99 -0.030303 29
3459 108 9 117 0.846154 23
3460 56 41 97 0.154639 25
3461 97 13 110 0.763636 21
3462 38 47 85 -0.105882 31
3463 37 44 81 -0.0864198 25
3464 54 45 99 0.0909091 25
3465 17 84 101 -0.663366 26
3466 86 5 91 0.89011 23
3467 74 27 101 0.465347 28
3468 90 23 113 0.59292 31
3469 96 15 111 0.72973 29
3470 59 34 93 0.268817 24
3471 13 87 100 -0.74 26
3472 51 55 106 -0.0377358 30
3473 7 84 91 -0.846154 21
3474 10 81 91 -0.78022 22
3475 77 13 90 0.711111 23
3476 78 39 117 0.333333 29
3477 60 53 113 0.0619469 29
3478 72 18 90 0.6 26
3479 100 3 103 0.941748 22
3480 87 9 96 0.8125 23
3481 42 36 78 0.0769231 26
3482 90 33 123 0.463415 25
3483 17 68 85 -0.6 28
3484 43 58 101 -0.148515 29
3485 94 14 108 0.740741 28
3486 57 24 81 0.407407 25
3487 23 92 115 -0.6 29
3488 75 45 120 0.25 30
3489 67 40 107 0.252336 29
3490 63 8 71 0.774648 23
3491 25 58 83 -0.39759 27
3492 31 60 91 -0.318681 20
3493 5 142 147 -0.931973 17
3494 58 32 90 0.288889 30
3495 7 99 106 -0.867925 24
3496 116 16 132 0.757576 28
3497 51 56 107 -0.046729 30
3498 61 27 88 0.386364 29
3499 102 7 109 0.87156 22
3500 7 120 127 -0.889764 24
3501 114 7 121 0.884298 24
3502 89 37 126 0.412698 27
3503 85 49 134 0.268657 25
3504 22 98 120 -0.633333 28
3505 10 87 97 -0.793814 22
3506 134 3 137 0.956204 20
3507 85 23 108 0.574074 31
3508 22 61 83 -0.46988 27
3509 122 5 127 0.92126 20
3510 37 71 108 -0.314815 25
3511 8 96 104 -0.846154 24
3512 58 38 96 0.208333 29
3513 25 75 100 -0.5 26
3514 110 16 126 0.746032 27
3515 13 77 90 -0.711111 29
3516 82 34 116 0.413793 29
3517 22 98 120 -0.633333 24
3518 25 79 104 -0.519231 28
3519 28 101 129 -0.565891 28
3520 48 48 96 0 26
3521 33 58 91 -0.274725 29
3522 86 22 108 0.592593 24
3523 82 8 90 0.822222 19
3524 64 12 76 0.684211 19
3525 58 36 94 0.234043 28
3526 3 109 112 -0.946429 17
3527 55 56 111 -0.00900901 30
3528 119 20 139 0.71223 28
3529 15 73 88 -0.659091 24
3530 105 10 115 0.826087 22
3531 58 29 87 0.333333 24
3532 83 7 90 0.844444 24
3533 16 15 31 0.0322581 21
3534 51 21 72 0.416667 24
3535 63 30 93 0.354839 25
3536 44 25 69 0.275362 25
3537 22 51 73 -0.39726 24
3538 89 2 91 0.956044 20
3539 52 22 74 0.405405 24
3540 55 12 67 0.641791 26
3541 70 36 106 0.320755 29
3542 28 85 113 -0.504425 23
3543 55 4 59 0.864407 11
3544 106 5 111 0.90991 22
3545 66 23 89 0.483146 24
3546 53 27 80 0.325 32
3547 82 38 120 0.366667 27
3548 28 42 70 -0.2 22
3549 19 58 77 -0.506494 25
3550 46 39 85 0.0823529 32
3551 77 8 85 0.811765 21
3552 70 39 109 0.284404 24
3553 42 49 91 -0.0769231 32
3554 116 14 130 0.784615 28
3555 137 5 142 0.929577 23
3556 124 5 129 0.922481 22
3557 71 24 95 0.494737 25
3558 72 22 94 0.531915 24
3559 110 15 125 0.76 27
3560 75 32 107 0.401869 34
3561 14 92 106 -0.735849 28
3562 33 71 104 -0.365385 32
3563 39 33 72 0.0833333 28
3564 65 18 83 0.566265 26
3565 28 43 71 -0.211268 23
3566 40 64 104 -0.230769 29
3567 161 9 170 0.894118 23
3568 61 32 93 0.311828 26
3569 44 63 107 -0.17757 27
3570 64 27 91 0.406593 31
3571 68 18 86 0.581395 28
3572 20 76 96 -0.583333 19
3573 34 43 77 -0.116883 24
3574 44 55 99 -0.111111 32
3575 103 18 121 0.702479 25
3576 50 57 107 -0.0654206 31
3577 6 73 79 -0.848101 21
3578 85 14 99 0.717172 30
3579 10 94 104 -0.807692 22
3580 99 12 111 0.783784 27
3581 74 55 129 0.147287 26
3582 81 19 100 0.62 26
3583 23 87 110 -0.581818 30
3584 48 46 94 0.0212766 24
3585 46 41 87 0.0574713 26
3586 83 49 132 0.257576 32
3587 44 42 86 0.0232558 24
3588 51 58 109 -0.0642202 29
3589 48 33 81 0.185185 30
3590 48 34 82 0.170732 22
3591 12 139 151 -0.84106 28
3592 50 66 116 -0.137931 30
3593 62 32 94 0.319149 30
3594 32 70 102 -0.372549 28
3595 69 29 98 0.408163 22
3596 68 43 111 0.225225 30
3597 4 63 67 -0.880597 19
3598 84 9 93 0.806452 23
3599 48 36 84 0.142857 28
3600 52 46 98 0.0612245 28
3601 27 65 92 -0.413043 31
3602 48 46 94 0.0212766 29
3603 44 52 96 -0.0833333 29
3604 44 61 105 -0.161905 30
3605 23 71 94 -0.510638 30
3606 74 43 117 0.264957 24
3607 35 74 109 -0.357798 28
3608 6 79 85 -0.858824 22
3609 6 62 68 -0.823529 24
3610 19 77 96 -0.604167 31
3611 12 78 90 -0.733333 19
3612 34 37 71 -0.0422535 28
3613 2 109 111 -0.963964 21
3614 12 93 105 -0.771429 24
3615 30 67 97 -0.381443 30
3616 121 18 139 0.741007 23
3617 16 75 91 -0.648352 27
3618 30 73 103 -0.417476 37
3619 31 105 136 -0.544118 25
3620 82 28 110 0.490909 28
3621 54 32 86 0.255814 21
3622 48 69 117 -0.179487 31
3623 41 42 83 -0.0120482 26
3624 34 81 115 -0.408696 29
3625 90 24 114 0.578947 32
3626 78 12 90 0.733333 27
3627 52 27 79 0.316456 30
3628 65 13 78 0.666667 23
3629 97 3 100 0.94 22
3630 19 78 97 -0.608247 26
3631 50 25 75 0.333333 27
3632 44 68 112 -0.214286 26
3633 67 31 98 0.367347 29
3634 54 48 102 0.0588235 33
3635 96 18 114 0.684211 26
3636 13 84 97 -0.731959 25
3637 43 58 101 -0.148515 31
3638 7 103 110 -0.872727 19
3639 12 81 93 -0.741935 26
3640 48 58 106 -0.0943396 29
3641 25 61 86 -0.418605 27
3642 5 88 93 -0.892473 19
3643 117 1 118 0.983051 12
3644 60 26 86 0.395349 29
3645 63 25 88 0.431818 32
3646 39 72 111 -0.297297 28
3647 92 24 116 0.586207 32
3648 55 27 82 0.341463 24
3649 59 57 116 0.0172414 29
3650 91 25 116 0.568966 27
3651 93 2 95 0.957895 19
3652 49 45 94 0.0425532 26
3653 44 45 89 -0.011236 27
3654 65 30 95 0.368421 27
3655 50 42 92 0.0869565 27
3656 32 86 118 -0.457627 27
3657 0 174 174 -1 14
3658 21 73 94 -0.553191 27
3659 82 30 112 0.464286 28
3660 113 10 123 0.837398 25
3661 3 113 116 -0.948276 19
3662 9 100 109 -0.834862 25
3663 29 54 83 -0.301205 26
3664 23 87 110 -0.581818 28
3665 70 13 83 0.686747 21
3666 101 4 105 0.92381 19
3667 43 25 68 0.264706 22
3668 24 78 102 -0.529412 27
3669 103 7 110 0.872727 24
3670 43 60 103 -0.165049 30
3671 86 25 111 0.54955 27
3672 39 80 119 -0.344538 27
3673 4 142 146 -0.945205 18
3674 13 78 91 -0.714286 28
3675 7 133 140 -0.9 15
3676 53 65 118 -0.101695 29
3677 11 109 120 -0.816667 17
3678 4 114 118 -0.932203 18
3679 53 22 75 0.413333 26
3680 77 30 107 0.439252 29
3681 41 71 112 -0.267857 29
3682 7 62 69 -0.797101 24
3683 20 89 109 -0.633028 23
3684 38 52 90 -0.155556 30
3685 126 7 133 0.894737 22
3686 76 50 126 0.206349 28
3687 51 39 90 0.133333 32
3688 64 26 90 0.422222 29
3689 16 74 90 -0.644444 28
3690 49 59 108 -0.0925926 24
3691 25 69 94 -0.468085 29
3692 112 15 127 0.76378 23
3693 116 18 134 0.731343 28
3694 46 43 89 0.0337079 31
3695 32 2 34 0.882353 9
3696 57 24 81 0.407407 20
3697 87 24 111 0.567568 27
3698 56 52 108 0.037037 30
3699 98 11 109 0.798165 23
3700 57 48 105 0.0857143 30
3701 4 57 61 -0.868852 16
3702 84 48 132 0.272727 27
3703 59 42 101 0.168317 29
3704 38 87 125 -0.392 30
3705 69 28 97 0.42268 33
3706 69 26 95 0.452632 27
3707 60 36 96 0.25 27
3708 41 65 106 -0.226415 27
3709 13 91 104 -0.75 19
3710 39 82 121 -0.355372 28
3711 15 93 108 -0.722222 26
3712 100 21 121 0.652893 28
3713 88 16 104 0.692308 27
3714 1 5 6 -0.666667 6
3715 75 42 117 0.282051 28
3716 12 118 130 -0.815385 24
3717 27 20 47 0.148936 22
3718 93 12 105 0.771429 24
3719 24 44 68 -0.294118 27
3720 93 6 99 0.878788 23
3721 41 69 110 -0.254545 29
3722 90 17 107 0.682243 29
3723 12 73 85 -0.717647 24
3724 140 17 157 0.783439 30
3725 77 19 96 0.604167 27
3726 8 110 118 -0.864407 24
3727 39 42 81 -0.037037 31
3728 41 44 85 -0.0352941 25
3729 79 8 87 0.816092 25
3730 113 11 124 0.822581 19
3731 104 11 115 0.808696 22
3732 46 17 63 0.460317 24
3733 56 40 96 0.166667 27
3734 1 83 84 -0.97619 10
3735 63 41 104 0.211538 27
3736 25 89 114 -0.561404 27
3737 55 37 92 0.195652 30
3738 86 17 103 0.669903 27
3739 74 38 112 0.321429 28
3740 65 45 110 0.181818 31
3741 70 23 93 0.505376 24
3742 146 5 151 0.933775 16
3743 23 55 78 -0.410256 29
3744 90 23 113 0.59292 30
3745 63 19 82 0.536585 26
3746 63 38 101 0.247525 31
3747 33 62 95 -0.305263 30
3748 101 4 105 0.92381 20
3749 67 17 84 0.595238 21
3750 47 54 101 -0.0693069 23
3751 71 19 90 0.577778 25
3752 139 7 146 0.90411 19
3753 39 49 88 -0.113636 33
3754 67 17 84 0.595238 23
3755 100 27 127 0.574803 30
3756 16 76 92 -0.652174 27
3757 81 11 92 0.76087 25
3758 30 66 96 -0.375 25
3759 22 46 68 -0.352941 18
3760 38 15 53 0.433962 23
3761 106 23 129 0.643411 30
3762 76 19 95 0.6 26
3763 19 75 94 -0.595745 25
3764 72 26 98 0.469388 21
3765 48 43 91 0.0549451 31
3766 15 98 113 -0.734513 24
3767 14 94 108 -0.740741 26
3768 77 27 104 0.480769 23
3769 33 81 114 -0.421053 35
3770 95 12 107 0.775701 22
3771 60 42 102 0.176471 29
3772 34 67 101 -0.326733 30
3773 43 69 112 -0.232143 28
3774 108 7 115 0.878261 21
3775 61 22 83 0.46988 28
3776 77 11 88 0.75 24
3777 3 107 110 -0.945455 21
3778 16 97 113 -0.716814 28
3779 42 73 115 -0.269565 34
3780 10 97 107 -0.813084 26
3781 30 50 80 -0.25 31
3782 21 78 99 -0.575758 23
3783 14 81 95 -0.705263 21
3784 88 24 112 0.571429 25
3785 35 61 96 -0.270833 30
3786 14 97 111 -0.747748 27
3787 89 24 113 0.575221 27
3788 44 57 101 -0.128713 23
3789 8 82 90 -0.822222 24
3790 10 103 113 -0.823009 24
3791 12 81 93 -0.741935 23
3792 60 47 107 0.121495 33
3793 48 18 66 0.454545 23
3794 90 16 106 0.698113 26
3795 7 91 98 -0.857143 19
3796 93 19 112 0.660714 27
3797 64 37 101 0.267327 25
3798 22 74 96 -0.541667 31
3799 29 67 96 -0.395833 29
3800 53 28 81 0.308642 28
3801 44 42 86 0.0232558 31
3802 29 69 98 -0.408163 29
3803 43 21 64 0.34375 20
3804 85 26 111 0.531532 25
3805 22 80 102 -0.568627 26
3806 0 146 146 -1 9
3807 33 56 89 -0.258427 27
3808 51 65 116 -0.12069 25
3809 24 86 110 -0.563636 27
3810 55 22 77 0.428571 25
3811 17 67 84 -0.595238 24
3812 89 8 97 0.835052 20
3813 113 18 131 0.725191 27
3814 84 0 84 1 18
3815 117 9 126 0.857143 19
3816 4 138 142 -0.943662 19
3817 72 40 112 0.285714 28
3818 30 79 109 -0.449541 31
3819 7 42 49 -0.714286 15
3820 7 138 145 -0.903448 21
3821 9 104 113 -0.840708 27
3822 5 111 116 -0.913793 23
3823 75 26 101 0.485149 26
3824 10 102 112 -0.821429 23
3825 27 74 101 -0.465347 28
3826 81 5 86 0.883721 21
3827 72 42 114 0.263158 30
3828 23 77 100 -0.54 29
3829 8 75 83 -0.807229 18
3830 82 18 100 0.64 26
3831 67 32 99 0.353535 30
3832 45 51 96 -0.0625 27
3833 91 10 101 0.80198 22
3834 45 49 94 -0.0425532 29
3835 71 32 103 0.378641 24
3836 37 66 103 -0.281553 30
3837 88 20 108 0.62963 18
3838 68 21 89 0.52809 26
3839 49 31 80 0.225 24
3840 63 30 93 0.354839 24
3841 101 4 105 0.92381 21
3842 14 94 108 -0.740741 25
3843 73 9 82 0.780488 22
3844 10 100 110 -0.818182 23
3845 12 74 86 -0.72093 22
3846 130 1 131 0.984733 11
3847 105 14 119 0.764706 27
3848 97 13 110 0.763636 27
3849 32 38 70 -0.0857143 23
3850 106 16 122 0.737705 25
3851 107 6 113 0.893805 22
3852 65 22 87 0.494253 25
3853 19 64 83 -0.542169 24
3854 14 97 111 -0.747748 24
3855 43 66 109 -0.211009 32
3856 16 97 113 -0.716814 27
3857 67 36 103 0.300971 25
3858 77 18 95 0.621053 27
3859 10 98 108 -0.814815 22
3860 12 100 112 -0.785714 25
3861 41 56 97 -0.154639 28
3862 77 31 108 0.425926 30
3863 5 121 126 -0.920635 21
3864 34 42 76 -0.105263 30
3865 109 5 114 0.912281 22
3866 20 36 56 -0.285714 11
3867 62 37 99 0.252525 29
3868 68 28 96 0.416667 28
3869 21 111 132 -0.681818 27
3870 11 103 114 -0.807018 26
3871 68 18 86 0.581395 29
3872 103 19 122 0.688525 24
3873 16 101 117 -0.726496 23
3874 51 59 110 -0.0727273 28
3875 36 108 144 -0.5 31
3876 74 33 107 0.383178 29
3877 66 54 120 0.1 34
3878 36 40 76 -0.0526316 18
3879 96 4 100 0.92 23
3880 20 54 74 -0.459459 23
3881 65 28 93 0.397849 31
3882 13 45 58 -0.551724 22
3883 15 129 144 -0.791667 22
3884 60 30 90 0.333333 27
3885 88 2 90 0.955556 19
3886 69 35 104 0.326923 28
3887 40 32 72 0.111111 24
3888 49 51 100 -0.02 25
3889 9 133 142 -0.873239 23
3890 4 6 10 -0.2 7
3891 83 27 110 0.509091 28
3892 99 24 123 0.609756 24
3893 79 21 100 0.58 21
3894 33 62 95 -0.305263 32
3895 121 5 126 0.920635 17
3896 33 58 91 -0.274725 27
3897 80 19 99 0.616162 28
3898 101 28 129 0.565891 32
3899 59 12 71 0.661972 22
3900 11 109 120 -0.816667 24
3901 65 31 96 0.354167 30
3902 27 82 109 -0.504587 29
3903 26 68 94 -0.446809 28
3904 57 19 76 0.5 22
3905 55 50 105 0.047619 30
3906 41 70 111 -0.261261 33
3907 30 64 94 -0.361702 25
3908 26 26 52 0 27
3909 113 10 123 0.837398 25
3910 78 26 104 0.5 28
3911 30 40 70 -0.142857 32
3912 98 36 134 0.462687 25
3913 57 19 76 0.5 25
3914 74 14 88 0.681818 25
3915 64 4 68 0.882353 14
3916 89 10 99 0.79798 22
3917 133 14 147 0.809524 23
3918 22 60 82 -0.463415 25
3919 13 80 93 -0.72043 20
3920 53 48 101 0.049505 27
3921 47 52 99 -0.0505051 28
3922 46 46 92 0 30
3923 97 23 120 0.616667 25
3924 60 38 98 0.22449 25
3925 58 61 119 -0.0252101 25
3926 34 75 109 -0.376147 27
3927 96 13 109 0.761468 27
3928 61 38 99 0.232323 27
3929 40 51 91 -0.120879 26
3930 18 69 87 -0.586207 25
3931 12 123 135 -0.822222 22
3932 74 13 87 0.701149 27
3933 106 24 130 0.630769 29
3934 70 13 83 0.686747 27
3935 70 40 110 0.272727 24
3936 58 28 86 0.348837 22
3937 96 17 113 0.699115 29
3938 11 105 116 -0.810345 24
3939 23 72 95 -0.515789 30
3940 31 82 113 -0.451327 24
3941 90 21 111 0.621622 22
3942 50 26 76 0.315789 28
3943 74 28 102 0.45098 27
3944 38 45 83 -0.0843373 25
3945 69 27 96 0.4375 30
3946 34 46 80 -0.15 24
3947 18 72 90 -0.6 24
3948 66 42 108 0.222222 24
3949 66 33 99 0.333333 34
3950 77 48 125 0.232 34
3951 41 67 108 -0.240741 33
3952 56 37 93 0.204301 26
3953 35 68 103 -0.320388 30
3954 63 49 112 0.125 27
3955 96 5 101 0.90099 22
3956 19 71 90 -0.577778 26
3957 29 92 121 -0.520661 24
3958 69 25 94 0.468085 26
3959 58 32 90 0.288889 26
3960 66 35 101 0.306931 27
3961 83 13 96 0.729167 24
3962 10 146 156 -0.871795 21
3963 44 33 77 0.142857 26
3964 80 16 96 0.666667 24
3965 73 44 117 0.247863 31
3966 47 66 113 -0.168142 25
3967 44 43 87 0.0114943 30
3968 107 4 111 0.927928 15
3969 134 7 141 0.900709 22
3970 60 69 129 -0.0697674 30
3971 1 80 81 -0.975309 19
3972 21 77 98 -0.571429 25
3973 109 6 115 0.895652 24
3974 9 101 110 -0.836364 24
3975 58 51 109 0.0642202 32
3976 46 60 106 -0.132075 29
3977 52 28 80 0.3 30
3978 15 108 123 -0.756098 29
3979 11 104 115 -0.808696 25
3980 90 19 109 0.651376 27
3981 8 113 121 -0.867769 22
3982 127 13 140 0.814286 23
3983 13 71 84 -0.690476 26
3984 18 83 101 -0.643564 26
3985 91 16 107 0.700935 24
3986 23 87 110 -0.581818 24
3987 11 54 65 -0.661538 21
3988 8 102 110 -0.854545 24
3989 40 60 100 -0.2 29
3990 73 43 116 0.258621 32
3991 70 66 136 0.0294118 31
3992 38 26 64 0.1875 23
3993 54 61 115 -0.0608696 31
3994 52 61 113 -0.079646 31
3995 11 110 121 -0.818182 19
3996 64 10 74 0.72973 26
3997 64 32 96 0.333333 29
3998 28 74 102 -0.45098 28
3999 94 3 97 0.938144 21
4000 27 63 90 -0.4 26
4001 45 48 93 -0.0322581 32
4002 4 113 117 -0.931624 22
4003 27 46 73 -0.260274 22
4004 45 41 86 0.0465116 24
4005 157 14 171 0.836257 24
4006 51 46 97 0.0515464 26
4007 18 101 119 -0.697479 30
4008 19 66 85 -0.552941 23
4009 32 60 92 -0.304348 27
4010 28 76 104 -0.461538 29
4011 28 57 85 -0.341176 21
4012 8 96 104 -0.846154 24
4013 67 19 86 0.55814 24
4014 46 30 76 0.210526 32
4015 10 71 81 -0.753086 24
4016 25 87 112 -0.553571 24
4017 118 9 127 0.858268 12
4018 31 56 87 -0.287356 27
4019 36 54 90 -0.2 32
4020 15 120 135 -0.777778 24
4021 50 19 69 0.449275 27
4022 104 17 121 0.719008 29
4023 108 17 125 0.728 31
4024 66 35 101 0.306931 28
4025 119 16 135 0.762963 23
4026 38 41 79 -0.0379747 26
4027 81 35 116 0.396552 28
4028 80 17 97 0.649485 29
4029 8 85 93 -0.827957 24
4030 13 95 108 -0.759259 20
4031 9 93 102 -0.823529 25
4032 70 26 96 0.458333 30
4033 52 58 110 -0.0545455 27
4034 49 41 90 0.0888889 26
4035 113 6 119 0.89916 22
4036 7 89 96 -0.854167 23
4037 87 23 110 0.581818 28
4038 76 29 105 0.447619 23
4039 2 118 120 -0.966667 21
4040 22 90 112 -0.607143 29
4041 33 70 103 -0.359223 27
4042 32 82 114 -0.438596 30
4043 39 64 103 -0.242718 27
4044 135 7 142 0.901408 22
4045 8 131 139 -0.884892 23
4046 40 64 104 -0.230769 31
4047 3 127 130 -0.953846 21
4048 5 108 113 -0.911504 23
4049 74 45 119 0.243697 32
4050 28 71 99 -0.434343 30
4051 114 6 120 0.9 23
4052 8 103 111 -0.855856 20
4053 9 81 90 -0.8 23
4054 25 65 90 -0.444444 28
4055 60 31 91 0.318681 30
4056 26 75 101 -0.485149 28
4057 69 36 105 0.314286 27
4058 18 116 134 -0.731343 25
4059 33 58 91 -0.274725 31
4060 10 98 108 -0.814815 25
4061 23 92 115 -0.6 28
4062 54 65 119 -0.092437 35
4063 19 71 90 -0.577778 22
4064 88 16 104 0.692308 28
4065 109 7 116 0.87931 19
4066 88 2 90 0.955556 21
4067 14 55 69 -0.594203 24
4068 39 45 84 -0.0714286 24
4069 44 74 118 -0.254237 29
4070 81 24 105 0.542857 28
4071 34 46 80 -0.15 27
4072 52 37 89 0.168539 30
4073 88 12 100 0.76 23
4074 84 30 114 0.473684 27
4075 31 23 54 0.148148 28
4076 82 18 100 0.64 28
4077 38 76 114 -0.333333 31
4078 70 11 81 0.728395 22
4079 6 95 101 -0.881188 23
4080 94 14 108 0.740741 27
4081 6 80 86 -0.860465 22
4082 44 52 96 -0.0833333 31
4083 84 1 85 0.976471 16
4084 5 137 142 -0.929577 19
4085 58 42 100 0.16 25
4086 65 50 115 0.130435 28
4087 55 45 100 0.1 33
4088 72 34 106 0.358491 30
4089 70 21 91 0.538462 28
4090 22 58 80 -0.45 24
4091 111 14 125 0.776 23
4092 88 18 106 0.660377 28
4093 54 31 85 0.270588 27
4094 125 2 127 0.968504 20
4095 89 3 92 0.934783 20
4096 64 21 85 0.505882 28
4097 17 83 100 -0.66 25
4098 78 17 95 0.642105 29
4099 57 56 113 0.00884956 26
4100 55 26 81 0.358025 25
4101 68 25 93 0.462366 24
4102 86 20 106 0.622642 29
4103 65 34 99 0.313131 23
4104 127 21 148 0.716216 28
4105 92 11 103 0.786408 22
4106 40 76 116 -0.310345 26
4107 4 83 87 -0.908046 23
4108 45 46 91 -0.010989 27
4109 79 20 99 0.59596 23
4110 69 21 90 0.533333 20
4111 72 8 80 0.8 23
4112 81 15 96 0.6875 28
4113 49 48 97 0.0103093 30
4114 12 107 119 -0.798319 23
4115 103 18 121 0.702479 28
4116 52 37 89 0.168539 24
4117 54 34 88 0.227273 23
4118 69 41 110 0.254545 30
4119 5 63 68 -0.852941 22
4120 12 81 93 -0.741935 24
4121 54 22 76 0.421053 18
4122 125 7 132 0.893939 23
4123 28 79 107 -0.476636 29
4124 28 91 119 -0.529412 29
4125 22 47 69 -0.362319 27
4126 80 9 89 0.797753 26
4127 46 68 114 -0.192982 27
4128 12 64 76 -0.684211 17
4129 5 119 124 -0.919355 21
4130 109 6 115 0.895652 16
4131 65 22 87 0.494253 31
4132 62 19 81 0.530864 26
4133 84 20 104 0.615385 24
4134 12 85 97 -0.752577 21
4135 104 4 108 0.925926 21
4136 47 19 66 0.424242 21
4137 55 18 73 0.506849 26
4138 32 49 81 -0.209877 30
4139 8 92 100 -0.84 25
4140 66 14 80 0.65 26
4141 71 28 99 0.434343 28
4142 1 69 70 -0.971429 17
4143 19 87 106 -0.641509 20
4144 3 103 106 -0.943396 16
4145 45 46 91 -0.010989 30
4146 71 6 77 0.844156 16
4147 33 69 102 -0.352941 31
4148 25 87 112 -0.553571 27
4149 51 29 80 0.275 25
4150 28 75 103 -0.456311 27
4151 8 108 116 -0.862069 25
4152 41 25 66 0.242424 28
4153 79 28 107 0.476636 28
4154 7 125 132 -0.893939 15
4155 71 5 76 0.868421 23
4156 62 36 98 0.265306 29
4157 101 12 113 0.787611 24
4158 114 9 123 0.853659 25
4159 94 31 125 0.504 32
4160 15 121 136 -0.779412 28
4161 117 15 132 0.772727 18
4162 19 132 151 -0.748344 29
4163 88 13 101 0.742574 25
4164 87 14 101 0.722772 27
4165 25 4 29 0.724138 15
4166 111 24 135 0.644444 29
4167 21 133 154 -0.727273 27
4168 55 31 86 0.27907 24
4169 13 106 119 -0.781513 22
4170 88 13 101 0.742574 25
4171 83 27 110 0.509091 32
4172 55 47 102 0.0784314 30
4173 38 28 66 0.151515 28
4174 32 56 88 -0.272727 28
4175 70 46 116 0.206897 30
4176 17 81 98 -0.653061 29
4177 2 143 145 -0.972414 16
4178 33 91 124 -0.467742 30
4179 9 40 49 -0.632653 14
4180 60 46 106 0.132075 31
4181 55 39 94 0.170213 33
4182 42 84 126 -0.333333 27
4183 21 87 108 -0.611111 22
4184 69 27 96 0.4375 24
4185 51 34 85 0.2 28
4186 48 57 105 -0.0857143 33
4187 61 34 95 0.284211 31
4188 49 39 88 0.113636 22
4189 58 48 106 0.0943396 25
4190 112 25 137 0.635036 29
4191 42 61 103 -0.184466 27
4192 16 81 97 -0.670103 27
4193 56 33 89 0.258427 32
4194 88 5 93 0.892473 22
4195 45 26 71 0.267606 23
4196 9 72 81 -0.777778 24
4197 46 41 87 0.0574713 23
4198 46 47 93 -0.0107527 25
4199 7 138 145 -0.903448 22
4200 84 24 108 0.555556 30
4201 40 62 102 -0.215686 27
4202 20 79 99 -0.59596 30
4203 60 39 99 0.212121 24
4204 13 91 104 -0.75 25
4205 101 0 101 1 17
4206 94 20 114 0.649123 31
4207 76 11 87 0.747126 23
4208 82 6 88 0.863636 22
4209 16 62 78 -0.589744 22
4210 58 38 96 0.208333 29
4211 103 14 117 0.760684 29
4212 37 84 121 -0.38843 24
4213 44 52 96 -0.0833333 29
4214 73 16 89 0.640449 24
4215 54 26 80 0.35 23
4216 17 88 105 -0.67619 25
4217 17 98 115 -0.704348 23
4218 62 53 115 0.0782609 26
4219 16 87 103 -0.68932 26
4220 132 8 140 0.885714 20
4221 56 46 102 0.0980392 25
4222 30 88 118 -0.491525 29
4223 110 5 115 0.913043 21
4224 57 37 94 0.212766 29
4225 14 94 108 -0.740741 22
4226 63 41 104 0.211538 30
4227 104 17 121 0.719008 24
4228 28 95 123 -0.544715 28
4229 63 17 80 0.575 24
4230 30 80 110 -0.454545 29
4231 64 43 107 0.196262 28
4232 11 63 74 -0.702703 26
4233 46 29 75 0.226667 26
4234 60 38 98 0.22449 26
4235 6 163 169 -0.928994 15
4236 77 36 113 0.362832 29
4237 42 67 109 -0.229358 32
4238 52 68 120 -0.133333 34
4239 19 68 87 -0.563218 30
4240 9 85 94 -0.808511 16
4241 67 52 119 0.12605 32
4242 66 42 108 0.222222 26
4243 20 75 95 -0.578947 26
4244 22 51 73 -0.39726 30
4245 68 7 75 0.813333 23
4246 31 32 63 -0.015873 23
4247 37 60 97 -0.237113 32
4248 58 58 116 0 28
4249 37 52 89 -0.168539 26
4250 5 99 104 -0.903846 21
4251 60 42 102 0.176471 30
4252 55 34 89 0.235955 32
4253 6 96 102 -0.882353 21
4254 98 23 121 0.619835 27
4255 9 110 119 -0.848739 20
4256 105 6 111 0.891892 23
4257 16 85 101 -0.683168 28
4258 80 36 116 0.37931 29
4259 13 110 123 -0.788618 27
4260 16 83 99 -0.676768 27
4261 102 22 124 0.645161 29
4262 27 77 104 -0.480769 26
4263 7 135 142 -0.901408 19
4264 36 62 98 -0.265306 27
4265 100 9 109 0.834862 15
4266 96 20 116 0.655172 22
4267 45 47 92 -0.0217391 32
4268 44 24 68 0.294118 26
4269 62 30 92 0.347826 25
4270 15 95 110 -0.727273 23
4271 18 63 81 -0.555556 28
4272 16 103 119 -0.731092 13
4273 6 81 87 -0.862069 15
4274 26 70 96 -0.458333 30
4275 37 51 88 -0.159091 24
4276 88 19 107 0.64486 23
4277 29 69 98 -0.408163 19
4278 98 15 113 0.734513 27
4279 77 47 124 0.241935 25
4280 98 28 126 0.555556 26
4281 23 72 95 -0.515789 23
4282 37 76 113 -0.345133 23
4283 10 100 110 -0.818182 27
4284 13 90 103 -0.747573 27
4285 9 96 105 -0.828571 22
4286 37 66 103 -0.281553 30
4287 67 31 98 0.367347 21
4288 30 66 96 -0.375 29
4289 15 120 135 -0.777778 25
4290 23 95 118 -0.610169 25
4291 29 77 106 -0.45283 25
4292 41 91 132 -0.378788 27
4293 89 12 101 0.762376 24
4294 96 33 129 0.488372 28
4295 42 82 124 -0.322581 27
4296 10 104 114 -0.824561 24
4297 19 73 92 -0.586957 27
4298 33 67 100 -0.34 29
4299 47 64 111 -0.153153 31
4300 23 61 84 -0.452381 24
4301 43 49 92 -0.0652174 34
4302 25 89 114 -0.561404 23
4303 35 44 79 -0.113924 20
4304 49 84 133 -0.263158 36
4305 54 60 114 -0.0526316 33
4306 38 61 99 -0.232323 30
4307 106 21 127 0.669291 30
4308 5 101 106 -0.90566 22
4309 68 38 106 0.283019 31
4310 52 27 79 0.316456 30
4311 35 55 90 -0.222222 18
4312 78 2 80 0.95 20
4313 63 40 103 0.223301 28
4314 105 11 116 0.810345 22
4315 11 51 62 -0.645161 23
4316 29 55 84 -0.309524 30
4317 34 75 109 -0.376147 30
4318 145 7 152 0.907895 16
4319 85 14 99 0.717172 23
4320 51 2 53 0.924528 20
4321 35 65 100 -0.3 30
4322 61 38 99 0.232323 29
4323 71 13 84 0.690476 25
4324 72 25 97 0.484536 33
4325 30 67 97 -0.381443 27
4326 42 66 108 -0.222222 28
4327 100 30 130 0.538462 24
4328 35 75 110 -0.363636 28
4329 86 26 112 0.535714 30
4330 79 29 108 0.462963 32
4331 76 37 113 0.345133 29
4332 15 104 119 -0.747899 27
4333 112 7 119 0.882353 25
4334 31 99 130 -0.523077 31
4335 77 40 117 0.316239 25
4336 110 5 115 0.913043 12
4337 36 95 131 -0.450382 29
4338 16 85 101 -0.683168 25
4339 74 15 89 0.662921 26
4340 104 5 109 0.908257 23
4341 15 1 16 0.875 6
4342 66 25 91 0.450549 28
4343 34 76 110 -0.381818 30
4344 41 43 84 -0.0238095 26
4345 42 82 124 -0.322581 32
4346 92 12 104 0.769231 22
4347 29 87 116 -0.5 27
4348 9 2 11 0.636364 8
4349 42 66 108 -0.222222 26
4350 7 116 123 -0.886179 23
4351 85 6 91 0.868132 19
4352 49 36 85 0.152941 32
4353 56 40 96 0.166667 33
4354 105 6 111 0.891892 25
4355 25 46 71 -0.295775 25
4356 30 79 109 -0.449541 27
4357 25 90 115 -0.565217 29
4358 19 70 89 -0.573034 26
4359 23 81 104 -0.557692 30
4360 125 8 133 0.879699 24
4361 99 11 110 0.8 24
4362 74 42 116 0.275862 30
4363 14 90 104 -0.730769 26
4364 72 45 117 0.230769 29
4365 59 52 111 0.0630631 29
4366 22 84 106 -0.584906 30
4367 4 121 125 -0.936 17
4368 126 6 132 0.909091 24
4369 45 66 111 -0.189189 29
4370 88 15 103 0.708738 29
4371 16 69 85 -0.623529 23
4372 32 50 82 -0.219512 23
4373 74 8 82 0.804878 17
4374 40 41 81 -0.0123457 30
4375 123 6 129 0.906977 16
4376 60 29 89 0.348315 30
4377 4 53 57 -0.859649 19
4378 65 20 85 0.529412 28
4379 21 49 70 -0.4 21
4380 19 81 100 -0.62 24
4381 102 4 106 0.924528 15
4382 57 57 114 0 32
4383 60 52 112 0.0714286 28
4384 55 52 107 0.0280374 30
4385 51 69 120 -0.15 34
4386 24 99 123 -0.609756 25
4387 4 87 91 -0.912088 22
4388 21 72 93 -0.548387 31
4389 12 33 45 -0.466667 21
4390 45 28 73 0.232877 26
4391 25 56 81 -0.382716 29
4392 33 56 89 -0.258427 28
4393 4 88 92 -0.913043 21
4394 7 65 72 -0.805556 23
4395 27 93 120 -0.55 25
4396 28 82 110 -0.490909 24
4397 40 50 90 -0.111111 32
4398 116 3 119 0.94958 22
4399 8 98 106 -0.849057 23
4400 75 10 85 0.764706 21
4401 87 13 100 0.74 26
4402 78 10 88 0.772727 26
4403 51 16 67 0.522388 22
4404 93 14 107 0.738318 21
4405 95 8 103 0.84466 22
4406 70 24 94 0.489362 26
4407 23 59 82 -0.439024 26
4408 31 97 128 -0.515625 30
4409 48 8 56 0.714286 19
4410 28 38 66 -0.151515 22
4411 41 53 94 -0.12766 33
4412 5 103 108 -0.907407 22
4413 6 132 138 -0.913043 22
4414 101 8 109 0.853211 25
4415 30 95 125 -0.52 21
4416 33 46 79 -0.164557 22
4417 46 42 88 0.0454545 22
4418 5 102 107 -0.906542 19
4419 60 50 110 0.0909091 25
4420 35 32 67 0.0447761 20
4421 37 53 90 -0.177778 30
4422 35 55 90 -0.222222 26
4423 40 52 92 -0.130435 34
4424 135 3 138 0.956522 19
4425 41 68 109 -0.247706 33
4426 43 43 86 0 27
4427 10 118 128 -0.84375 25
4428 73 29 102 0.431373 19
4429 43 54 97 -0.113402 23
4430 39 33 72 0.0833333 23
4431 7 100 107 -0.869159 24
4432 136 7 143 0.902098 25
4433 14 83 97 -0.71134 18
4434 61 45 106 0.150943 28
4435 49 71 120 -0.183333 28
4436 6 107 113 -0.893805 24
4437 34 69 103 -0.339806 29
4438 77 13 90 0.711111 25
4439 75 21 96 0.5625 23
4440 84 17 101 0.663366 27
4441 23 90 113 -0.59292 27
4442 32 59 91 -0.296703 33
4443 30 44 74 -0.189189 22
4444 40 57 97 -0.175258 28
4445 36 52 88 -0.181818 27
4446 95 10 105 0.809524 22
4447 114 10 124 0.83871 20
4448 20 76 96 -0.583333 31
4449 47 40 87 0.0804598 24
4450 20 53 73 -0.452055 20
4451 19 104 123 -0.691057 32
4452 30 59 89 -0.325843 30
4453 100 7 107 0.869159 22
4454 77 33 110 0.4 26
4455 34 81 115 -0.408696 25
4456 65 29 94 0.382979 26
4457 9 83 92 -0.804348 27
4458 64 54 118 0.0847458 32
4459 28 92 120 -0.533333 27
4460 69 39 108 0.277778 30
4461 36 45 81 -0.111111 27
4462 23 71 94 -0.510638 29
4463 95 15 110 0.727273 27
4464 39 59 98 -0.204082 27
4465 6 88 94 -0.87234 18
4466 22 95 117 -0.623932 24
4467 3 126 129 -0.953488 21
4468 44 69 113 -0.221239 31
4469 55 24 79 0.392405 27
4470 23 75 98 -0.530612 30
4471 43 41 84 0.0238095 29
4472 86 34 120 0.433333 29
4473 23 92 115 -0.6 28
4474 52 46 98 0.0612245 26
4475 82 8 90 0.822222 26
4476 28 104 132 -0.575758 26
4477 14 93 107 -0.738318 25
4478 41 52 93 -0.11828 30
4479 16 62 78 -0.589744 27
4480 51 29 80 0.275 24
4481 13 99 112 -0.767857 26
4482 30 70 100 -0.4 24
4483 19 89 108 -0.648148 29
4484 51 42 93 0.0967742 26
4485 79 40 119 0.327731 31
4486 84 20 104 0.615385 24
4487 72 13 85 0.694118 22
4488 28 70 98 -0.428571 24
4489 23 105 128 -0.640625 22
4490 93 21 114 0.631579 22
4491 84 25 109 0.541284 30
4492 67 55 122 0.0983607 27
4493 113 15 128 0.765625 25
4494 83 18 101 0.643564 30
4495 83 9 92 0.804348 23
4496 27 55 82 -0.341463 25
4497 15 99 114 -0.736842 29
4498 26 72 98 -0.469388 22
4499 99 30 129 0.534884 26
4500 3 125 128 -0.953125 20
4501 47 51 98 -0.0408163 26
4502 40 63 103 -0.223301 32
4503 65 19 84 0.547619 26
4504 35 60 95 -0.263158 31
4505 27 71 98 -0.44898 29
4506 56 56 112 0 28
4507 43 65 108 -0.203704 35
4508 5 85 90 -0.888889 21
4509 18 75 93 -0.612903 31
4510 24 45 69 -0.304348 17
4511 31 31 62 0 28
4512 32 53 85 -0.247059 23
4513 19 60 79 -0.518987 21
4514 97 11 108 0.796296 21
4515 8 84 92 -0.826087 23
4516 90 11 101 0.782178 24
4517 20 86 106 -0.622642 30
4518 144 2 146 0.972603 21
4519 81 4 85 0.905882 23
4520 11 106 117 -0.811966 17
4521 7 77 84 -0.833333 22
4522 39 66 105 -0.257143 28
4523 36 81 117 -0.384615 28
4524 66 37 103 0.281553 31
4525 83 20 103 0.61165 27
4526 56 38 94 0.191489 26
4527 46 37 83 0.108434 26
4528 39 58 97 -0.195876 24
4529 47 47 94 0 32
4530 18 83 101 -0.643564 26
4531 20 158 178 -0.775281 29
4532 143 4 147 0.945578 20
4533 51 52 103 -0.00970874 21
4534 65 17 82 0.585366 25
4535 22 76 98 -0.55102 27
4536 3 112 115 -0.947826 19
4537 24 69 93 -0.483871 23
4538 18 106 124 -0.709677 22
4539 82 3 85 0.929412 22
4540 118 10 128 0.84375 22
4541 78 30 108 0.444444 32
4542 72 13 85 0.694118 24
4543 68 10 78 0.74359 16
4544 39 69 108 -0.277778 29
4545 94 16 110 0.709091 25
4546 46 53 99 -0.0707071 28
4547 72 51 123 0.170732 32
4548 54 41 95 0.136842 28
4549 9 97 106 -0.830189 25
4550 101 17 118 0.711864 25
4551 53 20 73 0.452055 25
4552 62 37 99 0.252525 31
4553 30 64 94 -0.361702 30
4554 74 28 102 0.45098 30
4555 44 63 107 -0.17757 31
4556 89 4 93 0.913978 21
4557 6 67 73 -0.835616 20
4558 119 11 130 0.830769 25
4559 20 104 124 -0.677419 30
4560 101 13 114 0.77193 23
4561 52 27 79 0.316456 28
4562 32 65 97 -0.340206 22
4563 79 11 90 0.755556 21
4564 60 49 109 0.100917 31
4565 7 92 99 -0.858586 23
4566 42 55 97 -0.134021 28
4567 107 14 121 0.768595 23
4568 4 116 120 -0.933333 14
4569 105 12 117 0.794872 24
4570 72 36 108 0.333333 26
4571 56 54 110 0.0181818 26
4572 56 41 97 0.154639 30
4573 61 37 98 0.244898 22
4574 2 70 72 -0.944444 19
4575 45 51 96 -0.0625 34
4576 54 57 111 -0.027027 33
4577 74 35 109 0.357798 24
4578 49 30 79 0.240506 26
4579 78 31 109 0.431193 27
4580 114 20 134 0.701493 26
4581 61 45 106 0.150943 31
4582 60 40 100 0.2 26
4583 61 35 96 0.270833 27
4584 95 47 142 0.338028 30
4585 23 111 134 -0.656716 27
4586 8 111 119 -0.865546 26
4587 51 36 87 0.172414 26
4588 67 40 107 0.252336 31
4589 8 71 79 -0.797468 20
4590 11 81 92 -0.76087 28
4591 36 87 123 -0.414634 29
4592 17 51 68 -0.5 24
4593 80 25 105 0.52381 29
4594 50 42 92 0.0869565 27
4595 47 69 116 -0.189655 29
4596 99 13 112 0.767857 29
4597 13 99 112 -0.767857 19
4598 6 112 118 -0.898305 23
4599 67 20 87 0.54023 30
4600 71 45 116 0.224138 29
4601 12 85 97 -0.752577 18
4602 60 25 85 0.411765 24
4603 49 61 110 -0.109091 29
4604 67 43 110 0.218182 31
4605 27 88 115 -0.530435 33
4606 95 13 108 0.759259 28
4607 55 42 97 0.134021 29
4608 67 30 97 0.381443 30
4609 35 98 133 -0.473684 25
4610 30 69 99 -0.393939 27
4611 26 62 88 -0.409091 29
4612 23 83 106 -0.566038 31
4613 43 43 86 0 28
4614 17 83 100 -0.66 28
4615 72 22 94 0.531915 23
4616 108 19 127 0.700787 30
4617 102 10 112 0.821429 23
4618 14 77 91 -0.692308 28
4619 0 46 46 -1 13
4620 33 80 113 -0.415929 33
4621 89 16 105 0.695238 28
4622 99 29 128 0.546875 29
4623 14 98 112 -0.75 27
4624 11 85 96 -0.770833 25
4625 54 61 115 -0.0608696 35
4626 49 36 85 0.152941 26
4627 47 39 86 0.0930233 29
4628 71 30 101 0.405941 29
4629 61 42 103 0.184466 24
4630 17 69 86 -0.604651 24
4631 10 85 95 -0.789474 26
4632 31 66 97 -0.360825 26
4633 5 91 96 -0.895833 23
4634 54 43 97 0.113402 31
4635 98 5 103 0.902913 22
4636 8 102 110 -0.854545 24
4637 58 28 86 0.348837 26
4638 58 36 94 0.234043 26
4639 76 8 84 0.809524 21
4640 41 65 106 -0.226415 35
4641 80 1 81 0.975309 13
4642 57 36 93 0.225806 31
4643 49 47 96 0.0208333 25
4644 110 12 122 0.803279 26
4645 93 15 108 0.722222 28
4646 45 52 97 -0.0721649 22
4647 84 34 118 0.423729 26
4648 100 10 110 0.818182 25
4649 36 55 91 -0.208791 27
4650 29 68 97 -0.402062 29
4651 59 40 99 0.191919 32
4652 43 56 99 -0.131313 29
4653 76 44 120 0.266667 27
4654 46 53 99 -0.0707071 26
4655 27 65 92 -0.413043 24
4656 83 29 112 0.482143 27
4657 26 72 98 -0.469388 27
4658 84 17 101 0.663366 26
4659 80 7 87 0.83908 23
4660 55 38 93 0.182796 27
4661 52 55 107 -0.0280374 30
4662 24 103 127 -0.622047 27
4663 19 62 81 -0.530864 24
4664 15 82 97 -0.690722 24
4665 61 41 102 0.196078 32
4666 59 49 108 0.0925926 33
4667 35 73 108 -0.351852 29
4668 72 26 98 0.469388 25
4669 69 37 106 0.301887 32
4670 97 7 104 0.865385 24
4671 80 19 99 0.616162 24
4672 62 62 124 0 28
4673 105 14 119 0.764706 31
4674 61 37 98 0.244898 24
4675 78 17 95 0.642105 26
4676 42 60 102 -0.176471 27
4677 16 87 103 -0.68932 24
4678 13 78 91 -0.714286 26
4679 61 18 79 0.544304 26
4680 75 25 100 0.5 30
4681 69 26 95 0.452632 30
4682 31 46 77 -0.194805 30
4683 8 82 90 -0.822222 22
4684 75 39 114 0.315789 25
4685 76 21 97 0.56701 29
4686 27 54 81 -0.333333 29
4687 81 10 91 0.78022 20
4688 60 20 80 0.5 22
4689 47 17 64 0.46875 21
4690 70 36 106 0.320755 31
4691 48 59 107 -0.102804 34
4692 51 52 103 -0.00970874 30
4693 71 49 120 0.183333 31
4694 125 7 132 0.893939 25
4695 72 36 108 0.333333 29
4696 12 86 98 -0.755102 23
4697 13 99 112 -0.767857 25
4698 76 31 107 0.420561 29
4699 3 157 160 -0.9625 18
4700 15 122 137 -0.781022 27
4701 50 79 129 -0.224806 35
4702 15 121 136 -0.779412 19
4703 95 3 98 0.938776 21
4704 50 43 93 0.0752688 29
4705 67 35 102 0.313725 28
4706 64 32 96 0.333333 30
4707 8 64 72 -0.777778 25
4708 38 80 118 -0.355932 30
4709 112 13 125 0.792 25
4710 18 131 149 -0.758389 25
4711 94 6 100 0.88 18
4712 91 35 126 0.444444 32
4713 79 41 120 0.316667 33
4714 59 53 112 0.0535714 27
4715 64 37 101 0.267327 22
4716 82 31 113 0.451327 33
4717 40 69 109 -0.266055 33
4718 2 71 73 -0.945205 21
4719 24 72 96 -0.5 27
4720 95 13 108 0.759259 21
4721 24 64 88 -0.454545 27
4722 32 82 114 -0.438596 26
4723 92 15 107 0.719626 23
4724 78 10 88 0.772727 27
4725 47 43 90 0.0444444 24
4726 80 6 86 0.860465 19
4727 25 68 93 -0.462366 23
4728 90 6 96 0.875 23
4729 64 20 84 0.52381 26
4730 122 13 135 0.807407 24
4731 40 53 93 -0.139785 29
4732 32 70 102 -0.372549 24
4733 43 49 92 -0.0652174 23
4734 55 23 78 0.410256 29
4735 76 25 101 0.50495 25
4736 20 79 99 -0.59596 28
4737 80 20 100 0.6 26
4738 152 12 164 0.853659 25
4739 21 102 123 -0.658537 25
4740 1 69 70 -0.971429 19
4741 76 24 100 0.52 32
4742 14 59 73 -0.616438 28
4743 83 5 88 0.886364 22
4744 31 87 118 -0.474576 32
4745 23 69 92 -0.5 30
4746 71 9 80 0.775 22
4747 61 27 88 0.386364 28
4748 14 90 104 -0.730769 26
4749 120 3 123 0.95122 18
4750 13 111 124 -0.790323 28
4751 95 43 138 0.376812 29
4752 57 37 94 0.212766 28
4753 51 54 105 -0.0285714 31
4754 93 8 101 0.841584 16
4755 44 66 110 -0.2 31
4756 45 67 112 -0.196429 30
4757 135 14 149 0.812081 27
4758 82 52 134 0.223881 31
4759 92 11 103 0.786408 25
4760 126 13 139 0.81295 25
4761 61 13 74 0.648649 21
4762 25 78 103 -0.514563 28
4763 15 79 94 -0.680851 21
4764 76 39 115 0.321739 25
4765 14 78 92 -0.695652 25
4766 50 47 97 0.0309278 27
4767 6 114 120 -0.9 24
4768 61 50 111 0.0990991 26
4769 89 27 116 0.534483 25
4770 37 45 82 -0.097561 23
4771 68 17 85 0.6 28
4772 17 85 102 -0.666667 29
4773 73 20 93 0.569892 29
4774 41 31 72 0.138889 24
4775 31 97 128 -0.515625 31
4776 141 14 155 0.819355 23
4777 17 76 93 -0.634409 25
4778 51 40 91 0.120879 29
4779 120 11 131 0.832061 26
4780 87 18 105 0.657143 29
4781 1 61 62 -0.967742 15
4782 78 29 107 0.457944 28
4783 4 74 78 -0.897436 19
4784 80 27 107 0.495327 31
4785 77 42 119 0.294118 25
4786 25 81 106 -0.528302 30
4787 36 57 93 -0.225806 26
4788 9 97 106 -0.830189 25
4789 56 43 99 0.131313 24
4790 29 66 95 -0.389474 31
4791 51 37 88 0.159091 30
4792 41 77 118 -0.305085 24
4793 91 2 93 0.956989 18
4794 40 60 100 -0.2 33
4795 39 47 86 -0.0930233 33
4796 36 48 84 -0.142857 24
4797 5 74 79 -0.873418 17
4798 45 50 95 -0.0526316 27
4799 19 107 126 -0.698413 27
4800 98 13 111 0.765766 21
4801 15 93 108 -0.722222 21
4802 10 97 107 -0.813084 20
4803 37 38 75 -0.0133333 25
4804 8 80 88 -0.818182 22
4805 44 2 46 0.913043 16
4806 14 6 20 0.4 11
4807 99 18 117 0.692308 30
4808 42 37 79 0.0632911 26
4809 11 100 111 -0.801802 23
4810 41 81 122 -0.327869 29
4811 43 47 90 -0.0444444 30
4812 75 42 117 0.282051 31
4813 60 54 114 0.0526316 31
4814 9 121 130 -0.861538 23
4815 38 51 89 -0.146067 23
4816 49 42 91 0.0769231 27
4817 32 61 93 -0.311828 27
4818 42 56 98 -0.142857 29
4819 84 8 92 0.826087 27
4820 34 59 93 -0.268817 31
4821 76 43 119 0.277311 30
4822 13 94 107 -0.757009 27
4823 18 63 81 -0.555556 28
4824 15 72 87 -0.655172 22
4825 56 12 68 0.647059 26
4826 55 36 91 0.208791 28
4827 40 69 109 -0.266055 31
4828 14 69 83 -0.662651 25
4829 24 96 120 -0.6 27
4830 15 86 101 -0.70297 23
4831 3 108 111 -0.945946 21
4832 47 51 98 -0.0408163 26
4833 11 79 90 -0.755556 25
4834 81 11 92 0.76087 27
4835 3 95 98 -0.938776 21
4836 65 37 102 0.27451 30
4837 113 10 123 0.837398 24
4838 56 25 81 0.382716 28
4839 23 65 88 -0.477273 24
4840 49 35 84 0.166667 31
4841 51 58 109 -0.0642202 29
4842 78 30 108 0.444444 27
4843 28 73 101 -0.445545 22
4844 26 75 101 -0.485149 28
4845 14 86 100 -0.72 29
4846 52 42 94 0.106383 23
4847 51 41 92 0.108696 31
4848 71 22 93 0.526882 30
4849 38 55 93 -0.182796 29
4850 63 33 96 0.3125 31
4851 39 33 72 0.0833333 25
4852 29 68 97 -0.402062 29
4853 104 12 116 0.793103 27
4854 29 66 95 -0.389474 28
4855 8 71 79 -0.797468 16
4856 16 104 120 -0.733333 20
4857 96 14 110 0.745455 24
4858 29 73 102 -0.431373 23
4859 62 30 92 0.347826 27
4860 30 66 96 -0.375 27
4861 54 40 94 0.148936 32
4862 125 12 137 0.824818 20
4863 77 53 130 0.184615 29
4864 49 50 99 -0.010101 25
4865 7 118 125 -0.888 23
4866 16 107 123 -0.739837 23
4867 47 45 92 0.0217391 25
4868 70 38 108 0.296296 24
4869 18 77 95 -0.621053 25
4870 66 46 112 0.178571 31
4871 40 61 101 -0.207921 28
4872 3 15 18 -0.666667 8
4873 45 58 103 -0.126214 30
4874 76 25 101 0.50495 32
4875 7 82 89 -0.842697 20
4876 37 69 106 -0.301887 28
4877 27 100 127 -0.574803 28
4878 59 28 87 0.356322 26
4879 4 80 84 -0.904762 20
4880 28 49 77 -0.272727 28
4881 59 57 116 0.0172414 34
4882 93 13 106 0.754717 28
4883 56 43 99 0.131313 30
4884 90 20 110 0.636364 24
4885 43 65 108 -0.203704 29
4886 54 55 109 -0.00917431 33
4887 4 72 76 -0.894737 17
4888 30 75 105 -0.428571 29
4889 49 43 92 0.0652174 25
4890 33 61 94 -0.297872 28
4891 83 10 93 0.784946 26
4892 78 22 100 0.56 23
4893 27 63 90 -0.4 29
4894 80 25 105 0.52381 26
4895 54 29 83 0.301205 27
4896 82 24 106 0.54717 28
4897 6 104 110 -0.890909 20
4898 45 54 99 -0.0909091 30
4899 98 9 107 0.831776 14
4900 21 59 80 -0.475 28
4901 9 103 112 -0.839286 19
4902 109 12 121 0.801653 26
4903 35 75 110 -0.363636 22
4904 59 32 91 0.296703 27
4905 49 35 84 0.166667 25
4906 9 119 128 -0.859375 24
4907 55 43 98 0.122449 28
4908 45 62 107 -0.158879 30
4909 101 10 111 0.81982 22
4910 53 29 82 0.292683 27
4911 133 20 153 0.738562 27
4912 65 70 135 -0.037037 34
4913 27 72 99 -0.454545 28
4914 28 65 93 -0.397849 23
4915 50 45 95 0.0526316 29
4916 131 3 134 0.955224 21
4917 42 12 54 0.555556 22
4918 84 13 97 0.731959 24
4919 45 58 103 -0.126214 29
4920 42 61 103 -0.184466 31
4921 40 60 100 -0.2 28
4922 146 2 148 0.972973 18
4923 92 7 99 0.858586 23
4924 6 96 102 -0.882353 25
4925 2 110 112 -0.964286 20
4926 92 29 121 0.520661 28
4927 46 53 99 -0.0707071 21
4928 63 31 94 0.340426 26
4929 7 94 101 -0.861386 20
4930 26 96 122 -0.57377 28
4931 18 12 30 0.2 17
4932 39 41 80 -0.025 22
4933 66 29 95 0.389474 23
4934 4 107 111 -0.927928 21
4935 51 51 102 0 27
4936 42 52 94 -0.106383 28
4937 57 51 108 0.0555556 28
4938 97 6 103 0.883495 24
4939 21 85 106 -0.603774 28
4940 23 70 93 -0.505376 24
4941 18 96 114 -0.684211 24
4942 28 93 121 -0.53719 29
4943 88 11 99 0.777778 21
4944 89 0 89 1 7
4945 65 47 112 0.160714 33
4946 58 49 107 0.0841121 27
4947 121 10 131 0.847328 26
4948 38 63 101 -0.247525 24
4949 119 4 123 0.934959 16
4950 11 88 99 -0.777778 26
4951 33 74 107 -0.383178 30
4952 24 126 150 -0.68 25
4953 86 12 98 0.755102 26
4954 12 107 119 -0.798319 22
4955 16 62 78 -0.589744 28
4956 105 7 112 0.875 19
4957 25 63 88 -0.431818 23
4958 15 81 96 -0.6875 24
4959 45 60 105 -0.142857 31
4960 74 11 85 0.741176 25
4961 91 31 122 0.491803 30
4962 18 99 117 -0.692308 24
4963 40 56 96 -0.166667 29
4964 13 77 90 -0.711111 22
4965 16 121 137 -0.766423 26
4966 38 59 97 -0.216495 27
4967 60 53 113 0.0619469 33
4968 71 13 84 0.690476 29
4969 5 113 118 -0.915254 23
4970 14 108 122 -0.770492 29
4971 5 112 117 -0.91453 23
4972 15 79 94 -0.680851 22
4973 13 91 104 -0.75 27
4974 11 45 56 -0.607143 24
4975 68 27 95 0.431579 24
4976 28 108 136 -0.588235 26
4977 40 50 90 -0.111111 29
4978 49 49 98 0 29
4979 45 57 102 -0.117647 32
4980 6 105 111 -0.891892 21
4981 53 44 97 0.0927835 31
4982 35 81 116 -0.396552 29
4983 34 65 99 -0.313131 27
4984 76 9 85 0.788235 26
4985 11 76 87 -0.747126 24
4986 44 35 79 0.113924 26
4987 25 43 68 -0.264706 30
4988 141 12 153 0.843137 22
4989 7 86 93 -0.849462 25
4990 80 12 92 0.73913 26
4991 111 9 120 0.85 23
4992 68 16 84 0.619048 27
4993 49 32 81 0.209877 29
4994 93 19 112 0.660714 28
4995 47 18 65 0.446154 16
4996 123 4 127 0.937008 20
4997 50 33 83 0.204819 24
4998 21 86 107 -0.607477 25
4999 22 50 72 -0.388889 25
5000 68 20 88 0.545455 19
5001 48 54 102 -0.0588235 26
5002 13 90 103 -0.747573 21
5003 142 12 154 0.844156 24
5004 71 37 108 0.314815 32
5005 16 71 87 -0.632184 22
5006 20 82 102 -0.607843 23
5007 45 38 83 0.0843373 25
5008 86 25 111 0.54955 25
5009 61 22 83 0.46988 22
5010 31 53 84 -0.261905 28
5011 12 99 111 -0.783784 22
5012 14 77 91 -0.692308 27
5013 43 43 86 0 26
5014 74 8 82 0.804878 25
5015 91 17 108 0.685185 30
5016 47 18 65 0.446154 24
5017 15 113 128 -0.765625 27
5018 19 93 112 -0.660714 28
5019 37 59 96 -0.229167 29
5020 57 22 79 0.443038 21
5021 66 15 81 0.62963 27
5022 132 5 137 0.927007 19
5023 82 34 116 0.413793 32
5024 19 114 133 -0.714286 26
5025 6 127 133 -0.909774 17
5026 20 103 123 -0.674797 22
5027 87 19 106 0.641509 19
5028 90 44 134 0.343284 26
5029 63 53 116 0.0862069 30
5030 101 7 108 0.87037 25
5031 15 60 75 -0.6 25
5032 34 43 77 -0.116883 28
5033 15 80 95 -0.684211 27
5034 74 5 79 0.873418 22
5035 100 7 107 0.869159 25
5036 91 22 113 0.610619 27
5037 20 72 92 -0.565217 27
5038 43 48 91 -0.0549451 29
5039 45 75 120 -0.25 23
5040 6 119 125 -0.904 21
5041 52 67 119 -0.12605 32
5042 104 22 126 0.650794 23
5043 8 83 91 -0.824176 25
5044 55 53 108 0.0185185 31
5045 86 13 99 0.737374 24
5046 26 65 91 -0.428571 25
5047 100 10 110 0.818182 22
5048 51 52 103 -0.00970874 33
5049 15 114 129 -0.767442 29
5050 39 61 100 -0.22 30
5051 69 31 100 0.38 30
5052 5 120 125 -0.92 18
5053 60 14 74 0.621622 24
5054 97 8 105 0.847619 20
5055 61 25 86 0.418605 26
5056 29 33 62 -0.0645161 27
5057 84 10 94 0.787234 25
5058 27 68 95 -0.431579 29
5059 13 137 150 -0.826667 27
5060 52 44 96 0.0833333 32
5061 58 57 115 0.00869565 27
5062 33 54 87 -0.241379 30
5063 85 10 95 0.789474 22
5064 113 10 123 0.837398 24
5065 46 41 87 0.0574713 34
5066 74 27 101 0.465347 24
5067 8 87 95 -0.831579 25
5068 13 29 42 -0.380952 15
5069 142 11 153 0.856209 19
5070 48 79 127 -0.244094 32
5071 37 52 89 -0.168539 26
5072 26 66 92 -0.434783 29
5073 53 47 100 0.06 30
5074 35 47 82 -0.146341 29
5075 14 113 127 -0.779528 18
5076 65 68 133 -0.0225564 30
5077 36 61 97 -0.257732 26
5078 33 60 93 -0.290323 31
5079 120 7 127 0.889764 23
5080 48 51 99 -0.030303 27
5081 39 51 90 -0.133333 30
5082 32 68 100 -0.36 25
5083 82 24 106 0.54717 29
5084 59 30 89 0.325843 23
5085 51 35 86 0.186047 29
5086 43 64 107 -0.196262 34
5087 55 43 98 0.122449 27
5088 17 83 100 -0.66 27
5089 11 87 98 -0.77551 25
5090 58 38 96 0.208333 25
5091 25 45 70 -0.285714 25
5092 28 66 94 -0.404255 24
5093 20 87 107 -0.626168 27
5094 24 80 104 -0.538462 30
5095 120 3 123 0.95122 21
5096 30 83 113 -0.469027 28
5097 45 45 90 0 33
5098 20 59 79 -0.493671 23
5099 24 88 112 -0.571429 31
5100 29 67 96 -0.395833 31
5101 16 91 107 -0.700935 27
5102 38 65 103 -0.262136 33
5103 31 75 106 -0.415094 23
5104 51 56 107 -0.046729 27
5105 18 83 101 -0.643564 25
5106 115 5 120 0.916667 19
5107 51 57 108 -0.0555556 22
5108 47 39 86 0.0930233 30
5109 36 39 75 -0.04 28
5110 92 35 127 0.448819 24
5111 12 88 100 -0.76 28
5112 92 13 105 0.752381 20
5113 108 5 113 0.911504 17
5114 60 22 82 0.463415 28
5115 41 67 108 -0.240741 25
5116 91 5 96 0.895833 15
5117 56 57 113 -0.00884956 26
5118 9 90 99 -0.818182 19
5119 1 132 133 -0.984962 12
5120 81 40 121 0.338843 29
5121 13 92 105 -0.752381 25
5122 89 17 106 0.679245 29
5123 14 76 90 -0.688889 27
5124 7 117 124 -0.887097 20
5125 18 55 73 -0.506849 22
5126 68 21 89 0.52809 24
5127 16 96 112 -0.714286 28
5128 3 95 98 -0.938776 21
5129 20 82 102 -0.607843 29
5130 0 57 57 -1 17
5131 23 84 107 -0.570093 28
5132 98 24 122 0.606557 30
5133 14 84 98 -0.714286 27
5134 71 46 117 0.213675 30
5135 64 20 84 0.52381 20
5136 72 26 98 0.469388 24
5137 44 28 72 0.222222 23
5138 17 105 122 -0.721311 29
5139 29 90 119 -0.512605 28
5140 65 44 109 0.192661 28
5141 104 14 118 0.762712 25
5142 19 59 78 -0.512821 25
5143 50 40 90 0.111111 32
5144 152 10 162 0.876543 25
5145 100 21 121 0.652893 29
5146 51 66 117 -0.128205 30
5147 8 87 95 -0.831579 25
5148 61 42 103 0.184466 27
5149 65 60 125 0.04 27
5150 83 20 103 0.61165 28
5151 43 81 124 -0.306452 30
5152 32 22 54 0.185185 23
5153 106 24 130 0.630769 26
5154 42 49 91 -0.0769231 26
5155 89 8 97 0.835052 23
5156 102 13 115 0.773913 24
5157 72 20 92 0.565217 21
5158 56 49 105 0.0666667 29
5159 28 66 94 -0.404255 30
5160 77 18 95 0.621053 25
5161 29 90 119 -0.512605 25
5162 54 42 96 0.125 27
5163 39 105 144 -0.458333 31
5164 94 8 102 0.843137 26
5165 66 19 85 0.552941 25
5166 87 5 92 0.891304 23
5167 27 62 89 -0.393258 32
5168 13 130 143 -0.818182 22
5169 17 65 82 -0.585366 26
5170 129 6 135 0.911111 22
5171 58 6 64 0.8125 20
5172 40 60 100 -0.2 34
5173 116 10 126 0.84127 24
5174 70 6 76 0.842105 20
5175 55 6 61 0.803279 23
5176 54 56 110 -0.0181818 29
5177 63 9 72 0.75 23
5178 140 7 147 0.904762 22
5179 25 72 97 -0.484536 29
5180 95 20 115 0.652174 24
5181 19 122 141 -0.730496 30
5182 50 49 99 0.010101 35
5183 21 70 91 -0.538462 30
5184 102 5 107 0.906542 21
5185 69 34 103 0.339806 31
5186 55 49 104 0.0576923 33
5187 73 11 84 0.738095 24
5188 6 73 79 -0.848101 24
5189 60 29 89 0.348315 31
5190 46 53 99 -0.0707071 24
5191 47 46 93 0.0107527 23
5192 27 82 109 -0.504587 28
5193 7 97 104 -0.865385 19
5194 55 39 94 0.170213 25
5195 61 45 106 0.150943 27
5196 3 82 85 -0.929412 21
5197 49 56 105 -0.0666667 30
5198 108 9 117 0.846154 25
5199 77 16 93 0.655914 26
5200 94 39 133 0.413534 32
5201 51 24 75 0.36 23
5202 64 48 112 0.142857 27
5203 6 115 121 -0.900826 23
5204 13 107 120 -0.783333 21
5205 58 51 109 0.0642202 27
5206 2 108 110 -0.963636 19
5207 15 97 112 -0.732143 23
5208 4 126 130 -0.938462 19
5209 45 66 111 -0.189189 30
5210 21 83 104 -0.596154 28
5211 32 45 77 -0.168831 34
5212 40 54 94 -0.148936 31
5213 60 42 102 0.176471 26
5214 69 30 99 0.393939 25
5215 45 53 98 -0.0816327 27
5216 53 25 78 0.358974 23
5217 41 49 90 -0.0888889 32
5218 36 66 102 -0.294118 27
5219 61 37 98 0.244898 31
5220 101 15 116 0.741379 26
5221 25 70 95 -0.473684 30
5222 23 73 96 -0.520833 30
5223 54 39 93 0.16129 29
5224 90 22 112 0.607143 24
5225 18 101 119 -0.697479 21
5226 40 68 108 -0.259259 27
5227 29 45 74 -0.216216 22
5228 62 48 110 0.127273 26
5229 43 48 91 -0.0549451 24
5230 39 54 93 -0.16129 28
5231 35 58 93 -0.247312 30
5232 17 98 115 -0.704348 30
5233 3 76 79 -0.924051 20
5234 108 29 137 0.576642 31
5235 29 48 77 -0.246753 25
5236 115 4 119 0.932773 18
5237 56 47 103 0.0873786 27
5238 13 102 115 -0.773913 19
5239 28 65 93 -0.397849 24
5240 26 78 104 -0.5 29
5241 59 34 93 0.268817 27
5242 156 6 162 0.925926 15
5243 75 24 99 0.515152 26
5244 79 31 110 0.436364 22
5245 9 82 91 -0.802198 24
5246 93 22 115 0.617391 27
5247 68 36 104 0.307692 28
5248 20 84 104 -0.615385 27
5249 17 34 51 -0.333333 25
5250 7 60 67 -0.791045 17
5251 23 82 105 -0.561905 26
5252 45 51 96 -0.0625 33
5253 37 47 84 -0.119048 26
5254 103 13 116 0.775862 27
5255 57 6 63 0.809524 22
5256 24 84 108 -0.555556 27
5257 64 28 92 0.391304 26
5258 99 5 104 0.903846 23
5259 41 60 101 -0.188119 35
5260 105 6 111 0.891892 20
5261 37 68 105 -0.295238 31
5262 10 108 118 -0.830508 21
5263 152 16 168 0.809524 23
5264 65 15 80 0.625 27
5265 56 26 82 0.365854 29
5266 54 31 85 0.270588 25
5267 63 34 97 0.298969 33
5268 18 128 146 -0.753425 27
5269 13 74 87 -0.701149 27
5270 123 6 129 0.906977 23
5271 21 66 87 -0.517241 24
5272 87 7 94 0.851064 19
5273 35 36 71 -0.0140845 24
5274 100 26 126 0.587302 29
5275 8 111 119 -0.865546 18
5276 32 54 86 -0.255814 24
5277 11 97 108 -0.796296 23
5278 32 75 107 -0.401869 28
5279 69 25 94 0.468085 30
5280 18 59 77 -0.532468 28
5281 99 5 104 0.903846 24
5282 43 65 108 -0.203704 31
5283 91 16 107 0.700935 29
5284 87 25 112 0.553571 25
5285 8 94 102 -0.843137 24
5286 122 17 139 0.755396 18
5287 81 15 96 0.6875 20
5288 48 57 105 -0.0857143 32
5289 35 81 116 -0.396552 26
5290 62 58 120 0.0333333 32
5291 28 52 80 -0.3 26
5292 9 59 68 -0.735294 22
5293 67 31 98 0.367347 29
5294 45 41 86 0.0465116 26
5295 103 4 107 0.925234 22
5296 54 54 108 0 31
5297 83 22 105 0.580952 28
5298 32 75 107 -0.401869 32
5299 71 47 118 0.20339 29
5300 53 45 98 0.0816327 31
5301 7 149 156 -0.910256 20
5302 45 72 117 -0.230769 35
5303 88 21 109 0.614679 30
5304 15 88 103 -0.708738 26
5305 35 89 124 -0.435484 29
5306 99 21 120 0.65 30
5307 16 69 85 -0.623529 23
5308 37 68 105 -0.295238 32
5309 14 95 109 -0.743119 26
5310 23 101 124 -0.629032 28
5311 12 108 120 -0.8 24
5312 27 20 47 0.148936 14
5313 16 89 105 -0.695238 26
5314 87 26 113 0.539823 26
5315 71 37 108 0.314815 32
5316 62 45 107 0.158879 30
5317 37 63 100 -0.26 26
5318 46 64 110 -0.163636 31
5319 84 10 94 0.787234 25
5320 41 78 119 -0.310924 27
5321 53 47 100 0.06 31
5322 35 48 83 -0.156627 35
5323 55 19 74 0.486486 25
5324 36 66 102 -0.294118 26
5325 21 85 106 -0.603774 26
5326 11 89 100 -0.78 23
5327 87 16 103 0.68932 27
5328 19 97 116 -0.672414 23
5329 107 18 125 0.712 26
5330 18 24 42 -0.142857 20
5331 7 126 133 -0.894737 19
5332 72 42 114 0.263158 29
5333 45 63 108 -0.166667 25
5334 28 36 64 -0.125 24
5335 36 47 83 -0.13253 25
5336 92 28 120 0.533333 29
5337 99 19 118 0.677966 27
5338 43 48 91 -0.0549451 30
5339 0 86 86 -1 17
5340 141 3 144 0.958333 20
5341 50 60 110 -0.0909091 32
5342 51 52 103 -0.00970874 26
5343 77 5 82 0.878049 20
5344 20 94 114 -0.649123 23
5345 9 139 148 -0.878378 25
5346 122 20 142 0.71831 26
5347 80 41 121 0.322314 29
5348 72 18 90 0.6 23
5349 60 53 113 0.0619469 32
5350 32 44 76 -0.157895 26
5351 77 8 85 0.811765 23
5352 61 30 91 0.340659 27
5353 62 29 91 0.362637 26
5354 80 27 107 0.495327 26
5355 12 97 109 -0.779817 24
5356 59 46 105 0.12381 29
5357 13 84 97 -0.731959 25
5358 50 43 93 0.0752688 29
5359 27 38 65 -0.169231 29
5360 74 23 97 0.525773 31
5361 35 51 86 -0.186047 31
5362 61 47 108 0.12963 33
5363 83 34 117 0.418803 29
5364 20 89 109 -0.633028 23
5365 23 77 100 -0.54 25
5366 71 43 114 0.245614 29
5367 45 38 83 0.0843373 29
5368 43 26 69 0.246377 22
5369 66 9 75 0.76 24
5370 66 31 97 0.360825 32
5371 101 20 121 0.669421 28
5372 45 56 101 -0.108911 28
5373 14 99 113 -0.752212 24
5374 16 113 129 -0.751938 25
5375 47 49 96 -0.0208333 29
5376 93 18 111 0.675676 26
5377 113 12 125 0.808 25
5378 18 82 100 -0.64 23
5379 107 19 126 0.698413 21
5380 43 37 80 0.075 25
5381 15 100 115 -0.73913 24
5382 52 34 86 0.209302 28
5383 7 115 122 -0.885246 21
5384 13 65 78 -0.666667 21
5385 5 88 93 -0.892473 21
5386 20 61 81 -0.506173 26
5387 67 45 112 0.196429 31
5388 16 116 132 -0.757576 22
5389 3 116 119 -0.94958 22
5390 15 33 48 -0.375 19
5391 22 87 109 -0.59633 30
5392 72 25 97 0.484536 27
5393 16 27 43 -0.255814 15
5394 90 15 105 0.714286 25
5395 94 18 112 0.678571 28
5396 124 8 132 0.878788 19
5397 74 31 105 0.409524 26
5398 15 122 137 -0.781022 25
5399 50 49 99 0.010101 26
5400 45 72 117 -0.230769 28
5401 92 8 100 0.84 24
5402 23 61 84 -0.452381 25
5403 59 26 85 0.388235 29
5404 24 68 92 -0.478261 28
5405 96 18 114 0.684211 31
5406 49 54 103 -0.0485437 27
5407 67 28 95 0.410526 15
5408 119 8 127 0.874016 23
5409 65 8 73 0.780822 24
5410 23 82 105 -0.561905 26
5411 31 49 80 -0.225 30
5412 81 21 102 0.588235 25
5413 117 11 128 0.828125 27
5414 0 129 129 -1 18
5415 28 66 94 -0.404255 26
5416 27 72 99 -0.454545 31
5417 40 59 99 -0.191919 30
5418 80 21 101 0.584158 29
5419 69 50 119 0.159664 30
5420 42 63 105 -0.2 26
5421 141 10 151 0.86755 24
5422 16 54 70 -0.542857 25
5423 11 4 15 0.466667 7
5424 13 113 126 -0.793651 27
5425 107 14 121 0.768595 26
5426 84 24 108 0.555556 30
5427 141 6 147 0.918367 15
5428 10 107 117 -0.82906 26
5429 71 40 111 0.279279 28
5430 15 92 107 -0.719626 23
5431 50 84 134 -0.253731 29
5432 37 101 138 -0.463768 27
5433 12 104 116 -0.793103 20
5434 106 6 112 0.892857 20
5435 65 40 105 0.238095 25
5436 77 22 99 0.555556 23
5437 3 25 28 -0.785714 13
5438 88 28 116 0.517241 29
5439 71 42 113 0.256637 31
5440 93 3 96 0.9375 20
5441 75 27 102 0.470588 28
5442 32 100 132 -0.515152 23
5443 55 77 132 -0.166667 34
5444 28 76 104 -0.461538 28
5445 81 9 90 0.8 25
5446 70 31 101 0.386139 30
5447 32 77 109 -0.412844 28
5448 71 20 91 0.56044 22
5449 51 10 61 0.672131 23
5450 34 91 125 -0.456 34
5451 30 75 105 -0.428571 31
5452 20 88 108 -0.62963 29
5453 16 104 120 -0.733333 29
5454 50 32 82 0.219512 28
5455 99 8 107 0.850467 23
5456 98 21 119 0.647059 25
5457 25 85 110 -0.545455 28
5458 80 9 89 0.797753 22
5459 54 47 101 0.0693069 32
5460 76 32 108 0.407407 31
5461 28 83 111 -0.495495 28
5462 13 79 92 -0.717391 26
5463 121 5 126 0.920635 23
5464 77 21 98 0.571429 27
5465 49 32 81 0.209877 33
5466 82 21 103 0.592233 29
5467 44 54 98 -0.102041 34
5468 99 11 110 0.8 24
5469 126 6 132 0.909091 17
5470 91 47 138 0.318841 36
5471 120 10 130 0.846154 23
5472 67 7 74 0.810811 18
5473 82 39 121 0.355372 31
5474 56 64 120 -0.0666667 27
5475 22 68 90 -0.511111 29
5476 12 88 100 -0.76 26
5477 81 20 101 0.60396 22
5478 75 19 94 0.595745 24
5479 44 52 96 -0.0833333 29
5480 46 51 97 -0.0515464 27
5481 7 95 102 -0.862745 25
5482 18 49 67 -0.462687 25
5483 134 11 145 0.848276 25
5484 59 28 87 0.356322 27
5485 93 26 119 0.563025 26
5486 70 9 79 0.772152 23
5487 16 84 100 -0.68 26
5488 54 43 97 0.113402 28
5489 48 47 95 0.0105263 28
5490 48 43 91 0.0549451 30
5491 4 95 99 -0.919192 20
5492 62 21 83 0.493976 26
5493 68 24 92 0.478261 24
5494 90 6 96 0.875 22
5495 0 4 4 -1 2
5496 79 42 121 0.305785 25
5497 12 106 118 -0.79661 26
5498 52 71 123 -0.154472 33
5499 62 19 81 0.530864 20
5500 102 10 112 0.821429 27
5501 20 85 105 -0.619048 27
5502 94 11 105 0.790476 25
5503 32 95 127 -0.496063 20
5504 40 58 98 -0.183673 27
5505 17 71 88 -0.613636 25
5506 44 64 108 -0.185185 25
5507 89 10 99 0.79798 24
5508 38 84 122 -0.377049 31
5509 5 96 101 -0.90099 23
5510 9 68 77 -0.766234 19
5511 31 46 77 -0.194805 28
5512 31 90 121 -0.487603 26
5513 30 72 102 -0.411765 29
5514 22 94 116 -0.62069 32
5515 44 48 92 -0.0434783 27
5516 3 120 123 -0.95122 15
5517 111 9 120 0.85 25
5518 47 32 79 0.189873 31
5519 33 54 87 -0.241379 25
5520 10 78 88 -0.772727 26
5521 123 6 129 0.906977 22
5522 39 59 98 -0.204082 27
5523 27 25 52 0.0384615 21
5524 13 22 35 -0.257143 14
5525 14 71 85 -0.670588 26
5526 49 46 95 0.0315789 24
5527 27 74 101 -0.465347 27
5528 24 76 100 -0.52 26
5529 33 54 87 -0.241379 28
5530 22 100 122 -0.639344 28
5531 51 55 106 -0.0377358 30
5532 75 6 81 0.851852 22
5533 44 76 120 -0.266667 33
5534 58 40 98 0.183673 33
5535 81 22 103 0.572816 28
5536 22 88 110 -0.6 28
5537 5 94 99 -0.89899 21
5538 55 28 83 0.325301 23
5539 72 25 97 0.484536 32
5540 66 42 108 0.222222 29
5541 5 103 108 -0.907407 18
5542 94 11 105 0.790476 24
5543 33 64 97 -0.319588 31
5544 33 55 88 -0.25 27
5545 16 86 102 -0.686275 27
5546 107 15 122 0.754098 29
5547 35 39 74 -0.0540541 22
5548 6 143 149 -0.919463 23
5549 18 77 95 -0.621053 18
5550 44 47 91 -0.032967 25
5551 33 78 111 -0.405405 30
5552 68 32 100 0.36 26
5553 4 125 129 -0.937984 22
5554 61 33 94 0.297872 29
5555 57 38 95 0.2 28
5556 21 73 94 -0.553191 28
5557 35 62 97 -0.278351 31
5558 95 9 104 0.826923 25
5559 93 19 112 0.660714 28
5560 21 85 106 -0.603774 28
5561 47 53 100 -0.06 30
5562 16 87 103 -0.68932 28
5563 65 42 107 0.214953 32
5564 5 130 135 -0.925926 19
5565 73 30 103 0.417476 29
5566 6 47 53 -0.773585 14
5567 77 29 106 0.45283 27
5568 16 60 76 -0.578947 22
5569 80 32 112 0.428571 28
5570 84 3 87 0.931034 18
5571 47 2 49 0.918367 13
5572 69 38 107 0.28972 31
5573 50 37 87 0.149425 26
5574 34 59 93 -0.268817 27
5575 77 36 113 0.362832 29
5576 62 49 111 0.117117 31
5577 40 43 83 -0.0361446 26
5578 58 33 91 0.274725 25
5579 6 104 110 -0.890909 24
5580 74 39 113 0.309735 28
5581 79 7 86 0.837209 16
5582 73 43 116 0.258621 30
5583 26 98 124 -0.580645 30
5584 6 67 73 -0.835616 21
5585 66 33 99 0.333333 24
5586 129 4 133 0.93985 12
5587 4 101 105 -0.92381 14
5588 35 61 96 -0.270833 29
5589 29 52 81 -0.283951 28
5590 65 28 93 0.397849 31
5591 111 13 124 0.790323 28
5592 107 5 112 0.910714 24
5593 77 4 81 0.901235 20
5594 21 72 93 -0.548387 24
5595 53 49 102 0.0392157 35
5596 29 42 71 -0.183099 29
5597 23 49 72 -0.361111 27
5598 103 14 117 0.760684 27
5599 118 14 132 0.787879 26
5600 104 18 122 0.704918 28
5601 98 21 119 0.647059 21
5602 97 24 121 0.603306 25
5603 30 72 102 -0.411765 27
5604 18 75 93 -0.612903 22
5605 76 22 98 0.55102 25
5606 19 74 93 -0.591398 28
5607 30 81 111 -0.459459 26
5608 3 108 111 -0.945946 18
5609 47 31 78 0.205128 29
5610 10 106 116 -0.827586 22
5611 22 81 103 -0.572816 22
5612 92 1 93 0.978495 20
5613 39 16 55 0.418182 26
5614 78 23 101 0.544554 29
5615 45 56 101 -0.108911 27
5616 72 25 97 0.484536 29
5617 30 83 113 -0.469027 25
5618 34 67 101 -0.326733 34
5619 54 27 81 0.333333 32
5620 6 76 82 -0.853659 18
5621 82 32 114 0.438596 26
5622 45 43 88 0.0227273 25
5623 15 78 93 -0.677419 22
5624 135 6 141 0.914894 22
5625 6 81 87 -0.862069 13
5626 34 73 107 -0.364486 24
5627 15 101 116 -0.741379 23
5628 7 88 95 -0.852632 20
5629 4 105 109 -0.926606 20
5630 39 82 121 -0.355372 29
5631 86 20 106 0.622642 31
5632 82 17 99 0.656566 24
5633 45 30 75 0.2 29
5634 21 71 92 -0.543478 23
5635 11 116 127 -0.826772 19
5636 25 51 76 -0.342105 22
5637 1 53 54 -0.962963 12
5638 94 4 98 0.918367 18
5639 26 76 102 -0.490196 30
5640 54 38 92 0.173913 27
5641 17 92 109 -0.688073 22
5642 23 69 92 -0.5 24
5643 43 35 78 0.102564 29
5644 57 71 128 -0.109375 33
5645 21 57 78 -0.461538 26
5646 124 5 129 0.922481 19
5647 53 53 106 0 32
5648 48 56 104 -0.0769231 25
5649 86 38 124 0.387097 29
5650 20 61 81 -0.506173 26
5651 69 31 100 0.38 28
5652 66 45 111 0.189189 28
5653 39 55 94 -0.170213 28
5654 23 96 119 -0.613445 29
5655 17 113 130 -0.738462 23
5656 62 46 108 0.148148 25
5657 23 89 112 -0.589286 24
5658 9 110 119 -0.848739 24
5659 25 65 90 -0.444444 21
5660 60 42 102 0.176471 31
5661 20 71 91 -0.56044 26
5662 25 67 92 -0.456522 28
5663 38 60 98 -0.22449 29
5664 67 41 108 0.240741 32
5665 67 16 83 0.614458 27
5666 40 50 90 -0.111111 28
5667 14 51 65 -0.569231 22
5668 73 36 109 0.33945 30
5669 73 23 96 0.520833 25
5670 9 26 35 -0.485714 16
5671 16 86 102 -0.686275 28
5672 101 20 121 0.669421 24
5673 27 59 86 -0.372093 28
5674 65 25 90 0.444444 30
5675 2 124 126 -0.968254 14
5676 52 31 83 0.253012 25
5677 8 97 105 -0.847619 22
5678 6 75 81 -0.851852 20
5679 17 93 110 -0.690909 27
5680 46 42 88 0.0454545 26
5681 70 35 105 0.333333 31
5682 27 74 101 -0.465347 20
5683 27 81 108 -0.5 25
5684 17 70 87 -0.609195 29
5685 44 64 108 -0.185185 30
5686 108 17 125 0.728 29
5687 80 45 125 0.28 34
5688 23 67 90 -0.488889 26
5689 31 55 86 -0.27907 20
5690 36 36 72 0 16
5691 81 11 92 0.76087 23
5692 22 58 80 -0.45 26
5693 85 21 106 0.603774 28
5694 89 12 101 0.762376 25
5695 38 64 102 -0.254902 28
5696 34 65 99 -0.313131 30
5697 78 33 111 0.405405 32
5698 62 30 92 0.347826 27
5699 44 40 84 0.047619 31
5700 47 53 100 -0.06 32
5701 52 26 78 0.333333 24
5702 79 23 102 0.54902 27
5703 34 83 117 -0.418803 33
5704 31 49 80 -0.225 26
5705 12 99 111 -0.783784 27
5706 62 55 117 0.0598291 30
5707 60 28 88 0.363636 27
5708 19 79 98 -0.612245 23
5709 14 104 118 -0.762712 29
5710 79 20 99 0.59596 29
5711 108 7 115 0.878261 22
5712 88 8 96 0.833333 18
5713 19 64 83 -0.542169 28
5714 41 37 78 0.0512821 29
5715 107 6 113 0.893805 23
5716 48 36 84 0.142857 30
5717 81 27 108 0.5 32
5718 83 15 98 0.693878 23
5719 57 40 97 0.175258 29
5720 21 76 97 -0.56701 27
5721 18 89 107 -0.663551 28
5722 14 81 95 -0.705263 22
5723 4 87 91 -0.912088 19
5724 86 15 101 0.70297 28
5725 97 4 101 0.920792 17
5726 65 10 75 0.733333 23
5727 39 53 92 -0.152174 22
5728 70 42 112 0.25 26
5729 20 54 74 -0.459459 24
5730 12 110 122 -0.803279 27
5731 20 67 87 -0.54023 26
5732 80 33 113 0.415929 29
5733 82 26 108 0.518519 30
5734 11 127 138 -0.84058 19
5735 54 33 87 0.241379 30
5736 21 103 124 -0.66129 25
5737 6 111 117 -0.897436 25
5738 4 101 105 -0.92381 23
5739 61 21 82 0.487805 24
5740 89 11 100 0.78 25
5741 96 17 113 0.699115 30
5742 42 74 116 -0.275862 31
5743 101 22 123 0.642276 28
5744 58 51 109 0.0642202 34
5745 3 128 131 -0.954198 16
5746 10 101 111 -0.81982 22
5747 28 75 103 -0.456311 27
5748 51 37 88 0.159091 27
5749 12 114 126 -0.809524 26
5750 51 38 89 0.146067 28
5751 49 19 68 0.441176 25
5752 11 83 94 -0.765957 22
5753 43 43 86 0 26
5754 12 80 92 -0.73913 26
5755 55 35 90 0.222222 22
5756 83 13 96 0.729167 23
5757 14 81 95 -0.705263 26
5758 18 122 140 -0.742857 25
5759 83 27 110 0.509091 31
5760 47 65 112 -0.160714 32
5761 64 23 87 0.471264 26
5762 153 1 154 0.987013 16
5763 3 59 62 -0.903226 15
5764 59 46 105 0.12381 35
5765 62 24 86 0.44186 27
5766 43 57 100 -0.14 21
5767 16 31 47 -0.319149 21
5768 91 10 101 0.80198 25
5769 5 101 106 -0.90566 22
5770 70 67 137 0.0218978 28
5771 68 28 96 0.416667 25
5772 31 47 78 -0.205128 24
5773 68 14 82 0.658537 23
5774 55 45 100 0.1 28
5775 25 60 85 -0.411765 27
5776 107 5 112 0.910714 21
5777 10 101 111 -0.81982 25
5778 31 72 103 -0.398058 30
5779 85 31 116 0.465517 32
5780 59 37 96 0.229167 25
5781 17 83 100 -0.66 26
5782 120 9 129 0.860465 15
5783 87 18 105 0.657143 28
5784 9 113 122 -0.852459 26
5785 67 41 108 0.240741 29
5786 62 49 111 0.117117 36
5787 38 63 101 -0.247525 28
5788 42 28 70 0.2 23
5789 3 104 107 -0.943925 19
5790 43 60 103 -0.165049 26
5791 32 61 93 -0.311828 31
5792 77 39 116 0.327586 34
5793 112 7 119 0.882353 20
5794 18 87 105 -0.657143 25
5795 26 8 34 0.529412 22
5796 18 55 73 -0.506849 25
5797 30 41 71 -0.15493 20
5798 144 6 150 0.92 16
5799 65 55 120 0.0833333 25
5800 70 31 101 0.386139 29
5801 16 104 120 -0.733333 25
5802 43 47 90 -0.0444444 27
5803 64 18 82 0.560976 24
5804 16 79 95 -0.663158 28
5805 65 32 97 0.340206 28
5806 42 55 97 -0.134021 28
5807 46 50 96 -0.0416667 29
5808 7 102 109 -0.87156 20
5809 112 13 125 0.792 24
5810 87 31 118 0.474576 32
5811 99 12 111 0.783784 23
5812 39 49 88 -0.113636 30
5813 48 57 105 -0.0857143 26
5814 88 4 92 0.913043 23
5815 39 49 88 -0.113636 23
5816 18 121 139 -0.741007 22
5817 26 52 78 -0.333333 29
5818 10 95 105 -0.809524 24
5819 25 75 100 -0.5 26
5820 133 13 146 0.821918 24
5821 34 60 94 -0.276596 31
5822 80 33 113 0.415929 35
5823 117 24 141 0.659574 28
5824 11 103 114 -0.807018 23
5825 86 33 119 0.445378 30
5826 30 61 91 -0.340659 35
5827 83 9 92 0.804348 25
5828 22 92 114 -0.614035 27
5829 74 17 91 0.626374 25
5830 3 160 163 -0.96319 13
5831 51 58 109 -0.0642202 24
5832 82 32 114 0.438596 26
5833 30 88 118 -0.491525 25
5834 36 77 113 -0.362832 32
5835 18 62 80 -0.55 25
5836 29 62 91 -0.362637 24
5837 96 16 112 0.714286 21
5838 71 20 91 0.56044 27
5839 68 43 111 0.225225 32
5840 5 78 83 -0.879518 20
5841 49 62 111 -0.117117 32
5842 9 109 118 -0.847458 25
5843 39 80 119 -0.344538 27
5844 45 79 124 -0.274194 30
5845 69 52 121 0.140496 27
5846 8 98 106 -0.849057 17
5847 48 24 72 0.333333 26
5848 128 18 146 0.753425 25
5849 9 77 86 -0.790698 26
5850 67 31 98 0.367347 28
5851 27 72 99 -0.454545 20
5852 52 45 97 0.0721649 28
5853 73 37 110 0.327273 23
5854 59 42 101 0.168317 25
5855 3 97 100 -0.94 22
5856 69 24 93 0.483871 22
5857 71 34 105 0.352381 31
5858 45 54 99 -0.0909091 34
5859 7 107 114 -0.877193 19
5860 68 24 92 0.478261 29
5861 23 89 112 -0.589286 30
5862 88 7 95 0.852632 23
5863 30 57 87 -0.310345 27
5864 29 72 101 -0.425743 25
5865 50 47 97 0.0309278 32
5866 12 139 151 -0.84106 21
5867 59 48 107 0.102804 28
5868 35 37 72 -0.0277778 26
5869 32 60 92 -0.304348 26
5870 51 55 106 -0.0377358 30
5871 31 87 118 -0.474576 27
5872 28 53 81 -0.308642 27
5873 21 124 145 -0.710345 27
5874 132 6 138 0.913043 22
5875 40 58 98 -0.183673 32
5876 43 50 93 -0.0752688 26
5877 10 7 17 0.176471 8
5878 95 28 123 0.544715 30
5879 6 117 123 -0.902439 23
5880 6 41 47 -0.744681 16
5881 33 64 97 -0.319588 28
5882 40 67 107 -0.252336 32
5883 9 38 47 -0.617021 19
5884 97 29 126 0.539683 30
5885 64 6 70 0.828571 18
5886 35 90 125 -0.44 28
5887 83 33 116 0.431034 27
5888 20 67 87 -0.54023 27
5889 88 14 102 0.72549 23
5890 34 14 48 0.416667 18
5891 72 20 92 0.565217 27
5892 63 38 101 0.247525 25
5893 25 31 56 -0.107143 19
5894 50 59 109 -0.0825688 25
5895 33 1 34 0.941176 12
5896 73 40 113 0.292035 36
5897 108 5 113 0.911504 20
5898 40 57 97 -0.175258 32
5899 59 40 99 0.191919 28
5900 21 33 54 -0.222222 21
5901 113 11 124 0.822581 23
5902 89 14 103 0.728155 27
5903 20 53 73 -0.452055 28
5904 32 56 88 -0.272727 21
5905 10 106 116 -0.827586 27
5906 27 13 40 0.35 17
5907 7 68 75 -0.813333 19
5908 42 12 54 0.555556 23
5909 112 24 136 0.647059 29
5910 16 91 107 -0.700935 28
5911 102 21 123 0.658537 28
5912 6 105 111 -0.891892 24
5913 93 36 129 0.44186 28
5914 37 88 125 -0.408 27
5915 29 50 79 -0.265823 29
5916 83 13 96 0.729167 27
5917 130 10 140 0.857143 23
5918 108 12 120 0.8 26
5919 102 29 131 0.557252 28
5920 31 43 74 -0.162162 29
5921 25 69 94 -0.468085 24
5922 70 42 112 0.25 26
5923 87 17 104 0.673077 26
5924 5 68 73 -0.863014 16
5925 32 73 105 -0.390476 28
5926 36 49 85 -0.152941 27
5927 31 53 84 -0.261905 25
5928 28 84 112 -0.5 24
5929 66 12 78 0.692308 22
5930 24 68 92 -0.478261 29
5931 49 36 85 0.152941 32
5932 23 91 114 -0.596491 27
5933 14 87 101 -0.722772 26
5934 22 74 96 -0.541667 26
5935 16 113 129 -0.751938 24
5936 83 18 101 0.643564 27
5937 20 89 109 -0.633028 28
5938 58 38 96 0.208333 26
5939 22 74 96 -0.541667 28
5940 74 40 114 0.298246 28
5941 43 50 93 -0.0752688 31
5942 72 43 115 0.252174 31
5943 26 56 82 -0.365854 26
5944 68 9 77 0.766234 21
5945 31 67 98 -0.367347 30
5946 4 109 113 -0.929204 17
5947 127 8 135 0.881481 24
5948 10 76 86 -0.767442 26
5949 60 43 103 0.165049 33
5950 14 84 98 -0.714286 27
5951 89 18 107 0.663551 26
5952 37 55 92 -0.195652 29
5953 80 21 101 0.584158 28
5954 44 79 123 -0.284553 30
5955 33 65 98 -0.326531 26
5956 81 17 98 0.653061 29
5957 15 12 27 0.111111 12
5958 99 8 107 0.850467 22
5959 52 37 89 0.168539 31
5960 57 26 83 0.373494 29
5961 55 54 109 0.00917431 28
5962 83 30 113 0.469027 30
5963 89 15 104 0.711538 27
5964 5 54 59 -0.830508 22
5965 142 4 146 0.945205 19
5966 13 126 139 -0.81295 23
5967 32 63 95 -0.326316 32
5968 48 36 84 0.142857 25
5969 85 35 120 0.416667 21
5970 83 31 114 0.45614 31
5971 6 103 109 -0.889908 24
5972 43 52 95 -0.0947368 31
5973 82 49 131 0.251908 28
5974 64 20 84 0.52381 22
5975 122 5 127 0.92126 23
5976 21 92 113 -0.628319 29
5977 34 72 106 -0.358491 28
5978 9 90 99 -0.818182 26
5979 102 5 107 0.906542 22
5980 11 125 136 -0.838235 26
5981 28 114 142 -0.605634 20
5982 32 42 74 -0.135135 24
5983 130 6 136 0.911765 22
5984 13 130 143 -0.818182 21
5985 64 45 109 0.174312 27
5986 61 32 93 0.311828 30
5987 136 2 138 0.971014 20
5988 25 55 80 -0.375 29
5989 25 53 78 -0.358974 25
5990 51 31 82 0.243902 29
5991 41 47 88 -0.0681818 28
5992 40 79 119 -0.327731 29
5993 98 18 116 0.689655 22
5994 109 14 123 0.772358 26
5995 26 92 118 -0.559322 23
5996 23 78 101 -0.544554 29
5997 31 87 118 -0.474576 30
5998 81 26 107 0.514019 25
5999 55 57 112 -0.0178571 31
6000 53 49 102 0.0392157 30
6001 16 87 103 -0.68932 25
6002 14 130 144 -0.805556 23
6003 32 62 94 -0.319149 26
6004 64 33 97 0.319588 29
6005 20 92 112 -0.642857 24
6006 17 94 111 -0.693694 23
6007 35 70 105 -0.333333 23
6008 59 33 92 0.282609 30
6009 91 17 108 0.685185 25
6010 120 13 133 0.804511 23
6011 102 8 110 0.854545 24
6012 31 73 104 -0.403846 26
6013 36 62 98 -0.265306 30
6014 56 52 108 0.037037 31
6015 63 21 84 0.5 23
6016 137 5 142 0.929577 21
6017 10 105 115 -0.826087 25
6018 15 82 97 -0.690722 22
6019 82 19 101 0.623762 25
6020 22 41 63 -0.301587 20
6021 52 56 108 -0.037037 32
6022 7 82 89 -0.842697 21
6023 17 79 96 -0.645833 25
6024 48 54 102 -0.0588235 27
6025 95 8 103 0.84466 25
6026 29 54 83 -0.301205 26
6027 15 70 85 -0.647059 27
6028 83 20 103 0.61165 29
6029 46 29 75 0.226667 25
6030 31 45 76 -0.184211 23
6031 58 31 89 0.303371 26
6032 81 18 99 0.636364 22
6033 58 69 127 -0.0866142 36
6034 119 20 139 0.71223 25
6035 135 9 144 0.875 25
6036 13 77 90 -0.711111 27
6037 69 27 96 0.4375 23
6038 62 8 70 0.771429 23
6039 84 19 103 0.631068 30
6040 45 58 103 -0.126214 25
6041 94 19 113 0.663717 26
6042 69 27 96 0.4375 26
6043 46 49 95 -0.0315789 31
6044 62 41 103 0.203883 31
6045 33 82 115 -0.426087 30
6046 64 25 89 0.438202 28
6047 111 7 118 0.881356 20
6048 68 34 102 0.333333 33
6049 5 48 53 -0.811321 16
6050 61 18 79 0.544304 26
6051 50 53 103 -0.0291262 29
6052 99 15 114 0.736842 28
6053 13 108 121 -0.785124 29
6054 88 6 94 0.87234 24
6055 5 126 131 -0.923664 21
6056 11 100 111 -0.801802 27
6057 27 48 75 -0.28 25
6058 18 59 77 -0.532468 27
6059 39 60 99 -0.212121 31
6060 124 4 128 0.9375 16
6061 49 51 100 -0.02 33
6062 88 5 93 0.892473 23
6063 135 6 141 0.914894 17
6064 64 53 117 0.0940171 31
6065 4 99 103 -0.92233 12
6066 72 16 88 0.636364 22
6067 46 55 101 -0.0891089 33
6068 79 31 110 0.436364 21
6069 64 35 99 0.292929 29
6070 21 64 85 -0.505882 22
6071 0 12 12 -1 4
6072 6 139 145 -0.917241 20
6073 1 75 76 -0.973684 18
6074 28 69 97 -0.42268 33
6075 107 23 130 0.646154 26
6076 111 17 128 0.734375 28
6077 37 77 114 -0.350877 30
6078 17 91 108 -0.685185 27
6079 55 58 113 -0.0265487 28
6080 35 69 104 -0.326923 26
6081 19 68 87 -0.563218 26
6082 32 42 74 -0.135135 28
6083 20 82 102 -0.607843 28
6084 19 63 82 -0.536585 29
6085 23 74 97 -0.525773 26
6086 52 20 72 0.444444 25
6087 93 30 123 0.512195 32
6088 13 114 127 -0.795276 24
6089 7 119 126 -0.888889 23
6090 4 2 6 0.333333 5
6091 54 48 102 0.0588235 31
6092 101 11 112 0.803571 25
6093 4 111 115 -0.930435 19
6094 15 63 78 -0.615385 26
6095 111 13 124 0.790323 26
6096 52 53 105 -0.00952381 28
6097 49 41 90 0.0888889 24
6098 48 25 73 0.315068 26
6099 7 85 92 -0.847826 23
6100 32 62 94 -0.319149 26
6101 39 72 111 -0.297297 26
6102 21 125 146 -0.712329 26
6103 65 32 97 0.340206 30
6104 28 70 98 -0.428571 22
6105 31 42 73 -0.150685 24
6106 97 17 114 0.701754 23
6107 6 82 88 -0.863636 25
6108 47 27 74 0.27027 28
6109 99 12 111 0.783784 27
6110 65 32 97 0.340206 24
6111 23 79 102 -0.54902 20
6112 19 66 85 -0.552941 17
6113 77 40 117 0.316239 27
6114 91 1 92 0.978261 17
6115 42 35 77 0.0909091 32
6116 20 97 117 -0.65812 24
6117 82 28 110 0.490909 26
6118 47 61 108 -0.12963 23
6119 90 26 116 0.551724 26
6120 91 14 105 0.733333 22
6121 36 79 115 -0.373913 30
6122 47 62 109 -0.137615 22
6123 52 15 67 0.552239 25
6124 22 66 88 -0.5 30
6125 28 60 88 -0.363636 28
6126 51 42 93 0.0967742 29
6127 37 42 79 -0.0632911 30
6128 122 19 141 0.730496 29
6129 23 72 95 -0.515789 26
6130 78 18 96 0.625 24
6131 76 14 90 0.688889 27
6132 59 19 78 0.512821 24
6133 11 76 87 -0.747126 25
6134 94 13 107 0.757009 20
6135 18 68 86 -0.581395 18
6136 78 11 89 0.752809 19
6137 5 83 88 -0.886364 22
6138 36 36 72 0 22
6139 67 28 95 0.410526 30
6140 52 37 89 0.168539 30
6141 106 12 118 0.79661 25
6142 32 54 86 -0.255814 19
6143 63 17 80 0.575 27
6144 31 66 97 -0.360825 27
6145 14 106 120 -0.766667 21
6146 81 21 102 0.588235 31
6147 14 101 115 -0.756522 29
6148 5 22 27 -0.62963 11
6149 64 59 123 0.0406504 31
6150 38 46 84 -0.0952381 23
6151 55 6 61 0.803279 16
6152 38 61 99 -0.232323 25
6153 17 107 124 -0.725806 27
6154 55 31 86 0.27907 26
6155 63 29 92 0.369565 21
6156 68 35 103 0.320388 30
6157 132 7 139 0.899281 24
6158 40 89 129 -0.379845 31
6159 147 0 147 1 17
6160 20 89 109 -0.633028 30
6161 57 73 130 -0.123077 31
6162 28 100 128 -0.5625 27
6163 21 58 79 -0.468354 29
6164 52 29 81 0.283951 26
6165 66 43 109 0.211009 29
6166 53 46 99 0.0707071 25
6167 59 34 93 0.268817 25
6168 49 47 96 0.0208333 31
6169 33 25 58 0.137931 21
6170 66 18 84 0.571429 23
6171 86 23 109 0.577982 19
6172 16 44 60 -0.466667 20
6173 7 72 79 -0.822785 23
6174 2 143 145 -0.972414 14
6175 16 102 118 -0.728814 25
6176 54 30 84 0.285714 28
6177 65 25 90 0.444444 26
6178 83 8 91 0.824176 25
6179 53 42 95 0.115789 29
6180 130 1 131 0.984733 11
6181 14 111 125 -0.776 28
6182 15 73 88 -0.659091 28
6183 57 30 87 0.310345 28
6184 46 52 98 -0.0612245 23
6185 57 40 97 0.175258 30
6186 5 128 133 -0.924812 20
6187 45 24 69 0.304348 24
6188 47 24 71 0.323944 28
6189 52 35 87 0.195402 32
6190 135 4 139 0.942446 19
6191 20 75 95 -0.578947 29
6192 61 59 120 0.0166667 35
6193 76 24 100 0.52 25
6194 51 33 84 0.214286 21
6195 28 53 81 -0.308642 23
6196 106 25 131 0.618321 24
6197 61 33 94 0.297872 30
6198 84 25 109 0.541284 23
6199 81 26 107 0.514019 25
6200 9 87 96 -0.8125 24
6201 72 37 109 0.321101 30
6202 33 49 82 -0.195122 29
6203 63 12 75 0.68 23
6204 10 120 130 -0.846154 15
6205 32 81 113 -0.433628 30
6206 8 117 125 -0.872 25
6207 60 38 98 0.22449 31
6208 23 73 96 -0.520833 30
6209 83 23 106 0.566038 26
6210 5 125 130 -0.923077 20
6211 78 28 106 0.471698 31
6212 4 103 107 -0.925234 19
6213 84 25 109 0.541284 20
6214 107 30 137 0.562044 28
6215 104 10 114 0.824561 27
6216 29 55 84 -0.309524 29
6217 22 89 111 -0.603604 27
6218 5 135 140 -0.928571 18
6219 88 8 96 0.833333 24
6220 75 28 103 0.456311 31
6221 98 10 108 0.814815 23
6222 21 64 85 -0.505882 29
6223 90 18 108 0.666667 28
6224 41 26 67 0.223881 24
6225 31 86 117 -0.470085 24
6226 18 68 86 -0.581395 26
6227 82 32 114 0.438596 32
6228 56 32 88 0.272727 30
6229 32 75 107 -0.401869 23
6230 91 42 133 0.368421 29
6231 63 53 116 0.0862069 31
6232 68 65 133 0.0225564 32
6233 54 22 76 0.421053 26
6234 66 45 111 0.189189 32
6235 36 58 94 -0.234043 26
6236 74 7 81 0.82716 20
6237 41 61 102 -0.196078 28
6238 25 76 101 -0.50495 25
6239 53 47 100 0.06 27
6240 31 63 94 -0.340426 31
6241 61 47 108 0.12963 31
6242 81 16 97 0.670103 25
6243 51 35 86 0.186047 30
6244 62 56 118 0.0508475 36
6245 59 48 107 0.102804 30
6246 88 13 101 0.742574 28
6247 17 90 107 -0.682243 28
6248 43 53 96 -0.104167 20
6249 7 98 105 -0.866667 18
6250 89 5 94 0.893617 20
6251 47 56 103 -0.0873786 32
6252 2 84 86 -0.953488 11
6253 0 118 118 -1 16
6254 36 50 86 -0.162791 27
6255 6 64 70 -0.828571 22
6256 72 26 98 0.469388 30
6257 119 14 133 0.789474 26
6258 32 37 69 -0.0724638 26
6259 42 49 91 -0.0769231 31
6260 50 37 87 0.149425 25
6261 63 42 105 0.2 26
6262 35 52 87 -0.195402 33
6263 62 46 108 0.148148 32
6264 68 40 108 0.259259 33
6265 18 85 103 -0.650485 27
6266 56 32 88 0.272727 29
6267 58 26 84 0.380952 29
6268 86 27 113 0.522124 28
6269 37 77 114 -0.350877 30
6270 122 23 145 0.682759 28
6271 55 57 112 -0.0178571 31
6272 6 154 160 -0.925 23
6273 64 46 110 0.163636 35
6274 5 117 122 -0.918033 22
6275 5 137 142 -0.929577 20
6276 97 11 108 0.796296 19
6277 32 80 112 -0.428571 33
6278 86 20 106 0.622642 27
6279 26 67 93 -0.44086 23
6280 10 68 78 -0.74359 24
6281 7 103 110 -0.872727 24
6282 11 77 88 -0.75 20
6283 64 32 96 0.333333 21
6284 39 70 109 -0.284404 26
6285 14 78 92 -0.695652 23
6286 8 91 99 -0.838384 25
6287 58 21 79 0.468354 21
6288 112 3 115 0.947826 20
6289 110 6 116 0.896552 23
6290 91 2 93 0.956989 20
6291 9 105 114 -0.842105 26
6292 35 48 83 -0.156627 33
6293 25 62 87 -0.425287 26
6294 23 97 120 -0.616667 28
6295 14 123 137 -0.79562 23
6296 18 67 85 -0.576471 28
6297 96 8 104 0.846154 25
6298 76 17 93 0.634409 29
6299 29 84 113 -0.486726 29
6300 31 28 59 0.0508475 23
6301 35 54 89 -0.213483 28
6302 55 24 79 0.392405 22
6303 40 46 86 -0.0697674 27
6304 8 82 90 -0.822222 24
6305 14 122 136 -0.794118 27
6306 56 23 79 0.417722 21
6307 54 40 94 0.148936 28
6308 63 48 111 0.135135 31
6309 10 62 72 -0.722222 19
6310 80 17 97 0.649485 22
6311 17 91 108 -0.685185 27
6312 29 58 87 -0.333333 21
6313 86 17 103 0.669903 27
6314 59 57 116 0.0172414 29
6315 29 74 103 -0.436893 25
6316 17 92 109 -0.688073 29
6317 100 7 107 0.869159 21
6318 90 19 109 0.651376 20
6319 46 64 110 -0.163636 32
6320 81 37 118 0.372881 31
6321 30 58 88 -0.318182 22
6322 83 27 110 0.509091 29
6323 7 96 103 -0.864078 21
6324 78 15 93 0.677419 28
6325 23 61 84 -0.452381 24
6326 114 13 127 0.795276 30
6327 103 10 113 0.823009 17
6328 68 15 83 0.638554 26
6329 8 107 115 -0.86087 23
6330 28 45 73 -0.232877 24
6331 48 44 92 0.0434783 27
6332 51 58 109 -0.0642202 25
6333 51 12 63 0.619048 20
6334 131 8 139 0.884892 17
6335 79 13 92 0.717391 23
6336 55 49 104 0.0576923 26
6337 43 52 95 -0.0947368 27
6338 27 32 59 -0.0847458 28
6339 23 97 120 -0.616667 26
6340 5 57 62 -0.83871 15
6341 30 82 112 -0.464286 31
6342 7 70 77 -0.818182 22
6343 9 72 81 -0.777778 21
6344 92 14 106 0.735849 27
6345 12 111 123 -0.804878 27
6346 12 69 81 -0.703704 25
6347 93 11 104 0.788462 25
6348 43 63 106 -0.188679 33
6349 22 84 106 -0.584906 24
6350 77 25 102 0.509804 19
6351 101 20 121 0.669421 23
6352 5 102 107 -0.906542 23
6353 82 15 97 0.690722 21
6354 67 32 99 0.353535 26
6355 51 69 120 -0.15 33
6356 24 82 106 -0.54717 28
6357 48 61 109 -0.119266 28
6358 23 102 125 -0.632 31
6359 48 90 138 -0.304348 30
6360 11 85 96 -0.770833 23
6361 112 11 123 0.821138 22
6362 36 55 91 -0.208791 28
6363 57 19 76 0.5 20
6364 59 51 110 0.0727273 32
6365 26 119 145 -0.641379 29
6366 46 27 73 0.260274 31
6367 39 75 114 -0.315789 29
6368 32 59 91 -0.296703 23
6369 73 11 84 0.738095 23
6370 86 23 109 0.577982 24
6371 23 83 106 -0.566038 31
6372 28 67 95 -0.410526 31
6373 49 62 111 -0.117117 28
6374 100 13 113 0.769912 26
6375 104 5 109 0.908257 23
6376 75 25 100 0.5 26
6377 94 20 114 0.649123 30
6378 118 9 127 0.858268 20
6379 44 40 84 0.047619 29
6380 34 68 102 -0.333333 30
6381 26 59 85 -0.388235 31
6382 11 101 112 -0.803571 26
6383 25 80 105 -0.52381 30
6384 15 37 52 -0.423077 22
6385 29 36 65 -0.107692 18
6386 44 17 61 0.442623 25
6387 29 58 87 -0.333333 26
6388 47 59 106 -0.113208 25
6389 98 5 103 0.902913 19
6390 13 93 106 -0.754717 24
6391 7 97 104 -0.865385 23
6392 16 68 84 -0.619048 27
6393 78 30 108 0.444444 31
6394 95 12 107 0.775701 20
6395 24 63 87 -0.448276 28
6396 78 44 122 0.278689 30
6397 40 60 100 -0.2 27
6398 62 36 98 0.265306 32
6399 37 72 109 -0.321101 28
6400 107 11 118 0.813559 27
6401 97 1 98 0.979592 20
6402 42 49 91 -0.0769231 29
6403 33 63 96 -0.3125 27
6404 51 41 92 0.108696 32
6405 44 39 83 0.060241 25
6406 85 22 107 0.588785 22
6407 58 50 108 0.0740741 31
6408 104 8 112 0.857143 21
6409 49 21 70 0.4 29
6410 137 5 142 0.929577 18
6411 82 23 105 0.561905 21
6412 94 14 108 0.740741 20
6413 9 20 29 -0.37931 18
6414 5 105 110 -0.909091 20
6415 109 28 137 0.591241 31
6416 27 56 83 -0.349398 26
6417 85 23 108 0.574074 19
6418 15 81 96 -0.6875 20
6419 25 82 107 -0.53271 24
6420 47 73 120 -0.216667 32
6421 74 7 81 0.82716 20
6422 5 91 96 -0.895833 23
6423 29 67 96 -0.395833 27
6424 68 8 76 0.789474 24
6425 27 52 79 -0.316456 23
6426 152 6 158 0.924051 24
6427 73 14 87 0.678161 25
6428 56 54 110 0.0181818 29
6429 18 111 129 -0.72093 27
6430 69 13 82 0.682927 25
6431 24 53 77 -0.376623 26
6432 104 2 106 0.962264 19
6433 15 112 127 -0.76378 24
6434 62 21 83 0.493976 23
6435 86 37 123 0.398374 25
6436 49 40 89 0.101124 32
6437 5 86 91 -0.89011 18
6438 52 29 81 0.283951 28
6439 65 42 107 0.214953 34
6440 88 14 102 0.72549 27
6441 34 56 90 -0.244444 30
6442 90 5 95 0.894737 24
6443 53 50 103 0.0291262 29
6444 30 85 115 -0.478261 28
6445 129 9 138 0.869565 25
6446 64 5 69 0.855072 23
6447 32 76 108 -0.407407 28
6448 69 38 107 0.28972 25
6449 77 25 102 0.509804 25
6450 62 26 88 0.409091 30
6451 74 13 87 0.701149 27
6452 46 68 114 -0.192982 29
6453 86 4 90 0.911111 21
6454 36 39 75 -0.04 22
6455 39 47 86 -0.0930233 29
6456 32 51 83 -0.228916 27
6457 115 17 132 0.742424 25
6458 55 59 114 -0.0350877 29
6459 11 84 95 -0.768421 27
6460 79 11 90 0.755556 25
6461 74 27 101 0.465347 23
6462 85 15 100 0.7 28
6463 41 59 100 -0.18 31
6464 59 24 83 0.421687 25
6465 134 5 139 0.928058 16
6466 93 20 113 0.646018 30
6467 118 9 127 0.858268 21
6468 85 5 90 0.888889 22
6469 15 97 112 -0.732143 27
6470 27 56 83 -0.349398 30
6471 11 141 152 -0.855263 25
6472 12 107 119 -0.798319 17
6473 14 70 84 -0.666667 21
6474 20 85 105 -0.619048 26
6475 63 36 99 0.272727 29
6476 94 4 98 0.918367 22
6477 81 21 102 0.588235 26
6478 79 41 120 0.316667 27
6479 37 69 106 -0.301887 30
6480 50 59 109 -0.0825688 27
6481 22 71 93 -0.526882 29
6482 78 41 119 0.310924 25
6483 16 1 17 0.882353 9
6484 81 31 112 0.446429 27
6485 120 8 128 0.875 21
6486 62 43 105 0.180952 29
6487 41 62 103 -0.203883 29
6488 11 100 111 -0.801802 25
6489 107 15 122 0.754098 27
6490 33 72 105 -0.371429 25
6491 90 39 129 0.395349 31
6492 15 92 107 -0.719626 23
6493 42 53 95 -0.115789 26
6494 14 65 79 -0.64557 29
6495 32 56 88 -0.272727 34
6496 109 11 120 0.816667 24
6497 28 118 146 -0.616438 24
6498 44 59 103 -0.145631 33
6499 35 68 103 -0.320388 29
6500 58 49 107 0.0841121 31
6501 37 34 71 0.0422535 23
6502 42 34 76 0.105263 26
6503 30 88 118 -0.491525 30
6504 62 30 92 0.347826 28
6505 11 77 88 -0.75 24
6506 48 45 93 0.0322581 23
6507 74 26 100 0.48 27
6508 27 52 79 -0.316456 28
6509 17 112 129 -0.736434 27
6510 55 32 87 0.264368 26
6511 28 68 96 -0.416667 29
6512 14 121 135 -0.792593 26
6513 49 56 105 -0.0666667 28
6514 15 95 110 -0.727273 17
6515 10 90 100 -0.8 24
6516 39 55 94 -0.170213 26
6517 26 65 91 -0.428571 27
6518 44 53 97 -0.0927835 29
6519 20 71 91 -0.56044 23
6520 57 30 87 0.310345 31
6521 49 24 73 0.342466 25
6522 22 64 86 -0.488372 23
6523 59 54 113 0.0442478 31
6524 79 17 96 0.645833 30
6525 35 57 92 -0.23913 27
6526 80 29 109 0.46789 24
6527 78 21 99 0.575758 27
6528 55 56 111 -0.00900901 33
6529 8 88 96 -0.833333 23
6530 14 66 80 -0.65 27
6531 109 16 125 0.744 23
6532 62 30 92 0.347826 32
6533 72 12 84 0.714286 27
6534 87 11 98 0.77551 23
6535 39 48 87 -0.103448 24
6536 59 35 94 0.255319 27
6537 34 64 98 -0.306122 29
6538 85 28 113 0.504425 28
6539 7 79 86 -0.837209 23
6540 99 9 108 0.833333 22
6541 66 35 101 0.306931 25
6542 22 69 91 -0.516484 21
6543 49 45 94 0.0425532 30
6544 23 63 86 -0.465116 29
6545 94 31 125 0.504 31
6546 62 32 94 0.319149 32
6547 18 96 114 -0.684211 28
6548 4 133 137 -0.941606 22
6549 22 75 97 -0.546392 28
6550 20 67 87 -0.54023 21
6551 43 45 88 -0.0227273 28
6552 23 79 102 -0.54902 31
6553 84 11 95 0.768421 25
6554 48 36 84 0.142857 30
6555 11 69 80 -0.725 25
6556 98 13 111 0.765766 22
6557 20 61 81 -0.506173 25
6558 91 18 109 0.669725 26
6559 61 25 86 0.418605 25
6560 29 49 78 -0.25641 23
6561 108 24 132 0.636364 25
6562 81 19 100 0.62 23
6563 53 66 119 -0.109244 30
6564 71 42 113 0.256637 31
6565 79 34 113 0.39823 33
6566 64 37 101 0.267327 29
6567 30 72 102 -0.411765 29
6568 68 32 100 0.36 30
6569 64 25 89 0.438202 31
6570 25 78 103 -0.514563 23
6571 29 44 73 -0.205479 25
6572 36 79 115 -0.373913 28
6573 24 67 91 -0.472527 24
6574 20 55 75 -0.466667 19
6575 34 52 86 -0.209302 32
6576 122 6 128 0.90625 23
6577 2 89 91 -0.956044 20
6578 139 8 147 0.891156 23
6579 80 13 93 0.72043 26
6580 57 51 108 0.0555556 24
6581 14 94 108 -0.740741 27
6582 67 29 96 0.395833 27
6583 57 43 100 0.14 26
6584 41 59 100 -0.18 29
6585 16 78 94 -0.659574 28
6586 3 85 88 -0.931818 18
6587 92 24 116 0.586207 30
6588 54 57 111 -0.027027 27
6589 34 57 91 -0.252747 29
6590 71 33 104 0.365385 26
6591 24 83 107 -0.551402 23
6592 8 107 115 -0.86087 18
6593 75 16 91 0.648352 28
6594 30 57 87 -0.310345 31
6595 13 89 102 -0.745098 21
6596 49 40 89 0.101124 24
6597 9 83 92 -0.804348 23
6598 9 121 130 -0.861538 21
6599 95 17 112 0.696429 26
6600 68 49 117 0.162393 31
6601 10 121 131 -0.847328 18
6602 45 60 105 -0.142857 31
6603 18 84 102 -0.647059 26
6604 98 16 114 0.719298 25
6605 31 60 91 -0.318681 27
6606 85 23 108 0.574074 27
6607 37 50 87 -0.149425 25
6608 33 75 108 -0.388889 29
6609 55 12 67 0.641791 24
6610 79 8 87 0.816092 24
6611 22 86 108 -0.592593 31
6612 60 23 83 0.445783 24
6613 21 65 86 -0.511628 23
6614 16 99 115 -0.721739 28
6615 32 60 92 -0.304348 30
6616 20 78 98 -0.591837 26
6617 44 44 88 0 30
6618 15 131 146 -0.794521 24
6619 127 4 131 0.938931 18
6620 53 42 95 0.115789 29
6621 51 10 61 0.672131 18
6622 56 55 111 0.00900901 30
6623 64 32 96 0.333333 28
6624 13 106 119 -0.781513 21
6625 13 57 70 -0.628571 26
6626 2 94 96 -0.958333 20
6627 82 39 121 0.355372 30
6628 104 22 126 0.650794 31
6629 22 52 74 -0.405405 21
6630 62 44 106 0.169811 29
6631 51 21 72 0.416667 17
6632 33 31 64 0.03125 25
6633 33 67 100 -0.34 27
6634 18 74 92 -0.608696 25
6635 56 44 100 0.12 22
6636 61 53 114 0.0701754 32
6637 54 43 97 0.113402 36
6638 55 72 127 -0.133858 35
6639 100 20 120 0.666667 26
6640 57 65 122 -0.0655738 33
6641 93 3 96 0.9375 21
6642 71 19 90 0.577778 24
6643 49 40 89 0.101124 31
6644 64 17 81 0.580247 25
6645 35 76 111 -0.369369 24
6646 42 76 118 -0.288136 30
6647 14 101 115 -0.756522 26
6648 13 66 79 -0.670886 26
6649 87 13 100 0.74 16
6650 37 47 84 -0.119048 28
6651 101 19 120 0.683333 28
6652 46 31 77 0.194805 30
6653 19 95 114 -0.666667 24
6654 38 58 96 -0.208333 28
6655 84 19 103 0.631068 25
6656 2 106 108 -0.962963 17
6657 61 22 83 0.46988 22
6658 63 32 95 0.326316 30
6659 91 30 121 0.504132 26
6660 58 37 95 0.221053 25
6661 61 25 86 0.418605 29
6662 63 46 109 0.155963 33
6663 84 26 110 0.527273 26
6664 43 43 86 0 26
6665 15 91 106 -0.716981 24
6666 37 55 92 -0.195652 28
6667 46 38 84 0.0952381 27
6668 89 14 103 0.728155 21
6669 68 23 91 0.494505 25
6670 46 77 123 -0.252033 29
6671 61 33 94 0.297872 27
6672 120 3 123 0.95122 21
6673 18 83 101 -0.643564 26
6674 115 7 122 0.885246 19
6675 51 55 106 -0.0377358 31
6676 49 29 78 0.25641 26
6677 48 42 90 0.0666667 28
6678 48 64 112 -0.142857 25
6679 78 20 98 0.591837 20
6680 158 1 159 0.987421 16
6681 125 2 127 0.968504 19
6682 63 50 113 0.115044 27
6683 125 2 127 0.968504 10
6684 7 105 112 -0.875 26
6685 76 21 97 0.56701 31
6686 26 29 55 -0.0545455 25
6687 20 78 98 -0.591837 28
6688 55 35 90 0.222222 33
6689 23 70 93 -0.505376 28
6690 6 125 131 -0.908397 17
6691 56 32 88 0.272727 27
6692 62 34 96 0.291667 23
6693 11 62 73 -0.69863 24
6694 40 52 92 -0.130435 28
6695 12 63 75 -0.68 23
6696 10 99 109 -0.816514 25
6697 25 62 87 -0.425287 26
6698 18 82 100 -0.64 26
6699 52 50 102 0.0196078 31
6700 31 87 118 -0.474576 26
6701 82 34 116 0.413793 25
6702 90 4 94 0.914894 11
6703 69 31 100 0.38 28
6704 86 33 119 0.445378 31
6705 101 14 115 0.756522 26
6706 40 51 91 -0.120879 27
6707 21 99 120 -0.65 30
6708 81 29 110 0.472727 34
6709 31 61 92 -0.326087 32
6710 81 12 93 0.741935 22
6711 40 61 101 -0.207921 25
6712 49 41 90 0.0888889 28
6713 18 103 121 -0.702479 22
6714 82 22 104 0.576923 27
6715 33 80 113 -0.415929 35
6716 92 4 96 0.916667 19
6717 26 103 129 -0.596899 28
6718 26 73 99 -0.474747 34
6719 28 57 85 -0.341176 31
6720 15 82 97 -0.690722 26
6721 61 8 69 0.768116 17
6722 55 51 106 0.0377358 28
6723 42 59 101 -0.168317 30
6724 52 42 94 0.106383 29
6725 107 8 115 0.86087 21
6726 27 76 103 -0.475728 30
6727 39 69 108 -0.277778 23
6728 73 34 107 0.364486 26
6729 67 13 80 0.675 29
6730 102 15 117 0.74359 19
6731 33 42 75 -0.12 23
6732 111 3 114 0.947368 19
6733 39 42 81 -0.037037 24
6734 71 36 107 0.327103 28
6735 40 79 119 -0.327731 27
6736 24 85 109 -0.559633 25
6737 81 27 108 0.5 30
6738 73 26 99 0.474747 26
6739 4 105 109 -0.926606 21
6740 49 21 70 0.4 23
6741 81 33 114 0.421053 32
6742 119 6 125 0.904 23
6743 40 46 86 -0.0697674 22
6744 26 68 94 -0.446809 27
6745 56 38 94 0.191489 28
6746 99 7 106 0.867925 26
6747 28 58 86 -0.348837 24
6748 60 53 113 0.0619469 31
6749 87 11 98 0.77551 19
6750 104 4 108 0.925926 23
6751 116 13 129 0.79845 24
6752 55 23 78 0.410256 25
6753 89 34 123 0.447154 25
6754 37 15 52 0.423077 25
6755 69 39 108 0.277778 33
6756 108 10 118 0.830508 25
6757 12 102 114 -0.789474 24
6758 123 15 138 0.782609 24
6759 83 18 101 0.643564 26
6760 31 48 79 -0.21519 25
6761 13 114 127 -0.795276 26
6762 9 87 96 -0.8125 19
6763 90 32 122 0.47541 24
6764 23 70 93 -0.505376 26
6765 37 59 96 -0.229167 26
6766 6 78 84 -0.857143 23
6767 112 3 115 0.947826 19
6768 16 91 107 -0.700935 26
6769 74 27 101 0.465347 27
6770 66 10 76 0.736842 22
6771 68 18 86 0.581395 28
6772 9 82 91 -0.802198 23
6773 43 56 99 -0.131313 22
6774 73 50 123 0.186992 27
6775 13 71 84 -0.690476 24
6776 3 100 103 -0.941748 19
6777 6 90 96 -0.875 17
6778 28 61 89 -0.370787 22
6779 15 92 107 -0.719626 22
6780 16 101 117 -0.726496 28
6781 77 39 116 0.327586 28
6782 88 5 93 0.892473 21
6783 9 88 97 -0.814433 24
6784 42 23 65 0.292308 27
6785 15 108 123 -0.756098 23
6786 33 64 97 -0.319588 26
6787 64 45 109 0.174312 23
6788 87 14 101 0.722772 23
6789 56 31 87 0.287356 25
6790 21 77 98 -0.571429 28
6791 49 34 83 0.180723 29
6792 58 36 94 0.234043 30
6793 27 53 80 -0.325 29
6794 5 105 110 -0.909091 15
6795 73 33 106 0.377358 20
6796 38 57 95 -0.2 32
6797 75 9 84 0.785714 24
6798 129 6 135 0.911111 24
6799 62 23 85 0.458824 32
6800 12 91 103 -0.76699 27
6801 39 53 92 -0.152174 31
6802 13 74 87 -0.701149 28
6803 7 121 128 -0.890625 15
6804 78 16 94 0.659574 26
6805 66 50 116 0.137931 31
6806 24 80 104 -0.538462 28
6807 74 17 91 0.626374 21
6808 48 43 91 0.0549451 28
6809 45 50 95 -0.0526316 32
6810 0 0 0 0 0
6811 6 132 138 -0.913043 19
6812 22 43 65 -0.323077 23
6813 82 8 90 0.822222 21
6814 14 92 106 -0.735849 27
6815 71 24 95 0.494737 27
6816 45 80 125 -0.28 33
6817 80 24 104 0.538462 27
6818 49 33 82 0.195122 19
6819 56 44 100 0.12 30
6820 48 53 101 -0.049505 24
6821 4 99 103 -0.92233 22
6822 86 23 109 0.577982 25
6823 68 29 97 0.402062 29
6824 66 47 113 0.168142 32
6825 12 92 104 -0.769231 27
6826 31 26 57 0.0877193 21
6827 113 9 122 0.852459 26
6828 28 72 100 -0.44 26
6829 107 26 133 0.609023 32
6830 3 121 124 -0.951613 17
6831 62 70 132 -0.0606061 33
6832 20 34 54 -0.259259 19
6833 43 76 119 -0.277311 32
6834 20 73 93 -0.569892 28
6835 69 51 120 0.15 29
6836 20 99 119 -0.663866 23
6837 17 73 90 -0.622222 23
6838 9 108 117 -0.846154 24
6839 68 23 91 0.494505 30
6840 86 40 126 0.365079 33
6841 7 85 92 -0.847826 21
6842 108 12 120 0.8 22
6843 82 23 105 0.561905 29
6844 103 22 125 0.648 28
6845 10 98 108 -0.814815 18
6846 10 114 124 -0.83871 23
6847 18 71 89 -0.595506 25
6848 74 15 89 0.662921 24
6849 22 130 152 -0.710526 24
6850 59 22 81 0.45679 24
6851 68 19 87 0.563218 25
6852 44 71 115 -0.234783 24
6853 24 73 97 -0.505155 28
6854 119 2 121 0.966942 20
6855 35 64 99 -0.292929 30
6856 55 33 88 0.25 26
6857 36 36 72 0 30
6858 97 16 113 0.716814 31
6859 52 48 100 0.04 29
6860 66 52 118 0.118644 32
6861 30 57 87 -0.310345 27
6862 47 53 100 -0.06 30
6863 44 35 79 0.113924 31
6864 57 52 109 0.0458716 28
6865 73 16 89 0.640449 29
6866 70 40 110 0.272727 30
6867 85 62 147 0.156463 30
6868 40 42 82 -0.0243902 32
6869 46 74 120 -0.233333 29
6870 58 24 82 0.414634 29
6871 15 90 105 -0.714286 23
6872 98 26 124 0.580645 31
6873 50 31 81 0.234568 26
6874 53 44 97 0.0927835 25
6875 68 7 75 0.813333 23
6876 74 34 108 0.37037 34
6877 22 113 135 -0.674074 24
6878 17 108 125 -0.728 27
6879 32 87 119 -0.462185 27
6880 2 3 5 -0.2 5
6881 70 27 97 0.443299 29
6882 16 60 76 -0.578947 22
6883 14 76 90 -0.688889 19
6884 8 77 85 -0.811765 20
6885 50 31 81 0.234568 26
6886 60 50 110 0.0909091 32
6887 21 82 103 -0.592233 28
6888 68 45 113 0.20354 31
6889 25 56 81 -0.382716 22
6890 10 78 88 -0.772727 23
6891 36 69 105 -0.314286 27
6892 29 47 76 -0.236842 28
6893 78 31 109 0.431193 31
6894 77 27 104 0.480769 25
6895 55 26 81 0.358025 24
6896 21 71 92 -0.543478 28
6897 10 71 81 -0.753086 24
6898 131 8 139 0.884892 19
6899 6 71 77 -0.844156 18
6900 30 31 61 -0.0163934 23
6901 53 48 101 0.049505 33
6902 66 28 94 0.404255 23
6903 45 68 113 -0.20354 27
6904 40 57 97 -0.175258 30
6905 19 78 97 -0.608247 27
6906 51 48 99 0.030303 32
6907 15 62 77 -0.61039 26
6908 31 56 87 -0.287356 25
6909 95 38 133 0.428571 30
6910 55 38 93 0.182796 20
6911 100 18 118 0.694915 17
6912 8 70 78 -0.794872 24
6913 47 57 104 -0.0961538 27
6914 62 1 63 0.968254 15
6915 81 10 91 0.78022 20
6916 34 84 118 -0.423729 25
6917 89 7 96 0.854167 23
6918 7 49 56 -0.75 19
6919 106 9 115 0.843478 20
6920 19 136 155 -0.754839 27
6921 39 78 117 -0.333333 27
6922 68 43 111 0.225225 33
6923 30 61 91 -0.340659 28
6924 15 49 64 -0.53125 25
6925 38 24 62 0.225806 22
6926 26 64 90 -0.422222 24
6927 36 68 104 -0.307692 29
6928 45 71 116 -0.224138 30
6929 15 75 90 -0.666667 23
6930 68 41 109 0.247706 24
6931 38 60 98 -0.22449 25
6932 98 18 116 0.689655 25
6933 59 42 101 0.168317 26
6934 36 60 96 -0.25 35
6935 93 23 116 0.603448 29
6936 35 74 109 -0.357798 24
6937 0 4 4 -1 3
6938 99 25 124 0.596774 31
6939 18 88 106 -0.660377 30
6940 12 90 102 -0.764706 22
6941 20 133 153 -0.738562 29
6942 46 30 76 0.210526 27
6943 3 31 34 -0.823529 8
6944 13 75 88 -0.704545 21
6945 81 34 115 0.408696 29
6946 114 2 116 0.965517 18
6947 23 51 74 -0.378378 18
6948 16 55 71 -0.549296 24
6949 11 99 110 -0.8 24
6950 69 39 108 0.277778 28
6951 45 70 115 -0.217391 33
6952 10 95 105 -0.809524 26
6953 40 49 89 -0.101124 32
6954 33 28 61 0.0819672 25
6955 49 46 95 0.0315789 27
6956 15 89 104 -0.711538 26
6957 39 63 102 -0.235294 30
6958 93 23 116 0.603448 31
6959 145 6 151 0.92053 17
6960 70 10 80 0.75 23
6961 7 94 101 -0.861386 25
6962 107 2 109 0.963303 21
6963 70 38 108 0.296296 21
6964 63 42 105 0.2 27
6965 94 23 117 0.606838 32
6966 71 38 109 0.302752 29
6967 67 48 115 0.165217 29
6968 30 51 81 -0.259259 24
6969 20 98 118 -0.661017 25
6970 2 137 139 -0.971223 10
6971 98 30 128 0.53125 33
6972 28 63 91 -0.384615 30
6973 7 78 85 -0.835294 26
6974 66 19 85 0.552941 28
6975 14 127 141 -0.801418 19
6976 63 45 108 0.166667 28
6977 52 40 92 0.130435 30
6978 15 117 132 -0.772727 28
6979 75 52 127 0.181102 30
6980 62 24 86 0.44186 30
6981 17 63 80 -0.575 25
6982 47 66 113 -0.168142 32
6983 17 88 105 -0.67619 26
6984 55 30 85 0.294118 29
6985 120 13 133 0.804511 25
6986 19 64 83 -0.542169 24
6987 80 35 115 0.391304 29
6988 29 18 47 0.234043 21
6989 91 26 117 0.555556 29
6990 2 110 112 -0.964286 18
6991 97 8 105 0.847619 22
6992 88 20 108 0.62963 26
6993 16 95 111 -0.711712 28
6994 90 28 118 0.525424 31
6995 40 56 96 -0.166667 22
6996 14 89 103 -0.728155 27
6997 100 12 112 0.785714 22
6998 23 70 93 -0.505376 28
6999 44 67 111 -0.207207 29
7000 58 37 95 0.221053 26
7001 43 50 93 -0.0752688 31
7002 107 10 117 0.82906 18
7003 30 89 119 -0.495798 27
7004 27 72 99 -0.454545 30
7005 22 100 122 -0.639344 32
7006 4 82 86 -0.906977 22
7007 28 71 99 -0.434343 29
7008 26 52 78 -0.333333 29
7009 25 72 97 -0.484536 26
7010 58 42 100 0.16 30
7011 31 1 32 0.9375 9
7012 59 15 74 0.594595 20
7013 52 26 78 0.333333 23
7014 11 109 120 -0.816667 21
7015 83 12 95 0.747368 24
7016 67 49 116 0.155172 31
7017 114 7 121 0.884298 24
7018 58 41 99 0.171717 30
7019 13 117 130 -0.8 25
7020 22 61 83 -0.46988 30
7021 9 85 94 -0.808511 19
7022 60 28 88 0.363636 23
7023 95 6 101 0.881188 23
7024 90 28 118 0.525424 31
7025 67 48 115 0.165217 30
7026 57 45 102 0.117647 33
7027 14 107 121 -0.768595 24
7028 10 87 97 -0.793814 24
7029 61 31 92 0.326087 30
7030 24 73 97 -0.505155 31
7031 11 95 106 -0.792453 22
7032 12 103 115 -0.791304 28
7033 42 50 92 -0.0869565 30
7034 11 67 78 -0.717949 19
7035 54 28 82 0.317073 28
7036 94 23 117 0.606838 24
7037 35 63 98 -0.285714 27
7038 3 86 89 -0.932584 20
7039 48 13 61 0.57377 26
7040 9 69 78 -0.769231 21
7041 11 83 94 -0.765957 23
7042 87 29 116 0.5 31
7043 27 67 94 -0.425532 26
7044 73 19 92 0.586957 25
7045 20 108 128 -0.6875 29
7046 111 8 119 0.865546 25
7047 72 24 96 0.5 29
7048 68 25 93 0.462366 29
7049 10 84 94 -0.787234 21
7050 16 84 100 -0.68 27
7051 45 42 87 0.0344828 32
7052 33 74 107 -0.383178 30
7053 39 48 87 -0.103448 24
7054 73 13 86 0.697674 24
7055 111 3 114 0.947368 22
7056 63 50 113 0.115044 28
7057 63 33 96 0.3125 28
7058 26 100 126 -0.587302 26
7059 81 26 107 0.514019 27
7060 139 8 147 0.891156 16
7061 101 3 104 0.942308 19
7062 31 78 109 -0.431193 30
7063 55 41 96 0.145833 25
7064 114 16 130 0.753846 27
7065 65 32 97 0.340206 33
7066 27 83 110 -0.509091 28
7067 72 6 78 0.846154 22
7068 81 29 110 0.472727 29
7069 6 111 117 -0.897436 20
7070 33 65 98 -0.326531 23
7071 70 24 94 0.489362 24
7072 119 16 135 0.762963 24
7073 101 6 107 0.88785 21
7074 37 42 79 -0.0632911 29
7075 21 52 73 -0.424658 24
7076 55 70 125 -0.12 27
7077 34 27 61 0.114754 22
7078 38 68 106 -0.283019 29
7079 18 123 141 -0.744681 24
7080 13 135 148 -0.824324 25
7081 6 93 99 -0.878788 24
7082 34 50 84 -0.190476 29
7083 27 59 86 -0.372093 23
7084 2 140 142 -0.971831 11
7085 36 62 98 -0.265306 29
7086 62 31 93 0.333333 29
7087 26 85 111 -0.531532 30
7088 3 122 125 -0.952 19
7089 59 45 104 0.134615 28
7090 38 53 91 -0.164835 27
7091 47 48 95 -0.0105263 27
7092 23 94 117 -0.606838 30
7093 5 117 122 -0.918033 21
7094 26 52 78 -0.333333 23
7095 10 86 96 -0.791667 25
7096 9 91 100 -0.82 28
7097 4 138 142 -0.943662 23
7098 11 82 93 -0.763441 23
7099 52 36 88 0.181818 27
7100 32 72 104 -0.384615 28
7101 84 34 118 0.423729 33
7102 45 49 94 -0.0425532 29
7103 3 130 133 -0.954887 22
7104 3 114 117 -0.948718 18
7105 29 80 109 -0.46789 29
7106 16 92 108 -0.703704 24
7107 46 41 87 0.0574713 26
7108 96 15 111 0.72973 24
7109 52 28 80 0.3 27
7110 96 17 113 0.699115 27
7111 9 89 98 -0.816327 18
7112 63 34 97 0.298969 29
7113 21 77 98 -0.571429 28
7114 74 40 114 0.298246 31
7115 30 68 98 -0.387755 28
7116 20 73 93 -0.569892 29
7117 9 123 132 -0.863636 25
7118 98 9 107 0.831776 20
7119 5 113 118 -0.915254 22
7120 48 33 81 0.185185 28
7121 36 56 92 -0.217391 28
7122 66 30 96 0.375 28
7123 42 7 49 0.714286 22
7124 34 66 100 -0.32 26
7125 109 6 115 0.895652 17
7126 19 82 101 -0.623762 23
7127 73 49 122 0.196721 28
7128 26 53 79 -0.341772 27
7129 59 39 98 0.204082 32
7130 59 35 94 0.255319 28
7131 106 14 120 0.766667 23
7132 106 30 136 0.558824 27
7133 51 42 93 0.0967742 30
7134 24 64 88 -0.454545 30
7135 12 114 126 -0.809524 22
7136 113 5 118 0.915254 14
7137 110 19 129 0.705426 24
7138 16 91 107 -0.700935 25
7139 52 53 105 -0.00952381 32
7140 72 24 96 0.5 26
7141 54 20 74 0.459459 24
7142 67 39 106 0.264151 33
7143 72 28 100 0.44 31
7144 29 81 110 -0.472727 26
7145 12 83 95 -0.747368 24
7146 110 14 124 0.774194 24
7147 89 20 109 0.633028 23
7148 60 36 96 0.25 30
7149 45 55 100 -0.1 28
7150 5 113 118 -0.915254 19
7151 25 54 79 -0.367089 27
7152 23 82 105 -0.561905 26
7153 70 27 97 0.443299 29
7154 41 40 81 0.0123457 24
7155 52 65 117 -0.111111 35
7156 44 32 76 0.157895 27
7157 87 10 97 0.793814 23
7158 105 17 122 0.721311 28
7159 103 8 111 0.855856 26
7160 133 4 137 0.941606 21
7161 47 82 129 -0.271318 32
7162 59 27 86 0.372093 27
7163 54 62 116 -0.0689655 32
7164 67 30 97 0.381443 31
7165 95 27 122 0.557377 29
7166 85 12 97 0.752577 22
7167 8 65 73 -0.780822 23
7168 109 7 116 0.87931 18
7169 96 0 96 1 15
7170 24 77 101 -0.524752 28
7171 6 139 145 -0.917241 14
7172 80 15 95 0.684211 24
7173 112 11 123 0.821138 27
7174 65 16 81 0.604938 26
7175 119 15 134 0.776119 26
7176 3 89 92 -0.934783 21
7177 41 38 79 0.0379747 26
7178 51 53 104 -0.0192308 30
7179 35 68 103 -0.320388 30
7180 102 12 114 0.789474 24
7181 41 41 82 0 29
7182 72 44 116 0.241379 26
7183 38 86 124 -0.387097 26
7184 71 0 71 1 14
7185 85 9 94 0.808511 22
7186 52 28 80 0.3 30
7187 59 36 95 0.242105 30
7188 127 11 138 0.84058 26
7189 52 48 100 0.04 32
7190 16 95 111 -0.711712 25
7191 7 100 107 -0.869159 21
7192 81 14 95 0.705263 25
7193 67 12 79 0.696203 26
7194 73 6 79 0.848101 23
7195 87 9 96 0.8125 20
7196 46 77 123 -0.252033 31
7197 85 14 99 0.717172 23
7198 71 28 99 0.434343 31
7199 86 37 123 0.398374 31
7200 49 58 107 -0.0841121 28
7201 27 92 119 -0.546218 28
7202 33 73 106 -0.377358 26
7203 67 14 81 0.654321 25
7204 103 5 108 0.907407 19
7205 85 13 98 0.734694 23
7206 49 39 88 0.113636 29
7207 7 55 62 -0.774194 18
7208 123 2 125 0.968 17
7209 87 11 98 0.77551 26
7210 29 75 104 -0.442308 25
7211 34 60 94 -0.276596 30
7212 66 16 82 0.609756 28
7213 53 34 87 0.218391 27
7214 69 8 77 0.792208 20
7215 117 18 135 0.733333 25
7216 18 88 106 -0.660377 29
7217 20 123 143 -0.72028 29
7218 4 94 98 -0.918367 19
7219 63 42 105 0.2 27
7220 74 38 112 0.321429 31
7221 6 104 110 -0.890909 22
7222 6 118 124 -0.903226 17
7223 47 42 89 0.0561798 31
7224 57 36 93 0.225806 28
7225 41 42 83 -0.0120482 30
7226 62 23 85 0.458824 28
7227 72 19 91 0.582418 27
7228 72 35 107 0.345794 24
7229 22 88 110 -0.6 26
7230 46 66 112 -0.178571 28
7231 14 75 89 -0.685393 25
7232 15 90 105 -0.714286 27
7233 2 115 117 -0.965812 20
7234 87 37 124 0.403226 35
7235 15 81 96 -0.6875 24
7236 52 40 92 0.130435 23
7237 116 6 122 0.901639 16
7238 103 30 133 0.548872 29
7239 17 88 105 -0.67619 28
7240 55 52 107 0.0280374 25
7241 8 91 99 -0.838384 19
7242 6 120 126 -0.904762 23
7243 3 68 71 -0.915493 16
7244 20 72 92 -0.565217 27
7245 15 114 129 -0.767442 29
7246 107 9 116 0.844828 19
7247 38 41 79 -0.0379747 22
7248 92 31 123 0.495935 32
7249 78 16 94 0.659574 25
7250 56 38 94 0.191489 27
7251 89 16 105 0.695238 25
7252 81 23 104 0.557692 31
7253 46 57 103 -0.106796 32
7254 57 53 110 0.0363636 31
7255 96 21 117 0.641026 30
7256 57 18 75 0.52 25
7257 11 106 117 -0.811966 28
7258 8 115 123 -0.869919 27
7259 61 41 102 0.196078 26
7260 51 17 68 0.5 23
7261 34 8 42 0.619048 21
7262 92 20 112 0.642857 23
7263 92 19 111 0.657658 24
7264 32 69 101 -0.366337 25
7265 71 47 118 0.20339 26
7266 27 67 94 -0.425532 30
7267 74 5 79 0.873418 18
7268 71 12 83 0.710843 26
7269 7 113 120 -0.883333 20
7270 100 24 124 0.612903 22
7271 86 14 100 0.72 28
7272 32 67 99 -0.353535 28
7273 94 27 121 0.553719 29
7274 38 65 103 -0.262136 22
7275 37 48 85 -0.129412 29
7276 94 17 111 0.693694 26
7277 43 52 95 -0.0947368 29
7278 73 34 107 0.364486 23
7279 23 107 130 -0.646154 27
7280 85 41 126 0.349206 30
7281 4 143 147 -0.945578 17
7282 45 46 91 -0.010989 28
7283 31 111 142 -0.56338 21
7284 43 66 109 -0.211009 27
7285 21 79 100 -0.58 29
7286 42 82 124 -0.322581 28
7287 67 19 86 0.55814 22
7288 53 56 109 -0.0275229 28
7289 32 81 113 -0.433628 25
7290 93 19 112 0.660714 27
7291 77 19 96 0.604167 22
7292 36 111 147 -0.510204 28
7293 5 72 77 -0.87013 19
7294 21 82 103 -0.592233 24
7295 34 51 85 -0.2 23
7296 56 39 95 0.178947 26
7297 110 14 124 0.774194 22
7298 7 92 99 -0.858586 22
7299 24 87 111 -0.567568 25
7300 46 35 81 0.135802 26
7301 83 15 98 0.693878 28
7302 63 5 68 0.852941 20
7303 97 28 125 0.552 30
7304 25 64 89 -0.438202 26
7305 34 28 62 0.0967742 23
7306 31 51 82 -0.243902 27
7307 93 30 123 0.512195 34
7308 22 97 119 -0.630252 27
7309 76 26 102 0.490196 26
7310 27 71 98 -0.44898 26
7311 94 11 105 0.790476 24
7312 9 49 58 -0.689655 21
7313 26 60 86 -0.395349 29
7314 58 42 100 0.16 23
7315 31 91 122 -0.491803 33
7316 111 17 128 0.734375 27
7317 129 15 144 0.791667 28
7318 108 5 113 0.911504 20
7319 50 62 112 -0.107143 27
7320 71 39 110 0.290909 32
7321 25 62 87 -0.425287 28
7322 56 56 112 0 26
7323 26 121 147 -0.646259 32
7324 16 98 114 -0.719298 26
7325 50 47 97 0.0309278 29
7326 29 73 102 -0.431373 27
7327 30 69 99 -0.393939 29
7328 88 5 93 0.892473 16
7329 18 82 100 -0.64 27
7330 75 26 101 0.485149 31
7331 11 99 110 -0.8 24
7332 129 11 140 0.842857 25
7333 71 28 99 0.434343 23
7334 8 97 105 -0.847619 24
7335 47 39 86 0.0930233 25
7336 113 9 122 0.852459 22
7337 29 45 74 -0.216216 23
7338 23 87 110 -0.581818 28
7339 29 68 97 -0.402062 28
7340 59 55 114 0.0350877 25
7341 19 88 107 -0.64486 19
7342 18 105 123 -0.707317 22
7343 15 84 99 -0.69697 28
7344 49 42 91 0.0769231 28
7345 93 11 104 0.788462 25
7346 21 77 98 -0.571429 24
7347 43 29 72 0.194444 26
7348 118 2 120 0.966667 19
7349 80 36 116 0.37931 27
7350 20 38 58 -0.310345 21
7351 72 39 111 0.297297 32
7352 79 18 97 0.628866 25
7353 62 57 119 0.0420168 32
7354 47 31 78 0.205128 24
7355 100 32 132 0.515152 29
7356 39 55 94 -0.170213 28
7357 14 110 124 -0.774194 28
7358 35 19 54 0.296296 22
7359 38 72 110 -0.309091 26
7360 13 92 105 -0.752381 26
7361 78 43 121 0.289256 33
7362 21 88 109 -0.614679 30
7363 74 15 89 0.662921 25
7364 12 73 85 -0.717647 15
7365 15 91 106 -0.716981 28
7366 109 10 119 0.831933 26
7367 54 38 92 0.173913 25
7368 54 44 98 0.102041 29
7369 34 57 91 -0.252747 26
7370 36 62 98 -0.265306 29
7371 92 3 95 0.936842 20
7372 54 47 101 0.0693069 30
7373 63 8 71 0.774648 21
7374 55 61 116 -0.0517241 32
7375 86 31 117 0.470085 26
7376 49 42 91 0.0769231 32
7377 96 34 130 0.476923 31
7378 39 49 88 -0.113636 28
7379 7 141 148 -0.905405 22
7380 7 90 97 -0.85567 24
7381 24 77 101 -0.524752 28
7382 44 55 99 -0.111111 27
7383 52 54 106 -0.0188679 30
7384 37 97 134 -0.447761 31
7385 66 39 105 0.257143 27
7386 9 136 145 -0.875862 20
7387 97 6 103 0.883495 22
7388 77 11 88 0.75 22
7389 34 51 85 -0.2 25
7390 65 44 109 0.192661 31
7391 70 18 88 0.590909 23
7392 33 57 90 -0.266667 24
7393 75 28 103 0.456311 29
7394 15 80 95 -0.684211 25
7395 27 66 93 -0.419355 30
7396 108 11 119 0.815126 28
7397 80 11 91 0.758242 26
7398 61 49 110 0.109091 28
7399 7 82 89 -0.842697 22
7400 107 12 119 0.798319 27
7401 67 26 93 0.44086 27
7402 59 29 88 0.340909 30
7403 25 69 94 -0.468085 23
7404 26 71 97 -0.463918 21
7405 47 40 87 0.0804598 27
7406 52 29 81 0.283951 27
7407 82 28 110 0.490909 31
7408 111 15 126 0.761905 26
7409 118 8 126 0.873016 23
7410 84 6 90 0.866667 21
7411 115 10 125 0.84 23
7412 24 63 87 -0.448276 27
7413 94 2 96 0.958333 20
7414 76 9 85 0.788235 22
7415 99 35 134 0.477612 31
7416 102 12 114 0.789474 26
7417 35 60 95 -0.263158 28
7418 19 56 75 -0.493333 29
7419 31 105 136 -0.544118 31
7420 20 84 104 -0.615385 22
7421 63 4 67 0.880597 22
7422 94 9 103 0.825243 17
7423 99 3 102 0.941176 19
7424 28 53 81 -0.308642 26
7425 24 95 119 -0.596639 29
7426 16 84 100 -0.68 22
7427 28 67 95 -0.410526 27
7428 53 30 83 0.277108 24
7429 10 61 71 -0.71831 22
7430 17 88 105 -0.67619 27
7431 49 27 76 0.289474 25
7432 99 12 111 0.783784 22
7433 91 13 104 0.75 24
7434 11 92 103 -0.786408 27
7435 120 5 125 0.92 22
7436 19 131 150 -0.746667 22
7437 40 47 87 -0.0804598 25
7438 73 68 141 0.035461 31
7439 25 74 99 -0.494949 29
7440 79 10 89 0.775281 25
7441 61 12 73 0.671233 26
7442 35 72 107 -0.345794 32
7443 43 37 80 0.075 31
7444 28 85 113 -0.504425 27
7445 75 27 102 0.470588 28
7446 61 52 113 0.079646 29
7447 131 4 135 0.940741 22
7448 102 4 106 0.924528 17
7449 57 46 103 0.106796 27
7450 51 41 92 0.108696 23
7451 80 12 92 0.73913 25
7452 16 29 45 -0.288889 23
7453 32 70 102 -0.372549 29
7454 36 70 106 -0.320755 25
7455 9 93 102 -0.823529 24
7456 76 25 101 0.50495 30
7457 46 51 97 -0.0515464 33
7458 70 37 107 0.308411 27
7459 71 7 78 0.820513 24
7460 112 6 118 0.898305 18
7461 36 73 109 -0.33945 25
7462 30 80 110 -0.454545 32
7463 18 70 88 -0.590909 22
7464 88 10 98 0.795918 26
7465 23 75 98 -0.530612 23
7466 42 52 94 -0.106383 30
7467 16 77 93 -0.655914 29
7468 10 70 80 -0.75 26
7469 26 75 101 -0.485149 27
7470 62 35 97 0.278351 31
7471 78 35 113 0.380531 23
7472 90 10 100 0.8 19
7473 26 74 100 -0.48 29
7474 84 28 112 0.5 30
7475 69 23 92 0.5 27
7476 36 61 97 -0.257732 28
7477 14 116 130 -0.784615 27
7478 35 24 59 0.186441 24
7479 48 46 94 0.0212766 30
7480 68 33 101 0.346535 28
7481 24 51 75 -0.36 26
7482 67 43 110 0.218182 31
7483 29 10 39 0.487179 18
7484 66 35 101 0.306931 34
7485 125 17 142 0.760563 25
7486 53 40 93 0.139785 29
7487 64 32 96 0.333333 30
7488 60 32 92 0.304348 25
7489 35 18 53 0.320755 23
7490 14 89 103 -0.728155 21
7491 29 62 91 -0.362637 27
7492 37 66 103 -0.281553 30
7493 13 86 99 -0.737374 24
7494 19 90 109 -0.651376 27
7495 53 29 82 0.292683 18
7496 61 41 102 0.196078 25
7497 88 7 95 0.852632 18
7498 88 30 118 0.491525 28
7499 110 3 113 0.946903 18
7500 66 37 103 0.281553 27
7501 19 56 75 -0.493333 26
7502 67 31 98 0.367347 27
7503 36 76 112 -0.357143 28
7504 57 42 99 0.151515 34
7505 28 49 77 -0.272727 27
7506 66 38 104 0.269231 25
7507 32 67 99 -0.353535 26
7508 104 4 108 0.925926 14
7509 25 66 91 -0.450549 31
7510 101 13 114 0.77193 27
7511 15 67 82 -0.634146 28
7512 23 80 103 -0.553398 26
7513 8 75 83 -0.807229 21
7514 55 62 117 -0.0598291 29
7515 5 147 152 -0.934211 23
7516 55 49 104 0.0576923 28
7517 18 56 74 -0.513514 18
7518 22 73 95 -0.536842 30
7519 45 47 92 -0.0217391 29
7520 17 54 71 -0.521127 24
7521 21 76 97 -0.56701 27
7522 16 130 146 -0.780822 27
7523 10 126 136 -0.852941 24
7524 83 39 122 0.360656 29
7525 71 22 93 0.526882 28
7526 61 44 105 0.161905 25
7527 45 62 107 -0.158879 25
7528 28 63 91 -0.384615 28
7529 53 29 82 0.292683 30
7530 78 18 96 0.625 23
7531 68 25 93 0.462366 25
7532 23 45 68 -0.323529 20
7533 14 100 114 -0.754386 28
7534 69 30 99 0.393939 34
7535 75 20 95 0.578947 22
7536 32 63 95 -0.326316 28
7537 80 16 96 0.666667 26
7538 38 55 93 -0.182796 29
7539 44 82 126 -0.301587 22
7540 135 9 144 0.875 21
7541 71 6 77 0.844156 22
7542 41 57 98 -0.163265 28
7543 67 45 112 0.196429 29
7544 123 28 151 0.629139 28
7545 67 40 107 0.252336 24
7546 44 49 93 -0.0537634 30
7547 46 41 87 0.0574713 27
7548 7 53 60 -0.766667 22
7549 65 37 102 0.27451 33
7550 96 6 102 0.882353 24
7551 102 7 109 0.87156 23
7552 33 64 97 -0.319588 30
7553 51 40 91 0.120879 25
7554 20 92 112 -0.642857 30
7555 4 94 98 -0.918367 21
7556 56 30 86 0.302326 22
7557 69 47 116 0.189655 29
7558 73 33 106 0.377358 27
7559 53 62 115 -0.0782609 32
7560 13 79 92 -0.717391 19
7561 33 57 90 -0.266667 23
7562 23 93 116 -0.603448 23
7563 101 6 107 0.88785 20
7564 77 26 103 0.495146 25
7565 67 17 84 0.595238 26
7566 92 22 114 0.614035 29
7567 32 47 79 -0.189873 27
7568 28 62 90 -0.377778 26
7569 11 120 131 -0.832061 21
7570 32 86 118 -0.457627 27
7571 57 65 122 -0.0655738 32
7572 23 90 113 -0.59292 29
7573 46 55 101 -0.0891089 32
7574 20 96 116 -0.655172 28
7575 19 84 103 -0.631068 28
7576 22 33 55 -0.2 22
7577 43 49 92 -0.0652174 25
7578 57 40 97 0.175258 29
7579 17 106 123 -0.723577 28
7580 6 96 102 -0.882353 25
7581 24 65 89 -0.460674 29
7582 88 6 94 0.87234 18
7583 96 14 110 0.745455 23
7584 98 6 104 0.884615 22
7585 32 61 93 -0.311828 31
7586 76 21 97 0.56701 26
7587 8 91 99 -0.838384 20
7588 24 84 108 -0.555556 28
7589 6 55 61 -0.803279 18
7590 30 57 87 -0.310345 30
7591 82 16 98 0.673469 25
7592 44 39 83 0.060241 27
7593 27 81 108 -0.5 29
7594 27 52 79 -0.316456 21
7595 89 30 119 0.495798 32
7596 121 3 124 0.951613 21
7597 4 83 87 -0.908046 15
7598 17 101 118 -0.711864 25
7599 59 50 109 0.0825688 26
7600 10 127 137 -0.854015 20
7601 64 44 108 0.185185 30
7602 49 20 69 0.42029 13
7603 33 69 102 -0.352941 24
7604 20 22 42 -0.047619 14
7605 35 73 108 -0.351852 30
7606 8 119 127 -0.874016 24
7607 116 5 121 0.917355 21
7608 54 65 119 -0.092437 31
7609 66 32 98 0.346939 30
7610 23 50 73 -0.369863 22
7611 110 30 140 0.571429 32
7612 79 18 97 0.628866 28
7613 24 110 134 -0.641791 24
7614 75 20 95 0.578947 28
7615 61 21 82 0.487805 23
7616 31 67 98 -0.367347 28
7617 66 35 101 0.306931 32
7618 59 9 68 0.735294 18
7619 1 99 100 -0.98 16
7620 42 40 82 0.0243902 28
7621 38 85 123 -0.382114 26
7622 4 147 151 -0.94702 18
7623 33 54 87 -0.241379 29
7624 75 22 97 0.546392 22
7625 20 98 118 -0.661017 26
7626 51 30 81 0.259259 29
7627 90 26 116 0.551724 29
7628 121 1 122 0.983607 17
7629 46 26 72 0.277778 25
7630 127 20 147 0.727891 24
7631 59 44 103 0.145631 30
7632 72 28 100 0.44 29
7633 2 98 100 -0.96 19
7634 64 51 115 0.113043 32
7635 95 17 112 0.696429 27
7636 71 39 110 0.290909 26
7637 116 7 123 0.886179 19
7638 15 101 116 -0.741379 27
7639 87 36 123 0.414634 32
7640 86 50 136 0.264706 29
7641 22 62 84 -0.47619 25
7642 8 77 85 -0.811765 24
7643 8 106 114 -0.859649 24
7644 46 42 88 0.0454545 34
7645 81 8 89 0.820225 21
7646 28 65 93 -0.397849 29
7647 36 72 108 -0.333333 32
7648 15 7 22 0.363636 11
7649 40 33 73 0.0958904 22
7650 21 70 91 -0.538462 20
7651 12 96 108 -0.777778 27
7652 78 44 122 0.278689 30
7653 101 16 117 0.726496 27
7654 9 127 136 -0.867647 27
7655 20 77 97 -0.587629 28
7656 34 61 95 -0.284211 28
7657 78 17 95 0.642105 27
7658 86 16 102 0.686275 23
7659 28 70 98 -0.428571 30
7660 21 26 47 -0.106383 21
7661 67 33 100 0.34 30
7662 30 69 99 -0.393939 25
7663 124 2 126 0.968254 17
7664 69 17 86 0.604651 29
7665 76 9 85 0.788235 22
7666 78 12 90 0.733333 25
7667 58 61 119 -0.0252101 27
7668 86 30 116 0.482759 27
7669 44 57 101 -0.128713 27
7670 30 52 82 -0.268293 29
7671 24 85 109 -0.559633 29
7672 73 24 97 0.505155 33
7673 10 95 105 -0.809524 20
7674 40 66 106 -0.245283 28
7675 114 18 132 0.727273 28
7676 5 110 115 -0.913043 19
7677 51 16 67 0.522388 19
7678 3 89 92 -0.934783 20
7679 31 55 86 -0.27907 30
7680 6 85 91 -0.868132 20
7681 52 48 100 0.04 34
7682 30 97 127 -0.527559 30
7683 59 43 102 0.156863 30
7684 77 22 99 0.555556 21
7685 105 20 125 0.68 23
7686 12 38 50 -0.52 25
7687 119 8 127 0.874016 20
7688 88 23 111 0.585586 23
7689 63 36 99 0.272727 28
7690 73 56 129 0.131783 25
7691 105 13 118 0.779661 26
7692 50 38 88 0.136364 24
7693 77 38 115 0.33913 22
7694 12 106 118 -0.79661 24
7695 40 35 75 0.0666667 26
7696 41 40 81 0.0123457 30
7697 7 109 116 -0.87931 23
7698 33 63 96 -0.3125 32
7699 10 113 123 -0.837398 26
7700 97 11 108 0.796296 22
7701 35 60 95 -0.263158 22
7702 40 45 85 -0.0588235 29
7703 46 35 81 0.135802 26
7704 24 55 79 -0.392405 28
7705 56 27 83 0.349398 26
7706 12 102 114 -0.789474 28
7707 22 79 101 -0.564356 24
7708 29 79 108 -0.462963 27
7709 75 44 119 0.260504 30
7710 129 14 143 0.804196 29
7711 56 43 99 0.131313 20
7712 39 43 82 -0.0487805 25
7713 80 37 117 0.367521 24
7714 8 95 103 -0.84466 23
7715 86 23 109 0.577982 31
7716 10 105 115 -0.826087 19
7717 64 25 89 0.438202 26
7718 67 24 91 0.472527 31
7719 87 19 106 0.641509 25
7720 120 5 125 0.92 23
7721 25 26 51 -0.0196078 21
7722 69 33 102 0.352941 23
7723 53 1 54 0.962963 15
7724 10 95 105 -0.809524 26
7725 40 36 76 0.0526316 27
7726 89 21 110 0.618182 30
7727 83 24 107 0.551402 31
7728 86 43 129 0.333333 34
7729 77 8 85 0.811765 21
7730 105 14 119 0.764706 20
7731 69 67 136 0.0147059 33
7732 5 83 88 -0.886364 23
7733 87 13 100 0.74 23
7734 25 57 82 -0.390244 23
7735 80 13 93 0.72043 21
7736 8 93 101 -0.841584 23
7737 23 80 103 -0.553398 24
7738 31 71 102 -0.392157 29
7739 45 42 87 0.0344828 30
7740 13 50 63 -0.587302 24
7741 101 8 109 0.853211 24
7742 45 29 74 0.216216 27
7743 38 69 107 -0.28972 23
7744 101 6 107 0.88785 20
7745 62 52 114 0.0877193 29
7746 36 35 71 0.0140845 24
7747 56 32 88 0.272727 25
7748 4 117 121 -0.933884 16
7749 118 11 129 0.829457 20
7750 30 75 105 -0.428571 29
7751 13 1 14 0.857143 11
7752 38 43 81 -0.0617284 31
7753 49 62 111 -0.117117 29
7754 25 96 121 -0.586777 31
7755 21 6 27 0.555556 17
7756 77 33 110 0.4 22
7757 51 96 147 -0.306122 30
7758 122 1 123 0.98374 20
7759 86 29 115 0.495652 29
7760 30 68 98 -0.387755 31
7761 28 64 92 -0.391304 28
7762 46 64 110 -0.163636 27
7763 69 50 119 0.159664 33
7764 65 18 83 0.566265 27
7765 136 8 144 0.888889 25
7766 77 22 99 0.555556 29
7767 11 79 90 -0.755556 27
7768 27 84 111 -0.513514 29
7769 50 53 103 -0.0291262 33
7770 17 96 113 -0.699115 26
7771 54 59 113 -0.0442478 29
7772 46 31 77 0.194805 22
7773 21 77 98 -0.571429 28
7774 57 59 116 -0.0172414 27
7775 37 66 103 -0.281553 30
7776 71 30 101 0.405941 24
7777 14 81 95 -0.705263 26
7778 29 55 84 -0.309524 31
7779 49 55 104 -0.0576923 28
7780 126 6 132 0.909091 22
7781 2 118 120 -0.966667 17
7782 56 32 88 0.272727 28
7783 35 50 85 -0.176471 23
7784 113 1 114 0.982456 20
7785 79 28 107 0.476636 23
7786 86 22 108 0.592593 30
7787 127 19 146 0.739726 25
7788 62 25 87 0.425287 28
7789 92 28 120 0.533333 32
7790 11 95 106 -0.792453 29
7791 77 10 87 0.770115 26
7792 52 59 111 -0.0630631 32
7793 3 100 103 -0.941748 21
7794 108 8 116 0.862069 23
7795 12 75 87 -0.724138 19
7796 63 20 83 0.518072 25
7797 15 143 158 -0.810127 27
7798 27 117 144 -0.625 27
7799 145 1 146 0.986301 10
7800 47 81 128 -0.265625 31
7801 97 5 102 0.901961 23
7802 55 15 70 0.571429 24
7803 8 73 81 -0.802469 26
7804 8 73 81 -0.802469 24
7805 63 46 109 0.155963 28
7806 91 10 101 0.80198 24
7807 17 71 88 -0.613636 28
7808 50 69 119 -0.159664 33
7809 79 27 106 0.490566 28
7810 75 19 94 0.595745 22
7811 19 102 121 -0.68595 30
7812 54 60 114 -0.0526316 31
7813 79 31 110 0.436364 25
7814 69 47 116 0.189655 28
7815 7 114 121 -0.884298 23
7816 14 113 127 -0.779528 22
7817 5 115 120 -0.916667 23
7818 67 29 96 0.395833 28
7819 111 16 127 0.748031 25
7820 30 65 95 -0.368421 25
7821 63 15 78 0.615385 25
7822 104 1 105 0.980952 14
7823 41 57 98 -0.163265 28
7824 47 45 92 0.0217391 29
7825 59 34 93 0.268817 30
7826 14 109 123 -0.772358 27
7827 37 60 97 -0.237113 27
7828 58 15 73 0.589041 25
7829 83 14 97 0.71134 26
7830 71 8 79 0.797468 22
7831 57 46 103 0.106796 27
7832 26 87 113 -0.539823 24
7833 54 33 87 0.241379 31
7834 27 61 88 -0.386364 30
7835 122 2 124 0.967742 18
7836 11 118 129 -0.829457 26
7837 26 77 103 -0.495146 28
7838 83 52 135 0.22963 31
7839 70 64 134 0.0447761 28
7840 53 51 104 0.0192308 28
7841 19 80 99 -0.616162 30
7842 102 5 107 0.906542 23
7843 36 63 99 -0.272727 29
7844 71 37 108 0.314815 32
7845 124 6 130 0.907692 18
7846 76 14 90 0.688889 17
7847 22 83 105 -0.580952 28
7848 66 30 96 0.375 27
7849 5 76 81 -0.876543 22
7850 49 45 94 0.0425532 30
7851 60 33 93 0.290323 25
7852 39 60 99 -0.212121 31
7853 10 104 114 -0.824561 26
7854 37 94 131 -0.435115 27
7855 81 31 112 0.446429 27
7856 58 39 97 0.195876 32
7857 31 40 71 -0.126761 28
7858 68 10 78 0.74359 22
7859 20 76 96 -0.583333 29
7860 84 18 102 0.647059 28
7861 66 30 96 0.375 25
7862 102 6 108 0.888889 23
7863 34 56 90 -0.244444 26
7864 87 21 108 0.611111 28
7865 7 95 102 -0.862745 24
7866 98 34 132 0.484848 30
7867 13 74 87 -0.701149 25
7868 49 51 100 -0.02 30
7869 3 121 124 -0.951613 20
7870 101 24 125 0.616 28
7871 109 16 125 0.744 26
7872 9 66 75 -0.76 20
7873 96 3 99 0.939394 20
7874 84 38 122 0.377049 26
7875 47 81 128 -0.265625 29
7876 10 49 59 -0.661017 15
7877 55 52 107 0.0280374 30
7878 49 58 107 -0.0841121 29
7879 17 85 102 -0.666667 28
7880 38 51 89 -0.146067 27
7881 66 31 97 0.360825 26
7882 87 21 108 0.611111 30
7883 128 15 143 0.79021 26
7884 22 73 95 -0.536842 26
7885 107 29 136 0.573529 28
7886 74 47 121 0.22314 31
7887 153 4 157 0.949045 17
7888 71 9 80 0.775 20
7889 43 44 87 -0.0114943 26
7890 8 93 101 -0.841584 24
7891 21 65 86 -0.511628 23
7892 33 87 120 -0.45 25
7893 36 37 73 -0.0136986 26
7894 29 60 89 -0.348315 32
7895 92 8 100 0.84 25
7896 59 37 96 0.229167 27
7897 75 19 94 0.595745 25
7898 25 101 126 -0.603175 32
7899 19 9 28 0.357143 13
7900 15 77 92 -0.673913 25
7901 31 53 84 -0.261905 23
7902 53 32 85 0.247059 27
7903 79 30 109 0.449541 31
7904 49 55 104 -0.0576923 31
7905 98 12 110 0.781818 28
7906 93 23 116 0.603448 29
7907 103 26 129 0.596899 26
7908 60 28 88 0.363636 29
7909 13 145 158 -0.835443 27
7910 14 93 107 -0.738318 23
7911 15 100 115 -0.73913 24
7912 119 12 131 0.816794 23
7913 19 117 136 -0.720588 27
7914 31 68 99 -0.373737 28
7915 83 13 96 0.729167 28
7916 59 21 80 0.475 27
7917 86 42 128 0.34375 31
7918 16 96 112 -0.714286 24
7919 99 4 103 0.92233 17
7920 50 36 86 0.162791 27
7921 94 4 98 0.918367 22
7922 39 57 96 -0.1875 32
7923 67 33 100 0.34 29
7924 18 96 114 -0.684211 28
7925 72 21 93 0.548387 29
7926 10 75 85 -0.764706 23
7927 37 32 69 0.0724638 25
7928 50 40 90 0.111111 24
7929 9 94 103 -0.825243 25
7930 54 40 94 0.148936 22
7931 69 62 131 0.0534351 30
7932 59 26 85 0.388235 26
7933 15 76 91 -0.67033 25
7934 138 1 139 0.985612 18
7935 26 100 126 -0.587302 25
7936 54 40 94 0.148936 24
7937 32 52 84 -0.238095 26
7938 67 19 86 0.55814 21
7939 35 45 80 -0.125 28
7940 105 7 112 0.875 24
7941 22 96 118 -0.627119 28
7942 46 39 85 0.0823529 30
7943 72 9 81 0.777778 28
7944 70 36 106 0.320755 30
7945 61 40 101 0.207921 29
7946 45 46 91 -0.010989 27
7947 6 103 109 -0.889908 23
7948 118 5 123 0.918699 18
7949 63 31 94 0.340426 23
7950 33 57 90 -0.266667 28
7951 78 18 96 0.625 26
7952 49 53 102 -0.0392157 31
7953 33 66 99 -0.333333 30
7954 148 2 150 0.973333 18
7955 43 74 117 -0.264957 27
7956 152 1 153 0.986928 11
7957 5 116 121 -0.917355 22
7958 89 27 116 0.534483 28
7959 50 17 67 0.492537 19
7960 41 66 107 -0.233645 29
7961 6 110 116 -0.896552 22
7962 68 16 84 0.619048 28
7963 53 13 66 0.606061 21
7964 65 21 86 0.511628 26
7965 78 29 107 0.457944 25
7966 60 26 86 0.395349 29
7967 21 85 106 -0.603774 25
7968 47 40 87 0.0804598 20
7969 144 2 146 0.972603 18
7970 37 50 87 -0.149425 27
7971 107 29 136 0.573529 29
7972 19 80 99 -0.616162 25
7973 56 18 74 0.513514 28
7974 32 52 84 -0.238095 31
7975 6 78 84 -0.857143 23
7976 54 62 116 -0.0689655 34
7977 1 61 62 -0.967742 19
7978 42 84 126 -0.333333 33
7979 1 140 141 -0.985816 16
7980 6 96 102 -0.882353 23
7981 68 20 88 0.545455 30
7982 65 16 81 0.604938 30
7983 23 69 92 -0.5 23
7984 19 73 92 -0.586957 23
7985 11 75 86 -0.744186 28
7986 86 20 106 0.622642 30
7987 84 21 105 0.6 25
7988 68 16 84 0.619048 23
7989 75 21 96 0.5625 29
7990 11 108 119 -0.815126 23
7991 113 2 115 0.965217 21
7992 69 16 85 0.623529 25
7993 16 113 129 -0.751938 23
7994 25 66 91 -0.450549 19
7995 18 90 108 -0.666667 21
7996 52 57 109 -0.0458716 29
7997 19 87 106 -0.641509 27
7998 61 35 96 0.270833 30
7999 66 28 94 0.404255 23
8000 143 4 147 0.945578 21
8001 106 24 130 0.630769 26
8002 60 21 81 0.481481 28
8003 53 52 105 0.00952381 27
8004 30 61 91 -0.340659 24
8005 26 88 114 -0.54386 27
8006 32 65 97 -0.340206 32
8007 83 12 95 0.747368 25
8008 27 26 53 0.0188679 22
8009 49 45 94 0.0425532 24
8010 37 24 61 0.213115 27
8011 5 97 102 -0.901961 14
8012 21 113 134 -0.686567 30
8013 12 85 97 -0.752577 27
8014 35 64 99 -0.292929 25
8015 77 23 100 0.54 25
8016 74 12 86 0.72093 25
8017 126 9 135 0.866667 19
8018 115 6 121 0.900826 20
8019 47 53 100 -0.06 31
8020 45 73 118 -0.237288 28
8021 92 10 102 0.803922 25
8022 29 72 101 -0.425743 29
8023 56 19 75 0.493333 23
8024 79 7 86 0.837209 20
8025 39 77 116 -0.327586 29
8026 33 81 114 -0.421053 28
8027 77 10 87 0.770115 27
8028 54 36 90 0.2 29
8029 88 13 101 0.742574 25
8030 10 85 95 -0.789474 24
8031 8 101 109 -0.853211 26
8032 24 82 106 -0.54717 30
8033 62 30 92 0.347826 25
8034 22 68 90 -0.511111 27
8035 96 17 113 0.699115 28
8036 73 53 126 0.15873 31
8037 71 28 99 0.434343 27
8038 101 31 132 0.530303 34
8039 112 13 125 0.792 23
8040 71 22 93 0.526882 28
8041 82 21 103 0.592233 31
8042 48 79 127 -0.244094 31
8043 69 33 102 0.352941 28
8044 21 97 118 -0.644068 28
8045 26 61 87 -0.402299 29
8046 12 63 75 -0.68 23
8047 51 24 75 0.36 22
8048 12 100 112 -0.785714 24
8049 18 83 101 -0.643564 19
8050 65 42 107 0.214953 31
8051 56 39 95 0.178947 30
8052 45 50 95 -0.0526316 24
8053 44 51 95 -0.0736842 27
8054 26 71 97 -0.463918 29
8055 26 80 106 -0.509434 24
8056 22 90 112 -0.607143 27
8057 42 53 95 -0.115789 29
8058 79 36 115 0.373913 31
8059 31 62 93 -0.333333 32
8060 99 20 119 0.663866 21
8061 78 35 113 0.380531 26
8062 89 29 118 0.508475 26
8063 9 87 96 -0.8125 23
8064 26 98 124 -0.580645 27
8065 29 75 104 -0.442308 28
8066 50 69 119 -0.159664 27
8067 63 55 118 0.0677966 36
8068 64 34 98 0.306122 29
8069 98 22 120 0.633333 30
8070 16 58 74 -0.567568 28
8071 51 52 103 -0.00970874 26
8072 7 98 105 -0.866667 25
8073 50 29 79 0.265823 25
8074 38 39 77 -0.012987 25
8075 53 58 111 -0.045045 30
8076 55 35 90 0.222222 28
8077 79 27 106 0.490566 29
8078 22 85 107 -0.588785 30
8079 33 49 82 -0.195122 28
8080 33 54 87 -0.241379 26
8081 22 85 107 -0.588785 26
8082 62 48 110 0.127273 28
8083 97 26 123 0.577236 24
8084 61 19 80 0.525 26
8085 9 96 105 -0.828571 25
8086 90 33 123 0.463415 29
8087 39 48 87 -0.103448 32
8088 15 97 112 -0.732143 21
8089 61 51 112 0.0892857 33
8090 78 37 115 0.356522 34
8091 44 28 72 0.222222 25
8092 50 31 81 0.234568 24
8093 46 40 86 0.0697674 23
8094 54 28 82 0.317073 21
8095 50 38 88 0.136364 23
8096 49 37 86 0.139535 21
8097 34 75 109 -0.376147 29
8098 48 75 123 -0.219512 32
8099 28 99 127 -0.559055 28
8100 36 67 103 -0.300971 24
8101 41 52 93 -0.11828 28
8102 92 3 95 0.936842 22
8103 50 41 91 0.0989011 26
8104 104 4 108 0.925926 21
8105 19 76 95 -0.6 24
8106 31 74 105 -0.409524 24
8107 51 52 103 -0.00970874 22
8108 4 124 128 -0.9375 16
8109 45 62 107 -0.158879 27
8110 7 17 24 -0.416667 19
8111 13 139 152 -0.828947 20
8112 59 40 99 0.191919 28
8113 31 73 104 -0.403846 27
8114 29 60 89 -0.348315 29
8115 37 67 104 -0.288462 29
8116 70 4 74 0.891892 21
8117 12 114 126 -0.809524 24
8118 39 55 94 -0.170213 28
8119 51 67 118 -0.135593 33
8120 6 97 103 -0.883495 22
8121 46 27 73 0.260274 26
8122 27 88 115 -0.530435 29
8123 69 51 120 0.15 32
8124 30 71 101 -0.405941 26
8125 25 79 104 -0.519231 30
8126 63 34 97 0.298969 23
8127 55 30 85 0.294118 22
8128 51 39 90 0.133333 30
8129 48 44 92 0.0434783 21
8130 91 3 94 0.93617 20
8131 6 109 115 -0.895652 21
8132 69 29 98 0.408163 28
8133 70 34 104 0.346154 26
8134 26 72 98 -0.469388 30
8135 74 28 102 0.45098 24
8136 38 65 103 -0.262136 28
8137 5 94 99 -0.89899 22
8138 33 41 74 -0.108108 24
8139 43 64 107 -0.196262 28
8140 38 55 93 -0.182796 28
8141 9 124 133 -0.864662 23
8142 100 15 115 0.73913 27
8143 7 112 119 -0.882353 19
8144 61 61 122 0 28
8145 108 7 115 0.878261 23
8146 9 93 102 -0.823529 25
8147 10 65 75 -0.733333 21
8148 75 29 104 0.442308 31
8149 51 84 135 -0.244444 27
8150 15 69 84 -0.642857 22
8151 5 116 121 -0.917355 18
8152 89 27 116 0.534483 31
8153 23 95 118 -0.610169 27
8154 47 47 94 0 25
8155 37 83 120 -0.383333 31
8156 28 66 94 -0.404255 22
8157 35 63 98 -0.285714 32
8158 29 69 98 -0.408163 29
8159 68 10 78 0.74359 19
8160 13 116 129 -0.79845 23
8161 7 69 76 -0.815789 25
8162 47 42 89 0.0561798 28
8163 15 86 101 -0.70297 23
8164 77 17 94 0.638298 28
8165 25 85 110 -0.545455 30
8166 9 74 83 -0.783133 18
8167 54 55 109 -0.00917431 27
8168 81 21 102 0.588235 25
8169 18 2 20 0.8 7
8170 66 39 105 0.257143 29
8171 108 10 118 0.830508 25
8172 94 21 115 0.634783 25
8173 49 79 128 -0.234375 26
8174 103 36 139 0.482014 32
8175 19 74 93 -0.591398 21
8176 19 45 64 -0.40625 25
8177 25 91 116 -0.568966 26
8178 57 58 115 -0.00869565 33
8179 126 4 130 0.938462 22
8180 5 107 112 -0.910714 23
8181 72 24 96 0.5 24
8182 134 0 134 1 15
8183 64 14 78 0.641026 24
8184 67 35 102 0.313725 25
8185 17 73 90 -0.622222 22
8186 15 89 104 -0.711538 27
8187 44 61 105 -0.161905 25
8188 34 50 84 -0.190476 31
8189 29 58 87 -0.333333 29
8190 25 73 98 -0.489796 27
8191 67 47 114 0.175439 28
8192 41 29 70 0.171429 27
8193 15 52 67 -0.552239 22
8194 48 46 94 0.0212766 30
8195 13 43 56 -0.535714 18
8196 123 26 149 0.651007 29
8197 57 32 89 0.280899 23
8198 42 51 93 -0.0967742 28
8199 28 78 106 -0.471698 24
8200 106 6 112 0.892857 20
8201 6 74 80 -0.85 23
8202 34 27 61 0.114754 23
8203 83 22 105 0.580952 25
8204 59 24 83 0.421687 23
8205 52 56 108 -0.037037 25
8206 71 24 95 0.494737 18
8207 13 88 101 -0.742574 26
8208 71 15 86 0.651163 19
8209 121 7 128 0.890625 22
8210 39 58 97 -0.195876 29
8211 17 51 68 -0.5 24
8212 36 62 98 -0.265306 26
8213 66 38 104 0.269231 27
8214 88 22 110 0.6 28
8215 85 21 106 0.603774 27
8216 39 34 73 0.0684932 21
8217 44 32 76 0.157895 22
8218 60 7 67 0.791045 17
8219 48 73 121 -0.206612 30
8220 90 5 95 0.894737 16
8221 43 43 86 0 28
8222 119 15 134 0.776119 25
8223 42 65 107 -0.214953 26
8224 15 1 16 0.875 8
8225 68 30 98 0.387755 20
8226 67 33 100 0.34 30
8227 96 31 127 0.511811 29
8228 83 12 95 0.747368 29
8229 128 21 149 0.718121 27
8230 94 28 122 0.540984 31
8231 26 64 90 -0.422222 27
8232 36 67 103 -0.300971 34
8233 6 57 63 -0.809524 24
8234 71 38 109 0.302752 33
8235 96 9 105 0.828571 24
8236 58 37 95 0.221053 21
8237 99 22 121 0.636364 29
8238 10 49 59 -0.661017 16
8239 34 57 91 -0.252747 28
8240 95 14 109 0.743119 23
8241 29 70 99 -0.414141 28
8242 3 95 98 -0.938776 16
8243 6 102 108 -0.888889 24
8244 48 70 118 -0.186441 26
8245 14 97 111 -0.747748 23
8246 56 69 125 -0.104 35
8247 70 39 109 0.284404 27
8248 24 75 99 -0.515152 26
8249 0 146 146 -1 15
8250 74 10 84 0.761905 22
8251 86 15 101 0.70297 27
8252 119 4 123 0.934959 22
8253 10 130 140 -0.857143 22
8254 110 2 112 0.964286 21
8255 91 5 96 0.895833 22
8256 50 56 106 -0.0566038 29
8257 129 8 137 0.883212 22
8258 14 77 91 -0.692308 26
8259 30 83 113 -0.469027 32
8260 31 62 93 -0.333333 27
8261 11 101 112 -0.803571 24
8262 91 2 93 0.956989 19
8263 8 90 98 -0.836735 21
8264 78 34 112 0.392857 30
8265 68 23 91 0.494505 28
8266 42 56 98 -0.142857 24
8267 51 29 80 0.275 24
8268 37 47 84 -0.119048 24
8269 17 68 85 -0.6 23
8270 90 30 120 0.5 24
8271 19 68 87 -0.563218 24
8272 58 20 78 0.487179 19
8273 103 20 123 0.674797 22
8274 51 35 86 0.186047 25
8275 6 55 61 -0.803279 22
8276 66 31 97 0.360825 26
8277 35 71 106 -0.339623 26
8278 118 3 121 0.950413 22
8279 13 74 87 -0.701149 28
8280 58 51 109 0.0642202 33
8281 17 72 89 -0.617978 24
8282 23 92 115 -0.6 28
8283 40 68 108 -0.259259 26
8284 78 74 152 0.0263158 31
8285 74 23 97 0.525773 27
8286 41 85 126 -0.349206 30
8287 73 32 105 0.390476 33
8288 96 7 103 0.864078 21
8289 78 26 104 0.5 28
8290 19 64 83 -0.542169 23
8291 42 73 115 -0.269565 29
8292 22 104 126 -0.650794 25
8293 60 28 88 0.363636 30
8294 57 48 105 0.0857143 28
8295 56 57 113 -0.00884956 30
8296 33 68 101 -0.346535 24
8297 44 54 98 -0.102041 29
8298 36 45 81 -0.111111 28
8299 9 134 143 -0.874126 23
8300 39 50 89 -0.123596 31
8301 96 23 119 0.613445 24
8302 6 130 136 -0.911765 20
8303 52 48 100 0.04 32
8304 90 27 117 0.538462 33
8305 103 22 125 0.648 29
8306 82 16 98 0.673469 23
8307 27 76 103 -0.475728 26
8308 61 52 113 0.079646 33
8309 74 6 80 0.85 24
8310 94 1 95 0.978947 20
8311 75 3 78 0.923077 18
8312 61 13 74 0.648649 25
8313 113 5 118 0.915254 23
8314 94 11 105 0.790476 22
8315 18 86 104 -0.653846 28
8316 41 44 85 -0.0352941 24
8317 137 7 144 0.902778 24
8318 6 93 99 -0.878788 25
8319 13 123 136 -0.808824 22
8320 44 38 82 0.0731707 30
8321 9 89 98 -0.816327 21
8322 22 75 97 -0.546392 28
8323 27 102 129 -0.581395 26
8324 62 43 105 0.180952 30
8325 41 45 86 -0.0465116 26
8326 33 75 108 -0.388889 28
8327 6 163 169 -0.928994 14
8328 29 68 97 -0.402062 30
8329 3 137 140 -0.957143 18
8330 20 84 104 -0.615385 28
8331 12 59 71 -0.661972 23
8332 104 20 124 0.677419 31
8333 11 58 69 -0.681159 22
8334 59 38 97 0.216495 30
8335 13 78 91 -0.714286 26
8336 76 15 91 0.67033 21
8337 88 21 109 0.614679 22
8338 55 41 96 0.145833 29
8339 18 74 92 -0.608696 21
8340 50 45 95 0.0526316 28
8341 52 36 88 0.181818 23
8342 28 64 92 -0.391304 27
8343 4 99 103 -0.92233 16
8344 93 37 130 0.430769 28
8345 38 43 81 -0.0617284 30
8346 34 59 93 -0.268817 32
8347 50 69 119 -0.159664 31
8348 29 60 89 -0.348315 24
8349 17 72 89 -0.617978 26
8350 35 84 119 -0.411765 26
8351 70 18 88 0.590909 25
8352 42 57 99 -0.151515 28
8353 109 10 119 0.831933 28
8354 66 47 113 0.168142 30
8355 12 76 88 -0.727273 23
8356 5 97 102 -0.901961 22
8357 28 53 81 -0.308642 32
8358 39 43 82 -0.0487805 30
8359 45 43 88 0.0227273 27
8360 77 7 84 0.833333 20
8361 13 74 87 -0.701149 21
8362 33 77 110 -0.4 23
8363 14 113 127 -0.779528 22
8364 52 49 101 0.029703 28
8365 18 54 72 -0.5 27
8366 11 60 71 -0.690141 24
8367 15 79 94 -0.680851 27
8368 11 115 126 -0.825397 18
8369 70 19 89 0.573034 26
8370 70 20 90 0.555556 27
8371 24 77 101 -0.524752 24
8372 64 26 90 0.422222 21
8373 32 71 103 -0.378641 27
8374 63 36 99 0.272727 20
8375 86 13 99 0.737374 22
8376 69 13 82 0.682927 25
8377 29 60 89 -0.348315 28
8378 83 20 103 0.61165 27
8379 31 32 63 -0.015873 19
8380 7 119 126 -0.888889 24
8381 72 13 85 0.694118 26
8382 10 108 118 -0.830508 23
8383 25 81 106 -0.528302 27
8384 35 82 117 -0.401709 26
8385 71 22 93 0.526882 22
8386 36 83 119 -0.394958 31
8387 100 29 129 0.550388 30
8388 14 86 100 -0.72 27
8389 12 98 110 -0.781818 25
8390 66 34 100 0.32 23
8391 36 40 76 -0.0526316 23
8392 38 53 91 -0.164835 32
8393 109 14 123 0.772358 25
8394 54 11 65 0.661538 23
8395 38 63 101 -0.247525 25
8396 51 26 77 0.324675 28
8397 69 13 82 0.682927 24
8398 45 94 139 -0.352518 28
8399 4 77 81 -0.901235 22
8400 11 130 141 -0.843972 24
8401 18 61 79 -0.544304 28
8402 72 24 96 0.5 22
8403 6 93 99 -0.878788 22
8404 46 70 116 -0.206897 28
8405 3 119 122 -0.95082 17
8406 18 101 119 -0.697479 20
8407 45 69 114 -0.210526 31
8408 5 38 43 -0.767442 21
8409 26 88 114 -0.54386 25
8410 12 82 94 -0.744681 24
8411 139 10 149 0.865772 21
8412 96 26 122 0.57377 33
8413 88 29 117 0.504274 27
8414 114 12 126 0.809524 23
8415 35 66 101 -0.306931 32
8416 100 5 105 0.904762 17
8417 52 62 114 -0.0877193 28
8418 98 2 100 0.96 21
8419 104 19 123 0.691057 25
8420 99 3 102 0.941176 20
8421 61 40 101 0.207921 29
8422 7 85 92 -0.847826 23
8423 68 31 99 0.373737 28
8424 34 46 80 -0.15 24
8425 67 13 80 0.675 24
8426 49 62 111 -0.117117 31
8427 70 11 81 0.728395 23
8428 52 57 109 -0.0458716 30
8429 163 4 167 0.952096 19
8430 71 23 94 0.510638 22
8431 61 28 89 0.370787 25
8432 14 112 126 -0.777778 28
8433 46 53 99 -0.0707071 30
8434 121 4 125 0.936 22
8435 20 104 124 -0.677419 28
8436 15 93 108 -0.722222 18
8437 57 23 80 0.425 29
8438 74 6 80 0.85 15
8439 98 8 106 0.849057 23
8440 68 40 108 0.259259 30
8441 8 95 103 -0.84466 24
8442 19 77 96 -0.604167 29
8443 4 91 95 -0.915789 22
8444 62 53 115 0.0782609 28
8445 87 22 109 0.59633 29
8446 44 53 97 -0.0927835 26
8447 14 82 96 -0.708333 28
8448 89 30 119 0.495798 28
8449 18 91 109 -0.669725 27
8450 37 75 112 -0.339286 32
8451 9 35 44 -0.590909 19
8452 89 18 107 0.663551 21
8453 76 18 94 0.617021 30
8454 37 52 89 -0.168539 30
8455 77 24 101 0.524752 27
8456 81 14 95 0.705263 22
8457 55 41 96 0.145833 30
8458 14 86 100 -0.72 28
8459 85 15 100 0.7 25
8460 116 10 126 0.84127 24
8461 77 39 116 0.327586 26
8462 13 129 142 -0.816901 28
8463 40 69 109 -0.266055 29
8464 14 62 76 -0.631579 25
8465 49 68 117 -0.162393 26
8466 59 57 116 0.0172414 30
8467 33 42 75 -0.12 26
8468 39 76 115 -0.321739 27
8469 19 74 93 -0.591398 23
8470 6 95 101 -0.881188 25
8471 58 13 71 0.633803 25
8472 6 125 131 -0.908397 24
8473 34 46 80 -0.15 23
8474 63 25 88 0.431818 28
8475 114 8 122 0.868852 26
8476 70 28 98 0.428571 28
8477 55 47 102 0.0784314 32
8478 63 45 108 0.166667 23
8479 66 30 96 0.375 28
8480 77 21 98 0.571429 24
8481 25 89 114 -0.561404 29
8482 7 141 148 -0.905405 23
8483 94 15 109 0.724771 25
8484 16 126 142 -0.774648 25
8485 69 50 119 0.159664 33
8486 80 24 104 0.538462 25
8487 35 54 89 -0.213483 22
8488 110 18 128 0.71875 29
8489 13 93 106 -0.754717 24
8490 50 67 117 -0.145299 29
8491 9 79 88 -0.795455 26
8492 105 8 113 0.858407 25
8493 8 110 118 -0.864407 26
8494 20 65 85 -0.529412 25
8495 2 117 119 -0.966387 21
8496 45 59 104 -0.134615 30
8497 82 20 102 0.607843 27
8498 106 9 115 0.843478 24
8499 43 57 100 -0.14 30
8500 28 75 103 -0.456311 29
8501 44 22 66 0.333333 21
8502 52 52 104 0 26
8503 45 43 88 0.0227273 23
8504 62 26 88 0.409091 29
8505 23 83 106 -0.566038 31
8506 148 15 163 0.815951 27
8507 6 144 150 -0.92 16
8508 115 7 122 0.885246 19
8509 12 116 128 -0.8125 22
8510 46 61 107 -0.140187 30
8511 77 15 92 0.673913 26
8512 49 26 75 0.306667 23
8513 10 80 90 -0.777778 25
8514 55 58 113 -0.0265487 28
8515 84 4 88 0.909091 23
8516 31 70 101 -0.386139 30
8517 41 63 104 -0.211538 29
8518 51 36 87 0.172414 27
8519 12 91 103 -0.76699 20
8520 74 30 104 0.423077 28
8521 35 62 97 -0.278351 26
8522 98 16 114 0.719298 21
8523 26 85 111 -0.531532 25
8524 9 89 98 -0.816327 23
8525 47 57 104 -0.0961538 30
8526 19 91 110 -0.654545 25
8527 51 69 120 -0.15 25
8528 46 17 63 0.460317 21
8529 23 104 127 -0.637795 22
8530 66 45 111 0.189189 32
8531 99 9 108 0.833333 25
8532 21 94 115 -0.634783 26
8533 69 48 117 0.179487 33
8534 30 30 60 0 29
8535 135 8 143 0.888112 17
8536 37 79 116 -0.362069 29
8537 43 32 75 0.146667 24
8538 8 81 89 -0.820225 24
8539 102 9 111 0.837838 21
8540 37 67 104 -0.288462 27
8541 40 58 98 -0.183673 31
8542 65 50 115 0.130435 35
8543 58 44 102 0.137255 28
8544 142 4 146 0.945205 19
8545 47 23 70 0.342857 25
8546 84 23 107 0.570093 25
8547 52 49 101 0.029703 31
8548 55 26 81 0.358025 27
8549 91 12 103 0.76699 18
8550 84 23 107 0.570093 28
8551 47 41 88 0.0681818 24
8552 43 44 87 -0.0114943 34
8553 33 68 101 -0.346535 21
8554 74 32 106 0.396226 29
8555 43 48 91 -0.0549451 28
8556 71 13 84 0.690476 24
8557 49 72 121 -0.190083 27
8558 46 55 101 -0.0891089 29
8559 131 7 138 0.898551 23
8560 6 97 103 -0.883495 20
8561 25 97 122 -0.590164 32
8562 83 31 114 0.45614 23
8563 96 18 114 0.684211 27
8564 31 51 82 -0.243902 28
8565 46 74 120 -0.233333 31
8566 86 7 93 0.849462 23
8567 104 4 108 0.925926 23
8568 46 71 117 -0.213675 30
8569 28 57 85 -0.341176 29
8570 110 22 132 0.666667 21
8571 15 75 90 -0.666667 27
8572 69 18 87 0.586207 21
8573 83 8 91 0.824176 26
8574 40 49 89 -0.101124 28
8575 48 44 92 0.0434783 31
8576 34 75 109 -0.376147 29
8577 104 6 110 0.890909 23
8578 108 9 117 0.846154 27
8579 53 44 97 0.0927835 29
8580 13 84 97 -0.731959 21
8581 37 68 105 -0.295238 27
8582 80 15 95 0.684211 28
8583 28 73 101 -0.445545 31
8584 70 29 99 0.414141 32
8585 17 70 87 -0.609195 26
8586 63 37 100 0.26 32
8587 7 114 121 -0.884298 19
8588 57 50 107 0.0654206 27
8589 19 73 92 -0.586957 31
8590 97 19 116 0.672414 27
8591 46 30 76 0.210526 19
8592 19 60 79 -0.518987 26
8593 51 31 82 0.243902 30
8594 101 21 122 0.655738 29
8595 38 74 112 -0.321429 30
8596 48 27 75 0.28 28
8597 8 62 70 -0.771429 23
8598 60 44 104 0.153846 25
8599 71 15 86 0.651163 25
8600 65 73 138 -0.057971 30
8601 76 43 119 0.277311 31
8602 89 16 105 0.695238 24
8603 138 4 142 0.943662 19
8604 27 92 119 -0.546218 30
8605 48 53 101 -0.049505 22
8606 24 84 108 -0.555556 30
8607 13 85 98 -0.734694 25
8608 23 91 114 -0.596491 24
8609 26 70 96 -0.458333 25
8610 48 50 98 -0.0204082 26
8611 54 42 96 0.125 33
8612 60 38 98 0.22449 31
8613 30 72 102 -0.411765 26
8614 56 32 88 0.272727 31
8615 59 57 116 0.0172414 28
8616 56 55 111 0.00900901 32
8617 41 65 106 -0.226415 31
8618 31 52 83 -0.253012 26
8619 15 80 95 -0.684211 26
8620 53 34 87 0.218391 25
8621 8 130 138 -0.884058 23
8622 99 21 120 0.65 28
8623 53 37 90 0.177778 24
8624 30 76 106 -0.433962 31
8625 40 64 104 -0.230769 33
8626 81 33 114 0.421053 29
8627 41 64 105 -0.219048 25
8628 16 75 91 -0.648352 29
8629 16 91 107 -0.700935 26
8630 85 14 99 0.717172 25
8631 76 33 109 0.394495 31
8632 23 86 109 -0.577982 27
8633 44 28 72 0.222222 27
8634 49 32 81 0.209877 23
8635 61 3 64 0.90625 11
8636 78 37 115 0.356522 22
8637 113 8 121 0.867769 23
8638 121 7 128 0.890625 25
8639 20 70 90 -0.555556 20
8640 89 26 115 0.547826 33
8641 28 69 97 -0.42268 31
8642 50 61 111 -0.0990991 30
8643 2 139 141 -0.971631 12
8644 0 80 80 -1 1
8645 25 78 103 -0.514563 30
8646 112 7 119 0.882353 23
8647 71 27 98 0.44898 27
8648 67 16 83 0.614458 27
8649 27 89 116 -0.534483 28
8650 13 81 94 -0.723404 24
8651 122 15 137 0.781022 28
8652 43 52 95 -0.0947368 30
8653 74 56 130 0.138462 33
8654 76 26 102 0.490196 25
8655 76 30 106 0.433962 31
8656 60 39 99 0.212121 30
8657 39 55 94 -0.170213 27
8658 84 21 105 0.6 27
8659 65 23 88 0.477273 23
8660 4 112 116 -0.931034 22
8661 38 49 87 -0.126437 31
8662 75 42 117 0.282051 29
8663 26 80 106 -0.509434 22
8664 13 87 100 -0.74 25
8665 52 64 116 -0.103448 26
8666 4 116 120 -0.933333 19
8667 27 45 72 -0.25 24
8668 21 77 98 -0.571429 29
8669 75 14 89 0.685393 24
8670 135 22 157 0.719745 22
8671 8 89 97 -0.835052 17
8672 55 29 84 0.309524 22
8673 21 47 68 -0.382353 29
8674 25 49 74 -0.324324 25
8675 58 36 94 0.234043 27
8676 68 13 81 0.679012 26
8677 56 50 106 0.0566038 22
8678 97 11 108 0.796296 22
8679 44 49 93 -0.0537634 23
8680 50 30 80 0.25 31
8681 90 40 130 0.384615 29
8682 58 21 79 0.468354 31
8683 61 24 85 0.435294 28
8684 21 72 93 -0.548387 21
8685 44 48 92 -0.0434783 32
8686 51 33 84 0.214286 27
8687 31 64 95 -0.347368 28
8688 80 18 98 0.632653 27
8689 98 15 113 0.734513 21
8690 27 61 88 -0.386364 24
8691 3 63 66 -0.909091 19
8692 76 43 119 0.277311 35
8693 16 74 90 -0.644444 29
8694 0 126 126 -1 12
8695 76 15 91 0.67033 26
8696 50 40 90 0.111111 28
8697 44 55 99 -0.111111 28
8698 29 39 68 -0.147059 24
8699 40 58 98 -0.183673 26
8700 82 9 91 0.802198 23
8701 81 23 104 0.557692 23
8702 44 58 102 -0.137255 31
8703 98 14 112 0.75 17
8704 13 102 115 -0.773913 28
8705 79 21 100 0.58 23
8706 104 16 120 0.733333 25
8707 14 86 100 -0.72 27
8708 64 23 87 0.471264 23
8709 94 9 103 0.825243 24
8710 2 115 117 -0.965812 20
8711 32 50 82 -0.219512 30
8712 5 73 78 -0.871795 22
8713 35 54 89 -0.213483 32
8714 6 97 103 -0.883495 21
8715 91 14 105 0.733333 27
8716 96 18 114 0.684211 27
8717 37 51 88 -0.159091 29
8718 62 29 91 0.362637 30
8719 65 37 102 0.27451 29
8720 3 147 150 -0.96 16
8721 20 98 118 -0.661017 25
8722 94 12 106 0.773585 24
8723 37 48 85 -0.129412 30
8724 27 74 101 -0.465347 22
8725 114 14 128 0.78125 27
8726 129 9 138 0.869565 25
8727 14 92 106 -0.735849 24
8728 17 50 67 -0.492537 22
8729 91 29 120 0.516667 32
8730 60 50 110 0.0909091 27
8731 82 7 89 0.842697 17
8732 36 46 82 -0.121951 30
8733 104 11 115 0.808696 21
8734 40 48 88 -0.0909091 30
8735 9 68 77 -0.766234 22
8736 12 114 126 -0.809524 26
8737 10 83 93 -0.784946 22
8738 90 16 106 0.698113 32
8739 96 3 99 0.939394 22
8740 59 31 90 0.311111 31
8741 96 15 111 0.72973 28
8742 48 40 88 0.0909091 28
8743 2 71 73 -0.945205 18
8744 11 98 109 -0.798165 17
8745 55 51 106 0.0377358 24
8746 39 41 80 -0.025 32
8747 15 89 104 -0.711538 30
8748 49 41 90 0.0888889 31
8749 68 25 93 0.462366 26
8750 9 101 110 -0.836364 25
8751 16 97 113 -0.716814 26
8752 25 74 99 -0.494949 29
8753 68 26 94 0.446809 28
8754 37 87 124 -0.403226 23
8755 47 68 115 -0.182609 31
8756 89 16 105 0.695238 25
8757 41 37 78 0.0512821 31
8758 30 45 75 -0.2 24
8759 55 38 93 0.182796 29
8760 66 51 117 0.128205 36
8761 77 23 100 0.54 27
8762 50 28 78 0.282051 23
8763 106 10 116 0.827586 27
8764 8 137 145 -0.889655 20
8765 37 69 106 -0.301887 26
8766 28 72 100 -0.44 30
8767 67 52 119 0.12605 30
8768 3 135 138 -0.956522 22
8769 107 0 107 1 12
8770 19 57 76 -0.5 27
8771 64 37 101 0.267327 29
8772 17 121 138 -0.753623 25
8773 69 20 89 0.550562 21
8774 9 69 78 -0.769231 23
8775 17 70 87 -0.609195 22
8776 42 45 87 -0.0344828 29
8777 21 88 109 -0.614679 27
8778 19 108 127 -0.700787 26
8779 70 23 93 0.505376 28
8780 19 83 102 -0.627451 27
8781 2 90 92 -0.956522 20
8782 16 65 81 -0.604938 27
8783 23 83 106 -0.566038 33
8784 113 4 117 0.931624 21
8785 116 4 120 0.933333 15
8786 40 46 86 -0.0697674 26
8787 27 45 72 -0.25 24
8788 111 8 119 0.865546 22
8789 35 53 88 -0.204545 30
8790 67 42 109 0.229358 34
8791 64 49 113 0.132743 33
8792 126 18 144 0.75 25
8793 110 7 117 0.880342 19
8794 126 11 137 0.839416 26
8795 81 48 129 0.255814 30
8796 98 2 100 0.96 16
8797 30 64 94 -0.361702 27
8798 12 73 85 -0.717647 22
8799 25 84 109 -0.541284 30
8800 34 31 65 0.0461538 26
8801 20 101 121 -0.669421 21
8802 30 35 65 -0.0769231 25
8803 79 8 87 0.816092 19
8804 80 25 105 0.52381 31
8805 21 41 62 -0.322581 17
8806 110 3 113 0.946903 21
8807 100 9 109 0.834862 25
8808 64 19 83 0.542169 25
8809 51 51 102 0 31
8810 19 97 116 -0.672414 29
8811 94 9 103 0.825243 27
8812 89 9 98 0.816327 25
8813 62 17 79 0.56962 30
8814 64 32 96 0.333333 30
8815 38 76 114 -0.333333 23
8816 23 75 98 -0.530612 24
8817 55 36 91 0.208791 34
8818 24 54 78 -0.384615 22
8819 29 54 83 -0.301205 26
8820 9 97 106 -0.830189 22
8821 86 35 121 0.421488 30
8822 49 75 124 -0.209677 31
8823 92 19 111 0.657658 28
8824 125 10 135 0.851852 21
8825 69 39 108 0.277778 25
8826 85 7 92 0.847826 23
8827 13 127 140 -0.814286 26
8828 121 13 134 0.80597 23
8829 39 63 102 -0.235294 27
8830 80 25 105 0.52381 29
8831 26 73 99 -0.474747 29
8832 29 58 87 -0.333333 29
8833 87 10 97 0.793814 22
8834 91 22 113 0.610619 26
8835 46 62 108 -0.148148 26
8836 8 88 96 -0.833333 22
8837 46 53 99 -0.0707071 28
8838 75 37 112 0.339286 33
8839 27 70 97 -0.443299 26
8840 36 65 101 -0.287129 33
8841 39 50 89 -0.123596 28
8842 52 41 93 0.11828 23
8843 22 103 125 -0.648 27
8844 75 32 107 0.401869 26
8845 48 50 98 -0.0204082 26
8846 3 106 109 -0.944954 21
8847 19 92 111 -0.657658 26
8848 91 10 101 0.80198 26
8849 10 102 112 -0.821429 25
8850 35 69 104 -0.326923 28
8851 67 19 86 0.55814 30
8852 127 22 149 0.704698 26
8853 16 89 105 -0.695238 24
8854 70 22 92 0.521739 29
8855 63 12 75 0.68 24
8856 79 32 111 0.423423 27
8857 4 71 75 -0.893333 21
8858 149 1 150 0.986667 16
8859 112 5 117 0.91453 21
8860 121 15 136 0.779412 27
8861 12 89 101 -0.762376 25
8862 10 47 57 -0.649123 15
8863 28 45 73 -0.232877 28
8864 19 107 126 -0.698413 24
8865 66 17 83 0.590361 29
8866 16 106 122 -0.737705 28
8867 17 96 113 -0.699115 24
8868 43 53 96 -0.104167 30
8869 23 83 106 -0.566038 29
8870 115 8 123 0.869919 24
8871 98 15 113 0.734513 23
8872 150 6 156 0.923077 23
8873 81 36 117 0.384615 33
8874 81 14 95 0.705263 25
8875 110 14 124 0.774194 24
8876 52 61 113 -0.079646 27
8877 135 2 137 0.970803 15
8878 47 44 91 0.032967 29
8879 18 65 83 -0.566265 25
8880 77 33 110 0.4 34
8881 48 26 74 0.297297 30
8882 14 108 122 -0.770492 24
8883 18 59 77 -0.532468 19
8884 20 65 85 -0.529412 23
8885 53 52 105 0.00952381 29
8886 102 13 115 0.773913 27
8887 8 104 112 -0.857143 24
8888 74 17 91 0.626374 26
8889 30 102 132 -0.545455 31
8890 17 99 116 -0.706897 30
8891 60 37 97 0.237113 28
8892 38 63 101 -0.247525 29
8893 28 69 97 -0.42268 24
8894 107 7 114 0.877193 26
8895 75 13 88 0.704545 26
8896 6 59 65 -0.815385 22
8897 73 20 93 0.569892 25
8898 101 11 112 0.803571 24
8899 13 104 117 -0.777778 23
8900 16 129 145 -0.77931 24
8901 8 124 132 -0.878788 25
8902 27 100 127 -0.574803 29
8903 41 48 89 -0.0786517 25
8904 77 14 91 0.692308 24
8905 27 73 100 -0.46 25
8906 88 11 99 0.777778 23
8907 3 117 120 -0.95 18
8908 59 27 86 0.372093 29
8909 92 23 115 0.6 31
8910 93 15 108 0.722222 22
8911 133 13 146 0.821918 20
8912 23 90 113 -0.59292 29
8913 41 43 84 -0.0238095 32
8914 42 74 116 -0.275862 30
8915 34 66 100 -0.32 34
8916 96 13 109 0.761468 30
8917 27 84 111 -0.513514 28
8918 8 96 104 -0.846154 22
8919 108 4 112 0.928571 20
8920 52 45 97 0.0721649 22
8921 73 22 95 0.536842 27
8922 12 111 123 -0.804878 26
8923 118 1 119 0.983193 16
8924 18 108 126 -0.714286 24
8925 5 93 98 -0.897959 20
8926 10 97 107 -0.813084 24
8927 65 22 87 0.494253 32
8928 54 51 105 0.0285714 34
8929 106 11 117 0.811966 27
8930 35 66 101 -0.306931 30
8931 10 101 111 -0.81982 21
8932 10 110 120 -0.833333 23
8933 17 54 71 -0.521127 25
8934 15 90 105 -0.714286 27
8935 97 17 114 0.701754 28
8936 5 110 115 -0.913043 16
8937 36 62 98 -0.265306 26
8938 58 26 84 0.380952 25
8939 48 27 75 0.28 29
8940 30 68 98 -0.387755 26
8941 88 11 99 0.777778 26
8942 173 9 182 0.901099 22
8943 13 154 167 -0.844311 20
8944 20 39 59 -0.322034 20
8945 77 22 99 0.555556 24
8946 69 45 114 0.210526 30
8947 17 79 96 -0.645833 26
8948 58 18 76 0.526316 29
8949 144 7 151 0.907285 26
8950 68 31 99 0.373737 25
8951 23 70 93 -0.505376 25
8952 110 15 125 0.76 25
8953 35 69 104 -0.326923 34
8954 24 11 35 0.371429 17
8955 88 28 116 0.517241 32
8956 110 10 120 0.833333 23
8957 57 33 90 0.266667 28
8958 46 61 107 -0.140187 30
8959 59 45 104 0.134615 33
8960 63 34 97 0.298969 29
8961 24 96 120 -0.6 24
8962 29 83 112 -0.482143 32
8963 11 57 68 -0.676471 25
8964 17 68 85 -0.6 25
8965 41 54 95 -0.136842 26
8966 59 42 101 0.168317 32
8967 94 5 99 0.89899 22
8968 165 1 166 0.987952 13
8969 16 95 111 -0.711712 22
8970 41 31 72 0.138889 23
8971 50 72 122 -0.180328 30
8972 31 54 85 -0.270588 25
8973 48 17 65 0.476923 27
8974 86 14 100 0.72 21
8975 41 22 63 0.301587 24
8976 8 129 137 -0.883212 19
8977 8 109 117 -0.863248 26
8978 48 40 88 0.0909091 21
8979 72 42 114 0.263158 23
8980 10 96 106 -0.811321 21
8981 61 44 105 0.161905 31
8982 9 157 166 -0.891566 26
8983 70 45 115 0.217391 22
8984 27 90 117 -0.538462 27
8985 29 63 92 -0.369565 26
8986 10 65 75 -0.733333 24
8987 21 68 89 -0.52809 26
8988 73 51 124 0.177419 26
8989 24 74 98 -0.510204 27
8990 65 41 106 0.226415 33
8991 90 3 93 0.935484 21
8992 75 17 92 0.630435 26
8993 48 54 102 -0.0588235 26
8994 12 72 84 -0.714286 23
8995 7 101 108 -0.87037 24
8996 20 76 96 -0.583333 28
8997 11 107 118 -0.813559 27
8998 34 64 98 -0.306122 34
8999 17 69 86 -0.604651 28
9000 34 50 84 -0.190476 30
9001 118 21 139 0.697842 23
9002 110 9 119 0.848739 19
9003 16 84 100 -0.68 21
9004 25 53 78 -0.358974 26
9005 32 64 96 -0.333333 32
9006 93 7 100 0.86 25
9007 109 12 121 0.801653 22
9008 41 52 93 -0.11828 29
9009 44 35 79 0.113924 25
9010 53 51 104 0.0192308 30
9011 71 7 78 0.820513 20
9012 53 42 95 0.115789 29
9013 71 32 103 0.378641 24
9014 55 28 83 0.325301 22
9015 50 27 77 0.298701 24
9016 72 10 82 0.756098 21
9017 91 18 109 0.669725 28
9018 12 75 87 -0.724138 26
9019 59 29 88 0.340909 27
9020 69 27 96 0.4375 28
9021 12 69 81 -0.703704 25
9022 65 35 100 0.3 26
9023 69 20 89 0.550562 26
9024 42 52 94 -0.106383 28
9025 2 145 147 -0.972789 12
9026 85 27 112 0.517857 31
9027 36 51 87 -0.172414 22
9028 68 38 106 0.283019 30
9029 72 33 105 0.371429 32
9030 10 126 136 -0.852941 19
9031 74 19 93 0.591398 28
9032 72 31 103 0.398058 31
9033 30 81 111 -0.459459 28
9034 20 115 135 -0.703704 29
9035 28 89 117 -0.521368 25
9036 47 59 106 -0.113208 31
9037 10 88 98 -0.795918 19
9038 83 23 106 0.566038 26
9039 45 44 89 0.011236 30
9040 45 37 82 0.097561 28
9041 43 60 103 -0.165049 26
9042 63 34 97 0.298969 29
9043 47 53 100 -0.06 31
9044 99 7 106 0.867925 25
9045 45 42 87 0.0344828 26
9046 75 6 81 0.851852 18
9047 115 12 127 0.811024 22
9048 17 95 112 -0.696429 28
9049 41 66 107 -0.233645 26
9050 52 59 111 -0.0630631 31
9051 11 81 92 -0.76087 26
9052 52 76 128 -0.1875 36
9053 45 62 107 -0.158879 33
9054 119 10 129 0.844961 21
9055 29 58 87 -0.333333 27
9056 75 5 80 0.875 19
9057 72 22 94 0.531915 25
9058 31 74 105 -0.409524 33
9059 23 72 95 -0.515789 22
9060 21 109 130 -0.676923 28
9061 31 55 86 -0.27907 22
9062 75 6 81 0.851852 23
9063 35 26 61 0.147541 27
9064 16 63 79 -0.594937 26
9065 25 79 104 -0.519231 26
9066 6 121 127 -0.905512 18
9067 91 28 119 0.529412 21
9068 61 5 66 0.848485 19
9069 71 54 125 0.136 30
9070 112 25 137 0.635036 27
9071 83 39 122 0.360656 31
9072 27 89 116 -0.534483 31
9073 17 66 83 -0.590361 20
9074 52 53 105 -0.00952381 32
9075 14 85 99 -0.717172 25
9076 21 90 111 -0.621622 25
9077 119 32 151 0.576159 26
9078 104 17 121 0.719008 22
9079 38 42 80 -0.05 27
9080 63 36 99 0.272727 28
9081 8 92 100 -0.84 25
9082 88 26 114 0.54386 23
9083 18 60 78 -0.538462 27
9084 44 57 101 -0.128713 24
9085 103 11 114 0.807018 25
9086 101 10 111 0.81982 24
9087 21 68 89 -0.52809 25
9088 32 59 91 -0.296703 28
9089 103 12 115 0.791304 24
9090 5 129 134 -0.925373 21
9091 59 22 81 0.45679 25
9092 49 72 121 -0.190083 35
9093 34 57 91 -0.252747 30
9094 41 58 99 -0.171717 29
9095 8 164 172 -0.906977 20
9096 47 48 95 -0.0105263 31
9097 57 56 113 0.00884956 33
9098 62 21 83 0.493976 26
9099 98 14 112 0.75 21
9100 28 98 126 -0.555556 29
9101 144 10 154 0.87013 19
9102 57 23 80 0.425 28
9103 11 98 109 -0.798165 24
9104 17 118 135 -0.748148 30
9105 6 135 141 -0.914894 17
9106 9 77 86 -0.790698 26
9107 119 12 131 0.816794 23
9108 4 72 76 -0.894737 23
9109 15 77 92 -0.673913 23
9110 32 55 87 -0.264368 26
9111 5 113 118 -0.915254 20
9112 98 11 109 0.798165 18
9113 10 80 90 -0.777778 25
9114 81 14 95 0.705263 22
9115 21 47 68 -0.382353 26
9116 48 54 102 -0.0588235 27
9117 35 47 82 -0.146341 31
9118 55 35 90 0.222222 29
9119 21 87 108 -0.611111 31
9120 79 16 95 0.663158 25
9121 4 105 109 -0.926606 16
9122 33 62 95 -0.305263 29
9123 9 126 135 -0.866667 25
9124 12 125 137 -0.824818 24
9125 52 49 101 0.029703 32
9126 3 78 81 -0.925926 11
9127 22 84 106 -0.584906 28
9128 13 59 72 -0.638889 24
9129 104 23 127 0.637795 33
9130 9 77 86 -0.790698 24
9131 46 79 125 -0.264 25
9132 65 19 84 0.547619 22
9133 42 54 96 -0.125 31
9134 17 122 139 -0.755396 28
9135 62 41 103 0.203883 30
9136 55 44 99 0.111111 21
9137 20 87 107 -0.626168 25
9138 25 64 89 -0.438202 28
9139 87 44 131 0.328244 30
9140 31 75 106 -0.415094 27
9141 24 66 90 -0.466667 24
9142 80 11 91 0.758242 25
9143 52 58 110 -0.0545455 32
9144 31 55 86 -0.27907 28
9145 102 10 112 0.821429 21
9146 34 46 80 -0.15 25
9147 40 52 92 -0.130435 29
9148 43 63 106 -0.188679 30
9149 34 19 53 0.283019 19
9150 16 64 80 -0.6 18
9151 43 30 73 0.178082 27
9152 39 64 103 -0.242718 22
9153 22 86 108 -0.592593 33
9154 36 51 87 -0.172414 28
9155 62 56 118 0.0508475 33
9156 32 91 123 -0.479675 27
9157 12 86 98 -0.755102 26
9158 14 89 103 -0.728155 26
9159 112 31 143 0.566434 32
9160 10 104 114 -0.824561 24
9161 117 11 128 0.828125 22
9162 69 47 116 0.189655 31
9163 61 34 95 0.284211 26
9164 29 73 102 -0.431373 31
9165 92 29 121 0.520661 29
9166 18 49 67 -0.462687 25
9167 8 81 89 -0.820225 24
9168 66 33 99 0.333333 26
9169 52 27 79 0.316456 28
9170 77 21 98 0.571429 21
9171 17 60 77 -0.558442 28
9172 22 79 101 -0.564356 27
9173 64 21 85 0.505882 26
9174 113 15 128 0.765625 26
9175 66 34 100 0.32 21
9176 122 26 148 0.648649 30
9177 54 38 92 0.173913 29
9178 38 69 107 -0.28972 34
9179 77 22 99 0.555556 26
9180 83 16 99 0.676768 25
9181 10 127 137 -0.854015 26
9182 101 5 106 0.90566 23
9183 42 46 88 -0.0454545 32
9184 97 34 131 0.480916 30
9185 50 32 82 0.219512 27
9186 111 12 123 0.804878 26
9187 111 12 123 0.804878 26
9188 33 43 76 -0.131579 27
9189 40 29 69 0.15942 22
9190 14 112 126 -0.777778 23
9191 21 96 117 -0.641026 27
9192 52 65 117 -0.111111 29
9193 62 45 107 0.158879 23
9194 15 74 89 -0.662921 25
9195 16 92 108 -0.703704 23
9196 55 37 92 0.195652 32
9197 37 48 85 -0.129412 30
9198 15 30 45 -0.333333 19
9199 3 96 99 -0.939394 21
9200 8 26 34 -0.529412 19
9201 43 54 97 -0.113402 30
9202 63 30 93 0.354839 31
9203 45 32 77 0.168831 30
9204 36 41 77 -0.0649351 32
9205 148 8 156 0.897436 21
9206 51 42 93 0.0967742 27
9207 19 66 85 -0.552941 28
9208 46 47 93 -0.0107527 28
9209 90 10 100 0.8 22
9210 54 51 105 0.0285714 35
9211 15 74 89 -0.662921 26
9212 24 62 86 -0.44186 25
9213 23 71 94 -0.510638 28
9214 81 10 91 0.78022 23
9215 64 22 86 0.488372 18
9216 67 13 80 0.675 26
9217 47 25 72 0.305556 26
9218 11 98 109 -0.798165 26
9219 12 90 102 -0.764706 26
9220 51 21 72 0.416667 29
9221 49 65 114 -0.140351 25
9222 4 104 108 -0.925926 19
9223 135 12 147 0.836735 17
9224 60 24 84 0.428571 29
9225 12 115 127 -0.811024 27
9226 10 109 119 -0.831933 19
9227 23 62 85 -0.458824 27
9228 31 76 107 -0.420561 26
9229 17 64 81 -0.580247 24
9230 25 50 75 -0.333333 23
9231 57 22 79 0.443038 25
9232 45 3 48 0.875 16
9233 45 13 58 0.551724 19
9234 8 94 102 -0.843137 21
9235 43 51 94 -0.0851064 29
9236 42 75 117 -0.282051 33
9237 134 11 145 0.848276 23
9238 7 86 93 -0.849462 20
9239 141 3 144 0.958333 18
9240 52 67 119 -0.12605 32
9241 4 78 82 -0.902439 17
9242 19 84 103 -0.631068 30
9243 52 46 98 0.0612245 27
9244 18 70 88 -0.590909 23
9245 29 77 106 -0.45283 31
9246 38 26 64 0.1875 24
9247 38 74 112 -0.321429 34
9248 41 56 97 -0.154639 28
9249 11 96 107 -0.794393 26
9250 12 96 108 -0.777778 26
9251 91 22 113 0.610619 32
9252 58 45 103 0.126214 21
9253 3 93 96 -0.9375 20
9254 15 102 117 -0.74359 25
9255 79 25 104 0.519231 32
9256 60 16 76 0.578947 25
9257 18 76 94 -0.617021 24
9258 16 78 94 -0.659574 26
9259 49 76 125 -0.216 26
9260 45 48 93 -0.0322581 29
9261 79 24 103 0.533981 23
9262 94 8 102 0.843137 24
9263 27 93 120 -0.55 20
9264 12 87 99 -0.757576 27
9265 45 63 108 -0.166667 28
9266 97 7 104 0.865385 17
9267 36 57 93 -0.225806 29
9268 2 80 82 -0.95122 17
9269 37 53 90 -0.177778 26
9270 95 13 108 0.759259 25
9271 34 73 107 -0.364486 31
9272 81 25 106 0.528302 26
9273 29 91 120 -0.516667 27
9274 13 92 105 -0.752381 24
9275 30 74 104 -0.423077 28
9276 77 16 93 0.655914 25
9277 40 63 103 -0.223301 30
9278 19 67 86 -0.55814 24
9279 16 58 74 -0.567568 21
9280 41 70 111 -0.261261 32
9281 38 72 110 -0.309091 32
9282 102 32 134 0.522388 29
9283 28 54 82 -0.317073 29
9284 52 32 84 0.238095 31
9285 75 31 106 0.415094 23
9286 41 88 129 -0.364341 23
9287 28 69 97 -0.42268 26
9288 37 32 69 0.0724638 26
9289 18 87 105 -0.657143 29
9290 32 58 90 -0.288889 26
9291 22 74 96 -0.541667 21
9292 78 42 120 0.3 31
9293 29 47 76 -0.236842 30
9294 41 76 117 -0.299145 34
9295 69 43 112 0.232143 31
9296 36 50 86 -0.162791 24
9297 9 107 116 -0.844828 26
9298 91 5 96 0.895833 22
9299 73 73 146 0 31
9300 5 91 96 -0.895833 23
9301 77 24 101 0.524752 27
9302 79 27 106 0.490566 27
9303 34 85 119 -0.428571 27
9304 102 26 128 0.59375 30
9305 53 61 114 -0.0701754 35
9306 78 29 107 0.457944 28
9307 48 56 104 -0.0769231 28
9308 19 85 104 -0.634615 26
9309 70 5 75 0.866667 19
9310 43 49 92 -0.0652174 26
9311 50 39 89 0.123596 28
9312 2 84 86 -0.953488 21
9313 121 11 132 0.833333 22
9314 11 121 132 -0.833333 21
9315 63 49 112 0.125 29
9316 56 38 94 0.191489 31
9317 76 12 88 0.727273 23
9318 58 61 119 -0.0252101 34
9319 123 14 137 0.79562 22
9320 12 89 101 -0.762376 22
9321 64 29 93 0.376344 30
9322 66 32 98 0.346939 22
9323 47 45 92 0.0217391 24
9324 35 61 96 -0.270833 22
9325 31 17 48 0.291667 19
9326 102 16 118 0.728814 30
9327 86 8 94 0.829787 25
9328 84 14 98 0.714286 27
9329 92 15 107 0.719626 28
9330 57 49 106 0.0754717 22
9331 38 73 111 -0.315315 29
9332 90 11 101 0.782178 22
9333 16 84 100 -0.68 24
9334 13 123 136 -0.808824 28
9335 50 51 101 -0.00990099 30
9336 5 93 98 -0.897959 18
9337 49 52 101 -0.029703 35
9338 79 35 114 0.385965 34
9339 48 31 79 0.21519 24
9340 89 23 112 0.589286 28
9341 37 43 80 -0.075 30
9342 14 61 75 -0.626667 16
9343 34 58 92 -0.26087 23
9344 17 89 106 -0.679245 26
9345 115 9 124 0.854839 23
9346 41 57 98 -0.163265 32
9347 70 34 104 0.346154 27
9348 24 65 89 -0.460674 27
9349 15 93 108 -0.722222 26
9350 39 33 72 0.0833333 27
9351 35 67 102 -0.313725 32
9352 36 65 101 -0.287129 27
9353 31 64 95 -0.347368 26
9354 13 64 77 -0.662338 27
9355 9 85 94 -0.808511 15
9356 128 2 130 0.969231 15
9357 47 43 90 0.0444444 24
9358 117 8 125 0.872 26
9359 44 49 93 -0.0537634 27
9360 120 6 126 0.904762 25
9361 85 11 96 0.770833 25
9362 37 65 102 -0.27451 30
9363 41 80 121 -0.322314 31
9364 9 59 68 -0.735294 20
9365 73 49 122 0.196721 35
9366 89 17 106 0.679245 20
9367 69 32 101 0.366337 27
9368 87 13 100 0.74 23
9369 54 44 98 0.102041 22
9370 9 61 70 -0.742857 22
9371 68 48 116 0.172414 28
9372 72 17 89 0.617978 24
9373 30 43 73 -0.178082 23
9374 46 52 98 -0.0612245 23
9375 122 14 136 0.794118 29
9376 103 11 114 0.807018 26
9377 80 20 100 0.6 28
9378 114 7 121 0.884298 22
9379 67 54 121 0.107438 27
9380 88 15 103 0.708738 28
9381 36 106 142 -0.492958 32
9382 54 34 88 0.227273 29
9383 58 33 91 0.274725 29
9384 153 4 157 0.949045 15
9385 41 56 97 -0.154639 32
9386 15 64 79 -0.620253 27
9387 26 52 78 -0.333333 30
9388 52 22 74 0.405405 25
9389 60 37 97 0.237113 30
9390 17 95 112 -0.696429 26
9391 56 29 85 0.317647 28
9392 16 110 126 -0.746032 22
9393 9 79 88 -0.795455 24
9394 5 104 109 -0.908257 21
9395 54 31 85 0.270588 29
9396 122 3 125 0.952 18
9397 50 35 85 0.176471 26
9398 63 13 76 0.657895 22
9399 84 33 117 0.435897 32
9400 128 9 137 0.868613 21
9401 87 12 99 0.757576 26
9402 17 101 118 -0.711864 28
9403 95 12 107 0.775701 20
9404 62 39 101 0.227723 24
9405 31 56 87 -0.287356 25
9406 100 19 119 0.680672 27
9407 19 79 98 -0.612245 29
9408 79 23 102 0.54902 25
9409 17 58 75 -0.546667 23
9410 44 30 74 0.189189 24
9411 57 38 95 0.2 30
9412 55 29 84 0.309524 26
9413 92 29 121 0.520661 26
9414 45 48 93 -0.0322581 30
9415 72 40 112 0.285714 30
9416 97 2 99 0.959596 19
9417 30 79 109 -0.449541 30
9418 21 96 117 -0.641026 30
9419 12 77 89 -0.730337 28
9420 4 89 93 -0.913978 16
9421 27 62 89 -0.393258 24
9422 54 36 90 0.2 29
9423 45 57 102 -0.117647 25
9424 110 4 114 0.929825 23
9425 19 121 140 -0.728571 28
9426 33 78 111 -0.405405 31
9427 33 59 92 -0.282609 26
9428 93 4 97 0.917526 21
9429 13 106 119 -0.781513 24
9430 42 61 103 -0.184466 28
9431 88 15 103 0.708738 23
9432 38 57 95 -0.2 27
9433 50 38 88 0.136364 30
9434 27 93 120 -0.55 25
9435 58 39 97 0.195876 25
9436 91 5 96 0.895833 23
9437 7 126 133 -0.894737 25
9438 35 35 70 0 30
9439 7 98 105 -0.866667 21
9440 29 43 72 -0.194444 21
9441 46 45 91 0.010989 33
9442 18 70 88 -0.590909 22
9443 69 24 93 0.483871 33
9444 9 106 115 -0.843478 23
9445 11 78 89 -0.752809 25
9446 64 43 107 0.196262 28
9447 69 34 103 0.339806 26
9448 18 84 102 -0.647059 25
9449 51 32 83 0.228916 22
9450 51 44 95 0.0736842 30
9451 6 143 149 -0.919463 14
9452 74 33 107 0.383178 31
9453 75 18 93 0.612903 26
9454 14 91 105 -0.733333 26
9455 56 21 77 0.454545 29
9456 78 28 106 0.471698 29
9457 98 21 119 0.647059 24
9458 12 7 19 0.263158 12
9459 83 26 109 0.522936 30
9460 72 30 102 0.411765 25
9461 54 59 113 -0.0442478 26
9462 95 17 112 0.696429 26
9463 6 112 118 -0.898305 18
9464 59 33 92 0.282609 28
9465 70 45 115 0.217391 25
9466 39 59 98 -0.204082 30
9467 54 61 115 -0.0608696 32
9468 37 58 95 -0.221053 27
9469 132 13 145 0.82069 25
9470 65 40 105 0.238095 30
9471 9 27 36 -0.5 19
9472 127 8 135 0.881481 16
9473 30 110 140 -0.571429 26
9474 111 5 116 0.913793 22
9475 19 72 91 -0.582418 29
9476 48 7 55 0.745455 20
9477 64 23 87 0.471264 23
9478 28 48 76 -0.263158 28
9479 19 80 99 -0.616162 24
9480 52 39 91 0.142857 28
9481 91 5 96 0.895833 21
9482 13 126 139 -0.81295 21
9483 4 97 101 -0.920792 22
9484 5 70 75 -0.866667 20
9485 71 23 94 0.510638 26
9486 30 84 114 -0.473684 28
9487 24 63 87 -0.448276 30
9488 45 37 82 0.097561 30
9489 4 110 114 -0.929825 21
9490 17 68 85 -0.6 23
9491 13 7 20 0.3 11
9492 87 20 107 0.626168 28
9493 59 57 116 0.0172414 33
9494 52 58 110 -0.0545455 29
9495 56 3 59 0.898305 7
9496 8 95 103 -0.84466 25
9497 12 60 72 -0.666667 23
9498 61 60 121 0.00826446 28
9499 108 7 115 0.878261 22
9500 75 46 121 0.239669 29
9501 8 108 116 -0.862069 24
9502 103 16 119 0.731092 26
9503 67 23 90 0.488889 30
9504 17 66 83 -0.590361 26
9505 40 38 78 0.025641 28
9506 4 108 112 -0.928571 22
9507 87 22 109 0.59633 28
9508 70 49 119 0.176471 29
9509 21 57 78 -0.461538 22
9510 142 7 149 0.90604 24
9511 81 24 105 0.542857 32
9512 3 123 126 -0.952381 20
9513 29 74 103 -0.436893 31
9514 7 98 105 -0.866667 21
9515 23 75 98 -0.530612 24
9516 68 29 97 0.402062 29
9517 75 36 111 0.351351 31
9518 52 34 86 0.209302 28
9519 50 34 84 0.190476 26
9520 7 133 140 -0.9 22
9521 18 94 112 -0.678571 27
9522 57 33 90 0.266667 25
9523 14 88 102 -0.72549 26
9524 10 92 102 -0.803922 26
9525 124 10 134 0.850746 24
9526 34 51 85 -0.2 27
9527 47 62 109 -0.137615 32
9528 112 6 118 0.898305 24
9529 8 95 103 -0.84466 20
9530 45 27 72 0.25 21
9531 57 68 125 -0.088 29
9532 10 115 125 -0.84 24
9533 104 2 106 0.962264 21
9534 8 89 97 -0.835052 23
9535 47 32 79 0.189873 27
9536 64 30 94 0.361702 25
9537 118 15 133 0.774436 27
9538 43 50 93 -0.0752688 24
9539 21 72 93 -0.548387 29
9540 15 102 117 -0.74359 26
9541 13 83 96 -0.729167 28
9542 77 12 89 0.730337 25
9543 31 92 123 -0.495935 24
9544 48 47 95 0.0105263 31
9545 92 14 106 0.735849 25
9546 11 63 74 -0.702703 24
9547 6 73 79 -0.848101 24
9548 15 95 110 -0.727273 27
9549 30 67 97 -0.381443 24
9550 64 14 78 0.641026 25
9551 84 38 122 0.377049 27
9552 55 42 97 0.134021 29
9553 33 81 114 -0.421053 26
9554 26 78 104 -0.5 31
9555 16 95 111 -0.711712 25
9556 157 6 163 0.92638 17
9557 96 9 105 0.828571 24
9558 68 27 95 0.431579 32
9559 131 3 134 0.955224 19
9560 31 64 95 -0.347368 29
9561 86 5 91 0.89011 22
9562 53 30 83 0.277108 29
9563 33 72 105 -0.371429 25
9564 8 112 120 -0.866667 25
9565 94 29 123 0.528455 28
9566 47 27 74 0.27027 27
9567 18 100 118 -0.694915 24
9568 61 56 117 0.042735 35
9569 19 88 107 -0.64486 27
9570 129 18 147 0.755102 27
9571 88 36 124 0.419355 32
9572 23 107 130 -0.646154 29
9573 72 35 107 0.345794 28
9574 53 82 135 -0.214815 31
9575 24 55 79 -0.392405 24
9576 16 56 72 -0.555556 23
9577 45 56 101 -0.108911 26
9578 57 11 68 0.676471 17
9579 86 5 91 0.89011 24
9580 14 61 75 -0.626667 25
9581 39 52 91 -0.142857 28
9582 62 43 105 0.180952 25
9583 36 28 64 0.125 22
9584 29 87 116 -0.5 25
9585 17 125 142 -0.760563 30
9586 28 58 86 -0.348837 22
9587 15 24 39 -0.230769 21
9588 13 89 102 -0.745098 26
9589 28 62 90 -0.377778 26
9590 82 12 94 0.744681 23
9591 40 56 96 -0.166667 20
9592 12 86 98 -0.755102 24
9593 88 4 92 0.913043 20
9594 85 22 107 0.588785 27
9595 38 63 101 -0.247525 30
9596 49 35 84 0.166667 22
9597 30 80 110 -0.454545 29
9598 87 14 101 0.722772 27
9599 62 16 78 0.589744 26
9600 68 35 103 0.320388 31
9601 29 85 114 -0.491228 20
9602 12 105 117 -0.794872 26
9603 13 80 93 -0.72043 28
9604 17 97 114 -0.701754 31
9605 59 34 93 0.268817 26
9606 29 53 82 -0.292683 24
9607 41 63 104 -0.211538 27
9608 0 0 0 0 0
9609 60 56 116 0.0344828 29
9610 36 57 93 -0.225806 29
9611 56 50 106 0.0566038 24
9612 94 16 110 0.709091 26
9613 18 109 127 -0.716535 25
9614 6 104 110 -0.890909 20
9615 7 104 111 -0.873874 23
9616 43 71 114 -0.245614 25
9617 42 45 87 -0.0344828 28
9618 93 13 106 0.754717 22
9619 96 12 108 0.777778 27
9620 38 78 116 -0.344828 30
9621 95 17 112 0.696429 21
9622 29 103 132 -0.560606 26
9623 14 99 113 -0.752212 24
9624 102 5 107 0.906542 23
9625 49 41 90 0.0888889 30
9626 61 42 103 0.184466 23
9627 89 15 104 0.711538 20
9628 58 46 104 0.115385 31
9629 40 68 108 -0.259259 33
9630 52 74 126 -0.174603 27
9631 18 76 94 -0.617021 25
9632 94 7 101 0.861386 17
9633 51 51 102 0 33
9634 37 103 140 -0.471429 24
9635 27 87 114 -0.526316 31
9636 65 44 109 0.192661 32
9637 60 33 93 0.290323 29
9638 19 72 91 -0.582418 27
9639 13 102 115 -0.773913 29
9640 12 62 74 -0.675676 22
9641 56 41 97 0.154639 27
9642 19 81 100 -0.62 25
9643 90 27 117 0.538462 28
9644 11 101 112 -0.803571 24
9645 29 73 102 -0.431373 25
9646 44 54 98 -0.102041 31
9647 55 37 92 0.195652 27
9648 89 14 103 0.728155 26
9649 4 84 88 -0.909091 21
9650 119 22 141 0.687943 31
9651 37 56 93 -0.204301 25
9652 18 87 105 -0.657143 29
9653 111 2 113 0.964602 21
9654 18 85 103 -0.650485 28
9655 68 22 90 0.511111 27
9656 34 75 109 -0.376147 28
9657 55 37 92 0.195652 23
9658 28 46 74 -0.243243 33
9659 44 54 98 -0.102041 28
9660 57 51 108 0.0555556 30
9661 130 9 139 0.870504 22
9662 59 33 92 0.282609 25
9663 59 21 80 0.475 29
9664 86 17 103 0.669903 27
9665 85 37 122 0.393443 26
9666 16 94 110 -0.709091 19
9667 8 101 109 -0.853211 24
9668 45 59 104 -0.134615 29
9669 61 33 94 0.297872 30
9670 33 81 114 -0.421053 29
9671 128 9 137 0.868613 20
9672 56 46 102 0.0980392 25
9673 63 38 101 0.247525 31
9674 71 38 109 0.302752 33
9675 48 35 83 0.156627 30
9676 30 51 81 -0.259259 26
9677 25 96 121 -0.586777 26
9678 52 45 97 0.0721649 31
9679 36 46 82 -0.121951 30
9680 15 97 112 -0.732143 25
9681 91 12 103 0.76699 24
9682 36 46 82 -0.121951 25
9683 54 33 87 0.241379 25
9684 82 32 114 0.438596 28
9685 92 14 106 0.735849 26
9686 88 16 104 0.692308 28
9687 76 19 95 0.6 21
9688 17 87 104 -0.673077 27
9689 33 72 105 -0.371429 28
9690 75 42 117 0.282051 32
9691 110 7 117 0.880342 25
9692 43 72 115 -0.252174 30
9693 35 73 108 -0.351852 31
9694 27 41 68 -0.205882 26
9695 11 71 82 -0.731707 25
9696 64 20 84 0.52381 28
9697 90 13 103 0.747573 20
9698 91 16 107 0.700935 28
9699 58 41 99 0.171717 26
9700 23 85 108 -0.574074 29
9701 37 53 90 -0.177778 29
9702 23 69 92 -0.5 25
9703 13 110 123 -0.788618 21
9704 13 84 97 -0.731959 26
9705 40 52 92 -0.130435 30
9706 84 20 104 0.615385 22
9707 45 48 93 -0.0322581 29
9708 61 65 126 -0.031746 27
9709 2 107 109 -0.963303 13
9710 72 41 113 0.274336 29
9711 80 10 90 0.777778 21
9712 86 37 123 0.398374 30
9713 2 8 10 -0.6 8
9714 53 76 129 -0.178295 29
9715 63 14 77 0.636364 25
9716 36 39 75 -0.04 27
9717 87 28 115 0.513043 33
9718 121 35 156 0.551282 29
9719 52 39 91 0.142857 29
9720 64 28 92 0.391304 29
9721 5 115 120 -0.916667 23
9722 91 36 127 0.433071 35
9723 57 32 89 0.280899 28
9724 42 36 78 0.0769231 28
9725 69 17 86 0.604651 27
9726 29 91 120 -0.516667 29
9727 33 69 102 -0.352941 30
9728 19 94 113 -0.663717 25
9729 66 44 110 0.2 34
9730 68 45 113 0.20354 28
9731 20 63 83 -0.518072 30
9732 24 66 90 -0.466667 27
9733 108 18 126 0.714286 26
9734 25 71 96 -0.479167 30
9735 17 75 92 -0.630435 24
9736 81 14 95 0.705263 25
9737 55 61 116 -0.0517241 31
9738 26 107 133 -0.609023 24
9739 23 100 123 -0.626016 23
9740 91 3 94 0.93617 21
9741 111 4 115 0.930435 22
9742 43 62 105 -0.180952 29
9743 74 27 101 0.465347 29
9744 68 36 104 0.307692 24
9745 24 65 89 -0.460674 30
9746 120 6 126 0.904762 20
9747 66 40 106 0.245283 28
9748 63 54 117 0.0769231 30
9749 109 6 115 0.895652 22
9750 31 89 120 -0.483333 28
9751 72 50 122 0.180328 34
9752 86 14 100 0.72 26
9753 82 28 110 0.490909 26
9754 74 11 85 0.741176 23
9755 7 109 116 -0.87931 21
9756 50 44 94 0.0638298 25
9757 14 88 102 -0.72549 25
9758 53 38 91 0.164835 34
9759 46 50 96 -0.0416667 30
9760 78 16 94 0.659574 25
9761 64 27 91 0.406593 30
9762 11 106 117 -0.811966 26
9763 98 17 115 0.704348 26
9764 122 4 126 0.936508 22
9765 53 47 100 0.06 30
9766 28 67 95 -0.410526 32
9767 51 52 103 -0.00970874 28
9768 5 128 133 -0.924812 19
9769 51 42 93 0.0967742 29
9770 77 17 94 0.638298 26
9771 16 102 118 -0.728814 27
9772 15 83 98 -0.693878 25
9773 12 115 127 -0.811024 23
9774 61 36 97 0.257732 25
9775 21 94 115 -0.634783 25
9776 37 40 77 -0.038961 23
9777 34 45 79 -0.139241 31
9778 40 68 108 -0.259259 34
9779 52 36 88 0.181818 30
9780 8 96 104 -0.846154 24
9781 32 36 68 -0.0588235 26
9782 106 0 106 1 4
9783 14 71 85 -0.670588 27
9784 80 8 88 0.818182 22
9785 77 17 94 0.638298 28
9786 36 28 64 0.125 26
9787 100 9 109 0.834862 22
9788 11 72 83 -0.73494 25
9789 68 25 93 0.462366 24
9790 16 44 60 -0.466667 24
9791 65 12 77 0.688312 23
9792 82 7 89 0.842697 23
9793 69 5 74 0.864865 23
9794 15 89 104 -0.711538 29
9795 24 83 107 -0.551402 20
9796 43 65 108 -0.203704 32
9797 103 13 116 0.775862 22
9798 80 11 91 0.758242 28
9799 95 6 101 0.881188 22
9800 108 8 116 0.862069 25
9801 62 47 109 0.137615 29
9802 3 99 102 -0.941176 20
9803 37 14 51 0.45098 25
9804 15 93 108 -0.722222 23
9805 10 67 77 -0.74026 22
9806 127 3 130 0.953846 13
9807 37 50 87 -0.149425 25
9808 105 12 117 0.794872 25
9809 46 66 112 -0.178571 29
9810 5 73 78 -0.871795 22
9811 50 40 90 0.111111 27
9812 30 80 110 -0.454545 24
9813 69 12 81 0.703704 23
9814 37 60 97 -0.237113 29
9815 45 61 106 -0.150943 23
9816 43 48 91 -0.0549451 27
9817 37 37 74 0 29
9818 36 51 87 -0.172414 28
9819 67 53 120 0.116667 30
9820 44 48 92 -0.0434783 29
9821 45 33 78 0.153846 28
9822 41 34 75 0.0933333 25
9823 42 36 78 0.0769231 29
9824 94 10 104 0.807692 26
9825 4 157 161 -0.950311 19
9826 60 42 102 0.176471 32
9827 25 83 108 -0.537037 30
9828 21 55 76 -0.447368 26
9829 41 56 97 -0.154639 34
9830 23 89 112 -0.589286 26
9831 14 56 70 -0.6 26
9832 53 40 93 0.139785 26
9833 15 69 84 -0.642857 24
9834 34 75 109 -0.376147 32
9835 13 70 83 -0.686747 25
9836 5 103 108 -0.907407 22
9837 14 98 112 -0.75 22
9838 13 95 108 -0.759259 29
9839 23 61 84 -0.452381 24
9840 56 37 93 0.204301 28
9841 25 57 82 -0.390244 27
9842 61 9 70 0.742857 21
9843 117 11 128 0.828125 25
9844 59 32 91 0.296703 31
9845 17 66 83 -0.590361 28
9846 77 18 95 0.621053 27
9847 80 18 98 0.632653 26
9848 88 24 112 0.571429 28
9849 6 68 74 -0.837838 17
9850 67 48 115 0.165217 33
9851 3 110 113 -0.946903 20
9852 39 51 90 -0.133333 27
9853 59 13 72 0.638889 21
9854 64 23 87 0.471264 31
9855 48 41 89 0.0786517 21
9856 13 112 125 -0.792 26
9857 47 29 76 0.236842 23
9858 72 26 98 0.469388 25
9859 54 14 68 0.588235 23
9860 25 62 87 -0.425287 28
9861 32 65 97 -0.340206 30
9862 31 82 113 -0.451327 29
9863 29 33 62 -0.0645161 25
9864 28 64 92 -0.391304 17
9865 24 92 116 -0.586207 26
9866 72 50 122 0.180328 31
9867 28 91 119 -0.529412 24
9868 89 50 139 0.280576 24
9869 62 44 106 0.169811 27
9870 38 57 95 -0.2 31
9871 47 59 106 -0.113208 27
9872 65 5 70 0.857143 20
9873 102 10 112 0.821429 25
9874 20 95 115 -0.652174 25
9875 71 20 91 0.56044 26
9876 54 59 113 -0.0442478 29
9877 29 76 105 -0.447619 29
9878 32 54 86 -0.255814 26
9879 146 2 148 0.972973 11
9880 90 10 100 0.8 23
9881 90 17 107 0.682243 27
9882 25 51 76 -0.342105 27
9883 53 37 90 0.177778 26
9884 59 51 110 0.0727273 32
9885 56 54 110 0.0181818 34
9886 61 53 114 0.0701754 34
9887 19 67 86 -0.55814 24
9888 7 53 60 -0.766667 21
9889 74 9 83 0.783133 24
9890 51 44 95 0.0736842 23
9891 38 63 101 -0.247525 28
9892 35 46 81 -0.135802 26
9893 44 29 73 0.205479 28
9894 20 88 108 -0.62963 29
9895 94 18 112 0.678571 29
9896 4 118 122 -0.934426 16
9897 62 39 101 0.227723 29
9898 100 38 138 0.449275 30
9899 20 58 78 -0.487179 27
9900 42 54 96 -0.125 32
9901 52 17 69 0.507246 18
9902 39 54 93 -0.16129 28
9903 57 2 59 0.932203 19
9904 5 86 91 -0.89011 23
9905 16 75 91 -0.648352 27
9906 127 6 133 0.909774 20
9907 63 32 95 0.326316 31
9908 19 117 136 -0.720588 32
9909 32 61 93 -0.311828 26
9910 14 81 95 -0.705263 25
9911 93 6 99 0.878788 23
9912 62 33 95 0.305263 31
9913 28 90 118 -0.525424 26
9914 3 80 83 -0.927711 19
9915 76 14 90 0.688889 29
9916 75 31 106 0.415094 24
9917 16 45 61 -0.47541 19
9918 15 81 96 -0.6875 26
9919 33 80 113 -0.415929 33
9920 69 25 94 0.468085 25
9921 26 103 129 -0.596899 27
9922 19 77 96 -0.604167 27
9923 27 62 89 -0.393258 28
9924 61 40 101 0.207921 23
9925 8 123 131 -0.877863 23
9926 18 93 111 -0.675676 25
9927 1 61 62 -0.967742 13
9928 33 76 109 -0.394495 30
9929 14 126 140 -0.8 23
9930 27 47 74 -0.27027 17
9931 120 13 133 0.804511 22
9932 41 59 100 -0.18 29
9933 37 65 102 -0.27451 30
9934 41 42 83 -0.0120482 27
9935 88 27 115 0.530435 26
9936 36 64 100 -0.28 30
9937 5 91 96 -0.895833 19
9938 85 29 114 0.491228 28
9939 65 23 88 0.477273 31
9940 84 15 99 0.69697 26
9941 63 14 77 0.636364 26
9942 2 123 125 -0.968 18
9943 57 51 108 0.0555556 27
9944 16 102 118 -0.728814 28
9945 39 70 109 -0.284404 30
9946 63 44 107 0.17757 30
9947 71 5 76 0.868421 22
9948 92 10 102 0.803922 23
9949 65 8 73 0.780822 22
9950 8 90 98 -0.836735 22
9951 31 95 126 -0.507937 33
9952 24 11 35 0.371429 12
9953 11 109 120 -0.816667 23
9954 77 35 112 0.375 27
9955 70 3 73 0.917808 18
9956 19 93 112 -0.660714 20
9957 28 79 107 -0.476636 30
9958 67 21 88 0.522727 17
9959 59 56 115 0.026087 32
9960 89 16 105 0.695238 25
9961 88 15 103 0.708738 19
9962 50 69 119 -0.159664 30
9963 30 87 117 -0.487179 26
9964 16 52 68 -0.529412 24
9965 51 42 93 0.0967742 27
9966 4 99 103 -0.92233 20
9967 21 97 118 -0.644068 29
9968 101 5 106 0.90566 20
9969 69 31 100 0.38 31
9970 73 16 89 0.640449 25
9971 64 59 123 0.0406504 30
9972 31 55 86 -0.27907 30
9973 27 83 110 -0.509091 28
9974 53 59 112 -0.0535714 22
9975 27 79 106 -0.490566 29
9976 51 61 112 -0.0892857 31
9977 10 93 103 -0.805825 23
9978 81 18 99 0.636364 27
9979 78 27 105 0.485714 23
9980 105 5 110 0.909091 21
9981 16 64 80 -0.6 27
9982 40 48 88 -0.0909091 26
9983 23 66 89 -0.483146 29
9984 73 17 90 0.622222 24
9985 77 6 83 0.855422 21
9986 90 30 120 0.5 26
9987 42 44 86 -0.0232558 21
9988 6 83 89 -0.865169 21
9989 38 75 113 -0.327434 28
9990 47 65 112 -0.160714 29
9991 102 34 136 0.5 29
9992 77 8 85 0.811765 22
9993 19 77 96 -0.604167 24
9994 44 49 93 -0.0537634 22
9995 33 64 97 -0.319588 32
9996 34 45 79 -0.139241 27
9997 71 48 119 0.193277 34
9998 91 27 118 0.542373 29
9999 17 43 60 -0.433333 22
10000 38 74 112 -0.321429 24
10001 53 38 91 0.164835 30
10002 9 113 122 -0.852459 23
10003 52 45 97 0.0721649 31
10004 63 14 77 0.636364 24
10005 78 10 88 0.772727 24
10006 141 9 150 0.88 17
10007 23 68 91 -0.494505 30
10008 34 56 90 -0.244444 32
10009 72 36 108 0.333333 25
10010 72 4 76 0.894737 21
10011 36 52 88 -0.181818 28
10012 36 73 109 -0.33945 29
10013 6 115 121 -0.900826 19
10014 129 3 132 0.954545 18
10015 24 87 111 -0.567568 30
10016 23 106 129 -0.643411 27
10017 39 52 91 -0.142857 24
10018 5 143 148 -0.932432 22
10019 33 28 61 0.0819672 24
10020 85 26 111 0.531532 31
10021 11 83 94 -0.765957 24
10022 46 57 103 -0.106796 30
10023 127 14 141 0.801418 26
10024 83 19 102 0.627451 30
10025 60 19 79 0.518987 24
10026 125 8 133 0.879699 17
10027 8 99 107 -0.850467 22
10028 60 30 90 0.333333 30
10029 136 19 155 0.754839 22
10030 33 65 98 -0.326531 26
10031 29 37 66 -0.121212 25
10032 54 48 102 0.0588235 28
10033 54 63 117 -0.0769231 31
10034 29 61 90 -0.355556 30
10035 51 48 99 0.030303 27
10036 48 44 92 0.0434783 28
10037 48 37 85 0.129412 27
10038 8 93 101 -0.841584 22
10039 83 36 119 0.394958 33
10040 26 1 27 0.925926 12
10041 51 35 86 0.186047 19
10042 98 5 103 0.902913 22
10043 65 9 74 0.756757 22
10044 82 6 88 0.863636 22
10045 37 35 72 0.0277778 26
10046 29 96 125 -0.536 25
10047 80 9 89 0.797753 23
10048 34 73 107 -0.364486 28
10049 55 54 109 0.00917431 29
10050 99 17 116 0.706897 29
10051 19 79 98 -0.612245 26
10052 2 45 47 -0.914894 11
10053 68 28 96 0.416667 26
10054 38 58 96 -0.208333 27
10055 43 40 83 0.0361446 22
10056 57 52 109 0.0458716 33
10057 13 53 66 -0.606061 27
10058 120 5 125 0.92 22
10059 41 77 118 -0.305085 36
10060 38 63 101 -0.247525 27
10061 56 37 93 0.204301 30
10062 44 18 62 0.419355 27
10063 25 88 113 -0.557522 31
10064 73 39 112 0.303571 29
10065 33 38 71 -0.0704225 25
10066 76 23 99 0.535354 29
10067 76 8 84 0.809524 22
10068 12 87 99 -0.757576 25
10069 56 44 100 0.12 25
10070 16 22 38 -0.157895 17
10071 50 51 101 -0.00990099 28
10072 36 46 82 -0.121951 25
10073 65 31 96 0.354167 31
10074 8 111 119 -0.865546 16
10075 109 4 113 0.929204 20
10076 64 3 67 0.910448 19
10077 47 55 102 -0.0784314 31
10078 87 7 94 0.851064 21
10079 79 5 84 0.880952 16
10080 27 82 109 -0.504587 24
10081 66 39 105 0.257143 30
10082 47 79 126 -0.253968 28
10083 9 113 122 -0.852459 22
10084 67 37 104 0.288462 28
10085 93 24 117 0.589744 29
10086 46 66 112 -0.178571 32
10087 98 44 142 0.380282 29
10088 44 65 109 -0.192661 31
10089 37 51 88 -0.159091 26
10090 57 46 103 0.106796 33
10091 70 47 117 0.196581 32
10092 22 100 122 -0.639344 27
10093 23 88 111 -0.585586 24
10094 84 34 118 0.423729 26
10095 79 8 87 0.816092 21
10096 5 72 77 -0.87013 15
10097 11 96 107 -0.794393 25
10098 84 4 88 0.909091 21
10099 35 59 94 -0.255319 32
10100 38 47 85 -0.105882 26
10101 9 30 39 -0.538462 18
10102 9 145 154 -0.883117 19
10103 51 46 97 0.0515464 30
10104 5 8 13 -0.230769 7
10105 51 47 98 0.0408163 27
10106 20 88 108 -0.62963 23
10107 26 78 104 -0.5 24
10108 38 51 89 -0.146067 28
10109 27 81 108 -0.5 27
10110 35 58 93 -0.247312 21
10111 44 81 125 -0.296 35
10112 22 17 39 0.128205 16
10113 45 73 118 -0.237288 31
10114 38 63 101 -0.247525 28
10115 91 21 112 0.625 29
10116 34 109 143 -0.524476 27
10117 52 46 98 0.0612245 29
10118 66 57 123 0.0731707 32
10119 40 53 93 -0.139785 30
10120 129 5 134 0.925373 17
10121 44 91 135 -0.348148 32
10122 49 54 103 -0.0485437 26
10123 67 42 109 0.229358 28
10124 77 16 93 0.655914 27
10125 19 85 104 -0.634615 27
10126 54 38 92 0.173913 25
10127 60 11 71 0.690141 19
10128 47 33 80 0.175 27
10129 101 1 102 0.980392 20
10130 26 69 95 -0.452632 26
10131 77 39 116 0.327586 31
10132 47 52 99 -0.0505051 32
10133 66 19 85 0.552941 24
10134 8 80 88 -0.818182 24
10135 5 75 80 -0.875 22
10136 10 88 98 -0.795918 17
10137 75 33 108 0.388889 22
10138 75 26 101 0.485149 29
10139 110 6 116 0.896552 18
10140 18 59 77 -0.532468 27
10141 75 22 97 0.546392 29
10142 20 96 116 -0.655172 29
10143 22 51 73 -0.39726 29
10144 15 110 125 -0.76 28
10145 95 3 98 0.938776 21
10146 114 14 128 0.78125 28
10147 59 63 122 -0.0327869 32
10148 67 9 76 0.763158 24
10149 80 40 120 0.333333 27
10150 50 38 88 0.136364 28
10151 101 22 123 0.642276 26
10152 72 24 96 0.5 27
10153 29 71 100 -0.42 28
10154 60 45 105 0.142857 28
10155 65 45 110 0.181818 29
10156 7 64 71 -0.802817 24
10157 79 21 100 0.58 29
10158 68 34 102 0.333333 31
10159 21 61 82 -0.487805 26
10160 13 84 97 -0.731959 25
10161 31 71 102 -0.392157 27
10162 53 62 115 -0.0782609 36
10163 93 22 115 0.617391 30
10164 2 95 97 -0.958763 20
10165 97 12 109 0.779817 26
10166 23 72 95 -0.515789 28
10167 14 99 113 -0.752212 25
10168 43 49 92 -0.0652174 27
10169 59 45 104 0.134615 29
10170 62 26 88 0.409091 24
10171 71 31 102 0.392157 27
10172 44 98 142 -0.380282 34
10173 12 121 133 -0.819549 22
10174 16 48 64 -0.5 24
10175 74 72 146 0.0136986 34
10176 64 30 94 0.361702 22
10177 77 35 112 0.375 28
10178 4 111 115 -0.930435 20
10179 48 66 114 -0.157895 24
10180 38 57 95 -0.2 28
10181 45 70 115 -0.217391 27
10182 66 25 91 0.450549 25
10183 75 15 90 0.666667 25
10184 49 29 78 0.25641 29
10185 2 18 20 -0.8 10
10186 64 38 102 0.254902 25
10187 76 9 85 0.788235 23
10188 41 51 92 -0.108696 24
10189 65 25 90 0.444444 31
10190 30 57 87 -0.310345 29
10191 12 68 80 -0.7 24
10192 46 63 109 -0.155963 28
10193 36 57 93 -0.225806 29
10194 36 47 83 -0.13253 28
10195 39 92 131 -0.40458 24
10196 44 49 93 -0.0537634 28
10197 16 89 105 -0.695238 25
10198 88 29 117 0.504274 27
10199 62 32 94 0.319149 22
10200 33 58 91 -0.274725 27
10201 109 13 122 0.786885 28
10202 36 67 103 -0.300971 26
10203 74 26 100 0.48 29
10204 7 101 108 -0.87037 20
10205 134 7 141 0.900709 17
10206 31 63 94 -0.340426 28
10207 15 86 101 -0.70297 25
10208 19 99 118 -0.677966 31
10209 15 76 91 -0.67033 22
10210 53 37 90 0.177778 32
10211 68 37 105 0.295238 25
10212 26 65 91 -0.428571 26
10213 11 78 89 -0.752809 22
10214 16 84 100 -0.68 23
10215 39 25 64 0.21875 26
10216 63 44 107 0.17757 27
10217 27 72 99 -0.454545 26
10218 38 46 84 -0.0952381 27
10219 77 40 117 0.316239 23
10220 39 34 73 0.0684932 29
10221 90 27 117 0.538462 30
10222 113 13 126 0.793651 27
10223 24 88 112 -0.571429 23
10224 31 78 109 -0.431193 30
10225 81 14 95 0.705263 23
10226 70 47 117 0.196581 29
10227 44 47 91 -0.032967 25
10228 106 25 131 0.618321 26
10229 100 13 113 0.769912 25
10230 54 54 108 0 35
10231 118 17 135 0.748148 29
10232 88 15 103 0.708738 26
10233 93 12 105 0.771429 21
10234 5 56 61 -0.836066 22
10235 22 63 85 -0.482353 25
10236 91 13 104 0.75 20
10237 81 4 85 0.905882 17
10238 8 90 98 -0.836735 23
10239 52 57 109 -0.0458716 33
10240 18 71 89 -0.595506 24
10241 36 60 96 -0.25 33
10242 134 13 147 0.823129 24
10243 37 70 107 -0.308411 30
10244 32 53 85 -0.247059 26
10245 69 41 110 0.254545 29
10246 57 40 97 0.175258 24
10247 93 23 116 0.603448 29
10248 31 66 97 -0.360825 27
10249 39 48 87 -0.103448 34
10250 59 44 103 0.145631 30
10251 58 21 79 0.468354 27
10252 32 94 126 -0.492063 27
10253 60 65 125 -0.04 30
10254 44 90 134 -0.343284 35
10255 21 43 64 -0.34375 27
10256 79 28 107 0.476636 31
10257 39 42 81 -0.037037 26
10258 4 89 93 -0.913978 20
10259 52 39 91 0.142857 26
10260 74 23 97 0.525773 27
10261 11 119 130 -0.830769 25
10262 62 35 97 0.278351 28
10263 54 35 89 0.213483 34
10264 34 49 83 -0.180723 28
10265 13 79 92 -0.717391 21
10266 14 62 76 -0.631579 26
10267 3 90 93 -0.935484 22
10268 67 28 95 0.410526 29
10269 88 42 130 0.353846 27
10270 9 94 103 -0.825243 24
10271 71 4 75 0.893333 16
10272 82 5 87 0.885057 22
10273 69 24 93 0.483871 25
10274 24 58 82 -0.414634 30
10275 96 7 103 0.864078 23
10276 59 21 80 0.475 24
10277 62 23 85 0.458824 28
10278 15 115 130 -0.769231 27
10279 83 36 119 0.394958 24
10280 5 113 118 -0.915254 23
10281 102 5 107 0.906542 23
10282 1 81 82 -0.97561 12
10283 73 29 102 0.431373 27
10284 16 94 110 -0.709091 29
10285 93 21 114 0.631579 27
10286 33 64 97 -0.319588 29
10287 51 52 103 -0.00970874 21
10288 9 110 119 -0.848739 21
10289 37 66 103 -0.281553 24
10290 30 76 106 -0.433962 32
10291 86 6 92 0.869565 20
10292 15 112 127 -0.76378 28
10293 39 53 92 -0.152174 32
10294 115 9 124 0.854839 26
10295 66 6 72 0.833333 23
10296 70 32 102 0.372549 27
10297 43 95 138 -0.376812 30
10298 85 12 97 0.752577 26
10299 12 75 87 -0.724138 24
10300 24 102 126 -0.619048 28
10301 88 21 109 0.614679 22
10302 83 19 102 0.627451 29
10303 12 83 95 -0.747368 27
10304 78 25 103 0.514563 26
10305 72 27 99 0.454545 28
10306 69 48 117 0.179487 31
10307 27 67 94 -0.425532 26
10308 5 151 156 -0.935897 15
10309 11 99 110 -0.8 17
10310 8 113 121 -0.867769 17
10311 97 20 117 0.65812 29
10312 52 46 98 0.0612245 26
10313 25 84 109 -0.541284 25
10314 20 101 121 -0.669421 25
10315 64 40 104 0.230769 32
10316 40 58 98 -0.183673 27
10317 34 65 99 -0.313131 26
10318 93 16 109 0.706422 28
10319 33 57 90 -0.266667 29
10320 94 11 105 0.790476 16
10321 78 15 93 0.677419 25
10322 76 5 81 0.876543 19
10323 60 30 90 0.333333 28
10324 68 24 92 0.478261 24
10325 21 49 70 -0.4 22
10326 10 85 95 -0.789474 24
10327 26 63 89 -0.41573 27
10328 16 102 118 -0.728814 17
10329 72 48 120 0.2 31
10330 30 80 110 -0.454545 28
10331 70 20 90 0.555556 24
10332 40 67 107 -0.252336 32
10333 125 27 152 0.644737 25
10334 50 31 81 0.234568 25
10335 33 69 102 -0.352941 25
10336 10 77 87 -0.770115 21
10337 43 50 93 -0.0752688 29
10338 64 51 115 0.113043 27
10339 17 77 94 -0.638298 25
10340 69 31 100 0.38 23
10341 10 81 91 -0.78022 23
10342 12 76 88 -0.727273 27
10343 59 49 108 0.0925926 31
10344 40 61 101 -0.207921 27
10345 100 34 134 0.492537 27
10346 81 23 104 0.557692 26
10347 77 44 121 0.272727 31
10348 94 14 108 0.740741 27
10349 77 9 86 0.790698 26
10350 80 4 84 0.904762 20
10351 15 85 100 -0.7 23
10352 6 119 125 -0.904 22
10353 27 48 75 -0.28 24
10354 43 82 125 -0.312 29
10355 16 90 106 -0.698113 25
10356 38 32 70 0.0857143 25
10357 54 64 118 -0.0847458 23
10358 64 48 112 0.142857 35
10359 30 57 87 -0.310345 29
10360 33 65 98 -0.326531 26
10361 68 33 101 0.346535 35
10362 5 106 111 -0.90991 22
10363 6 126 132 -0.909091 20
10364 92 8 100 0.84 24
10365 75 33 108 0.388889 31
10366 58 40 98 0.183673 32
10367 18 100 118 -0.694915 26
10368 26 108 134 -0.61194 32
10369 40 67 107 -0.252336 26
10370 74 32 106 0.396226 31
10371 34 50 84 -0.190476 30
10372 2 127 129 -0.968992 18
10373 108 17 125 0.728 29
10374 88 15 103 0.708738 27
10375 17 73 90 -0.622222 23
10376 31 62 93 -0.333333 29
10377 85 10 95 0.789474 25
10378 67 21 88 0.522727 25
10379 40 57 97 -0.175258 21
10380 19 82 101 -0.623762 26
10381 55 44 99 0.111111 26
10382 134 13 147 0.823129 24
10383 99 12 111 0.783784 27
10384 55 19 74 0.486486 26
10385 44 38 82 0.0731707 28
10386 87 28 115 0.513043 28
10387 83 33 116 0.431034 30
10388 47 58 105 -0.104762 27
10389 39 90 129 -0.395349 36
10390 11 48 59 -0.627119 19
10391 29 58 87 -0.333333 27
10392 90 45 135 0.333333 30
10393 85 32 117 0.452991 25
10394 71 15 86 0.651163 29
10395 70 11 81 0.728395 25
10396 17 87 104 -0.673077 28
10397 65 13 78 0.666667 24
10398 20 84 104 -0.615385 30
10399 56 52 108 0.037037 31
10400 123 20 143 0.72028 21
10401 9 89 98 -0.816327 23
10402 11 67 78 -0.717949 24
10403 55 26 81 0.358025 34
10404 72 5 77 0.87013 21
10405 12 73 85 -0.717647 25
10406 82 21 103 0.592233 29
10407 43 37 80 0.075 29
10408 60 35 95 0.263158 27
10409 39 25 64 0.21875 25
10410 88 10 98 0.795918 21
10411 44 34 78 0.128205 28
10412 16 47 63 -0.492063 21
10413 4 64 68 -0.882353 19
10414 67 49 116 0.155172 27
10415 49 21 70 0.4 25
10416 33 29 62 0.0645161 26
10417 68 37 105 0.295238 31
10418 68 26 94 0.446809 30
10419 76 30 106 0.433962 31
10420 26 80 106 -0.509434 31
10421 80 7 87 0.83908 24
10422 43 52 95 -0.0947368 29
10423 14 80 94 -0.702128 25
10424 47 57 104 -0.0961538 33
10425 56 51 107 0.046729 28
10426 11 95 106 -0.792453 24
10427 2 128 130 -0.969231 14
10428 27 59 86 -0.372093 25
10429 122 7 129 0.891473 23
10430 17 81 98 -0.653061 19
10431 69 25 94 0.468085 29
10432 139 3 142 0.957746 13
10433 41 55 96 -0.145833 27
10434 18 64 82 -0.560976 26
10435 26 61 87 -0.402299 28
10436 71 7 78 0.820513 22
10437 114 7 121 0.884298 25
10438 58 22 80 0.45 27
10439 56 36 92 0.217391 27
10440 85 14 99 0.717172 27
10441 19 91 110 -0.654545 31
10442 104 7 111 0.873874 18
10443 46 45 91 0.010989 28
10444 34 52 86 -0.209302 25
10445 33 40 73 -0.0958904 29
10446 19 76 95 -0.6 27
10447 22 90 112 -0.607143 28
10448 47 59 106 -0.113208 28
10449 80 22 102 0.568627 27
10450 127 5 132 0.924242 22
10451 65 28 93 0.397849 30
10452 58 25 83 0.39759 23
10453 95 15 110 0.727273 25
10454 46 53 99 -0.0707071 33
10455 62 21 83 0.493976 28
10456 12 13 25 -0.04 14
10457 59 58 117 0.00854701 26
10458 16 69 85 -0.623529 27
10459 38 38 76 0 24
10460 106 3 109 0.944954 21
10461 41 69 110 -0.254545 27
10462 28 85 113 -0.504425 29
10463 59 60 119 -0.00840336 34
10464 37 50 87 -0.149425 26
10465 62 42 104 0.192308 29
10466 33 61 94 -0.297872 30
10467 59 29 88 0.340909 24
10468 47 28 75 0.253333 25
10469 78 31 109 0.431193 29
10470 38 54 92 -0.173913 26
10471 17 97 114 -0.701754 26
10472 11 121 132 -0.833333 13
10473 5 64 69 -0.855072 20
10474 34 43 77 -0.116883 26
10475 42 65 107 -0.214953 32
10476 30 46 76 -0.210526 27
10477 23 56 79 -0.417722 26
10478 26 74 100 -0.48 29
10479 42 72 114 -0.263158 27
10480 16 79 95 -0.663158 27
10481 57 47 104 0.0961538 29
10482 74 23 97 0.525773 27
10483 81 28 109 0.486239 25
10484 96 10 106 0.811321 25
10485 35 46 81 -0.135802 26
10486 49 40 89 0.101124 32
10487 38 74 112 -0.321429 21
10488 86 2 88 0.954545 20
10489 74 21 95 0.557895 26
10490 64 39 103 0.242718 22
10491 10 65 75 -0.733333 25
10492 99 11 110 0.8 22
10493 6 65 71 -0.830986 25
10494 58 38 96 0.208333 27
10495 142 6 148 0.918919 20
10496 33 56 89 -0.258427 31
10497 34 68 102 -0.333333 31
10498 86 29 115 0.495652 28
10499 80 8 88 0.818182 23
10500 60 38 98 0.22449 31
10501 68 27 95 0.431579 27
10502 12 75 87 -0.724138 25
10503 93 11 104 0.788462 20
10504 42 41 83 0.0120482 29
10505 5 138 143 -0.93007 24
10506 23 76 99 -0.535354 26
10507 127 13 140 0.814286 27
10508 62 55 117 0.0598291 34
10509 85 33 118 0.440678 27
10510 42 61 103 -0.184466 31
10511 32 73 105 -0.390476 32
10512 36 34 70 0.0285714 27
10513 2 126 128 -0.96875 16
10514 9 100 109 -0.834862 27
10515 76 13 89 0.707865 26
10516 98 8 106 0.849057 23
10517 20 85 105 -0.619048 26
10518 104 6 110 0.890909 19
10519 29 84 113 -0.486726 31
10520 30 43 73 -0.178082 27
10521 55 53 108 0.0185185 36
10522 22 68 90 -0.511111 24
10523 44 30 74 0.189189 28
10524 11 135 146 -0.849315 24
10525 86 9 95 0.810526 22
10526 58 27 85 0.364706 27
10527 17 87 104 -0.673077 26
10528 33 34 67 -0.0149254 27
10529 44 43 87 0.0114943 27
10530 36 48 84 -0.142857 25
10531 69 5 74 0.864865 18
10532 7 122 129 -0.891473 17
10533 60 48 108 0.111111 26
10534 29 67 96 -0.395833 24
10535 90 21 111 0.621622 20
10536 54 30 84 0.285714 25
10537 21 134 155 -0.729032 16
10538 76 46 122 0.245902 25
10539 97 12 109 0.779817 25
10540 46 74 120 -0.233333 26
10541 39 53 92 -0.152174 27
10542 29 55 84 -0.309524 31
10543 31 66 97 -0.360825 24
10544 19 79 98 -0.612245 27
10545 60 33 93 0.290323 30
10546 29 67 96 -0.395833 32
10547 57 34 91 0.252747 23
10548 89 21 110 0.618182 29
10549 62 37 99 0.252525 35
10550 11 93 104 -0.788462 26
10551 35 56 91 -0.230769 30
10552 73 5 78 0.871795 22
10553 48 25 73 0.315068 21
10554 41 46 87 -0.0574713 26
10555 142 9 151 0.880795 23
10556 129 8 137 0.883212 24
10557 73 53 126 0.15873 32
10558 87 44 131 0.328244 32
10559 29 84 113 -0.486726 26
10560 64 33 97 0.319588 32
10561 6 100 106 -0.886792 23
10562 15 83 98 -0.693878 28
10563 24 73 97 -0.505155 28
10564 32 66 98 -0.346939 28
10565 24 85 109 -0.559633 22
10566 39 36 75 0.04 31
10567 46 30 76 0.210526 23
10568 7 80 87 -0.83908 22
10569 28 93 121 -0.53719 26
10570 73 16 89 0.640449 24
10571 79 28 107 0.476636 24
10572 95 7 102 0.862745 24
10573 35 59 94 -0.255319 26
10574 81 15 96 0.6875 28
10575 51 41 92 0.108696 27
10576 49 14 63 0.555556 22
10577 36 53 89 -0.191011 24
10578 97 27 124 0.564516 23
10579 47 54 101 -0.0693069 29
10580 43 43 86 0 30
10581 77 25 102 0.509804 28
10582 49 43 92 0.0652174 27
10583 101 11 112 0.803571 25
10584 50 49 99 0.010101 24
10585 38 32 70 0.0857143 25
10586 119 8 127 0.874016 22
10587 11 101 112 -0.803571 17
10588 34 60 94 -0.276596 25
10589 66 26 92 0.434783 24
10590 94 14 108 0.740741 24
10591 78 14 92 0.695652 25
10592 47 38 85 0.105882 28
10593 29 98 127 -0.543307 29
10594 81 21 102 0.588235 28
10595 6 92 98 -0.877551 19
10596 9 116 125 -0.856 24
10597 14 82 96 -0.708333 28
10598 74 29 103 0.436893 29
10599 99 31 130 0.523077 26
10600 99 8 107 0.850467 25
10601 49 45 94 0.0425532 23
10602 37 70 107 -0.308411 27
10603 56 59 115 -0.026087 28
10604 92 2 94 0.957447 19
10605 48 35 83 0.156627 31
10606 15 68 83 -0.638554 21
10607 95 9 104 0.826923 25
10608 60 54 114 0.0526316 28
10609 2 67 69 -0.942029 21
10610 70 33 103 0.359223 21
10611 41 63 104 -0.211538 33
10612 33 65 98 -0.326531 27
10613 6 109 115 -0.895652 19
10614 48 32 80 0.2 23
10615 49 32 81 0.209877 28
10616 91 4 95 0.915789 22
10617 56 49 105 0.0666667 28
10618 32 64 96 -0.333333 23
10619 17 54 71 -0.521127 25
10620 30 66 96 -0.375 30
10621 63 39 102 0.235294 29
10622 108 9 117 0.846154 23
10623 22 65 87 -0.494253 26
10624 47 63 110 -0.145455 32
10625 7 117 124 -0.887097 22
10626 8 90 98 -0.836735 20
10627 57 33 90 0.266667 28
10628 133 4 137 0.941606 14
10629 62 23 85 0.458824 23
10630 59 13 72 0.638889 24
10631 63 42 105 0.2 29
10632 25 68 93 -0.462366 32
10633 20 103 123 -0.674797 29
10634 150 11 161 0.863354 22
10635 3 141 144 -0.958333 13
10636 96 12 108 0.777778 23
10637 52 31 83 0.253012 20
10638 122 9 131 0.862595 21
10639 72 32 104 0.384615 22
10640 51 62 113 -0.0973451 30
10641 43 44 87 -0.0114943 27
10642 36 57 93 -0.225806 25
10643 1 94 95 -0.978947 20
10644 67 57 124 0.0806452 30
10645 120 14 134 0.791045 25
10646 106 16 122 0.737705 24
10647 11 111 122 -0.819672 22
10648 10 85 95 -0.789474 24
10649 9 145 154 -0.883117 12
10650 39 39 78 0 30
10651 49 36 85 0.152941 25
10652 19 98 117 -0.675214 28
10653 35 45 80 -0.125 23
10654 42 27 69 0.217391 27
10655 40 82 122 -0.344262 27
10656 23 83 106 -0.566038 32
10657 10 79 89 -0.775281 23
10658 44 54 98 -0.102041 31
10659 10 103 113 -0.823009 20
10660 124 2 126 0.968254 18
10661 76 27 103 0.475728 27
10662 70 29 99 0.414141 29
10663 62 37 99 0.252525 31
10664 43 54 97 -0.113402 28
10665 7 100 107 -0.869159 21
10666 29 49 78 -0.25641 27
10667 27 78 105 -0.485714 30
10668 27 60 87 -0.37931 26
10669 70 29 99 0.414141 30
10670 135 10 145 0.862069 19
10671 16 136 152 -0.789474 25
10672 107 8 115 0.86087 21
10673 50 49 99 0.010101 27
10674 32 67 99 -0.353535 27
10675 24 45 69 -0.304348 22
10676 57 23 80 0.425 25
10677 43 62 105 -0.180952 27
10678 18 74 92 -0.608696 26
10679 12 90 102 -0.764706 27
10680 75 27 102 0.470588 26
10681 55 38 93 0.182796 32
10682 121 3 124 0.951613 21
10683 18 58 76 -0.526316 22
10684 87 10 97 0.793814 25
10685 58 42 100 0.16 33
10686 17 86 103 -0.669903 23
10687 3 117 120 -0.95 18
10688 29 44 73 -0.205479 23
10689 71 23 94 0.510638 29
10690 54 39 93 0.16129 33
10691 75 56 131 0.145038 30
10692 17 79 96 -0.645833 26
10693 54 29 83 0.301205 25
10694 19 80 99 -0.616162 30
10695 80 17 97 0.649485 29
10696 19 120 139 -0.726619 29
10697 117 4 121 0.933884 20
10698 85 18 103 0.650485 27
10699 75 14 89 0.685393 28
10700 101 13 114 0.77193 24
10701 31 82 113 -0.451327 29
10702 71 32 103 0.378641 29
10703 26 59 85 -0.388235 27
10704 4 1 5 0.6 4
10705 28 56 84 -0.333333 23
10706 56 37 93 0.204301 26
10707 52 26 78 0.333333 23
10708 34 65 99 -0.313131 27
10709 123 15 138 0.782609 25
10710 39 26 65 0.2 27
10711 99 10 109 0.816514 24
10712 22 67 89 -0.505618 29
10713 71 45 116 0.224138 32
10714 30 63 93 -0.354839 21
10715 37 68 105 -0.295238 25
10716 24 111 135 -0.644444 25
10717 36 59 95 -0.242105 30
10718 19 36 55 -0.309091 22
10719 91 21 112 0.625 25
10720 14 82 96 -0.708333 26
10721 5 21 26 -0.615385 18
10722 37 88 125 -0.408 30
10723 93 11 104 0.788462 24
10724 24 84 108 -0.555556 29
10725 115 12 127 0.811024 21
10726 28 39 67 -0.164179 27
10727 99 14 113 0.752212 24
10728 105 6 111 0.891892 23
10729 74 8 82 0.804878 21
10730 31 63 94 -0.340426 25
10731 54 37 91 0.186813 24
10732 68 33 101 0.346535 22
10733 88 20 108 0.62963 30
10734 81 15 96 0.6875 20
10735 42 55 97 -0.134021 25
10736 79 17 96 0.645833 25
10737 14 105 119 -0.764706 22
10738 10 83 93 -0.784946 25
10739 73 9 82 0.780488 25
10740 34 57 91 -0.252747 26
10741 49 58 107 -0.0841121 21
10742 66 9 75 0.76 18
10743 100 6 106 0.886792 25
10744 38 55 93 -0.182796 25
10745 21 87 108 -0.611111 24
10746 55 40 95 0.157895 21
10747 77 36 113 0.362832 25
10748 71 49 120 0.183333 30
10749 28 81 109 -0.486239 30
10750 5 110 115 -0.913043 20
10751 54 62 116 -0.0689655 28
10752 30 35 65 -0.0769231 30
10753 71 26 97 0.463918 25
10754 21 55 76 -0.447368 30
10755 9 77 86 -0.790698 24
10756 118 10 128 0.84375 20
10757 66 42 108 0.222222 29
10758 21 49 70 -0.4 28
10759 20 70 90 -0.555556 26
10760 43 43 86 0 25
10761 93 12 105 0.771429 21
10762 13 76 89 -0.707865 25
10763 62 40 102 0.215686 29
10764 40 65 105 -0.238095 31
10765 41 41 82 0 28
10766 42 52 94 -0.106383 31
10767 100 13 113 0.769912 25
10768 39 59 98 -0.204082 29
10769 27 64 91 -0.406593 29
10770 30 60 90 -0.333333 22
10771 92 10 102 0.803922 26
10772 23 59 82 -0.439024 25
10773 77 40 117 0.316239 28
10774 100 4 104 0.923077 21
10775 3 127 130 -0.953846 15
10776 122 7 129 0.891473 25
10777 78 23 101 0.544554 29
10778 46 52 98 -0.0612245 28
10779 29 60 89 -0.348315 29
10780 56 37 93 0.204301 25
10781 32 74 106 -0.396226 28
10782 39 67 106 -0.264151 31
10783 14 75 89 -0.685393 23
10784 74 21 95 0.557895 24
10785 26 100 126 -0.587302 30
10786 22 77 99 -0.555556 23
10787 77 48 125 0.232 26
10788 99 5 104 0.903846 22
10789 9 124 133 -0.864662 25
10790 13 66 79 -0.670886 25
10791 41 46 87 -0.0574713 27
10792 17 87 104 -0.673077 20
10793 27 22 49 0.102041 25
10794 48 63 111 -0.135135 28
10795 59 53 112 0.0535714 30
10796 6 138 144 -0.916667 22
10797 47 55 102 -0.0784314 30
10798 56 44 100 0.12 22
10799 52 33 85 0.223529 31
10800 116 6 122 0.901639 19
10801 20 84 104 -0.615385 27
10802 20 97 117 -0.65812 24
10803 30 50 80 -0.25 28
10804 43 35 78 0.102564 28
10805 86 11 97 0.773196 24
10806 96 6 102 0.882353 24
10807 1 90 91 -0.978022 17
10808 38 43 81 -0.0617284 25
10809 26 79 105 -0.504762 24
10810 15 77 92 -0.673913 24
10811 17 55 72 -0.527778 21
10812 32 23 55 0.163636 15
10813 18 75 93 -0.612903 26
10814 57 36 93 0.225806 31
10815 38 62 100 -0.24 20
10816 9 31 40 -0.55 18
10817 35 64 99 -0.292929 33
10818 66 19 85 0.552941 24
10819 17 30 47 -0.276596 18
10820 22 43 65 -0.323077 29
10821 35 86 121 -0.421488 34
10822 74 13 87 0.701149 26
10823 38 56 94 -0.191489 30
10824 12 64 76 -0.684211 24
10825 78 10 88 0.772727 24
10826 41 22 63 0.301587 25
10827 14 99 113 -0.752212 24
10828 103 13 116 0.775862 23
10829 63 34 97 0.298969 25
10830 36 72 108 -0.333333 24
10831 4 120 124 -0.935484 17
10832 31 86 117 -0.470085 31
10833 50 35 85 0.176471 31
10834 38 46 84 -0.0952381 28
10835 45 15 60 0.5 23
10836 12 83 95 -0.747368 25
10837 88 3 91 0.934066 16
10838 16 86 102 -0.686275 26
10839 36 66 102 -0.294118 36
10840 3 97 100 -0.94 21
10841 33 60 93 -0.290323 25
10842 72 32 104 0.384615 25
10843 63 45 108 0.166667 27
10844 10 115 125 -0.84 25
10845 20 49 69 -0.42029 22
10846 83 18 101 0.643564 25
10847 6 103 109 -0.889908 18
10848 19 68 87 -0.563218 28
10849 82 22 104 0.576923 27
10850 103 4 107 0.925234 17
10851 42 45 87 -0.0344828 24
10852 19 64 83 -0.542169 21
10853 14 54 68 -0.588235 29
10854 34 60 94 -0.276596 28
10855 0 125 125 -1 12
10856 22 52 74 -0.405405 29
10857 43 34 77 0.116883 27
10858 28 83 111 -0.495495 28
10859 13 88 101 -0.742574 26
10860 50 38 88 0.136364 28
10861 3 101 104 -0.942308 21
10862 67 21 88 0.522727 24
10863 64 25 89 0.438202 30
10864 25 77 102 -0.509804 30
10865 102 18 120 0.7 26
10866 62 25 87 0.425287 29
10867 22 104 126 -0.650794 25
10868 34 47 81 -0.160494 33
10869 41 72 113 -0.274336 28
10870 51 39 90 0.133333 30
10871 2 76 78 -0.948718 18
10872 25 93 118 -0.576271 30
10873 70 10 80 0.75 25
10874 48 56 104 -0.0769231 31
10875 9 105 114 -0.842105 21
10876 116 25 141 0.64539 31
10877 47 82 129 -0.271318 24
10878 67 23 90 0.488889 27
10879 72 46 118 0.220339 32
10880 32 64 96 -0.333333 27
10881 67 26 93 0.44086 24
10882 13 52 65 -0.6 23
10883 80 45 125 0.28 29
10884 2 146 148 -0.972973 18
10885 49 3 52 0.884615 10
10886 9 97 106 -0.830189 24
10887 55 49 104 0.0576923 31
10888 71 20 91 0.56044 27
10889 106 8 114 0.859649 19
10890 25 42 67 -0.253731 30
10891 107 12 119 0.798319 24
10892 11 71 82 -0.731707 28
10893 15 88 103 -0.708738 22
10894 39 72 111 -0.297297 27
10895 57 15 72 0.583333 23
10896 83 5 88 0.886364 23
10897 101 8 109 0.853211 23
10898 28 44 72 -0.222222 24
10899 43 107 150 -0.426667 26
10900 41 78 119 -0.310924 31
10901 4 132 136 -0.941176 14
10902 43 48 91 -0.0549451 25
10903 49 52 101 -0.029703 31
10904 4 70 74 -0.891892 21
10905 23 70 93 -0.505376 28
10906 7 83 90 -0.844444 22
10907 20 108 128 -0.6875 26
10908 5 120 125 -0.92 23
10909 33 82 115 -0.426087 29
10910 62 9 71 0.746479 26
10911 2 100 102 -0.960784 19
10912 32 48 80 -0.2 27
10913 16 89 105 -0.695238 31
10914 112 17 129 0.736434 25
10915 27 63 90 -0.4 29
10916 96 14 110 0.745455 26
10917 29 73 102 -0.431373 25
10918 6 132 138 -0.913043 22
10919 67 10 77 0.74026 23
10920 4 136 140 -0.942857 18
10921 77 13 90 0.711111 25
10922 23 102 125 -0.632 25
10923 136 14 150 0.813333 25
10924 22 81 103 -0.572816 20
10925 93 17 110 0.690909 25
10926 47 46 93 0.0107527 27
10927 102 8 110 0.854545 22
10928 56 35 91 0.230769 21
10929 6 122 128 -0.90625 24
10930 20 67 87 -0.54023 27
10931 19 84 103 -0.631068 30
10932 46 72 118 -0.220339 31
10933 69 13 82 0.682927 24
10934 9 70 79 -0.772152 23
10935 42 53 95 -0.115789 27
10936 57 33 90 0.266667 30
10937 46 47 93 -0.0107527 30
10938 3 94 97 -0.938144 20
10939 15 102 117 -0.74359 23
10940 76 24 100 0.52 30
10941 8 85 93 -0.827957 11
10942 19 93 112 -0.660714 31
10943 19 110 129 -0.705426 23
10944 36 82 118 -0.389831 25
10945 32 30 62 0.0322581 24
10946 81 5 86 0.883721 21
10947 7 71 78 -0.820513 23
10948 45 75 120 -0.25 31
10949 72 29 101 0.425743 22
10950 42 56 98 -0.142857 29
10951 30 58 88 -0.318182 22
10952 6 111 117 -0.897436 17
10953 48 87 135 -0.288889 32
10954 25 45 70 -0.285714 29
10955 10 85 95 -0.789474 28
10956 52 52 104 0 28
10957 36 79 115 -0.373913 25
10958 66 57 123 0.0731707 29
10959 51 72 123 -0.170732 24
10960 34 61 95 -0.284211 31
10961 85 35 120 0.416667 31
10962 16 87 103 -0.68932 24
10963 16 86 102 -0.686275 26
10964 110 3 113 0.946903 22
10965 1 63 64 -0.96875 18
10966 74 39 113 0.309735 30
10967 14 92 106 -0.735849 26
10968 77 5 82 0.878049 20
10969 49 36 85 0.152941 26
10970 56 54 110 0.0181818 29
10971 105 27 132 0.590909 29
10972 13 67 80 -0.675 28
10973 50 44 94 0.0638298 27
10974 15 53 68 -0.558824 27
10975 38 52 90 -0.155556 26
10976 83 20 103 0.61165 27
10977 102 15 117 0.74359 27
10978 97 10 107 0.813084 26
10979 11 81 92 -0.76087 26
10980 47 54 101 -0.0693069 32
10981 80 25 105 0.52381 25
10982 74 11 85 0.741176 24
10983 25 72 97 -0.484536 30
10984 98 14 112 0.75 20
10985 73 31 104 0.403846 30
10986 49 35 84 0.166667 26
10987 5 93 98 -0.897959 22
10988 6 161 167 -0.928144 15
10989 86 36 122 0.409836 21
10990 114 6 120 0.9 16
10991 46 33 79 0.164557 28
10992 23 75 98 -0.530612 27
10993 45 56 101 -0.108911 29
10994 75 6 81 0.851852 20
10995 14 105 119 -0.764706 24
10996 91 10 101 0.80198 22
10997 60 21 81 0.481481 29
10998 71 24 95 0.494737 29
10999 85 25 110 0.545455 25
11000 29 76 105 -0.447619 27
11001 63 57 120 0.05 22
11002 61 35 96 0.270833 30
11003 10 52 62 -0.677419 21
11004 62 9 71 0.746479 25
11005 10 88 98 -0.795918 25
11006 144 3 147 0.959184 16
11007 116 9 125 0.856 26
11008 39 79 118 -0.338983 30
11009 9 0 9 1 3
11010 37 64 101 -0.267327 20
11011 41 63 104 -0.211538 23
11012 84 11 95 0.768421 24
11013 104 7 111 0.873874 21
11014 88 30 118 0.491525 32
11015 38 36 74 0.027027 25
11016 46 34 80 0.15 32
11017 3 52 55 -0.890909 17
11018 68 25 93 0.462366 33
11019 65 33 98 0.326531 30
11020 48 52 100 -0.04 25
11021 70 32 102 0.372549 25
11022 11 121 132 -0.833333 23
11023 36 114 150 -0.52 30
11024 30 56 86 -0.302326 27
11025 78 19 97 0.608247 31
11026 66 18 84 0.571429 23
11027 94 12 106 0.773585 23
11028 50 43 93 0.0752688 29
11029 92 28 120 0.533333 27
11030 71 36 107 0.327103 30
11031 40 70 110 -0.272727 31
11032 26 69 95 -0.452632 25
11033 41 53 94 -0.12766 26
11034 62 0 62 1 14
11035 34 69 103 -0.339806 28
11036 65 19 84 0.547619 26
11037 39 69 108 -0.277778 33
11038 19 96 115 -0.669565 25
11039 78 39 117 0.333333 31
11040 84 33 117 0.435897 22
11041 21 93 114 -0.631579 27
11042 30 77 107 -0.439252 28
11043 57 43 100 0.14 24
11044 21 56 77 -0.454545 29
11045 18 108 126 -0.714286 25
11046 48 34 82 0.170732 22
11047 44 60 104 -0.153846 33
11048 2 104 106 -0.962264 17
11049 38 71 109 -0.302752 29
11050 5 171 176 -0.943182 19
11051 19 1 20 0.9 10
11052 28 27 55 0.0181818 25
11053 23 73 96 -0.520833 26
11054 3 148 151 -0.960265 21
11055 81 28 109 0.486239 28
11056 4 126 130 -0.938462 23
11057 14 128 142 -0.802817 23
11058 61 25 86 0.418605 27
11059 52 44 96 0.0833333 32
11060 7 114 121 -0.884298 20
11061 77 25 102 0.509804 30
11062 83 14 97 0.71134 27
11063 75 11 86 0.744186 21
11064 102 17 119 0.714286 24
11065 63 39 102 0.235294 26
11066 49 56 105 -0.0666667 31
11067 18 97 115 -0.686957 29
11068 39 51 90 -0.133333 30
11069 62 48 110 0.127273 30
11070 65 41 106 0.226415 33
11071 66 38 104 0.269231 29
11072 35 48 83 -0.156627 28
11073 61 50 111 0.0990991 29
11074 73 32 105 0.390476 30
11075 37 81 118 -0.372881 30
11076 13 103 116 -0.775862 26
11077 92 21 113 0.628319 27
11078 36 73 109 -0.33945 27
11079 15 62 77 -0.61039 22
11080 66 18 84 0.571429 24
11081 8 144 152 -0.894737 15
11082 4 101 105 -0.92381 21
11083 80 17 97 0.649485 25
11084 6 45 51 -0.764706 18
11085 44 43 87 0.0114943 31
11086 111 21 132 0.681818 27
11087 18 101 119 -0.697479 25
11088 94 18 112 0.678571 29
11089 86 27 113 0.522124 30
11090 52 38 90 0.155556 25
11091 32 74 106 -0.396226 32
11092 76 22 98 0.55102 31
11093 42 55 97 -0.134021 26
11094 13 60 73 -0.643836 19
11095 100 12 112 0.785714 25
11096 42 74 116 -0.275862 27
11097 36 72 108 -0.333333 32
11098 73 13 86 0.697674 27
11099 28 44 72 -0.222222 26
11100 61 50 111 0.0990991 26
11101 19 118 137 -0.722628 24
11102 10 62 72 -0.722222 21
11103 7 75 82 -0.829268 23
11104 89 13 102 0.745098 26
11105 84 17 101 0.663366 27
11106 117 9 126 0.857143 18
11107 84 20 104 0.615385 23
11108 58 51 109 0.0642202 26
11109 15 78 93 -0.677419 27
11110 49 21 70 0.4 24
11111 9 99 108 -0.833333 19
11112 83 27 110 0.509091 30
11113 68 43 111 0.225225 28
11114 49 36 85 0.152941 24
11115 70 11 81 0.728395 24
11116 127 2 129 0.968992 21
11117 89 23 112 0.589286 25
11118 7 114 121 -0.884298 19
11119 107 9 116 0.844828 26
11120 7 131 138 -0.898551 23
11121 102 16 118 0.728814 26
11122 3 87 90 -0.933333 22
11123 66 44 110 0.2 29
11124 99 8 107 0.850467 26
11125 19 69 88 -0.568182 29
11126 5 92 97 -0.896907 21
11127 111 10 121 0.834711 26
11128 16 73 89 -0.640449 28
11129 24 61 85 -0.435294 29
11130 43 43 86 0 29
11131 10 86 96 -0.791667 22
11132 56 49 105 0.0666667 28
11133 10 53 63 -0.68254 26
11134 46 56 102 -0.0980392 29
11135 14 102 116 -0.758621 26
11136 15 105 120 -0.75 24
11137 68 24 92 0.478261 24
11138 90 0 90 1 9
11139 22 70 92 -0.521739 30
11140 116 25 141 0.64539 32
11141 104 17 121 0.719008 27
11142 26 76 102 -0.490196 26
11143 6 81 87 -0.862069 23
11144 26 61 87 -0.402299 27
11145 49 53 102 -0.0392157 32
11146 79 10 89 0.775281 19
11147 54 1 55 0.963636 16
11148 53 51 104 0.0192308 31
11149 47 52 99 -0.0505051 27
11150 23 66 89 -0.483146 28
11151 68 6 74 0.837838 21
11152 111 11 122 0.819672 28
11153 20 75 95 -0.578947 24
11154 56 38 94 0.191489 28
11155 28 96 124 -0.548387 27
11156 64 25 89 0.438202 29
11157 12 121 133 -0.819549 21
11158 65 39 104 0.25 27
11159 87 15 102 0.705882 29
11160 105 15 120 0.75 28
11161 97 18 115 0.686957 28
11162 117 11 128 0.828125 26
11163 45 31 76 0.184211 29
11164 108 18 126 0.714286 29
11165 53 64 117 -0.0940171 36
11166 29 74 103 -0.436893 31
11167 47 42 89 0.0561798 30
11168 2 102 104 -0.961538 21
11169 8 77 85 -0.811765 24
11170 106 4 110 0.927273 19
11171 11 113 124 -0.822581 26
11172 119 2 121 0.966942 12
11173 86 30 116 0.482759 29
11174 34 64 98 -0.306122 29
11175 27 36 63 -0.142857 26
11176 17 94 111 -0.693694 27
11177 18 77 95 -0.621053 27
11178 80 4 84 0.904762 21
11179 32 75 107 -0.401869 30
11180 48 38 86 0.116279 33
11181 61 41 102 0.196078 30
11182 37 58 95 -0.221053 32
11183 46 58 104 -0.115385 28
11184 58 21 79 0.468354 29
11185 34 63 97 -0.298969 32
11186 77 21 98 0.571429 27
11187 13 103 116 -0.775862 27
11188 72 30 102 0.411765 25
11189 52 46 98 0.0612245 28
11190 21 72 93 -0.548387 27
11191 68 55 123 0.105691 33
11192 67 18 85 0.576471 25
11193 19 122 141 -0.730496 21
11194 93 8 101 0.841584 19
11195 101 20 121 0.669421 26
11196 58 41 99 0.171717 31
11197 53 45 98 0.0816327 30
11198 19 88 107 -0.64486 24
11199 75 15 90 0.666667 25
11200 122 2 124 0.967742 14
11201 116 9 125 0.856 23
11202 57 31 88 0.295455 28
11203 11 83 94 -0.765957 24
11204 99 11 110 0.8 28
11205 1 131 132 -0.984848 16
11206 12 100 112 -0.785714 26
11207 21 93 114 -0.631579 26
11208 97 3 100 0.94 22
11209 34 60 94 -0.276596 29
11210 35 57 92 -0.23913 26
11211 25 85 110 -0.545455 28
11212 52 69 121 -0.140496 31
11213 20 92 112 -0.642857 28
11214 106 11 117 0.811966 26
11215 36 44 80 -0.1 24
11216 6 94 100 -0.88 25
11217 9 96 105 -0.828571 21
11218 122 10 132 0.848485 25
11219 27 31 58 -0.0689655 19
11220 14 112 126 -0.777778 25
11221 22 84 106 -0.584906 27
11222 19 76 95 -0.6 27
11223 145 2 147 0.972789 15
11224 4 69 73 -0.890411 20
11225 84 23 107 0.570093 25
11226 83 40 123 0.349593 30
11227 60 67 127 -0.0551181 31
11228 106 11 117 0.811966 20
11229 54 12 66 0.636364 19
11230 52 48 100 0.04 28
11231 26 80 106 -0.509434 31
11232 83 27 110 0.509091 29
11233 37 53 90 -0.177778 29
11234 59 57 116 0.0172414 37
11235 32 58 90 -0.288889 23
11236 8 121 129 -0.875969 17
11237 9 88 97 -0.814433 22
11238 21 109 130 -0.676923 26
11239 31 105 136 -0.544118 31
11240 103 13 116 0.775862 25
11241 17 113 130 -0.738462 28
11242 5 68 73 -0.863014 22
11243 52 64 116 -0.103448 32
11244 98 7 105 0.866667 18
11245 50 32 82 0.219512 30
11246 98 5 103 0.902913 23
11247 32 52 84 -0.238095 30
11248 97 32 129 0.503876 34
11249 26 46 72 -0.277778 19
11250 74 13 87 0.701149 26
11251 64 15 79 0.620253 27
11252 115 2 117 0.965812 19
11253 122 9 131 0.862595 24
11254 62 31 93 0.333333 25
11255 18 0 18 1 9
11256 54 39 93 0.16129 27
11257 88 4 92 0.913043 22
11258 50 47 97 0.0309278 28
11259 40 45 85 -0.0588235 30
11260 30 86 116 -0.482759 32
11261 11 82 93 -0.763441 27
11262 135 10 145 0.862069 22
11263 65 13 78 0.666667 27
11264 6 73 79 -0.848101 25
11265 8 83 91 -0.824176 23
11266 16 137 153 -0.79085 28
11267 87 9 96 0.8125 23
11268 10 108 118 -0.830508 21
11269 58 37 95 0.221053 26
11270 36 62 98 -0.265306 24
11271 6 103 109 -0.889908 15
11272 31 69 100 -0.38 28
11273 5 69 74 -0.864865 20
11274 42 46 88 -0.0454545 29
11275 29 31 60 -0.0333333 22
11276 56 20 76 0.473684 28
11277 152 4 156 0.948718 17
11278 32 44 76 -0.157895 23
11279 25 114 139 -0.640288 25
11280 30 75 105 -0.428571 30
11281 18 76 94 -0.617021 27
11282 49 47 96 0.0208333 26
11283 33 81 114 -0.421053 29
11284 17 80 97 -0.649485 28
11285 102 7 109 0.87156 25
11286 29 90 119 -0.512605 28
11287 89 7 96 0.854167 22
11288 45 43 88 0.0227273 30
11289 19 95 114 -0.666667 27
11290 57 31 88 0.295455 27
11291 66 29 95 0.389474 22
11292 74 20 94 0.574468 26
11293 83 2 85 0.952941 21
11294 116 13 129 0.79845 23
11295 1 121 122 -0.983607 12
11296 3 88 91 -0.934066 22
11297 76 31 107 0.420561 30
11298 132 5 137 0.927007 17
11299 93 38 131 0.419847 30
11300 83 27 110 0.509091 33
11301 80 28 108 0.481481 31
11302 40 30 70 0.142857 23
11303 59 32 91 0.296703 26
11304 125 15 140 0.785714 18
11305 65 32 97 0.340206 29
11306 85 32 117 0.452991 28
11307 64 39 103 0.242718 30
11308 10 71 81 -0.753086 24
11309 26 103 129 -0.596899 29
11310 69 22 91 0.516484 30
11311 118 9 127 0.858268 21
11312 65 17 82 0.585366 26
11313 6 119 125 -0.904 24
11314 11 111 122 -0.819672 25
11315 141 4 145 0.944828 19
11316 17 89 106 -0.679245 20
11317 16 68 84 -0.619048 28
11318 5 5 10 0 8
11319 25 78 103 -0.514563 21
11320 29 68 97 -0.402062 27
11321 54 52 106 0.0188679 21
11322 99 11 110 0.8 27
11323 41 35 76 0.0789474 29
11324 111 2 113 0.964602 21
11325 14 86 100 -0.72 28
11326 97 15 112 0.732143 22
11327 2 137 139 -0.971223 13
11328 55 72 127 -0.133858 28
11329 14 67 81 -0.654321 23
11330 4 134 138 -0.942029 17
11331 58 52 110 0.0545455 28
11332 21 75 96 -0.5625 31
11333 53 42 95 0.115789 25
11334 30 21 51 0.176471 23
11335 95 13 108 0.759259 26
11336 36 62 98 -0.265306 22
11337 93 12 105 0.771429 24
11338 18 78 96 -0.625 28
11339 96 18 114 0.684211 21
11340 48 51 99 -0.030303 25
11341 59 41 100 0.18 28
11342 32 23 55 0.163636 21
11343 65 39 104 0.25 27
11344 80 2 82 0.95122 19
11345 59 34 93 0.268817 27
11346 69 46 115 0.2 28
11347 10 96 106 -0.811321 24
11348 74 21 95 0.557895 21
11349 63 28 91 0.384615 28
11350 21 76 97 -0.56701 28
11351 42 64 106 -0.207547 27
11352 72 16 88 0.636364 22
11353 82 10 92 0.782609 26
11354 21 77 98 -0.571429 31
11355 63 8 71 0.774648 14
11356 75 41 116 0.293103 30
11357 22 51 73 -0.39726 27
11358 58 56 114 0.0175439 27
11359 116 8 124 0.870968 24
11360 27 70 97 -0.443299 31
11361 94 17 111 0.693694 28
11362 39 50 89 -0.123596 29
11363 49 53 102 -0.0392157 29
11364 44 47 91 -0.032967 31
11365 33 80 113 -0.415929 30
11366 44 12 56 0.571429 25
11367 76 17 93 0.634409 26
11368 90 32 122 0.47541 29
11369 8 120 128 -0.875 22
11370 55 50 105 0.047619 33
11371 7 123 130 -0.892308 25
11372 65 21 86 0.511628 29
11373 68 44 112 0.214286 29
11374 84 21 105 0.6 26
11375 31 89 120 -0.483333 32
11376 54 46 100 0.08 27
11377 80 7 87 0.83908 25
11378 56 21 77 0.454545 22
11379 41 58 99 -0.171717 28
11380 49 59 108 -0.0925926 31
11381 75 18 93 0.612903 26
11382 102 17 119 0.714286 23
11383 9 118 127 -0.858268 26
11384 32 26 58 0.103448 14
11385 11 103 114 -0.807018 29
11386 68 35 103 0.320388 32
11387 13 83 96 -0.729167 22
11388 14 70 84 -0.666667 25
11389 35 58 93 -0.247312 27
11390 37 47 84 -0.119048 27
11391 123 4 127 0.937008 23
11392 37 56 93 -0.204301 27
11393 26 84 110 -0.527273 29
11394 17 28 45 -0.244444 20
11395 37 54 91 -0.186813 29
11396 22 92 114 -0.614035 28
11397 57 42 99 0.151515 29
11398 27 114 141 -0.617021 30
11399 62 19 81 0.530864 26
11400 19 98 117 -0.675214 25
11401 50 59 109 -0.0825688 36
11402 2 92 94 -0.957447 19
11403 54 48 102 0.0588235 32
11404 17 76 93 -0.634409 28
11405 28 67 95 -0.410526 29
11406 35 54 89 -0.213483 25
11407 106 1 107 0.981308 19
11408 74 7 81 0.82716 22
11409 56 35 91 0.230769 27
11410 80 2 82 0.95122 18
11411 47 53 100 -0.06 31
11412 57 32 89 0.280899 29
11413 8 93 101 -0.841584 23
11414 64 49 113 0.132743 26
11415 54 35 89 0.213483 27
11416 24 5 29 0.655172 18
11417 94 12 106 0.773585 28
11418 20 88 108 -0.62963 26
11419 50 70 120 -0.166667 28
11420 97 25 122 0.590164 25
11421 30 72 102 -0.411765 28
11422 24 66 90 -0.466667 25
11423 56 26 82 0.365854 31
11424 36 43 79 -0.0886076 26
11425 43 22 65 0.323077 28
11426 105 11 116 0.810345 27
11427 65 45 110 0.181818 34
11428 16 120 136 -0.764706 22
11429 67 40 107 0.252336 28
11430 83 35 118 0.40678 28
11431 85 14 99 0.717172 21
11432 63 37 100 0.26 33
11433 56 27 83 0.349398 27
11434 21 75 96 -0.5625 22
11435 44 77 121 -0.272727 35
11436 24 72 96 -0.5 27
11437 27 67 94 -0.425532 27
11438 57 45 102 0.117647 24
11439 28 66 94 -0.404255 32
11440 119 17 136 0.75 20
11441 15 73 88 -0.659091 26
11442 51 35 86 0.186047 28
11443 44 46 90 -0.0222222 31
11444 97 7 104 0.865385 26
11445 8 99 107 -0.850467 25
11446 26 53 79 -0.341772 25
11447 14 124 138 -0.797101 28
11448 49 26 75 0.306667 22
11449 53 73 126 -0.15873 28
11450 60 47 107 0.121495 28
11451 51 45 96 0.0625 25
11452 56 35 91 0.230769 26
11453 95 18 113 0.681416 28
11454 75 25 100 0.5 30
11455 54 39 93 0.16129 28
11456 89 19 108 0.648148 27
11457 120 5 125 0.92 19
11458 121 11 132 0.833333 23
11459 36 57 93 -0.225806 28
11460 110 15 125 0.76 28
11461 101 4 105 0.92381 21
11462 54 39 93 0.16129 26
11463 26 73 99 -0.474747 27
11464 42 64 106 -0.207547 29
11465 60 27 87 0.37931 28
11466 57 26 83 0.373494 29
11467 15 76 91 -0.67033 22
11468 88 22 110 0.6 31
11469 39 50 89 -0.123596 23
11470 121 1 122 0.983607 17
11471 18 75 93 -0.612903 22
11472 65 25 90 0.444444 29
11473 23 61 84 -0.452381 25
11474 38 75 113 -0.327434 28
11475 21 81 102 -0.588235 30
11476 86 16 102 0.686275 25
11477 29 86 115 -0.495652 27
11478 24 68 92 -0.478261 25
11479 121 10 131 0.847328 24
11480 62 46 108 0.148148 32
11481 32 86 118 -0.457627 27
11482 40 54 94 -0.148936 26
11483 26 84 110 -0.527273 30
11484 0 0 0 0 0
11485 24 82 106 -0.54717 29
11486 51 25 76 0.342105 29
11487 79 7 86 0.837209 24
11488 13 128 141 -0.815603 29
11489 77 24 101 0.524752 26
11490 58 15 73 0.589041 25
11491 41 46 87 -0.0574713 29
11492 44 59 103 -0.145631 29
11493 5 83 88 -0.886364 23
11494 29 99 128 -0.546875 32
11495 54 36 90 0.2 27
11496 61 43 104 0.173077 29
11497 55 34 89 0.235955 26
11498 62 43 105 0.180952 30
11499 44 44 88 0 22
11500 46 55 101 -0.0891089 29
11501 117 16 133 0.759398 25
11502 34 53 87 -0.218391 33
11503 20 101 121 -0.669421 26
11504 121 13 134 0.80597 23
11505 72 21 93 0.548387 25
11506 24 76 100 -0.52 25
11507 46 52 98 -0.0612245 23
11508 64 23 87 0.471264 20
11509 73 26 99 0.474747 34
11510 86 14 100 0.72 25
11511 29 52 81 -0.283951 25
11512 35 60 95 -0.263158 26
11513 24 73 97 -0.505155 31
11514 22 84 106 -0.584906 29
11515 40 85 125 -0.36 29
11516 99 27 126 0.571429 29
11517 77 12 89 0.730337 24
11518 72 4 76 0.894737 15
11519 3 98 101 -0.940594 20
11520 80 8 88 0.818182 23
11521 68 39 107 0.271028 27
11522 91 16 107 0.700935 26
11523 71 21 92 0.543478 27
11524 43 45 88 -0.0227273 26
11525 36 36 72 0 28
11526 25 54 79 -0.367089 30
11527 129 6 135 0.911111 14
11528 106 16 122 0.737705 26
11529 79 35 114 0.385965 30
11530 109 31 140 0.557143 32
11531 92 11 103 0.786408 28
11532 54 56 110 -0.0181818 32
11533 66 37 103 0.281553 34
11534 93 4 97 0.917526 20
11535 77 43 120 0.283333 26
11536 69 34 103 0.339806 31
11537 50 53 103 -0.0291262 27
11538 12 110 122 -0.803279 26
11539 50 78 128 -0.21875 25
11540 43 40 83 0.0361446 29
11541 25 87 112 -0.553571 30
11542 97 4 101 0.920792 21
11543 22 74 96 -0.541667 22
11544 60 26 86 0.395349 30
11545 103 3 106 0.943396 19
11546 83 26 109 0.522936 27
11547 28 93 121 -0.53719 28
11548 66 46 112 0.178571 31
11549 71 25 96 0.479167 29
11550 47 24 71 0.323944 26
11551 15 107 122 -0.754098 20
11552 68 26 94 0.446809 23
11553 40 22 62 0.290323 21
11554 48 36 84 0.142857 30
11555 16 95 111 -0.711712 28
11556 93 13 106 0.754717 24
11557 82 28 110 0.490909 30
11558 58 41 99 0.171717 30
11559 22 99 121 -0.636364 28
11560 7 122 129 -0.891473 23
11561 11 71 82 -0.731707 22
11562 36 57 93 -0.225806 29
11563 22 60 82 -0.463415 24
11564 45 45 90 0 33
11565 40 43 83 -0.0361446 32
11566 43 54 97 -0.113402 24
11567 66 40 106 0.245283 29
11568 26 84 110 -0.527273 33
11569 43 53 96 -0.104167 30
11570 28 66 94 -0.404255 25
11571 81 12 93 0.741935 26
11572 22 81 103 -0.572816 30
11573 97 9 106 0.830189 24
11574 11 96 107 -0.794393 24
11575 46 42 88 0.0454545 32
11576 87 10 97 0.793814 23
11577 57 3 60 0.9 9
11578 60 35 95 0.263158 31
11579 9 97 106 -0.830189 26
11580 25 62 87 -0.425287 29
11581 24 85 109 -0.559633 28
11582 47 65 112 -0.160714 35
11583 9 80 89 -0.797753 23
11584 50 51 101 -0.00990099 32
11585 41 42 83 -0.0120482 32
11586 42 88 130 -0.353846 30
11587 79 47 126 0.253968 33
11588 65 38 103 0.262136 27
11589 13 85 98 -0.734694 24
11590 10 97 107 -0.813084 22
11591 30 83 113 -0.469027 28
11592 12 130 142 -0.830986 16
11593 89 27 116 0.534483 24
11594 35 57 92 -0.23913 27
11595 85 2 87 0.954023 18
11596 138 10 148 0.864865 17
11597 12 74 86 -0.72093 24
11598 7 119 126 -0.888889 17
11599 30 67 97 -0.381443 25
11600 30 60 90 -0.333333 27
11601 3 117 120 -0.95 14
11602 134 12 146 0.835616 25
11603 4 96 100 -0.92 21
11604 57 24 81 0.407407 27
11605 7 88 95 -0.852632 24
11606 47 62 109 -0.137615 25
11607 112 5 117 0.91453 15
11608 35 52 87 -0.195402 30
11609 6 96 102 -0.882353 21
11610 73 17 90 0.622222 29
11611 99 23 122 0.622951 26
11612 138 4 142 0.943662 15
11613 119 13 132 0.80303 24
11614 92 19 111 0.657658 26
11615 83 33 116 0.431034 31
11616 86 17 103 0.669903 29
11617 24 71 95 -0.494737 28
11618 52 6 58 0.793103 19
11619 37 33 70 0.0571429 25
11620 12 56 68 -0.647059 26
11621 36 71 107 -0.327103 32
11622 35 76 111 -0.369369 31
11623 88 11 99 0.777778 26
11624 101 19 120 0.683333 27
11625 73 15 88 0.659091 29
11626 11 122 133 -0.834586 28
11627 32 77 109 -0.412844 30
11628 21 39 60 -0.3 24
11629 31 39 70 -0.114286 22
11630 42 61 103 -0.184466 26
11631 14 70 84 -0.666667 23
11632 117 2 119 0.966387 19
11633 22 37 59 -0.254237 26
11634 42 62 104 -0.192308 24
11635 48 50 98 -0.0204082 23
11636 21 86 107 -0.607477 28
11637 9 114 123 -0.853659 23
11638 81 14 95 0.705263 23
11639 43 56 99 -0.131313 30
11640 42 79 121 -0.305785 30
11641 101 17 118 0.711864 22
11642 40 37 77 0.038961 25
11643 52 33 85 0.223529 31
11644 121 4 125 0.936 19
11645 43 51 94 -0.0851064 28
11646 8 76 84 -0.809524 22
11647 21 46 67 -0.373134 23
11648 85 27 112 0.517857 28
11649 36 52 88 -0.181818 31
11650 25 75 100 -0.5 28
11651 102 10 112 0.821429 25
11652 81 17 98 0.653061 26
11653 40 55 95 -0.157895 30
11654 71 16 87 0.632184 24
11655 43 73 116 -0.258621 30
11656 83 15 98 0.693878 24
11657 33 91 124 -0.467742 27
11658 52 58 110 -0.0545455 32
11659 58 40 98 0.183673 31
11660 38 44 82 -0.0731707 25
11661 57 61 118 -0.0338983 34
11662 26 74 100 -0.48 23
11663 64 24 88 0.454545 25
11664 100 22 122 0.639344 31
11665 27 55 82 -0.341463 24
11666 39 46 85 -0.0823529 21
11667 50 47 97 0.0309278 30
11668 39 48 87 -0.103448 31
11669 93 10 103 0.805825 24
11670 78 11 89 0.752809 24
11671 80 29 109 0.46789 31
11672 9 84 93 -0.806452 18
11673 8 84 92 -0.826087 22
11674 63 28 91 0.384615 23
11675 97 26 123 0.577236 31
11676 61 4 65 0.876923 18
11677 93 9 102 0.823529 23
11678 12 87 99 -0.757576 23
11679 57 23 80 0.425 26
11680 99 12 111 0.783784 27
11681 16 87 103 -0.68932 21
11682 76 11 87 0.747126 27
11683 38 41 79 -0.0379747 28
11684 10 8 18 0.111111 12
11685 14 119 133 -0.789474 17
11686 28 106 134 -0.58209 22
11687 8 94 102 -0.843137 22
11688 74 11 85 0.741176 21
11689 19 91 110 -0.654545 28
11690 91 27 118 0.542373 30
11691 6 132 138 -0.913043 21
11692 51 51 102 0 28
11693 24 83 107 -0.551402 25
11694 47 48 95 -0.0105263 30
11695 94 22 116 0.62069 24
11696 49 20 69 0.42029 26
11697 73 15 88 0.659091 22
11698 150 16 166 0.807229 23
11699 70 31 101 0.386139 30
11700 18 57 75 -0.52 25
11701 125 5 130 0.923077 23
11702 12 84 96 -0.75 24
11703 54 55 109 -0.00917431 28
11704 53 42 95 0.115789 25
11705 80 32 112 0.428571 29
11706 0 66 66 -1 6
11707 54 43 97 0.113402 27
11708 121 13 134 0.80597 25
11709 134 17 151 0.774834 27
11710 15 83 98 -0.693878 24
11711 35 88 123 -0.430894 31
11712 125 20 145 0.724138 27
11713 0 101 101 -1 15
11714 51 33 84 0.214286 30
11715 37 66 103 -0.281553 30
11716 98 10 108 0.814815 26
11717 71 41 112 0.267857 28
11718 65 51 116 0.12069 30
11719 35 40 75 -0.0666667 30
11720 122 8 130 0.876923 16
11721 66 3 69 0.913043 20
11722 64 31 95 0.347368 27
11723 77 29 106 0.45283 27
11724 5 86 91 -0.89011 16
11725 68 53 121 0.123967 28
11726 6 77 83 -0.855422 21
11727 58 36 94 0.234043 22
11728 36 52 88 -0.181818 28
11729 73 31 104 0.403846 29
11730 81 2 83 0.951807 8
11731 72 22 94 0.531915 24
11732 30 107 137 -0.562044 27
11733 31 84 115 -0.46087 30
11734 52 10 62 0.677419 24
11735 113 26 139 0.625899 28
11736 91 13 104 0.75 19
11737 135 3 138 0.956522 16
11738 109 3 112 0.946429 14
11739 37 83 120 -0.383333 29
11740 56 50 106 0.0566038 30
11741 33 58 91 -0.274725 29
11742 29 41 70 -0.171429 18
11743 45 51 96 -0.0625 31
11744 9 60 69 -0.73913 23
11745 93 11 104 0.788462 23
11746 47 52 99 -0.0505051 31
11747 149 6 155 0.922581 19
11748 78 16 94 0.659574 26
11749 70 33 103 0.359223 23
11750 34 80 114 -0.403509 25
11751 13 97 110 -0.763636 23
11752 8 129 137 -0.883212 18
11753 70 30 100 0.4 26
11754 12 20 32 -0.25 12
11755 13 60 73 -0.643836 26
11756 102 15 117 0.74359 29
11757 51 41 92 0.108696 25
11758 38 41 79 -0.0379747 25
11759 21 68 89 -0.52809 24
11760 38 78 116 -0.344828 29
11761 75 30 105 0.428571 27
11762 81 15 96 0.6875 25
11763 77 30 107 0.439252 31
11764 41 68 109 -0.247706 28
11765 91 4 95 0.915789 18
11766 45 54 99 -0.0909091 28
11767 44 69 113 -0.221239 25
11768 7 103 110 -0.872727 23
11769 22 73 95 -0.536842 27
11770 9 63 72 -0.75 22
11771 67 17 84 0.595238 23
11772 24 70 94 -0.489362 31
11773 87 6 93 0.870968 21
11774 4 64 68 -0.882353 18
11775 73 28 101 0.445545 28
11776 73 35 108 0.351852 34
11777 69 37 106 0.301887 33
11778 79 38 117 0.350427 26
11779 15 74 89 -0.662921 26
11780 20 86 106 -0.622642 26
11781 77 2 79 0.949367 16
11782 100 4 104 0.923077 23
11783 82 25 107 0.53271 27
11784 9 117 126 -0.857143 21
11785 56 57 113 -0.00884956 28
11786 16 60 76 -0.578947 24
11787 53 48 101 0.049505 27
11788 6 130 136 -0.911765 18
11789 4 110 114 -0.929825 21
11790 25 74 99 -0.494949 22
11791 42 11 53 0.584906 20
11792 79 25 104 0.519231 33
11793 9 60 69 -0.73913 21
11794 68 56 124 0.0967742 30
11795 104 9 113 0.840708 25
11796 64 34 98 0.306122 26
11797 44 39 83 0.060241 30
11798 63 20 83 0.518072 25
11799 48 43 91 0.0549451 30
11800 37 69 106 -0.301887 27
11801 82 31 113 0.451327 28
11802 50 33 83 0.204819 28
11803 83 22 105 0.580952 29
11804 7 121 128 -0.890625 24
11805 62 51 113 0.0973451 27
11806 61 55 116 0.0517241 29
11807 25 85 110 -0.545455 31
11808 18 77 95 -0.621053 30
11809 13 98 111 -0.765766 20
11810 34 41 75 -0.0933333 22
11811 48 48 96 0 28
11812 94 21 115 0.634783 25
11813 32 53 85 -0.247059 26
11814 64 45 109 0.174312 25
11815 26 83 109 -0.522936 26
11816 54 39 93 0.16129 35
11817 5 93 98 -0.897959 22
11818 35 48 83 -0.156627 30
11819 40 65 105 -0.238095 29
11820 51 46 97 0.0515464 27
11821 70 20 90 0.555556 22
11822 19 65 84 -0.547619 27
11823 12 60 72 -0.666667 22
11824 107 9 116 0.844828 22
11825 15 93 108 -0.722222 23
11826 58 16 74 0.567568 26
11827 21 53 74 -0.432432 21
11828 40 37 77 0.038961 27
11829 91 22 113 0.610619 27
11830 23 85 108 -0.574074 29
11831 26 75 101 -0.485149 32
11832 51 37 88 0.159091 26
11833 71 45 116 0.224138 31
11834 73 47 120 0.216667 30
11835 74 29 103 0.436893 32
11836 24 107 131 -0.633588 25
11837 83 47 130 0.276923 28
11838 87 30 117 0.487179 25
11839 64 34 98 0.306122 29
11840 98 13 111 0.765766 25
11841 32 70 102 -0.372549 25
11842 27 119 146 -0.630137 25
11843 62 52 114 0.0877193 32
11844 66 34 100 0.32 31
11845 12 118 130 -0.815385 19
11846 79 0 79 1 17
11847 6 72 78 -0.846154 22
11848 19 81 100 -0.62 21
11849 68 1 69 0.971014 16
11850 75 17 92 0.630435 24
11851 50 69 119 -0.159664 29
11852 32 38 70 -0.0857143 28
11853 51 46 97 0.0515464 27
11854 53 29 82 0.292683 26
11855 115 7 122 0.885246 21
11856 76 29 105 0.447619 25
11857 53 56 109 -0.0275229 28
11858 44 45 89 -0.011236 31
11859 46 39 85 0.0823529 25
11860 89 10 99 0.79798 23
11861 42 37 79 0.0632911 27
11862 59 27 86 0.372093 32
11863 90 22 112 0.607143 30
11864 51 52 103 -0.00970874 31
11865 72 36 108 0.333333 31
11866 32 54 86 -0.255814 32
11867 64 35 99 0.292929 28
11868 9 71 80 -0.775 22
11869 92 24 116 0.586207 26
11870 34 85 119 -0.428571 31
11871 41 44 85 -0.0352941 27
11872 24 84 108 -0.555556 25
11873 78 33 111 0.405405 24
11874 74 6 80 0.85 25
11875 6 145 151 -0.92053 18
11876 57 38 95 0.2 25
11877 74 53 127 0.165354 33
11878 16 114 130 -0.753846 26
11879 48 28 76 0.263158 26
11880 36 81 117 -0.384615 27
11881 34 61 95 -0.284211 29
11882 7 87 94 -0.851064 24
11883 10 126 136 -0.852941 26
11884 36 60 96 -0.25 36
11885 72 7 79 0.822785 24
11886 44 56 100 -0.12 29
11887 109 3 112 0.946429 20
11888 95 4 99 0.919192 16
11889 43 58 101 -0.148515 33
11890 32 48 80 -0.2 21
11891 98 4 102 0.921569 22
11892 53 50 103 0.0291262 31
11893 2 137 139 -0.971223 16
11894 31 63 94 -0.340426 30
11895 19 75 94 -0.595745 25
11896 47 31 78 0.205128 22
11897 143 5 148 0.932432 20
11898 32 39 71 -0.0985915 22
11899 83 18 101 0.643564 26
11900 3 84 87 -0.931034 16
11901 10 102 112 -0.821429 24
11902 34 39 73 -0.0684932 31
11903 28 71 99 -0.434343 28
11904 106 27 133 0.593985 28
11905 99 17 116 0.706897 26
11906 111 9 120 0.85 20
11907 21 86 107 -0.607477 25
11908 53 45 98 0.0816327 30
11909 107 14 121 0.768595 23
11910 69 60 129 0.0697674 34
11911 84 22 106 0.584906 23
11912 1 128 129 -0.984496 16
11913 32 89 121 -0.471074 30
11914 33 55 88 -0.25 31
11915 8 86 94 -0.829787 23
11916 5 100 105 -0.904762 21
11917 45 75 120 -0.25 29
11918 47 60 107 -0.121495 31
11919 23 60 83 -0.445783 26
11920 37 56 93 -0.204301 24
11921 9 109 118 -0.847458 23
11922 29 72 101 -0.425743 32
11923 42 41 83 0.0120482 21
11924 74 41 115 0.286957 27
11925 67 16 83 0.614458 26
11926 32 68 100 -0.36 24
11927 96 24 120 0.6 25
11928 57 33 90 0.266667 32
11929 3 26 29 -0.793103 5
11930 4 76 80 -0.9 22
11931 93 36 129 0.44186 25
11932 71 8 79 0.797468 23
11933 30 66 96 -0.375 26
11934 17 79 96 -0.645833 23
11935 98 11 109 0.798165 26
11936 63 12 75 0.68 23
11937 137 10 147 0.863946 26
11938 42 73 115 -0.269565 31
11939 37 49 86 -0.139535 30
11940 59 38 97 0.216495 28
11941 84 9 93 0.806452 23
11942 50 28 78 0.282051 27
11943 28 71 99 -0.434343 26
11944 113 6 119 0.89916 23
11945 36 84 120 -0.4 26
11946 51 28 79 0.291139 25
11947 82 18 100 0.64 29
11948 81 7 88 0.840909 19
11949 116 7 123 0.886179 23
11950 22 96 118 -0.627119 23
11951 10 94 104 -0.807692 23
11952 83 16 99 0.676768 24
11953 2 136 138 -0.971014 18
11954 67 30 97 0.381443 24
11955 17 59 76 -0.552632 30
11956 61 30 91 0.340659 28
11957 121 10 131 0.847328 17
11958 35 66 101 -0.306931 30
11959 67 31 98 0.367347 29
11960 23 82 105 -0.561905 24
11961 22 25 47 -0.0638298 26
11962 52 49 101 0.029703 27
11963 69 25 94 0.468085 26
11964 95 1 96 0.979167 19
11965 39 28 67 0.164179 25
11966 84 9 93 0.806452 26
11967 16 57 73 -0.561644 20
11968 24 74 98 -0.510204 27
11969 38 83 121 -0.371901 31
11970 60 38 98 0.22449 29
11971 49 40 89 0.101124 26
11972 51 27 78 0.307692 27
11973 57 30 87 0.310345 26
11974 45 36 81 0.111111 32
11975 20 73 93 -0.569892 29
11976 106 8 114 0.859649 24
11977 80 35 115 0.391304 25
11978 52 40 92 0.130435 23
11979 11 51 62 -0.645161 20
11980 76 32 108 0.407407 29
11981 16 85 101 -0.683168 28
11982 35 70 105 -0.333333 20
11983 32 44 76 -0.157895 28
11984 66 13 79 0.670886 25
11985 7 136 143 -0.902098 17
11986 67 43 110 0.218182 31
11987 26 92 118 -0.559322 27
11988 68 45 113 0.20354 34
11989 3 104 107 -0.943925 21
11990 59 30 89 0.325843 31
11991 117 15 132 0.772727 21
11992 57 43 100 0.14 32
11993 51 21 72 0.416667 28
11994 69 16 85 0.623529 28
11995 103 17 120 0.716667 27
11996 49 30 79 0.240506 23
11997 11 111 122 -0.819672 17
11998 41 44 85 -0.0352941 32
11999 71 23 94 0.510638 29
12000 108 5 113 0.911504 17
12001 45 31 76 0.184211 23
12002 14 88 102 -0.72549 23
12003 14 104 118 -0.762712 29
12004 43 75 118 -0.271186 32
12005 111 10 121 0.834711 18
12006 58 43 101 0.148515 31
12007 47 64 111 -0.153153 30
12008 36 69 105 -0.314286 23
12009 85 8 93 0.827957 21
12010 43 57 100 -0.14 29
12011 53 51 104 0.0192308 29
12012 83 20 103 0.61165 26
12013 2 136 138 -0.971014 17
12014 93 18 111 0.675676 26
12015 65 35 100 0.3 33
12016 40 75 115 -0.304348 22
12017 10 144 154 -0.87013 14
12018 37 36 73 0.0136986 23
12019 15 67 82 -0.634146 26
12020 70 42 112 0.25 29
12021 25 89 114 -0.561404 28
12022 75 14 89 0.685393 22
12023 52 48 100 0.04 33
12024 101 38 139 0.453237 29
12025 8 148 156 -0.897436 18
12026 71 18 89 0.595506 25
12027 29 103 132 -0.560606 30
12028 33 72 105 -0.371429 25
12029 57 45 102 0.117647 28
12030 38 54 92 -0.173913 30
12031 12 123 135 -0.822222 17
12032 41 56 97 -0.154639 30
12033 81 8 89 0.820225 18
12034 113 11 124 0.822581 26
12035 32 87 119 -0.462185 32
12036 11 86 97 -0.773196 22
12037 10 71 81 -0.753086 21
12038 52 48 100 0.04 30
12039 23 43 66 -0.30303 28
12040 17 116 133 -0.744361 24
12041 25 74 99 -0.494949 29
12042 19 69 88 -0.568182 23
12043 77 36 113 0.362832 29
12044 67 50 117 0.145299 33
12045 64 24 88 0.454545 31
12046 81 31 112 0.446429 29
12047 54 50 104 0.0384615 32
12048 24 67 91 -0.472527 24
12049 67 35 102 0.313725 29
12050 24 31 55 -0.127273 26
12051 73 32 105 0.390476 31
12052 25 100 125 -0.6 25
12053 66 36 102 0.294118 31
12054 104 29 133 0.56391 26
12055 65 41 106 0.226415 29
12056 69 16 85 0.623529 28
12057 43 61 104 -0.173077 32
12058 119 9 128 0.859375 21
12059 5 124 129 -0.922481 24
12060 56 26 82 0.365854 24
12061 2 116 118 -0.966102 19
12062 39 84 123 -0.365854 29
12063 53 7 60 0.766667 22
12064 6 132 138 -0.913043 17
12065 37 71 108 -0.314815 28
12066 50 27 77 0.298701 31
12067 76 19 95 0.6 27
12068 16 80 96 -0.666667 29
12069 16 101 117 -0.726496 27
12070 3 100 103 -0.941748 21
12071 55 45 100 0.1 24
12072 48 36 84 0.142857 26
12073 5 87 92 -0.891304 21
12074 20 82 102 -0.607843 24
12075 58 65 123 -0.0569106 32
12076 68 27 95 0.431579 30
12077 29 66 95 -0.389474 22
12078 44 62 106 -0.169811 27
12079 43 33 76 0.131579 25
12080 5 40 45 -0.777778 19
12081 66 43 109 0.211009 28
12082 38 66 104 -0.269231 26
12083 93 20 113 0.646018 27
12084 6 129 135 -0.911111 23
12085 39 7 46 0.695652 13
12086 76 19 95 0.6 28
12087 96 14 110 0.745455 28
12088 55 52 107 0.0280374 24
12089 5 144 149 -0.932886 20
12090 27 61 88 -0.386364 28
12091 20 109 129 -0.689922 23
12092 83 9 92 0.804348 24
12093 78 38 116 0.344828 32
12094 93 3 96 0.9375 20
12095 12 76 88 -0.727273 25
12096 86 7 93 0.849462 25
12097 45 63 108 -0.166667 22
12098 36 39 75 -0.04 31
12099 83 10 93 0.784946 26
12100 52 55 107 -0.0280374 26
12101 73 21 94 0.553191 23
12102 36 71 107 -0.327103 26
12103 31 86 117 -0.470085 20
12104 71 45 116 0.224138 32
12105 93 9 102 0.823529 19
12106 23 108 131 -0.648855 29
12107 13 92 105 -0.752381 29
12108 11 83 94 -0.765957 24
12109 16 35 51 -0.372549 16
12110 27 52 79 -0.316456 25
12111 13 105 118 -0.779661 26
12112 46 44 90 0.0222222 30
12113 114 19 133 0.714286 28
12114 92 15 107 0.719626 27
12115 28 47 75 -0.253333 25
12116 55 31 86 0.27907 27
12117 67 13 80 0.675 18
12118 9 86 95 -0.810526 23
12119 37 68 105 -0.295238 30
12120 113 7 120 0.883333 24
12121 86 29 115 0.495652 24
12122 110 28 138 0.594203 24
12123 28 58 86 -0.348837 27
12124 90 10 100 0.8 24
12125 26 62 88 -0.409091 28
12126 119 7 126 0.888889 21
12127 113 41 154 0.467532 32
12128 8 84 92 -0.826087 22
12129 104 16 120 0.733333 26
12130 14 101 115 -0.756522 27
12131 78 35 113 0.380531 33
12132 4 73 77 -0.896104 23
12133 63 32 95 0.326316 29
12134 44 86 130 -0.323077 29
12135 126 9 135 0.866667 22
12136 44 37 81 0.0864198 24
12137 101 15 116 0.741379 26
12138 44 54 98 -0.102041 31
12139 70 34 104 0.346154 30
12140 24 50 74 -0.351351 28
12141 110 17 127 0.732283 29
12142 103 4 107 0.925234 20
12143 69 26 95 0.452632 32
12144 7 146 153 -0.908497 22
12145 11 94 105 -0.790476 26
12146 75 24 99 0.515152 26
12147 96 35 131 0.465649 23
12148 75 37 112 0.339286 31
12149 93 5 98 0.897959 19
12150 113 5 118 0.915254 23
12151 33 37 70 -0.0571429 27
12152 33 64 97 -0.319588 25
12153 20 52 72 -0.444444 20
12154 49 65 114 -0.140351 33
12155 83 26 109 0.522936 20
12156 8 95 103 -0.84466 17
12157 21 63 84 -0.5 29
12158 59 25 84 0.404762 20
12159 22 28 50 -0.12 18
12160 101 8 109 0.853211 23
12161 26 95 121 -0.570248 29
12162 12 65 77 -0.688312 25
12163 1 77 78 -0.974359 19
12164 103 13 116 0.775862 27
12165 9 100 109 -0.834862 21
12166 64 39 103 0.242718 24
12167 25 76 101 -0.50495 31
12168 40 88 128 -0.375 30
12169 10 109 119 -0.831933 25
12170 73 14 87 0.678161 22
12171 69 35 104 0.326923 30
12172 79 20 99 0.59596 27
12173 17 85 102 -0.666667 25
12174 103 2 105 0.961905 18
12175 34 42 76 -0.105263 28
12176 67 30 97 0.381443 27
12177 75 43 118 0.271186 28
12178 54 31 85 0.270588 23
12179 82 21 103 0.592233 26
12180 74 18 92 0.608696 29
12181 103 5 108 0.907407 23
12182 133 4 137 0.941606 20
12183 57 75 132 -0.136364 35
12184 63 21 84 0.5 25
12185 105 3 108 0.944444 21
12186 136 5 141 0.929078 21
12187 18 32 50 -0.28 22
12188 33 61 94 -0.297872 30
12189 31 59 90 -0.311111 28
12190 71 45 116 0.224138 26
12191 58 74 132 -0.121212 23
12192 3 125 128 -0.953125 17
12193 30 61 91 -0.340659 30
12194 63 43 106 0.188679 33
12195 40 87 127 -0.370079 34
12196 68 40 108 0.259259 25
12197 118 7 125 0.888 18
12198 97 13 110 0.763636 25
12199 36 45 81 -0.111111 30
12200 79 44 123 0.284553 25
12201 7 145 152 -0.907895 22
12202 2 37 39 -0.897436 18
12203 95 20 115 0.652174 24
12204 52 57 109 -0.0458716 35
12205 44 58 102 -0.137255 31
12206 48 35 83 0.156627 28
12207 24 69 93 -0.483871 23
12208 4 84 88 -0.909091 23
12209 98 38 136 0.441176 21
12210 63 66 129 -0.0232558 28
12211 59 15 74 0.594595 24
12212 13 83 96 -0.729167 27
12213 75 50 125 0.2 35
12214 90 28 118 0.525424 28
12215 84 19 103 0.631068 26
12216 70 20 90 0.555556 31
12217 13 110 123 -0.788618 21
12218 24 52 76 -0.368421 28
12219 22 86 108 -0.592593 24
12220 42 54 96 -0.125 35
12221 59 41 100 0.18 23
12222 50 31 81 0.234568 24
12223 4 91 95 -0.915789 22
12224 48 39 87 0.103448 21
12225 63 36 99 0.272727 25
12226 31 71 102 -0.392157 26
12227 7 122 129 -0.891473 21
12228 1 114 115 -0.982609 20
12229 72 52 124 0.16129 29
12230 27 126 153 -0.647059 31
12231 52 76 128 -0.1875 27
12232 86 31 117 0.470085 31
12233 5 137 142 -0.929577 21
12234 89 5 94 0.893617 20
12235 68 33 101 0.346535 26
12236 32 102 134 -0.522388 30
12237 63 53 116 0.0862069 29
12238 25 71 96 -0.479167 27
12239 37 39 76 -0.0263158 27
12240 29 85 114 -0.491228 27
12241 6 103 109 -0.889908 23
12242 19 64 83 -0.542169 26
12243 103 33 136 0.514706 29
12244 81 16 97 0.670103 28
12245 77 24 101 0.524752 29
12246 61 28 89 0.370787 29
12247 101 7 108 0.87037 24
12248 21 107 128 -0.671875 25
12249 7 103 110 -0.872727 19
12250 115 10 125 0.84 26
12251 13 94 107 -0.757009 27
12252 29 86 115 -0.495652 22
12253 16 83 99 -0.676768 27
12254 46 55 101 -0.0891089 29
12255 40 39 79 0.0126582 30
12256 37 56 93 -0.204301 28
12257 22 74 96 -0.541667 27
12258 17 55 72 -0.527778 23
12259 18 101 119 -0.697479 27
12260 11 163 174 -0.873563 16
12261 75 20 95 0.578947 23
12262 55 43 98 0.122449 27
12263 131 11 142 0.84507 29
12264 60 27 87 0.37931 31
12265 83 8 91 0.824176 23
12266 78 37 115 0.356522 33
12267 56 56 112 0 33
12268 10 84 94 -0.787234 24
12269 47 7 54 0.740741 20
12270 69 33 102 0.352941 26
12271 39 56 95 -0.178947 24
12272 92 11 103 0.786408 29
12273 114 9 123 0.853659 24
12274 25 69 94 -0.468085 32
12275 134 15 149 0.798658 23
12276 70 33 103 0.359223 28
12277 38 45 83 -0.0843373 28
12278 38 69 107 -0.28972 29
12279 22 43 65 -0.323077 17
12280 82 42 124 0.322581 29
12281 60 48 108 0.111111 30
12282 37 70 107 -0.308411 26
12283 28 80 108 -0.481481 31
12284 103 25 128 0.609375 28
12285 29 103 132 -0.560606 29
12286 128 10 138 0.855072 27
12287 26 76 102 -0.490196 27
12288 66 44 110 0.2 27
12289 60 48 108 0.111111 29
12290 68 21 89 0.52809 25
12291 37 82 119 -0.378151 30
12292 77 19 96 0.604167 31
12293 31 52 83 -0.253012 28
12294 52 64 116 -0.103448 34
12295 30 60 90 -0.333333 27
12296 38 65 103 -0.262136 28
12297 76 26 102 0.490196 26
12298 30 49 79 -0.240506 26
12299 43 51 94 -0.0851064 25
12300 52 50 102 0.0196078 28
12301 3 131 134 -0.955224 17
12302 86 46 132 0.30303 30
12303 38 79 117 -0.350427 31
12304 16 66 82 -0.609756 27
12305 60 41 101 0.188119 31
12306 105 5 110 0.909091 24
12307 25 60 85 -0.411765 28
12308 130 3 133 0.954887 14
12309 17 92 109 -0.688073 26
12310 78 20 98 0.591837 28
12311 99 7 106 0.867925 23
12312 41 74 115 -0.286957 30
12313 14 72 86 -0.674419 25
12314 37 52 89 -0.168539 25
12315 74 3 77 0.922078 21
12316 20 80 100 -0.6 25
12317 38 74 112 -0.321429 34
12318 6 121 127 -0.905512 19
12319 43 62 105 -0.180952 32
12320 109 1 110 0.981818 16
12321 18 114 132 -0.727273 27
12322 108 11 119 0.815126 19
12323 53 53 106 0 28
12324 11 91 102 -0.784314 24
12325 54 32 86 0.255814 24
12326 13 100 113 -0.769912 26
12327 27 46 73 -0.260274 25
12328 13 85 98 -0.734694 21
12329 54 32 86 0.255814 28
12330 21 78 99 -0.575758 26
12331 53 38 91 0.164835 31
12332 71 26 97 0.463918 22
12333 111 18 129 0.72093 30
12334 36 51 87 -0.172414 28
12335 75 19 94 0.595745 26
12336 7 135 142 -0.901408 22
12337 86 12 98 0.755102 25
12338 3 99 102 -0.941176 19
12339 85 21 106 0.603774 28
12340 62 38 100 0.24 26
12341 6 138 144 -0.916667 24
12342 38 32 70 0.0857143 23
12343 16 90 106 -0.698113 29
12344 25 84 109 -0.541284 19
12345 62 50 112 0.107143 26
12346 13 151 164 -0.841463 17
12347 92 16 108 0.703704 29
12348 94 16 110 0.709091 19
12349 37 32 69 0.0724638 21
12350 15 62 77 -0.61039 27
12351 99 15 114 0.736842 24
12352 90 13 103 0.747573 19
12353 39 63 102 -0.235294 27
12354 4 99 103 -0.92233 17
12355 23 116 139 -0.669065 25
12356 59 62 121 -0.0247934 33
12357 19 56 75 -0.493333 24
12358 9 110 119 -0.848739 25
12359 99 7 106 0.867925 23
12360 90 10 100 0.8 26
12361 59 39 98 0.204082 25
12362 4 88 92 -0.913043 23
12363 74 29 103 0.436893 25
12364 75 28 103 0.456311 28
12365 35 53 88 -0.204545 25
12366 33 65 98 -0.326531 30
12367 68 22 90 0.511111 31
12368 48 32 80 0.2 22
12369 15 61 76 -0.605263 29
12370 108 4 112 0.928571 22
12371 70 38 108 0.296296 31
12372 90 17 107 0.682243 21
12373 67 25 92 0.456522 29
12374 21 62 83 -0.493976 29
12375 106 6 112 0.892857 25
12376 82 13 95 0.726316 22
12377 40 51 91 -0.120879 31
12378 4 66 70 -0.885714 22
12379 37 63 100 -0.26 33
12380 79 4 83 0.903614 21
12381 39 64 103 -0.242718 28
12382 62 38 100 0.24 26
12383 8 79 87 -0.816092 24
12384 40 72 112 -0.285714 32
12385 17 78 95 -0.642105 23
12386 75 38 113 0.327434 27
12387 87 19 106 0.641509 28
12388 30 68 98 -0.387755 27
12389 8 68 76 -0.789474 18
12390 68 14 82 0.658537 22
12391 26 69 95 -0.452632 28
12392 77 8 85 0.811765 23
12393 74 52 126 0.174603 33
12394 25 99 124 -0.596774 28
12395 17 70 87 -0.609195 25
12396 21 104 125 -0.664 27
12397 11 115 126 -0.825397 25
12398 72 15 87 0.655172 30
12399 68 34 102 0.333333 28
12400 27 42 69 -0.217391 32
12401 27 50 77 -0.298701 29
12402 81 13 94 0.723404 27
12403 87 9 96 0.8125 18
12404 11 56 67 -0.671642 19
12405 40 82 122 -0.344262 32
12406 8 98 106 -0.849057 20
12407 9 90 99 -0.818182 25
12408 55 58 113 -0.0265487 34
12409 39 51 90 -0.133333 26
12410 74 10 84 0.761905 27
12411 0 0 0 0 0
12412 43 66 109 -0.211009 34
12413 97 12 109 0.779817 23
12414 41 58 99 -0.171717 30
12415 59 34 93 0.268817 27
12416 9 96 105 -0.828571 26
12417 7 95 102 -0.862745 24
12418 37 47 84 -0.119048 20
12419 62 23 85 0.458824 22
12420 66 25 91 0.450549 24
12421 54 7 61 0.770492 21
12422 11 74 85 -0.741176 25
12423 17 97 114 -0.701754 27
12424 5 145 150 -0.933333 21
12425 94 9 103 0.825243 16
12426 69 30 99 0.393939 27
12427 68 41 109 0.247706 27
12428 20 75 95 -0.578947 30
12429 88 23 111 0.585586 26
12430 119 12 131 0.816794 24
12431 35 48 83 -0.156627 30
12432 59 60 119 -0.00840336 32
12433 30 62 92 -0.347826 28
12434 99 22 121 0.636364 29
12435 102 23 125 0.632 27
12436 31 103 134 -0.537313 28
12437 66 62 128 0.03125 29
12438 113 21 134 0.686567 30
12439 80 7 87 0.83908 22
12440 21 66 87 -0.517241 20
12441 89 15 104 0.711538 21
12442 50 58 108 -0.0740741 27
12443 87 8 95 0.831579 24
12444 1 95 96 -0.979167 19
12445 17 111 128 -0.734375 27
12446 25 64 89 -0.438202 30
12447 119 7 126 0.888889 22
12448 42 55 97 -0.134021 25
12449 92 25 117 0.57265 27
12450 27 89 116 -0.534483 25
12451 16 54 70 -0.542857 22
12452 90 13 103 0.747573 29
12453 41 65 106 -0.226415 33
12454 23 43 66 -0.30303 29
12455 37 49 86 -0.139535 25
12456 91 4 95 0.915789 22
12457 8 111 119 -0.865546 26
12458 2 77 79 -0.949367 20
12459 46 22 68 0.352941 27
12460 122 10 132 0.848485 20
12461 41 61 102 -0.196078 30
12462 30 57 87 -0.310345 27
12463 72 27 99 0.454545 23
12464 55 48 103 0.0679612 30
12465 109 16 125 0.744 22
12466 14 87 101 -0.722772 26
12467 20 111 131 -0.694656 29
12468 64 18 82 0.560976 29
12469 69 13 82 0.682927 21
12470 37 44 81 -0.0864198 25
12471 17 83 100 -0.66 28
12472 36 57 93 -0.225806 29
12473 54 20 74 0.459459 23
12474 9 102 111 -0.837838 24
12475 43 100 143 -0.398601 33
12476 65 35 100 0.3 31
12477 98 3 101 0.940594 19
12478 42 38 80 0.05 31
12479 89 8 97 0.835052 15
12480 32 59 91 -0.296703 27
12481 92 15 107 0.719626 28
12482 85 13 98 0.734694 24
12483 22 77 99 -0.555556 26
12484 68 27 95 0.431579 32
12485 109 19 128 0.703125 25
12486 45 51 96 -0.0625 25
12487 3 105 108 -0.944444 19
12488 73 20 93 0.569892 25
12489 109 28 137 0.591241 32
12490 42 59 101 -0.168317 33
12491 9 47 56 -0.678571 20
12492 17 89 106 -0.679245 26
12493 50 45 95 0.0526316 21
12494 59 17 76 0.552632 26
12495 11 44 55 -0.6 23
12496 70 23 93 0.505376 23
12497 23 71 94 -0.510638 28
12498 102 5 107 0.906542 21
12499 17 68 85 -0.6 26
12500 38 62 100 -0.24 27
12501 36 83 119 -0.394958 28
12502 77 29 106 0.45283 32
12503 31 66 97 -0.360825 30
12504 38 43 81 -0.0617284 30
12505 126 2 128 0.96875 14
12506 10 148 158 -0.873418 20
12507 49 23 72 0.361111 27
12508 15 94 109 -0.724771 25
12509 59 40 99 0.191919 29
12510 32 83 115 -0.443478 29
12511 57 23 80 0.425 26
12512 105 2 107 0.962617 20
12513 83 3 86 0.930233 22
12514 15 82 97 -0.690722 26
12515 65 22 87 0.494253 20
12516 4 90 94 -0.914894 22
12517 68 33 101 0.346535 31
12518 77 10 87 0.770115 25
12519 41 61 102 -0.196078 31
12520 110 37 147 0.496599 24
12521 19 67 86 -0.55814 24
12522 5 69 74 -0.864865 24
12523 29 56 85 -0.317647 30
12524 60 56 116 0.0344828 25
12525 47 22 69 0.362319 22
12526 31 49 80 -0.225 25
12527 18 75 93 -0.612903 26
12528 57 45 102 0.117647 26
12529 26 87 113 -0.539823 27
12530 36 85 121 -0.404959 32
12531 18 112 130 -0.723077 24
12532 29 76 105 -0.447619 30
12533 72 13 85 0.694118 25
12534 10 131 141 -0.858156 22
12535 32 39 71 -0.0985915 24
12536 24 63 87 -0.448276 24
12537 74 25 99 0.494949 30
12538 5 125 130 -0.923077 19
12539 89 12 101 0.762376 28
12540 22 89 111 -0.603604 25
12541 13 99 112 -0.767857 24
12542 50 58 108 -0.0740741 32
12543 24 73 97 -0.505155 31
12544 39 34 73 0.0684932 24
12545 11 116 127 -0.826772 18
12546 43 36 79 0.0886076 27
12547 36 58 94 -0.234043 26
12548 115 4 119 0.932773 20
12549 32 62 94 -0.319149 26
12550 74 16 90 0.644444 25
12551 85 32 117 0.452991 25
12552 139 13 152 0.828947 23
12553 65 29 94 0.382979 26
12554 31 66 97 -0.360825 33
12555 33 64 97 -0.319588 30
12556 72 14 86 0.674419 24
12557 84 38 122 0.377049 22
12558 69 22 91 0.516484 32
12559 81 11 92 0.76087 26
12560 68 39 107 0.271028 32
12561 165 9 174 0.896552 25
12562 6 54 60 -0.8 22
12563 36 69 105 -0.314286 29
12564 10 94 104 -0.807692 22
12565 127 18 145 0.751724 26
12566 12 93 105 -0.771429 22
12567 10 132 142 -0.859155 21
12568 13 101 114 -0.77193 23
12569 49 33 82 0.195122 24
12570 15 94 109 -0.724771 25
12571 6 114 120 -0.9 15
12572 54 56 110 -0.0181818 29
12573 113 8 121 0.867769 24
12574 81 19 100 0.62 23
12575 63 37 100 0.26 25
12576 54 38 92 0.173913 28
12577 44 64 108 -0.185185 26
12578 5 115 120 -0.916667 23
12579 11 73 84 -0.738095 27
12580 20 102 122 -0.672131 25
12581 96 9 105 0.828571 25
12582 106 17 123 0.723577 26
12583 29 92 121 -0.520661 26
12584 13 115 128 -0.796875 23
12585 91 32 123 0.479675 24
12586 47 38 85 0.105882 28
12587 21 72 93 -0.548387 23
12588 47 81 128 -0.265625 30
12589 55 57 112 -0.0178571 31
12590 13 77 90 -0.711111 28
12591 49 79 128 -0.234375 29
12592 98 5 103 0.902913 23
12593 37 69 106 -0.301887 29
12594 121 3 124 0.951613 19
12595 57 50 107 0.0654206 32
12596 45 50 95 -0.0526316 24
12597 38 72 110 -0.309091 34
12598 69 70 139 -0.00719424 33
12599 79 44 123 0.284553 28
12600 38 62 100 -0.24 28
12601 25 91 116 -0.568966 22
12602 1 116 117 -0.982906 16
12603 93 24 117 0.589744 24
12604 30 74 104 -0.423077 27
12605 57 35 92 0.23913 27
12606 11 122 133 -0.834586 27
12607 27 75 102 -0.470588 24
12608 23 95 118 -0.610169 24
12609 41 27 68 0.205882 27
12610 102 15 117 0.74359 23
12611 57 3 60 0.9 20
12612 3 65 68 -0.911765 16
12613 54 32 86 0.255814 32
12614 53 26 79 0.341772 23
12615 44 65 109 -0.192661 23
12616 103 22 125 0.648 33
12617 63 16 79 0.594937 27
12618 17 108 125 -0.728 27
12619 18 78 96 -0.625 29
12620 65 3 68 0.911765 20
12621 85 19 104 0.634615 25
12622 18 80 98 -0.632653 25
12623 55 18 73 0.506849 30
12624 15 65 80 -0.625 25
12625 32 82 114 -0.438596 30
12626 120 12 132 0.818182 24
12627 42 34 76 0.105263 24
12628 94 18 112 0.678571 31
12629 8 95 103 -0.84466 22
12630 56 27 83 0.349398 29
12631 19 76 95 -0.6 27
12632 4 111 115 -0.930435 19
12633 114 8 122 0.868852 22
12634 13 64 77 -0.662338 24
12635 19 72 91 -0.582418 30
12636 111 9 120 0.85 24
12637 17 74 91 -0.626374 28
12638 31 88 119 -0.478992 30
12639 56 45 101 0.108911 30
12640 73 37 110 0.327273 26
12641 31 77 108 -0.425926 29
12642 24 69 93 -0.483871 28
12643 51 38 89 0.146067 28
12644 44 28 72 0.222222 27
12645 38 76 114 -0.333333 36
12646 12 99 111 -0.783784 26
12647 80 19 99 0.616162 28
12648 87 44 131 0.328244 29
12649 100 18 118 0.694915 26
12650 24 103 127 -0.622047 26
12651 33 97 130 -0.492308 28
12652 24 34 58 -0.172414 19
12653 37 91 128 -0.421875 30
12654 100 24 124 0.612903 24
12655 45 17 62 0.451613 22
12656 61 21 82 0.487805 26
12657 39 17 56 0.392857 23
12658 78 27 105 0.485714 26
12659 55 36 91 0.208791 28
12660 18 55 73 -0.506849 26
12661 81 19 100 0.62 22
12662 62 30 92 0.347826 30
12663 9 127 136 -0.867647 24
12664 94 36 130 0.446154 25
12665 115 13 128 0.796875 22
12666 61 12 73 0.671233 23
12667 16 111 127 -0.748031 20
12668 62 27 89 0.393258 31
12669 127 14 141 0.801418 24
12670 91 20 111 0.63964 26
12671 71 24 95 0.494737 27
12672 17 83 100 -0.66 24
12673 69 37 106 0.301887 30
12674 50 68 118 -0.152542 29
12675 38 61 99 -0.232323 23
12676 88 1 89 0.977528 16
12677 75 37 112 0.339286 26
12678 82 43 125 0.312 32
12679 37 51 88 -0.159091 24
12680 52 60 112 -0.0714286 32
12681 33 44 77 -0.142857 23
12682 50 86 136 -0.264706 32
12683 57 52 109 0.0458716 29
12684 79 26 105 0.504762 32
12685 54 51 105 0.0285714 31
12686 39 57 96 -0.1875 24
12687 19 85 104 -0.634615 25
12688 99 8 107 0.850467 24
12689 73 53 126 0.15873 32
12690 114 11 125 0.824 23
12691 18 99 117 -0.692308 21
12692 99 8 107 0.850467 21
12693 87 4 91 0.912088 22
12694 42 47 89 -0.0561798 31
12695 20 96 116 -0.655172 28
12696 40 46 86 -0.0697674 27
12697 95 24 119 0.596639 26
12698 99 23 122 0.622951 28
12699 80 10 90 0.777778 22
12700 25 110 135 -0.62963 30
12701 7 0 7 1 4
12702 103 21 124 0.66129 28
12703 42 24 66 0.272727 24
12704 16 70 86 -0.627907 29
12705 94 24 118 0.59322 27
12706 12 104 116 -0.793103 21
12707 76 7 83 0.831325 25
12708 101 22 123 0.642276 28
12709 13 91 104 -0.75 26
12710 15 102 117 -0.74359 29
12711 34 33 67 0.0149254 22
12712 72 5 77 0.87013 18
12713 59 44 103 0.145631 23
12714 29 14 43 0.348837 16
12715 82 9 91 0.802198 21
12716 45 39 84 0.0714286 28
12717 17 124 141 -0.758865 26
12718 109 11 120 0.816667 24
12719 82 22 104 0.576923 31
12720 51 22 73 0.39726 25
12721 74 11 85 0.741176 25
12722 59 39 98 0.204082 32
12723 8 117 125 -0.872 24
12724 48 45 93 0.0322581 29
12725 9 102 111 -0.837838 21
12726 100 3 103 0.941748 20
12727 19 20 39 -0.025641 19
12728 2 129 131 -0.969466 10
12729 40 57 97 -0.175258 30
12730 45 31 76 0.184211 32
12731 17 78 95 -0.642105 27
12732 15 93 108 -0.722222 25
12733 37 76 113 -0.345133 34
12734 82 28 110 0.490909 23
12735 81 2 83 0.951807 20
12736 18 91 109 -0.669725 26
12737 61 24 85 0.435294 20
12738 103 9 112 0.839286 26
12739 36 67 103 -0.300971 27
12740 95 16 111 0.711712 22
12741 45 48 93 -0.0322581 27
12742 37 36 73 0.0136986 24
12743 31 63 94 -0.340426 26
12744 25 66 91 -0.450549 29
12745 18 93 111 -0.675676 30
12746 53 34 87 0.218391 27
12747 15 65 80 -0.625 27
12748 63 32 95 0.326316 25
12749 65 36 101 0.287129 30
12750 14 135 149 -0.812081 16
12751 41 91 132 -0.378788 31
12752 86 35 121 0.421488 29
12753 54 23 77 0.402597 29
12754 42 55 97 -0.134021 30
12755 48 51 99 -0.030303 28
12756 80 24 104 0.538462 27
12757 59 36 95 0.242105 28
12758 107 10 117 0.82906 24
12759 2 124 126 -0.968254 20
12760 10 94 104 -0.807692 26
12761 122 7 129 0.891473 23
12762 83 11 94 0.765957 25
12763 28 95 123 -0.544715 29
12764 65 67 132 -0.0151515 32
12765 52 27 79 0.316456 25
12766 81 20 101 0.60396 21
12767 19 106 125 -0.696 24
12768 56 31 87 0.287356 31
12769 3 119 122 -0.95082 13
12770 99 2 101 0.960396 12
12771 62 21 83 0.493976 22
12772 58 22 80 0.45 22
12773 50 29 79 0.265823 30
12774 65 52 117 0.111111 31
12775 37 61 98 -0.244898 31
12776 46 26 72 0.277778 26
12777 14 90 104 -0.730769 30
12778 78 30 108 0.444444 24
12779 7 116 123 -0.886179 24
12780 82 18 100 0.64 27
12781 118 11 129 0.829457 24
12782 48 56 104 -0.0769231 30
12783 58 27 85 0.364706 26
12784 13 94 107 -0.757009 23
12785 8 83 91 -0.824176 22
12786 14 113 127 -0.779528 21
12787 18 61 79 -0.544304 24
12788 55 53 108 0.0185185 29
12789 28 39 67 -0.164179 28
12790 7 121 128 -0.890625 17
12791 71 20 91 0.56044 26
12792 80 13 93 0.72043 17
12793 46 32 78 0.179487 27
12794 81 21 102 0.588235 22
12795 69 21 90 0.533333 30
12796 81 17 98 0.653061 26
12797 69 26 95 0.452632 31
12798 33 74 107 -0.383178 26
12799 16 101 117 -0.726496 28
12800 10 90 100 -0.8 28
12801 91 4 95 0.915789 22
12802 66 28 94 0.404255 29
12803 49 67 116 -0.155172 28
12804 22 80 102 -0.568627 25
12805 21 18 39 0.0769231 19
12806 19 64 83 -0.542169 19
12807 101 4 105 0.92381 20
12808 54 28 82 0.317073 26
12809 56 54 110 0.0181818 31
12810 39 52 91 -0.142857 23
12811 54 47 101 0.0693069 26
12812 25 70 95 -0.473684 25
12813 68 21 89 0.52809 22
12814 39 43 82 -0.0487805 23
12815 3 117 120 -0.95 21
12816 17 66 83 -0.590361 29
12817 89 15 104 0.711538 26
12818 63 16 79 0.594937 26
12819 62 23 85 0.458824 28
12820 68 9 77 0.766234 24
12821 104 13 117 0.777778 26
12822 31 110 141 -0.560284 27
12823 98 25 123 0.593496 29
12824 39 56 95 -0.178947 31
12825 46 59 105 -0.12381 28
12826 73 5 78 0.871795 9
12827 43 46 89 -0.0337079 23
12828 32 47 79 -0.189873 26
12829 56 27 83 0.349398 18
12830 49 33 82 0.195122 28
12831 119 7 126 0.888889 24
12832 105 9 114 0.842105 22
12833 97 12 109 0.779817 25
12834 64 51 115 0.113043 32
12835 68 27 95 0.431579 31
12836 82 16 98 0.673469 19
12837 85 12 97 0.752577 25
12838 76 12 88 0.727273 28
12839 59 12 71 0.661972 24
12840 33 51 84 -0.214286 30
12841 31 86 117 -0.470085 29
12842 15 71 86 -0.651163 25
12843 65 27 92 0.413043 26
12844 37 71 108 -0.314815 30
12845 12 76 88 -0.727273 23
12846 56 27 83 0.349398 26
12847 120 6 126 0.904762 15
12848 26 73 99 -0.474747 28
12849 43 57 100 -0.14 33
12850 90 1 91 0.978022 17
12851 23 77 100 -0.54 25
12852 7 74 81 -0.82716 23
12853 37 62 99 -0.252525 28
12854 63 17 80 0.575 25
12855 42 66 108 -0.222222 31
12856 27 68 95 -0.431579 30
12857 34 47 81 -0.160494 26
12858 13 69 82 -0.682927 28
12859 3 69 72 -0.916667 19
12860 35 37 72 -0.0277778 30
12861 57 8 65 0.753846 25
12862 16 76 92 -0.652174 25
12863 44 63 107 -0.17757 35
12864 36 55 91 -0.208791 29
12865 88 15 103 0.708738 20
12866 51 35 86 0.186047 29
12867 22 23 45 -0.0222222 22
12868 57 18 75 0.52 25
12869 108 19 127 0.700787 26
12870 15 82 97 -0.690722 27
12871 102 5 107 0.906542 22
12872 83 10 93 0.784946 27
12873 35 38 73 -0.0410959 25
12874 46 41 87 0.0574713 31
12875 47 38 85 0.105882 28
12876 17 91 108 -0.685185 24
12877 26 36 62 -0.16129 23
12878 66 8 74 0.783784 21
12879 35 56 91 -0.230769 24
12880 25 61 86 -0.418605 24
12881 34 64 98 -0.306122 30
12882 9 110 119 -0.848739 21
12883 36 77 113 -0.362832 27
12884 61 20 81 0.506173 24
12885 83 13 96 0.729167 27
12886 4 123 127 -0.937008 16
12887 71 35 106 0.339623 31
12888 83 3 86 0.930233 20
12889 91 24 115 0.582609 26
12890 133 12 145 0.834483 21
12891 84 46 130 0.292308 32
12892 32 60 92 -0.304348 26
12893 65 24 89 0.460674 24
12894 77 17 94 0.638298 28
12895 39 66 105 -0.257143 25
12896 22 62 84 -0.47619 21
12897 8 122 130 -0.876923 27
12898 2 118 120 -0.966667 21
12899 26 69 95 -0.452632 27
12900 110 9 119 0.848739 22
12901 28 65 93 -0.397849 28
12902 55 34 89 0.235955 19
12903 56 42 98 0.142857 31
12904 6 72 78 -0.846154 22
12905 45 47 92 -0.0217391 25
12906 46 41 87 0.0574713 26
12907 18 83 101 -0.643564 24
12908 98 11 109 0.798165 27
12909 28 38 66 -0.151515 21
12910 58 24 82 0.414634 28
12911 24 96 120 -0.6 33
12912 99 15 114 0.736842 29
12913 57 52 109 0.0458716 33
12914 83 6 89 0.865169 21
12915 23 89 112 -0.589286 25
12916 20 64 84 -0.52381 28
12917 7 120 127 -0.889764 15
12918 90 16 106 0.698113 28
12919 75 10 85 0.764706 25
12920 28 72 100 -0.44 32
12921 73 31 104 0.403846 28
12922 70 52 122 0.147541 35
12923 22 77 99 -0.555556 25
12924 73 14 87 0.678161 28
12925 82 17 99 0.656566 30
12926 58 34 92 0.26087 32
12927 59 32 91 0.296703 23
12928 102 12 114 0.789474 26
12929 42 67 109 -0.229358 30
12930 1 97 98 -0.979592 15
12931 3 73 76 -0.921053 19
12932 22 88 110 -0.6 25
12933 93 14 107 0.738318 26
12934 12 105 117 -0.794872 21
12935 61 28 89 0.370787 27
12936 27 75 102 -0.470588 31
12937 88 18 106 0.660377 26
12938 21 74 95 -0.557895 28
12939 61 13 74 0.648649 23
12940 47 41 88 0.0681818 28
12941 108 10 118 0.830508 18
12942 45 71 116 -0.224138 29
12943 3 118 121 -0.950413 21
12944 30 10 40 0.5 24
12945 47 88 135 -0.303704 30
12946 10 98 108 -0.814815 25
12947 64 32 96 0.333333 27
12948 34 75 109 -0.376147 30
12949 27 96 123 -0.560976 31
12950 89 2 91 0.956044 17
12951 111 27 138 0.608696 27
12952 19 55 74 -0.486486 27
12953 29 85 114 -0.491228 26
12954 23 110 133 -0.654135 28
12955 16 76 92 -0.652174 24
12956 71 14 85 0.670588 25
12957 32 83 115 -0.443478 28
12958 6 101 107 -0.88785 22
12959 64 28 92 0.391304 23
12960 7 106 113 -0.876106 21
12961 68 29 97 0.402062 27
12962 54 33 87 0.241379 24
12963 106 28 134 0.58209 31
12964 85 38 123 0.382114 30
12965 35 53 88 -0.204545 26
12966 35 64 99 -0.292929 26
12967 69 32 101 0.366337 26
12968 56 46 102 0.0980392 28
12969 65 12 77 0.688312 21
12970 11 87 98 -0.77551 22
12971 112 6 118 0.898305 24
12972 65 34 99 0.313131 24
12973 43 23 66 0.30303 22
12974 31 76 107 -0.420561 27
12975 58 62 120 -0.0333333 34
12976 32 58 90 -0.288889 28
12977 46 49 95 -0.0315789 28
12978 24 63 87 -0.448276 22
12979 22 72 94 -0.531915 29
12980 14 75 89 -0.685393 23
12981 30 80 110 -0.454545 23
12982 43 53 96 -0.104167 31
12983 14 107 121 -0.768595 27
12984 7 107 114 -0.877193 24
12985 84 25 109 0.541284 25
12986 72 32 104 0.384615 28
12987 29 78 107 -0.457944 25
12988 4 126 130 -0.938462 18
12989 84 18 102 0.647059 23
12990 54 75 129 -0.162791 28
12991 84 18 102 0.647059 28
12992 25 62 87 -0.425287 24
12993 16 75 91 -0.648352 26
12994 100 10 110 0.818182 25
12995 79 13 92 0.717391 27
12996 54 49 103 0.0485437 28
12997 16 102 118 -0.728814 28
12998 25 74 99 -0.494949 24
12999 36 67 103 -0.300971 24
13000 118 11 129 0.829457 21
13001 79 19 98 0.612245 26
13002 37 69 106 -0.301887 27
13003 99 13 112 0.767857 27
13004 26 57 83 -0.373494 27
13005 76 12 88 0.727273 28
13006 74 26 100 0.48 29
13007 4 120 124 -0.935484 14
13008 47 53 100 -0.06 29
13009 104 4 108 0.925926 22
13010 5 94 99 -0.89899 20
13011 97 4 101 0.920792 21
13012 90 5 95 0.894737 23
13013 62 52 114 0.0877193 31
13014 27 69 96 -0.4375 25
13015 60 52 112 0.0714286 29
13016 55 48 103 0.0679612 31
13017 23 77 100 -0.54 31
13018 93 11 104 0.788462 26
13019 51 63 114 -0.105263 32
13020 13 81 94 -0.723404 22
13021 91 18 109 0.669725 26
13022 50 68 118 -0.152542 31
13023 72 12 84 0.714286 19
13024 83 28 111 0.495495 25
13025 113 21 134 0.686567 21
13026 87 32 119 0.462185 28
13027 3 120 123 -0.95122 19
13028 41 50 91 -0.0989011 32
13029 57 46 103 0.106796 26
13030 12 82 94 -0.744681 28
13031 16 73 89 -0.640449 26
13032 77 19 96 0.604167 25
13033 29 59 88 -0.340909 31
13034 60 10 70 0.714286 24
13035 76 10 86 0.767442 19
13036 36 68 104 -0.307692 29
13037 85 16 101 0.683168 25
13038 90 21 111 0.621622 28
13039 13 107 120 -0.783333 20
13040 73 34 107 0.364486 28
13041 40 55 95 -0.157895 22
13042 24 53 77 -0.376623 24
13043 71 42 113 0.256637 33
13044 79 22 101 0.564356 26
13045 7 81 88 -0.840909 22
13046 17 73 90 -0.622222 24
13047 10 78 88 -0.772727 19
13048 64 28 92 0.391304 26
13049 17 64 81 -0.580247 27
13050 24 70 94 -0.489362 30
13051 88 20 108 0.62963 27
13052 51 34 85 0.2 30
13053 85 12 97 0.752577 27
13054 27 76 103 -0.475728 28
13055 29 87 116 -0.5 24
13056 64 50 114 0.122807 33
13057 150 6 156 0.923077 23
13058 12 112 124 -0.806452 26
13059 82 4 86 0.906977 21
13060 9 91 100 -0.82 25
13061 8 95 103 -0.84466 25
13062 47 53 100 -0.06 30
13063 123 14 137 0.79562 24
13064 60 22 82 0.463415 24
13065 12 80 92 -0.73913 22
13066 34 63 97 -0.298969 32
13067 48 39 87 0.103448 26
13068 80 47 127 0.259843 31
13069 28 68 96 -0.416667 27
13070 35 26 61 0.147541 14
13071 111 8 119 0.865546 23
13072 130 14 144 0.805556 24
13073 33 52 85 -0.223529 30
13074 16 114 130 -0.753846 27
13075 32 34 66 -0.030303 28
13076 76 23 99 0.535354 24
13077 13 11 24 0.0833333 14
13078 64 53 117 0.0940171 36
13079 38 49 87 -0.126437 26
13080 9 102 111 -0.837838 25
13081 65 16 81 0.604938 27
13082 34 60 94 -0.276596 31
13083 100 6 106 0.886792 23
13084 17 82 99 -0.656566 27
13085 75 13 88 0.704545 25
13086 32 73 105 -0.390476 28
13087 13 83 96 -0.729167 22
13088 96 20 116 0.655172 27
13089 98 9 107 0.831776 24
13090 86 13 99 0.737374 27
13091 44 48 92 -0.0434783 27
13092 117 5 122 0.918033 18
13093 37 73 110 -0.327273 31
13094 48 66 114 -0.157895 28
13095 12 70 82 -0.707317 21
13096 48 40 88 0.0909091 25
13097 103 12 115 0.791304 30
13098 9 128 137 -0.868613 22
13099 11 104 115 -0.808696 24
13100 84 33 117 0.435897 32
13101 23 83 106 -0.566038 29
13102 11 108 119 -0.815126 27
13103 46 63 109 -0.155963 35
13104 63 3 66 0.909091 21
13105 68 7 75 0.813333 23
13106 17 84 101 -0.663366 31
13107 6 86 92 -0.869565 21
13108 66 19 85 0.552941 28
13109 118 13 131 0.801527 28
13110 71 43 114 0.245614 34
13111 34 60 94 -0.276596 24
13112 64 11 75 0.706667 20
13113 72 50 122 0.180328 28
13114 10 76 86 -0.767442 19
13115 4 119 123 -0.934959 22
13116 49 21 70 0.4 27
13117 118 11 129 0.829457 23
13118 89 16 105 0.695238 31
13119 100 16 116 0.724138 26
13120 41 45 86 -0.0465116 29
13121 132 2 134 0.970149 17
13122 76 20 96 0.583333 23
13123 24 63 87 -0.448276 27
13124 32 65 97 -0.340206 28
13125 41 43 84 -0.0238095 27
13126 30 60 90 -0.333333 27
13127 9 98 107 -0.831776 27
13128 3 131 134 -0.955224 18
13129 93 23 116 0.603448 31
13130 42 55 97 -0.134021 19
13131 18 81 99 -0.636364 25
13132 41 44 85 -0.0352941 18
13133 101 18 119 0.697479 29
13134 35 75 110 -0.363636 28
13135 44 29 73 0.205479 25
13136 17 91 108 -0.685185 25
13137 19 96 115 -0.669565 30
13138 23 56 79 -0.417722 20
13139 9 121 130 -0.861538 16
13140 102 8 110 0.854545 20
13141 93 22 115 0.617391 23
13142 97 46 143 0.356643 35
13143 39 47 86 -0.0930233 23
13144 15 108 123 -0.756098 24
13145 45 37 82 0.097561 27
13146 22 77 99 -0.555556 31
13147 57 50 107 0.0654206 28
13148 3 103 106 -0.943396 20
13149 69 54 123 0.121951 32
13150 23 85 108 -0.574074 31
13151 50 41 91 0.0989011 23
13152 96 6 102 0.882353 21
13153 69 49 118 0.169492 29
13154 39 46 85 -0.0823529 25
13155 40 60 100 -0.2 26
13156 72 40 112 0.285714 31
13157 84 9 93 0.806452 19
13158 12 91 103 -0.76699 19
13159 26 71 97 -0.463918 27
13160 58 19 77 0.506494 24
13161 36 87 123 -0.414634 26
13162 27 67 94 -0.425532 30
13163 90 10 100 0.8 22
13164 67 53 120 0.116667 29
13165 81 28 109 0.486239 29
13166 37 77 114 -0.350877 24
13167 92 14 106 0.735849 27
13168 93 10 103 0.805825 27
13169 136 21 157 0.732484 23
13170 17 84 101 -0.663366 25
13171 82 42 124 0.322581 26
13172 65 42 107 0.214953 34
13173 21 70 91 -0.538462 28
13174 125 14 139 0.798561 24
13175 41 79 120 -0.316667 25
13176 10 125 135 -0.851852 22
13177 55 51 106 0.0377358 28
13178 68 5 73 0.863014 18
13179 52 44 96 0.0833333 28
13180 50 39 89 0.123596 29
13181 9 79 88 -0.795455 23
13182 20 48 68 -0.411765 26
13183 29 51 80 -0.275 27
13184 67 19 86 0.55814 26
13185 46 48 94 -0.0212766 25
13186 19 82 101 -0.623762 26
13187 96 3 99 0.939394 19
13188 69 19 88 0.568182 29
13189 26 71 97 -0.463918 27
13190 79 31 110 0.436364 30
13191 5 110 115 -0.913043 22
13192 23 28 51 -0.0980392 22
13193 23 91 114 -0.596491 32
13194 51 51 102 0 30
13195 93 5 98 0.897959 22
13196 43 60 103 -0.165049 24
13197 38 46 84 -0.0952381 29
13198 26 79 105 -0.504762 25
13199 43 51 94 -0.0851064 30
13200 30 89 119 -0.495798 31
13201 84 19 103 0.631068 27
13202 71 17 88 0.613636 23
13203 95 8 103 0.84466 17
13204 30 77 107 -0.439252 28
13205 44 15 59 0.491525 24
13206 40 62 102 -0.215686 28
13207 8 104 112 -0.857143 23
13208 36 26 62 0.16129 25
13209 50 44 94 0.0638298 27
13210 110 13 123 0.788618 23
13211 65 58 123 0.0569106 35
13212 81 10 91 0.78022 24
13213 17 100 117 -0.709402 24
13214 80 37 117 0.367521 30
13215 58 46 104 0.115385 28
13216 80 11 91 0.758242 22
13217 101 7 108 0.87037 25
13218 62 33 95 0.305263 30
13219 17 64 81 -0.580247 22
13220 17 69 86 -0.604651 26
13221 12 118 130 -0.815385 27
13222 39 72 111 -0.297297 29
13223 39 50 89 -0.123596 29
13224 11 125 136 -0.838235 26
13225 26 75 101 -0.485149 30
13226 76 20 96 0.583333 30
13227 68 57 125 0.088 34
13228 75 51 126 0.190476 37
13229 64 22 86 0.488372 27
13230 29 55 84 -0.309524 21
13231 77 10 87 0.770115 19
13232 61 18 79 0.544304 27
13233 13 109 122 -0.786885 26
13234 42 47 89 -0.0561798 23
13235 132 13 145 0.82069 25
13236 45 32 77 0.168831 28
13237 24 73 97 -0.505155 26
13238 122 8 130 0.876923 22
13239 27 79 106 -0.490566 27
13240 104 7 111 0.873874 13
13241 68 44 112 0.214286 33
13242 19 45 64 -0.40625 27
13243 79 20 99 0.59596 25
13244 43 27 70 0.228571 23
13245 7 100 107 -0.869159 25
13246 39 21 60 0.3 25
13247 78 23 101 0.544554 30
13248 43 52 95 -0.0947368 26
13249 25 66 91 -0.450549 26
13250 28 78 106 -0.471698 29
13251 7 107 114 -0.877193 22
13252 64 45 109 0.174312 31
13253 3 173 176 -0.965909 15
13254 57 82 139 -0.179856 33
13255 58 28 86 0.348837 30
13256 74 12 86 0.72093 25
13257 25 123 148 -0.662162 31
13258 70 31 101 0.386139 31
13259 88 32 120 0.466667 27
13260 84 29 113 0.486726 30
13261 18 21 39 -0.0769231 19
13262 47 29 76 0.236842 21
13263 65 47 112 0.160714 25
13264 150 6 156 0.923077 18
13265 72 24 96 0.5 28
13266 66 33 99 0.333333 26
13267 8 91 99 -0.838384 25
13268 79 37 116 0.362069 30
13269 85 17 102 0.666667 26
13270 43 67 110 -0.218182 33
13271 48 32 80 0.2 28
13272 54 63 117 -0.0769231 32
13273 26 81 107 -0.514019 27
13274 61 35 96 0.270833 20
13275 14 48 62 -0.548387 19
13276 26 66 92 -0.434783 31
13277 25 59 84 -0.404762 26
13278 109 16 125 0.744 29
13279 29 68 97 -0.402062 25
13280 62 39 101 0.227723 27
13281 20 83 103 -0.61165 30
13282 128 8 136 0.882353 22
13283 71 18 89 0.595506 27
13284 97 20 117 0.65812 26
13285 41 31 72 0.138889 20
13286 12 91 103 -0.76699 21
13287 47 53 100 -0.06 32
13288 23 56 79 -0.417722 24
13289 74 16 90 0.644444 25
13290 97 22 119 0.630252 31
13291 70 32 102 0.372549 33
13292 16 69 85 -0.623529 27
13293 6 108 114 -0.894737 23
13294 48 50 98 -0.0204082 31
13295 89 22 111 0.603604 22
13296 15 78 93 -0.677419 27
13297 5 102 107 -0.906542 21
13298 12 128 140 -0.828571 25
13299 36 78 114 -0.368421 27
13300 48 40 88 0.0909091 27
13301 61 59 120 0.0166667 30
13302 24 49 73 -0.342466 24
13303 92 24 116 0.586207 29
13304 54 57 111 -0.027027 30
13305 59 27 86 0.372093 25
13306 68 13 81 0.679012 27
13307 77 9 86 0.790698 25
13308 46 48 94 -0.0212766 28
13309 10 89 99 -0.79798 26
13310 150 10 160 0.875 21
13311 43 65 108 -0.203704 31
13312 29 60 89 -0.348315 25
13313 74 6 80 0.85 24
13314 4 125 129 -0.937984 16
13315 43 39 82 0.0487805 30
13316 27 69 96 -0.4375 26
13317 104 32 136 0.529412 34
13318 90 16 106 0.698113 22
13319 54 36 90 0.2 25
13320 112 12 124 0.806452 26
13321 103 19 122 0.688525 28
13322 8 78 86 -0.813953 23
13323 32 55 87 -0.264368 29
13324 124 4 128 0.9375 22
13325 49 30 79 0.240506 26
13326 97 9 106 0.830189 26
13327 67 22 89 0.505618 31
13328 3 82 85 -0.929412 19
13329 78 22 100 0.56 25
13330 5 86 91 -0.89011 22
13331 19 63 82 -0.536585 27
13332 91 17 108 0.685185 23
13333 56 30 86 0.302326 32
13334 48 42 90 0.0666667 27
13335 72 16 88 0.636364 25
13336 52 71 123 -0.154472 31
13337 29 66 95 -0.389474 29
13338 69 29 98 0.408163 24
13339 64 52 116 0.103448 32
13340 40 21 61 0.311475 26
13341 28 89 117 -0.521368 28
13342 8 65 73 -0.780822 22
13343 72 22 94 0.531915 22
13344 20 91 111 -0.63964 28
13345 10 93 103 -0.805825 19
13346 42 46 88 -0.0454545 26
13347 25 83 108 -0.537037 29
13348 25 84 109 -0.541284 30
13349 56 55 111 0.00900901 27
13350 31 1 32 0.9375 11
13351 19 8 27 0.407407 16
13352 18 113 131 -0.725191 25
13353 90 9 99 0.818182 25
13354 38 72 110 -0.309091 26
13355 24 79 103 -0.533981 28
13356 47 52 99 -0.0505051 29
13357 49 29 78 0.25641 28
13358 67 35 102 0.313725 28
13359 18 92 110 -0.672727 27
13360 9 68 77 -0.766234 27
13361 76 51 127 0.19685 34
13362 25 77 102 -0.509804 26
13363 25 60 85 -0.411765 26
13364 63 68 131 -0.0381679 31
13365 156 4 160 0.95 21
13366 26 77 103 -0.495146 28
13367 38 59 97 -0.216495 26
13368 61 29 90 0.355556 24
13369 126 16 142 0.774648 25
13370 76 17 93 0.634409 19
13371 55 24 79 0.392405 27
13372 47 41 88 0.0681818 26
13373 10 68 78 -0.74359 22
13374 20 78 98 -0.591837 25
13375 43 56 99 -0.131313 32
13376 35 86 121 -0.421488 27
13377 28 60 88 -0.363636 27
13378 71 31 102 0.392157 26
13379 11 78 89 -0.752809 22
13380 81 33 114 0.421053 30
13381 75 8 83 0.807229 25
13382 12 95 107 -0.775701 26
13383 66 24 90 0.466667 27
13384 61 17 78 0.564103 24
13385 78 16 94 0.659574 24
13386 101 11 112 0.803571 25
13387 64 10 74 0.72973 23
13388 17 77 94 -0.638298 28
13389 69 36 105 0.314286 27
13390 40 82 122 -0.344262 27
13391 40 61 101 -0.207921 25
13392 15 95 110 -0.727273 24
13393 33 70 103 -0.359223 26
13394 96 14 110 0.745455 19
13395 25 86 111 -0.54955 25
13396 7 105 112 -0.875 24
13397 96 8 104 0.846154 23
13398 31 68 99 -0.373737 23
13399 87 22 109 0.59633 29
13400 60 50 110 0.0909091 32
13401 111 18 129 0.72093 26
13402 30 75 105 -0.428571 28
13403 15 56 71 -0.577465 21
13404 62 25 87 0.425287 24
13405 56 48 104 0.0769231 30
13406 77 14 91 0.692308 20
13407 82 15 97 0.690722 24
13408 90 6 96 0.875 19
13409 19 59 78 -0.512821 28
13410 15 54 69 -0.565217 24
13411 9 120 129 -0.860465 23
13412 43 47 90 -0.0444444 30
13413 48 31 79 0.21519 27
13414 11 118 129 -0.829457 25
13415 37 39 76 -0.0263158 29
13416 8 80 88 -0.818182 22
13417 78 11 89 0.752809 19
13418 70 38 108 0.296296 31
13419 87 26 113 0.539823 30
13420 119 20 139 0.71223 28
13421 123 14 137 0.79562 24
13422 51 40 91 0.120879 26
13423 7 120 127 -0.889764 20
13424 67 47 114 0.175439 26
13425 39 52 91 -0.142857 22
13426 25 69 94 -0.468085 28
13427 6 80 86 -0.860465 22
13428 126 15 141 0.787234 27
13429 123 10 133 0.849624 26
13430 81 22 103 0.572816 29
13431 146 9 155 0.883871 22
13432 124 14 138 0.797101 26
13433 99 26 125 0.584 28
13434 68 39 107 0.271028 28
13435 26 62 88 -0.409091 27
13436 41 79 120 -0.316667 29
13437 38 78 116 -0.344828 36
13438 71 35 106 0.339623 33
13439 94 15 109 0.724771 23
13440 56 46 102 0.0980392 29
13441 11 94 105 -0.790476 24
13442 45 45 90 0 25
13443 52 27 79 0.316456 26
13444 56 32 88 0.272727 30
13445 10 114 124 -0.83871 24
13446 28 79 107 -0.476636 25
13447 107 16 123 0.739837 26
13448 20 82 102 -0.607843 29
13449 31 58 89 -0.303371 23
13450 23 73 96 -0.520833 22
13451 60 61 121 -0.00826446 28
13452 73 31 104 0.403846 31
13453 106 9 115 0.843478 14
13454 76 47 123 0.235772 30
13455 31 66 97 -0.360825 25
13456 50 59 109 -0.0825688 32
13457 4 143 147 -0.945578 15
13458 41 66 107 -0.233645 30
13459 23 113 136 -0.661765 25
13460 103 18 121 0.702479 26
13461 1 0 1 1 1
13462 46 33 79 0.164557 25
13463 77 23 100 0.54 26
13464 70 21 91 0.538462 21
13465 4 126 130 -0.938462 18
13466 72 22 94 0.531915 24
13467 69 15 84 0.642857 29
13468 36 11 47 0.531915 23
13469 13 117 130 -0.8 21
13470 19 51 70 -0.457143 24
13471 33 40 73 -0.0958904 29
13472 5 106 111 -0.90991 22
13473 9 98 107 -0.831776 24
13474 91 24 115 0.582609 29
13475 77 22 99 0.555556 30
13476 28 72 100 -0.44 30
13477 5 75 80 -0.875 23
13478 13 63 76 -0.657895 25
13479 50 46 96 0.0416667 32
13480 59 43 102 0.156863 32
13481 34 54 88 -0.227273 25
13482 95 4 99 0.919192 23
13483 14 89 103 -0.728155 28
13484 64 24 88 0.454545 26
13485 53 18 71 0.492958 26
13486 73 13 86 0.697674 20
13487 23 55 78 -0.410256 24
13488 82 3 85 0.929412 22
13489 64 38 102 0.254902 23
13490 18 26 44 -0.181818 21
13491 2 98 100 -0.96 20
13492 42 37 79 0.0632911 25
13493 70 54 124 0.129032 26
13494 60 20 80 0.5 24
13495 40 47 87 -0.0804598 27
13496 147 6 153 0.921569 22
13497 69 25 94 0.468085 30
13498 80 7 87 0.83908 23
13499 4 98 102 -0.921569 22
13500 20 64 84 -0.52381 30
13501 53 35 88 0.204545 29
13502 63 27 90 0.4 32
13503 25 55 80 -0.375 26
13504 7 96 103 -0.864078 24
13505 10 112 122 -0.836066 21
13506 106 18 124 0.709677 24
13507 5 56 61 -0.836066 23
13508 31 75 106 -0.415094 29
13509 158 1 159 0.987421 16
13510 79 18 97 0.628866 21
13511 91 24 115 0.582609 27
13512 104 12 116 0.793103 26
13513 43 60 103 -0.165049 30
13514 137 14 151 0.81457 21
13515 67 15 82 0.634146 18
13516 41 62 103 -0.203883 27
13517 65 50 115 0.130435 34
13518 33 64 97 -0.319588 31
13519 117 8 125 0.872 22
13520 36 59 95 -0.242105 24
13521 86 8 94 0.829787 21
13522 70 35 105 0.333333 29
13523 76 17 93 0.634409 24
13524 66 37 103 0.281553 29
13525 17 99 116 -0.706897 27
13526 37 36 73 0.0136986 25
13527 54 56 110 -0.0181818 29
13528 28 47 75 -0.253333 29
13529 31 53 84 -0.261905 25
13530 58 27 85 0.364706 26
13531 10 103 113 -0.823009 25
13532 77 18 95 0.621053 28
13533 15 78 93 -0.677419 28
13534 54 44 98 0.102041 27
13535 7 108 115 -0.878261 24
13536 74 37 111 0.333333 29
13537 57 34 91 0.252747 25
13538 67 39 106 0.264151 29
13539 43 42 85 0.0117647 28
13540 127 11 138 0.84058 21
13541 65 30 95 0.368421 31
13542 71 6 77 0.844156 22
13543 8 77 85 -0.811765 26
13544 63 42 105 0.2 34
13545 78 33 111 0.405405 28
13546 17 102 119 -0.714286 25
13547 45 46 91 -0.010989 28
13548 44 48 92 -0.0434783 33
13549 58 47 105 0.104762 30
13550 34 71 105 -0.352381 22
13551 11 101 112 -0.803571 27
13552 11 93 104 -0.788462 19
13553 32 78 110 -0.418182 28
13554 77 60 137 0.124088 29
13555 9 86 95 -0.810526 25
13556 54 21 75 0.44 26
13557 28 62 90 -0.377778 31
13558 23 103 126 -0.634921 26
13559 122 8 130 0.876923 20
13560 87 10 97 0.793814 26
13561 40 54 94 -0.148936 27
13562 36 37 73 -0.0136986 33
13563 129 13 142 0.816901 23
13564 60 38 98 0.22449 27
13565 34 51 85 -0.2 23
13566 35 45 80 -0.125 24
13567 59 44 103 0.145631 34
13568 66 19 85 0.552941 24
13569 56 62 118 -0.0508475 30
13570 44 111 155 -0.432258 29
13571 38 49 87 -0.126437 27
13572 150 2 152 0.973684 18
13573 57 30 87 0.310345 32
13574 3 51 54 -0.888889 16
13575 109 3 112 0.946429 21
13576 45 30 75 0.2 27
13577 95 18 113 0.681416 30
13578 17 51 68 -0.5 25
13579 32 61 93 -0.311828 30
13580 30 45 75 -0.2 29
13581 110 8 118 0.864407 21
13582 64 44 108 0.185185 30
13583 19 67 86 -0.55814 26
13584 15 41 56 -0.464286 24
13585 41 56 97 -0.154639 28
13586 152 2 154 0.974026 18
13587 16 101 117 -0.726496 27
13588 57 22 79 0.443038 24
13589 35 53 88 -0.204545 27
13590 9 100 109 -0.834862 25
13591 87 5 92 0.891304 22
13592 44 69 113 -0.221239 24
13593 73 12 85 0.717647 24
13594 5 132 137 -0.927007 22
13595 31 81 112 -0.446429 28
13596 68 5 73 0.863014 19
13597 18 65 83 -0.566265 17
13598 73 10 83 0.759036 22
13599 89 13 102 0.745098 19
13600 84 11 95 0.768421 22
13601 10 85 95 -0.789474 27
13602 102 12 114 0.789474 21
13603 39 60 99 -0.212121 27
13604 22 82 104 -0.576923 26
13605 19 72 91 -0.582418 28
13606 88 17 105 0.67619 20
13607 9 84 93 -0.806452 24
13608 31 61 92 -0.326087 29
13609 53 48 101 0.049505 28
13610 2 116 118 -0.966102 18
13611 12 39 51 -0.529412 22
13612 9 85 94 -0.808511 24
13613 35 51 86 -0.186047 24
13614 20 53 73 -0.452055 26
13615 17 29 46 -0.26087 16
13616 19 0 19 1 10
13617 145 12 157 0.847134 27
13618 18 77 95 -0.621053 25
13619 31 64 95 -0.347368 29
13620 71 17 88 0.613636 26
13621 36 68 104 -0.307692 30
13622 50 63 113 -0.115044 32
13623 90 36 126 0.428571 32
13624 111 8 119 0.865546 22
13625 37 47 84 -0.119048 28
13626 39 90 129 -0.395349 27
13627 40 49 89 -0.101124 23
13628 25 67 92 -0.456522 28
13629 75 9 84 0.785714 18
13630 35 68 103 -0.320388 27
13631 52 34 86 0.209302 25
13632 17 70 87 -0.609195 29
13633 52 30 82 0.268293 29
13634 71 24 95 0.494737 24
13635 75 46 121 0.239669 33
13636 51 56 107 -0.046729 31
13637 71 43 114 0.245614 33
13638 44 41 85 0.0352941 24
13639 82 45 127 0.291339 29
13640 39 53 92 -0.152174 32
13641 36 59 95 -0.242105 31
13642 37 63 100 -0.26 27
13643 7 96 103 -0.864078 19
13644 73 39 112 0.303571 34
13645 48 51 99 -0.030303 25
13646 27 67 94 -0.425532 26
13647 63 54 117 0.0769231 28
13648 17 108 125 -0.728 27
13649 68 23 91 0.494505 28
13650 57 54 111 0.027027 28
13651 38 73 111 -0.315315 30
13652 30 77 107 -0.439252 31
13653 6 107 113 -0.893805 23
13654 60 60 120 0 35
13655 93 7 100 0.86 22
13656 38 48 86 -0.116279 24
13657 19 86 105 -0.638095 29
13658 81 34 115 0.408696 30
13659 26 121 147 -0.646259 28
13660 32 52 84 -0.238095 22
13661 68 49 117 0.162393 29
13662 80 27 107 0.495327 31
13663 56 35 91 0.230769 28
13664 94 8 102 0.843137 20
13665 62 40 102 0.215686 31
13666 56 34 90 0.244444 25
13667 7 106 113 -0.876106 21
13668 9 95 104 -0.826923 22
13669 35 69 104 -0.326923 24
13670 28 57 85 -0.341176 24
13671 48 62 110 -0.127273 29
13672 126 13 139 0.81295 21
13673 50 43 93 0.0752688 25
13674 96 13 109 0.761468 27
13675 38 50 88 -0.136364 26
13676 12 82 94 -0.744681 30
13677 42 60 102 -0.176471 28
13678 18 78 96 -0.625 27
13679 15 105 120 -0.75 26
13680 16 65 81 -0.604938 23
13681 112 18 130 0.723077 24
13682 32 68 100 -0.36 27
13683 65 37 102 0.27451 30
13684 97 34 131 0.480916 30
13685 23 60 83 -0.445783 24
13686 58 53 111 0.045045 30
13687 62 29 91 0.362637 29
13688 46 62 108 -0.148148 26
13689 78 19 97 0.608247 26
13690 22 74 96 -0.541667 30
13691 39 70 109 -0.284404 32
13692 12 65 77 -0.688312 24
13693 81 13 94 0.723404 21
13694 58 17 75 0.546667 23
13695 27 39 66 -0.181818 26
13696 13 125 138 -0.811594 29
13697 123 3 126 0.952381 18
13698 22 69 91 -0.516484 25
13699 33 75 108 -0.388889 27
13700 40 19 59 0.355932 21
13701 24 64 88 -0.454545 22
13702 60 43 103 0.165049 28
13703 23 58 81 -0.432099 26
13704 64 26 90 0.422222 28
13705 9 105 114 -0.842105 27
13706 27 70 97 -0.443299 30
13707 12 85 97 -0.752577 24
13708 42 25 67 0.253731 25
13709 42 49 91 -0.0769231 29
13710 33 63 96 -0.3125 29
13711 77 12 89 0.730337 29
13712 59 46 105 0.12381 31
13713 53 40 93 0.139785 27
13714 29 76 105 -0.447619 30
13715 54 35 89 0.213483 26
13716 78 15 93 0.677419 24
13717 57 32 89 0.280899 25
13718 18 93 111 -0.675676 28
13719 33 53 86 -0.232558 21
13720 32 50 82 -0.219512 24
13721 7 120 127 -0.889764 22
13722 10 112 122 -0.836066 26
13723 96 6 102 0.882353 22
13724 55 49 104 0.0576923 25
13725 4 108 112 -0.928571 21
13726 18 117 135 -0.733333 26
13727 65 43 108 0.203704 31
13728 54 36 90 0.2 29
13729 92 24 116 0.586207 31
13730 35 81 116 -0.396552 31
13731 98 13 111 0.765766 25
13732 25 146 171 -0.707602 33
13733 71 44 115 0.234783 31
13734 94 33 127 0.480315 34
13735 15 53 68 -0.558824 21
13736 59 46 105 0.12381 35
13737 32 59 91 -0.296703 23
13738 59 36 95 0.242105 29
13739 24 63 87 -0.448276 25
13740 24 62 86 -0.44186 23
13741 46 59 105 -0.12381 31
13742 75 8 83 0.807229 23
13743 22 94 116 -0.62069 26
13744 51 44 95 0.0736842 27
13745 51 65 116 -0.12069 35
13746 31 55 86 -0.27907 20
13747 81 40 121 0.338843 31
13748 53 45 98 0.0816327 29
13749 16 123 139 -0.769784 26
13750 19 61 80 -0.525 20
13751 64 7 71 0.802817 22
13752 108 13 121 0.785124 24
13753 20 88 108 -0.62963 27
13754 93 14 107 0.738318 25
13755 53 17 70 0.514286 19
13756 77 7 84 0.833333 24
13757 14 86 100 -0.72 26
13758 27 72 99 -0.454545 32
13759 20 53 73 -0.452055 20
13760 80 34 114 0.403509 30
13761 123 10 133 0.849624 21
13762 26 87 113 -0.539823 28
13763 54 45 99 0.0909091 27
13764 53 42 95 0.115789 30
13765 39 40 79 -0.0126582 26
13766 33 68 101 -0.346535 27
13767 16 95 111 -0.711712 26
13768 11 142 153 -0.856209 24
13769 49 25 74 0.324324 23
13770 22 22 44 0 20
13771 49 14 63 0.555556 27
13772 91 20 111 0.63964 32
13773 63 22 85 0.482353 26
13774 12 89 101 -0.762376 25
13775 102 26 128 0.59375 24
13776 13 105 118 -0.779661 28
13777 74 35 109 0.357798 28
13778 142 2 144 0.972222 18
13779 20 56 76 -0.473684 18
13780 45 38 83 0.0843373 23
13781 33 66 99 -0.333333 31
13782 62 34 96 0.291667 32
13783 34 61 95 -0.284211 31
13784 8 122 130 -0.876923 21
13785 18 106 124 -0.709677 27
13786 6 74 80 -0.85 24
13787 54 44 98 0.102041 31
13788 14 103 117 -0.760684 26
13789 77 21 98 0.571429 27
13790 50 54 104 -0.0384615 29
13791 19 85 104 -0.634615 26
13792 86 10 96 0.791667 25
13793 19 77 96 -0.604167 27
13794 104 6 110 0.890909 24
13795 110 25 135 0.62963 28
13796 54 22 76 0.421053 31
13797 43 75 118 -0.271186 27
13798 33 48 81 -0.185185 29
13799 6 90 96 -0.875 24
13800 92 41 133 0.383459 30
13801 8 106 114 -0.859649 26
13802 60 15 75 0.6 23
13803 52 16 68 0.529412 23
13804 6 113 119 -0.89916 21
13805 44 48 92 -0.0434783 28
13806 41 35 76 0.0789474 24
13807 47 36 83 0.13253 28
13808 23 80 103 -0.553398 28
13809 63 34 97 0.298969 25
13810 103 12 115 0.791304 28
13811 49 32 81 0.209877 29
13812 53 33 86 0.232558 27
13813 40 45 85 -0.0588235 24
13814 54 33 87 0.241379 25
13815 78 46 124 0.258065 28
13816 63 22 85 0.482353 28
13817 31 53 84 -0.261905 29
13818 4 42 46 -0.826087 17
13819 3 66 69 -0.913043 22
13820 64 44 108 0.185185 31
13821 34 2 36 0.888889 17
13822 79 17 96 0.645833 27
13823 82 18 100 0.64 25
13824 26 87 113 -0.539823 29
13825 96 12 108 0.777778 28
13826 167 6 173 0.930636 21
13827 41 66 107 -0.233645 27
13828 22 58 80 -0.45 27
13829 78 25 103 0.514563 31
13830 10 115 125 -0.84 25
13831 62 12 74 0.675676 22
13832 104 19 123 0.691057 26
13833 108 5 113 0.911504 22
13834 76 17 93 0.634409 27
13835 69 27 96 0.4375 28
13836 63 35 98 0.285714 28
13837 70 43 113 0.238938 31
13838 29 100 129 -0.550388 30
13839 11 106 117 -0.811966 24
13840 35 87 122 -0.42623 23
13841 73 40 113 0.292035 31
13842 92 23 115 0.6 21
13843 49 25 74 0.324324 26
13844 30 67 97 -0.381443 28
13845 5 156 161 -0.937888 18
13846 99 39 138 0.434783 33
13847 16 105 121 -0.735537 26
13848 83 24 107 0.551402 20
13849 68 6 74 0.837838 17
13850 36 63 99 -0.272727 29
13851 45 44 89 0.011236 27
13852 6 91 97 -0.876289 23
13853 49 38 87 0.126437 23
13854 31 55 86 -0.27907 33
13855 46 28 74 0.243243 22
13856 36 46 82 -0.121951 30
13857 110 4 114 0.929825 17
13858 109 24 133 0.639098 29
13859 0 60 60 -1 10
13860 46 51 97 -0.0515464 28
13861 57 18 75 0.52 27
13862 97 12 109 0.779817 27
13863 11 78 89 -0.752809 23
13864 11 86 97 -0.773196 27
13865 46 26 72 0.277778 27
13866 94 6 100 0.88 24
13867 52 34 86 0.209302 29
13868 75 30 105 0.428571 33
13869 87 38 125 0.392 29
13870 73 8 81 0.802469 23
13871 49 67 116 -0.155172 27
13872 137 2 139 0.971223 13
13873 81 73 154 0.0519481 32
13874 66 36 102 0.294118 32
13875 31 99 130 -0.523077 31
13876 4 114 118 -0.932203 14
13877 35 71 106 -0.339623 27
13878 118 4 122 0.934426 22
13879 43 50 93 -0.0752688 25
13880 66 6 72 0.833333 18
13881 126 7 133 0.894737 23
13882 50 62 112 -0.107143 21
13883 106 29 135 0.57037 29
13884 85 12 97 0.752577 21
13885 64 54 118 0.0847458 31
13886 136 5 141 0.929078 17
13887 13 132 145 -0.82069 23
13888 74 15 89 0.662921 26
13889 19 69 88 -0.568182 27
13890 8 85 93 -0.827957 23
13891 22 66 88 -0.5 23
13892 58 45 103 0.126214 31
13893 50 40 90 0.111111 25
13894 8 5 13 0.230769 9
13895 103 15 118 0.745763 20
13896 84 32 116 0.448276 31
13897 35 65 100 -0.3 26
13898 64 26 90 0.422222 27
13899 27 82 109 -0.504587 30
13900 56 37 93 0.204301 29
13901 74 23 97 0.525773 28
13902 16 124 140 -0.771429 24
13903 59 48 107 0.102804 29
13904 38 83 121 -0.371901 30
13905 51 39 90 0.133333 26
13906 69 31 100 0.38 25
13907 70 5 75 0.866667 18
13908 37 27 64 0.15625 25
13909 106 15 121 0.752066 26
13910 74 59 133 0.112782 32
13911 55 22 77 0.428571 25
13912 5 116 121 -0.917355 22
13913 24 118 142 -0.661972 28
13914 88 13 101 0.742574 23
13915 28 72 100 -0.44 24
13916 26 124 150 -0.653333 22
13917 34 75 109 -0.376147 28
13918 51 37 88 0.159091 27
13919 52 40 92 0.130435 29
13920 51 45 96 0.0625 29
13921 46 55 101 -0.0891089 31
13922 26 92 118 -0.559322 30
13923 57 56 113 0.00884956 33
13924 43 30 73 0.178082 24
13925 26 66 92 -0.434783 18
13926 61 57 118 0.0338983 33
13927 90 29 119 0.512605 32
13928 142 7 149 0.90604 14
13929 111 6 117 0.897436 23
13930 24 96 120 -0.6 25
13931 100 9 109 0.834862 24
13932 32 59 91 -0.296703 29
13933 67 41 108 0.240741 28
13934 141 4 145 0.944828 19
13935 148 5 153 0.934641 20
13936 79 17 96 0.645833 26
13937 77 23 100 0.54 21
13938 14 52 66 -0.575758 22
13939 47 32 79 0.189873 30
13940 7 116 123 -0.886179 24
13941 96 4 100 0.92 22
13942 57 52 109 0.0458716 25
13943 18 97 115 -0.686957 28
13944 7 59 66 -0.787879 20
13945 14 103 117 -0.760684 22
13946 29 83 112 -0.482143 29
13947 2 125 127 -0.968504 19
13948 50 51 101 -0.00990099 28
13949 97 6 103 0.883495 24
13950 37 71 108 -0.314815 25
13951 36 52 88 -0.181818 32
13952 69 33 102 0.352941 28
13953 100 11 111 0.801802 26
13954 36 53 89 -0.191011 27
13955 90 14 104 0.730769 25
13956 108 12 120 0.8 26
13957 98 30 128 0.53125 29
13958 40 42 82 -0.0243902 27
13959 33 68 101 -0.346535 25
13960 25 129 154 -0.675325 25
13961 30 46 76 -0.210526 29
13962 48 40 88 0.0909091 30
13963 29 56 85 -0.317647 30
13964 31 86 117 -0.470085 30
13965 62 44 106 0.169811 27
13966 16 80 96 -0.666667 20
13967 103 18 121 0.702479 29
13968 15 71 86 -0.651163 26
13969 32 60 92 -0.304348 21
13970 55 19 74 0.486486 23
13971 44 51 95 -0.0736842 28
13972 62 28 90 0.377778 21
13973 88 12 100 0.76 26
13974 41 54 95 -0.136842 30
13975 33 58 91 -0.274725 29
13976 30 83 113 -0.469027 26
13977 40 42 82 -0.0243902 26
13978 6 84 90 -0.866667 18
13979 16 105 121 -0.735537 31
13980 4 84 88 -0.909091 20
13981 76 21 97 0.56701 28
13982 97 31 128 0.515625 21
13983 15 78 93 -0.677419 29
13984 21 92 113 -0.628319 30
13985 30 79 109 -0.449541 33
13986 7 110 117 -0.880342 24
13987 22 80 102 -0.568627 30
13988 15 111 126 -0.761905 24
13989 3 106 109 -0.944954 18
13990 45 64 109 -0.174312 30
13991 20 76 96 -0.583333 25
13992 4 90 94 -0.914894 20
13993 47 69 116 -0.189655 22
13994 51 33 84 0.214286 27
13995 78 35 113 0.380531 33
13996 94 28 122 0.540984 33
13997 3 109 112 -0.946429 20
13998 78 19 97 0.608247 29
13999 56 51 107 0.046729 29
14000 80 23 103 0.553398 30
14001 40 27 67 0.19403 27
14002 117 3 120 0.95 18
14003 7 85 92 -0.847826 24
14004 11 153 164 -0.865854 25
14005 9 65 74 -0.756757 18
14006 31 55 86 -0.27907 28
14007 96 15 111 0.72973 19
14008 73 7 80 0.825 25
14009 4 79 83 -0.903614 18
14010 105 7 112 0.875 25
14011 34 56 90 -0.244444 25
14012 54 36 90 0.2 29
14013 8 84 92 -0.826087 22
14014 65 48 113 0.150442 35
14015 87 9 96 0.8125 27
14016 66 32 98 0.346939 25
14017 25 107 132 -0.621212 25
14018 88 13 101 0.742574 19
14019 37 51 88 -0.159091 27
14020 12 110 122 -0.803279 27
14021 48 50 98 -0.0204082 33
14022 46 52 98 -0.0612245 33
14023 65 48 113 0.150442 27
14024 14 71 85 -0.670588 26
14025 76 37 113 0.345133 27
14026 42 70 112 -0.25 31
14027 48 40 88 0.0909091 29
14028 59 34 93 0.268817 27
14029 18 105 123 -0.707317 16
14030 19 70 89 -0.573034 25
14031 11 72 83 -0.73494 25
14032 7 100 107 -0.869159 22
14033 22 3 25 0.76 15
14034 15 98 113 -0.734513 27
14035 15 105 120 -0.75 26
14036 27 54 81 -0.333333 28
14037 13 142 155 -0.832258 23
14038 41 47 88 -0.0681818 23
14039 30 61 91 -0.340659 28
14040 120 4 124 0.935484 16
14041 12 96 108 -0.777778 27
14042 60 58 118 0.0169492 27
14043 77 52 129 0.193798 32
14044 52 31 83 0.253012 23
14045 16 50 66 -0.515152 27
14046 94 10 104 0.807692 26
14047 134 7 141 0.900709 21
14048 93 0 93 1 17
14049 27 56 83 -0.349398 26
14050 19 88 107 -0.64486 31
14051 49 45 94 0.0425532 29
14052 16 103 119 -0.731092 26
14053 58 34 92 0.26087 24
14054 54 42 96 0.125 28
14055 38 38 76 0 29
14056 131 14 145 0.806897 27
14057 51 65 116 -0.12069 27
14058 4 26 30 -0.733333 14
14059 29 64 93 -0.376344 29
14060 37 67 104 -0.288462 29
14061 5 71 76 -0.868421 21
14062 108 17 125 0.728 28
14063 68 41 109 0.247706 29
14064 65 55 120 0.0833333 28
14065 74 18 92 0.608696 29
14066 26 84 110 -0.527273 22
14067 62 42 104 0.192308 28
14068 6 113 119 -0.89916 20
14069 42 50 92 -0.0869565 27
14070 39 56 95 -0.178947 19
14071 55 24 79 0.392405 25
14072 46 45 91 0.010989 27
14073 43 47 90 -0.0444444 32
14074 53 32 85 0.247059 26
14075 64 34 98 0.306122 26
14076 79 14 93 0.698925 25
14077 26 71 97 -0.463918 30
14078 46 48 94 -0.0212766 29
14079 2 128 130 -0.969231 20
14080 91 21 112 0.625 29
14081 90 17 107 0.682243 25
14082 84 27 111 0.513514 27
14083 40 47 87 -0.0804598 26
14084 31 26 57 0.0877193 20
14085 8 111 119 -0.865546 22
14086 141 2 143 0.972028 19
14087 6 59 65 -0.815385 23
14088 42 53 95 -0.115789 27
14089 33 57 90 -0.266667 25
14090 19 96 115 -0.669565 27
14091 52 60 112 -0.0714286 29
14092 43 79 122 -0.295082 22
14093 17 56 73 -0.534247 24
14094 10 134 144 -0.861111 20
14095 68 23 91 0.494505 26
14096 73 17 90 0.622222 24
14097 96 28 124 0.548387 26
14098 8 122 130 -0.876923 21
14099 11 133 144 -0.847222 24
14100 50 59 109 -0.0825688 32
14101 29 72 101 -0.425743 27
14102 4 111 115 -0.930435 22
14103 62 34 96 0.291667 24
14104 64 14 78 0.641026 23
14105 116 14 130 0.784615 21
14106 119 5 124 0.919355 22
14107 54 29 83 0.301205 28
14108 53 47 100 0.06 31
14109 18 63 81 -0.555556 28
14110 77 17 94 0.638298 29
14111 40 62 102 -0.215686 30
14112 45 14 59 0.525424 22
14113 24 79 103 -0.533981 23
14114 102 39 141 0.446809 27
14115 24 67 91 -0.472527 26
14116 14 94 108 -0.740741 23
14117 38 68 106 -0.283019 29
14118 24 81 105 -0.542857 32
14119 36 42 78 -0.0769231 28
14120 44 18 62 0.419355 17
14121 77 23 100 0.54 24
14122 99 18 117 0.692308 25
14123 43 45 88 -0.0227273 28
14124 71 26 97 0.463918 30
14125 66 56 122 0.0819672 30
14126 77 36 113 0.362832 26
14127 126 2 128 0.96875 19
14128 51 64 115 -0.113043 26
14129 27 70 97 -0.443299 31
14130 5 112 117 -0.91453 23
14131 79 7 86 0.837209 25
14132 81 22 103 0.572816 22
14133 84 39 123 0.365854 28
14134 49 59 108 -0.0925926 27
14135 41 42 83 -0.0120482 31
14136 89 4 93 0.913978 17
14137 138 4 142 0.943662 14
14138 52 30 82 0.268293 24
14139 29 80 109 -0.46789 29
14140 73 28 101 0.445545 29
14141 15 82 97 -0.690722 28
14142 12 105 117 -0.794872 19
14143 41 48 89 -0.0786517 26
14144 61 13 74 0.648649 22
14145 23 96 119 -0.613445 24
14146 47 41 88 0.0681818 25
14147 37 23 60 0.233333 25
14148 47 36 83 0.13253 25
14149 11 116 127 -0.826772 26
14150 46 59 105 -0.12381 30
14151 26 70 96 -0.458333 25
14152 60 62 122 -0.0163934 37
14153 82 14 96 0.708333 25
14154 47 48 95 -0.0105263 30
14155 88 27 115 0.530435 32
14156 47 55 102 -0.0784314 28
14157 21 107 128 -0.671875 31
14158 75 30 105 0.428571 30
14159 62 57 119 0.0420168 27
14160 39 14 53 0.471698 18
14161 89 24 113 0.575221 26
14162 58 76 134 -0.134328 30
14163 56 26 82 0.365854 28
14164 70 29 99 0.414141 28
14165 71 17 88 0.613636 25
14166 9 100 109 -0.834862 23
14167 61 66 127 -0.0393701 31
14168 62 39 101 0.227723 25
14169 61 29 90 0.355556 21
14170 11 87 98 -0.77551 25
14171 112 20 132 0.69697 23
14172 53 40 93 0.139785 29
14173 86 22 108 0.592593 28
14174 53 56 109 -0.0275229 33
14175 84 16 100 0.68 28
14176 90 23 113 0.59292 30
14177 32 56 88 -0.272727 25
14178 4 116 120 -0.933333 15
14179 44 41 85 0.0352941 29
14180 49 31 80 0.225 29
14181 44 23 67 0.313433 27
14182 29 96 125 -0.536 25
14183 43 48 91 -0.0549451 29
14184 16 57 73 -0.561644 24
14185 28 89 117 -0.521368 27
14186 10 0 10 1 6
14187 53 35 88 0.204545 23
14188 95 7 102 0.862745 18
14189 46 33 79 0.164557 25
14190 31 62 93 -0.333333 35
14191 70 28 98 0.428571 27
14192 108 12 120 0.8 25
14193 31 37 68 -0.0882353 26
14194 26 67 93 -0.44086 29
14195 14 52 66 -0.575758 25
14196 13 105 118 -0.779661 26
14197 18 92 110 -0.672727 27
14198 51 30 81 0.259259 31
14199 20 67 87 -0.54023 22
14200 60 46 106 0.132075 31
14201 15 122 137 -0.781022 24
14202 26 47 73 -0.287671 28
14203 48 50 98 -0.0204082 26
14204 89 13 102 0.745098 25
14205 71 23 94 0.510638 25
14206 95 4 99 0.919192 22
14207 53 42 95 0.115789 24
14208 11 100 111 -0.801802 18
14209 37 46 83 -0.108434 27
14210 24 77 101 -0.524752 27
14211 43 49 92 -0.0652174 29
14212 2 93 95 -0.957895 18
14213 99 19 118 0.677966 31
14214 58 51 109 0.0642202 25
14215 19 84 103 -0.631068 22
14216 39 59 98 -0.204082 22
14217 10 98 108 -0.814815 22
14218 62 32 94 0.319149 28
14219 49 68 117 -0.162393 25
14220 28 52 80 -0.3 29
14221 37 72 109 -0.321101 30
14222 27 49 76 -0.289474 24
14223 85 21 106 0.603774 28
14224 35 85 120 -0.416667 30
14225 13 89 102 -0.745098 26
14226 42 50 92 -0.0869565 26
14227 80 38 118 0.355932 34
14228 71 26 97 0.463918 31
14229 9 52 61 -0.704918 24
14230 25 53 78 -0.358974 25
14231 111 6 117 0.897436 22
14232 16 85 101 -0.683168 25
14233 23 50 73 -0.369863 25
14234 118 7 125 0.888 19
14235 15 102 117 -0.74359 21
14236 80 8 88 0.818182 25
14237 109 6 115 0.895652 18
14238 47 57 104 -0.0961538 26
14239 6 99 105 -0.885714 23
14240 37 71 108 -0.314815 25
14241 23 49 72 -0.361111 24
14242 25 50 75 -0.333333 32
14243 55 53 108 0.0185185 27
14244 22 81 103 -0.572816 27
14245 98 16 114 0.719298 29
14246 44 34 78 0.128205 29
14247 5 52 57 -0.824561 19
14248 9 140 149 -0.879195 21
14249 17 86 103 -0.669903 27
14250 80 6 86 0.860465 21
14251 87 21 108 0.611111 30
14252 29 90 119 -0.512605 32
14253 102 20 122 0.672131 28
14254 14 78 92 -0.695652 26
14255 24 46 70 -0.314286 26
14256 12 68 80 -0.7 25
14257 43 60 103 -0.165049 31
14258 11 125 136 -0.838235 28
14259 46 47 93 -0.0107527 29
14260 52 73 125 -0.168 32
14261 80 7 87 0.83908 23
14262 67 45 112 0.196429 27
14263 33 33 66 0 26
14264 88 33 121 0.454545 34
14265 6 147 153 -0.921569 17
14266 20 38 58 -0.310345 23
14267 32 73 105 -0.390476 32
14268 68 34 102 0.333333 29
14269 26 55 81 -0.358025 25
14270 59 54 113 0.0442478 28
14271 3 125 128 -0.953125 15
14272 81 26 107 0.514019 28
14273 18 96 114 -0.684211 26
14274 48 43 91 0.0549451 27
14275 11 84 95 -0.768421 21
14276 31 72 103 -0.398058 28
14277 78 13 91 0.714286 21
14278 121 13 134 0.80597 22
14279 22 84 106 -0.584906 29
14280 30 45 75 -0.2 22
14281 91 5 96 0.895833 17
14282 66 28 94 0.404255 32
14283 79 17 96 0.645833 28
14284 25 52 77 -0.350649 27
14285 46 54 100 -0.08 25
14286 69 35 104 0.326923 28
14287 53 69 122 -0.131148 31
14288 3 126 129 -0.953488 22
14289 61 33 94 0.297872 27
14290 50 55 105 -0.047619 28
14291 42 58 100 -0.16 24
14292 30 63 93 -0.354839 28
14293 25 123 148 -0.662162 24
14294 90 35 125 0.44 29
14295 22 60 82 -0.463415 25
14296 14 84 98 -0.714286 20
14297 142 7 149 0.90604 19
14298 5 146 151 -0.933775 24
14299 33 51 84 -0.214286 28
14300 146 9 155 0.883871 22
14301 44 64 108 -0.185185 32
14302 81 17 98 0.653061 27
14303 13 96 109 -0.761468 23
14304 10 84 94 -0.787234 27
14305 61 34 95 0.284211 23
14306 73 25 98 0.489796 30
14307 24 100 124 -0.612903 26
14308 31 75 106 -0.415094 25
14309 14 102 116 -0.758621 19
14310 12 112 124 -0.806452 28
14311 35 37 72 -0.0277778 24
14312 39 58 97 -0.195876 30
14313 16 64 80 -0.6 24
14314 5 94 99 -0.89899 16
14315 47 52 99 -0.0505051 26
14316 94 10 104 0.807692 21
14317 23 100 123 -0.626016 25
14318 111 6 117 0.897436 18
14319 31 108 139 -0.553957 33
14320 10 95 105 -0.809524 14
14321 90 7 97 0.85567 16
14322 84 14 98 0.714286 28
14323 19 83 102 -0.627451 28
14324 68 38 106 0.283019 28
14325 5 113 118 -0.915254 18
14326 36 61 97 -0.257732 31
14327 70 21 91 0.538462 25
14328 129 2 131 0.969466 20
14329 16 72 88 -0.636364 24
14330 60 35 95 0.263158 28
14331 28 71 99 -0.434343 31
14332 82 34 116 0.413793 31
14333 17 142 159 -0.786164 26
14334 94 5 99 0.89899 22
14335 92 3 95 0.936842 20
14336 62 36 98 0.265306 30
14337 62 38 100 0.24 26
14338 70 27 97 0.443299 28
14339 145 10 155 0.870968 22
14340 107 4 111 0.927928 23
14341 118 19 137 0.722628 24
14342 64 16 80 0.6 22
14343 57 46 103 0.106796 24
14344 43 53 96 -0.104167 34
14345 9 90 99 -0.818182 22
14346 59 33 92 0.282609 27
14347 57 58 115 -0.00869565 35
14348 65 48 113 0.150442 29
14349 43 69 112 -0.232143 25
14350 99 3 102 0.941176 20
14351 22 89 111 -0.603604 29
14352 6 75 81 -0.851852 24
14353 78 28 106 0.471698 27
14354 74 29 103 0.436893 28
14355 11 107 118 -0.813559 23
14356 87 23 110 0.581818 22
14357 18 74 92 -0.608696 22
14358 29 49 78 -0.25641 31
14359 64 34 98 0.306122 27
14360 45 66 111 -0.189189 30
14361 3 76 79 -0.924051 20
14362 79 20 99 0.59596 23
14363 28 87 115 -0.513043 29
14364 77 21 98 0.571429 28
14365 50 34 84 0.190476 30
14366 85 25 110 0.545455 26
14367 2 111 113 -0.964602 19
14368 48 53 101 -0.049505 31
14369 11 106 117 -0.811966 27
14370 136 25 161 0.689441 27
14371 138 6 144 0.916667 19
14372 5 108 113 -0.911504 20
14373 48 72 120 -0.2 26
14374 29 65 94 -0.382979 29
14375 65 36 101 0.287129 28
14376 18 73 91 -0.604396 24
14377 68 3 71 0.915493 18
14378 93 15 108 0.722222 21
14379 63 24 87 0.448276 24
14380 75 25 100 0.5 26
14381 24 62 86 -0.44186 27
14382 88 39 127 0.385827 30
14383 38 45 83 -0.0843373 27
14384 34 70 104 -0.346154 26
14385 85 37 122 0.393443 28
14386 44 41 85 0.0352941 29
14387 15 74 89 -0.662921 24
14388 11 35 46 -0.521739 17
14389 22 84 106 -0.584906 29
14390 57 16 73 0.561644 31
14391 18 97 115 -0.686957 28
14392 65 14 79 0.64557 27
14393 37 75 112 -0.339286 23
14394 11 64 75 -0.706667 24
14395 103 4 107 0.925234 20
14396 34 73 107 -0.364486 30
14397 105 6 111 0.891892 17
14398 64 35 99 0.292929 32
14399 43 56 99 -0.131313 29
14400 16 57 73 -0.561644 26
14401 11 97 108 -0.796296 26
14402 13 80 93 -0.72043 26
14403 26 85 111 -0.531532 30
14404 39 67 106 -0.264151 27
14405 52 41 93 0.11828 32
14406 16 95 111 -0.711712 28
14407 66 51 117 0.128205 29
14408 76 14 90 0.688889 22
14409 73 6 79 0.848101 21
14410 18 110 128 -0.71875 27
14411 53 46 99 0.0707071 28
14412 42 51 93 -0.0967742 29
14413 102 3 105 0.942857 17
14414 17 77 94 -0.638298 27
14415 50 49 99 0.010101 25
14416 28 44 72 -0.222222 27
14417 5 108 113 -0.911504 22
14418 60 34 94 0.276596 29
14419 168 3 171 0.964912 12
14420 63 39 102 0.235294 28
14421 52 40 92 0.130435 26
14422 65 34 99 0.313131 30
14423 40 75 115 -0.304348 27
14424 76 35 111 0.369369 30
14425 23 78 101 -0.544554 27
14426 51 30 81 0.259259 28
14427 116 2 118 0.966102 16
14428 30 72 102 -0.411765 29
14429 63 35 98 0.285714 25
14430 16 84 100 -0.68 24
14431 69 13 82 0.682927 23
14432 103 18 121 0.702479 20
14433 40 61 101 -0.207921 30
14434 92 23 115 0.6 28
14435 5 102 107 -0.906542 23
14436 71 41 112 0.267857 31
14437 105 5 110 0.909091 23
14438 43 59 102 -0.156863 28
14439 49 45 94 0.0425532 28
14440 99 24 123 0.609756 32
14441 41 52 93 -0.11828 22
14442 27 87 114 -0.526316 29
14443 22 71 93 -0.526882 23
14444 31 80 111 -0.441441 29
14445 123 11 134 0.835821 21
14446 78 40 118 0.322034 26
14447 83 6 89 0.865169 23
14448 5 104 109 -0.908257 21
14449 28 23 51 0.0980392 22
14450 97 16 113 0.716814 26
14451 15 112 127 -0.76378 27
14452 66 29 95 0.389474 27
14453 50 34 84 0.190476 33
14454 10 143 153 -0.869281 23
14455 52 51 103 0.00970874 35
14456 113 9 122 0.852459 24
14457 31 57 88 -0.295455 28
14458 28 70 98 -0.428571 25
14459 75 37 112 0.339286 32
14460 8 102 110 -0.854545 22
14461 70 14 84 0.666667 16
14462 105 19 124 0.693548 30
14463 37 69 106 -0.301887 26
14464 31 40 71 -0.126761 28
14465 42 32 74 0.135135 27
14466 42 53 95 -0.115789 30
14467 5 127 132 -0.924242 19
14468 21 52 73 -0.424658 20
14469 108 10 118 0.830508 19
14470 76 30 106 0.433962 24
14471 2 119 121 -0.966942 18
14472 34 50 84 -0.190476 26
14473 63 34 97 0.298969 33
14474 103 6 109 0.889908 24
14475 11 137 148 -0.851351 23
14476 65 32 97 0.340206 30
14477 30 41 71 -0.15493 21
14478 84 39 123 0.365854 35
14479 25 81 106 -0.528302 23
14480 66 17 83 0.590361 22
14481 10 66 76 -0.736842 25
14482 57 45 102 0.117647 30
14483 68 47 115 0.182609 32
14484 7 116 123 -0.886179 18
14485 7 93 100 -0.86 22
14486 76 57 133 0.142857 30
14487 18 20 38 -0.0526316 18
14488 14 120 134 -0.791045 30
14489 92 32 124 0.483871 29
14490 35 66 101 -0.306931 27
14491 6 58 64 -0.8125 20
14492 41 78 119 -0.310924 32
14493 83 17 100 0.66 28
14494 41 63 104 -0.211538 27
14495 26 78 104 -0.5 33
14496 97 21 118 0.644068 26
14497 2 113 115 -0.965217 17
14498 91 18 109 0.669725 26
14499 69 26 95 0.452632 29
14500 40 64 104 -0.230769 29
14501 5 87 92 -0.891304 22
14502 57 20 77 0.480519 30
14503 80 14 94 0.702128 26
14504 58 46 104 0.115385 28
14505 99 11 110 0.8 21
14506 4 120 124 -0.935484 21
14507 48 72 120 -0.2 37
14508 49 40 89 0.101124 24
14509 78 21 99 0.575758 24
14510 48 35 83 0.156627 31
14511 23 18 41 0.121951 23
14512 16 110 126 -0.746032 28
14513 41 62 103 -0.203883 28
14514 13 44 57 -0.54386 25
14515 30 34 64 -0.0625 19
14516 116 9 125 0.856 16
14517 18 105 123 -0.707317 27
14518 44 55 99 -0.111111 31
14519 61 25 86 0.418605 30
14520 57 50 107 0.0654206 33
14521 10 122 132 -0.848485 24
14522 40 35 75 0.0666667 25
14523 34 95 129 -0.472868 24
14524 29 67 96 -0.395833 31
14525 8 118 126 -0.873016 25
14526 55 15 70 0.571429 24
14527 77 38 115 0.33913 28
14528 51 14 65 0.569231 24
14529 31 57 88 -0.295455 30
14530 49 45 94 0.0425532 27
14531 104 11 115 0.808696 27
14532 3 89 92 -0.934783 19
14533 28 74 102 -0.45098 23
14534 31 97 128 -0.515625 29
14535 67 46 113 0.185841 28
14536 30 83 113 -0.469027 24
14537 76 12 88 0.727273 26
14538 47 52 99 -0.0505051 27
14539 26 63 89 -0.41573 32
14540 86 2 88 0.954545 20
14541 30 58 88 -0.318182 28
14542 68 11 79 0.721519 26
14543 92 18 110 0.672727 30
14544 52 64 116 -0.103448 29
14545 50 72 122 -0.180328 33
14546 19 103 122 -0.688525 19
14547 94 18 112 0.678571 27
14548 82 27 109 0.504587 19
14549 27 63 90 -0.4 24
14550 8 147 155 -0.896774 22
14551 24 84 108 -0.555556 29
14552 70 53 123 0.138211 33
14553 54 52 106 0.0188679 31
14554 35 67 102 -0.313725 26
14555 68 16 84 0.619048 27
14556 43 58 101 -0.148515 35
14557 44 42 86 0.0232558 30
14558 121 26 147 0.646259 24
14559 82 11 93 0.763441 25
14560 57 50 107 0.0654206 31
14561 8 93 101 -0.841584 20
14562 77 6 83 0.855422 23
14563 27 60 87 -0.37931 25
14564 20 95 115 -0.652174 26
14565 57 54 111 0.027027 30
14566 18 84 102 -0.647059 28
14567 58 58 116 0 35
14568 66 58 124 0.0645161 32
14569 21 108 129 -0.674419 28
14570 81 45 126 0.285714 34
14571 90 22 112 0.607143 25
14572 12 96 108 -0.777778 28
14573 98 23 121 0.619835 28
14574 102 5 107 0.906542 23
14575 21 97 118 -0.644068 26
14576 98 8 106 0.849057 23
14577 16 86 102 -0.686275 27
14578 23 60 83 -0.445783 30
14579 46 46 92 0 28
14580 97 8 105 0.847619 25
14581 11 84 95 -0.768421 23
14582 39 45 84 -0.0714286 28
14583 97 9 106 0.830189 25
14584 98 4 102 0.921569 21
14585 81 22 103 0.572816 25
14586 23 64 87 -0.471264 28
14587 90 8 98 0.836735 23
14588 13 89 102 -0.745098 27
14589 44 44 88 0 21
14590 86 25 111 0.54955 26
14591 77 22 99 0.555556 30
14592 27 81 108 -0.5 19
14593 9 130 139 -0.870504 19
14594 30 38 68 -0.117647 26
14595 29 71 100 -0.42 23
14596 27 51 78 -0.307692 25
14597 91 42 133 0.368421 31
14598 65 35 100 0.3 34
14599 19 81 100 -0.62 25
14600 122 5 127 0.92126 23
14601 12 59 71 -0.661972 25
14602 26 95 121 -0.570248 23
14603 62 49 111 0.117117 28
14604 10 110 120 -0.833333 22
14605 50 57 107 -0.0654206 25
14606 29 71 100 -0.42 30
14607 42 32 74 0.135135 30
14608 54 34 88 0.227273 29
14609 134 5 139 0.928058 16
14610 35 41 76 -0.0789474 25
14611 23 63 86 -0.465116 28
14612 8 133 141 -0.886525 24
14613 25 79 104 -0.519231 26
14614 56 36 92 0.217391 28
14615 69 19 88 0.568182 28
14616 50 64 114 -0.122807 29
14617 51 30 81 0.259259 27
14618 90 20 110 0.636364 29
14619 65 45 110 0.181818 29
14620 19 89 108 -0.648148 25
14621 5 70 75 -0.866667 22
14622 118 1 119 0.983193 20
14623 31 51 82 -0.243902 27
14624 68 27 95 0.431579 32
14625 24 98 122 -0.606557 26
14626 9 94 103 -0.825243 24
14627 4 127 131 -0.938931 23
14628 80 39 119 0.344538 32
14629 102 27 129 0.581395 30
14630 13 103 116 -0.775862 21
14631 28 72 100 -0.44 28
14632 48 42 90 0.0666667 26
14633 26 69 95 -0.452632 30
14634 64 54 118 0.0847458 35
14635 41 6 47 0.744681 15
14636 9 81 90 -0.8 23
14637 51 50 101 0.00990099 29
14638 21 77 98 -0.571429 30
14639 97 32 129 0.503876 26
14640 17 70 87 -0.609195 23
14641 87 7 94 0.851064 23
14642 93 9 102 0.823529 23
14643 7 158 165 -0.915152 19
14644 86 24 110 0.563636 29
14645 45 27 72 0.25 18
14646 51 42 93 0.0967742 31
14647 28 29 57 -0.0175439 26
14648 13 71 84 -0.690476 25
14649 39 71 110 -0.290909 25
14650 23 34 57 -0.192982 23
14651 96 34 130 0.476923 30
14652 91 17 108 0.685185 26
14653 51 34 85 0.2 23
14654 102 13 115 0.773913 24
14655 108 3 111 0.945946 18
14656 26 121 147 -0.646259 27
14657 24 50 74 -0.351351 30
14658 69 42 111 0.243243 31
14659 64 29 93 0.376344 29
14660 91 10 101 0.80198 25
14661 92 11 103 0.786408 26
14662 60 35 95 0.263158 28
14663 49 44 93 0.0537634 33
14664 36 63 99 -0.272727 30
14665 8 122 130 -0.876923 25
14666 36 57 93 -0.225806 32
14667 107 12 119 0.798319 29
14668 56 41 97 0.154639 33
14669 72 31 103 0.398058 27
14670 67 53 120 0.116667 34
14671 63 26 89 0.41573 25
14672 143 2 145 0.972414 12
14673 95 38 133 0.428571 25
14674 41 50 91 -0.0989011 27
14675 99 14 113 0.752212 20
14676 78 27 105 0.485714 24
14677 10 111 121 -0.834711 26
14678 52 41 93 0.11828 25
14679 47 60 107 -0.121495 33
14680 20 37 57 -0.298246 24
14681 83 27 110 0.509091 32
14682 74 19 93 0.591398 25
14683 64 45 109 0.174312 26
14684 1 91 92 -0.978261 14
14685 62 18 80 0.55 27
14686 44 58 102 -0.137255 26
14687 72 25 97 0.484536 25
14688 52 3 55 0.890909 18
14689 53 10 63 0.68254 26
14690 101 27 128 0.578125 26
14691 13 141 154 -0.831169 20
14692 29 85 114 -0.491228 23
14693 84 6 90 0.866667 20
14694 81 39 120 0.35 27
14695 42 69 111 -0.243243 31
14696 18 73 91 -0.604396 31
14697 80 18 98 0.632653 23
14698 43 24 67 0.283582 25
14699 16 89 105 -0.695238 26
14700 50 53 103 -0.0291262 31
14701 66 41 107 0.233645 32
14702 88 7 95 0.852632 26
14703 87 14 101 0.722772 28
14704 27 69 96 -0.4375 29
14705 130 7 137 0.89781 22
14706 57 8 65 0.753846 24
14707 52 75 127 -0.181102 33
14708 41 67 108 -0.240741 30
14709 38 68 106 -0.283019 30
14710 50 62 112 -0.107143 29
14711 10 133 143 -0.86014 25
14712 42 62 104 -0.192308 27
14713 23 83 106 -0.566038 29
14714 21 65 86 -0.511628 23
14715 88 10 98 0.795918 26
14716 114 5 119 0.915966 17
14717 83 18 101 0.643564 27
14718 44 43 87 0.0114943 31
14719 75 6 81 0.851852 17
14720 42 55 97 -0.134021 29
14721 50 31 81 0.234568 20
14722 139 4 143 0.944056 17
14723 112 11 123 0.821138 25
14724 44 48 92 -0.0434783 23
14725 99 4 103 0.92233 19
14726 15 69 84 -0.642857 28
14727 68 3 71 0.915493 7
14728 7 81 88 -0.840909 21
14729 11 116 127 -0.826772 19
14730 62 65 127 -0.023622 36
14731 7 108 115 -0.878261 24
14732 17 71 88 -0.613636 30
14733 21 80 101 -0.584158 18
14734 72 25 97 0.484536 26
14735 8 64 72 -0.777778 21
14736 16 107 123 -0.739837 27
14737 92 6 98 0.877551 22
14738 35 39 74 -0.0540541 28
14739 56 54 110 0.0181818 32
14740 13 51 64 -0.59375 25
14741 119 9 128 0.859375 23
14742 9 54 63 -0.714286 19
14743 5 81 86 -0.883721 20
14744 57 53 110 0.0363636 34
14745 15 76 91 -0.67033 24
14746 107 10 117 0.82906 25
14747 6 69 75 -0.84 23
14748 55 38 93 0.182796 34
14749 79 14 93 0.698925 23
14750 15 76 91 -0.67033 29
14751 10 14 24 -0.166667 12
14752 88 16 104 0.692308 20
14753 6 101 107 -0.88785 18
14754 84 24 108 0.555556 28
14755 18 104 122 -0.704918 25
14756 75 11 86 0.744186 23
14757 73 20 93 0.569892 22
14758 26 61 87 -0.402299 27
14759 96 5 101 0.90099 21
14760 10 90 100 -0.8 24
14761 22 72 94 -0.531915 28
14762 77 46 123 0.252033 33
14763 75 19 94 0.595745 30
14764 77 35 112 0.375 31
14765 7 102 109 -0.87156 25
14766 62 31 93 0.333333 32
14767 77 23 100 0.54 31
14768 72 49 121 0.190083 33
14769 18 69 87 -0.586207 26
14770 86 38 124 0.387097 27
14771 27 68 95 -0.431579 30
14772 18 73 91 -0.604396 25
14773 91 25 116 0.568966 23
14774 23 75 98 -0.530612 29
14775 4 73 77 -0.896104 11
14776 59 52 111 0.0630631 29
14777 32 58 90 -0.288889 31
14778 36 61 97 -0.257732 20
14779 72 35 107 0.345794 33
14780 6 91 97 -0.876289 24
14781 35 81 116 -0.396552 30
14782 79 25 104 0.519231 29
14783 63 41 104 0.211538 26
14784 66 37 103 0.281553 30
14785 48 27 75 0.28 28
14786 42 52 94 -0.106383 31
14787 68 41 109 0.247706 30
14788 27 79 106 -0.490566 30
14789 5 109 114 -0.912281 22
14790 44 40 84 0.047619 32
14791 37 47 84 -0.119048 32
14792 84 6 90 0.866667 22
14793 55 33 88 0.25 28
14794 34 39 73 -0.0684932 29
14795 102 2 104 0.961538 18
14796 9 109 118 -0.847458 23
14797 6 102 108 -0.888889 24
14798 28 71 99 -0.434343 24
14799 48 9 57 0.684211 25
14800 42 29 71 0.183099 25
14801 9 104 113 -0.840708 22
14802 55 58 113 -0.0265487 26
14803 99 27 126 0.571429 29
14804 78 42 120 0.3 31
14805 56 53 109 0.0275229 30
14806 55 22 77 0.428571 20
14807 58 50 108 0.0740741 30
14808 64 36 100 0.28 27
14809 77 41 118 0.305085 30
14810 62 12 74 0.675676 19
14811 51 59 110 -0.0727273 24
14812 107 11 118 0.813559 24
14813 15 58 73 -0.589041 26
14814 38 67 105 -0.27619 25
14815 129 2 131 0.969466 15
14816 74 43 117 0.264957 30
14817 65 21 86 0.511628 26
14818 13 102 115 -0.773913 22
14819 41 51 92 -0.108696 28
14820 58 29 87 0.333333 26
14821 106 5 111 0.90991 21
14822 123 10 133 0.849624 17
14823 40 53 93 -0.139785 29
14824 24 37 61 -0.213115 25
14825 6 77 83 -0.855422 24
14826 25 119 144 -0.652778 28
14827 22 71 93 -0.526882 25
14828 37 47 84 -0.119048 23
14829 117 18 135 0.733333 26
14830 4 97 101 -0.920792 21
14831 50 36 86 0.162791 26
14832 53 25 78 0.358974 23
14833 46 19 65 0.415385 21
14834 113 7 120 0.883333 23
14835 47 44 91 0.032967 28
14836 26 60 86 -0.395349 25
14837 36 54 90 -0.2 24
14838 23 61 84 -0.452381 26
14839 85 13 98 0.734694 24
14840 52 81 133 -0.218045 30
14841 71 13 84 0.690476 27
14842 96 17 113 0.699115 28
14843 84 28 112 0.5 26
14844 72 32 104 0.384615 29
14845 78 13 91 0.714286 25
14846 83 33 116 0.431034 27
14847 54 26 80 0.35 24
14848 105 26 131 0.603053 31
14849 19 83 102 -0.627451 25
14850 33 37 70 -0.0571429 26
14851 93 11 104 0.788462 25
14852 12 107 119 -0.798319 22
14853 18 64 82 -0.560976 26
14854 83 8 91 0.824176 23
14855 19 45 64 -0.40625 24
14856 87 6 93 0.870968 22
14857 84 20 104 0.615385 29
14858 64 43 107 0.196262 32
14859 1 11 12 -0.833333 5
14860 32 47 79 -0.189873 31
14861 69 20 89 0.550562 25
14862 27 49 76 -0.289474 21
14863 17 115 132 -0.742424 26
14864 60 9 69 0.73913 26
14865 74 26 100 0.48 22
14866 120 9 129 0.860465 23
14867 53 43 96 0.104167 26
14868 1 39 40 -0.95 14
14869 145 6 151 0.92053 19
14870 61 43 104 0.173077 30
14871 58 20 78 0.487179 22
14872 82 12 94 0.744681 22
14873 22 107 129 -0.658915 31
14874 56 38 94 0.191489 29
14875 15 74 89 -0.662921 29
14876 99 18 117 0.692308 31
14877 38 52 90 -0.155556 33
14878 49 79 128 -0.234375 30
14879 134 11 145 0.848276 16
14880 121 15 136 0.779412 24
14881 37 54 91 -0.186813 29
14882 50 46 96 0.0416667 32
14883 44 47 91 -0.032967 35
14884 5 88 93 -0.892473 21
14885 27 66 93 -0.419355 33
14886 9 96 105 -0.828571 24
14887 11 102 113 -0.80531 27
14888 22 107 129 -0.658915 32
14889 23 82 105 -0.561905 21
14890 27 59 86 -0.372093 30
14891 81 11 92 0.76087 25
14892 57 39 96 0.1875 28
14893 59 38 97 0.216495 21
14894 24 77 101 -0.524752 30
14895 71 46 117 0.213675 30
14896 51 55 106 -0.0377358 27
14897 83 19 102 0.627451 30
14898 41 92 133 -0.383459 32
14899 102 12 114 0.789474 22
14900 68 22 90 0.511111 24
14901 63 42 105 0.2 34
14902 96 21 117 0.641026 27
14903 75 38 113 0.327434 26
14904 89 36 125 0.424 30
14905 12 102 114 -0.789474 23
14906 18 92 110 -0.672727 25
14907 82 20 102 0.607843 17
14908 65 32 97 0.340206 26
14909 33 70 103 -0.359223 26
14910 54 18 72 0.5 27
14911 58 40 98 0.183673 30
14912 15 114 129 -0.767442 23
14913 8 106 114 -0.859649 22
14914 8 81 89 -0.820225 23
14915 55 59 114 -0.0350877 33
14916 14 88 102 -0.72549 25
14917 42 55 97 -0.134021 26
14918 37 55 92 -0.195652 33
14919 69 18 87 0.586207 21
14920 85 22 107 0.588785 26
14921 35 58 93 -0.247312 28
14922 63 22 85 0.482353 26
14923 78 6 84 0.857143 20
14924 83 17 100 0.66 23
14925 80 11 91 0.758242 28
14926 18 90 108 -0.666667 19
14927 43 70 113 -0.238938 34
14928 23 87 110 -0.581818 26
14929 20 89 109 -0.633028 28
14930 71 22 93 0.526882 28
14931 51 57 108 -0.0555556 31
14932 19 82 101 -0.623762 27
14933 18 113 131 -0.725191 27
14934 13 82 95 -0.726316 23
14935 63 33 96 0.3125 30
14936 51 46 97 0.0515464 28
14937 66 23 89 0.483146 26
14938 20 76 96 -0.583333 24
14939 55 44 99 0.111111 26
14940 14 106 120 -0.766667 29
14941 41 42 83 -0.0120482 27
14942 79 23 102 0.54902 29
14943 135 7 142 0.901408 20
14944 7 140 147 -0.904762 21
14945 35 26 61 0.147541 22
14946 97 30 127 0.527559 28
14947 42 37 79 0.0632911 25
14948 89 4 93 0.913978 13
14949 23 65 88 -0.477273 25
14950 55 35 90 0.222222 31
14951 84 9 93 0.806452 22
14952 59 32 91 0.296703 35
14953 79 21 100 0.58 25
14954 73 19 92 0.586957 27
14955 30 72 102 -0.411765 22
14956 72 42 114 0.263158 30
14957 7 42 49 -0.714286 18
14958 67 36 103 0.300971 24
14959 96 36 132 0.454545 28
14960 20 22 42 -0.047619 19
14961 55 42 97 0.134021 25
14962 2 87 89 -0.955056 16
14963 149 7 156 0.910256 18
14964 7 145 152 -0.907895 18
14965 23 85 108 -0.574074 21
14966 76 48 124 0.225806 31
14967 140 4 144 0.944444 12
14968 84 17 101 0.663366 26
14969 86 20 106 0.622642 30
14970 65 27 92 0.413043 23
14971 24 94 118 -0.59322 25
14972 69 12 81 0.703704 24
14973 39 86 125 -0.376 33
14974 55 45 100 0.1 28
14975 92 10 102 0.803922 22
14976 70 30 100 0.4 23
14977 78 28 106 0.471698 31
14978 130 9 139 0.870504 23
14979 34 87 121 -0.438017 32
14980 79 13 92 0.717391 26
14981 51 22 73 0.39726 23
14982 10 111 121 -0.834711 23
14983 95 5 100 0.9 17
14984 22 69 91 -0.516484 27
14985 61 46 107 0.140187 25
14986 36 86 122 -0.409836 32
14987 48 60 108 -0.111111 28
14988 13 59 72 -0.638889 27
14989 45 74 119 -0.243697 29
14990 77 7 84 0.833333 20
14991 90 17 107 0.682243 28
14992 19 89 108 -0.648148 30
14993 43 52 95 -0.0947368 18
14994 73 17 90 0.622222 28
14995 49 56 105 -0.0666667 29
14996 81 32 113 0.433628 27
14997 74 10 84 0.761905 27
14998 44 61 105 -0.161905 32
14999 56 67 123 -0.0894309 35
15000 13 99 112 -0.767857 24
15001 89 17 106 0.679245 29
15002 58 45 103 0.126214 29
15003 102 24 126 0.619048 27
15004 64 17 81 0.580247 22
15005 2 123 125 -0.968 20
15006 46 3 49 0.877551 18
15007 4 104 108 -0.925926 17
15008 8 64 72 -0.777778 22
15009 31 79 110 -0.436364 24
15010 28 62 90 -0.377778 24
15011 36 66 102 -0.294118 21
15012 39 54 93 -0.16129 29
15013 50 37 87 0.149425 29
15014 42 66 108 -0.222222 29
15015 46 61 107 -0.140187 31
15016 68 48 116 0.172414 29
15017 33 74 107 -0.383178 30
15018 139 7 146 0.90411 24
15019 89 25 114 0.561404 27
15020 11 98 109 -0.798165 26
15021 78 8 86 0.813953 25
15022 6 88 94 -0.87234 22
15023 47 31 78 0.205128 28
15024 22 89 111 -0.603604 26
15025 16 52 68 -0.529412 24
15026 21 59 80 -0.475 21
15027 103 4 107 0.925234 21
15028 108 28 136 0.588235 26
15029 52 45 97 0.0721649 33
15030 148 9 157 0.88535 22
15031 22 101 123 -0.642276 21
15032 20 96 116 -0.655172 27
15033 50 32 82 0.219512 29
15034 19 62 81 -0.530864 30
15035 13 123 136 -0.808824 27
15036 69 41 110 0.254545 23
15037 3 105 108 -0.944444 20
15038 65 46 111 0.171171 31
15039 17 106 123 -0.723577 23
15040 28 34 62 -0.0967742 25
15041 50 38 88 0.136364 26
15042 78 8 86 0.813953 25
15043 4 99 103 -0.92233 21
15044 38 72 110 -0.309091 30
15045 44 44 88 0 31
15046 16 85 101 -0.683168 19
15047 5 89 94 -0.893617 22
15048 16 81 97 -0.670103 26
15049 106 25 131 0.618321 25
15050 56 60 116 -0.0344828 29
15051 69 12 81 0.703704 24
15052 16 93 109 -0.706422 26
15053 8 114 122 -0.868852 22
15054 60 30 90 0.333333 26
15055 44 54 98 -0.102041 27
15056 32 59 91 -0.296703 25
15057 89 17 106 0.679245 27
15058 57 30 87 0.310345 26
15059 11 144 155 -0.858065 18
15060 67 43 110 0.218182 32
15061 84 18 102 0.647059 25
15062 3 67 70 -0.914286 18
15063 79 17 96 0.645833 27
15064 60 13 73 0.643836 21
15065 78 13 91 0.714286 25
15066 64 44 108 0.185185 25
15067 44 49 93 -0.0537634 30
15068 70 16 86 0.627907 25
15069 7 94 101 -0.861386 25
15070 27 62 89 -0.393258 27
15071 102 12 114 0.789474 28
15072 23 89 112 -0.589286 31
15073 36 53 89 -0.191011 21
15074 86 38 124 0.387097 25
15075 47 41 88 0.0681818 36
15076 61 54 115 0.0608696 26
15077 47 59 106 -0.113208 25
15078 115 9 124 0.854839 26
15079 77 22 99 0.555556 24
15080 16 111 127 -0.748031 19
15081 70 29 99 0.414141 24
15082 11 89 100 -0.78 25
15083 27 118 145 -0.627586 31
15084 136 8 144 0.888889 25
15085 76 29 105 0.447619 31
15086 41 65 106 -0.226415 30
15087 34 70 104 -0.346154 32
15088 4 94 98 -0.918367 21
15089 64 22 86 0.488372 23
15090 24 80 104 -0.538462 28
15091 23 70 93 -0.505376 31
15092 31 68 99 -0.373737 30
15093 97 17 114 0.701754 27
15094 112 5 117 0.91453 21
15095 1 83 84 -0.97619 18
15096 75 11 86 0.744186 25
15097 49 26 75 0.306667 26
15098 115 18 133 0.729323 25
15099 65 33 98 0.326531 31
15100 68 27 95 0.431579 26
15101 109 7 116 0.87931 23
15102 5 94 99 -0.89899 23
15103 12 9 21 0.142857 14
15104 124 16 140 0.771429 20
15105 54 28 82 0.317073 25
15106 59 35 94 0.255319 26
15107 27 84 111 -0.513514 29
15108 52 53 105 -0.00952381 31
15109 65 17 82 0.585366 27
15110 99 25 124 0.596774 30
15111 72 30 102 0.411765 31
15112 71 7 78 0.820513 22
15113 17 106 123 -0.723577 25
15114 7 127 134 -0.895522 25
15115 67 30 97 0.381443 27
15116 11 71 82 -0.731707 27
15117 51 72 123 -0.170732 33
15118 21 93 114 -0.631579 23
15119 106 11 117 0.811966 27
15120 100 18 118 0.694915 25
15121 48 40 88 0.0909091 22
15122 14 87 101 -0.722772 23
15123 14 90 104 -0.730769 25
15124 49 44 93 0.0537634 28
15125 51 54 105 -0.0285714 25
15126 88 25 113 0.557522 29
15127 17 72 89 -0.617978 27
15128 44 76 120 -0.266667 28
15129 54 35 89 0.213483 31
15130 10 85 95 -0.789474 27
15131 56 58 114 -0.0175439 34
15132 38 53 91 -0.164835 27
15133 95 19 114 0.666667 21
15134 68 38 106 0.283019 27
15135 76 21 97 0.56701 26
15136 95 16 111 0.711712 26
15137 90 19 109 0.651376 26
15138 73 22 95 0.536842 30
15139 58 42 100 0.16 30
15140 10 88 98 -0.795918 24
15141 54 37 91 0.186813 30
15142 93 36 129 0.44186 31
15143 39 66 105 -0.257143 34
15144 102 7 109 0.87156 24
15145 26 30 56 -0.0714286 25
15146 57 34 91 0.252747 26
15147 58 50 108 0.0740741 33
15148 84 33 117 0.435897 27
15149 98 17 115 0.704348 24
15150 12 92 104 -0.769231 27
15151 41 50 91 -0.0989011 28
15152 83 34 117 0.418803 24
15153 65 44 109 0.192661 28
15154 56 20 76 0.473684 28
15155 16 162 178 -0.820225 26
15156 85 27 112 0.517857 33
15157 1 82 83 -0.975904 14
15158 30 67 97 -0.381443 32
15159 57 33 90 0.266667 25
15160 51 54 105 -0.0285714 32
15161 103 5 108 0.907407 24
15162 15 73 88 -0.659091 28
15163 58 31 89 0.303371 26
15164 100 32 132 0.515152 30
15165 24 81 105 -0.542857 28
15166 0 50 50 -1 6
15167 38 14 52 0.461538 21
15168 57 26 83 0.373494 30
15169 50 73 123 -0.186992 31
15170 43 47 90 -0.0444444 29
15171 70 24 94 0.489362 23
15172 38 49 87 -0.126437 25
15173 24 83 107 -0.551402 22
15174 45 47 92 -0.0217391 26
15175 53 52 105 0.00952381 33
15176 40 55 95 -0.157895 33
15177 21 85 106 -0.603774 29
15178 93 11 104 0.788462 28
15179 56 8 64 0.75 19
15180 7 120 127 -0.889764 21
15181 87 26 113 0.539823 32
15182 2 108 110 -0.963636 19
15183 64 27 91 0.406593 28
15184 110 11 121 0.818182 24
15185 88 6 94 0.87234 23
15186 102 4 106 0.924528 20
15187 91 39 130 0.4 29
15188 112 17 129 0.736434 27
15189 38 57 95 -0.2 27
15190 15 42 57 -0.473684 22
15191 15 64 79 -0.620253 27
15192 37 58 95 -0.221053 28
15193 60 41 101 0.188119 29
15194 8 125 133 -0.879699 15
15195 7 66 73 -0.808219 24
15196 105 9 114 0.842105 20
15197 116 10 126 0.84127 23
15198 6 112 118 -0.898305 20
15199 13 79 92 -0.717391 21
15200 5 143 148 -0.932432 17
15201 60 48 108 0.111111 33
15202 63 22 85 0.482353 31
15203 40 80 120 -0.333333 27
15204 10 97 107 -0.813084 14
15205 68 22 90 0.511111 29
15206 36 40 76 -0.0526316 32
15207 44 71 115 -0.234783 28
15208 5 117 122 -0.918033 22
15209 58 49 107 0.0841121 29
15210 150 4 154 0.948052 17
15211 19 73 92 -0.586957 25
15212 71 36 107 0.327103 31
15213 111 6 117 0.897436 21
15214 41 44 85 -0.0352941 26
15215 86 32 118 0.457627 29
15216 54 46 100 0.08 32
15217 6 70 76 -0.842105 22
15218 34 45 79 -0.139241 27
15219 5 16 21 -0.52381 15
15220 100 28 128 0.5625 26
15221 20 75 95 -0.578947 26
15222 54 13 67 0.61194 25
15223 13 66 79 -0.670886 22
15224 36 69 105 -0.314286 24
15225 22 75 97 -0.546392 25
15226 46 61 107 -0.140187 30
15227 21 100 121 -0.652893 26
15228 38 46 84 -0.0952381 29
15229 38 53 91 -0.164835 28
15230 10 135 145 -0.862069 15
15231 62 22 84 0.47619 24
15232 53 71 124 -0.145161 28
15233 55 20 75 0.466667 22
15234 49 40 89 0.101124 30
15235 17 66 83 -0.590361 28
15236 41 57 98 -0.163265 27
15237 11 46 57 -0.614035 27
15238 21 62 83 -0.493976 26
15239 53 42 95 0.115789 30
15240 61 46 107 0.140187 28
15241 15 72 87 -0.655172 27
15242 16 70 86 -0.627907 27
15243 138 12 150 0.84 24
15244 115 12 127 0.811024 23
15245 66 68 134 -0.0149254 24
15246 15 46 61 -0.508197 20
15247 56 32 88 0.272727 23
15248 80 32 112 0.428571 30
15249 68 23 91 0.494505 21
15250 28 80 108 -0.481481 27
15251 27 75 102 -0.470588 32
15252 62 21 83 0.493976 21
15253 45 26 71 0.267606 28
15254 2 95 97 -0.958763 21
15255 49 19 68 0.441176 27
15256 104 19 123 0.691057 25
15257 14 99 113 -0.752212 26
15258 44 53 97 -0.0927835 29
15259 127 2 129 0.968992 16
15260 10 99 109 -0.816514 25
15261 50 41 91 0.0989011 27
15262 66 35 101 0.306931 27
15263 62 42 104 0.192308 27
15264 76 16 92 0.652174 25
15265 72 23 95 0.515789 29
15266 67 20 87 0.54023 27
15267 37 35 72 0.0277778 26
15268 87 19 106 0.641509 25
15269 68 33 101 0.346535 28
15270 38 57 95 -0.2 30
15271 50 27 77 0.298701 26
15272 44 41 85 0.0352941 30
15273 39 40 79 -0.0126582 25
15274 113 12 125 0.808 21
15275 22 70 92 -0.521739 27
15276 50 78 128 -0.21875 30
15277 106 21 127 0.669291 31
15278 36 59 95 -0.242105 24
15279 135 11 146 0.849315 20
15280 38 64 102 -0.254902 28
15281 46 52 98 -0.0612245 30
15282 66 41 107 0.233645 20
15283 118 9 127 0.858268 24
15284 108 5 113 0.911504 17
15285 18 127 145 -0.751724 28
15286 56 9 65 0.723077 21
15287 88 14 102 0.72549 25
15288 28 45 73 -0.232877 22
15289 98 18 116 0.689655 26
15290 70 22 92 0.521739 27
15291 65 22 87 0.494253 26
15292 28 77 105 -0.466667 28
15293 59 51 110 0.0727273 34
15294 109 17 126 0.730159 25
15295 9 110 119 -0.848739 24
15296 72 26 98 0.469388 27
15297 72 18 90 0.6 30
15298 50 66 116 -0.137931 28
15299 17 84 101 -0.663366 31
15300 60 16 76 0.578947 27
15301 41 59 100 -0.18 27
15302 25 82 107 -0.53271 25
15303 17 80 97 -0.649485 28
15304 59 57 116 0.0172414 31
15305 18 112 130 -0.723077 22
15306 82 33 115 0.426087 28
15307 62 19 81 0.530864 26
15308 52 14 66 0.575758 22
15309 61 24 85 0.435294 25
15310 24 125 149 -0.677852 27
15311 16 125 141 -0.77305 27
15312 91 21 112 0.625 30
15313 48 46 94 0.0212766 25
15314 3 124 127 -0.952756 13
15315 54 51 105 0.0285714 26
15316 60 71 131 -0.0839695 34
15317 44 48 92 -0.0434783 27
15318 32 88 120 -0.466667 29
15319 2 95 97 -0.958763 21
15320 21 76 97 -0.56701 21
15321 77 48 125 0.232 33
15322 4 53 57 -0.859649 13
15323 12 103 115 -0.791304 17
15324 130 3 133 0.954887 18
15325 10 84 94 -0.787234 23
15326 8 106 114 -0.859649 23
15327 69 69 138 0 32
15328 28 13 41 0.365854 15
15329 47 58 105 -0.104762 21
15330 14 70 84 -0.666667 25
15331 9 77 86 -0.790698 24
15332 41 49 90 -0.0888889 25
15333 69 12 81 0.703704 24
15334 16 97 113 -0.716814 25
15335 64 36 100 0.28 28
15336 54 19 73 0.479452 29
15337 5 116 121 -0.917355 23
15338 16 96 112 -0.714286 28
15339 99 7 106 0.867925 25
15340 22 63 85 -0.482353 23
15341 83 8 91 0.824176 20
15342 58 65 123 -0.0569106 30
15343 77 23 100 0.54 22
15344 25 69 94 -0.468085 23
15345 80 27 107 0.495327 32
15346 36 69 105 -0.314286 30
15347 33 93 126 -0.47619 34
15348 49 50 99 -0.010101 32
15349 104 33 137 0.518248 28
15350 37 68 105 -0.295238 28
15351 47 67 114 -0.175439 35
15352 62 17 79 0.56962 19
15353 38 52 90 -0.155556 28
15354 33 31 64 0.03125 27
15355 69 28 97 0.42268 26
15356 50 42 92 0.0869565 27
15357 32 60 92 -0.304348 31
15358 34 59 93 -0.268817 29
15359 19 137 156 -0.75641 27
15360 39 63 102 -0.235294 28
15361 106 11 117 0.811966 22
15362 95 18 113 0.681416 29
15363 35 72 107 -0.345794 31
15364 77 26 103 0.495146 29
15365 45 69 114 -0.210526 34
15366 12 128 140 -0.828571 23
15367 53 11 64 0.65625 27
15368 31 51 82 -0.243902 28
15369 12 95 107 -0.775701 26
15370 48 50 98 -0.0204082 25
15371 47 57 104 -0.0961538 29
15372 73 23 96 0.520833 23
15373 141 12 153 0.843137 24
15374 96 15 111 0.72973 27
15375 83 7 90 0.844444 23
15376 58 40 98 0.183673 32
15377 118 6 124 0.903226 24
15378 93 23 116 0.603448 29
15379 27 92 119 -0.546218 26
15380 22 8 30 0.466667 18
15381 119 2 121 0.966942 19
15382 54 40 94 0.148936 26
15383 22 81 103 -0.572816 26
15384 45 39 84 0.0714286 29
15385 51 53 104 -0.0192308 29
15386 55 50 105 0.047619 28
15387 131 10 141 0.858156 17
15388 66 44 110 0.2 29
15389 80 34 114 0.403509 32
15390 32 81 113 -0.433628 28
15391 75 19 94 0.595745 27
15392 37 59 96 -0.229167 32
15393 92 8 100 0.84 22
15394 5 115 120 -0.916667 22
15395 8 113 121 -0.867769 19
15396 10 126 136 -0.852941 25
15397 62 19 81 0.530864 26
15398 21 69 90 -0.533333 26
15399 88 4 92 0.913043 16
15400 44 66 110 -0.2 32
15401 70 38 108 0.296296 25
15402 60 24 84 0.428571 26
15403 41 38 79 0.0379747 28
15404 32 72 104 -0.384615 27
15405 14 109 123 -0.772358 23
15406 104 9 113 0.840708 21
15407 18 55 73 -0.506849 24
15408 32 51 83 -0.228916 24
15409 79 20 99 0.59596 28
15410 84 27 111 0.513514 22
15411 14 101 115 -0.756522 26
15412 103 6 109 0.889908 22
15413 76 30 106 0.433962 26
15414 9 60 69 -0.73913 24
15415 21 86 107 -0.607477 25
15416 91 11 102 0.784314 28
15417 34 42 76 -0.105263 19
15418 48 5 53 0.811321 16
15419 40 58 98 -0.183673 26
15420 19 101 120 -0.683333 27
15421 30 62 92 -0.347826 24
15422 48 31 79 0.21519 25
15423 22 79 101 -0.564356 34
15424 40 25 65 0.230769 22
15425 76 39 115 0.321739 31
15426 75 44 119 0.260504 30
15427 77 25 102 0.509804 30
15428 55 43 98 0.122449 29
15429 42 69 111 -0.243243 29
15430 61 72 133 -0.0827068 30
15431 50 44 94 0.0638298 30
15432 28 70 98 -0.428571 27
15433 18 58 76 -0.526316 28
15434 3 45 48 -0.875 19
15435 34 32 66 0.030303 20
15436 72 32 104 0.384615 31
15437 86 30 116 0.482759 26
15438 39 64 103 -0.242718 31
15439 80 36 116 0.37931 29
15440 5 63 68 -0.852941 24
15441 33 63 96 -0.3125 28
15442 60 34 94 0.276596 32
15443 12 92 104 -0.769231 25
15444 32 55 87 -0.264368 30
15445 11 96 107 -0.794393 27
15446 17 87 104 -0.673077 28
15447 96 8 104 0.846154 22
15448 87 6 93 0.870968 23
15449 31 63 94 -0.340426 23
15450 6 92 98 -0.877551 19
15451 17 89 106 -0.679245 26
15452 10 49 59 -0.661017 21
15453 70 7 77 0.818182 21
15454 32 57 89 -0.280899 35
15455 38 61 99 -0.232323 28
15456 15 89 104 -0.711538 24
15457 39 41 80 -0.025 27
15458 82 23 105 0.561905 28
15459 48 42 90 0.0666667 29
15460 42 22 64 0.3125 26
15461 18 103 121 -0.702479 20
15462 131 18 149 0.758389 20
15463 4 100 104 -0.923077 18
15464 53 22 75 0.413333 23
15465 109 2 111 0.963964 19
15466 69 27 96 0.4375 26
15467 67 25 92 0.456522 21
15468 2 124 126 -0.968254 20
15469 38 62 100 -0.24 27
15470 53 36 89 0.191011 27
15471 86 34 120 0.433333 26
15472 30 55 85 -0.294118 24
15473 71 23 94 0.510638 28
15474 5 80 85 -0.882353 23
15475 101 15 116 0.741379 29
15476 103 7 110 0.872727 23
15477 39 62 101 -0.227723 27
15478 21 88 109 -0.614679 23
15479 54 30 84 0.285714 28
15480 5 82 87 -0.885057 20
15481 59 51 110 0.0727273 31
15482 24 79 103 -0.533981 23
15483 30 60 90 -0.333333 25
15484 60 32 92 0.304348 27
15485 52 39 91 0.142857 31
15486 43 32 75 0.146667 28
15487 54 61 115 -0.0608696 34
15488 53 35 88 0.204545 23
15489 32 75 107 -0.401869 29
15490 8 93 101 -0.841584 24
15491 16 129 145 -0.77931 23
15492 32 59 91 -0.296703 28
15493 73 24 97 0.505155 22
15494 69 17 86 0.604651 20
15495 23 98 121 -0.619835 25
15496 20 68 88 -0.545455 23
15497 39 61 100 -0.22 27
15498 44 83 127 -0.307087 29
15499 11 67 78 -0.717949 23
15500 104 26 130 0.6 27
15501 99 10 109 0.816514 24
15502 117 14 131 0.78626 23
15503 85 31 116 0.465517 27
15504 57 53 110 0.0363636 26
15505 5 72 77 -0.87013 21
15506 73 18 91 0.604396 30
15507 47 49 96 -0.0208333 35
15508 11 101 112 -0.803571 28
15509 38 82 120 -0.366667 23
15510 37 52 89 -0.168539 26
15511 30 61 91 -0.340659 23
15512 20 64 84 -0.52381 26
15513 63 16 79 0.594937 22
15514 136 2 138 0.971014 21
15515 14 81 95 -0.705263 26
15516 30 74 104 -0.423077 27
15517 71 30 101 0.405941 25
15518 15 110 125 -0.76 24
15519 66 19 85 0.552941 21
15520 87 28 115 0.513043 31
15521 146 13 159 0.836478 26
15522 23 64 87 -0.471264 24
15523 75 45 120 0.25 28
15524 14 103 117 -0.760684 24
15525 88 39 127 0.385827 29
15526 14 108 122 -0.770492 21
15527 2 54 56 -0.928571 14
15528 67 10 77 0.74026 20
15529 32 78 110 -0.418182 24
15530 45 36 81 0.111111 26
15531 91 21 112 0.625 23
15532 42 32 74 0.135135 28
15533 27 72 99 -0.454545 28
15534 55 39 94 0.170213 27
15535 114 14 128 0.78125 28
15536 31 65 96 -0.354167 25
15537 35 59 94 -0.255319 32
15538 101 4 105 0.92381 17
15539 42 50 92 -0.0869565 28
15540 62 20 82 0.512195 28
15541 64 26 90 0.422222 23
15542 5 106 111 -0.90991 22
15543 43 41 84 0.0238095 25
15544 65 28 93 0.397849 22
15545 70 36 106 0.320755 34
15546 81 24 105 0.542857 27
15547 119 16 135 0.762963 25
15548 111 5 116 0.913793 22
15549 13 92 105 -0.752381 19
15550 38 64 102 -0.254902 29
15551 18 82 100 -0.64 23
15552 124 10 134 0.850746 20
15553 40 46 86 -0.0697674 29
15554 17 82 99 -0.656566 29
15555 61 15 76 0.605263 18
15556 44 52 96 -0.0833333 30
15557 14 98 112 -0.75 25
15558 103 18 121 0.702479 26
15559 79 26 105 0.504762 29
15560 46 35 81 0.135802 24
15561 31 73 104 -0.403846 28
15562 91 23 114 0.596491 29
15563 51 68 119 -0.142857 28
15564 41 16 57 0.438596 28
15565 68 47 115 0.182609 28
15566 89 8 97 0.835052 19
15567 76 30 106 0.433962 28
15568 13 110 123 -0.788618 26
15569 90 19 109 0.651376 26
15570 42 43 85 -0.0117647 28
15571 108 1 109 0.981651 20
15572 19 65 84 -0.547619 23
15573 38 59 97 -0.216495 23
15574 30 90 120 -0.5 29
15575 35 51 86 -0.186047 33
15576 13 91 104 -0.75 25
15577 57 62 119 -0.0420168 34
15578 58 15 73 0.589041 25
15579 74 22 96 0.541667 27
15580 15 70 85 -0.647059 28
15581 42 56 98 -0.142857 31
15582 36 65 101 -0.287129 25
15583 37 47 84 -0.119048 27
15584 79 20 99 0.59596 25
15585 89 16 105 0.695238 29
15586 65 24 89 0.460674 29
15587 46 15 61 0.508197 26
15588 23 100 123 -0.626016 29
15589 91 22 113 0.610619 27
15590 23 93 116 -0.603448 21
15591 12 50 62 -0.612903 21
15592 31 67 98 -0.367347 30
15593 16 64 80 -0.6 23
15594 98 29 127 0.543307 32
15595 24 85 109 -0.559633 27
15596 51 45 96 0.0625 27
15597 72 33 105 0.371429 31
15598 59 44 103 0.145631 27
15599 38 82 120 -0.366667 30
15600 104 16 120 0.733333 28
15601 111 6 117 0.897436 19
15602 29 19 48 0.208333 25
15603 97 26 123 0.577236 31
15604 59 22 81 0.45679 26
15605 31 42 73 -0.150685 24
15606 46 52 98 -0.0612245 34
15607 2 63 65 -0.938462 17
15608 50 38 88 0.136364 31
15609 19 85 104 -0.634615 26
15610 41 63 104 -0.211538 29
15611 36 70 106 -0.320755 25
15612 23 73 96 -0.520833 28
15613 6 99 105 -0.885714 20
15614 101 15 116 0.741379 30
15615 94 10 104 0.807692 24
15616 63 8 71 0.774648 22
15617 67 25 92 0.456522 27
15618 112 10 122 0.836066 23
15619 30 59 89 -0.325843 28
15620 5 80 85 -0.882353 23
15621 11 115 126 -0.825397 23
15622 68 2 70 0.942857 19
15623 77 14 91 0.692308 21
15624 81 5 86 0.883721 22
15625 18 77 95 -0.621053 25
15626 60 35 95 0.263158 25
15627 12 89 101 -0.762376 25
15628 20 75 95 -0.578947 22
15629 32 46 78 -0.179487 24
15630 59 35 94 0.255319 26
15631 27 73 100 -0.46 30
15632 83 6 89 0.865169 21
15633 49 35 84 0.166667 29
15634 101 5 106 0.90566 23
15635 69 31 100 0.38 33
15636 22 98 120 -0.633333 29
15637 42 50 92 -0.0869565 29
15638 64 26 90 0.422222 25
15639 45 45 90 0 29
15640 67 29 96 0.395833 31
15641 59 59 118 0 33
15642 57 38 95 0.2 30
15643 35 72 107 -0.345794 27
15644 2 139 141 -0.971631 21
15645 80 9 89 0.797753 23
15646 50 47 97 0.0309278 33
15647 65 6 71 0.830986 22
15648 40 72 112 -0.285714 29
15649 88 5 93 0.892473 16
15650 51 65 116 -0.12069 33
15651 48 48 96 0 25
15652 61 36 97 0.257732 29
15653 44 60 104 -0.153846 26
15654 21 66 87 -0.517241 27
15655 99 4 103 0.92233 20
15656 45 48 93 -0.0322581 29
15657 109 11 120 0.816667 24
15658 57 43 100 0.14 33
15659 68 25 93 0.462366 24
15660 68 25 93 0.462366 22
15661 77 34 111 0.387387 29
15662 35 74 109 -0.357798 28
15663 5 120 125 -0.92 21
15664 40 63 103 -0.223301 31
15665 7 120 127 -0.889764 24
15666 19 101 120 -0.683333 25
15667 55 15 70 0.571429 16
15668 96 10 106 0.811321 25
15669 113 16 129 0.751938 29
15670 58 53 111 0.045045 29
15671 33 83 116 -0.431034 28
15672 33 80 113 -0.415929 30
15673 13 81 94 -0.723404 18
15674 4 154 158 -0.949367 15
15675 77 16 93 0.655914 27
15676 7 83 90 -0.844444 20
15677 32 65 97 -0.340206 23
15678 128 18 146 0.753425 22
15679 123 5 128 0.921875 20
15680 57 61 118 -0.0338983 27
15681 35 76 111 -0.369369 26
15682 85 31 116 0.465517 28
15683 73 4 77 0.896104 17
15684 68 11 79 0.721519 21
15685 55 43 98 0.122449 29
15686 60 49 109 0.100917 28
15687 94 4 98 0.918367 18
15688 102 4 106 0.924528 22
15689 48 53 101 -0.049505 32
15690 93 14 107 0.738318 23
15691 40 90 130 -0.384615 26
15692 34 64 98 -0.306122 27
15693 60 37 97 0.237113 25
15694 52 61 113 -0.079646 26
15695 80 6 86 0.860465 20
15696 85 47 132 0.287879 28
15697 113 9 122 0.852459 24
15698 16 92 108 -0.703704 25
15699 14 119 133 -0.789474 25
15700 28 83 111 -0.495495 25
15701 39 58 97 -0.195876 34
15702 51 52 103 -0.00970874 33
15703 51 75 126 -0.190476 34
15704 60 19 79 0.518987 28
15705 33 89 122 -0.459016 26
15706 33 36 69 -0.0434783 27
15707 109 5 114 0.912281 20
15708 53 36 89 0.191011 28
15709 60 85 145 -0.172414 37
15710 36 56 92 -0.217391 24
15711 100 11 111 0.801802 25
15712 13 126 139 -0.81295 25
15713 101 8 109 0.853211 18
15714 115 5 120 0.916667 18
15715 60 12 72 0.666667 22
15716 54 24 78 0.384615 28
15717 24 69 93 -0.483871 30
15718 111 16 127 0.748031 26
15719 29 75 104 -0.442308 30
15720 83 10 93 0.784946 26
15721 89 7 96 0.854167 22
15722 19 89 108 -0.648148 29
15723 109 2 111 0.963964 17
15724 46 27 73 0.260274 29
15725 51 40 91 0.120879 27
15726 20 72 92 -0.565217 25
15727 8 105 113 -0.858407 25
15728 22 82 104 -0.576923 25
15729 59 36 95 0.242105 28
15730 52 29 81 0.283951 25
15731 108 20 128 0.6875 22
15732 7 101 108 -0.87037 26
15733 31 49 80 -0.225 31
15734 30 68 98 -0.387755 32
15735 52 52 104 0 27
15736 81 49 130 0.246154 31
15737 58 37 95 0.221053 24
15738 29 87 116 -0.5 29
15739 96 2 98 0.959184 21
15740 35 75 110 -0.363636 32
15741 89 15 104 0.711538 23
15742 3 128 131 -0.954198 21
15743 59 52 111 0.0630631 25
15744 37 88 125 -0.408 30
15745 34 41 75 -0.0933333 28
15746 53 50 103 0.0291262 23
15747 90 7 97 0.85567 25
15748 13 73 86 -0.697674 20
15749 106 14 120 0.766667 28
15750 29 76 105 -0.447619 24
15751 14 111 125 -0.776 30
15752 128 4 132 0.939394 20
15753 36 50 86 -0.162791 25
15754 44 65 109 -0.192661 27
15755 43 75 118 -0.271186 27
15756 106 6 112 0.892857 24
15757 51 35 86 0.186047 28
15758 54 64 118 -0.0847458 30
15759 13 81 94 -0.723404 25
15760 62 33 95 0.305263 25
15761 86 23 109 0.577982 24
15762 85 33 118 0.440678 28
15763 72 29 101 0.425743 29
15764 20 56 76 -0.473684 26
15765 60 26 86 0.395349 25
15766 60 44 104 0.153846 31
15767 17 75 92 -0.630435 28
15768 38 57 95 -0.2 26
15769 88 31 119 0.478992 24
15770 92 13 105 0.752381 22
15771 46 66 112 -0.178571 33
15772 49 63 112 -0.125 32
15773 19 90 109 -0.651376 30
15774 65 13 78 0.666667 24
15775 86 24 110 0.563636 29
15776 17 69 86 -0.604651 23
15777 10 98 108 -0.814815 26
15778 46 49 95 -0.0315789 26
15779 27 79 106 -0.490566 23
15780 46 46 92 0 33
15781 31 59 90 -0.311111 23
15782 106 22 128 0.65625 24
15783 44 49 93 -0.0537634 29
15784 80 21 101 0.584158 22
15785 21 64 85 -0.505882 26
15786 34 46 80 -0.15 32
15787 16 95 111 -0.711712 27
15788 25 80 105 -0.52381 25
15789 68 42 110 0.236364 28
15790 120 21 141 0.702128 28
15791 68 19 87 0.563218 26
15792 63 42 105 0.2 29
15793 67 29 96 0.395833 31
15794 156 20 176 0.772727 23
15795 64 31 95 0.347368 23
15796 38 55 93 -0.182796 26
15797 118 6 124 0.903226 20
15798 62 23 85 0.458824 28
15799 53 48 101 0.049505 27
15800 54 44 98 0.102041 28
15801 30 52 82 -0.268293 25
15802 26 68 94 -0.446809 27
15803 3 69 72 -0.916667 19
15804 3 82 85 -0.929412 22
15805 56 40 96 0.166667 26
15806 43 39 82 0.0487805 23
15807 43 43 86 0 30
15808 67 43 110 0.218182 30
15809 41 70 111 -0.261261 28
15810 51 40 91 0.120879 27
15811 1 12 13 -0.846154 11
15812 37 77 114 -0.350877 32
15813 19 81 100 -0.62 28
15814 9 73 82 -0.780488 23
15815 30 40 70 -0.142857 24
15816 35 49 84 -0.166667 30
15817 45 46 91 -0.010989 30
15818 22 76 98 -0.55102 31
15819 54 21 75 0.44 30
15820 8 99 107 -0.850467 25
15821 114 17 131 0.740458 21
15822 57 69 126 -0.0952381 35
15823 8 73 81 -0.802469 21
15824 37 88 125 -0.408 33
15825 8 75 83 -0.807229 22
15826 62 20 82 0.512195 29
15827 51 24 75 0.36 29
15828 74 25 99 0.494949 30
15829 59 34 93 0.268817 33
15830 63 32 95 0.326316 26
15831 103 3 106 0.943396 22
15832 3 83 86 -0.930233 19
15833 60 35 95 0.263158 25
15834 50 60 110 -0.0909091 25
15835 66 38 104 0.269231 30
15836 56 17 73 0.534247 28
15837 31 48 79 -0.21519 25
15838 41 53 94 -0.12766 28
15839 5 66 71 -0.859155 20
15840 65 21 86 0.511628 24
15841 48 59 107 -0.102804 30
15842 116 19 135 0.718519 27
15843 25 61 86 -0.418605 27
15844 74 27 101 0.465347 28
15845 4 96 100 -0.92 21
15846 72 20 92 0.565217 28
15847 70 12 82 0.707317 26
15848 8 94 102 -0.843137 24
15849 75 9 84 0.785714 26
15850 8 164 172 -0.906977 19
15851 49 46 95 0.0315789 28
15852 59 45 104 0.134615 27
15853 39 55 94 -0.170213 27
15854 37 38 75 -0.0133333 28
15855 103 7 110 0.872727 26
15856 3 94 97 -0.938144 20
15857 65 54 119 0.092437 29
15858 128 9 137 0.868613 24
15859 116 5 121 0.917355 16
15860 35 61 96 -0.270833 23
15861 99 4 103 0.92233 23
15862 12 68 80 -0.7 21
15863 56 35 91 0.230769 28
15864 6 67 73 -0.835616 24
15865 60 44 104 0.153846 33
15866 6 127 133 -0.909774 24
15867 65 27 92 0.413043 28
15868 61 47 108 0.12963 29
15869 61 4 65 0.876923 17
15870 51 32 83 0.228916 32
15871 55 40 95 0.157895 27
15872 39 69 108 -0.277778 23
15873 5 101 106 -0.90566 20
15874 71 33 104 0.365385 27
15875 10 109 119 -0.831933 21
15876 107 11 118 0.813559 24
15877 76 26 102 0.490196 30
15878 91 19 110 0.654545 29
15879 22 111 133 -0.669173 29
15880 79 26 105 0.504762 28
15881 61 33 94 0.297872 29
15882 49 41 90 0.0888889 25
15883 88 22 110 0.6 25
15884 144 3 147 0.959184 19
15885 59 43 102 0.156863 26
15886 94 14 108 0.740741 22
15887 54 48 102 0.0588235 33
15888 57 34 91 0.252747 25
15889 7 115 122 -0.885246 19
15890 47 50 97 -0.0309278 27
15891 54 12 66 0.636364 25
15892 161 0 161 1 10
15893 82 41 123 0.333333 28
15894 73 26 99 0.474747 29
15895 11 88 99 -0.777778 21
15896 35 86 121 -0.421488 33
15897 36 59 95 -0.242105 29
15898 43 16 59 0.457627 18
15899 49 58 107 -0.0841121 24
15900 77 8 85 0.811765 20
15901 104 5 109 0.908257 22
15902 87 11 98 0.77551 26
15903 145 7 152 0.907895 18
15904 74 15 89 0.662921 25
15905 57 32 89 0.280899 26
15906 111 11 122 0.819672 25
15907 34 63 97 -0.298969 29
15908 60 26 86 0.395349 27
15909 36 62 98 -0.265306 29
15910 5 73 78 -0.871795 21
15911 52 34 86 0.209302 30
15912 66 29 95 0.389474 29
15913 29 72 101 -0.425743 32
15914 46 49 95 -0.0315789 32
15915 22 57 79 -0.443038 24
15916 85 5 90 0.888889 19
15917 42 73 115 -0.269565 31
15918 5 94 99 -0.89899 21
15919 20 78 98 -0.591837 30
15920 19 79 98 -0.612245 28
15921 42 41 83 0.0120482 24
15922 13 113 126 -0.793651 18
15923 87 27 114 0.526316 27
15924 7 62 69 -0.797101 21
15925 16 108 124 -0.741935 23
15926 38 54 92 -0.173913 25
15927 43 57 100 -0.14 27
15928 38 53 91 -0.164835 28
15929 19 68 87 -0.563218 21
15930 35 49 84 -0.166667 28
15931 5 31 36 -0.722222 12
15932 11 115 126 -0.825397 18
15933 74 14 88 0.681818 21
15934 22 25 47 -0.0638298 24
15935 88 13 101 0.742574 19
15936 15 34 49 -0.387755 18
15937 101 13 114 0.77193 24
15938 40 61 101 -0.207921 30
15939 23 81 104 -0.557692 28
15940 34 57 91 -0.252747 27
15941 34 54 88 -0.227273 23
15942 17 61 78 -0.564103 25
15943 98 9 107 0.831776 24
15944 30 91 121 -0.504132 24
15945 9 110 119 -0.848739 21
15946 16 86 102 -0.686275 27
15947 19 97 116 -0.672414 24
15948 102 7 109 0.87156 22
15949 49 47 96 0.0208333 28
15950 65 52 117 0.111111 33
15951 86 1 87 0.977011 16
15952 54 72 126 -0.142857 34
15953 45 48 93 -0.0322581 29
15954 69 29 98 0.408163 32
15955 24 58 82 -0.414634 29
15956 108 2 110 0.963636 21
15957 70 16 86 0.627907 28
15958 71 57 128 0.109375 32
15959 72 9 81 0.777778 20
15960 24 44 68 -0.294118 26
15961 0 124 124 -1 12
15962 16 100 116 -0.724138 23
15963 4 93 97 -0.917526 16
15964 74 12 86 0.72093 26
15965 19 98 117 -0.675214 28
15966 101 16 117 0.726496 28
15967 16 115 131 -0.755725 19
15968 77 44 121 0.272727 27
15969 73 31 104 0.403846 32
15970 10 37 47 -0.574468 20
15971 64 27 91 0.406593 31
15972 11 119 130 -0.830769 26
15973 73 20 93 0.569892 28
15974 91 8 99 0.838384 21
15975 113 8 121 0.867769 22
15976 69 19 88 0.568182 29
15977 66 19 85 0.552941 23
15978 2 45 47 -0.914894 16
15979 21 80 101 -0.584158 26
15980 63 48 111 0.135135 29
15981 6 73 79 -0.848101 19
15982 98 21 119 0.647059 28
15983 94 3 97 0.938144 20
15984 29 37 66 -0.121212 24
15985 102 9 111 0.837838 23
15986 72 8 80 0.8 20
15987 96 25 121 0.586777 24
15988 42 51 93 -0.0967742 34
15989 57 27 84 0.357143 26
15990 75 31 106 0.415094 26
15991 47 17 64 0.46875 21
15992 10 83 93 -0.784946 23
15993 48 28 76 0.263158 23
15994 25 63 88 -0.431818 28
15995 22 69 91 -0.516484 26
15996 35 67 102 -0.313725 32
15997 9 95 104 -0.826923 22
15998 30 48 78 -0.230769 27
15999 86 44 130 0.323077 29
16000 107 16 123 0.739837 29
16001 14 89 103 -0.728155 25
16002 55 33 88 0.25 25
16003 35 71 106 -0.339623 30
16004 4 138 142 -0.943662 20
16005 5 97 102 -0.901961 24
16006 15 105 120 -0.75 26
16007 59 39 98 0.204082 29
16008 59 9 68 0.735294 18
16009 21 118 139 -0.697842 21
16010 77 21 98 0.571429 26
16011 66 41 107 0.233645 31
16012 37 65 102 -0.27451 29
16013 11 82 93 -0.763441 28
16014 15 42 57 -0.473684 21
16015 34 76 110 -0.381818 27
16016 21 43 64 -0.34375 29
16017 10 100 110 -0.818182 24
16018 63 37 100 0.26 30
16019 88 16 104 0.692308 22
16020 86 32 118 0.457627 29
16021 18 101 119 -0.697479 24
16022 10 79 89 -0.775281 27
16023 30 85 115 -0.478261 24
16024 34 73 107 -0.364486 27
16025 42 39 81 0.037037 30
16026 68 18 86 0.581395 29
16027 49 55 104 -0.0576923 27
16028 26 117 143 -0.636364 29
16029 23 73 96 -0.520833 25
16030 95 13 108 0.759259 26
16031 20 113 133 -0.699248 28
16032 11 96 107 -0.794393 22
16033 17 107 124 -0.725806 27
16034 91 14 105 0.733333 29
16035 97 5 102 0.901961 21
16036 87 14 101 0.722772 24
16037 35 63 98 -0.285714 21
16038 72 5 77 0.87013 21
16039 18 102 120 -0.7 26
16040 36 73 109 -0.33945 34
16041 85 27 112 0.517857 29
16042 7 134 141 -0.900709 20
16043 53 31 84 0.261905 25
16044 79 24 103 0.533981 28
16045 64 42 106 0.207547 28
16046 4 149 153 -0.947712 20
16047 40 48 88 -0.0909091 22
16048 33 54 87 -0.241379 25
16049 60 31 91 0.318681 31
16050 9 125 134 -0.865672 25
16051 64 20 84 0.52381 27
16052 49 63 112 -0.125 24
16053 37 50 87 -0.149425 25
16054 5 79 84 -0.880952 23
16055 20 79 99 -0.59596 22
16056 68 20 88 0.545455 26
16057 43 26 69 0.246377 27
16058 52 47 99 0.0505051 31
16059 22 75 97 -0.546392 29
16060 11 82 93 -0.763441 22
16061 119 10 129 0.844961 22
16062 42 41 83 0.0120482 21
16063 37 39 76 -0.0263158 28
16064 18 92 110 -0.672727 28
16065 9 80 89 -0.797753 23
16066 15 87 102 -0.705882 25
16067 45 22 67 0.343284 25
16068 40 80 120 -0.333333 29
16069 58 44 102 0.137255 22
16070 14 90 104 -0.730769 26
16071 36 79 115 -0.373913 29
16072 22 72 94 -0.531915 28
16073 70 21 91 0.538462 27
16074 12 91 103 -0.76699 21
16075 15 109 124 -0.758065 29
16076 16 79 95 -0.663158 24
16077 97 17 114 0.701754 24
16078 17 60 77 -0.558442 25
16079 61 33 94 0.297872 29
16080 4 109 113 -0.929204 18
16081 33 41 74 -0.108108 23
16082 4 80 84 -0.904762 21
16083 32 79 111 -0.423423 27
16084 125 9 134 0.865672 18
16085 10 124 134 -0.850746 19
16086 43 67 110 -0.218182 32
16087 46 52 98 -0.0612245 27
16088 51 48 99 0.030303 22
16089 68 52 120 0.133333 28
16090 75 28 103 0.456311 29
16091 68 28 96 0.416667 29
16092 19 52 71 -0.464789 26
16093 11 136 147 -0.85034 26
16094 86 36 122 0.409836 29
16095 23 63 86 -0.465116 29
16096 13 72 85 -0.694118 24
16097 41 64 105 -0.219048 28
16098 70 33 103 0.359223 26
16099 32 47 79 -0.189873 28
16100 5 87 92 -0.891304 23
16101 42 44 86 -0.0232558 24
16102 78 13 91 0.714286 25
16103 25 70 95 -0.473684 22
16104 83 14 97 0.71134 25
16105 4 81 85 -0.905882 21
16106 132 12 144 0.833333 21
16107 58 26 84 0.380952 27
16108 95 33 128 0.484375 30
16109 63 25 88 0.431818 28
16110 62 39 101 0.227723 23
16111 74 30 104 0.423077 27
16112 28 73 101 -0.445545 30
16113 63 50 113 0.115044 30
16114 39 39 78 0 27
16115 20 100 120 -0.666667 26
16116 48 56 104 -0.0769231 25
16117 4 57 61 -0.868852 17
16118 74 25 99 0.494949 30
16119 24 73 97 -0.505155 27
16120 124 6 130 0.907692 21
16121 70 12 82 0.707317 24
16122 70 22 92 0.521739 29
16123 8 103 111 -0.855856 19
16124 76 24 100 0.52 26
16125 26 79 105 -0.504762 26
16126 7 102 109 -0.87156 24
16127 36 46 82 -0.121951 26
16128 37 59 96 -0.229167 33
16129 51 45 96 0.0625 29
16130 76 27 103 0.475728 29
16131 60 48 108 0.111111 28
16132 32 52 84 -0.238095 27
16133 24 79 103 -0.533981 32
16134 24 46 70 -0.314286 17
16135 29 76 105 -0.447619 28
16136 10 81 91 -0.78022 18
16137 27 82 109 -0.504587 32
16138 46 69 115 -0.2 32
16139 30 48 78 -0.230769 25
16140 85 12 97 0.752577 27
16141 36 46 82 -0.121951 28
16142 40 63 103 -0.223301 32
16143 80 16 96 0.666667 25
16144 11 72 83 -0.73494 23
16145 67 34 101 0.326733 30
16146 32 57 89 -0.280899 29
16147 96 27 123 0.560976 32
16148 79 20 99 0.59596 26
16149 97 19 116 0.672414 26
16150 16 61 77 -0.584416 24
16151 5 115 120 -0.916667 21
16152 51 57 108 -0.0555556 25
16153 16 100 116 -0.724138 28
16154 2 75 77 -0.948052 21
16155 43 48 91 -0.0549451 28
16156 17 111 128 -0.734375 25
16157 61 23 84 0.452381 26
16158 26 80 106 -0.509434 24
16159 37 63 100 -0.26 28
16160 28 63 91 -0.384615 23
16161 15 75 90 -0.666667 25
16162 61 37 98 0.244898 32
16163 86 4 90 0.911111 22
16164 85 19 104 0.634615 28
16165 9 79 88 -0.795455 26
16166 50 39 89 0.123596 24
16167 49 29 78 0.25641 24
16168 33 34 67 -0.0149254 23
16169 69 42 111 0.243243 31
16170 21 94 115 -0.634783 23
16171 81 30 111 0.459459 32
16172 21 70 91 -0.538462 24
16173 51 29 80 0.275 25
16174 72 38 110 0.309091 30
16175 99 13 112 0.767857 27
16176 44 47 91 -0.032967 32
16177 16 75 91 -0.648352 26
16178 113 5 118 0.915254 18
16179 72 2 74 0.945946 16
16180 37 60 97 -0.237113 27
16181 58 33 91 0.274725 26
16182 37 62 99 -0.252525 32
16183 15 55 70 -0.571429 24
16184 55 51 106 0.0377358 28
16185 65 41 106 0.226415 29
16186 14 126 140 -0.8 24
16187 68 19 87 0.563218 26
16188 38 55 93 -0.182796 26
16189 56 38 94 0.191489 22
16190 9 64 73 -0.753425 25
16191 43 10 53 0.622642 20
16192 76 52 128 0.1875 29
16193 22 35 57 -0.22807 24
16194 76 20 96 0.583333 23
16195 9 109 118 -0.847458 25
16196 10 101 111 -0.81982 18
16197 63 45 108 0.166667 33
16198 50 56 106 -0.0566038 28
16199 125 12 137 0.824818 17
16200 57 33 90 0.266667 29
16201 35 81 116 -0.396552 32
16202 10 112 122 -0.836066 23
16203 86 28 114 0.508772 31
16204 32 39 71 -0.0985915 20
16205 33 62 95 -0.305263 30
16206 34 68 102 -0.333333 30
16207 125 6 131 0.908397 18
16208 132 3 135 0.955556 15
16209 75 36 111 0.351351 31
16210 102 10 112 0.821429 25
16211 72 44 116 0.241379 28
16212 10 94 104 -0.807692 24
16213 98 8 106 0.849057 22
16214 29 62 91 -0.362637 27
16215 89 13 102 0.745098 25
16216 11 79 90 -0.755556 27
16217 20 72 92 -0.565217 28
16218 89 32 121 0.471074 26
16219 43 56 99 -0.131313 30
16220 24 72 96 -0.5 30
16221 15 78 93 -0.677419 27
16222 11 98 109 -0.798165 25
16223 41 48 89 -0.0786517 32
16224 4 101 105 -0.92381 20
16225 9 61 70 -0.742857 21
16226 30 80 110 -0.454545 27
16227 15 90 105 -0.714286 24
16228 81 8 89 0.820225 21
16229 13 65 78 -0.666667 18
16230 10 103 113 -0.823009 22
16231 54 39 93 0.16129 27
16232 33 91 124 -0.467742 32
16233 31 63 94 -0.340426 28
16234 44 31 75 0.173333 28
16235 38 59 97 -0.216495 29
16236 72 12 84 0.714286 23
16237 55 33 88 0.25 29
16238 13 75 88 -0.704545 26
16239 40 50 90 -0.111111 32
16240 36 44 80 -0.1 28
16241 130 4 134 0.940299 20
16242 26 66 92 -0.434783 29
16243 11 75 86 -0.744186 21
16244 57 30 87 0.310345 28
16245 18 70 88 -0.590909 22
16246 5 89 94 -0.893617 21
16247 9 109 118 -0.847458 17
16248 97 16 113 0.716814 27
16249 27 42 69 -0.217391 21
16250 83 27 110 0.509091 26
16251 5 110 115 -0.913043 18
16252 42 61 103 -0.184466 31
16253 32 89 121 -0.471074 32
16254 14 89 103 -0.728155 27
16255 114 8 122 0.868852 25
16256 13 76 89 -0.707865 26
16257 78 22 100 0.56 21
16258 14 106 120 -0.766667 28
16259 32 99 131 -0.51145 25
16260 27 59 86 -0.372093 24
16261 7 122 129 -0.891473 18
16262 71 50 121 0.173554 37
16263 65 25 90 0.444444 26
16264 3 90 93 -0.935484 21
16265 69 28 97 0.42268 25
16266 37 84 121 -0.38843 30
16267 115 15 130 0.769231 29
16268 60 54 114 0.0526316 24
16269 44 52 96 -0.0833333 30
16270 109 19 128 0.703125 24
16271 18 31 49 -0.265306 17
16272 44 71 115 -0.234783 29
16273 47 15 62 0.516129 22
16274 6 102 108 -0.888889 24
16275 64 28 92 0.391304 26
16276 65 18 83 0.566265 22
16277 80 13 93 0.72043 22
16278 23 109 132 -0.651515 25
16279 83 21 104 0.596154 31
16280 50 52 102 -0.0196078 26
16281 20 79 99 -0.59596 31
16282 52 51 103 0.00970874 31
16283 25 74 99 -0.494949 21
16284 30 73 103 -0.417476 30
16285 100 25 125 0.6 26
16286 70 32 102 0.372549 29
16287 5 60 65 -0.846154 21
16288 88 8 96 0.833333 26
16289 28 58 86 -0.348837 27
16290 75 18 93 0.612903 25
16291 54 9 63 0.714286 22
16292 44 45 89 -0.011236 30
16293 26 95 121 -0.570248 29
16294 11 112 123 -0.821138 21
16295 47 44 91 0.032967 29
16296 104 11 115 0.808696 23
16297 24 61 85 -0.435294 23
16298 27 78 105 -0.485714 24
16299 30 45 75 -0.2 24
16300 7 79 86 -0.837209 23
16301 48 39 87 0.103448 24
16302 3 93 96 -0.9375 20
16303 34 50 84 -0.190476 26
16304 31 61 92 -0.326087 23
16305 57 19 76 0.5 25
16306 5 104 109 -0.908257 20
16307 5 48 53 -0.811321 16
16308 23 79 102 -0.54902 26
16309 79 8 87 0.816092 21
16310 37 86 123 -0.398374 31
16311 23 86 109 -0.577982 25
16312 106 22 128 0.65625 22
16313 59 29 88 0.340909 30
16314 17 105 122 -0.721311 25
16315 56 60 116 -0.0344828 33
16316 83 41 124 0.33871 30
16317 67 29 96 0.395833 26
16318 40 60 100 -0.2 29
16319 41 55 96 -0.145833 25
16320 123 17 140 0.757143 24
16321 46 30 76 0.210526 26
16322 15 76 91 -0.67033 29
16323 56 41 97 0.154639 33
16324 45 54 99 -0.0909091 22
16325 117 5 122 0.918033 21
16326 50 52 102 -0.0196078 26
16327 28 40 68 -0.176471 23
16328 35 52 87 -0.195402 30
16329 50 71 121 -0.173554 25
16330 43 49 92 -0.0652174 28
16331 102 17 119 0.714286 26
16332 13 72 85 -0.694118 27
16333 9 55 64 -0.71875 18
16334 50 44 94 0.0638298 26
16335 70 19 89 0.573034 27
16336 78 15 93 0.677419 22
16337 34 10 44 0.545455 21
16338 68 36 104 0.307692 28
16339 7 10 17 -0.176471 12
16340 9 80 89 -0.797753 23
16341 82 18 100 0.64 27
16342 11 102 113 -0.80531 26
16343 31 83 114 -0.45614 32
16344 70 10 80 0.75 18
16345 26 15 41 0.268293 13
16346 50 79 129 -0.224806 25
16347 96 6 102 0.882353 23
16348 64 25 89 0.438202 31
16349 15 61 76 -0.605263 25
16350 26 61 87 -0.402299 27
16351 32 77 109 -0.412844 24
16352 46 52 98 -0.0612245 33
16353 109 12 121 0.801653 29
16354 27 73 100 -0.46 24
16355 112 2 114 0.964912 20
16356 11 93 104 -0.788462 25
16357 66 59 125 0.056 24
16358 52 62 114 -0.0877193 32
16359 46 91 137 -0.328467 29
16360 16 99 115 -0.721739 19
16361 43 36 79 0.0886076 28
16362 27 95 122 -0.557377 28
16363 16 65 81 -0.604938 25
16364 41 46 87 -0.0574713 27
16365 99 5 104 0.903846 21
16366 52 55 107 -0.0280374 26
16367 14 100 114 -0.754386 22
16368 50 33 83 0.204819 22
16369 13 81 94 -0.723404 23
16370 119 25 144 0.652778 26
16371 4 128 132 -0.939394 22
16372 63 45 108 0.166667 29
16373 57 64 121 -0.0578512 33
16374 49 45 94 0.0425532 26
16375 26 42 68 -0.235294 27
16376 95 12 107 0.775701 25
16377 60 46 106 0.132075 27
16378 51 64 115 -0.113043 29
16379 67 41 108 0.240741 29
16380 58 52 110 0.0545455 30
16381 65 29 94 0.382979 25
16382 17 77 94 -0.638298 24
16383 6 116 122 -0.901639 20
16384 25 77 102 -0.509804 23
16385 30 77 107 -0.439252 31
16386 85 7 92 0.847826 23
16387 100 6 106 0.886792 23
16388 55 46 101 0.0891089 35
16389 38 69 107 -0.28972 25
16390 21 103 124 -0.66129 27
16391 67 28 95 0.410526 21
16392 29 63 92 -0.369565 27
16393 99 7 106 0.867925 23
16394 11 109 120 -0.816667 21
16395 29 59 88 -0.340909 21
16396 74 12 86 0.72093 29
16397 94 13 107 0.757009 27
16398 76 17 93 0.634409 25
16399 8 87 95 -0.831579 22
16400 105 6 111 0.891892 21
16401 65 15 80 0.625 24
16402 7 59 66 -0.787879 16
16403 9 99 108 -0.833333 26
16404 23 95 118 -0.610169 25
16405 66 21 87 0.517241 22
16406 113 9 122 0.852459 24
16407 69 43 112 0.232143 34
16408 121 13 134 0.80597 21
16409 54 69 123 -0.121951 34
16410 91 13 104 0.75 26
16411 46 42 88 0.0454545 28
16412 21 56 77 -0.454545 30
16413 81 7 88 0.840909 24
16414 121 11 132 0.833333 26
16415 41 83 124 -0.33871 26
16416 40 52 92 -0.130435 29
16417 79 12 91 0.736264 27
16418 11 78 89 -0.752809 24
16419 24 66 90 -0.466667 28
16420 124 5 129 0.922481 18
16421 68 20 88 0.545455 27
16422 14 100 114 -0.754386 22
16423 28 82 110 -0.490909 28
16424 58 35 93 0.247312 25
16425 14 102 116 -0.758621 24
16426 13 112 125 -0.792 23
16427 8 90 98 -0.836735 21
16428 7 109 116 -0.87931 19
16429 42 37 79 0.0632911 27
16430 109 12 121 0.801653 20
16431 5 106 111 -0.90991 19
16432 11 143 154 -0.857143 20
16433 84 23 107 0.570093 28
16434 31 72 103 -0.398058 26
16435 46 36 82 0.121951 27
16436 139 3 142 0.957746 18
16437 33 76 109 -0.394495 35
16438 70 15 85 0.647059 28
16439 28 68 96 -0.416667 27
16440 17 8 25 0.36 12
16441 32 34 66 -0.030303 25
16442 72 22 94 0.531915 30
16443 70 23 93 0.505376 29
16444 22 78 100 -0.56 26
16445 80 9 89 0.797753 20
16446 102 22 124 0.645161 27
16447 83 29 112 0.482143 30
16448 40 17 57 0.403509 26
16449 72 22 94 0.531915 19
16450 78 15 93 0.677419 26
16451 17 67 84 -0.595238 21
16452 18 80 98 -0.632653 29
16453 90 10 100 0.8 21
16454 131 7 138 0.898551 23
16455 123 3 126 0.952381 21
16456 11 102 113 -0.80531 27
16457 79 44 123 0.284553 30
16458 78 25 103 0.514563 29
16459 56 54 110 0.0181818 32
16460 38 34 72 0.0555556 26
16461 72 25 97 0.484536 27
16462 27 127 154 -0.649351 27
16463 23 78 101 -0.544554 24
16464 12 134 146 -0.835616 20
16465 125 10 135 0.851852 18
16466 38 50 88 -0.136364 28
16467 15 90 105 -0.714286 28
16468 66 21 87 0.517241 32
16469 41 47 88 -0.0681818 29
16470 54 58 112 -0.0357143 34
16471 50 44 94 0.0638298 27
16472 93 13 106 0.754717 26
16473 74 26 100 0.48 28
16474 6 106 112 -0.892857 23
16475 7 79 86 -0.837209 19
16476 50 72 122 -0.180328 31
16477 12 89 101 -0.762376 25
16478 80 13 93 0.72043 25
16479 43 58 101 -0.148515 23
16480 28 80 108 -0.481481 32
16481 99 6 105 0.885714 23
16482 10 90 100 -0.8 19
16483 28 34 62 -0.0967742 26
16484 45 27 72 0.25 23
16485 8 88 96 -0.833333 25
16486 67 37 104 0.288462 26
16487 41 48 89 -0.0786517 26
16488 6 96 102 -0.882353 23
16489 44 53 97 -0.0927835 27
16490 72 30 102 0.411765 27
16491 44 23 67 0.313433 28
16492 24 85 109 -0.559633 32
16493 28 69 97 -0.42268 27
16494 54 59 113 -0.0442478 26
16495 23 96 119 -0.613445 28
16496 41 56 97 -0.154639 22
16497 19 91 110 -0.654545 26
16498 27 67 94 -0.425532 30
16499 138 3 141 0.957447 20
16500 36 41 77 -0.0649351 29
16501 102 21 123 0.658537 28
16502 60 37 97 0.237113 30
16503 132 6 138 0.913043 24
16504 28 92 120 -0.533333 28
16505 11 111 122 -0.819672 23
16506 2 76 78 -0.948718 21
16507 61 46 107 0.140187 23
16508 23 65 88 -0.477273 30
16509 47 57 104 -0.0961538 26
16510 82 18 100 0.64 27
16511 91 8 99 0.838384 23
16512 57 37 94 0.212766 25
16513 46 20 66 0.393939 16
16514 61 62 123 -0.00813008 30
16515 53 24 77 0.376623 28
16516 14 80 94 -0.702128 25
16517 104 11 115 0.808696 26
16518 51 22 73 0.39726 21
16519 62 54 116 0.0689655 34
16520 10 45 55 -0.636364 20
16521 13 89 102 -0.745098 20
16522 75 35 110 0.363636 29
16523 26 70 96 -0.458333 28
16524 28 48 76 -0.263158 26
16525 40 50 90 -0.111111 25
16526 88 5 93 0.892473 19
16527 12 86 98 -0.755102 22
16528 63 29 92 0.369565 31
16529 76 15 91 0.67033 21
16530 53 49 102 0.0392157 29
16531 15 71 86 -0.651163 27
16532 41 94 135 -0.392593 28
16533 141 8 149 0.892617 19
16534 20 75 95 -0.578947 23
16535 3 85 88 -0.931818 18
16536 103 10 113 0.823009 18
16537 131 11 142 0.84507 19
16538 15 106 121 -0.752066 23
16539 79 35 114 0.385965 30
16540 74 35 109 0.357798 29
16541 56 25 81 0.382716 20
16542 6 104 110 -0.890909 17
16543 20 67 87 -0.54023 23
16544 20 92 112 -0.642857 26
16545 69 42 111 0.243243 32
16546 0 22 22 -1 10
16547 6 89 95 -0.873684 15
16548 20 54 74 -0.459459 26
16549 47 46 93 0.0107527 28
16550 37 51 88 -0.159091 26
16551 64 37 101 0.267327 28
16552 18 56 74 -0.513514 25
16553 25 62 87 -0.425287 27
16554 101 25 126 0.603175 28
16555 5 52 57 -0.824561 17
16556 49 59 108 -0.0925926 30
16557 20 84 104 -0.615385 29
16558 79 27 106 0.490566 26
16559 11 78 89 -0.752809 22
16560 27 86 113 -0.522124 30
16561 147 1 148 0.986486 19
16562 36 73 109 -0.33945 29
16563 69 18 87 0.586207 26
16564 92 24 116 0.586207 27
16565 32 97 129 -0.503876 31
16566 45 40 85 0.0588235 25
16567 10 102 112 -0.821429 24
16568 44 32 76 0.157895 26
16569 59 31 90 0.311111 26
16570 44 44 88 0 29
16571 49 59 108 -0.0925926 29
16572 11 102 113 -0.80531 26
16573 73 33 106 0.377358 29
16574 57 27 84 0.357143 29
16575 84 16 100 0.68 24
16576 53 29 82 0.292683 29
16577 113 13 126 0.793651 19
16578 59 31 90 0.311111 23
16579 38 42 80 -0.05 23
16580 27 25 52 0.0384615 27
16581 71 45 116 0.224138 28
16582 21 4 25 0.68 14
16583 53 41 94 0.12766 33
16584 66 36 102 0.294118 26
16585 38 51 89 -0.146067 25
16586 102 17 119 0.714286 28
16587 103 8 111 0.855856 25
16588 87 31 118 0.474576 27
16589 23 83 106 -0.566038 30
16590 16 85 101 -0.683168 26
16591 12 88 100 -0.76 24
16592 16 98 114 -0.719298 21
16593 27 99 126 -0.571429 31
16594 61 32 93 0.311828 28
16595 55 50 105 0.047619 35
16596 29 60 89 -0.348315 28
16597 58 40 98 0.183673 31
16598 66 40 106 0.245283 28
16599 107 26 133 0.609023 27
16600 122 19 141 0.730496 22
16601 34 59 93 -0.268817 27
16602 11 86 97 -0.773196 23
16603 56 35 91 0.230769 30
16604 6 112 118 -0.898305 19
16605 53 13 66 0.606061 20
16606 20 61 81 -0.506173 29
16607 11 110 121 -0.818182 28
16608 26 71 97 -0.463918 31
16609 79 45 124 0.274194 34
16610 27 18 45 0.2 22
16611 13 88 101 -0.742574 26
16612 111 7 118 0.881356 24
16613 2 108 110 -0.963636 19
16614 45 46 91 -0.010989 26
16615 4 117 121 -0.933884 18
16616 95 27 122 0.557377 22
16617 30 64 94 -0.361702 34
16618 51 43 94 0.0851064 27
16619 21 61 82 -0.487805 28
16620 100 17 117 0.709402 28
16621 34 29 63 0.0793651 25
16622 106 17 123 0.723577 33
16623 27 84 111 -0.513514 30
16624 55 47 102 0.0784314 28
16625 16 96 112 -0.714286 27
16626 12 79 91 -0.736264 22
16627 31 84 115 -0.46087 29
16628 10 79 89 -0.775281 25
16629 76 18 94 0.617021 30
16630 17 80 97 -0.649485 26
16631 72 41 113 0.274336 28
16632 18 73 91 -0.604396 29
16633 58 8 66 0.757576 22
16634 21 96 117 -0.641026 22
16635 10 87 97 -0.793814 24
16636 24 108 132 -0.636364 26
16637 81 13 94 0.723404 18
16638 97 6 103 0.883495 19
16639 38 62 100 -0.24 31
16640 7 105 112 -0.875 23
16641 91 7 98 0.857143 22
16642 17 80 97 -0.649485 24
16643 2 84 86 -0.953488 20
16644 91 10 101 0.80198 27
16645 103 15 118 0.745763 24
16646 58 56 114 0.0175439 29
16647 31 43 74 -0.162162 25
16648 5 59 64 -0.84375 18
16649 14 104 118 -0.762712 25
16650 8 113 121 -0.867769 25
16651 59 50 109 0.0825688 27
16652 25 126 151 -0.668874 26
16653 77 43 120 0.283333 25
16654 74 5 79 0.873418 23
16655 42 52 94 -0.106383 28
16656 23 68 91 -0.494505 27
16657 58 23 81 0.432099 30
16658 45 44 89 0.011236 28
16659 42 64 106 -0.207547 23
16660 62 39 101 0.227723 30
16661 80 32 112 0.428571 33
16662 74 18 92 0.608696 26
16663 90 15 105 0.714286 20
16664 74 32 106 0.396226 30
16665 69 7 76 0.815789 24
16666 77 21 98 0.571429 23
16667 11 90 101 -0.782178 18
16668 37 47 84 -0.119048 30
16669 8 105 113 -0.858407 20
16670 69 25 94 0.468085 32
16671 35 60 95 -0.263158 31
16672 3 110 113 -0.946903 20
16673 10 104 114 -0.824561 24
16674 112 23 135 0.659259 28
16675 57 38 95 0.2 27
16676 40 57 97 -0.175258 31
16677 21 77 98 -0.571429 26
16678 88 31 119 0.478992 27
16679 102 11 113 0.80531 24
16680 70 36 106 0.320755 29
16681 52 39 91 0.142857 26
16682 22 113 135 -0.674074 25
16683 24 77 101 -0.524752 28
16684 39 57 96 -0.1875 24
16685 17 123 140 -0.757143 21
16686 138 6 144 0.916667 21
16687 10 120 130 -0.846154 24
16688 49 36 85 0.152941 29
16689 41 70 111 -0.261261 26
16690 53 22 75 0.413333 27
16691 25 57 82 -0.390244 22
16692 90 20 110 0.636364 27
16693 110 7 117 0.880342 22
16694 16 71 87 -0.632184 26
16695 8 140 148 -0.891892 24
16696 61 27 88 0.386364 25
16697 65 33 98 0.326531 32
16698 48 29 77 0.246753 20
16699 6 107 113 -0.893805 20
16700 47 32 79 0.189873 30
16701 1 127 128 -0.984375 16
16702 86 19 105 0.638095 25
16703 44 53 97 -0.0927835 22
16704 45 20 65 0.384615 24
16705 26 101 127 -0.590551 24
16706 15 78 93 -0.677419 22
16707 56 16 72 0.555556 26
16708 39 45 84 -0.0714286 32
16709 39 66 105 -0.257143 30
16710 22 118 140 -0.685714 27
16711 91 12 103 0.76699 20
16712 56 36 92 0.217391 26
16713 53 46 99 0.0707071 27
16714 11 84 95 -0.768421 21
16715 112 11 123 0.821138 23
16716 108 12 120 0.8 26
16717 52 72 124 -0.16129 22
16718 68 12 80 0.7 28
16719 86 15 101 0.70297 28
16720 65 46 111 0.171171 34
16721 29 65 94 -0.382979 28
16722 123 3 126 0.952381 21
16723 65 29 94 0.382979 32
16724 83 11 94 0.765957 27
16725 40 50 90 -0.111111 32
16726 62 29 91 0.362637 27
16727 93 24 117 0.589744 26
16728 74 32 106 0.396226 29
16729 3 169 172 -0.965116 19
16730 26 96 122 -0.57377 28
16731 46 24 70 0.314286 26
16732 18 68 86 -0.581395 27
16733 101 19 120 0.683333 19
16734 85 21 106 0.603774 27
16735 7 73 80 -0.825 23
16736 66 30 96 0.375 24
16737 81 18 99 0.636364 31
16738 54 51 105 0.0285714 30
16739 23 82 105 -0.561905 31
16740 54 52 106 0.0188679 26
16741 77 26 103 0.495146 26
16742 29 86 115 -0.495652 15
16743 12 93 105 -0.771429 26
16744 61 19 80 0.525 25
16745 32 63 95 -0.326316 23
16746 53 47 100 0.06 33
16747 105 11 116 0.810345 26
16748 12 80 92 -0.73913 26
16749 26 80 106 -0.509434 24
16750 48 47 95 0.0105263 29
16751 91 31 122 0.491803 29
16752 130 8 138 0.884058 19
16753 35 47 82 -0.146341 24
16754 127 7 134 0.895522 16
16755 13 70 83 -0.686747 21
16756 11 88 99 -0.777778 25
16757 54 80 134 -0.19403 26
16758 77 31 108 0.425926 31
16759 56 69 125 -0.104 33
16760 80 3 83 0.927711 21
16761 81 40 121 0.338843 33
16762 5 77 82 -0.878049 23
16763 32 77 109 -0.412844 30
16764 28 66 94 -0.404255 28
16765 115 5 120 0.916667 20
16766 21 71 92 -0.543478 31
16767 63 26 89 0.41573 19
16768 47 48 95 -0.0105263 26
16769 54 61 115 -0.0608696 32
16770 34 95 129 -0.472868 29
16771 68 31 99 0.373737 26
16772 82 16 98 0.673469 29
16773 65 20 85 0.529412 26
16774 47 34 81 0.160494 34
16775 111 7 118 0.881356 23
16776 32 52 84 -0.238095 29
16777 115 8 123 0.869919 25
16778 36 50 86 -0.162791 27
16779 21 72 93 -0.548387 25
16780 17 78 95 -0.642105 26
16781 100 22 122 0.639344 26
16782 155 12 167 0.856287 24
16783 53 58 111 -0.045045 28
16784 58 40 98 0.183673 30
16785 21 54 75 -0.44 23
16786 13 73 86 -0.697674 24
16787 56 33 89 0.258427 26
16788 44 31 75 0.173333 34
16789 39 54 93 -0.16129 32
16790 62 18 80 0.55 23
16791 19 69 88 -0.568182 28
16792 41 55 96 -0.145833 23
16793 55 49 104 0.0576923 27
16794 38 57 95 -0.2 30
16795 13 84 97 -0.731959 20
16796 83 19 102 0.627451 22
16797 142 3 145 0.958621 19
16798 60 32 92 0.304348 25
16799 6 151 157 -0.923567 21
16800 44 71 115 -0.234783 32
16801 84 33 117 0.435897 32
16802 20 80 100 -0.6 27
16803 103 11 114 0.807018 26
16804 77 42 119 0.294118 32
16805 49 17 66 0.484848 24
16806 71 20 91 0.56044 23
16807 62 21 83 0.493976 27
16808 42 73 115 -0.269565 32
16809 33 98 131 -0.496183 28
16810 61 43 104 0.173077 29
16811 35 93 128 -0.453125 30
16812 112 4 116 0.931034 20
16813 9 74 83 -0.783133 23
16814 10 114 124 -0.83871 24
16815 31 61 92 -0.326087 24
16816 63 19 82 0.536585 26
16817 21 79 100 -0.58 21
16818 62 30 92 0.347826 32
16819 83 42 125 0.328 29
16820 62 27 89 0.393258 26
16821 129 14 143 0.804196 25
16822 76 15 91 0.67033 22
16823 89 13 102 0.745098 25
16824 42 34 76 0.105263 25
16825 46 38 84 0.0952381 26
16826 27 52 79 -0.316456 31
16827 54 59 113 -0.0442478 30
16828 18 80 98 -0.632653 28
16829 52 55 107 -0.0280374 33
16830 103 14 117 0.760684 22
16831 36 70 106 -0.320755 22
16832 11 75 86 -0.744186 26
16833 45 45 90 0 26
16834 49 54 103 -0.0485437 31
16835 69 30 99 0.393939 29
16836 15 43 58 -0.482759 20
16837 16 130 146 -0.780822 22
16838 52 70 122 -0.147541 31
16839 28 63 91 -0.384615 30
16840 8 76 84 -0.809524 24
16841 7 89 96 -0.854167 22
16842 33 81 114 -0.421053 29
16843 33 84 117 -0.435897 28
16844 30 72 102 -0.411765 31
16845 15 135 150 -0.8 27
16846 50 40 90 0.111111 27
16847 4 103 107 -0.925234 22
16848 49 35 84 0.166667 31
16849 62 46 108 0.148148 28
16850 71 13 84 0.690476 20
16851 20 91 111 -0.63964 28
16852 12 105 117 -0.794872 20
16853 40 42 82 -0.0243902 26
16854 112 4 116 0.931034 22
16855 45 13 58 0.551724 22
16856 65 15 80 0.625 23
16857 90 4 94 0.914894 22
16858 17 68 85 -0.6 22
16859 57 22 79 0.443038 28
16860 21 3 24 0.75 15
16861 11 81 92 -0.76087 22
16862 102 18 120 0.7 31
16863 92 17 109 0.688073 26
16864 91 8 99 0.838384 25
16865 59 13 72 0.638889 22
16866 78 35 113 0.380531 34
16867 48 36 84 0.142857 30
16868 89 25 114 0.561404 33
16869 113 4 117 0.931624 21
16870 62 22 84 0.47619 23
16871 23 61 84 -0.452381 29
16872 11 80 91 -0.758242 26
16873 42 51 93 -0.0967742 29
16874 63 27 90 0.4 25
16875 117 18 135 0.733333 27
16876 35 75 110 -0.363636 30
16877 75 38 113 0.327434 31
16878 77 20 97 0.587629 25
16879 81 25 106 0.528302 29
16880 109 9 118 0.847458 21
16881 55 74 129 -0.147287 23
16882 26 63 89 -0.41573 29
16883 73 15 88 0.659091 27
16884 50 63 113 -0.115044 29
16885 64 43 107 0.196262 30
16886 101 4 105 0.92381 22
16887 116 7 123 0.886179 25
16888 29 65 94 -0.382979 21
16889 102 17 119 0.714286 27
16890 23 54 77 -0.402597 28
16891 21 93 114 -0.631579 27
16892 15 86 101 -0.70297 27
16893 100 27 127 0.574803 27
16894 2 110 112 -0.964286 16
16895 56 49 105 0.0666667 35
16896 71 39 110 0.290909 28
16897 65 49 114 0.140351 31
16898 14 61 75 -0.626667 25
16899 33 43 76 -0.131579 25
16900 13 89 102 -0.745098 20
16901 18 57 75 -0.52 25
16902 70 26 96 0.458333 26
16903 19 72 91 -0.582418 26
16904 64 19 83 0.542169 30
16905 78 22 100 0.56 25
16906 57 51 108 0.0555556 27
16907 22 79 101 -0.564356 29
16908 48 52 100 -0.04 24
16909 81 13 94 0.723404 27
16910 69 33 102 0.352941 29
16911 45 55 100 -0.1 26
16912 10 97 107 -0.813084 27
16913 1 78 79 -0.974684 13
16914 7 108 115 -0.878261 26
16915 129 1 130 0.984615 13
16916 59 32 91 0.296703 31
16917 3 79 82 -0.926829 21
16918 84 15 99 0.69697 26
16919 46 50 96 -0.0416667 26
16920 27 55 82 -0.341463 29
16921 33 61 94 -0.297872 28
16922 97 6 103 0.883495 23
16923 6 106 112 -0.892857 22
16924 63 34 97 0.298969 29
16925 16 93 109 -0.706422 26
16926 31 53 84 -0.261905 20
16927 7 117 124 -0.887097 17
16928 45 37 82 0.097561 19
16929 23 83 106 -0.566038 28
16930 6 116 122 -0.901639 17
16931 4 115 119 -0.932773 22
16932 48 28 76 0.263158 28
16933 32 73 105 -0.390476 30
16934 28 59 87 -0.356322 24
16935 25 55 80 -0.375 33
16936 35 30 65 0.0769231 16
16937 38 54 92 -0.173913 30
16938 57 8 65 0.753846 14
16939 19 66 85 -0.552941 27
16940 101 2 103 0.961165 20
16941 66 24 90 0.466667 25
16942 11 104 115 -0.808696 24
16943 70 34 104 0.346154 30
16944 67 23 90 0.488889 28
16945 50 32 82 0.219512 32
16946 98 8 106 0.849057 24
16947 77 22 99 0.555556 26
16948 57 25 82 0.390244 30
16949 33 16 49 0.346939 24
16950 21 103 124 -0.66129 25
16951 24 94 118 -0.59322 31
16952 44 40 84 0.047619 21
16953 76 26 102 0.490196 26
16954 45 34 79 0.139241 28
16955 49 56 105 -0.0666667 32
16956 56 67 123 -0.0894309 34
16957 21 63 84 -0.5 28
16958 85 15 100 0.7 28
16959 26 88 114 -0.54386 29
16960 83 28 111 0.495495 29
16961 10 84 94 -0.787234 17
16962 12 130 142 -0.830986 22
16963 18 108 126 -0.714286 25
16964 51 27 78 0.307692 22
16965 89 11 100 0.78 24
16966 30 40 70 -0.142857 25
16967 84 21 105 0.6 28
16968 110 34 144 0.527778 29
16969 86 17 103 0.669903 25
16970 62 65 127 -0.023622 31
16971 53 40 93 0.139785 26
16972 104 14 118 0.762712 18
16973 34 66 100 -0.32 25
16974 3 116 119 -0.94958 20
16975 118 6 124 0.903226 15
16976 63 52 115 0.0956522 30
16977 22 64 86 -0.488372 26
16978 81 27 108 0.5 25
16979 43 26 69 0.246377 21
16980 56 46 102 0.0980392 27
16981 20 128 148 -0.72973 31
16982 18 88 106 -0.660377 25
16983 92 4 96 0.916667 23
16984 31 64 95 -0.347368 25
16985 65 54 119 0.092437 29
16986 101 9 110 0.836364 26
16987 33 84 117 -0.435897 28
16988 108 8 116 0.862069 24
16989 24 61 85 -0.435294 28
16990 36 35 71 0.0140845 29
16991 63 42 105 0.2 33
16992 25 62 87 -0.425287 28
16993 91 7 98 0.857143 22
16994 87 20 107 0.626168 29
16995 33 72 105 -0.371429 28
16996 15 85 100 -0.7 24
16997 27 50 77 -0.298701 23
16998 59 22 81 0.45679 27
16999 30 67 97 -0.381443 27
17000 35 75 110 -0.363636 26
17001 12 51 63 -0.619048 22
17002 56 27 83 0.349398 27
17003 28 85 113 -0.504425 28
17004 70 3 73 0.917808 19
17005 44 52 96 -0.0833333 30
17006 150 10 160 0.875 19
17007 88 37 125 0.408 32
17008 80 26 106 0.509434 30
17009 43 73 116 -0.258621 26
17010 33 64 97 -0.319588 32
17011 10 108 118 -0.830508 26
17012 39 62 101 -0.227723 29
17013 34 56 90 -0.244444 35
17014 60 22 82 0.463415 28
17015 24 83 107 -0.551402 29
17016 30 67 97 -0.381443 32
17017 12 30 42 -0.428571 18
17018 15 81 96 -0.6875 24
17019 51 51 102 0 30
17020 143 17 160 0.7875 17
17021 57 38 95 0.2 27
17022 9 107 116 -0.844828 25
17023 11 115 126 -0.825397 16
17024 16 61 77 -0.584416 30
17025 65 15 80 0.625 25
17026 118 2 120 0.966667 21
17027 43 49 92 -0.0652174 26
17028 123 10 133 0.849624 26
17029 92 7 99 0.858586 24
17030 14 111 125 -0.776 25
17031 80 12 92 0.73913 24
17032 60 47 107 0.121495 24
17033 18 85 103 -0.650485 28
17034 53 53 106 0 31
17035 8 130 138 -0.884058 22
17036 88 25 113 0.557522 26
17037 22 87 109 -0.59633 28
17038 87 22 109 0.59633 28
17039 66 19 85 0.552941 27
17040 82 10 92 0.782609 25
17041 85 17 102 0.666667 20
17042 44 39 83 0.060241 21
17043 78 19 97 0.608247 25
17044 59 24 83 0.421687 25
17045 121 1 122 0.983607 17
17046 12 102 114 -0.789474 22
17047 40 16 56 0.428571 23
17048 60 15 75 0.6 22
17049 105 16 121 0.735537 28
17050 46 80 126 -0.269841 31
17051 46 65 111 -0.171171 28
17052 42 79 121 -0.305785 32
17053 92 27 119 0.546218 30
17054 13 98 111 -0.765766 22
17055 98 22 120 0.633333 28
17056 54 47 101 0.0693069 26
17057 16 77 93 -0.655914 24
17058 40 71 111 -0.279279 24
17059 85 21 106 0.603774 25
17060 87 9 96 0.8125 22
17061 16 94 110 -0.709091 25
17062 54 37 91 0.186813 27
17063 37 65 102 -0.27451 30
17064 19 81 100 -0.62 25
17065 15 65 80 -0.625 23
17066 19 122 141 -0.730496 29
17067 74 18 92 0.608696 24
17068 2 85 87 -0.954023 19
17069 36 45 81 -0.111111 28
17070 18 53 71 -0.492958 22
17071 47 54 101 -0.0693069 33
17072 77 31 108 0.425926 22
17073 47 39 86 0.0930233 26
17074 3 29 32 -0.8125 15
17075 32 64 96 -0.333333 26
17076 136 7 143 0.902098 23
17077 112 10 122 0.836066 24
17078 29 59 88 -0.340909 27
17079 116 18 134 0.731343 23
17080 32 73 105 -0.390476 30
17081 52 28 80 0.3 18
17082 48 62 110 -0.127273 28
17083 97 9 106 0.830189 24
17084 48 58 106 -0.0943396 31
17085 43 54 97 -0.113402 24
17086 72 8 80 0.8 26
17087 13 113 126 -0.793651 25
17088 19 40 59 -0.355932 26
17089 105 6 111 0.891892 24
17090 37 50 87 -0.149425 24
17091 77 14 91 0.692308 25
17092 56 42 98 0.142857 23
17093 62 41 103 0.203883 29
17094 78 30 108 0.444444 28
17095 28 8 36 0.555556 19
17096 4 112 116 -0.931034 19
17097 123 7 130 0.892308 18
17098 63 49 112 0.125 31
17099 87 12 99 0.757576 21
17100 33 50 83 -0.204819 23
17101 35 74 109 -0.357798 27
17102 119 6 125 0.904 20
17103 42 55 97 -0.134021 22
17104 91 30 121 0.504132 27
17105 41 55 96 -0.145833 29
17106 77 53 130 0.184615 33
17107 13 105 118 -0.779661 23
17108 50 45 95 0.0526316 34
17109 30 72 102 -0.411765 31
17110 34 35 69 -0.0144928 28
17111 129 14 143 0.804196 27
17112 8 143 151 -0.89404 23
17113 73 48 121 0.206612 34
17114 35 26 61 0.147541 24
17115 16 81 97 -0.670103 25
17116 29 78 107 -0.457944 30
17117 116 16 132 0.757576 25
17118 22 77 99 -0.555556 31
17119 13 87 100 -0.74 29
17120 92 22 114 0.614035 29
17121 39 73 112 -0.303571 31
17122 44 29 73 0.205479 28
17123 66 17 83 0.590361 22
17124 73 19 92 0.586957 29
17125 109 19 128 0.703125 24
17126 16 87 103 -0.68932 23
17127 58 45 103 0.126214 30
17128 22 109 131 -0.664122 31
17129 91 13 104 0.75 25
17130 48 36 84 0.142857 31
17131 23 57 80 -0.425 23
17132 57 45 102 0.117647 32
17133 63 41 104 0.211538 30
17134 17 71 88 -0.613636 26
17135 73 32 105 0.390476 30
17136 67 12 79 0.696203 18
17137 78 26 104 0.5 31
17138 30 62 92 -0.347826 32
17139 51 34 85 0.2 30
17140 69 48 117 0.179487 32
17141 62 27 89 0.393258 24
17142 61 9 70 0.742857 23
17143 36 73 109 -0.33945 29
17144 71 10 81 0.753086 23
17145 14 90 104 -0.730769 22
17146 52 41 93 0.11828 28
17147 109 5 114 0.912281 22
17148 96 26 122 0.57377 24
17149 4 124 128 -0.9375 15
17150 14 86 100 -0.72 29
17151 6 123 129 -0.906977 23
17152 3 123 126 -0.952381 22
17153 62 44 106 0.169811 36
17154 59 49 108 0.0925926 25
17155 0 159 159 -1 15
17156 38 66 104 -0.269231 34
17157 116 8 124 0.870968 22
17158 54 24 78 0.384615 22
17159 20 72 92 -0.565217 27
17160 151 7 158 0.911392 17
17161 23 65 88 -0.477273 26
17162 36 34 70 0.0285714 26
17163 82 3 85 0.929412 20
17164 90 30 120 0.5 27
17165 36 47 83 -0.13253 24
17166 79 29 108 0.462963 24
17167 4 126 130 -0.938462 18
17168 47 34 81 0.160494 21
17169 54 51 105 0.0285714 32
17170 36 26 62 0.16129 26
17171 33 101 134 -0.507463 29
17172 59 41 100 0.18 28
17173 6 122 128 -0.90625 21
17174 5 96 101 -0.90099 23
17175 53 71 124 -0.145161 34
17176 4 87 91 -0.912088 20
17177 15 71 86 -0.651163 27
17178 22 95 117 -0.623932 26
17179 18 92 110 -0.672727 30
17180 46 46 92 0 30
17181 31 68 99 -0.373737 30
17182 87 31 118 0.474576 30
17183 15 88 103 -0.708738 26
17184 92 34 126 0.460317 31
17185 47 48 95 -0.0105263 35
17186 72 18 90 0.6 24
17187 62 9 71 0.746479 25
17188 24 64 88 -0.454545 29
17189 26 66 92 -0.434783 30
17190 48 61 109 -0.119266 22
17191 98 28 126 0.555556 31
17192 11 120 131 -0.832061 16
17193 64 59 123 0.0406504 27
17194 11 107 118 -0.813559 26
17195 43 53 96 -0.104167 28
17196 13 74 87 -0.701149 26
17197 37 77 114 -0.350877 27
17198 68 28 96 0.416667 22
17199 24 81 105 -0.542857 31
17200 16 121 137 -0.766423 30
17201 28 77 105 -0.466667 31
17202 16 44 60 -0.466667 24
17203 87 43 130 0.338462 29
17204 12 97 109 -0.779817 20
17205 12 133 145 -0.834483 24
17206 67 35 102 0.313725 33
17207 53 73 126 -0.15873 31
17208 14 135 149 -0.812081 25
17209 33 55 88 -0.25 25
17210 58 42 100 0.16 28
17211 53 23 76 0.394737 29
17212 35 72 107 -0.345794 29
17213 14 74 88 -0.681818 23
17214 27 44 71 -0.239437 27
17215 3 130 133 -0.954887 22
17216 67 28 95 0.410526 31
17217 86 19 105 0.638095 28
17218 95 10 105 0.809524 26
17219 120 12 132 0.818182 20
17220 41 39 80 0.025 25
17221 24 83 107 -0.551402 30
17222 44 58 102 -0.137255 26
17223 15 110 125 -0.76 21
17224 26 68 94 -0.446809 30
17225 57 50 107 0.0654206 28
17226 4 144 148 -0.945946 21
17227 43 84 127 -0.322835 30
17228 110 12 122 0.803279 21
17229 87 10 97 0.793814 26
17230 16 110 126 -0.746032 28
17231 11 75 86 -0.744186 28
17232 48 68 116 -0.172414 31
17233 102 14 116 0.758621 28
17234 44 74 118 -0.254237 30
17235 41 90 131 -0.374046 26
17236 94 6 100 0.88 21
17237 111 3 114 0.947368 22
17238 58 35 93 0.247312 31
17239 59 58 117 0.00854701 30
17240 25 55 80 -0.375 22
17241 61 27 88 0.386364 31
17242 16 87 103 -0.68932 26
17243 10 109 119 -0.831933 25
17244 33 66 99 -0.333333 27
17245 15 97 112 -0.732143 19
17246 45 71 116 -0.224138 29
17247 62 36 98 0.265306 29
17248 48 46 94 0.0212766 30
17249 53 26 79 0.341772 29
17250 68 10 78 0.74359 27
17251 63 34 97 0.298969 33
17252 53 30 83 0.277108 21
17253 10 102 112 -0.821429 23
17254 63 32 95 0.326316 29
17255 124 7 131 0.89313 22
17256 24 43 67 -0.283582 22
17257 1 89 90 -0.977778 16
17258 115 14 129 0.782946 26
17259 82 13 95 0.726316 24
17260 44 28 72 0.222222 22
17261 72 32 104 0.384615 34
17262 9 90 99 -0.818182 27
17263 80 26 106 0.509434 31
17264 24 81 105 -0.542857 28
17265 52 49 101 0.029703 31
17266 22 67 89 -0.505618 23
17267 118 3 121 0.950413 22
17268 27 87 114 -0.526316 31
17269 32 73 105 -0.390476 27
17270 43 66 109 -0.211009 31
17271 30 66 96 -0.375 26
17272 36 54 90 -0.2 30
17273 84 9 93 0.806452 25
17274 20 95 115 -0.652174 32
17275 21 73 94 -0.553191 27
17276 66 24 90 0.466667 27
17277 31 62 93 -0.333333 22
17278 60 26 86 0.395349 25
17279 44 71 115 -0.234783 25
17280 42 60 102 -0.176471 30
17281 40 45 85 -0.0588235 28
17282 68 24 92 0.478261 30
17283 17 82 99 -0.656566 24
17284 44 9 53 0.660377 20
17285 18 60 78 -0.538462 24
17286 94 20 114 0.649123 24
17287 59 60 119 -0.00840336 31
17288 84 6 90 0.866667 23
17289 26 70 96 -0.458333 28
17290 39 72 111 -0.297297 25
17291 87 11 98 0.77551 29
17292 63 20 83 0.518072 26
17293 33 66 99 -0.333333 25
17294 49 46 95 0.0315789 22
17295 89 2 91 0.956044 20
17296 27 65 92 -0.413043 24
17297 21 78 99 -0.575758 28
17298 66 9 75 0.76 18
17299 44 67 111 -0.207207 27
17300 30 79 109 -0.449541 29
17301 49 38 87 0.126437 29
17302 5 76 81 -0.876543 23
17303 29 72 101 -0.425743 34
17304 72 37 109 0.321101 32
17305 23 61 84 -0.452381 28
17306 63 22 85 0.482353 30
17307 20 95 115 -0.652174 21
17308 48 44 92 0.0434783 22
17309 105 5 110 0.909091 21
17310 0 130 130 -1 10
17311 61 41 102 0.196078 27
17312 25 67 92 -0.456522 30
17313 23 45 68 -0.323529 26
17314 109 14 123 0.772358 26
17315 3 101 104 -0.942308 21
17316 112 3 115 0.947826 18
17317 130 11 141 0.843972 21
17318 52 66 118 -0.118644 27
17319 9 83 92 -0.804348 23
17320 58 61 119 -0.0252101 30
17321 29 45 74 -0.216216 30
17322 32 38 70 -0.0857143 25
17323 37 69 106 -0.301887 29
17324 28 65 93 -0.397849 28
17325 39 64 103 -0.242718 28
17326 10 113 123 -0.837398 22
17327 53 34 87 0.218391 29
17328 47 54 101 -0.0693069 31
17329 77 29 106 0.45283 31
17330 21 80 101 -0.584158 29
17331 10 104 114 -0.824561 27
17332 83 22 105 0.580952 19
17333 52 52 104 0 30
17334 29 77 106 -0.45283 26
17335 12 51 63 -0.619048 24
17336 29 84 113 -0.486726 30
17337 82 30 112 0.464286 28
17338 74 28 102 0.45098 30
17339 59 39 98 0.204082 27
17340 103 13 116 0.775862 26
17341 31 68 99 -0.373737 23
17342 31 50 81 -0.234568 22
17343 29 33 62 -0.0645161 23
17344 33 65 98 -0.326531 31
17345 23 66 89 -0.483146 22
17346 36 46 82 -0.121951 27
17347 90 33 123 0.463415 26
17348 97 13 110 0.763636 25
17349 5 93 98 -0.897959 22
17350 93 17 110 0.690909 29
17351 46 70 116 -0.206897 33
17352 78 10 88 0.772727 23
17353 42 73 115 -0.269565 28
17354 51 43 94 0.0851064 30
17355 41 53 94 -0.12766 30
17356 23 87 110 -0.581818 26
17357 7 87 94 -0.851064 24
17358 49 58 107 -0.0841121 31
17359 83 17 100 0.66 28
17360 66 20 86 0.534884 26
17361 49 52 101 -0.029703 32
17362 47 39 86 0.0930233 33
17363 13 117 130 -0.8 24
17364 34 64 98 -0.306122 30
17365 100 11 111 0.801802 26
17366 86 31 117 0.470085 30
17367 68 58 126 0.0793651 30
17368 63 15 78 0.615385 28
17369 51 15 66 0.545455 25
17370 27 74 101 -0.465347 24
17371 49 42 91 0.0769231 30
17372 87 26 113 0.539823 31
17373 37 60 97 -0.237113 23
17374 14 69 83 -0.662651 29
17375 69 35 104 0.326923 25
17376 74 29 103 0.436893 24
17377 28 52 80 -0.3 27
17378 18 113 131 -0.725191 28
17379 93 20 113 0.646018 32
17380 22 58 80 -0.45 24
17381 68 55 123 0.105691 27
17382 29 74 103 -0.436893 29
17383 41 80 121 -0.322314 32
17384 43 67 110 -0.218182 30
17385 69 48 117 0.179487 33
17386 86 18 104 0.653846 27
17387 21 59 80 -0.475 20
17388 19 70 89 -0.573034 30
17389 14 104 118 -0.762712 25
17390 101 11 112 0.803571 20
17391 33 68 101 -0.346535 25
17392 62 38 100 0.24 26
17393 2 76 78 -0.948718 21
17394 30 83 113 -0.469027 31
17395 69 56 125 0.104 32
17396 4 102 106 -0.924528 23
17397 75 8 83 0.807229 23
17398 25 75 100 -0.5 28
17399 19 62 81 -0.530864 28
17400 43 41 84 0.0238095 26
17401 26 90 116 -0.551724 26
17402 47 49 96 -0.0208333 27
17403 112 10 122 0.836066 24
17404 10 81 91 -0.78022 25
17405 33 65 98 -0.326531 22
17406 45 52 97 -0.0721649 24
17407 57 13 70 0.628571 26
17408 36 81 117 -0.384615 26
17409 28 100 128 -0.5625 31
17410 4 126 130 -0.938462 16
17411 36 58 94 -0.234043 30
17412 5 74 79 -0.873418 21
17413 35 78 113 -0.380531 32
17414 35 38 73 -0.0410959 29
17415 38 38 76 0 20
17416 100 12 112 0.785714 25
17417 80 9 89 0.797753 23
17418 16 150 166 -0.807229 27
17419 96 20 116 0.655172 30
17420 89 10 99 0.79798 25
17421 63 53 116 0.0862069 34
17422 9 137 146 -0.876712 18
17423 65 45 110 0.181818 33
17424 52 46 98 0.0612245 27
17425 82 14 96 0.708333 23
17426 57 42 99 0.151515 33
17427 72 23 95 0.515789 29
17428 25 68 93 -0.462366 27
17429 16 87 103 -0.68932 26
17430 34 60 94 -0.276596 28
17431 71 20 91 0.56044 28
17432 66 30 96 0.375 28
17433 27 55 82 -0.341463 29
17434 24 119 143 -0.664336 22
17435 16 81 97 -0.670103 31
17436 17 66 83 -0.590361 21
17437 39 74 113 -0.309735 33
17438 85 29 114 0.491228 33
17439 31 73 104 -0.403846 28
17440 109 7 116 0.87931 22
17441 51 46 97 0.0515464 28
17442 24 79 103 -0.533981 29
17443 30 75 105 -0.428571 26
17444 17 105 122 -0.721311 30
17445 114 1 115 0.982609 20
17446 8 102 110 -0.854545 21
17447 18 60 78 -0.538462 26
17448 44 26 70 0.257143 21
17449 117 22 139 0.683453 23
17450 65 35 100 0.3 31
17451 33 45 78 -0.153846 24
17452 97 22 119 0.630252 19
17453 45 74 119 -0.243697 30
17454 71 42 113 0.256637 31
17455 45 37 82 0.097561 27
17456 92 2 94 0.957447 21
17457 53 41 94 0.12766 29
17458 85 18 103 0.650485 24
17459 11 56 67 -0.671642 21
17460 99 14 113 0.752212 25
17461 40 32 72 0.111111 26
17462 7 92 99 -0.858586 24
17463 21 62 83 -0.493976 21
17464 3 107 110 -0.945455 21
17465 61 70 131 -0.0687023 29
17466 16 82 98 -0.673469 29
17467 74 40 114 0.298246 26
17468 57 36 93 0.225806 28
17469 31 57 88 -0.295455 29
17470 74 24 98 0.510204 28
17471 23 96 119 -0.613445 28
17472 33 64 97 -0.319588 32
17473 59 24 83 0.421687 28
17474 23 76 99 -0.535354 28
17475 86 12 98 0.755102 20
17476 25 81 106 -0.528302 23
17477 18 95 113 -0.681416 26
17478 94 2 96 0.958333 19
17479 79 12 91 0.736264 25
17480 95 6 101 0.881188 24
17481 56 27 83 0.349398 25
17482 71 8 79 0.797468 24
17483 65 17 82 0.585366 27
17484 75 32 107 0.401869 24
17485 46 42 88 0.0454545 27
17486 55 23 78 0.410256 26
17487 28 70 98 -0.428571 22
17488 11 90 101 -0.782178 24
17489 74 36 110 0.345455 21
17490 2 106 108 -0.962963 12
17491 16 58 74 -0.567568 22
17492 83 11 94 0.765957 25
17493 10 115 125 -0.84 22
17494 132 10 142 0.859155 19
17495 26 116 142 -0.633803 29
17496 4 94 98 -0.918367 20
17497 103 15 118 0.745763 21
17498 54 60 114 -0.0526316 31
17499 76 23 99 0.535354 27
17500 104 13 117 0.777778 22
17501 0 5 5 -1 4
17502 100 31 131 0.526718 31
17503 118 15 133 0.774436 28
17504 6 85 91 -0.868132 16
17505 107 26 133 0.609023 28
17506 15 87 102 -0.705882 25
17507 18 86 104 -0.653846 28
17508 56 48 104 0.0769231 30
17509 49 33 82 0.195122 26
17510 83 18 101 0.643564 29
17511 83 41 124 0.33871 24
17512 51 62 113 -0.0973451 29
17513 88 17 105 0.67619 19
17514 56 91 147 -0.238095 30
17515 5 113 118 -0.915254 21
17516 42 52 94 -0.106383 26
17517 95 25 120 0.583333 28
17518 7 109 116 -0.87931 25
17519 113 17 130 0.738462 25
17520 40 56 96 -0.166667 23
17521 67 45 112 0.196429 30
17522 9 68 77 -0.766234 26
17523 34 50 84 -0.190476 26
17524 62 51 113 0.0973451 28
17525 11 75 86 -0.744186 26
17526 43 58 101 -0.148515 33
17527 56 42 98 0.142857 28
17528 57 42 99 0.151515 28
17529 68 38 106 0.283019 31
17530 79 21 100 0.58 26
17531 61 56 117 0.042735 28
17532 36 64 100 -0.28 32
17533 85 30 115 0.478261 25
17534 88 7 95 0.852632 20
17535 104 10 114 0.824561 23
17536 39 42 81 -0.037037 23
17537 51 29 80 0.275 27
17538 102 22 124 0.645161 30
17539 87 27 114 0.526316 30
17540 20 102 122 -0.672131 28
17541 94 20 114 0.649123 29
17542 86 23 109 0.577982 28
17543 23 70 93 -0.505376 25
17544 62 54 116 0.0689655 34
17545 79 3 82 0.926829 16
17546 36 82 118 -0.389831 28
17547 87 13 100 0.74 23
17548 50 64 114 -0.122807 33
17549 31 67 98 -0.367347 23
17550 81 23 104 0.557692 24
17551 34 54 88 -0.227273 28
17552 51 22 73 0.39726 29
17553 78 27 105 0.485714 34
17554 92 16 108 0.703704 27
17555 38 74 112 -0.321429 30
17556 5 142 147 -0.931973 23
17557 113 11 124 0.822581 25
17558 84 31 115 0.46087 28
17559 29 67 96 -0.395833 25
17560 73 6 79 0.848101 22
17561 128 3 131 0.954198 21
17562 45 22 67 0.343284 21
17563 26 38 64 -0.1875 26
17564 137 1 138 0.985507 18
17565 82 24 106 0.54717 28
17566 73 17 90 0.622222 23
17567 65 33 98 0.326531 31
17568 68 34 102 0.333333 28
17569 5 67 72 -0.861111 21
17570 73 44 117 0.247863 30
17571 43 42 85 0.0117647 27
17572 75 37 112 0.339286 26
17573 78 19 97 0.608247 26
17574 68 40 108 0.259259 30
17575 33 84 117 -0.435897 33
17576 28 72 100 -0.44 31
17577 66 44 110 0.2 32
17578 46 65 111 -0.171171 30
17579 108 9 117 0.846154 26
17580 26 54 80 -0.35 29
17581 45 40 85 0.0588235 28
17582 90 17 107 0.682243 25
17583 26 78 104 -0.5 28
17584 80 3 83 0.927711 14
17585 40 69 109 -0.266055 32
17586 31 77 108 -0.425926 31
17587 40 77 117 -0.316239 29
17588 40 71 111 -0.279279 21
17589 32 66 98 -0.346939 26
17590 93 13 106 0.754717 22
17591 0 141 141 -1 16
17592 7 80 87 -0.83908 25
17593 70 18 88 0.590909 24
17594 5 131 136 -0.926471 23
17595 43 79 122 -0.295082 35
17596 45 51 96 -0.0625 24
17597 49 59 108 -0.0925926 28
17598 57 45 102 0.117647 26
17599 106 9 115 0.843478 24
17600 23 60 83 -0.445783 26
17601 92 9 101 0.821782 25
17602 96 9 105 0.828571 27
17603 31 56 87 -0.287356 33
17604 22 73 95 -0.536842 25
17605 29 64 93 -0.376344 26
17606 79 22 101 0.564356 27
17607 13 112 125 -0.792 25
17608 44 43 87 0.0114943 28
17609 85 7 92 0.847826 25
17610 1 111 112 -0.982143 19
17611 42 57 99 -0.151515 29
17612 75 31 106 0.415094 33
17613 24 70 94 -0.489362 22
17614 40 28 68 0.176471 28
17615 89 16 105 0.695238 29
17616 88 7 95 0.852632 23
17617 78 7 85 0.835294 21
17618 76 48 124 0.225806 35
17619 95 15 110 0.727273 25
17620 7 99 106 -0.867925 23
17621 25 85 110 -0.545455 30
17622 43 68 111 -0.225225 28
17623 14 77 91 -0.692308 27
17624 105 9 114 0.842105 19
17625 101 23 124 0.629032 23
17626 32 78 110 -0.418182 28
17627 111 6 117 0.897436 24
17628 21 71 92 -0.543478 24
17629 61 27 88 0.386364 29
17630 41 52 93 -0.11828 27
17631 4 87 91 -0.912088 19
17632 45 44 89 0.011236 31
17633 53 75 128 -0.171875 31
17634 16 95 111 -0.711712 30
17635 24 78 102 -0.529412 27
17636 132 19 151 0.748344 26
17637 101 5 106 0.90566 22
17638 28 61 89 -0.370787 23
17639 160 8 168 0.904762 14
17640 113 4 117 0.931624 19
17641 64 40 104 0.230769 27
17642 57 53 110 0.0363636 31
17643 127 8 135 0.881481 23
17644 66 44 110 0.2 22
17645 70 30 100 0.4 30
17646 34 68 102 -0.333333 28
17647 8 84 92 -0.826087 23
17648 11 61 72 -0.694444 19
17649 7 117 124 -0.887097 21
17650 39 64 103 -0.242718 32
17651 23 85 108 -0.574074 28
17652 5 82 87 -0.885057 19
17653 71 29 100 0.42 26
17654 16 111 127 -0.748031 29
17655 58 34 92 0.26087 18
17656 45 47 92 -0.0217391 30
17657 75 36 111 0.351351 27
17658 37 71 108 -0.314815 28
17659 62 43 105 0.180952 26
17660 77 24 101 0.524752 28
17661 37 57 94 -0.212766 27
17662 88 22 110 0.6 28
17663 67 17 84 0.595238 28
17664 22 75 97 -0.546392 28
17665 41 70 111 -0.261261 30
17666 25 66 91 -0.450549 29
17667 26 83 109 -0.522936 31
17668 26 61 87 -0.402299 28
17669 35 67 102 -0.313725 34
17670 97 16 113 0.716814 28
17671 63 59 122 0.0327869 32
17672 69 69 138 0 36
17673 15 61 76 -0.605263 23
17674 49 29 78 0.25641 31
17675 25 62 87 -0.425287 26
17676 64 21 85 0.505882 25
17677 11 103 114 -0.807018 26
17678 80 40 120 0.333333 33
17679 88 27 115 0.530435 22
17680 84 26 110 0.527273 27
17681 70 45 115 0.217391 28
17682 72 26 98 0.469388 30
17683 58 36 94 0.234043 22
17684 78 20 98 0.591837 31
17685 14 90 104 -0.730769 23
17686 43 38 81 0.0617284 25
17687 8 94 102 -0.843137 25
17688 112 15 127 0.76378 25
17689 20 84 104 -0.615385 28
17690 4 107 111 -0.927928 16
17691 90 20 110 0.636364 22
17692 28 79 107 -0.476636 29
17693 4 140 144 -0.944444 17
17694 16 87 103 -0.68932 28
17695 19 47 66 -0.424242 22
17696 36 62 98 -0.265306 29
17697 31 74 105 -0.409524 29
17698 13 98 111 -0.765766 27
17699 59 22 81 0.45679 27
17700 68 37 105 0.295238 20
17701 69 11 80 0.725 26
17702 78 22 100 0.56 31
17703 37 76 113 -0.345133 32
17704 89 13 102 0.745098 26
17705 18 100 118 -0.694915 21
17706 34 57 91 -0.252747 23
17707 126 13 139 0.81295 24
17708 15 77 92 -0.673913 28
17709 66 28 94 0.404255 27
17710 58 27 85 0.364706 25
17711 57 67 124 -0.0806452 28
17712 46 55 101 -0.0891089 29
17713 95 7 102 0.862745 23
17714 59 23 82 0.439024 26
17715 136 6 142 0.915493 20
17716 71 28 99 0.434343 28
17717 65 45 110 0.181818 30
17718 77 14 91 0.692308 24
17719 20 82 102 -0.607843 25
17720 64 42 106 0.207547 26
17721 44 29 73 0.205479 18
17722 159 5 164 0.939024 19
17723 43 52 95 -0.0947368 28
17724 72 18 90 0.6 24
17725 30 97 127 -0.527559 29
17726 29 57 86 -0.325581 27
17727 23 65 88 -0.477273 30
17728 24 69 93 -0.483871 30
17729 81 11 92 0.76087 20
17730 42 63 105 -0.2 29
17731 2 3 5 -0.2 5
17732 21 87 108 -0.611111 21
17733 24 94 118 -0.59322 27
17734 52 51 103 0.00970874 31
17735 10 78 88 -0.772727 26
17736 53 45 98 0.0816327 28
17737 117 5 122 0.918033 18
17738 90 41 131 0.374046 26
17739 39 38 77 0.012987 29
17740 47 40 87 0.0804598 26
17741 29 62 91 -0.362637 27
17742 16 97 113 -0.716814 23
17743 5 112 117 -0.91453 14
17744 94 19 113 0.663717 27
17745 95 20 115 0.652174 28
17746 40 38 78 0.025641 32
17747 44 45 89 -0.011236 24
17748 24 72 96 -0.5 28
17749 35 57 92 -0.23913 27
17750 4 140 144 -0.944444 21
17751 3 125 128 -0.953125 22
17752 30 23 53 0.132075 25
17753 25 71 96 -0.479167 29
17754 72 18 90 0.6 26
17755 41 61 102 -0.196078 28
17756 46 51 97 -0.0515464 27
17757 26 88 114 -0.54386 32
17758 93 30 123 0.512195 25
17759 60 31 91 0.318681 30
17760 57 64 121 -0.0578512 31
17761 97 9 106 0.830189 20
17762 36 54 90 -0.2 31
17763 83 30 113 0.469027 25
17764 43 60 103 -0.165049 29
17765 115 9 124 0.854839 20
17766 84 13 97 0.731959 19
17767 42 67 109 -0.229358 29
17768 9 108 117 -0.846154 25
17769 53 27 80 0.325 20
17770 75 32 107 0.401869 30
17771 91 12 103 0.76699 16
17772 93 6 99 0.878788 24
17773 41 58 99 -0.171717 31
17774 55 63 118 -0.0677966 31
17775 51 27 78 0.307692 25
17776 43 61 104 -0.173077 29
17777 121 8 129 0.875969 18
17778 52 41 93 0.11828 29
17779 29 105 134 -0.567164 27
17780 27 88 115 -0.530435 25
17781 7 89 96 -0.854167 20
17782 102 7 109 0.87156 23
17783 53 50 103 0.0291262 27
17784 57 22 79 0.443038 27
17785 129 14 143 0.804196 30
17786 53 67 120 -0.116667 34
17787 64 42 106 0.207547 26
17788 25 71 96 -0.479167 30
17789 8 107 115 -0.86087 24
17790 117 10 127 0.84252 22
17791 29 63 92 -0.369565 27
17792 13 64 77 -0.662338 29
17793 20 69 89 -0.550562 27
17794 78 5 83 0.879518 18
17795 69 33 102 0.352941 31
17796 23 48 71 -0.352113 24
17797 7 79 86 -0.837209 22
17798 56 37 93 0.204301 26
17799 34 43 77 -0.116883 25
17800 21 72 93 -0.548387 25
17801 58 44 102 0.137255 25
17802 8 107 115 -0.86087 21
17803 46 48 94 -0.0212766 32
17804 15 137 152 -0.802632 26
17805 64 14 78 0.641026 22
17806 109 6 115 0.895652 16
17807 19 58 77 -0.506494 26
17808 44 39 83 0.060241 26
17809 65 39 104 0.25 31
17810 87 9 96 0.8125 20
17811 106 11 117 0.811966 25
17812 19 79 98 -0.612245 29
17813 120 4 124 0.935484 18
17814 34 43 77 -0.116883 21
17815 13 83 96 -0.729167 24
17816 77 16 93 0.655914 27
17817 30 83 113 -0.469027 30
17818 39 43 82 -0.0487805 30
17819 68 31 99 0.373737 28
17820 95 17 112 0.696429 28
17821 80 30 110 0.454545 31
17822 30 66 96 -0.375 26
17823 6 99 105 -0.885714 20
17824 99 12 111 0.783784 25
17825 99 25 124 0.596774 31
17826 6 123 129 -0.906977 23
17827 93 24 117 0.589744 28
17828 19 74 93 -0.591398 24
17829 101 43 144 0.402778 31
17830 120 21 141 0.702128 27
17831 63 48 111 0.135135 28
17832 10 101 111 -0.81982 23
17833 26 76 102 -0.490196 33
17834 31 67 98 -0.367347 29
17835 9 37 46 -0.608696 20
17836 46 39 85 0.0823529 28
17837 66 29 95 0.389474 29
17838 4 102 106 -0.924528 21
17839 18 112 130 -0.723077 26
17840 9 111 120 -0.85 25
17841 69 47 116 0.189655 25
17842 35 7 42 0.666667 18
17843 21 114 135 -0.688889 25
17844 47 72 119 -0.210084 33
17845 38 69 107 -0.28972 18
17846 11 111 122 -0.819672 21
17847 56 41 97 0.154639 27
17848 4 112 116 -0.931034 13
17849 10 106 116 -0.827586 21
17850 39 61 100 -0.22 24
17851 73 16 89 0.640449 26
17852 66 35 101 0.306931 27
17853 12 115 127 -0.811024 25
17854 9 100 109 -0.834862 21
17855 71 10 81 0.753086 23
17856 32 48 80 -0.2 23
17857 46 34 80 0.15 27
17858 30 65 95 -0.368421 21
17859 16 101 117 -0.726496 21
17860 41 58 99 -0.171717 35
17861 45 56 101 -0.108911 28
17862 4 81 85 -0.905882 21
17863 69 22 91 0.516484 24
17864 3 67 70 -0.914286 19
17865 15 77 92 -0.673913 21
17866 36 49 85 -0.152941 24
17867 88 44 132 0.333333 28
17868 97 9 106 0.830189 25
17869 25 59 84 -0.404762 26
17870 31 66 97 -0.360825 34
17871 75 32 107 0.401869 29
17872 102 4 106 0.924528 21
17873 25 58 83 -0.39759 28
17874 1 124 125 -0.984 20
17875 48 12 60 0.6 18
17876 79 28 107 0.476636 33
17877 12 105 117 -0.794872 24
17878 9 112 121 -0.85124 21
17879 46 44 90 0.0222222 32
17880 18 86 104 -0.653846 28
17881 8 103 111 -0.855856 21
17882 46 56 102 -0.0980392 27
17883 9 93 102 -0.823529 22
17884 37 54 91 -0.186813 27
17885 84 7 91 0.846154 24
17886 23 86 109 -0.577982 25
17887 60 28 88 0.363636 25
17888 106 19 125 0.696 29
17889 67 2 69 0.942029 19
17890 31 68 99 -0.373737 24
17891 9 80 89 -0.797753 22
17892 45 40 85 0.0588235 25
17893 116 3 119 0.94958 21
17894 24 39 63 -0.238095 22
17895 28 85 113 -0.504425 25
17896 45 38 83 0.0843373 28
17897 51 2 53 0.924528 13
17898 31 53 84 -0.261905 30
17899 9 75 84 -0.785714 23
17900 15 79 94 -0.680851 28
17901 60 32 92 0.304348 27
17902 50 56 106 -0.0566038 31
17903 90 20 110 0.636364 27
17904 82 20 102 0.607843 29
17905 8 110 118 -0.864407 26
17906 61 37 98 0.244898 30
17907 45 16 61 0.47541 28
17908 6 94 100 -0.88 25
17909 104 1 105 0.980952 20
17910 120 12 132 0.818182 24
17911 130 11 141 0.843972 21
17912 34 60 94 -0.276596 29
17913 162 6 168 0.928571 15
17914 72 6 78 0.846154 24
17915 105 27 132 0.590909 27
17916 113 15 128 0.765625 19
17917 63 25 88 0.431818 23
17918 31 77 108 -0.425926 29
17919 69 33 102 0.352941 30
17920 47 40 87 0.0804598 29
17921 66 33 99 0.333333 24
17922 88 21 109 0.614679 32
17923 39 53 92 -0.152174 31
17924 30 73 103 -0.417476 30
17925 16 81 97 -0.670103 26
17926 6 127 133 -0.909774 22
17927 113 14 127 0.779528 25
17928 16 112 128 -0.75 25
17929 16 66 82 -0.609756 29
17930 44 66 110 -0.2 27
17931 10 88 98 -0.795918 25
17932 52 53 105 -0.00952381 32
17933 67 40 107 0.252336 31
17934 35 54 89 -0.213483 34
17935 66 13 79 0.670886 21
17936 16 85 101 -0.683168 30
17937 25 79 104 -0.519231 25
17938 18 84 102 -0.647059 28
17939 1 127 128 -0.984375 12
17940 22 88 110 -0.6 26
17941 35 68 103 -0.320388 23
17942 107 22 129 0.658915 28
17943 13 85 98 -0.734694 19
17944 73 15 88 0.659091 26
17945 14 63 77 -0.636364 27
17946 59 45 104 0.134615 26
17947 106 6 112 0.892857 24
17948 8 137 145 -0.889655 25
17949 71 18 89 0.595506 27
17950 94 39 133 0.413534 34
17951 62 15 77 0.61039 23
17952 42 56 98 -0.142857 28
17953 2 46 48 -0.916667 15
17954 10 102 112 -0.821429 28
17955 34 47 81 -0.160494 23
17956 9 95 104 -0.826923 25
17957 67 36 103 0.300971 23
17958 28 82 110 -0.490909 30
17959 21 46 67 -0.373134 27
17960 50 56 106 -0.0566038 36
17961 51 45 96 0.0625 32
17962 59 55 114 0.0350877 34
17963 11 59 70 -0.685714 16
17964 26 65 91 -0.428571 33
17965 35 44 79 -0.113924 27
17966 40 73 113 -0.292035 24
17967 40 80 120 -0.333333 32
17968 20 62 82 -0.512195 26
17969 113 11 124 0.822581 24
17970 16 72 88 -0.636364 24
17971 55 42 97 0.134021 20
17972 21 80 101 -0.584158 26
17973 35 62 97 -0.278351 29
17974 6 96 102 -0.882353 24
17975 4 65 69 -0.884058 21
17976 28 72 100 -0.44 32
17977 78 28 106 0.471698 31
17978 29 70 99 -0.414141 20
17979 51 62 113 -0.0973451 24
17980 47 15 62 0.516129 24
17981 84 18 102 0.647059 31
17982 15 68 83 -0.638554 24
17983 15 108 123 -0.756098 24
17984 141 7 148 0.905405 25
17985 94 27 121 0.553719 31
17986 62 23 85 0.458824 29
17987 17 82 99 -0.656566 27
17988 9 139 148 -0.878378 19
17989 96 4 100 0.92 22
17990 51 34 85 0.2 33
17991 58 39 97 0.195876 26
17992 56 56 112 0 28
17993 27 72 99 -0.454545 29
17994 83 11 94 0.765957 21
17995 38 57 95 -0.2 30
17996 48 52 100 -0.04 30
17997 40 47 87 -0.0804598 30
17998 72 17 89 0.617978 29
17999 36 54 90 -0.2 21
18000 33 83 116 -0.431034 28
18001 81 18 99 0.636364 31
18002 9 100 109 -0.834862 22
18003 44 27 71 0.239437 29
18004 28 83 111 -0.495495 31
18005 53 56 109 -0.0275229 30
18006 59 30 89 0.325843 26
18007 117 14 131 0.78626 18
18008 64 23 87 0.471264 28
18009 83 17 100 0.66 28
18010 15 64 79 -0.620253 24
18011 53 45 98 0.0816327 27
18012 98 18 116 0.689655 21
18013 52 61 113 -0.079646 25
18014 18 77 95 -0.621053 30
18015 137 6 143 0.916084 21
18016 111 7 118 0.881356 25
18017 16 92 108 -0.703704 29
18018 30 77 107 -0.439252 24
18019 49 50 99 -0.010101 26
18020 133 8 141 0.886525 21
18021 104 31 135 0.540741 26
18022 68 32 100 0.36 31
18023 89 7 96 0.854167 22
18024 17 128 145 -0.765517 20
18025 45 47 92 -0.0217391 29
18026 56 29 85 0.317647 24
18027 69 8 77 0.792208 25
18028 32 48 80 -0.2 24
18029 86 5 91 0.89011 23
18030 58 21 79 0.468354 30
18031 24 67 91 -0.472527 29
18032 4 56 60 -0.866667 19
18033 99 7 106 0.867925 24
18034 76 27 103 0.475728 32
18035 34 57 91 -0.252747 29
18036 24 50 74 -0.351351 22
18037 31 69 100 -0.38 30
18038 9 98 107 -0.831776 21
18039 24 37 61 -0.213115 25
18040 3 83 86 -0.930233 21
18041 8 94 102 -0.843137 22
18042 24 76 100 -0.52 25
18043 62 26 88 0.409091 31
18044 57 36 93 0.225806 31
18045 108 8 116 0.862069 24
18046 70 15 85 0.647059 23
18047 107 18 125 0.712 30
18048 68 21 89 0.52809 28
18049 24 76 100 -0.52 22
18050 58 57 115 0.00869565 31
18051 20 81 101 -0.60396 23
18052 76 7 83 0.831325 25
18053 70 35 105 0.333333 23
18054 64 8 72 0.777778 21
18055 155 5 160 0.9375 17
18056 98 10 108 0.814815 24
18057 11 106 117 -0.811966 25
18058 18 99 117 -0.692308 26
18059 40 92 132 -0.393939 27
18060 100 17 117 0.709402 26
18061 27 46 73 -0.260274 23
18062 95 17 112 0.696429 29
18063 59 23 82 0.439024 26
18064 71 5 76 0.868421 23
18065 107 20 127 0.685039 31
18066 15 126 141 -0.787234 28
18067 76 25 101 0.50495 27
18068 12 115 127 -0.811024 25
18069 22 58 80 -0.45 28
18070 70 40 110 0.272727 30
18071 15 84 99 -0.69697 23
18072 60 27 87 0.37931 29
18073 53 46 99 0.0707071 29
18074 20 121 141 -0.716312 24
18075 93 20 113 0.646018 21
18076 11 85 96 -0.770833 28
18077 3 115 118 -0.949153 18
18078 22 104 126 -0.650794 23
18079 3 123 126 -0.952381 22
18080 88 34 122 0.442623 25
18081 30 66 96 -0.375 29
18082 49 28 77 0.272727 26
18083 95 11 106 0.792453 20
18084 58 54 112 0.0357143 22
18085 35 120 155 -0.548387 34
18086 18 91 109 -0.669725 24
18087 58 45 103 0.126214 36
18088 33 56 89 -0.258427 28
18089 38 52 90 -0.155556 22
18090 25 92 117 -0.57265 20
18091 4 108 112 -0.928571 22
18092 91 28 119 0.529412 31
18093 141 14 155 0.819355 20
18094 41 35 76 0.0789474 27
18095 33 83 116 -0.431034 25
18096 9 66 75 -0.76 24
18097 23 84 107 -0.570093 27
18098 12 95 107 -0.775701 21
18099 54 37 91 0.186813 27
18100 6 129 135 -0.911111 20
18101 9 81 90 -0.8 23
18102 73 52 125 0.168 36
18103 77 7 84 0.833333 25
18104 30 77 107 -0.439252 29
18105 69 46 115 0.2 23
18106 67 44 111 0.207207 29
18107 45 53 98 -0.0816327 24
18108 27 70 97 -0.443299 26
18109 5 115 120 -0.916667 23
18110 32 51 83 -0.228916 30
18111 72 17 89 0.617978 30
18112 3 120 123 -0.95122 21
18113 2 107 109 -0.963303 17
18114 71 15 86 0.651163 18
18115 93 25 118 0.576271 24
18116 76 31 107 0.420561 21
18117 98 9 107 0.831776 23
18118 51 79 130 -0.215385 30
18119 22 63 85 -0.482353 27
18120 0 0 0 0 0
18121 36 75 111 -0.351351 24
18122 77 15 92 0.673913 18
18123 35 46 81 -0.135802 24
18124 13 85 98 -0.734694 21
18125 26 47 73 -0.287671 22
18126 7 104 111 -0.873874 25
18127 10 100 110 -0.818182 27
18128 83 24 107 0.551402 24
18129 48 33 81 0.185185 21
18130 57 33 90 0.266667 31
18131 24 77 101 -0.524752 28
18132 66 25 91 0.450549 24
18133 5 51 56 -0.821429 19
18134 39 45 84 -0.0714286 30
18135 63 2 65 0.938462 15
18136 62 24 86 0.44186 26
18137 79 20 99 0.59596 28
18138 86 33 119 0.445378 29
18139 13 97 110 -0.763636 23
18140 7 130 137 -0.89781 16
18141 95 14 109 0.743119 27
18142 57 13 70 0.628571 21
18143 92 29 121 0.520661 32
18144 14 58 72 -0.611111 15
18145 16 100 116 -0.724138 21
18146 3 107 110 -0.945455 17
18147 92 9 101 0.821782 23
18148 74 6 80 0.85 25
18149 47 55 102 -0.0784314 26
18150 50 20 70 0.428571 28
18151 14 88 102 -0.72549 24
18152 26 83 109 -0.522936 27
18153 13 98 111 -0.765766 28
18154 83 49 132 0.257576 34
18155 59 21 80 0.475 24
18156 155 5 160 0.9375 23
18157 22 102 124 -0.645161 23
18158 68 29 97 0.402062 26
18159 93 10 103 0.805825 23
18160 100 16 116 0.724138 25
18161 95 15 110 0.727273 26
18162 77 11 88 0.75 25
18163 13 117 130 -0.8 27
18164 66 27 93 0.419355 29
18165 77 20 97 0.587629 28
18166 115 16 131 0.755725 21
18167 16 65 81 -0.604938 26
18168 30 69 99 -0.393939 24
18169 37 57 94 -0.212766 28
18170 73 23 96 0.520833 24
18171 135 2 137 0.970803 16
18172 36 83 119 -0.394958 31
18173 47 51 98 -0.0408163 31
18174 58 8 66 0.757576 18
18175 91 11 102 0.784314 25
18176 66 45 111 0.189189 33
18177 23 91 114 -0.596491 26
18178 37 89 126 -0.412698 30
18179 99 5 104 0.903846 17
18180 93 5 98 0.897959 19
18181 114 4 118 0.932203 22
18182 48 53 101 -0.049505 29
18183 92 13 105 0.752381 28
18184 89 3 92 0.934783 21
18185 32 61 93 -0.311828 27
18186 20 89 109 -0.633028 22
18187 56 23 79 0.417722 26
18188 59 20 79 0.493671 22
18189 66 38 104 0.269231 25
18190 29 131 160 -0.6375 28
18191 69 33 102 0.352941 27
18192 60 5 65 0.846154 21
18193 64 43 107 0.196262 24
18194 91 8 99 0.838384 25
18195 10 83 93 -0.784946 22
18196 10 89 99 -0.79798 20
18197 72 36 108 0.333333 29
18198 3 98 101 -0.940594 18
18199 110 13 123 0.788618 28
18200 19 82 101 -0.623762 26
18201 55 33 88 0.25 25
18202 55 37 92 0.195652 30
18203 6 109 115 -0.895652 23
18204 31 70 101 -0.386139 24
18205 75 30 105 0.428571 24
18206 39 49 88 -0.113636 22
18207 21 59 80 -0.475 23
18208 86 32 118 0.457627 29
18209 87 13 100 0.74 27
18210 53 52 105 0.00952381 32
18211 16 50 66 -0.515152 21
18212 37 58 95 -0.221053 27
18213 117 8 125 0.872 21
18214 96 8 104 0.846154 19
18215 13 87 100 -0.74 21
18216 48 57 105 -0.0857143 27
18217 22 91 113 -0.610619 29
18218 40 56 96 -0.166667 27
18219 53 32 85 0.247059 29
18220 15 89 104 -0.711538 28
18221 57 48 105 0.0857143 24
18222 83 13 96 0.729167 22
18223 6 121 127 -0.905512 22
18224 39 54 93 -0.16129 30
18225 44 67 111 -0.207207 26
18226 74 21 95 0.557895 28
18227 3 113 116 -0.948276 21
18228 102 5 107 0.906542 21
18229 131 15 146 0.794521 26
18230 6 105 111 -0.891892 22
18231 37 66 103 -0.281553 23
18232 10 77 87 -0.770115 24
18233 66 15 81 0.62963 25
18234 38 55 93 -0.182796 29
18235 36 46 82 -0.121951 25
18236 78 13 91 0.714286 20
18237 53 60 113 -0.0619469 34
18238 44 65 109 -0.192661 26
18239 44 74 118 -0.254237 31
18240 104 27 131 0.587786 26
18241 11 128 139 -0.841727 23
18242 75 16 91 0.648352 27
18243 115 3 118 0.949153 20
18244 42 23 65 0.292308 24
18245 42 48 90 -0.0666667 30
18246 82 21 103 0.592233 26
18247 18 114 132 -0.727273 29
18248 80 14 94 0.702128 25
18249 58 29 87 0.333333 30
18250 56 30 86 0.302326 32
18251 127 5 132 0.924242 20
18252 56 24 80 0.4 25
18253 23 92 115 -0.6 31
18254 118 9 127 0.858268 23
18255 49 43 92 0.0652174 32
18256 49 89 138 -0.289855 24
18257 75 18 93 0.612903 22
18258 65 55 120 0.0833333 31
18259 66 27 93 0.419355 29
18260 14 118 132 -0.787879 20
18261 71 29 100 0.42 31
18262 88 33 121 0.454545 25
18263 25 74 99 -0.494949 27
18264 119 8 127 0.874016 19
18265 81 14 95 0.705263 21
18266 88 8 96 0.833333 22
18267 93 5 98 0.897959 23
18268 47 44 91 0.032967 21
18269 74 23 97 0.525773 27
18270 86 5 91 0.89011 24
18271 67 38 105 0.27619 27
18272 11 74 85 -0.741176 17
18273 22 94 116 -0.62069 27
18274 24 101 125 -0.616 28
18275 12 115 127 -0.811024 20
18276 56 37 93 0.204301 28
18277 18 56 74 -0.513514 24
18278 91 15 106 0.716981 26
18279 82 11 93 0.763441 25
18280 36 60 96 -0.25 30
18281 61 25 86 0.418605 29
18282 34 71 105 -0.352381 34
18283 103 4 107 0.925234 22
18284 71 42 113 0.256637 32
18285 12 121 133 -0.819549 25
18286 37 57 94 -0.212766 23
18287 102 3 105 0.942857 21
18288 59 46 105 0.12381 35
18289 26 84 110 -0.527273 24
18290 80 17 97 0.649485 24
18291 101 4 105 0.92381 23
18292 45 57 102 -0.117647 26
18293 1 66 67 -0.970149 19
18294 34 58 92 -0.26087 28
18295 3 123 126 -0.952381 19
18296 53 46 99 0.0707071 34
18297 90 36 126 0.428571 24
18298 35 65 100 -0.3 30
18299 87 45 132 0.318182 32
18300 12 67 79 -0.696203 25
18301 99 0 99 1 12
18302 16 112 128 -0.75 25
18303 37 54 91 -0.186813 32
18304 17 75 92 -0.630435 26
18305 27 89 116 -0.534483 26
18306 73 48 121 0.206612 27
18307 21 32 53 -0.207547 20
18308 45 54 99 -0.0909091 31
18309 21 70 91 -0.538462 21
18310 52 27 79 0.316456 24
18311 86 15 101 0.70297 23
18312 80 19 99 0.616162 31
18313 140 4 144 0.944444 15
18314 78 24 102 0.529412 27
18315 36 78 114 -0.368421 36
18316 131 1 132 0.984848 14
18317 5 84 89 -0.88764 19
18318 30 50 80 -0.25 30
18319 45 55 100 -0.1 30
18320 37 62 99 -0.252525 23
18321 59 40 99 0.191919 29
18322 117 16 133 0.759398 24
18323 43 24 67 0.283582 23
18324 4 78 82 -0.902439 22
18325 91 7 98 0.857143 23
18326 5 114 119 -0.915966 21
18327 14 99 113 -0.752212 26
18328 44 31 75 0.173333 23
18329 32 50 82 -0.219512 21
18330 43 55 98 -0.122449 34
18331 71 15 86 0.651163 28
18332 10 82 92 -0.782609 22
18333 75 26 101 0.485149 26
18334 98 18 116 0.689655 31
18335 109 12 121 0.801653 27
18336 6 95 101 -0.881188 20
18337 62 26 88 0.409091 18
18338 80 5 85 0.882353 22
18339 9 121 130 -0.861538 19
18340 56 26 82 0.365854 25
18341 93 35 128 0.453125 28
18342 20 85 105 -0.619048 30
18343 15 67 82 -0.634146 25
18344 56 41 97 0.154639 24
18345 34 62 96 -0.291667 29
18346 45 12 57 0.578947 20
18347 55 36 91 0.208791 28
18348 73 7 80 0.825 17
18349 128 4 132 0.939394 20
18350 52 56 108 -0.037037 31
18351 1 112 113 -0.982301 20
18352 10 94 104 -0.807692 21
18353 97 9 106 0.830189 25
18354 10 100 110 -0.818182 25
18355 9 114 123 -0.853659 25
18356 43 63 106 -0.188679 25
18357 71 45 116 0.224138 34
18358 68 24 92 0.478261 26
18359 24 53 77 -0.376623 28
18360 56 43 99 0.131313 30
18361 64 9 73 0.753425 22
18362 20 78 98 -0.591837 24
18363 45 42 87 0.0344828 29
18364 49 32 81 0.209877 28
18365 22 78 100 -0.56 26
18366 30 54 84 -0.285714 22
18367 155 9 164 0.890244 21
18368 42 59 101 -0.168317 31
18369 19 69 88 -0.568182 27
18370 5 81 86 -0.883721 19
18371 48 47 95 0.0105263 32
18372 40 75 115 -0.304348 28
18373 89 26 115 0.547826 31
18374 98 14 112 0.75 27
18375 93 4 97 0.917526 23
18376 35 71 106 -0.339623 23
18377 123 12 135 0.822222 22
18378 118 26 144 0.638889 24
18379 73 18 91 0.604396 29
18380 7 86 93 -0.849462 24
18381 57 27 84 0.357143 32
18382 91 22 113 0.610619 26
18383 43 49 92 -0.0652174 23
18384 5 84 89 -0.88764 24
18385 6 96 102 -0.882353 22
18386 19 78 97 -0.608247 28
18387 69 28 97 0.42268 30
18388 50 48 98 0.0204082 27
18389 11 91 102 -0.784314 25
18390 12 90 102 -0.764706 26
18391 102 12 114 0.789474 24
18392 49 48 97 0.0103093 28
18393 81 23 104 0.557692 24
18394 5 146 151 -0.933775 17
18395 76 35 111 0.369369 30
18396 103 10 113 0.823009 24
18397 21 66 87 -0.517241 29
18398 108 8 116 0.862069 19
18399 11 64 75 -0.706667 27
18400 27 94 121 -0.553719 25
18401 23 75 98 -0.530612 23
18402 60 51 111 0.0810811 28
18403 106 3 109 0.944954 22
18404 52 21 73 0.424658 28
18405 86 17 103 0.669903 27
18406 50 40 90 0.111111 30
18407 36 58 94 -0.234043 26
18408 102 6 108 0.888889 22
18409 24 126 150 -0.68 30
18410 27 59 86 -0.372093 27
18411 23 11 34 0.352941 22
18412 11 76 87 -0.747126 29
18413 9 65 74 -0.756757 21
18414 36 55 91 -0.208791 26
18415 58 3 61 0.901639 20
18416 6 114 120 -0.9 19
18417 34 67 101 -0.326733 23
18418 88 31 119 0.478992 30
18419 29 70 99 -0.414141 28
18420 106 36 142 0.492958 33
18421 71 40 111 0.279279 32
18422 75 30 105 0.428571 31
18423 77 14 91 0.692308 25
18424 57 43 100 0.14 29
18425 85 27 112 0.517857 29
18426 4 143 147 -0.945578 22
18427 32 42 74 -0.135135 30
18428 90 24 114 0.578947 29
18429 35 68 103 -0.320388 27
18430 95 30 125 0.52 28
18431 133 7 140 0.9 21
18432 19 88 107 -0.64486 32
18433 32 81 113 -0.433628 30
18434 48 73 121 -0.206612 26
18435 121 4 125 0.936 19
18436 11 106 117 -0.811966 28
18437 9 78 87 -0.793103 24
18438 43 45 88 -0.0227273 31
18439 36 33 69 0.0434783 28
18440 29 105 134 -0.567164 30
18441 95 5 100 0.9 21
18442 43 82 125 -0.312 33
18443 94 24 118 0.59322 27
18444 73 15 88 0.659091 26
18445 26 69 95 -0.452632 27
18446 15 89 104 -0.711538 26
18447 86 20 106 0.622642 24
18448 53 50 103 0.0291262 30
18449 45 75 120 -0.25 32
18450 75 53 128 0.171875 31
18451 23 33 56 -0.178571 20
18452 167 10 177 0.887006 20
18453 54 59 113 -0.0442478 29
18454 78 14 92 0.695652 24
18455 96 15 111 0.72973 27
18456 37 68 105 -0.295238 28
18457 45 66 111 -0.189189 30
18458 55 45 100 0.1 29
18459 16 106 122 -0.737705 29
18460 112 3 115 0.947826 16
18461 12 90 102 -0.764706 29
18462 45 97 142 -0.366197 28
18463 86 17 103 0.669903 26
18464 43 64 107 -0.196262 26
18465 40 49 89 -0.101124 26
18466 29 67 96 -0.395833 29
18467 80 30 110 0.454545 30
18468 78 28 106 0.471698 30
18469 83 19 102 0.627451 26
18470 29 50 79 -0.265823 28
18471 74 27 101 0.465347 21
18472 105 14 119 0.764706 23
18473 103 5 108 0.907407 19
18474 97 4 101 0.920792 22
18475 36 39 75 -0.04 24
18476 123 6 129 0.906977 20
18477 58 28 86 0.348837 29
18478 10 74 84 -0.761905 22
18479 9 93 102 -0.823529 22
18480 77 40 117 0.316239 23
18481 2 99 101 -0.960396 20
18482 4 104 108 -0.925926 19
18483 56 28 84 0.333333 29
18484 9 97 106 -0.830189 24
18485 87 24 111 0.567568 30
18486 77 4 81 0.901235 17
18487 37 50 87 -0.149425 26
18488 46 48 94 -0.0212766 28
18489 8 94 102 -0.843137 24
18490 70 18 88 0.590909 26
18491 102 6 108 0.888889 20
18492 68 49 117 0.162393 27
18493 27 60 87 -0.37931 30
18494 25 52 77 -0.350649 22
18495 9 84 93 -0.806452 24
18496 7 57 64 -0.78125 23
18497 18 67 85 -0.576471 28
18498 25 93 118 -0.576271 28
18499 61 30 91 0.340659 31
18500 43 64 107 -0.196262 29
18501 3 138 141 -0.957447 17
18502 39 54 93 -0.16129 32
18503 128 8 136 0.882353 17
18504 86 10 96 0.791667 23
18505 23 85 108 -0.574074 28
18506 29 79 108 -0.462963 27
18507 35 62 97 -0.278351 29
18508 1 15 16 -0.875 8
18509 102 13 115 0.773913 26
18510 17 49 66 -0.484848 27
18511 17 78 95 -0.642105 28
18512 62 43 105 0.180952 26
18513 25 76 101 -0.50495 27
18514 35 72 107 -0.345794 24
18515 89 16 105 0.695238 29
18516 26 69 95 -0.452632 29
18517 60 12 72 0.666667 23
18518 28 136 164 -0.658537 26
18519 18 103 121 -0.702479 27
18520 63 41 104 0.211538 25
18521 75 17 92 0.630435 28
18522 4 96 100 -0.92 23
18523 103 10 113 0.823009 17
18524 107 6 113 0.893805 24
18525 3 90 93 -0.935484 20
18526 37 70 107 -0.308411 31
18527 16 83 99 -0.676768 29
18528 49 38 87 0.126437 24
18529 97 5 102 0.901961 24
18530 51 41 92 0.108696 30
18531 104 12 116 0.793103 27
18532 29 129 158 -0.632911 25
18533 5 119 124 -0.919355 15
18534 15 125 140 -0.785714 19
18535 59 5 64 0.84375 22
18536 26 86 112 -0.535714 28
18537 146 7 153 0.908497 20
18538 20 76 96 -0.583333 29
18539 8 94 102 -0.843137 24
18540 62 14 76 0.631579 28
18541 97 11 108 0.796296 21
18542 89 12 101 0.762376 27
18543 41 61 102 -0.196078 28
18544 16 85 101 -0.683168 26
18545 71 35 106 0.339623 29
18546 70 32 102 0.372549 31
18547 29 80 109 -0.46789 24
18548 131 5 136 0.926471 18
18549 9 73 82 -0.780488 23
18550 23 60 83 -0.445783 31
18551 40 43 83 -0.0361446 27
18552 70 40 110 0.272727 32
18553 85 0 85 1 18
18554 103 4 107 0.925234 21
18555 98 12 110 0.781818 27
18556 100 23 123 0.626016 32
18557 73 0 73 1 2
18558 59 31 90 0.311111 26
18559 20 90 110 -0.636364 27
18560 22 99 121 -0.636364 30
18561 66 25 91 0.450549 28
18562 10 104 114 -0.824561 25
18563 31 54 85 -0.270588 25
18564 117 8 125 0.872 26
18565 32 74 106 -0.396226 31
18566 11 119 130 -0.830769 24
18567 41 53 94 -0.12766 27
18568 121 8 129 0.875969 21
18569 4 128 132 -0.939394 19
18570 61 51 112 0.0892857 30
18571 35 80 115 -0.391304 26
18572 81 19 100 0.62 24
18573 4 92 96 -0.916667 23
18574 9 83 92 -0.804348 19
18575 20 75 95 -0.578947 25
18576 67 8 75 0.786667 19
18577 68 33 101 0.346535 25
18578 4 104 108 -0.925926 23
18579 50 49 99 0.010101 29
18580 137 7 144 0.902778 23
18581 52 52 104 0 26
18582 16 88 104 -0.692308 22
18583 76 36 112 0.357143 26
18584 18 104 122 -0.704918 27
18585 80 36 116 0.37931 30
18586 20 82 102 -0.607843 31
18587 91 28 119 0.529412 29
18588 67 24 91 0.472527 27
18589 48 44 92 0.0434783 29
18590 69 25 94 0.468085 29
18591 25 77 102 -0.509804 29
18592 23 68 91 -0.494505 29
18593 88 11 99 0.777778 19
18594 51 9 60 0.7 26
18595 60 30 90 0.333333 25
18596 99 34 133 0.488722 33
18597 76 11 87 0.747126 24
18598 74 9 83 0.783133 26
18599 99 7 106 0.867925 17
18600 26 71 97 -0.463918 22
18601 87 8 95 0.831579 24
18602 35 54 89 -0.213483 28
18603 77 2 79 0.949367 7
18604 76 43 119 0.277311 27
18605 43 59 102 -0.156863 29
18606 6 116 122 -0.901639 24
18607 68 22 90 0.511111 26
18608 11 92 103 -0.786408 24
18609 58 30 88 0.318182 26
18610 47 61 108 -0.12963 27
18611 44 41 85 0.0352941 33
18612 43 25 68 0.264706 26
18613 59 39 98 0.204082 28
18614 5 114 119 -0.915966 18
18615 29 55 84 -0.309524 26
18616 3 75 78 -0.923077 21
18617 79 28 107 0.476636 28
18618 149 29 178 0.674157 27
18619 9 85 94 -0.808511 21
18620 60 49 109 0.100917 30
18621 38 87 125 -0.392 30
18622 60 38 98 0.22449 27
18623 117 12 129 0.813953 25
18624 66 62 128 0.03125 27
18625 50 42 92 0.0869565 30
18626 88 3 91 0.934066 18
18627 67 47 114 0.175439 27
18628 20 72 92 -0.565217 20
18629 111 9 120 0.85 21
18630 19 69 88 -0.568182 26
18631 68 29 97 0.402062 26
18632 96 16 112 0.714286 21
18633 59 28 87 0.356322 32
18634 31 86 117 -0.470085 31
18635 69 47 116 0.189655 35
18636 22 127 149 -0.704698 25
18637 107 9 116 0.844828 26
18638 15 84 99 -0.69697 19
18639 19 79 98 -0.612245 26
18640 56 28 84 0.333333 27
18641 33 81 114 -0.421053 35
18642 93 2 95 0.957895 15
18643 75 31 106 0.415094 31
18644 94 4 98 0.918367 19
18645 54 28 82 0.317073 28
18646 119 16 135 0.762963 20
18647 41 64 105 -0.219048 28
18648 56 42 98 0.142857 25
18649 37 30 67 0.104478 29
18650 111 9 120 0.85 19
18651 24 57 81 -0.407407 23
18652 65 34 99 0.313131 28
18653 27 41 68 -0.205882 25
18654 54 44 98 0.102041 26
18655 66 31 97 0.360825 31
18656 6 120 126 -0.904762 13
18657 51 53 104 -0.0192308 29
18658 62 31 93 0.333333 29
18659 104 5 109 0.908257 17
18660 28 101 129 -0.565891 28
18661 30 71 101 -0.405941 28
18662 88 10 98 0.795918 24
18663 25 90 115 -0.565217 27
18664 146 7 153 0.908497 22
18665 44 67 111 -0.207207 30
18666 46 27 73 0.260274 26
18667 7 94 101 -0.861386 18
18668 129 9 138 0.869565 25
18669 83 17 100 0.66 25
18670 91 18 109 0.669725 30
18671 18 76 94 -0.617021 21
18672 49 39 88 0.113636 29
18673 108 21 129 0.674419 27
18674 42 37 79 0.0632911 25
18675 98 2 100 0.96 19
18676 102 26 128 0.59375 32
18677 97 11 108 0.796296 25
18678 151 5 156 0.935897 18
18679 40 39 79 0.0126582 26
18680 62 51 113 0.0973451 31
18681 7 84 91 -0.846154 23
18682 12 110 122 -0.803279 17
18683 109 8 117 0.863248 26
18684 8 82 90 -0.822222 24
18685 93 22 115 0.617391 27
18686 40 29 69 0.15942 25
18687 24 102 126 -0.619048 21
18688 52 40 92 0.130435 24
18689 80 12 92 0.73913 26
18690 60 28 88 0.363636 24
18691 59 40 99 0.191919 25
18692 56 31 87 0.287356 30
18693 47 72 119 -0.210084 28
18694 5 118 123 -0.918699 23
18695 94 5 99 0.89899 23
18696 21 68 89 -0.52809 26
18697 34 46 80 -0.15 29
18698 10 43 53 -0.622642 23
18699 73 41 114 0.280702 29
18700 3 115 118 -0.949153 20
18701 27 42 69 -0.217391 24
18702 81 23 104 0.557692 24
18703 9 79 88 -0.795455 24
18704 55 41 96 0.145833 29
18705 13 80 93 -0.72043 24
18706 35 66 101 -0.306931 31
18707 26 72 98 -0.469388 29
18708 23 75 98 -0.530612 28
18709 25 85 110 -0.545455 26
18710 46 68 114 -0.192982 30
18711 26 42 68 -0.235294 25
18712 19 73 92 -0.586957 30
18713 34 55 89 -0.235955 30
18714 30 93 123 -0.512195 30
18715 81 34 115 0.408696 22
18716 54 17 71 0.521127 29
18717 44 53 97 -0.0927835 31
18718 37 54 91 -0.186813 26
18719 67 10 77 0.74026 24
18720 45 42 87 0.0344828 30
18721 45 58 103 -0.126214 28
18722 41 93 134 -0.38806 30
18723 102 7 109 0.87156 24
18724 54 35 89 0.213483 26
18725 40 51 91 -0.120879 26
18726 16 96 112 -0.714286 20
18727 75 16 91 0.648352 24
18728 65 41 106 0.226415 28
18729 34 79 113 -0.39823 30
18730 7 122 129 -0.891473 17
18731 2 107 109 -0.963303 17
18732 16 71 87 -0.632184 25
18733 50 59 109 -0.0825688 33
18734 122 8 130 0.876923 21
18735 44 63 107 -0.17757 25
18736 54 38 92 0.173913 24
18737 100 4 104 0.923077 22
18738 114 19 133 0.714286 23
18739 23 49 72 -0.361111 26
18740 13 172 185 -0.859459 22
18741 64 18 82 0.560976 23
18742 54 61 115 -0.0608696 36
18743 88 6 94 0.87234 24
18744 106 33 139 0.52518 27
18745 7 132 139 -0.899281 21
18746 53 15 68 0.558824 20
18747 8 71 79 -0.797468 23
18748 69 29 98 0.408163 29
18749 6 118 124 -0.903226 24
18750 34 2 36 0.888889 18
18751 17 75 92 -0.630435 28
18752 16 87 103 -0.68932 28
18753 60 33 93 0.290323 27
18754 44 71 115 -0.234783 26
18755 44 50 94 -0.0638298 30
18756 68 44 112 0.214286 31
18757 74 21 95 0.557895 28
18758 40 44 84 -0.047619 32
18759 67 11 78 0.717949 26
18760 65 44 109 0.192661 32
18761 51 45 96 0.0625 29
18762 38 52 90 -0.155556 30
18763 15 92 107 -0.719626 25
18764 58 55 113 0.0265487 26
18765 36 64 100 -0.28 32
18766 10 90 100 -0.8 23
18767 29 79 108 -0.462963 27
18768 43 37 80 0.075 21
18769 88 7 95 0.852632 23
18770 37 73 110 -0.327273 29
18771 5 140 145 -0.931034 23
18772 68 25 93 0.462366 32
18773 28 63 91 -0.384615 26
18774 64 37 101 0.267327 24
18775 32 10 42 0.52381 22
18776 98 33 131 0.496183 31
18777 92 27 119 0.546218 26
18778 56 40 96 0.166667 29
18779 2 111 113 -0.964602 20
18780 99 11 110 0.8 26
18781 29 80 109 -0.46789 29
18782 114 8 122 0.868852 17
18783 101 12 113 0.787611 27
18784 102 16 118 0.728814 25
18785 72 30 102 0.411765 28
18786 65 21 86 0.511628 30
18787 40 22 62 0.290323 18
18788 74 28 102 0.45098 31
18789 46 39 85 0.0823529 26
18790 11 72 83 -0.73494 20
18791 41 40 81 0.0123457 28
18792 45 59 104 -0.134615 33
18793 6 89 95 -0.873684 20
18794 22 83 105 -0.580952 24
18795 75 15 90 0.666667 21
18796 53 59 112 -0.0535714 34
18797 6 99 105 -0.885714 23
18798 6 86 92 -0.869565 17
18799 46 7 53 0.735849 19
18800 19 54 73 -0.479452 21
18801 3 118 121 -0.950413 19
18802 3 154 157 -0.961783 21
18803 7 86 93 -0.849462 17
18804 62 25 87 0.425287 20
18805 62 23 85 0.458824 20
18806 62 35 97 0.278351 31
18807 11 87 98 -0.77551 20
18808 12 101 113 -0.787611 29
18809 106 24 130 0.630769 29
18810 106 30 136 0.558824 33
18811 26 67 93 -0.44086 27
18812 75 12 87 0.724138 26
18813 17 75 92 -0.630435 31
18814 11 79 90 -0.755556 25
18815 17 77 94 -0.638298 28
18816 43 47 90 -0.0444444 25
18817 42 41 83 0.0120482 26
18818 12 57 69 -0.652174 23
18819 119 7 126 0.888889 25
18820 68 5 73 0.863014 15
18821 38 41 79 -0.0379747 28
18822 69 10 79 0.746835 23
18823 41 52 93 -0.11828 31
18824 36 60 96 -0.25 29
18825 55 51 106 0.0377358 35
18826 36 54 90 -0.2 23
18827 22 71 93 -0.526882 26
18828 88 36 124 0.419355 29
18829 11 88 99 -0.777778 25
18830 59 57 116 0.0172414 34
18831 69 39 108 0.277778 25
18832 14 65 79 -0.64557 27
18833 99 34 133 0.488722 34
18834 31 81 112 -0.446429 29
18835 23 91 114 -0.596491 30
18836 100 15 115 0.73913 27
18837 61 51 112 0.0892857 29
18838 12 126 138 -0.826087 24
18839 3 95 98 -0.938776 16
18840 18 97 115 -0.686957 27
18841 46 61 107 -0.140187 27
18842 21 77 98 -0.571429 16
18843 57 71 128 -0.109375 31
18844 24 86 110 -0.563636 29
18845 53 29 82 0.292683 23
18846 36 62 98 -0.265306 31
18847 44 40 84 0.047619 27
18848 22 53 75 -0.413333 21
18849 43 87 130 -0.338462 35
18850 22 114 136 -0.676471 31
18851 90 23 113 0.59292 25
18852 20 88 108 -0.62963 21
18853 49 75 124 -0.209677 29
18854 8 99 107 -0.850467 26
18855 90 22 112 0.607143 29
18856 55 31 86 0.27907 31
18857 91 10 101 0.80198 18
18858 16 50 66 -0.515152 23
18859 59 42 101 0.168317 25
18860 28 37 65 -0.138462 23
18861 48 36 84 0.142857 26
18862 48 60 108 -0.111111 30
18863 86 5 91 0.89011 22
18864 25 115 140 -0.642857 27
18865 5 90 95 -0.894737 20
18866 47 29 76 0.236842 26
18867 15 98 113 -0.734513 24
18868 11 99 110 -0.8 26
18869 13 100 113 -0.769912 26
18870 16 73 89 -0.640449 24
18871 59 44 103 0.145631 32
18872 36 42 78 -0.0769231 27
18873 18 100 118 -0.694915 20
18874 5 86 91 -0.89011 16
18875 67 21 88 0.522727 25
18876 18 39 57 -0.368421 13
18877 30 60 90 -0.333333 24
18878 86 21 107 0.607477 27
18879 83 13 96 0.729167 26
18880 14 83 97 -0.71134 26
18881 102 8 110 0.854545 22
18882 62 24 86 0.44186 26
18883 35 71 106 -0.339623 28
18884 94 19 113 0.663717 22
18885 64 5 69 0.855072 14
18886 90 24 114 0.578947 30
18887 117 16 133 0.759398 20
18888 83 2 85 0.952941 15
18889 92 21 113 0.628319 24
18890 45 47 92 -0.0217391 28
18891 65 60 125 0.04 32
18892 8 110 118 -0.864407 24
18893 58 40 98 0.183673 31
18894 74 42 116 0.275862 27
18895 27 78 105 -0.485714 29
18896 115 12 127 0.811024 23
18897 48 69 117 -0.179487 28
18898 5 64 69 -0.855072 22
18899 8 108 116 -0.862069 22
18900 83 20 103 0.61165 28
18901 25 113 138 -0.637681 24
18902 47 52 99 -0.0505051 27
18903 53 92 145 -0.268966 27
18904 13 73 86 -0.697674 26
18905 75 8 83 0.807229 22
18906 27 58 85 -0.364706 27
18907 58 60 118 -0.0169492 25
18908 85 10 95 0.789474 23
18909 82 5 87 0.885057 22
18910 5 74 79 -0.873418 21
18911 28 69 97 -0.42268 24
18912 54 32 86 0.255814 30
18913 7 97 104 -0.865385 23
18914 79 27 106 0.490566 30
18915 39 69 108 -0.277778 25
18916 96 21 117 0.641026 29
18917 67 34 101 0.326733 27
18918 52 38 90 0.155556 29
18919 50 58 108 -0.0740741 32
18920 80 16 96 0.666667 23
18921 109 12 121 0.801653 26
18922 45 49 94 -0.0425532 27
18923 64 63 127 0.00787402 32
18924 77 40 117 0.316239 25
18925 38 59 97 -0.216495 34
18926 75 27 102 0.470588 26
18927 95 25 120 0.583333 28
18928 91 3 94 0.93617 22
18929 8 77 85 -0.811765 23
18930 97 1 98 0.979592 20
18931 8 100 108 -0.851852 23
18932 60 8 68 0.764706 22
18933 39 45 84 -0.0714286 31
18934 61 19 80 0.525 25
18935 39 70 109 -0.284404 21
18936 74 13 87 0.701149 25
18937 8 86 94 -0.829787 25
18938 15 92 107 -0.719626 30
18939 101 8 109 0.853211 18
18940 32 104 136 -0.529412 32
18941 61 56 117 0.042735 30
18942 68 3 71 0.915493 13
18943 5 108 113 -0.911504 19
18944 45 70 115 -0.217391 31
18945 51 24 75 0.36 26
18946 62 32 94 0.319149 25
18947 64 25 89 0.438202 25
18948 37 32 69 0.0724638 21
18949 51 24 75 0.36 29
18950 44 55 99 -0.111111 29
18951 19 86 105 -0.638095 25
18952 86 15 101 0.70297 28
18953 59 43 102 0.156863 31
18954 43 50 93 -0.0752688 22
18955 92 19 111 0.657658 23
18956 65 27 92 0.413043 25
18957 46 45 91 0.010989 27
18958 7 154 161 -0.913043 21
18959 25 52 77 -0.350649 25
18960 58 63 121 -0.0413223 34
18961 51 40 91 0.120879 21
18962 82 31 113 0.451327 23
18963 50 53 103 -0.0291262 28
18964 29 70 99 -0.414141 30
18965 135 6 141 0.914894 19
18966 110 40 150 0.466667 31
18967 20 88 108 -0.62963 29
18968 14 102 116 -0.758621 21
18969 93 33 126 0.47619 34
18970 64 47 111 0.153153 29
18971 53 49 102 0.0392157 19
18972 52 37 89 0.168539 24
18973 130 9 139 0.870504 20
18974 37 51 88 -0.159091 28
18975 48 23 71 0.352113 19
18976 64 30 94 0.361702 27
18977 42 44 86 -0.0232558 31
18978 28 67 95 -0.410526 27
18979 18 75 93 -0.612903 30
18980 53 46 99 0.0707071 26
18981 10 81 91 -0.78022 20
18982 16 72 88 -0.636364 22
18983 27 53 80 -0.325 27
18984 124 16 140 0.771429 28
18985 82 32 114 0.438596 28
18986 89 26 115 0.547826 24
18987 56 38 94 0.191489 31
18988 58 48 106 0.0943396 30
18989 11 97 108 -0.796296 22
18990 24 42 66 -0.272727 26
18991 100 21 121 0.652893 30
18992 65 46 111 0.171171 30
18993 9 108 117 -0.846154 26
18994 83 15 98 0.693878 26
18995 15 76 91 -0.67033 24
18996 19 60 79 -0.518987 31
18997 139 5 144 0.930556 14
18998 29 67 96 -0.395833 28
18999 21 95 116 -0.637931 26
19000 96 25 121 0.586777 28
19001 60 35 95 0.263158 29
19002 54 57 111 -0.027027 29
19003 68 12 80 0.7 21
19004 27 68 95 -0.431579 24
19005 60 12 72 0.666667 22
19006 45 41 86 0.0465116 31
19007 48 58 106 -0.0943396 33
19008 30 61 91 -0.340659 25
19009 19 79 98 -0.612245 23
19010 46 69 115 -0.2 31
19011 28 57 85 -0.341176 28
19012 12 34 46 -0.478261 20
19013 10 105 115 -0.826087 20
19014 95 11 106 0.792453 26
19015 70 31 101 0.386139 30
19016 4 96 100 -0.92 19
19017 31 86 117 -0.470085 28
19018 116 16 132 0.757576 24
19019 32 70 102 -0.372549 24
19020 70 18 88 0.590909 26
19021 26 61 87 -0.402299 32
19022 96 7 103 0.864078 25
19023 30 87 117 -0.487179 32
19024 27 84 111 -0.513514 28
19025 24 30 54 -0.111111 28
19026 112 6 118 0.898305 24
19027 8 115 123 -0.869919 20
19028 31 67 98 -0.367347 26
19029 64 24 88 0.454545 22
19030 50 22 72 0.388889 26
19031 71 16 87 0.632184 26
19032 22 63 85 -0.482353 23
19033 8 85 93 -0.827957 25
19034 139 12 151 0.84106 24
19035 127 4 131 0.938931 19
19036 92 15 107 0.719626 24
19037 9 93 102 -0.823529 21
19038 25 72 97 -0.484536 29
19039 31 64 95 -0.347368 30
19040 98 15 113 0.734513 30
19041 66 18 84 0.571429 23
19042 90 5 95 0.894737 22
19043 16 82 98 -0.673469 25
19044 65 30 95 0.368421 26
19045 68 28 96 0.416667 32
19046 63 29 92 0.369565 32
19047 96 12 108 0.777778 27
19048 51 44 95 0.0736842 26
19049 73 25 98 0.489796 27
19050 28 15 43 0.302326 21
19051 70 30 100 0.4 23
19052 43 33 76 0.131579 26
19053 87 22 109 0.59633 30
19054 21 78 99 -0.575758 22
19055 158 4 162 0.950617 10
19056 30 76 106 -0.433962 31
19057 69 8 77 0.792208 19
19058 33 47 80 -0.175 25
19059 68 48 116 0.172414 32
19060 48 45 93 0.0322581 23
19061 59 35 94 0.255319 30
19062 81 21 102 0.588235 24
19063 40 57 97 -0.175258 27
19064 67 36 103 0.300971 28
19065 44 59 103 -0.145631 34
19066 69 42 111 0.243243 33
19067 59 25 84 0.404762 23
19068 14 78 92 -0.695652 24
19069 46 32 78 0.179487 26
19070 62 53 115 0.0782609 30
19071 38 48 86 -0.116279 31
19072 36 71 107 -0.327103 28
19073 33 49 82 -0.195122 29
19074 41 34 75 0.0933333 30
19075 7 120 127 -0.889764 20
19076 83 27 110 0.509091 34
19077 3 110 113 -0.946903 19
19078 49 40 89 0.101124 27
19079 55 76 131 -0.160305 33
19080 11 106 117 -0.811966 25
19081 14 57 71 -0.605634 28
19082 43 35 78 0.102564 24
19083 8 72 80 -0.8 22
19084 53 24 77 0.376623 23
19085 68 27 95 0.431579 24
19086 46 66 112 -0.178571 28
19087 44 40 84 0.047619 29
19088 29 92 121 -0.520661 23
19089 12 66 78 -0.692308 24
19090 81 14 95 0.705263 26
19091 38 81 119 -0.361345 29
19092 51 41 92 0.108696 33
19093 76 29 105 0.447619 32
19094 18 78 96 -0.625 28
19095 31 61 92 -0.326087 28
19096 6 31 37 -0.675676 14
19097 13 99 112 -0.767857 28
19098 103 6 109 0.889908 25
19099 73 8 81 0.802469 25
19100 53 27 80 0.325 25
19101 21 70 91 -0.538462 21
19102 31 64 95 -0.347368 26
19103 69 28 97 0.42268 29
19104 14 63 77 -0.636364 21
19105 60 17 77 0.558442 26
19106 34 55 89 -0.235955 26
19107 71 46 117 0.213675 28
19108 25 62 87 -0.425287 25
19109 14 96 110 -0.745455 25
19110 68 25 93 0.462366 31
19111 131 6 137 0.912409 21
19112 123 14 137 0.79562 27
19113 49 7 56 0.75 23
19114 10 93 103 -0.805825 24
19115 46 46 92 0 25
19116 7 110 117 -0.880342 23
19117 6 79 85 -0.858824 24
19118 75 37 112 0.339286 32
19119 113 9 122 0.852459 28
19120 17 71 88 -0.613636 29
19121 73 17 90 0.622222 24
19122 7 113 120 -0.883333 21
19123 101 11 112 0.803571 25
19124 19 80 99 -0.616162 24
19125 95 22 117 0.623932 31
19126 32 76 108 -0.407407 30
19127 50 65 115 -0.130435 27
19128 52 30 82 0.268293 30
19129 111 4 115 0.930435 22
19130 62 38 100 0.24 24
19131 20 73 93 -0.569892 26
19132 37 57 94 -0.212766 26
19133 25 81 106 -0.528302 25
19134 92 26 118 0.559322 30
19135 30 59 89 -0.325843 30
19136 25 75 100 -0.5 26
19137 34 62 96 -0.291667 33
19138 41 29 70 0.171429 27
19139 21 102 123 -0.658537 26
19140 108 22 130 0.661538 32
19141 28 105 133 -0.578947 32
19142 66 46 112 0.178571 31
19143 9 124 133 -0.864662 23
19144 4 116 120 -0.933333 22
19145 76 24 100 0.52 29
19146 51 46 97 0.0515464 29
19147 90 31 121 0.487603 25
19148 16 70 86 -0.627907 27
19149 76 9 85 0.788235 25
19150 3 104 107 -0.943925 19
19151 30 45 75 -0.2 27
19152 68 29 97 0.402062 29
19153 84 12 96 0.75 22
19154 16 92 108 -0.703704 26
19155 66 15 81 0.62963 30
19156 71 45 116 0.224138 31
19157 30 42 72 -0.166667 26
19158 2 105 107 -0.962617 21
19159 15 131 146 -0.794521 20
19160 4 123 127 -0.937008 21
19161 66 55 121 0.0909091 31
19162 103 7 110 0.872727 17
19163 85 2 87 0.954023 21
19164 35 60 95 -0.263158 28
19165 74 46 120 0.233333 35
19166 59 12 71 0.661972 18
19167 6 89 95 -0.873684 22
19168 32 56 88 -0.272727 23
19169 98 20 118 0.661017 27
19170 36 100 136 -0.470588 25
19171 29 90 119 -0.512605 30
19172 61 14 75 0.626667 28
19173 119 20 139 0.71223 28
19174 111 1 112 0.982143 11
19175 18 61 79 -0.544304 23
19176 12 86 98 -0.755102 20
19177 18 64 82 -0.560976 28
19178 52 77 129 -0.193798 30
19179 20 80 100 -0.6 21
19180 31 93 124 -0.5 31
19181 27 65 92 -0.413043 31
19182 66 27 93 0.419355 31
19183 24 107 131 -0.633588 27
19184 43 29 72 0.194444 26
19185 33 42 75 -0.12 28
19186 91 14 105 0.733333 26
19187 42 84 126 -0.333333 29
19188 68 43 111 0.225225 21
19189 78 21 99 0.575758 29
19190 93 15 108 0.722222 27
19191 43 78 121 -0.289256 34
19192 79 12 91 0.736264 24
19193 57 16 73 0.561644 21
19194 22 87 109 -0.59633 30
19195 6 84 90 -0.866667 21
19196 108 5 113 0.911504 21
19197 48 47 95 0.0105263 25
19198 103 27 130 0.584615 23
19199 87 7 94 0.851064 24
19200 11 59 70 -0.685714 21
19201 57 48 105 0.0857143 25
19202 31 66 97 -0.360825 24
19203 14 76 90 -0.688889 21
19204 121 6 127 0.905512 21
19205 68 14 82 0.658537 28
19206 50 16 66 0.515152 21
19207 32 44 76 -0.157895 26
19208 76 10 86 0.767442 24
19209 7 77 84 -0.833333 20
19210 93 2 95 0.957895 18
19211 126 1 127 0.984252 13
19212 6 82 88 -0.863636 13
19213 69 37 106 0.301887 26
19214 10 82 92 -0.782609 24
19215 53 30 83 0.277108 28
19216 40 32 72 0.111111 30
19217 72 23 95 0.515789 26
19218 76 21 97 0.56701 23
19219 31 71 102 -0.392157 28
19220 7 90 97 -0.85567 19
19221 47 45 92 0.0217391 22
19222 95 21 116 0.637931 27
19223 52 13 65 0.6 25
19224 96 11 107 0.794393 25
19225 22 96 118 -0.627119 26
19226 18 78 96 -0.625 28
19227 63 29 92 0.369565 31
19228 12 55 67 -0.641791 26
19229 46 63 109 -0.155963 31
19230 16 100 116 -0.724138 20
19231 59 24 83 0.421687 23
19232 0 26 26 -1 13
19233 51 71 122 -0.163934 27
19234 111 20 131 0.694656 26
19235 36 87 123 -0.414634 31
19236 74 40 114 0.298246 30
19237 40 74 114 -0.298246 29
19238 57 55 112 0.0178571 30
19239 83 26 109 0.522936 27
19240 33 49 82 -0.195122 28
19241 8 113 121 -0.867769 18
19242 67 46 113 0.185841 30
19243 25 79 104 -0.519231 26
19244 71 23 94 0.510638 27
19245 43 59 102 -0.156863 28
19246 49 52 101 -0.029703 34
19247 76 26 102 0.490196 31
19248 52 42 94 0.106383 25
19249 76 8 84 0.809524 25
19250 53 30 83 0.277108 21
19251 42 33 75 0.12 26
19252 8 66 74 -0.783784 16
19253 46 84 130 -0.292308 29
19254 56 42 98 0.142857 30
19255 86 3 89 0.932584 19
19256 64 13 77 0.662338 24
19257 31 67 98 -0.367347 29
19258 79 10 89 0.775281 27
19259 29 71 100 -0.42 28
19260 64 49 113 0.132743 28
19261 77 28 105 0.466667 26
19262 23 86 109 -0.577982 26
19263 3 114 117 -0.948718 17
19264 156 6 162 0.925926 23
19265 75 27 102 0.470588 28
19266 99 20 119 0.663866 28
19267 7 155 162 -0.91358 16
19268 60 45 105 0.142857 25
19269 6 119 125 -0.904 24
19270 82 21 103 0.592233 28
19271 56 36 92 0.217391 22
19272 3 92 95 -0.936842 22
19273 112 11 123 0.821138 27
19274 95 6 101 0.881188 22
19275 24 89 113 -0.575221 27
19276 82 12 94 0.744681 25
19277 73 22 95 0.536842 25
19278 79 34 113 0.39823 28
19279 96 30 126 0.52381 27
19280 31 47 78 -0.205128 32
19281 92 5 97 0.896907 20
19282 115 8 123 0.869919 24
19283 117 11 128 0.828125 28
19284 19 108 127 -0.700787 23
19285 114 13 127 0.795276 25
19286 44 51 95 -0.0736842 27
19287 56 36 92 0.217391 29
19288 46 58 104 -0.115385 27
19289 78 22 100 0.56 27
19290 3 73 76 -0.921053 22
19291 58 48 106 0.0943396 31
19292 102 19 121 0.68595 27
19293 13 72 85 -0.694118 21
19294 68 20 88 0.545455 31
19295 31 58 89 -0.303371 29
19296 35 102 137 -0.489051 25
19297 21 114 135 -0.688889 26
19298 13 95 108 -0.759259 25
19299 12 90 102 -0.764706 24
19300 92 4 96 0.916667 21
19301 82 31 113 0.451327 34
19302 113 11 124 0.822581 19
19303 72 24 96 0.5 26
19304 6 95 101 -0.881188 21
19305 6 141 147 -0.918367 20
19306 42 49 91 -0.0769231 31
19307 8 125 133 -0.879699 21
19308 16 90 106 -0.698113 25
19309 16 97 113 -0.716814 24
19310 17 133 150 -0.773333 18
19311 6 82 88 -0.863636 25
19312 79 9 88 0.795455 27
19313 78 10 88 0.772727 24
19314 24 63 87 -0.448276 22
19315 66 24 90 0.466667 28
19316 81 31 112 0.446429 30
19317 11 87 98 -0.77551 23
19318 76 44 120 0.266667 28
19319 40 45 85 -0.0588235 29
19320 12 76 88 -0.727273 18
19321 16 111 127 -0.748031 24
19322 95 26 121 0.570248 34
19323 54 69 123 -0.121951 31
19324 92 27 119 0.546218 32
19325 81 20 101 0.60396 28
19326 96 23 119 0.613445 29
19327 37 63 100 -0.26 29
19328 40 30 70 0.142857 19
19329 75 36 111 0.351351 28
19330 62 24 86 0.44186 24
19331 77 10 87 0.770115 19
19332 43 87 130 -0.338462 27
19333 37 62 99 -0.252525 28
19334 42 76 118 -0.288136 24
19335 83 9 92 0.804348 20
19336 98 18 116 0.689655 28
19337 29 51 80 -0.275 31
19338 12 73 85 -0.717647 26
19339 30 53 83 -0.277108 26
19340 24 75 99 -0.515152 27
19341 49 39 88 0.113636 28
19342 13 91 104 -0.75 24
19343 113 12 125 0.808 24
19344 35 71 106 -0.339623 31
19345 89 17 106 0.679245 29
19346 55 43 98 0.122449 28
19347 35 72 107 -0.345794 27
19348 21 44 65 -0.353846 27
19349 8 128 136 -0.882353 20
19350 100 7 107 0.869159 25
19351 13 84 97 -0.731959 25
19352 88 8 96 0.833333 25
19353 22 63 85 -0.482353 27
19354 61 38 99 0.232323 25
19355 68 39 107 0.271028 23
19356 94 31 125 0.504 25
19357 34 47 81 -0.160494 30
19358 75 27 102 0.470588 27
19359 46 42 88 0.0454545 28
19360 24 65 89 -0.460674 29
19361 46 50 96 -0.0416667 32
19362 63 46 109 0.155963 25
19363 17 103 120 -0.716667 27
19364 55 35 90 0.222222 27
19365 64 37 101 0.267327 29
19366 66 6 72 0.833333 22
19367 6 108 114 -0.894737 24
19368 120 10 130 0.846154 23
19369 29 77 106 -0.45283 35
19370 86 3 89 0.932584 20
19371 43 84 127 -0.322835 34
19372 18 84 102 -0.647059 28
19373 130 8 138 0.884058 22
19374 33 48 81 -0.185185 27
19375 30 60 90 -0.333333 30
19376 108 7 115 0.878261 22
19377 29 26 55 0.0545455 21
19378 14 70 84 -0.666667 25
19379 37 41 78 -0.0512821 20
19380 57 26 83 0.373494 32
19381 22 101 123 -0.642276 26
19382 61 48 109 0.119266 29
19383 32 50 82 -0.219512 26
19384 37 39 76 -0.0263158 28
19385 12 91 103 -0.76699 24
19386 108 25 133 0.62406 23
19387 82 22 104 0.576923 26
19388 76 6 82 0.853659 21
19389 25 92 117 -0.57265 23
19390 53 36 89 0.191011 29
19391 72 34 106 0.358491 34
19392 86 19 105 0.638095 29
19393 61 21 82 0.487805 30
19394 7 135 142 -0.901408 22
19395 46 47 93 -0.0107527 29
19396 66 38 104 0.269231 32
19397 43 41 84 0.0238095 26
19398 27 67 94 -0.425532 24
19399 41 24 65 0.261538 29
19400 56 38 94 0.191489 27
19401 86 15 101 0.70297 26
19402 34 39 73 -0.0684932 25
19403 30 69 99 -0.393939 27
19404 20 73 93 -0.569892 32
19405 26 64 90 -0.422222 27
19406 46 52 98 -0.0612245 33
19407 110 26 136 0.617647 29
19408 10 110 120 -0.833333 21
19409 15 81 96 -0.6875 20
19410 85 7 92 0.847826 22
19411 28 89 117 -0.521368 32
19412 53 2 55 0.927273 21
19413 112 16 128 0.75 27
19414 50 53 103 -0.0291262 31
19415 40 52 92 -0.130435 27
19416 36 70 106 -0.320755 21
19417 59 61 120 -0.0166667 29
19418 83 14 97 0.71134 29
19419 93 3 96 0.9375 21
19420 10 106 116 -0.827586 26
19421 99 36 135 0.466667 33
19422 25 38 63 -0.206349 24
19423 43 54 97 -0.113402 31
19424 39 35 74 0.0540541 30
19425 21 100 121 -0.652893 28
19426 46 46 92 0 32
19427 24 84 108 -0.555556 26
19428 59 38 97 0.216495 28
19429 32 72 104 -0.384615 29
19430 84 16 100 0.68 26
19431 13 75 88 -0.704545 25
19432 33 102 135 -0.511111 30
19433 34 65 99 -0.313131 24
19434 102 12 114 0.789474 19
19435 10 102 112 -0.821429 17
19436 42 51 93 -0.0967742 29
19437 59 39 98 0.204082 25
19438 59 41 100 0.18 30
19439 29 108 137 -0.576642 31
19440 106 9 115 0.843478 24
19441 9 89 98 -0.816327 22
19442 30 49 79 -0.240506 27
19443 4 66 70 -0.885714 19
19444 99 11 110 0.8 28
19445 13 59 72 -0.638889 21
19446 8 73 81 -0.802469 24
19447 35 60 95 -0.263158 25
19448 59 62 121 -0.0247934 33
19449 4 98 102 -0.921569 18
19450 52 25 77 0.350649 28
19451 69 45 114 0.210526 33
19452 25 61 86 -0.418605 24
19453 12 99 111 -0.783784 24
19454 101 17 118 0.711864 28
19455 139 8 147 0.891156 18
19456 14 92 106 -0.735849 24
19457 100 47 147 0.360544 33
19458 26 86 112 -0.535714 32
19459 32 63 95 -0.326316 30
19460 90 17 107 0.682243 29
19461 74 23 97 0.525773 26
19462 59 18 77 0.532468 28
19463 27 96 123 -0.560976 29
19464 24 76 100 -0.52 26
19465 28 38 66 -0.151515 28
19466 11 101 112 -0.803571 23
19467 29 69 98 -0.408163 32
19468 72 4 76 0.894737 18
19469 15 61 76 -0.605263 24
19470 72 19 91 0.582418 30
19471 64 19 83 0.542169 25
19472 53 22 75 0.413333 28
19473 95 16 111 0.711712 22
19474 73 14 87 0.678161 26
19475 87 19 106 0.641509 26
19476 7 82 89 -0.842697 18
19477 18 71 89 -0.595506 23
19478 105 6 111 0.891892 18
19479 86 10 96 0.791667 26
19480 7 141 148 -0.905405 23
19481 93 4 97 0.917526 21
19482 107 30 137 0.562044 27
19483 84 23 107 0.570093 26
19484 49 50 99 -0.010101 35
19485 116 11 127 0.826772 25
19486 92 28 120 0.533333 25
19487 14 112 126 -0.777778 24
19488 21 83 104 -0.596154 26
19489 43 49 92 -0.0652174 30
19490 14 127 141 -0.801418 26
19491 120 12 132 0.818182 20
19492 116 10 126 0.84127 21
19493 59 5 64 0.84375 23
19494 34 62 96 -0.291667 27
19495 64 36 100 0.28 25
19496 109 3 112 0.946429 17
19497 6 87 93 -0.870968 23
19498 8 108 116 -0.862069 23
19499 70 24 94 0.489362 27
19500 77 15 92 0.673913 22
19501 40 50 90 -0.111111 29
19502 68 5 73 0.863014 20
19503 63 65 128 -0.015625 33
19504 29 76 105 -0.447619 23
19505 115 13 128 0.796875 25
19506 2 138 140 -0.971429 21
19507 37 57 94 -0.212766 31
19508 38 57 95 -0.2 32
19509 49 46 95 0.0315789 28
19510 64 9 73 0.753425 23
19511 25 87 112 -0.553571 27
19512 25 77 102 -0.509804 20
19513 25 32 57 -0.122807 25
19514 15 99 114 -0.736842 23
19515 62 43 105 0.180952 30
19516 123 7 130 0.892308 15
19517 68 47 115 0.182609 27
19518 74 17 91 0.626374 27
19519 36 56 92 -0.217391 27
19520 56 35 91 0.230769 26
19521 47 27 74 0.27027 31
19522 37 61 98 -0.244898 29
19523 47 76 123 -0.235772 29
19524 7 71 78 -0.820513 23
19525 17 91 108 -0.685185 27
19526 97 23 120 0.616667 29
19527 36 56 92 -0.217391 27
19528 37 48 85 -0.129412 30
19529 9 70 79 -0.772152 23
19530 65 23 88 0.477273 28
19531 19 88 107 -0.64486 25
19532 4 82 86 -0.906977 21
19533 68 52 120 0.133333 32
19534 70 27 97 0.443299 28
19535 35 47 82 -0.146341 23
19536 62 50 112 0.107143 33
19537 65 5 70 0.857143 19
19538 92 27 119 0.546218 29
19539 123 3 126 0.952381 22
19540 94 16 110 0.709091 27
19541 50 29 79 0.265823 24
19542 69 42 111 0.243243 30
19543 118 4 122 0.934426 20
19544 78 23 101 0.544554 25
19545 54 51 105 0.0285714 26
19546 61 30 91 0.340659 32
19547 101 18 119 0.697479 29
19548 15 78 93 -0.677419 26
19549 61 21 82 0.487805 24
19550 13 92 105 -0.752381 27
19551 45 34 79 0.139241 26
19552 51 24 75 0.36 26
19553 88 12 100 0.76 28
19554 56 49 105 0.0666667 25
19555 2 136 138 -0.971014 18
19556 19 66 85 -0.552941 26
19557 17 92 109 -0.688073 27
19558 13 68 81 -0.679012 24
19559 112 4 116 0.931034 21
19560 160 1 161 0.987578 12
19561 5 114 119 -0.915966 23
19562 53 57 110 -0.0363636 29
19563 76 45 121 0.256198 27
19564 60 39 99 0.212121 33
19565 2 120 122 -0.967213 19
19566 12 110 122 -0.803279 20
19567 46 72 118 -0.220339 34
19568 20 96 116 -0.655172 32
19569 33 43 76 -0.131579 27
19570 8 109 117 -0.863248 24
19571 123 14 137 0.79562 21
19572 10 109 119 -0.831933 26
19573 14 79 93 -0.698925 22
19574 33 40 73 -0.0958904 28
19575 80 35 115 0.391304 27
19576 88 13 101 0.742574 22
19577 41 14 55 0.490909 19
19578 15 116 131 -0.770992 18
19579 82 16 98 0.673469 25
19580 40 41 81 -0.0123457 24
19581 21 85 106 -0.603774 31
19582 94 24 118 0.59322 23
19583 43 2 45 0.911111 13
19584 27 49 76 -0.289474 28
19585 43 45 88 -0.0227273 26
19586 7 124 131 -0.89313 15
19587 29 74 103 -0.436893 30
19588 94 19 113 0.663717 23
19589 69 17 86 0.604651 25
19590 19 57 76 -0.5 26
19591 15 72 87 -0.655172 21
19592 35 75 110 -0.363636 26
19593 2 58 60 -0.933333 19
19594 47 60 107 -0.121495 28
19595 34 79 113 -0.39823 24
19596 99 4 103 0.92233 20
19597 25 70 95 -0.473684 25
19598 116 4 120 0.933333 18
19599 4 115 119 -0.932773 22
19600 22 48 70 -0.371429 25
19601 26 4 30 0.733333 11
19602 24 75 99 -0.515152 28
19603 19 79 98 -0.612245 22
19604 76 20 96 0.583333 29
19605 21 67 88 -0.522727 28
19606 4 111 115 -0.930435 18
19607 41 79 120 -0.316667 29
19608 10 123 133 -0.849624 28
19609 49 22 71 0.380282 27
19610 15 78 93 -0.677419 26
19611 19 92 111 -0.657658 31
19612 24 77 101 -0.524752 26
19613 64 6 70 0.828571 21
19614 5 174 179 -0.944134 18
19615 32 69 101 -0.366337 30
19616 72 13 85 0.694118 23
19617 6 88 94 -0.87234 22
19618 3 95 98 -0.938776 21
19619 26 88 114 -0.54386 31
19620 22 36 58 -0.241379 24
19621 73 27 100 0.46 29
19622 48 25 73 0.315068 31
19623 36 46 82 -0.121951 30
19624 4 68 72 -0.888889 21
19625 73 7 80 0.825 24
19626 31 74 105 -0.409524 21
19627 3 22 25 -0.76 15
19628 19 59 78 -0.512821 29
19629 88 23 111 0.585586 25
19630 42 32 74 0.135135 22
19631 42 57 99 -0.151515 29
19632 97 24 121 0.603306 33
19633 53 41 94 0.12766 31
19634 45 63 108 -0.166667 25
19635 94 16 110 0.709091 23
19636 98 14 112 0.75 26
19637 101 18 119 0.697479 26
19638 4 87 91 -0.912088 20
19639 58 50 108 0.0740741 31
19640 37 57 94 -0.212766 30
19641 58 57 115 0.00869565 23
19642 79 21 100 0.58 26
19643 64 29 93 0.376344 24
19644 47 13 60 0.566667 24
19645 74 16 90 0.644444 26
19646 72 22 94 0.531915 25
19647 60 38 98 0.22449 29
19648 77 30 107 0.439252 26
19649 143 6 149 0.919463 15
19650 64 28 92 0.391304 29
19651 14 68 82 -0.658537 24
19652 33 99 132 -0.5 25
19653 42 78 120 -0.3 31
19654 72 20 92 0.565217 23
19655 46 49 95 -0.0315789 26
19656 57 53 110 0.0363636 29
19657 22 61 83 -0.46988 24
19658 49 29 78 0.25641 26
19659 55 49 104 0.0576923 25
19660 106 15 121 0.752066 26
19661 18 81 99 -0.636364 23
19662 64 24 88 0.454545 26
19663 30 56 86 -0.302326 21
19664 101 17 118 0.711864 23
19665 60 40 100 0.2 27
19666 97 37 134 0.447761 34
19667 107 10 117 0.82906 25
19668 44 64 108 -0.185185 30
19669 72 23 95 0.515789 30
19670 43 57 100 -0.14 32
19671 85 18 103 0.650485 25
19672 108 21 129 0.674419 27
19673 35 59 94 -0.255319 34
19674 13 64 77 -0.662338 26
19675 103 9 112 0.839286 23
19676 56 63 119 -0.0588235 31
19677 55 56 111 -0.00900901 30
19678 53 56 109 -0.0275229 30
19679 13 49 62 -0.580645 21
19680 34 54 88 -0.227273 26
19681 73 38 111 0.315315 29
19682 69 15 84 0.642857 27
19683 20 70 90 -0.555556 28
19684 49 44 93 0.0537634 28
19685 56 39 95 0.178947 26
19686 1 130 131 -0.984733 14
19687 136 14 150 0.813333 21
19688 5 117 122 -0.918033 18
19689 61 30 91 0.340659 23
19690 23 65 88 -0.477273 28
19691 92 17 109 0.688073 27
19692 48 30 78 0.230769 25
19693 77 10 87 0.770115 24
19694 15 95 110 -0.727273 27
19695 16 78 94 -0.659574 23
19696 39 70 109 -0.284404 28
19697 38 55 93 -0.182796 33
19698 49 50 99 -0.010101 25
19699 33 57 90 -0.266667 26
19700 9 123 132 -0.863636 23
19701 14 74 88 -0.681818 22
19702 63 35 98 0.285714 28
19703 73 36 109 0.33945 26
19704 32 36 68 -0.0588235 23
19705 98 15 113 0.734513 21
19706 39 61 100 -0.22 31
19707 22 80 102 -0.568627 28
19708 10 74 84 -0.761905 25
19709 33 77 110 -0.4 24
19710 28 58 86 -0.348837 29
19711 77 22 99 0.555556 26
19712 54 34 88 0.227273 30
19713 51 24 75 0.36 29
19714 84 31 115 0.46087 27
19715 136 7 143 0.902098 24
19716 43 53 96 -0.104167 27
19717 18 98 116 -0.689655 29
19718 106 2 108 0.962963 20
19719 34 47 81 -0.160494 26
19720 8 98 106 -0.849057 22
19721 15 94 109 -0.724771 27
19722 76 32 108 0.407407 27
19723 80 13 93 0.72043 25
19724 31 77 108 -0.425926 26
19725 4 103 107 -0.925234 14
19726 22 68 90 -0.511111 24
19727 35 69 104 -0.326923 29
19728 36 84 120 -0.4 30
19729 99 4 103 0.92233 22
19730 11 67 78 -0.717949 23
19731 55 45 100 0.1 29
19732 50 46 96 0.0416667 16
19733 26 78 104 -0.5 26
19734 20 111 131 -0.694656 28
19735 71 31 102 0.392157 27
19736 101 26 127 0.590551 25
19737 1 99 100 -0.98 13
19738 120 7 127 0.889764 16
19739 70 20 90 0.555556 33
19740 74 34 108 0.37037 26
19741 71 23 94 0.510638 20
19742 37 36 73 0.0136986 19
19743 46 53 99 -0.0707071 25
19744 7 86 93 -0.849462 25
19745 93 4 97 0.917526 22
19746 58 33 91 0.274725 26
19747 41 51 92 -0.108696 29
19748 4 77 81 -0.901235 23
19749 34 65 99 -0.313131 27
19750 99 6 105 0.885714 15
19751 90 27 117 0.538462 27
19752 89 6 95 0.873684 24
19753 12 137 149 -0.838926 19
19754 88 10 98 0.795918 27
19755 29 80 109 -0.46789 33
19756 0 78 78 -1 18
19757 48 42 90 0.0666667 27
19758 58 48 106 0.0943396 31
19759 60 11 71 0.690141 24
19760 96 18 114 0.684211 24
19761 86 9 95 0.810526 21
19762 100 13 113 0.769912 25
19763 83 20 103 0.61165 29
19764 12 105 117 -0.794872 28
19765 18 96 114 -0.684211 28
19766 6 87 93 -0.870968 20
19767 33 84 117 -0.435897 26
19768 63 46 109 0.155963 34
19769 72 24 96 0.5 21
19770 35 24 59 0.186441 21
19771 92 21 113 0.628319 25
19772 44 54 98 -0.102041 29
19773 12 82 94 -0.744681 26
19774 9 127 136 -0.867647 21
19775 104 7 111 0.873874 25
19776 40 58 98 -0.183673 29
19777 53 30 83 0.277108 29
19778 52 35 87 0.195402 26
19779 33 20 53 0.245283 23
19780 33 56 89 -0.258427 31
19781 48 65 113 -0.150442 27
19782 100 13 113 0.769912 21
19783 23 83 106 -0.566038 29
19784 91 5 96 0.895833 23
19785 4 110 114 -0.929825 20
19786 108 3 111 0.945946 22
19787 93 8 101 0.841584 22
19788 11 69 80 -0.725 21
19789 22 62 84 -0.47619 24
19790 36 46 82 -0.121951 28
19791 38 68 106 -0.283019 25
19792 37 61 98 -0.244898 26
19793 13 118 131 -0.801527 22
19794 12 93 105 -0.771429 24
19795 20 60 80 -0.5 24
19796 78 18 96 0.625 23
19797 49 62 111 -0.117117 31
19798 5 120 125 -0.92 15
19799 16 95 111 -0.711712 26
19800 11 50 61 -0.639344 25
19801 43 49 92 -0.0652174 26
19802 4 116 120 -0.933333 19
19803 11 122 133 -0.834586 23
19804 65 45 110 0.181818 27
19805 56 56 112 0 35
19806 26 80 106 -0.509434 23
19807 38 65 103 -0.262136 27
19808 10 71 81 -0.753086 24
19809 27 60 87 -0.37931 29
19810 49 12 61 0.606557 20
19811 26 77 103 -0.495146 27
19812 101 1 102 0.980392 19
19813 56 68 124 -0.0967742 25
19814 4 114 118 -0.932203 15
19815 24 71 95 -0.494737 25
19816 84 18 102 0.647059 27
19817 120 0 120 1 19
19818 106 31 137 0.547445 28
19819 16 97 113 -0.716814 29
19820 40 57 97 -0.175258 27
19821 24 92 116 -0.586207 27
19822 60 27 87 0.37931 20
19823 6 79 85 -0.858824 21
19824 15 103 118 -0.745763 25
19825 43 43 86 0 26
19826 63 19 82 0.536585 25
19827 95 9 104 0.826923 23
19828 121 15 136 0.779412 20
19829 13 107 120 -0.783333 28
19830 65 16 81 0.604938 25
19831 73 25 98 0.489796 25
19832 16 94 110 -0.709091 28
19833 38 47 85 -0.105882 27
19834 12 75 87 -0.724138 26
19835 11 81 92 -0.76087 23
19836 102 13 115 0.773913 26
19837 54 64 118 -0.0847458 28
19838 5 104 109 -0.908257 22
19839 4 62 66 -0.878788 19
19840 45 52 97 -0.0721649 25
19841 71 10 81 0.753086 16
19842 76 22 98 0.55102 21
19843 63 48 111 0.135135 24
19844 36 16 52 0.384615 23
19845 37 38 75 -0.0133333 25
19846 42 57 99 -0.151515 31
19847 29 59 88 -0.340909 31
19848 71 31 102 0.392157 26
19849 39 59 98 -0.204082 33
19850 15 97 112 -0.732143 26
19851 47 58 105 -0.104762 30
19852 80 19 99 0.616162 29
19853 58 49 107 0.0841121 28
19854 36 12 48 0.5 23
19855 68 47 115 0.182609 24
19856 76 20 96 0.583333 24
19857 23 70 93 -0.505376 23
19858 42 48 90 -0.0666667 28
19859 78 26 104 0.5 30
19860 30 74 104 -0.423077 28
19861 63 27 90 0.4 23
19862 41 39 80 0.025 29
19863 61 43 104 0.173077 23
19864 3 128 131 -0.954198 17
19865 122 3 125 0.952 22
19866 90 12 102 0.764706 24
19867 35 54 89 -0.213483 31
19868 74 16 90 0.644444 30
19869 29 73 102 -0.431373 29
19870 75 27 102 0.470588 25
19871 98 20 118 0.661017 26
19872 34 37 71 -0.0422535 27
19873 41 25 66 0.242424 18
19874 79 36 115 0.373913 34
19875 93 5 98 0.897959 19
19876 74 9 83 0.783133 23
19877 36 71 107 -0.327103 29
19878 66 29 95 0.389474 22
19879 11 106 117 -0.811966 25
19880 67 37 104 0.288462 29
19881 7 82 89 -0.842697 25
19882 71 12 83 0.710843 24
19883 13 120 133 -0.804511 18
19884 20 108 128 -0.6875 26
19885 66 46 112 0.178571 32
19886 84 32 116 0.448276 29
19887 17 48 65 -0.476923 23
19888 9 127 136 -0.867647 21
19889 42 96 138 -0.391304 33
19890 13 89 102 -0.745098 24
19891 124 2 126 0.968254 10
19892 65 28 93 0.397849 31
19893 61 41 102 0.196078 29
19894 34 52 86 -0.209302 29
19895 33 61 94 -0.297872 30
19896 125 7 132 0.893939 23
19897 63 52 115 0.0956522 31
19898 10 123 133 -0.849624 25
19899 68 14 82 0.658537 25
19900 48 43 91 0.0549451 28
19901 133 6 139 0.913669 14
19902 82 16 98 0.673469 26
19903 19 53 72 -0.472222 25
19904 17 114 131 -0.740458 32
19905 7 80 87 -0.83908 20
19906 25 80 105 -0.52381 27
19907 70 14 84 0.666667 26
19908 29 71 100 -0.42 25
19909 33 80 113 -0.415929 25
19910 101 16 117 0.726496 28
19911 29 72 101 -0.425743 25
19912 57 31 88 0.295455 32
19913 9 102 111 -0.837838 25
19914 100 9 109 0.834862 24
19915 45 48 93 -0.0322581 29
19916 35 44 79 -0.113924 31
19917 103 10 113 0.823009 24
19918 28 93 121 -0.53719 30
19919 102 20 122 0.672131 19
19920 75 42 117 0.282051 30
19921 10 71 81 -0.753086 20
19922 61 59 120 0.0166667 32
19923 124 0 124 1 18
19924 46 25 71 0.295775 21
19925 13 89 102 -0.745098 20
19926 6 113 119 -0.89916 20
19927 30 79 109 -0.449541 21
19928 58 30 88 0.318182 30
19929 103 16 119 0.731092 27
19930 18 107 125 -0.712 25
19931 37 96 133 -0.443609 30
19932 47 40 87 0.0804598 29
19933 51 60 111 -0.0810811 23
19934 43 52 95 -0.0947368 36
19935 54 30 84 0.285714 30
19936 50 8 58 0.724138 22
19937 17 120 137 -0.751825 28
19938 2 137 139 -0.971223 19
19939 12 90 102 -0.764706 28
19940 5 86 91 -0.89011 24
19941 21 106 127 -0.669291 29
19942 88 7 95 0.852632 23
19943 22 83 105 -0.580952 24
19944 10 91 101 -0.80198 24
19945 62 31 93 0.333333 31
19946 26 59 85 -0.388235 25
19947 47 70 117 -0.196581 30
19948 59 26 85 0.388235 27
19949 7 89 96 -0.854167 23
19950 57 53 110 0.0363636 26
19951 66 24 90 0.466667 23
19952 75 22 97 0.546392 29
19953 68 20 88 0.545455 26
19954 106 16 122 0.737705 24
19955 19 69 88 -0.568182 28
19956 81 29 110 0.472727 29
19957 47 43 90 0.0444444 22
19958 37 52 89 -0.168539 26
19959 71 35 106 0.339623 23
19960 92 32 124 0.483871 32
19961 19 110 129 -0.705426 27
19962 70 4 74 0.891892 21
19963 3 94 97 -0.938144 21
19964 8 61 69 -0.768116 22
19965 7 77 84 -0.833333 21
19966 65 59 124 0.0483871 27
19967 112 10 122 0.836066 21
19968 23 49 72 -0.361111 27
19969 48 9 57 0.684211 22
19970 39 70 109 -0.284404 28
19971 34 76 110 -0.381818 30
19972 124 0 124 1 8
19973 12 69 81 -0.703704 22
19974 50 27 77 0.298701 24
19975 31 77 108 -0.425926 35
19976 40 47 87 -0.0804598 29
19977 36 82 118 -0.389831 31
19978 34 43 77 -0.116883 23
19979 16 147 163 -0.803681 26
19980 51 45 96 0.0625 23
19981 10 100 110 -0.818182 19
19982 26 105 131 -0.603053 24
19983 21 123 144 -0.708333 29
19984 46 64 110 -0.163636 31
19985 86 20 106 0.622642 28
19986 109 8 117 0.863248 18
19987 60 60 120 0 27
19988 44 58 102 -0.137255 30
19989 91 19 110 0.654545 31
19990 72 13 85 0.694118 20
19991 119 27 146 0.630137 28
19992 33 69 102 -0.352941 29
19993 55 61 116 -0.0517241 35
19994 4 116 120 -0.933333 21
19995 42 77 119 -0.294118 27
19996 45 48 93 -0.0322581 31
19997 39 60 99 -0.212121 29
19998 46 24 70 0.314286 24
19999 6 137 143 -0.916084 14
