# event_id generated_optical_photons
0 133
1 206
2 219
3 211
4 199
5 154
6 118
7 195
8 189
9 195
10 241
11 182
12 209
13 226
14 159
15 201
16 89
17 212
18 128
19 197
20 179
21 160
22 170
23 187
24 168
25 178
26 215
27 193
28 178
29 185
30 155
31 163
32 133
33 194
34 191
35 201
36 205
37 224
38 237
39 185
40 186
41 177
42 170
43 213
44 133
45 183
46 209
47 157
48 124
49 198
50 190
51 195
52 198
53 194
54 200
55 134
56 235
57 198
58 198
59 170
60 188
61 144
62 235
63 242
64 84
65 107
66 237
67 213
68 225
69 216
70 195
71 185
72 209
73 181
74 219
75 83
76 214
77 174
78 195
79 219
80 88
81 191
82 133
83 202
84 170
85 159
86 198
87 175
88 226
89 179
90 225
91 167
92 153
93 207
94 197
95 109
96 198
97 139
98 161
99 119
100 212
101 254
102 219
103 184
104 44
105 229
106 157
107 202
108 111
109 190
110 174
111 210
112 226
113 157
114 242
115 197
116 226
117 186
118 214
119 240
120 201
121 219
122 186
123 202
124 187
125 219
126 141
127 213
128 201
129 125
130 155
131 208
132 237
133 132
134 156
135 220
136 205
137 175
138 199
139 205
140 197
141 209
142 150
143 190
144 225
145 213
146 232
147 169
148 190
149 45
150 205
151 232
152 183
153 215
154 236
155 250
156 234
157 201
158 222
159 211
160 184
161 186
162 219
163 139
164 202
165 159
166 184
167 166
168 175
169 204
170 254
171 116
172 200
173 194
174 164
175 150
176 167
177 199
178 211
179 195
180 211
181 191
182 87
183 212
184 186
185 185
186 167
187 203
188 145
189 143
190 159
191 197
192 201
193 184
194 217
195 206
196 201
197 87
198 227
199 231
200 203
201 181
202 231
203 217
204 198
205 163
206 135
207 174
208 233
209 210
210 113
211 146
212 131
213 195
214 165
215 164
216 160
217 223
218 156
219 215
220 182
221 206
222 175
223 101
224 222
225 230
226 165
227 137
228 186
229 199
230 144
231 195
232 204
233 188
234 206
235 145
236 182
237 182
238 163
239 187
240 203
241 204
242 126
243 163
244 197
245 113
246 156
247 131
248 169
249 194
250 156
251 226
252 109
253 89
254 80
255 202
256 225
257 214
258 177
259 222
260 154
261 214
262 214
263 123
264 146
265 221
266 119
267 210
268 155
269 129
270 157
271 230
272 86
273 128
274 177
275 182
276 109
277 101
278 232
279 172
280 182
281 232
282 190
283 207
284 190
285 205
286 222
287 209
288 180
289 196
290 234
291 154
292 208
293 132
294 161
295 159
296 211
297 196
298 211
299 198
300 193
301 88
302 96
303 181
304 210
305 147
306 206
307 89
308 164
309 192
310 204
311 108
312 203
313 188
314 190
315 154
316 177
317 215
318 30
319 172
320 139
321 180
322 201
323 109
324 205
325 246
326 183
327 179
328 230
329 206
330 156
331 177
332 194
333 177
334 221
335 76
336 221
337 208
338 12
339 197
340 30
341 208
342 163
343 107
344 150
345 179
346 188
347 230
348 207
349 210
350 213
351 218
352 155
353 185
354 236
355 191
356 175
357 206
358 54
359 233
360 180
361 186
362 168
363 126
364 189
365 229
366 137
367 103
368 167
369 195
370 185
371 214
372 217
373 215
374 182
375 198
376 188
377 228
378 168
379 139
380 165
381 190
382 185
383 215
384 213
385 194
386 181
387 120
388 177
389 246
390 210
391 90
392 155
393 247
394 183
395 170
396 154
397 198
398 21
399 194
400 205
401 196
402 195
403 214
404 112
405 193
406 183
407 220
408 192
409 93
410 182
411 191
412 228
413 142
414 202
415 194
416 223
417 120
418 173
419 224
420 179
421 171
422 172
423 188
424 199
425 193
426 80
427 91
428 107
429 194
430 133
431 227
432 160
433 81
434 235
435 190
436 198
437 246
438 204
439 361
440 209
441 165
442 190
443 204
444 206
445 208
446 197
447 209
448 188
449 108
450 205
451 196
452 223
453 101
454 209
455 178
456 182
457 200
458 181
459 224
460 203
461 207
462 171
463 192
464 225
465 184
466 114
467 198
468 203
469 225
470 171
471 237
472 158
473 200
474 166
475 137
476 174
477 171
478 141
479 207
480 187
481 173
482 198
483 166
484 186
485 182
486 219
487 230
488 121
489 232
490 165
491 166
492 247
493 211
494 135
495 197
496 182
497 190
498 84
499 194
500 161
501 191
502 146
503 240
504 137
505 136
506 168
507 213
508 67
509 204
510 169
511 148
512 200
513 219
514 213
515 188
516 177
517 203
518 169
519 218
520 162
521 224
522 285
523 161
524 192
525 215
526 206
527 203
528 150
529 184
530 157
531 115
532 202
533 175
534 233
535 83
536 212
537 173
538 169
539 189
540 182
541 96
542 134
543 135
544 52
545 176
546 165
547 235
548 153
549 172
550 105
551 192
552 162
553 229
554 205
555 157
556 190
557 82
558 197
559 193
560 154
561 138
562 213
563 114
564 240
565 148
566 176
567 220
568 163
569 203
570 203
571 155
572 198
573 142
574 208
575 186
576 186
577 193
578 156
579 149
580 222
581 189
582 153
583 115
584 207
585 229
586 54
587 153
588 211
589 149
590 220
591 192
592 176
593 181
594 138
595 130
596 216
597 190
598 148
599 212
600 230
601 125
602 237
603 172
604 152
605 193
606 206
607 241
608 190
609 204
610 222
611 207
612 143
613 190
614 153
615 174
616 155
617 134
618 215
619 160
620 191
621 228
622 166
623 183
624 121
625 176
626 208
627 198
628 235
629 193
630 237
631 160
632 216
633 184
634 232
635 197
636 185
637 195
638 205
639 153
640 180
641 225
642 201
643 174
644 206
645 206
646 169
647 124
648 176
649 163
650 148
651 205
652 185
653 188
654 220
655 182
656 218
657 197
658 157
659 160
660 114
661 101
662 174
663 68
664 181
665 141
666 211
667 258
668 60
669 227
670 125
671 189
672 182
673 183
674 185
675 208
676 162
677 195
678 213
679 178
680 196
681 188
682 164
683 215
684 217
685 199
686 160
687 172
688 197
689 157
690 159
691 207
692 216
693 125
694 234
695 103
696 231
697 184
698 212
699 196
700 217
701 187
702 199
703 213
704 108
705 212
706 164
707 214
708 215
709 170
710 181
711 181
712 176
713 200
714 218
715 184
716 166
717 170
718 216
719 221
720 159
721 149
722 172
723 109
724 155
725 189
726 117
727 132
728 234
729 194
730 197
731 172
732 184
733 140
734 237
735 96
736 225
737 164
738 195
739 107
740 113
741 218
742 131
743 234
744 249
745 157
746 246
747 222
748 216
749 91
750 224
751 228
752 221
753 230
754 256
755 161
756 162
757 131
758 192
759 174
760 217
761 161
762 99
763 221
764 214
765 168
766 209
767 196
768 196
769 239
770 191
771 132
772 211
773 135
774 193
775 232
776 224
777 195
778 222
779 154
780 192
781 188
782 183
783 216
784 236
785 191
786 185
787 223
788 208
789 157
790 211
791 192
792 212
793 206
794 169
795 194
796 222
797 201
798 168
799 194
800 109
801 134
802 175
803 120
804 206
805 194
806 124
807 88
808 185
809 195
810 172
811 215
812 120
813 213
814 201
815 203
816 185
817 242
818 190
819 211
820 135
821 171
822 137
823 112
824 196
825 89
826 197
827 161
828 226
829 151
830 90
831 177
832 175
833 237
834 205
835 210
836 262
837 188
838 177
839 162
840 200
841 209
842 212
843 112
844 76
845 210
846 236
847 175
848 176
849 225
850 155
851 94
852 115
853 243
854 206
855 181
856 190
857 186
858 179
859 182
860 197
861 164
862 162
863 212
864 115
865 185
866 182
867 185
868 207
869 135
870 249
871 162
872 204
873 218
874 217
875 151
876 196
877 183
878 101
879 208
880 222
881 171
882 198
883 234
884 181
885 174
886 195
887 227
888 158
889 206
890 212
891 190
892 194
893 209
894 213
895 194
896 190
897 204
898 210
899 193
900 182
901 169
902 210
903 236
904 184
905 205
906 234
907 227
908 171
909 188
910 210
911 165
912 194
913 166
914 195
915 252
916 223
917 219
918 218
919 205
920 152
921 221
922 177
923 200
924 225
925 238
926 141
927 178
928 178
929 84
930 174
931 119
932 191
933 177
934 220
935 197
936 196
937 124
938 260
939 186
940 177
941 176
942 205
943 237
944 190
945 146
946 191
947 81
948 186
949 189
950 102
951 117
952 230
953 184
954 232
955 213
956 170
957 171
958 201
959 183
960 174
961 151
962 206
963 188
964 225
965 164
966 155
967 132
968 203
969 196
970 200
971 199
972 94
973 183
974 202
975 139
976 200
977 216
978 157
979 163
980 221
981 177
982 224
983 217
984 199
985 199
986 226
987 107
988 155
989 169
990 102
991 227
992 231
993 208
994 230
995 135
996 107
997 185
998 202
999 201
1000 237
1001 201
1002 225
1003 203
1004 127
1005 183
1006 136
1007 218
1008 222
1009 182
1010 136
1011 170
1012 136
1013 235
1014 112
1015 211
1016 158
1017 152
1018 154
1019 164
1020 190
1021 150
1022 156
1023 182
1024 147
1025 193
1026 165
1027 126
1028 183
1029 195
1030 96
1031 144
1032 227
1033 221
1034 169
1035 194
1036 167
1037 205
1038 142
1039 171
1040 222
1041 92
1042 146
1043 199
1044 194
1045 121
1046 185
1047 193
1048 175
1049 201
1050 220
1051 209
1052 214
1053 166
1054 200
1055 218
1056 173
1057 178
1058 134
1059 243
1060 149
1061 188
1062 157
1063 109
1064 119
1065 173
1066 254
1067 239
1068 173
1069 178
1070 210
1071 196
1072 189
1073 237
1074 164
1075 179
1076 170
1077 166
1078 160
1079 189
1080 184
1081 182
1082 190
1083 224
1084 239
1085 204
1086 148
1087 191
1088 181
1089 187
1090 137
1091 199
1092 189
1093 197
1094 123
1095 191
1096 203
1097 135
1098 219
1099 189
1100 220
1101 186
1102 186
1103 230
1104 268
1105 162
1106 230
1107 164
1108 166
1109 212
1110 104
1111 108
1112 166
1113 225
1114 175
1115 207
1116 105
1117 162
1118 202
1119 226
1120 166
1121 227
1122 97
1123 157
1124 196
1125 181
1126 213
1127 203
1128 219
1129 199
1130 146
1131 218
1132 167
1133 157
1134 176
1135 223
1136 160
1137 231
1138 170
1139 213
1140 22
1141 173
1142 151
1143 194
1144 159
1145 233
1146 208
1147 187
1148 170
1149 91
1150 251
1151 224
1152 163
1153 212
1154 99
1155 201
1156 187
1157 163
1158 206
1159 195
1160 147
1161 211
1162 217
1163 202
1164 88
1165 159
1166 167
1167 204
1168 237
1169 133
1170 92
1171 101
1172 156
1173 170
1174 190
1175 192
1176 99
1177 200
1178 173
1179 191
1180 264
1181 195
1182 169
1183 190
1184 186
1185 193
1186 211
1187 203
1188 211
1189 186
1190 239
1191 206
1192 232
1193 231
1194 104
1195 176
1196 199
1197 172
1198 225
1199 227
1200 205
1201 179
1202 114
1203 141
1204 186
1205 149
1206 148
1207 198
1208 209
1209 198
1210 242
1211 186
1212 183
1213 167
1214 207
1215 169
1216 119
1217 140
1218 187
1219 169
1220 190
1221 174
1222 213
1223 225
1224 162
1225 208
1226 210
1227 179
1228 216
1229 125
1230 101
1231 227
1232 246
1233 223
1234 183
1235 161
1236 179
1237 205
1238 164
1239 211
1240 185
1241 238
1242 201
1243 202
1244 211
1245 179
1246 177
1247 195
1248 231
1249 231
1250 83
1251 206
1252 218
1253 236
1254 161
1255 199
1256 226
1257 150
1258 130
1259 170
1260 94
1261 214
1262 185
1263 182
1264 206
1265 162
1266 99
1267 200
1268 191
1269 128
1270 187
1271 238
1272 191
1273 124
1274 158
1275 162
1276 214
1277 185
1278 215
1279 190
1280 193
1281 122
1282 236
1283 178
1284 147
1285 202
1286 198
1287 257
1288 237
1289 110
1290 193
1291 200
1292 175
1293 192
1294 162
1295 235
1296 102
1297 168
1298 206
1299 213
1300 215
1301 197
1302 171
1303 155
1304 198
1305 207
1306 44
1307 192
1308 206
1309 179
1310 204
1311 201
1312 156
1313 184
1314 186
1315 219
1316 198
1317 179
1318 214
1319 121
1320 181
1321 262
1322 196
1323 218
1324 158
1325 218
1326 232
1327 199
1328 200
1329 196
1330 192
1331 180
1332 210
1333 101
1334 114
1335 178
1336 183
1337 213
1338 189
1339 164
1340 136
1341 173
1342 183
1343 194
1344 165
1345 242
1346 137
1347 219
1348 158
1349 173
1350 202
1351 165
1352 186
1353 129
1354 220
1355 222
1356 150
1357 216
1358 124
1359 228
1360 102
1361 176
1362 180
1363 168
1364 179
1365 192
1366 95
1367 163
1368 220
1369 186
1370 211
1371 230
1372 210
1373 170
1374 242
1375 226
1376 211
1377 258
1378 148
1379 219
1380 212
1381 130
1382 229
1383 191
1384 223
1385 206
1386 217
1387 188
1388 234
1389 182
1390 183
1391 205
1392 211
1393 221
1394 175
1395 215
1396 179
1397 252
1398 194
1399 218
1400 216
1401 132
1402 131
1403 179
1404 66
1405 226
1406 176
1407 197
1408 227
1409 181
1410 173
1411 134
1412 177
1413 202
1414 238
1415 121
1416 129
1417 70
1418 197
1419 111
1420 206
1421 180
1422 177
1423 203
1424 183
1425 231
1426 133
1427 209
1428 216
1429 201
1430 231
1431 220
1432 190
1433 167
1434 183
1435 182
1436 221
1437 187
1438 197
1439 217
1440 217
1441 188
1442 214
1443 200
1444 197
1445 198
1446 178
1447 199
1448 189
1449 193
1450 97
1451 143
1452 160
1453 182
1454 170
1455 189
1456 173
1457 199
1458 184
1459 187
1460 218
1461 183
1462 165
1463 117
1464 191
1465 197
1466 184
1467 153
1468 134
1469 165
1470 137
1471 158
1472 177
1473 202
1474 210
1475 199
1476 166
1477 142
1478 193
1479 152
1480 215
1481 190
1482 90
1483 205
1484 162
1485 192
1486 162
1487 187
1488 202
1489 152
1490 221
1491 194
1492 140
1493 184
1494 252
1495 165
1496 193
1497 219
1498 224
1499 206
1500 135
1501 203
1502 147
1503 174
1504 179
1505 106
1506 70
1507 209
1508 178
1509 89
1510 165
1511 242
1512 190
1513 170
1514 193
1515 168
1516 208
1517 234
1518 211
1519 225
1520 211
1521 166
1522 220
1523 93
1524 208
1525 219
1526 179
1527 210
1528 201
1529 137
1530 196
1531 197
1532 198
1533 207
1534 180
1535 229
1536 190
1537 190
1538 113
1539 190
1540 207
1541 212
1542 99
1543 179
1544 175
1545 209
1546 176
1547 213
1548 226
1549 191
1550 195
1551 201
1552 174
1553 212
1554 210
1555 181
1556 193
1557 124
1558 201
1559 123
1560 132
1561 187
1562 207
1563 244
1564 119
1565 204
1566 150
1567 211
1568 206
1569 218
1570 142
1571 205
1572 150
1573 191
1574 198
1575 191
1576 117
1577 208
1578 191
1579 185
1580 178
1581 252
1582 176
1583 210
1584 177
1585 225
1586 176
1587 182
1588 139
1589 187
1590 204
1591 160
1592 196
1593 136
1594 221
1595 189
1596 171
1597 168
1598 201
1599 176
1600 225
1601 207
1602 121
1603 91
1604 207
1605 152
1606 165
1607 241
1608 184
1609 211
1610 178
1611 185
1612 159
1613 197
1614 109
1615 181
1616 224
1617 100
1618 207
1619 164
1620 218
1621 168
1622 238
1623 212
1624 191
1625 185
1626 209
1627 246
1628 188
1629 230
1630 258
1631 218
1632 244
1633 115
1634 189
1635 73
1636 134
1637 219
1638 197
1639 55
1640 78
1641 75
1642 215
1643 188
1644 131
1645 223
1646 187
1647 174
1648 217
1649 169
1650 212
1651 219
1652 187
1653 196
1654 191
1655 174
1656 171
1657 234
1658 231
1659 153
1660 173
1661 195
1662 198
1663 209
1664 183
1665 205
1666 215
1667 202
1668 205
1669 233
1670 216
1671 205
1672 215
1673 172
1674 248
1675 189
1676 176
1677 141
1678 136
1679 143
1680 195
1681 82
1682 168
1683 216
1684 170
1685 223
1686 212
1687 194
1688 199
1689 152
1690 137
1691 270
1692 197
1693 171
1694 190
1695 187
1696 175
1697 190
1698 186
1699 200
1700 137
1701 145
1702 174
1703 190
1704 187
1705 190
1706 203
1707 109
1708 152
1709 195
1710 215
1711 227
1712 204
1713 213
1714 232
1715 179
1716 208
1717 136
1718 150
1719 236
1720 199
1721 205
1722 132
1723 122
1724 200
1725 167
1726 92
1727 186
1728 229
1729 234
1730 209
1731 197
1732 96
1733 220
1734 187
1735 196
1736 204
1737 187
1738 217
1739 149
1740 196
1741 164
1742 220
1743 172
1744 87
1745 220
1746 212
1747 204
1748 186
1749 211
1750 186
1751 191
1752 149
1753 187
1754 101
1755 189
1756 122
1757 91
1758 175
1759 177
1760 206
1761 127
1762 151
1763 150
1764 12
1765 116
1766 230
1767 191
1768 201
1769 214
1770 163
1771 199
1772 181
1773 193
1774 180
1775 138
1776 164
1777 232
1778 164
1779 203
1780 162
1781 208
1782 165
1783 144
1784 101
1785 199
1786 220
1787 173
1788 144
1789 89
1790 214
1791 196
1792 207
1793 208
1794 216
1795 175
1796 161
1797 146
1798 190
1799 217
1800 172
1801 227
1802 209
1803 177
1804 121
1805 205
1806 242
1807 130
1808 182
1809 133
1810 216
1811 183
1812 216
1813 199
1814 193
1815 171
1816 221
1817 81
1818 189
1819 184
1820 270
1821 186
1822 187
1823 229
1824 158
1825 154
1826 187
1827 224
1828 129
1829 175
1830 156
1831 201
1832 196
1833 177
1834 186
1835 170
1836 147
1837 201
1838 244
1839 187
1840 215
1841 159
1842 226
1843 204
1844 196
1845 146
1846 197
1847 227
1848 202
1849 97
1850 213
1851 161
1852 132
1853 173
1854 219
1855 204
1856 174
1857 148
1858 173
1859 226
1860 178
1861 201
1862 179
1863 206
1864 187
1865 154
1866 148
1867 171
1868 156
1869 181
1870 187
1871 101
1872 185
1873 192
1874 163
1875 123
1876 228
1877 207
1878 62
1879 208
1880 166
1881 219
1882 185
1883 135
1884 179
1885 187
1886 109
1887 251
1888 162
1889 227
1890 179
1891 221
1892 207
1893 248
1894 132
1895 141
1896 228
1897 180
1898 92
1899 208
1900 195
1901 177
1902 225
1903 223
1904 204
1905 115
1906 166
1907 180
1908 221
1909 185
1910 194
1911 161
1912 204
1913 88
1914 154
1915 178
1916 203
1917 221
1918 186
1919 125
1920 195
1921 189
1922 194
1923 193
1924 206
1925 205
1926 214
1927 187
1928 173
1929 159
1930 195
1931 233
1932 202
1933 209
1934 211
1935 193
1936 175
1937 171
1938 212
1939 216
1940 232
1941 230
1942 133
1943 121
1944 146
1945 208
1946 162
1947 224
1948 110
1949 125
1950 193
1951 230
1952 149
1953 193
1954 203
1955 157
1956 236
1957 184
1958 163
1959 157
1960 143
1961 183
1962 227
1963 163
1964 220
1965 197
1966 136
1967 218
1968 222
1969 225
1970 206
1971 216
1972 155
1973 136
1974 183
1975 236
1976 183
1977 177
1978 209
1979 154
1980 177
1981 229
1982 156
1983 229
1984 257
1985 155
1986 74
1987 89
1988 171
1989 221
1990 203
1991 198
1992 212
1993 242
1994 173
1995 164
1996 207
1997 124
1998 180
1999 227
2000 210
2001 201
2002 157
2003 213
2004 150
2005 192
2006 247
2007 213
2008 217
2009 198
2010 184
2011 89
2012 225
2013 99
2014 170
2015 129
2016 120
2017 123
2018 189
2019 161
2020 116
2021 191
2022 197
2023 208
2024 201
2025 242
2026 177
2027 201
2028 176
2029 216
2030 198
2031 157
2032 213
2033 196
2034 195
2035 145
2036 227
2037 200
2038 110
2039 171
2040 217
2041 152
2042 233
2043 139
2044 167
2045 174
2046 188
2047 248
2048 118
2049 222
2050 189
2051 180
2052 196
2053 214
2054 226
2055 217
2056 243
2057 197
2058 195
2059 153
2060 228
2061 143
2062 168
2063 197
2064 225
2065 190
2066 160
2067 209
2068 217
2069 192
2070 215
2071 0
2072 192
2073 176
2074 195
2075 129
2076 197
2077 193
2078 198
2079 153
2080 178
2081 187
2082 251
2083 106
2084 213
2085 200
2086 190
2087 188
2088 179
2089 144
2090 208
2091 155
2092 172
2093 212
2094 181
2095 221
2096 173
2097 222
2098 185
2099 115
2100 194
2101 212
2102 212
2103 196
2104 172
2105 126
2106 227
2107 215
2108 197
2109 194
2110 225
2111 192
2112 195
2113 224
2114 199
2115 189
2116 155
2117 177
2118 183
2119 222
2120 148
2121 156
2122 122
2123 152
2124 227
2125 86
2126 51
2127 195
2128 237
2129 139
2130 234
2131 172
2132 200
2133 182
2134 91
2135 234
2136 86
2137 203
2138 202
2139 172
2140 236
2141 202
2142 186
2143 102
2144 180
2145 163
2146 190
2147 193
2148 231
2149 150
2150 178
2151 219
2152 204
2153 231
2154 179
2155 133
2156 157
2157 126
2158 38
2159 237
2160 188
2161 148
2162 199
2163 164
2164 198
2165 85
2166 225
2167 200
2168 151
2169 224
2170 203
2171 157
2172 234
2173 228
2174 189
2175 224
2176 162
2177 212
2178 176
2179 193
2180 126
2181 183
2182 186
2183 193
2184 203
2185 190
2186 163
2187 195
2188 147
2189 211
2190 234
2191 186
2192 211
2193 210
2194 201
2195 228
2196 210
2197 150
2198 164
2199 224
2200 239
2201 208
2202 201
2203 136
2204 171
2205 169
2206 230
2207 93
2208 168
2209 148
2210 113
2211 151
2212 192
2213 245
2214 137
2215 209
2216 201
2217 139
2218 175
2219 138
2220 182
2221 146
2222 208
2223 118
2224 131
2225 163
2226 193
2227 214
2228 115
2229 93
2230 180
2231 156
2232 177
2233 122
2234 203
2235 192
2236 205
2237 162
2238 198
2239 196
2240 159
2241 185
2242 177
2243 223
2244 199
2245 205
2246 96
2247 191
2248 211
2249 158
2250 158
2251 177
2252 98
2253 226
2254 215
2255 184
2256 100
2257 188
2258 217
2259 223
2260 195
2261 169
2262 232
2263 137
2264 93
2265 172
2266 143
2267 198
2268 232
2269 178
2270 178
2271 212
2272 200
2273 198
2274 156
2275 184
2276 188
2277 199
2278 164
2279 225
2280 204
2281 249
2282 158
2283 134
2284 212
2285 228
2286 242
2287 185
2288 179
2289 153
2290 225
2291 187
2292 199
2293 200
2294 249
2295 184
2296 186
2297 215
2298 122
2299 224
2300 189
2301 181
2302 167
2303 191
2304 205
2305 181
2306 181
2307 201
2308 99
2309 172
2310 196
2311 209
2312 143
2313 97
2314 219
2315 22
2316 212
2317 142
2318 231
2319 201
2320 178
2321 163
2322 189
2323 218
2324 143
2325 221
2326 103
2327 184
2328 219
2329 163
2330 185
2331 194
2332 202
2333 144
2334 207
2335 215
2336 181
2337 151
2338 153
2339 201
2340 213
2341 217
2342 223
2343 188
2344 184
2345 211
2346 175
2347 195
2348 215
2349 183
2350 126
2351 180
2352 210
2353 213
2354 138
2355 185
2356 207
2357 90
2358 135
2359 193
2360 216
2361 183
2362 215
2363 178
2364 140
2365 227
2366 175
2367 198
2368 94
2369 199
2370 225
2371 243
2372 223
2373 190
2374 179
2375 166
2376 164
2377 203
2378 196
2379 168
2380 183
2381 138
2382 214
2383 151
2384 175
2385 158
2386 192
2387 102
2388 152
2389 178
2390 209
2391 198
2392 85
2393 176
2394 207
2395 134
2396 254
2397 213
2398 192
2399 111
2400 227
2401 225
2402 204
2403 208
2404 175
2405 132
2406 218
2407 184
2408 149
2409 158
2410 184
2411 182
2412 131
2413 218
2414 196
2415 190
2416 207
2417 161
2418 226
2419 192
2420 140
2421 207
2422 169
2423 187
2424 210
2425 240
2426 201
2427 157
2428 183
2429 214
2430 200
2431 186
2432 210
2433 108
2434 160
2435 189
2436 182
2437 179
2438 208
2439 115
2440 92
2441 202
2442 209
2443 194
2444 187
2445 127
2446 196
2447 179
2448 184
2449 220
2450 229
2451 187
2452 243
2453 195
2454 229
2455 131
2456 221
2457 218
2458 168
2459 80
2460 188
2461 190
2462 199
2463 179
2464 163
2465 181
2466 176
2467 163
2468 195
2469 168
2470 204
2471 195
2472 222
2473 175
2474 99
2475 244
2476 141
2477 106
2478 115
2479 223
2480 163
2481 219
2482 164
2483 178
2484 154
2485 204
2486 168
2487 221
2488 230
2489 151
2490 186
2491 128
2492 193
2493 179
2494 205
2495 187
2496 207
2497 176
2498 220
2499 242
2500 141
2501 231
2502 185
2503 196
2504 204
2505 162
2506 155
2507 225
2508 67
2509 79
2510 120
2511 190
2512 197
2513 91
2514 191
2515 201
2516 187
2517 223
2518 192
2519 150
2520 191
2521 192
2522 232
2523 208
2524 194
2525 64
2526 203
2527 200
2528 149
2529 142
2530 208
2531 214
2532 218
2533 169
2534 169
2535 163
2536 201
2537 170
2538 243
2539 175
2540 162
2541 171
2542 220
2543 189
2544 218
2545 180
2546 193
2547 152
2548 245
2549 173
2550 181
2551 164
2552 210
2553 195
2554 210
2555 202
2556 157
2557 206
2558 205
2559 154
2560 98
2561 192
2562 208
2563 210
2564 184
2565 244
2566 198
2567 223
2568 145
2569 201
2570 192
2571 164
2572 209
2573 89
2574 90
2575 162
2576 209
2577 195
2578 225
2579 214
2580 201
2581 201
2582 158
2583 74
2584 226
2585 1
2586 206
2587 163
2588 213
2589 160
2590 203
2591 200
2592 181
2593 219
2594 179
2595 171
2596 212
2597 176
2598 186
2599 171
2600 202
2601 173
2602 185
2603 240
2604 103
2605 190
2606 206
2607 100
2608 219
2609 208
2610 204
2611 177
2612 99
2613 189
2614 166
2615 213
2616 176
2617 132
2618 194
2619 222
2620 179
2621 284
2622 183
2623 235
2624 227
2625 115
2626 195
2627 183
2628 189
2629 115
2630 159
2631 140
2632 111
2633 203
2634 201
2635 65
2636 211
2637 190
2638 215
2639 199
2640 238
2641 180
2642 208
2643 198
2644 209
2645 91
2646 188
2647 132
2648 170
2649 193
2650 97
2651 182
2652 194
2653 191
2654 105
2655 180
2656 184
2657 129
2658 221
2659 193
2660 119
2661 214
2662 220
2663 168
2664 116
2665 209
2666 211
2667 192
2668 97
2669 190
2670 214
2671 189
2672 204
2673 158
2674 219
2675 151
2676 214
2677 191
2678 238
2679 212
2680 211
2681 168
2682 189
2683 184
2684 174
2685 196
2686 191
2687 169
2688 207
2689 170
2690 91
2691 128
2692 176
2693 195
2694 231
2695 181
2696 181
2697 227
2698 226
2699 209
2700 197
2701 216
2702 118
2703 96
2704 219
2705 254
2706 179
2707 173
2708 175
2709 180
2710 265
2711 202
2712 262
2713 154
2714 234
2715 198
2716 218
2717 205
2718 172
2719 212
2720 224
2721 152
2722 183
2723 97
2724 56
2725 179
2726 140
2727 173
2728 193
2729 182
2730 194
2731 183
2732 184
2733 197
2734 241
2735 211
2736 211
2737 176
2738 178
2739 200
2740 192
2741 209
2742 110
2743 136
2744 202
2745 171
2746 210
2747 226
2748 209
2749 152
2750 190
2751 215
2752 111
2753 225
2754 133
2755 97
2756 68
2757 161
2758 230
2759 164
2760 161
2761 200
2762 183
2763 211
2764 230
2765 220
2766 163
2767 213
2768 180
2769 209
2770 176
2771 143
2772 148
2773 208
2774 163
2775 220
2776 174
2777 218
2778 147
2779 214
2780 214
2781 162
2782 216
2783 82
2784 154
2785 206
2786 178
2787 203
2788 234
2789 192
2790 103
2791 230
2792 168
2793 132
2794 149
2795 208
2796 241
2797 204
2798 156
2799 154
2800 179
2801 211
2802 250
2803 132
2804 204
2805 171
2806 209
2807 171
2808 205
2809 113
2810 173
2811 146
2812 124
2813 213
2814 214
2815 212
2816 193
2817 218
2818 219
2819 200
2820 167
2821 111
2822 161
2823 160
2824 201
2825 219
2826 179
2827 172
2828 172
2829 247
2830 192
2831 215
2832 198
2833 182
2834 185
2835 157
2836 185
2837 229
2838 165
2839 175
2840 173
2841 171
2842 213
2843 213
2844 130
2845 188
2846 176
2847 217
2848 107
2849 232
2850 206
2851 180
2852 183
2853 236
2854 83
2855 194
2856 193
2857 98
2858 220
2859 150
2860 152
2861 177
2862 195
2863 210
2864 208
2865 176
2866 137
2867 204
2868 156
2869 135
2870 219
2871 239
2872 171
2873 158
2874 209
2875 102
2876 182
2877 220
2878 181
2879 217
2880 83
2881 244
2882 167
2883 180
2884 119
2885 161
2886 57
2887 232
2888 208
2889 181
2890 164
2891 190
2892 160
2893 138
2894 183
2895 210
2896 109
2897 177
2898 187
2899 214
2900 196
2901 192
2902 163
2903 137
2904 164
2905 187
2906 211
2907 202
2908 251
2909 178
2910 152
2911 195
2912 215
2913 217
2914 211
2915 179
2916 160
2917 195
2918 240
2919 163
2920 166
2921 209
2922 199
2923 169
2924 212
2925 136
2926 239
2927 185
2928 139
2929 175
2930 205
2931 208
2932 143
2933 170
2934 161
2935 192
2936 190
2937 188
2938 123
2939 228
2940 152
2941 209
2942 179
2943 121
2944 163
2945 105
2946 188
2947 199
2948 181
2949 180
2950 197
2951 224
2952 229
2953 196
2954 177
2955 229
2956 196
2957 208
2958 212
2959 200
2960 172
2961 168
2962 185
2963 184
2964 196
2965 245
2966 61
2967 229
2968 187
2969 191
2970 185
2971 132
2972 229
2973 209
2974 157
2975 206
2976 171
2977 209
2978 160
2979 195
2980 202
2981 171
2982 152
2983 203
2984 212
2985 160
2986 224
2987 193
2988 184
2989 91
2990 186
2991 205
2992 191
2993 114
2994 94
2995 208
2996 172
2997 177
2998 184
2999 187
3000 214
3001 205
3002 81
3003 201
3004 206
3005 137
3006 183
3007 184
3008 243
3009 237
3010 173
3011 113
3012 215
3013 149
3014 202
3015 205
3016 196
3017 151
3018 191
3019 105
3020 180
3021 179
3022 195
3023 209
3024 165
3025 180
3026 173
3027 214
3028 224
3029 202
3030 185
3031 126
3032 190
3033 178
3034 202
3035 161
3036 231
3037 266
3038 201
3039 148
3040 194
3041 207
3042 191
3043 199
3044 221
3045 168
3046 193
3047 186
3048 168
3049 140
3050 192
3051 209
3052 200
3053 181
3054 171
3055 172
3056 116
3057 135
3058 148
3059 157
3060 216
3061 173
3062 143
3063 212
3064 201
3065 194
3066 199
3067 190
3068 190
3069 207
3070 171
3071 166
3072 219
3073 214
3074 201
3075 141
3076 188
3077 230
3078 146
3079 133
3080 144
3081 141
3082 201
3083 208
3084 189
3085 206
3086 183
3087 130
3088 170
3089 186
3090 213
3091 165
3092 208
3093 139
3094 202
3095 196
3096 144
3097 155
3098 188
3099 94
3100 194
3101 164
3102 235
3103 218
3104 190
3105 194
3106 243
3107 161
3108 191
3109 133
3110 212
3111 119
3112 189
3113 251
3114 215
3115 194
3116 201
3117 222
3118 221
3119 157
3120 0
3121 212
3122 141
3123 229
3124 189
3125 199
3126 144
3127 186
3128 156
3129 206
3130 216
3131 211
3132 81
3133 226
3134 215
3135 207
3136 220
3137 190
3138 210
3139 152
3140 153
3141 251
3142 237
3143 175
3144 181
3145 176
3146 211
3147 239
3148 210
3149 174
3150 147
3151 187
3152 168
3153 182
3154 210
3155 196
3156 56
3157 225
3158 181
3159 231
3160 201
3161 155
3162 132
3163 165
3164 173
3165 143
3166 212
3167 206
3168 119
3169 172
3170 134
3171 172
3172 186
3173 204
3174 202
3175 225
3176 199
3177 221
3178 141
3179 187
3180 213
3181 229
3182 108
3183 181
3184 228
3185 145
3186 162
3187 123
3188 196
3189 214
3190 202
3191 215
3192 220
3193 191
3194 218
3195 150
3196 174
3197 244
3198 161
3199 212
3200 205
3201 150
3202 198
3203 171
3204 205
3205 177
3206 151
3207 200
3208 160
3209 185
3210 215
3211 210
3212 193
3213 190
3214 209
3215 161
3216 222
3217 188
3218 143
3219 205
3220 230
3221 154
3222 113
3223 202
3224 176
3225 209
3226 137
3227 227
3228 127
3229 162
3230 170
3231 189
3232 194
3233 199
3234 210
3235 128
3236 188
3237 227
3238 209
3239 115
3240 183
3241 222
3242 204
3243 226
3244 189
3245 184
3246 214
3247 173
3248 221
3249 236
3250 222
3251 127
3252 115
3253 216
3254 213
3255 147
3256 221
3257 117
3258 142
3259 179
3260 152
3261 251
3262 236
3263 201
3264 206
3265 194
3266 187
3267 220
3268 194
3269 240
3270 176
3271 170
3272 181
3273 224
3274 187
3275 140
3276 162
3277 145
3278 212
3279 171
3280 182
3281 198
3282 195
3283 227
3284 235
3285 214
3286 200
3287 183
3288 190
3289 166
3290 197
3291 248
3292 206
3293 171
3294 181
3295 201
3296 99
3297 202
3298 107
3299 157
3300 142
3301 204
3302 213
3303 190
3304 226
3305 132
3306 207
3307 145
3308 201
3309 149
3310 173
3311 221
3312 195
3313 212
3314 159
3315 198
3316 180
3317 145
3318 182
3319 172
3320 220
3321 209
3322 161
3323 131
3324 198
3325 189
3326 190
3327 177
3328 176
3329 206
3330 187
3331 169
3332 208
3333 211
3334 172
3335 185
3336 211
3337 187
3338 194
3339 200
3340 204
3341 217
3342 168
3343 113
3344 213
3345 162
3346 203
3347 30
3348 220
3349 183
3350 180
3351 192
3352 163
3353 199
3354 247
3355 219
3356 220
3357 123
3358 153
3359 202
3360 215
3361 138
3362 210
3363 180
3364 170
3365 159
3366 169
3367 161
3368 211
3369 203
3370 211
3371 219
3372 100
3373 169
3374 178
3375 188
3376 138
3377 188
3378 200
3379 226
3380 90
3381 178
3382 245
3383 223
3384 166
3385 146
3386 216
3387 232
3388 223
3389 113
3390 177
3391 163
3392 175
3393 176
3394 236
3395 235
3396 201
3397 242
3398 149
3399 162
3400 218
3401 178
3402 205
3403 203
3404 225
3405 182
3406 175
3407 191
3408 209
3409 214
3410 209
3411 200
3412 195
3413 191
3414 190
3415 160
3416 198
3417 113
3418 178
3419 176
3420 201
3421 174
3422 223
3423 176
3424 218
3425 143
3426 240
3427 223
3428 175
3429 151
3430 183
3431 203
3432 206
3433 197
3434 210
3435 188
3436 201
3437 190
3438 185
3439 167
3440 183
3441 154
3442 238
3443 137
3444 190
3445 113
3446 167
3447 159
3448 218
3449 193
3450 199
3451 220
3452 165
3453 220
3454 221
3455 183
3456 214
3457 211
3458 158
3459 179
3460 78
3461 220
3462 161
3463 179
3464 194
3465 205
3466 174
3467 160
3468 189
3469 190
3470 174
3471 237
3472 203
3473 202
3474 210
3475 181
3476 40
3477 100
3478 185
3479 161
3480 207
3481 182
3482 197
3483 204
3484 186
3485 180
3486 214
3487 172
3488 193
3489 147
3490 200
3491 148
3492 163
3493 185
3494 223
3495 207
3496 216
3497 150
3498 193
3499 199
3500 248
3501 200
3502 197
3503 235
3504 90
3505 161
3506 205
3507 184
3508 192
3509 214
3510 154
3511 232
3512 204
3513 209
3514 195
3515 78
3516 177
3517 206
3518 178
3519 218
3520 176
3521 178
3522 166
3523 93
3524 215
3525 171
3526 201
3527 223
3528 202
3529 195
3530 205
3531 195
3532 106
3533 176
3534 199
3535 194
3536 106
3537 204
3538 168
3539 186
3540 197
3541 202
3542 164
3543 214
3544 235
3545 177
3546 211
3547 190
3548 212
3549 113
3550 174
3551 184
3552 168
3553 216
3554 211
3555 206
3556 214
3557 187
3558 200
3559 192
3560 195
3561 229
3562 184
3563 207
3564 177
3565 152
3566 154
3567 190
3568 112
3569 91
3570 195
3571 181
3572 194
3573 217
3574 211
3575 218
3576 206
3577 222
3578 231
3579 125
3580 151
3581 200
3582 222
3583 214
3584 170
3585 201
3586 205
3587 263
3588 211
3589 143
3590 217
3591 96
3592 232
3593 212
3594 188
3595 179
3596 212
3597 198
3598 209
3599 116
3600 195
3601 222
3602 108
3603 157
3604 201
3605 159
3606 204
3607 170
3608 193
3609 147
3610 214
3611 212
3612 174
3613 180
3614 28
3615 222
3616 157
3617 208
3618 178
3619 176
3620 125
3621 190
3622 152
3623 207
3624 161
3625 126
3626 214
3627 208
3628 170
3629 152
3630 195
3631 241
3632 176
3633 198
3634 162
3635 112
3636 165
3637 189
3638 214
3639 174
3640 123
3641 244
3642 123
3643 202
3644 138
3645 198
3646 142
3647 198
3648 220
3649 93
3650 187
3651 205
3652 177
3653 193
3654 180
3655 189
3656 156
3657 191
3658 158
3659 116
3660 188
3661 192
3662 88
3663 205
3664 218
3665 219
3666 177
3667 220
3668 205
3669 60
3670 152
3671 201
3672 167
3673 153
3674 203
3675 139
3676 189
3677 228
3678 197
3679 216
3680 198
3681 228
3682 222
3683 193
3684 164
3685 194
3686 226
3687 175
3688 142
3689 224
3690 200
3691 214
3692 203
3693 110
3694 204
3695 190
3696 211
3697 199
3698 215
3699 228
3700 147
3701 169
3702 149
3703 224
3704 207
3705 239
3706 175
3707 187
3708 237
3709 186
3710 214
3711 111
3712 214
3713 155
3714 184
3715 143
3716 197
3717 97
3718 148
3719 125
3720 176
3721 195
3722 216
3723 164
3724 177
3725 177
3726 197
3727 189
3728 189
3729 185
3730 149
3731 235
3732 104
3733 146
3734 199
3735 180
3736 200
3737 171
3738 184
3739 213
3740 192
3741 187
3742 249
3743 152
3744 188
3745 185
3746 168
3747 127
3748 138
3749 192
3750 117
3751 203
3752 152
3753 142
3754 229
3755 260
3756 215
3757 132
3758 167
3759 156
3760 193
3761 140
3762 217
3763 212
3764 164
3765 213
3766 212
3767 182
3768 209
3769 105
3770 229
3771 200
3772 150
3773 186
3774 122
3775 158
3776 187
3777 199
3778 224
3779 202
3780 148
3781 206
3782 67
3783 204
3784 170
3785 154
3786 216
3787 187
3788 211
3789 215
3790 217
3791 200
3792 209
3793 155
3794 187
3795 219
3796 141
3797 229
3798 197
3799 194
3800 238
3801 186
3802 202
3803 165
3804 167
3805 204
3806 199
3807 174
3808 187
3809 198
3810 217
3811 122
3812 177
3813 154
3814 51
3815 186
3816 215
3817 204
3818 196
3819 222
3820 264
3821 194
3822 199
3823 237
3824 188
3825 61
3826 208
3827 206
3828 217
3829 95
3830 114
3831 182
3832 230
3833 214
3834 171
3835 213
3836 175
3837 188
3838 131
3839 214
3840 225
3841 207
3842 210
3843 212
3844 207
3845 157
3846 191
3847 221
3848 159
3849 205
3850 165
3851 186
3852 222
3853 132
3854 216
3855 218
3856 93
3857 225
3858 134
3859 98
3860 188
3861 212
3862 197
3863 193
3864 141
3865 191
3866 113
3867 208
3868 216
3869 161
3870 197
3871 186
3872 180
3873 190
3874 188
3875 237
3876 201
3877 216
3878 138
3879 227
3880 107
3881 144
3882 178
3883 183
3884 180
3885 102
3886 179
3887 178
3888 202
3889 136
3890 206
3891 168
3892 187
3893 247
3894 168
3895 175
3896 280
3897 223
3898 192
3899 213
3900 229
3901 166
3902 213
3903 139
3904 218
3905 153
3906 225
3907 194
3908 202
3909 209
3910 175
3911 187
3912 262
3913 182
3914 154
3915 232
3916 211
3917 203
3918 202
3919 180
3920 175
3921 211
3922 214
3923 106
3924 196
3925 220
3926 84
3927 194
3928 225
3929 214
3930 148
3931 223
3932 180
3933 166
3934 150
3935 213
3936 168
3937 93
3938 161
3939 173
3940 112
3941 196
3942 167
3943 216
3944 101
3945 194
3946 216
3947 166
3948 155
3949 157
3950 184
3951 221
3952 171
3953 207
3954 221
3955 195
3956 235
3957 175
3958 209
3959 160
3960 181
3961 178
3962 223
3963 215
3964 201
3965 206
3966 124
3967 226
3968 96
3969 155
3970 116
3971 169
3972 169
3973 214
3974 186
3975 170
3976 141
3977 207
3978 196
3979 209
3980 213
3981 212
3982 183
3983 195
3984 218
3985 201
3986 192
3987 223
3988 142
3989 164
3990 223
3991 183
3992 102
3993 165
3994 172
3995 165
3996 187
3997 236
3998 103
3999 177
4000 183
4001 181
4002 109
4003 159
4004 137
4005 175
4006 201
4007 205
4008 179
4009 219
4010 226
4011 228
4012 184
4013 151
4014 137
4015 202
4016 197
4017 194
4018 214
4019 219
4020 85
4021 189
4022 170
4023 102
4024 197
4025 215
4026 185
4027 180
4028 165
4029 192
4030 186
4031 151
4032 151
4033 91
4034 215
4035 202
4036 199
4037 181
4038 118
4039 160
4040 199
4041 110
4042 196
4043 77
4044 139
4045 180
4046 159
4047 191
4048 205
4049 171
4050 224
4051 207
4052 234
4053 193
4054 156
4055 197
4056 189
4057 159
4058 191
4059 177
4060 199
4061 196
4062 192
4063 163
4064 173
4065 210
4066 198
4067 154
4068 247
4069 246
4070 186
4071 207
4072 159
4073 157
4074 198
4075 179
4076 174
4077 184
4078 157
4079 212
4080 151
4081 115
4082 203
4083 195
4084 197
4085 89
4086 166
4087 173
4088 217
4089 180
4090 209
4091 196
4092 243
4093 174
4094 202
4095 207
4096 207
4097 202
4098 242
4099 179
4100 213
4101 220
4102 218
4103 199
4104 231
4105 204
4106 208
4107 169
4108 114
4109 226
4110 167
4111 153
4112 88
4113 182
4114 230
4115 166
4116 221
4117 106
4118 220
4119 185
4120 195
4121 151
4122 211
4123 174
4124 210
4125 255
4126 193
4127 239
4128 208
4129 164
4130 187
4131 206
4132 155
4133 217
4134 198
4135 176
4136 199
4137 219
4138 202
4139 51
4140 184
4141 213
4142 175
4143 209
4144 150
4145 144
4146 226
4147 199
4148 202
4149 204
4150 194
4151 211
4152 219
4153 211
4154 234
4155 165
4156 249
4157 109
4158 195
4159 191
4160 213
4161 182
4162 167
4163 194
4164 216
4165 186
4166 218
4167 158
4168 212
4169 195
4170 220
4171 208
4172 172
4173 161
4174 205
4175 179
4176 206
4177 91
4178 183
4179 213
4180 207
4181 222
4182 197
4183 191
4184 193
4185 189
4186 96
4187 151
4188 224
4189 221
4190 122
4191 232
4192 216
4193 194
4194 108
4195 137
4196 224
4197 198
4198 231
4199 109
4200 150
4201 177
4202 224
4203 207
4204 206
4205 223
4206 174
4207 239
4208 215
4209 221
4210 203
4211 192
4212 204
4213 68
4214 175
4215 223
4216 211
4217 234
4218 153
4219 197
4220 203
4221 234
4222 161
4223 174
4224 183
4225 207
4226 176
4227 177
4228 228
4229 200
4230 182
4231 180
4232 243
4233 124
4234 214
4235 234
4236 33
4237 166
4238 214
4239 179
4240 244
4241 227
4242 148
4243 204
4244 195
4245 188
4246 205
4247 202
4248 171
4249 187
4250 179
4251 186
4252 207
4253 135
4254 198
4255 230
4256 83
4257 132
4258 205
4259 166
4260 145
4261 177
4262 227
4263 123
4264 213
4265 203
4266 196
4267 224
4268 235
4269 114
4270 192
4271 227
4272 197
4273 224
4274 183
4275 197
4276 190
4277 200
4278 216
4279 235
4280 180
4281 196
4282 156
4283 194
4284 178
4285 178
4286 179
4287 178
4288 197
4289 198
4290 214
4291 190
4292 76
4293 151
4294 238
4295 198
4296 192
4297 247
4298 164
4299 189
4300 202
4301 190
4302 143
4303 179
4304 130
4305 182
4306 179
4307 184
4308 263
4309 161
4310 238
4311 199
4312 132
4313 172
4314 210
4315 241
4316 221
4317 136
4318 128
4319 194
4320 213
4321 193
4322 241
4323 194
4324 182
4325 63
4326 179
4327 192
4328 208
4329 196
4330 191
4331 152
4332 208
4333 181
4334 196
4335 158
4336 185
4337 185
4338 187
4339 204
4340 205
4341 227
4342 193
4343 207
4344 207
4345 188
4346 210
4347 187
4348 204
4349 223
4350 210
4351 208
4352 227
4353 192
4354 203
4355 97
4356 168
4357 183
4358 149
4359 241
4360 191
4361 217
4362 138
4363 98
4364 204
4365 179
4366 179
4367 155
4368 170
4369 222
4370 158
4371 155
4372 190
4373 150
4374 225
4375 197
4376 119
4377 188
4378 124
4379 211
4380 217
4381 144
4382 168
4383 259
4384 166
4385 196
4386 237
4387 158
4388 209
4389 229
4390 219
4391 197
4392 89
4393 214
4394 145
4395 224
4396 92
4397 138
4398 160
4399 162
4400 185
4401 116
4402 101
4403 202
4404 187
4405 227
4406 174
4407 188
4408 194
4409 191
4410 178
4411 231
4412 195
4413 237
4414 190
4415 180
4416 187
4417 201
4418 177
4419 196
4420 109
4421 182
4422 156
4423 220
4424 232
4425 144
4426 173
4427 219
4428 101
4429 208
4430 201
4431 194
4432 106
4433 205
4434 203
4435 210
4436 177
4437 190
4438 124
4439 196
4440 180
4441 193
4442 180
4443 257
4444 238
4445 88
4446 178
4447 100
4448 190
4449 176
4450 109
4451 178
4452 194
4453 177
4454 215
4455 229
4456 179
4457 200
4458 192
4459 231
4460 226
4461 224
4462 185
4463 218
4464 195
4465 103
4466 168
4467 215
4468 174
4469 136
4470 203
4471 161
4472 157
4473 220
4474 153
4475 115
4476 168
4477 203
4478 63
4479 217
4480 233
4481 192
4482 156
4483 205
4484 199
4485 183
4486 190
4487 165
4488 147
4489 151
4490 139
4491 173
4492 199
4493 172
4494 198
4495 200
4496 226
4497 197
4498 163
4499 182
4500 113
4501 147
4502 205
4503 156
4504 149
4505 204
4506 163
4507 101
4508 220
4509 140
4510 217
4511 223
4512 184
4513 227
4514 195
4515 180
4516 226
4517 201
4518 209
4519 212
4520 90
4521 186
4522 196
4523 161
4524 174
4525 162
4526 212
4527 218
4528 185
4529 173
4530 188
4531 186
4532 157
4533 222
4534 201
4535 200
4536 215
4537 217
4538 179
4539 206
4540 195
4541 185
4542 211
4543 200
4544 175
4545 83
4546 164
4547 180
4548 213
4549 196
4550 191
4551 205
4552 187
4553 205
4554 195
4555 145
4556 107
4557 216
4558 208
4559 191
4560 208
4561 207
4562 181
4563 197
4564 203
4565 167
4566 237
4567 212
4568 189
4569 208
4570 166
4571 206
4572 171
4573 201
4574 179
4575 192
4576 228
4577 104
4578 208
4579 249
4580 170
4581 225
4582 186
4583 188
4584 216
4585 181
4586 75
4587 191
4588 97
4589 202
4590 155
4591 192
4592 199
4593 203
4594 205
4595 199
4596 173
4597 185
4598 184
4599 174
4600 219
4601 226
4602 153
4603 120
4604 218
4605 141
4606 194
4607 167
4608 181
4609 165
4610 191
4611 117
4612 146
4613 204
4614 204
4615 219
4616 202
4617 205
4618 91
4619 246
4620 196
4621 217
4622 148
4623 203
4624 178
4625 178
4626 163
4627 169
4628 199
4629 191
4630 220
4631 220
4632 219
4633 235
4634 197
4635 226
4636 165
4637 190
4638 152
4639 229
4640 213
4641 178
4642 216
4643 191
4644 191
4645 159
4646 174
4647 192
4648 210
4649 143
4650 199
4651 197
4652 189
4653 158
4654 187
4655 159
4656 161
4657 213
4658 130
4659 177
4660 174
4661 165
4662 227
4663 186
4664 140
4665 214
4666 155
4667 197
4668 108
4669 143
4670 262
4671 221
4672 179
4673 218
4674 161
4675 162
4676 196
4677 75
4678 193
4679 168
4680 159
4681 173
4682 157
4683 218
4684 212
4685 213
4686 209
4687 164
4688 205
4689 187
4690 161
4691 176
4692 203
4693 198
4694 207
4695 141
4696 221
4697 148
4698 173
4699 118
4700 231
4701 125
4702 242
4703 176
4704 214
4705 168
4706 218
4707 193
4708 177
4709 173
4710 207
4711 201
4712 201
4713 185
4714 137
4715 202
4716 177
4717 229
4718 90
4719 190
4720 194
4721 200
4722 168
4723 147
4724 100
4725 226
4726 221
4727 218
4728 169
4729 206
4730 205
4731 202
4732 196
4733 154
4734 224
4735 209
4736 202
4737 224
4738 184
4739 157
4740 156
4741 113
4742 172
4743 220
4744 178
4745 172
4746 217
4747 197
4748 175
4749 160
4750 205
4751 221
4752 220
4753 188
4754 224
4755 187
4756 163
4757 171
4758 121
4759 240
4760 180
4761 171
4762 118
4763 83
4764 182
4765 197
4766 180
4767 158
4768 199
4769 171
4770 84
4771 220
4772 131
4773 142
4774 212
4775 203
4776 93
4777 154
4778 194
4779 153
4780 148
4781 126
4782 171
4783 161
4784 240
4785 229
4786 198
4787 70
4788 222
4789 231
4790 214
4791 143
4792 189
4793 182
4794 149
4795 202
4796 210
4797 174
4798 221
4799 197
4800 212
4801 217
4802 117
4803 136
4804 273
4805 169
4806 176
4807 102
4808 234
4809 243
4810 174
4811 156
4812 142
4813 195
4814 139
4815 183
4816 194
4817 87
4818 197
4819 232
4820 204
4821 190
4822 214
4823 169
4824 138
4825 144
4826 204
4827 85
4828 183
4829 240
4830 175
4831 172
4832 190
4833 180
4834 188
4835 236
4836 208
4837 158
4838 191
4839 197
4840 209
4841 122
4842 223
4843 230
4844 221
4845 173
4846 173
4847 232
4848 157
4849 234
4850 202
4851 123
4852 140
4853 208
4854 208
4855 207
4856 209
4857 196
4858 181
4859 81
4860 193
4861 165
4862 192
4863 141
4864 259
4865 225
4866 155
4867 249
4868 105
4869 210
4870 224
4871 160
4872 179
4873 123
4874 165
4875 200
4876 164
4877 156
4878 214
4879 187
4880 209
4881 203
4882 117
4883 174
4884 229
4885 234
4886 165
4887 87
4888 191
4889 113
4890 161
4891 177
4892 220
4893 104
4894 190
4895 170
4896 176
4897 203
4898 184
4899 172
4900 191
4901 183
4902 209
4903 119
4904 196
4905 196
4906 226
4907 221
4908 207
4909 203
4910 153
4911 158
4912 261
4913 215
4914 185
4915 224
4916 182
4917 205
4918 222
4919 196
4920 219
4921 191
4922 218
4923 102
4924 195
4925 115
4926 162
4927 211
4928 92
4929 248
4930 248
4931 169
4932 119
4933 189
4934 225
4935 137
4936 228
4937 223
4938 160
4939 161
4940 174
4941 147
4942 236
4943 202
4944 224
4945 171
4946 176
4947 141
4948 117
4949 166
4950 199
4951 239
4952 83
4953 154
4954 164
4955 222
4956 88
4957 179
4958 216
4959 187
4960 185
4961 118
4962 192
4963 87
4964 151
4965 208
4966 147
4967 229
4968 158
4969 180
4970 210
4971 193
4972 198
4973 221
4974 242
4975 125
4976 198
4977 112
4978 229
4979 216
4980 187
4981 209
4982 167
4983 105
4984 180
4985 156
4986 217
4987 166
4988 228
4989 182
4990 201
4991 231
4992 185
4993 89
4994 149
4995 163
4996 147
4997 90
4998 156
4999 218
5000 200
5001 191
5002 153
5003 151
5004 173
5005 216
5006 161
5007 221
5008 180
5009 199
5010 97
5011 199
5012 156
5013 203
5014 214
5015 171
5016 209
5017 165
5018 175
5019 172
5020 168
5021 113
5022 199
5023 206
5024 172
5025 243
5026 202
5027 204
5028 236
5029 204
5030 130
5031 195
5032 194
5033 213
5034 207
5035 170
5036 208
5037 214
5038 184
5039 195
5040 203
5041 225
5042 172
5043 74
5044 200
5045 195
5046 188
5047 205
5048 171
5049 190
5050 182
5051 211
5052 186
5053 180
5054 189
5055 192
5056 180
5057 212
5058 210
5059 193
5060 222
5061 106
5062 205
5063 182
5064 196
5065 195
5066 241
5067 214
5068 182
5069 190
5070 219
5071 211
5072 93
5073 192
5074 236
5075 171
5076 179
5077 188
5078 211
5079 235
5080 177
5081 208
5082 195
5083 138
5084 178
5085 194
5086 182
5087 200
5088 161
5089 112
5090 161
5091 109
5092 196
5093 181
5094 147
5095 230
5096 197
5097 227
5098 130
5099 228
5100 191
5101 197
5102 184
5103 214
5104 199
5105 175
5106 211
5107 186
5108 188
5109 175
5110 234
5111 211
5112 203
5113 205
5114 184
5115 205
5116 202
5117 185
5118 191
5119 203
5120 219
5121 165
5122 196
5123 214
5124 174
5125 234
5126 201
5127 173
5128 226
5129 212
5130 159
5131 192
5132 210
5133 221
5134 189
5135 100
5136 185
5137 168
5138 143
5139 157
5140 204
5141 294
5142 237
5143 235
5144 179
5145 141
5146 248
5147 146
5148 143
5149 214
5150 89
5151 171
5152 205
5153 188
5154 243
5155 94
5156 150
5157 212
5158 103
5159 203
5160 178
5161 185
5162 238
5163 183
5164 223
5165 92
5166 122
5167 220
5168 151
5169 157
5170 193
5171 146
5172 160
5173 255
5174 231
5175 205
5176 208
5177 180
5178 136
5179 198
5180 184
5181 181
5182 172
5183 233
5184 201
5185 195
5186 176
5187 215
5188 182
5189 192
5190 179
5191 193
5192 168
5193 183
5194 227
5195 120
5196 262
5197 165
5198 227
5199 184
5200 194
5201 208
5202 189
5203 202
5204 202
5205 152
5206 208
5207 192
5208 179
5209 189
5210 184
5211 222
5212 206
5213 189
5214 239
5215 167
5216 174
5217 175
5218 214
5219 196
5220 187
5221 185
5222 196
5223 151
5224 140
5225 141
5226 206
5227 198
5228 204
5229 179
5230 166
5231 176
5232 180
5233 161
5234 211
5235 169
5236 209
5237 139
5238 92
5239 184
5240 201
5241 207
5242 194
5243 195
5244 201
5245 226
5246 223
5247 167
5248 167
5249 232
5250 113
5251 178
5252 202
5253 179
5254 217
5255 166
5256 141
5257 200
5258 225
5259 198
5260 215
5261 193
5262 218
5263 201
5264 191
5265 192
5266 164
5267 161
5268 222
5269 205
5270 227
5271 198
5272 185
5273 227
5274 209
5275 178
5276 188
5277 136
5278 186
5279 163
5280 109
5281 229
5282 177
5283 99
5284 138
5285 183
5286 215
5287 223
5288 95
5289 207
5290 207
5291 218
5292 154
5293 219
5294 224
5295 216
5296 193
5297 183
5298 185
5299 238
5300 201
5301 157
5302 212
5303 162
5304 206
5305 193
5306 156
5307 186
5308 229
5309 159
5310 206
5311 199
5312 89
5313 174
5314 212
5315 186
5316 195
5317 187
5318 218
5319 91
5320 161
5321 138
5322 188
5323 211
5324 201
5325 207
5326 211
5327 222
5328 205
5329 125
5330 105
5331 160
5332 167
5333 232
5334 30
5335 122
5336 168
5337 214
5338 238
5339 212
5340 198
5341 282
5342 173
5343 208
5344 120
5345 133
5346 203
5347 158
5348 223
5349 145
5350 185
5351 203
5352 205
5353 149
5354 206
5355 191
5356 161
5357 219
5358 66
5359 95
5360 171
5361 228
5362 200
5363 199
5364 212
5365 254
5366 211
5367 181
5368 208
5369 219
5370 160
5371 198
5372 188
5373 226
5374 187
5375 168
5376 202
5377 176
5378 164
5379 190
5380 221
5381 237
5382 196
5383 211
5384 135
5385 185
5386 229
5387 190
5388 131
5389 156
5390 203
5391 164
5392 216
5393 161
5394 225
5395 186
5396 213
5397 174
5398 205
5399 190
5400 170
5401 244
5402 194
5403 121
5404 189
5405 202
5406 198
5407 215
5408 176
5409 203
5410 182
5411 82
5412 198
5413 221
5414 207
5415 121
5416 239
5417 190
5418 196
5419 176
5420 220
5421 206
5422 226
5423 177
5424 196
5425 125
5426 178
5427 184
5428 238
5429 188
5430 193
5431 191
5432 170
5433 229
5434 87
5435 230
5436 214
5437 98
5438 184
5439 229
5440 253
5441 183
5442 157
5443 133
5444 70
5445 226
5446 207
5447 201
5448 193
5449 188
5450 59
5451 144
5452 99
5453 253
5454 119
5455 209
5456 220
5457 144
5458 220
5459 185
5460 241
5461 188
5462 242
5463 253
5464 180
5465 186
5466 221
5467 210
5468 227
5469 93
5470 195
5471 171
5472 147
5473 175
5474 184
5475 151
5476 119
5477 188
5478 186
5479 200
5480 205
5481 104
5482 201
5483 123
5484 170
5485 206
5486 191
5487 216
5488 227
5489 239
5490 210
5491 169
5492 182
5493 127
5494 193
5495 202
5496 187
5497 165
5498 202
5499 212
5500 119
5501 176
5502 157
5503 167
5504 170
5505 217
5506 225
5507 252
5508 210
5509 199
5510 182
5511 207
5512 162
5513 167
5514 165
5515 199
5516 93
5517 170
5518 179
5519 169
5520 220
5521 133
5522 210
5523 168
5524 212
5525 244
5526 82
5527 196
5528 163
5529 203
5530 194
5531 211
5532 196
5533 206
5534 232
5535 210
5536 139
5537 198
5538 200
5539 221
5540 164
5541 218
5542 230
5543 231
5544 175
5545 182
5546 173
5547 185
5548 165
5549 200
5550 204
5551 165
5552 183
5553 244
5554 164
5555 192
5556 205
5557 160
5558 187
5559 163
5560 169
5561 80
5562 235
5563 193
5564 176
5565 231
5566 212
5567 186
5568 207
5569 197
5570 165
5571 206
5572 219
5573 170
5574 107
5575 182
5576 227
5577 134
5578 205
5579 165
5580 210
5581 127
5582 171
5583 176
5584 201
5585 233
5586 119
5587 125
5588 123
5589 196
5590 171
5591 199
5592 205
5593 195
5594 257
5595 145
5596 189
5597 216
5598 205
5599 240
5600 168
5601 223
5602 176
5603 199
5604 154
5605 194
5606 201
5607 203
5608 199
5609 194
5610 233
5611 136
5612 194
5613 162
5614 210
5615 219
5616 179
5617 214
5618 153
5619 221
5620 215
5621 181
5622 111
5623 238
5624 193
5625 186
5626 255
5627 193
5628 186
5629 189
5630 212
5631 253
5632 122
5633 152
5634 116
5635 248
5636 137
5637 169
5638 191
5639 88
5640 157
5641 239
5642 222
5643 215
5644 176
5645 147
5646 246
5647 205
5648 133
5649 191
5650 195
5651 161
5652 142
5653 212
5654 245
5655 225
5656 119
5657 189
5658 227
5659 200
5660 155
5661 200
5662 193
5663 196
5664 216
5665 215
5666 148
5667 178
5668 187
5669 177
5670 150
5671 175
5672 183
5673 160
5674 184
5675 212
5676 166
5677 155
5678 215
5679 188
5680 169
5681 142
5682 225
5683 23
5684 224
5685 198
5686 204
5687 136
5688 203
5689 196
5690 92
5691 203
5692 200
5693 181
5694 200
5695 215
5696 169
5697 207
5698 196
5699 212
5700 80
5701 173
5702 190
5703 217
5704 193
5705 182
5706 251
5707 179
5708 153
5709 212
5710 187
5711 208
5712 176
5713 208
5714 212
5715 199
5716 164
5717 209
5718 168
5719 210
5720 180
5721 198
5722 197
5723 207
5724 182
5725 198
5726 215
5727 207
5728 188
5729 200
5730 165
5731 219
5732 150
5733 194
5734 230
5735 211
5736 190
5737 237
5738 193
5739 188
5740 174
5741 147
5742 200
5743 216
5744 172
5745 199
5746 242
5747 219
5748 184
5749 192
5750 204
5751 211
5752 168
5753 179
5754 157
5755 206
5756 74
5757 158
5758 176
5759 162
5760 224
5761 4
5762 193
5763 103
5764 172
5765 217
5766 193
5767 196
5768 193
5769 135
5770 181
5771 109
5772 200
5773 144
5774 159
5775 179
5776 124
5777 188
5778 196
5779 143
5780 173
5781 215
5782 193
5783 192
5784 215
5785 226
5786 198
5787 106
5788 195
5789 118
5790 155
5791 68
5792 194
5793 209
5794 150
5795 200
5796 203
5797 215
5798 245
5799 175
5800 186
5801 179
5802 277
5803 169
5804 290
5805 155
5806 97
5807 197
5808 218
5809 182
5810 166
5811 233
5812 168
5813 179
5814 154
5815 188
5816 52
5817 195
5818 157
5819 155
5820 167
5821 231
5822 180
5823 235
5824 128
5825 172
5826 162
5827 156
5828 217
5829 89
5830 208
5831 166
5832 197
5833 186
5834 118
5835 186
5836 209
5837 107
5838 184
5839 223
5840 199
5841 208
5842 175
5843 216
5844 182
5845 210
5846 124
5847 171
5848 93
5849 181
5850 177
5851 251
5852 111
5853 233
5854 176
5855 218
5856 190
5857 150
5858 183
5859 145
5860 227
5861 201
5862 77
5863 126
5864 196
5865 201
5866 215
5867 164
5868 206
5869 201
5870 210
5871 210
5872 198
5873 177
5874 211
5875 104
5876 125
5877 164
5878 236
5879 202
5880 200
5881 188
5882 180
5883 222
5884 172
5885 119
5886 202
5887 196
5888 184
5889 186
5890 117
5891 187
5892 100
5893 149
5894 212
5895 214
5896 3
5897 190
5898 176
5899 192
5900 170
5901 184
5902 221
5903 181
5904 229
5905 180
5906 67
5907 227
5908 174
5909 188
5910 147
5911 223
5912 237
5913 221
5914 191
5915 140
5916 212
5917 163
5918 193
5919 190
5920 222
5921 213
5922 199
5923 217
5924 196
5925 141
5926 176
5927 166
5928 167
5929 182
5930 197
5931 161
5932 229
5933 153
5934 168
5935 198
5936 213
5937 166
5938 212
5939 178
5940 204
5941 219
5942 206
5943 208
5944 167
5945 210
5946 214
5947 158
5948 112
5949 216
5950 199
5951 207
5952 206
5953 149
5954 188
5955 189
5956 165
5957 147
5958 130
5959 124
5960 107
5961 225
5962 233
5963 189
5964 199
5965 73
5966 210
5967 134
5968 191
5969 232
5970 185
5971 216
5972 194
5973 204
5974 207
5975 206
5976 147
5977 169
5978 133
5979 191
5980 182
5981 194
5982 250
5983 202
5984 168
5985 186
5986 192
5987 171
5988 198
5989 228
5990 123
5991 114
5992 164
5993 221
5994 94
5995 229
5996 173
5997 145
5998 163
5999 163
6000 54
6001 234
6002 207
6003 165
6004 219
6005 104
6006 216
6007 164
6008 182
6009 219
6010 225
6011 126
6012 210
6013 165
6014 233
6015 188
6016 217
6017 171
6018 199
6019 205
6020 163
6021 142
6022 160
6023 215
6024 162
6025 205
6026 193
6027 186
6028 259
6029 181
6030 183
6031 224
6032 176
6033 196
6034 219
6035 177
6036 200
6037 202
6038 214
6039 232
6040 163
6041 182
6042 206
6043 199
6044 187
6045 172
6046 214
6047 93
6048 153
6049 233
6050 206
6051 205
6052 183
6053 202
6054 201
6055 143
6056 235
6057 221
6058 199
6059 208
6060 201
6061 73
6062 155
6063 127
6064 136
6065 219
6066 202
6067 220
6068 203
6069 196
6070 196
6071 162
6072 226
6073 79
6074 177
6075 211
6076 160
6077 202
6078 184
6079 183
6080 209
6081 173
6082 196
6083 156
6084 189
6085 95
6086 223
6087 100
6088 100
6089 127
6090 179
6091 191
6092 174
6093 225
6094 205
6095 187
6096 167
6097 187
6098 180
6099 144
6100 225
6101 138
6102 187
6103 172
6104 225
6105 230
6106 188
6107 133
6108 157
6109 218
6110 185
6111 238
6112 203
6113 213
6114 185
6115 189
6116 145
6117 137
6118 209
6119 215
6120 132
6121 233
6122 158
6123 188
6124 218
6125 224
6126 104
6127 102
6128 192
6129 139
6130 239
6131 173
6132 176
6133 225
6134 164
6135 200
6136 100
6137 192
6138 136
6139 216
6140 190
6141 159
6142 208
6143 181
6144 150
6145 198
6146 242
6147 228
6148 186
6149 161
6150 158
6151 170
6152 197
6153 187
6154 211
6155 237
6156 170
6157 220
6158 202
6159 132
6160 198
6161 187
6162 189
6163 193
6164 209
6165 126
6166 114
6167 230
6168 221
6169 168
6170 195
6171 174
6172 184
6173 203
6174 235
6175 156
6176 148
6177 162
6178 177
6179 207
6180 196
6181 207
6182 204
6183 133
6184 188
6185 213
6186 167
6187 195
6188 225
6189 182
6190 206
6191 83
6192 82
6193 183
6194 184
6195 241
6196 186
6197 215
6198 186
6199 218
6200 225
6201 109
6202 150
6203 110
6204 117
6205 87
6206 211
6207 190
6208 202
6209 170
6210 166
6211 166
6212 144
6213 188
6214 189
6215 232
6216 152
6217 179
6218 215
6219 210
6220 159
6221 205
6222 196
6223 163
6224 166
6225 186
6226 192
6227 181
6228 197
6229 185
6230 197
6231 217
6232 172
6233 173
6234 191
6235 185
6236 203
6237 261
6238 237
6239 240
6240 206
6241 241
6242 219
6243 227
6244 214
6245 178
6246 237
6247 200
6248 89
6249 160
6250 193
6251 176
6252 166
6253 193
6254 227
6255 183
6256 225
6257 162
6258 228
6259 197
6260 207
6261 190
6262 240
6263 227
6264 233
6265 199
6266 217
6267 119
6268 152
6269 224
6270 114
6271 187
6272 153
6273 200
6274 192
6275 211
6276 121
6277 207
6278 220
6279 206
6280 180
6281 169
6282 178
6283 227
6284 210
6285 201
6286 160
6287 200
6288 148
6289 179
6290 193
6291 218
6292 172
6293 187
6294 233
6295 184
6296 103
6297 236
6298 205
6299 195
6300 151
6301 178
6302 200
6303 187
6304 108
6305 199
6306 177
6307 116
6308 119
6309 251
6310 197
6311 124
6312 193
6313 178
6314 248
6315 98
6316 123
6317 223
6318 168
6319 195
6320 193
6321 221
6322 205
6323 181
6324 164
6325 226
6326 172
6327 188
6328 181
6329 170
6330 182
6331 164
6332 209
6333 189
6334 255
6335 210
6336 123
6337 209
6338 226
6339 215
6340 143
6341 206
6342 236
6343 141
6344 217
6345 207
6346 224
6347 106
6348 213
6349 242
6350 204
6351 169
6352 185
6353 118
6354 197
6355 184
6356 161
6357 236
6358 200
6359 201
6360 175
6361 212
6362 163
6363 181
6364 166
6365 219
6366 174
6367 158
6368 212
6369 220
6370 226
6371 180
6372 160
6373 188
6374 149
6375 271
6376 131
6377 110
6378 199
6379 100
6380 210
6381 223
6382 188
6383 224
6384 155
6385 194
6386 193
6387 185
6388 230
6389 233
6390 205
6391 230
6392 218
6393 220
6394 218
6395 221
6396 207
6397 191
6398 232
6399 92
6400 242
6401 199
6402 175
6403 182
6404 166
6405 215
6406 222
6407 144
6408 154
6409 169
6410 194
6411 217
6412 203
6413 217
6414 151
6415 195
6416 230
6417 208
6418 162
6419 182
6420 172
6421 162
6422 174
6423 171
6424 174
6425 214
6426 200
6427 162
6428 194
6429 189
6430 224
6431 170
6432 160
6433 179
6434 194
6435 92
6436 209
6437 184
6438 192
6439 169
6440 207
6441 195
6442 201
6443 209
6444 151
6445 194
6446 202
6447 235
6448 166
6449 187
6450 105
6451 210
6452 199
6453 215
6454 188
6455 161
6456 179
6457 207
6458 249
6459 214
6460 86
6461 213
6462 183
6463 183
6464 168
6465 171
6466 101
6467 253
6468 170
6469 214
6470 181
6471 181
6472 187
6473 200
6474 237
6475 181
6476 222
6477 167
6478 174
6479 221
6480 168
6481 191
6482 176
6483 218
6484 200
6485 152
6486 222
6487 221
6488 233
6489 155
6490 212
6491 198
6492 231
6493 170
6494 215
6495 126
6496 188
6497 196
6498 152
6499 207
6500 202
6501 234
6502 172
6503 168
6504 197
6505 168
6506 203
6507 184
6508 165
6509 165
6510 200
6511 222
6512 235
6513 183
6514 170
6515 228
6516 202
6517 193
6518 228
6519 159
6520 185
6521 236
6522 139
6523 201
6524 157
6525 195
6526 178
6527 197
6528 237
6529 246
6530 190
6531 87
6532 193
6533 219
6534 211
6535 164
6536 138
6537 182
6538 225
6539 157
6540 209
6541 188
6542 184
6543 115
6544 174
6545 174
6546 247
6547 233
6548 144
6549 174
6550 153
6551 180
6552 178
6553 171
6554 198
6555 223
6556 132
6557 177
6558 199
6559 97
6560 237
6561 196
6562 165
6563 206
6564 220
6565 204
6566 175
6567 198
6568 84
6569 171
6570 197
6571 174
6572 214
6573 97
6574 82
6575 189
6576 200
6577 271
6578 100
6579 184
6580 147
6581 212
6582 222
6583 177
6584 73
6585 255
6586 172
6587 65
6588 166
6589 182
6590 171
6591 164
6592 209
6593 246
6594 187
6595 123
6596 159
6597 210
6598 215
6599 190
6600 173
6601 180
6602 157
6603 208
6604 176
6605 183
6606 190
6607 212
6608 180
6609 209
6610 188
6611 206
6612 187
6613 160
6614 206
6615 197
6616 212
6617 213
6618 319
6619 147
6620 105
6621 93
6622 115
6623 198
6624 208
6625 200
6626 136
6627 205
6628 131
6629 183
6630 129
6631 167
6632 193
6633 220
6634 168
6635 163
6636 187
6637 164
6638 246
6639 214
6640 218
6641 208
6642 213
6643 112
6644 140
6645 228
6646 188
6647 194
6648 232
6649 129
6650 184
6651 189
6652 136
6653 206
6654 224
6655 133
6656 192
6657 169
6658 195
6659 148
6660 188
6661 201
6662 185
6663 154
6664 130
6665 205
6666 184
6667 202
6668 186
6669 207
6670 191
6671 158
6672 199
6673 184
6674 190
6675 198
6676 188
6677 218
6678 151
6679 226
6680 189
6681 220
6682 141
6683 188
6684 225
6685 204
6686 194
6687 208
6688 161
6689 199
6690 133
6691 141
6692 215
6693 196
6694 196
6695 196
6696 220
6697 119
6698 173
6699 186
6700 182
6701 195
6702 225
6703 164
6704 205
6705 127
6706 217
6707 184
6708 116
6709 150
6710 205
6711 188
6712 222
6713 181
6714 186
6715 169
6716 233
6717 197
6718 206
6719 219
6720 93
6721 222
6722 228
6723 171
6724 226
6725 221
6726 194
6727 220
6728 214
6729 215
6730 124
6731 166
6732 135
6733 133
6734 194
6735 172
6736 196
6737 218
6738 171
6739 208
6740 208
6741 183
6742 74
6743 165
6744 216
6745 153
6746 156
6747 177
6748 124
6749 150
6750 143
6751 211
6752 257
6753 204
6754 190
6755 110
6756 166
6757 154
6758 189
6759 215
6760 204
6761 108
6762 195
6763 188
6764 173
6765 150
6766 196
6767 183
6768 153
6769 226
6770 166
6771 91
6772 173
6773 201
6774 206
6775 158
6776 131
6777 231
6778 187
6779 238
6780 121
6781 171
6782 216
6783 150
6784 174
6785 82
6786 213
6787 185
6788 191
6789 208
6790 153
6791 186
6792 168
6793 121
6794 162
6795 188
6796 254
6797 202
6798 205
6799 223
6800 219
6801 167
6802 137
6803 133
6804 220
6805 213
6806 181
6807 194
6808 98
6809 219
6810 205
6811 142
6812 204
6813 183
6814 182
6815 206
6816 178
6817 211
6818 177
6819 171
6820 145
6821 217
6822 194
6823 110
6824 191
6825 87
6826 137
6827 161
6828 202
6829 215
6830 134
6831 228
6832 215
6833 201
6834 223
6835 58
6836 232
6837 230
6838 195
6839 177
6840 174
6841 136
6842 235
6843 177
6844 158
6845 220
6846 56
6847 182
6848 199
6849 190
6850 245
6851 239
6852 155
6853 178
6854 197
6855 207
6856 180
6857 206
6858 200
6859 173
6860 196
6861 176
6862 169
6863 164
6864 176
6865 168
6866 172
6867 102
6868 183
6869 236
6870 186
6871 167
6872 171
6873 183
6874 81
6875 214
6876 146
6877 198
6878 165
6879 236
6880 202
6881 209
6882 206
6883 153
6884 193
6885 166
6886 174
6887 206
6888 154
6889 193
6890 69
6891 173
6892 192
6893 228
6894 190
6895 222
6896 185
6897 176
6898 195
6899 186
6900 158
6901 154
6902 200
6903 179
6904 215
6905 223
6906 72
6907 222
6908 229
6909 196
6910 160
6911 221
6912 212
6913 193
6914 173
6915 254
6916 210
6917 197
6918 225
6919 121
6920 194
6921 213
6922 187
6923 196
6924 146
6925 81
6926 203
6927 179
6928 225
6929 216
6930 227
6931 152
6932 200
6933 149
6934 173
6935 203
6936 119
6937 17
6938 214
6939 207
6940 179
6941 211
6942 196
6943 162
6944 218
6945 244
6946 90
6947 230
6948 179
6949 183
6950 199
6951 161
6952 173
6953 198
6954 171
6955 204
6956 187
6957 161
6958 192
6959 182
6960 219
6961 239
6962 220
6963 163
6964 199
6965 175
6966 186
6967 168
6968 177
6969 198
6970 119
6971 113
6972 110
6973 157
6974 231
6975 78
6976 207
6977 226
6978 250
6979 220
6980 146
6981 222
6982 207
6983 204
6984 169
6985 199
6986 148
6987 207
6988 144
6989 174
6990 229
6991 205
6992 109
6993 132
6994 215
6995 244
6996 208
6997 177
6998 185
6999 210
7000 229
7001 192
7002 175
7003 187
7004 229
7005 184
7006 230
7007 196
7008 207
7009 196
7010 186
7011 59
7012 145
7013 82
7014 242
7015 173
7016 194
7017 118
7018 201
7019 142
7020 135
7021 236
7022 190
7023 144
7024 213
7025 177
7026 208
7027 141
7028 145
7029 205
7030 184
7031 162
7032 193
7033 152
7034 211
7035 198
7036 216
7037 190
7038 151
7039 208
7040 162
7041 159
7042 174
7043 145
7044 129
7045 193
7046 154
7047 198
7048 179
7049 163
7050 200
7051 129
7052 161
7053 196
7054 178
7055 229
7056 115
7057 179
7058 199
7059 199
7060 165
7061 240
7062 220
7063 220
7064 211
7065 175
7066 237
7067 199
7068 187
7069 183
7070 123
7071 148
7072 209
7073 210
7074 221
7075 92
7076 211
7077 148
7078 171
7079 176
7080 53
7081 214
7082 191
7083 192
7084 142
7085 169
7086 191
7087 197
7088 172
7089 217
7090 208
7091 225
7092 251
7093 179
7094 193
7095 119
7096 187
7097 185
7098 219
7099 67
7100 228
7101 190
7102 191
7103 176
7104 220
7105 234
7106 209
7107 220
7108 190
7109 152
7110 211
7111 187
7112 109
7113 154
7114 176
7115 172
7116 226
7117 158
7118 166
7119 221
7120 181
7121 174
7122 232
7123 178
7124 113
7125 226
7126 224
7127 198
7128 76
7129 203
7130 188
7131 234
7132 118
7133 183
7134 217
7135 196
7136 234
7137 247
7138 171
7139 161
7140 175
7141 239
7142 201
7143 158
7144 203
7145 183
7146 172
7147 213
7148 184
7149 203
7150 189
7151 184
7152 198
7153 212
7154 198
7155 208
7156 188
7157 182
7158 0
7159 178
7160 182
7161 99
7162 245
7163 207
7164 173
7165 155
7166 210
7167 252
7168 182
7169 240
7170 147
7171 173
7172 211
7173 158
7174 92
7175 240
7176 197
7177 180
7178 194
7179 3
7180 183
7181 237
7182 137
7183 207
7184 233
7185 149
7186 218
7187 229
7188 194
7189 184
7190 206
7191 222
7192 228
7193 138
7194 165
7195 157
7196 206
7197 221
7198 189
7199 180
7200 218
7201 221
7202 145
7203 186
7204 213
7205 188
7206 205
7207 177
7208 216
7209 237
7210 218
7211 171
7212 186
7213 92
7214 197
7215 183
7216 205
7217 213
7218 202
7219 202
7220 87
7221 202
7222 175
7223 160
7224 230
7225 251
7226 123
7227 142
7228 182
7229 197
7230 182
7231 84
7232 235
7233 222
7234 133
7235 114
7236 194
7237 154
7238 196
7239 157
7240 114
7241 89
7242 215
7243 188
7244 169
7245 196
7246 216
7247 141
7248 184
7249 223
7250 196
7251 218
7252 146
7253 184
7254 242
7255 187
7256 251
7257 212
7258 234
7259 195
7260 187
7261 175
7262 194
7263 161
7264 178
7265 168
7266 224
7267 185
7268 150
7269 174
7270 177
7271 189
7272 198
7273 193
7274 224
7275 183
7276 160
7277 138
7278 163
7279 212
7280 176
7281 233
7282 182
7283 181
7284 186
7285 188
7286 204
7287 196
7288 163
7289 173
7290 222
7291 193
7292 197
7293 228
7294 183
7295 172
7296 70
7297 214
7298 204
7299 213
7300 128
7301 204
7302 230
7303 201
7304 206
7305 253
7306 222
7307 180
7308 127
7309 209
7310 197
7311 193
7312 198
7313 195
7314 75
7315 189
7316 183
7317 201
7318 193
7319 82
7320 170
7321 165
7322 182
7323 166
7324 239
7325 212
7326 163
7327 166
7328 202
7329 219
7330 217
7331 77
7332 199
7333 204
7334 207
7335 66
7336 216
7337 99
7338 162
7339 175
7340 181
7341 139
7342 200
7343 170
7344 169
7345 189
7346 168
7347 111
7348 207
7349 180
7350 195
7351 208
7352 73
7353 193
7354 191
7355 197
7356 220
7357 103
7358 208
7359 150
7360 232
7361 195
7362 138
7363 179
7364 126
7365 189
7366 172
7367 184
7368 221
7369 195
7370 174
7371 187
7372 243
7373 162
7374 171
7375 228
7376 193
7377 227
7378 172
7379 204
7380 200
7381 183
7382 200
7383 203
7384 176
7385 201
7386 230
7387 147
7388 53
7389 141
7390 202
7391 218
7392 197
7393 95
7394 210
7395 227
7396 179
7397 175
7398 221
7399 183
7400 171
7401 159
7402 174
7403 211
7404 199
7405 215
7406 189
7407 217
7408 163
7409 205
7410 225
7411 211
7412 223
7413 220
7414 92
7415 182
7416 139
7417 227
7418 194
7419 164
7420 165
7421 205
7422 194
7423 171
7424 164
7425 183
7426 193
7427 167
7428 193
7429 145
7430 223
7431 198
7432 141
7433 236
7434 178
7435 176
7436 222
7437 179
7438 172
7439 182
7440 200
7441 236
7442 232
7443 283
7444 192
7445 188
7446 168
7447 172
7448 173
7449 208
7450 210
7451 130
7452 182
7453 188
7454 150
7455 217
7456 115
7457 210
7458 210
7459 133
7460 165
7461 220
7462 185
7463 221
7464 100
7465 210
7466 116
7467 217
7468 178
7469 187
7470 196
7471 183
7472 169
7473 187
7474 133
7475 171
7476 221
7477 179
7478 239
7479 208
7480 180
7481 166
7482 127
7483 179
7484 200
7485 177
7486 190
7487 148
7488 154
7489 158
7490 156
7491 185
7492 143
7493 207
7494 215
7495 126
7496 187
7497 182
7498 210
7499 98
7500 182
7501 138
7502 162
7503 100
7504 213
7505 148
7506 212
7507 241
7508 275
7509 161
7510 161
7511 140
7512 204
7513 159
7514 203
7515 195
7516 202
7517 177
7518 103
7519 172
7520 212
7521 216
7522 255
7523 236
7524 234
7525 191
7526 221
7527 200
7528 169
7529 171
7530 204
7531 193
7532 134
7533 237
7534 116
7535 184
7536 241
7537 165
7538 187
7539 172
7540 184
7541 203
7542 140
7543 119
7544 155
7545 224
7546 271
7547 150
7548 146
7549 201
7550 226
7551 161
7552 201
7553 145
7554 205
7555 225
7556 220
7557 233
7558 100
7559 167
7560 246
7561 180
7562 216
7563 206
7564 190
7565 190
7566 225
7567 216
7568 251
7569 216
7570 228
7571 226
7572 195
7573 186
7574 156
7575 232
7576 248
7577 241
7578 172
7579 167
7580 132
7581 198
7582 232
7583 203
7584 242
7585 151
7586 163
7587 219
7588 225
7589 183
7590 187
7591 228
7592 225
7593 178
7594 243
7595 226
7596 168
7597 168
7598 252
7599 193
7600 132
7601 179
7602 178
7603 191
7604 166
7605 198
7606 151
7607 175
7608 187
7609 196
7610 210
7611 185
7612 239
7613 249
7614 210
7615 133
7616 200
7617 169
7618 99
7619 186
7620 150
7621 209
7622 228
7623 172
7624 177
7625 211
7626 160
7627 177
7628 155
7629 183
7630 220
7631 203
7632 202
7633 223
7634 225
7635 216
7636 51
7637 183
7638 167
7639 192
7640 199
7641 184
7642 168
7643 150
7644 192
7645 164
7646 201
7647 211
7648 246
7649 181
7650 173
7651 205
7652 193
7653 155
7654 224
7655 185
7656 198
7657 210
7658 214
7659 111
7660 187
7661 174
7662 148
7663 210
7664 192
7665 139
7666 200
7667 200
7668 166
7669 200
7670 152
7671 183
7672 223
7673 199
7674 232
7675 201
7676 182
7677 187
7678 161
7679 140
7680 221
7681 181
7682 184
7683 191
7684 201
7685 165
7686 146
7687 194
7688 145
7689 214
7690 192
7691 181
7692 212
7693 229
7694 177
7695 230
7696 202
7697 120
7698 213
7699 220
7700 203
7701 171
7702 178
7703 173
7704 226
7705 127
7706 92
7707 164
7708 158
7709 222
7710 139
7711 186
7712 244
7713 172
7714 215
7715 198
7716 202
7717 140
7718 212
7719 166
7720 183
7721 236
7722 189
7723 200
7724 205
7725 102
7726 178
7727 229
7728 152
7729 219
7730 228
7731 164
7732 176
7733 213
7734 166
7735 239
7736 201
7737 84
7738 200
7739 210
7740 166
7741 180
7742 102
7743 178
7744 212
7745 130
7746 212
7747 236
7748 152
7749 164
7750 182
7751 130
7752 179
7753 182
7754 217
7755 193
7756 128
7757 187
7758 200
7759 119
7760 171
7761 194
7762 177
7763 154
7764 160
7765 122
7766 227
7767 195
7768 184
7769 193
7770 205
7771 169
7772 178
7773 197
7774 181
7775 159
7776 141
7777 127
7778 195
7779 197
7780 205
7781 216
7782 156
7783 212
7784 215
7785 176
7786 226
7787 181
7788 152
7789 183
7790 168
7791 224
7792 192
7793 209
7794 196
7795 235
7796 196
7797 213
7798 191
7799 179
7800 177
7801 197
7802 197
7803 251
7804 180
7805 167
7806 198
7807 219
7808 95
7809 197
7810 184
7811 0
7812 108
7813 192
7814 210
7815 233
7816 199
7817 209
7818 137
7819 251
7820 165
7821 216
7822 141
7823 147
7824 206
7825 113
7826 122
7827 192
7828 177
7829 156
7830 95
7831 159
7832 155
7833 175
7834 163
7835 178
7836 213
7837 206
7838 165
7839 216
7840 257
7841 197
7842 201
7843 215
7844 215
7845 199
7846 231
7847 81
7848 193
7849 189
7850 178
7851 172
7852 208
7853 227
7854 185
7855 115
7856 178
7857 146
7858 228
7859 221
7860 206
7861 182
7862 168
7863 158
7864 218
7865 185
7866 214
7867 111
7868 183
7869 196
7870 141
7871 209
7872 158
7873 183
7874 235
7875 199
7876 136
7877 196
7878 124
7879 178
7880 187
7881 32
7882 212
7883 197
7884 164
7885 195
7886 240
7887 197
7888 91
7889 194
7890 202
7891 193
7892 217
7893 238
7894 182
7895 224
7896 217
7897 166
7898 186
7899 214
7900 206
7901 222
7902 177
7903 139
7904 85
7905 173
7906 211
7907 177
7908 192
7909 208
7910 202
7911 34
7912 160
7913 176
7914 153
7915 165
7916 168
7917 161
7918 162
7919 211
7920 196
7921 222
7922 149
7923 238
7924 182
7925 182
7926 211
7927 217
7928 207
7929 226
7930 177
7931 240
7932 162
7933 186
7934 210
7935 116
7936 168
7937 215
7938 236
7939 157
7940 201
7941 231
7942 159
7943 227
7944 230
7945 170
7946 201
7947 66
7948 133
7949 143
7950 212
7951 215
7952 186
7953 174
7954 217
7955 187
7956 192
7957 209
7958 148
7959 180
7960 190
7961 127
7962 232
7963 189
7964 161
7965 240
7966 198
7967 131
7968 238
7969 197
7970 99
7971 168
7972 207
7973 194
7974 170
7975 230
7976 178
7977 207
7978 189
7979 193
7980 210
7981 149
7982 232
7983 227
7984 190
7985 199
7986 110
7987 199
7988 209
7989 161
7990 211
7991 171
7992 177
7993 139
7994 190
7995 202
7996 184
7997 189
7998 189
7999 203
8000 181
8001 169
8002 145
8003 240
8004 207
8005 185
8006 204
8007 238
8008 227
8009 210
8010 221
8011 222
8012 222
8013 215
8014 198
8015 149
8016 193
8017 118
8018 213
8019 136
8020 139
8021 243
8022 203
8023 147
8024 218
8025 191
8026 155
8027 167
8028 203
8029 211
8030 169
8031 201
8032 186
8033 185
8034 167
8035 189
8036 197
8037 226
8038 167
8039 131
8040 162
8041 212
8042 204
8043 154
8044 187
8045 161
8046 182
8047 192
8048 202
8049 196
8050 224
8051 194
8052 199
8053 22
8054 145
8055 156
8056 237
8057 211
8058 109
8059 176
8060 156
8061 219
8062 218
8063 208
8064 183
8065 181
8066 176
8067 96
8068 192
8069 167
8070 231
8071 174
8072 222
8073 127
8074 131
8075 164
8076 97
8077 159
8078 213
8079 207
8080 203
8081 150
8082 212
8083 177
8084 163
8085 182
8086 90
8087 203
8088 198
8089 219
8090 207
8091 240
8092 133
8093 80
8094 202
8095 199
8096 223
8097 166
8098 227
8099 180
8100 199
8101 181
8102 163
8103 159
8104 201
8105 193
8106 206
8107 183
8108 170
8109 163
8110 206
8111 205
8112 198
8113 175
8114 221
8115 188
8116 223
8117 123
8118 214
8119 163
8120 207
8121 165
8122 191
8123 178
8124 201
8125 176
8126 158
8127 224
8128 170
8129 201
8130 203
8131 237
8132 179
8133 151
8134 140
8135 201
8136 153
8137 209
8138 150
8139 163
8140 162
8141 209
8142 204
8143 133
8144 213
8145 194
8146 209
8147 105
8148 201
8149 189
8150 206
8151 178
8152 293
8153 237
8154 203
8155 124
8156 194
8157 198
8158 203
8159 177
8160 165
8161 199
8162 219
8163 123
8164 66
8165 146
8166 191
8167 169
8168 210
8169 188
8170 93
8171 237
8172 117
8173 207
8174 226
8175 216
8176 218
8177 158
8178 183
8179 152
8180 214
8181 161
8182 201
8183 187
8184 173
8185 75
8186 158
8187 188
8188 182
8189 188
8190 204
8191 165
8192 225
8193 151
8194 201
8195 194
8196 173
8197 187
8198 217
8199 196
8200 155
8201 166
8202 176
8203 195
8204 217
8205 192
8206 179
8207 142
8208 117
8209 214
8210 178
8211 222
8212 189
8213 104
8214 239
8215 175
8216 77
8217 192
8218 179
8219 181
8220 241
8221 164
8222 170
8223 193
8224 241
8225 176
8226 205
8227 139
8228 26
8229 188
8230 185
8231 192
8232 142
8233 169
8234 199
8235 181
8236 198
8237 200
8238 234
8239 192
8240 210
8241 226
8242 158
8243 151
8244 183
8245 195
8246 192
8247 206
8248 248
8249 136
8250 183
8251 3
8252 200
8253 226
8254 190
8255 220
8256 50
8257 173
8258 175
8259 144
8260 127
8261 195
8262 189
8263 187
8264 176
8265 154
8266 192
8267 145
8268 181
8269 183
8270 83
8271 207
8272 225
8273 199
8274 159
8275 194
8276 187
8277 173
8278 200
8279 200
8280 199
8281 224
8282 221
8283 177
8284 152
8285 154
8286 191
8287 200
8288 181
8289 204
8290 214
8291 195
8292 221
8293 211
8294 138
8295 94
8296 224
8297 186
8298 174
8299 215
8300 219
8301 145
8302 218
8303 198
8304 172
8305 192
8306 217
8307 230
8308 200
8309 185
8310 216
8311 176
8312 77
8313 175
8314 170
8315 227
8316 156
8317 210
8318 156
8319 226
8320 179
8321 196
8322 173
8323 186
8324 224
8325 228
8326 105
8327 97
8328 183
8329 192
8330 167
8331 193
8332 215
8333 234
8334 0
8335 192
8336 140
8337 153
8338 156
8339 207
8340 216
8341 210
8342 172
8343 204
8344 140
8345 207
8346 213
8347 205
8348 205
8349 225
8350 189
8351 210
8352 148
8353 226
8354 208
8355 180
8356 196
8357 209
8358 211
8359 222
8360 90
8361 186
8362 183
8363 175
8364 204
8365 202
8366 145
8367 223
8368 125
8369 138
8370 189
8371 188
8372 199
8373 178
8374 189
8375 154
8376 203
8377 188
8378 187
8379 148
8380 206
8381 172
8382 199
8383 157
8384 179
8385 228
8386 215
8387 186
8388 141
8389 150
8390 211
8391 152
8392 171
8393 159
8394 192
8395 206
8396 187
8397 151
8398 179
8399 189
8400 194
8401 219
8402 189
8403 234
8404 173
8405 195
8406 228
8407 187
8408 215
8409 194
8410 193
8411 126
8412 212
8413 184
8414 204
8415 165
8416 170
8417 191
8418 149
8419 239
8420 144
8421 160
8422 211
8423 209
8424 200
8425 92
8426 211
8427 148
8428 204
8429 127
8430 183
8431 218
8432 193
8433 72
8434 170
8435 202
8436 190
8437 236
8438 81
8439 202
8440 164
8441 210
8442 214
8443 179
8444 173
8445 182
8446 184
8447 116
8448 151
8449 191
8450 180
8451 185
8452 206
8453 110
8454 200
8455 160
8456 220
8457 147
8458 187
8459 150
8460 172
8461 27
8462 148
8463 145
8464 191
8465 152
8466 90
8467 122
8468 136
8469 138
8470 213
8471 231
8472 168
8473 213
8474 179
8475 128
8476 178
8477 118
8478 176
8479 215
8480 165
8481 202
8482 98
8483 221
8484 241
8485 176
8486 165
8487 165
8488 183
8489 235
8490 108
8491 155
8492 230
8493 212
8494 163
8495 189
8496 113
8497 224
8498 135
8499 186
8500 239
8501 133
8502 176
8503 215
8504 202
8505 182
8506 157
8507 120
8508 216
8509 199
8510 196
8511 234
8512 218
8513 205
8514 210
8515 98
8516 230
8517 171
8518 211
8519 190
8520 199
8521 204
8522 202
8523 207
8524 204
8525 159
8526 176
8527 182
8528 22
8529 135
8530 117
8531 196
8532 214
8533 209
8534 227
8535 216
8536 199
8537 125
8538 153
8539 217
8540 161
8541 172
8542 201
8543 214
8544 231
8545 232
8546 273
8547 214
8548 210
8549 195
8550 192
8551 164
8552 123
8553 205
8554 108
8555 167
8556 207
8557 162
8558 252
8559 111
8560 184
8561 171
8562 222
8563 217
8564 160
8565 187
8566 180
8567 186
8568 205
8569 147
8570 209
8571 250
8572 162
8573 200
8574 181
8575 228
8576 155
8577 177
8578 192
8579 183
8580 213
8581 174
8582 191
8583 247
8584 250
8585 192
8586 193
8587 193
8588 233
8589 169
8590 227
8591 174
8592 174
8593 174
8594 157
8595 197
8596 178
8597 223
8598 223
8599 124
8600 191
8601 218
8602 129
8603 207
8604 185
8605 160
8606 207
8607 146
8608 201
8609 98
8610 187
8611 184
8612 183
8613 209
8614 234
8615 72
8616 194
8617 227
8618 155
8619 135
8620 210
8621 196
8622 208
8623 233
8624 211
8625 139
8626 171
8627 186
8628 220
8629 188
8630 154
8631 158
8632 224
8633 202
8634 203
8635 205
8636 212
8637 248
8638 175
8639 189
8640 165
8641 188
8642 186
8643 146
8644 226
8645 167
8646 180
8647 219
8648 187
8649 241
8650 199
8651 173
8652 198
8653 187
8654 187
8655 167
8656 168
8657 187
8658 216
8659 99
8660 191
8661 165
8662 183
8663 189
8664 206
8665 184
8666 176
8667 162
8668 236
8669 214
8670 205
8671 239
8672 177
8673 201
8674 223
8675 185
8676 203
8677 199
8678 182
8679 160
8680 181
8681 226
8682 171
8683 178
8684 145
8685 126
8686 166
8687 199
8688 191
8689 89
8690 205
8691 216
8692 184
8693 210
8694 213
8695 200
8696 197
8697 197
8698 123
8699 217
8700 98
8701 184
8702 42
8703 185
8704 192
8705 199
8706 196
8707 189
8708 112
8709 181
8710 235
8711 219
8712 189
8713 196
8714 220
8715 93
8716 117
8717 225
8718 196
8719 205
8720 235
8721 203
8722 216
8723 166
8724 154
8725 177
8726 153
8727 193
8728 171
8729 216
8730 197
8731 235
8732 190
8733 174
8734 183
8735 186
8736 174
8737 245
8738 93
8739 244
8740 144
8741 213
8742 203
8743 221
8744 193
8745 182
8746 83
8747 142
8748 181
8749 231
8750 201
8751 195
8752 219
8753 170
8754 231
8755 243
8756 195
8757 138
8758 223
8759 189
8760 201
8761 153
8762 195
8763 164
8764 187
8765 240
8766 193
8767 188
8768 171
8769 165
8770 168
8771 204
8772 172
8773 163
8774 185
8775 151
8776 228
8777 175
8778 199
8779 198
8780 138
8781 187
8782 198
8783 0
8784 197
8785 158
8786 159
8787 221
8788 197
8789 207
8790 200
8791 196
8792 181
8793 204
8794 161
8795 216
8796 221
8797 138
8798 174
8799 245
8800 186
8801 164
8802 208
8803 163
8804 192
8805 191
8806 131
8807 204
8808 171
8809 169
8810 212
8811 99
8812 210
8813 210
8814 165
8815 97
8816 175
8817 216
8818 225
8819 221
8820 191
8821 213
8822 225
8823 95
8824 164
8825 195
8826 118
8827 242
8828 152
8829 236
8830 191
8831 161
8832 101
8833 230
8834 125
8835 209
8836 190
8837 199
8838 110
8839 181
8840 179
8841 169
8842 196
8843 190
8844 168
8845 177
8846 160
8847 207
8848 234
8849 150
8850 210
8851 226
8852 110
8853 180
8854 169
8855 176
8856 211
8857 210
8858 184
8859 224
8860 183
8861 149
8862 187
8863 201
8864 172
8865 163
8866 208
8867 222
8868 197
8869 199
8870 178
8871 216
8872 197
8873 223
8874 210
8875 207
8876 202
8877 188
8878 237
8879 166
8880 174
8881 156
8882 189
8883 192
8884 113
8885 213
8886 139
8887 178
8888 242
8889 207
8890 195
8891 258
8892 186
8893 172
8894 161
8895 138
8896 222
8897 161
8898 166
8899 218
8900 69
8901 173
8902 189
8903 158
8904 145
8905 191
8906 234
8907 192
8908 164
8909 226
8910 188
8911 117
8912 154
8913 170
8914 172
8915 229
8916 223
8917 152
8918 255
8919 198
8920 192
8921 225
8922 185
8923 178
8924 203
8925 180
8926 195
8927 183
8928 219
8929 244
8930 182
8931 230
8932 188
8933 165
8934 181
8935 229
8936 224
8937 208
8938 204
8939 124
8940 220
8941 206
8942 68
8943 192
8944 177
8945 200
8946 161
8947 180
8948 178
8949 151
8950 203
8951 206
8952 182
8953 228
8954 188
8955 150
8956 120
8957 181
8958 143
8959 104
8960 172
8961 140
8962 184
8963 225
8964 181
8965 208
8966 149
8967 210
8968 115
8969 167
8970 150
8971 177
8972 182
8973 158
8974 165
8975 178
8976 194
8977 215
8978 79
8979 187
8980 196
8981 141
8982 176
8983 195
8984 148
8985 138
8986 147
8987 177
8988 223
8989 208
8990 89
8991 244
8992 201
8993 162
8994 163
8995 213
8996 154
8997 157
8998 222
8999 172
9000 181
9001 177
9002 171
9003 175
9004 200
9005 233
9006 231
9007 215
9008 168
9009 237
9010 177
9011 184
9012 198
9013 142
9014 193
9015 222
9016 191
9017 202
9018 189
9019 177
9020 225
9021 205
9022 181
9023 188
9024 187
9025 191
9026 275
9027 162
9028 195
9029 136
9030 171
9031 209
9032 98
9033 132
9034 133
9035 199
9036 231
9037 182
9038 183
9039 161
9040 161
9041 143
9042 197
9043 166
9044 207
9045 202
9046 196
9047 204
9048 164
9049 119
9050 80
9051 207
9052 207
9053 163
9054 149
9055 187
9056 176
9057 240
9058 174
9059 198
9060 201
9061 176
9062 127
9063 171
9064 100
9065 214
9066 156
9067 186
9068 199
9069 179
9070 193
9071 209
9072 179
9073 168
9074 223
9075 231
9076 182
9077 143
9078 159
9079 210
9080 234
9081 161
9082 194
9083 203
9084 186
9085 204
9086 206
9087 188
9088 195
9089 202
9090 140
9091 231
9092 201
9093 210
9094 131
9095 155
9096 211
9097 191
9098 178
9099 191
9100 211
9101 154
9102 199
9103 179
9104 186
9105 155
9106 175
9107 141
9108 169
9109 208
9110 161
9111 171
9112 190
9113 223
9114 231
9115 196
9116 205
9117 234
9118 216
9119 186
9120 294
9121 226
9122 207
9123 188
9124 137
9125 216
9126 192
9127 194
9128 199
9129 180
9130 199
9131 163
9132 198
9133 225
9134 186
9135 169
9136 208
9137 235
9138 220
9139 165
9140 201
9141 185
9142 201
9143 177
9144 220
9145 232
9146 195
9147 184
9148 192
9149 193
9150 192
9151 48
9152 161
9153 212
9154 199
9155 205
9156 181
9157 120
9158 204
9159 122
9160 188
9161 147
9162 196
9163 166
9164 126
9165 239
9166 208
9167 205
9168 165
9169 215
9170 167
9171 180
9172 139
9173 199
9174 208
9175 205
9176 163
9177 136
9178 182
9179 173
9180 210
9181 236
9182 218
9183 195
9184 133
9185 189
9186 193
9187 192
9188 221
9189 211
9190 186
9191 218
9192 98
9193 154
9194 171
9195 173
9196 182
9197 180
9198 104
9199 94
9200 180
9201 186
9202 261
9203 209
9204 240
9205 138
9206 209
9207 218
9208 191
9209 218
9210 162
9211 196
9212 185
9213 216
9214 212
9215 191
9216 148
9217 188
9218 231
9219 217
9220 162
9221 134
9222 162
9223 142
9224 129
9225 174
9226 168
9227 145
9228 208
9229 169
9230 177
9231 123
9232 225
9233 218
9234 179
9235 246
9236 105
9237 223
9238 181
9239 161
9240 169
9241 207
9242 207
9243 244
9244 226
9245 201
9246 238
9247 176
9248 186
9249 223
9250 192
9251 127
9252 198
9253 219
9254 177
9255 187
9256 220
9257 212
9258 215
9259 173
9260 184
9261 215
9262 203
9263 165
9264 154
9265 188
9266 167
9267 230
9268 195
9269 213
9270 222
9271 205
9272 150
9273 216
9274 172
9275 177
9276 198
9277 186
9278 126
9279 163
9280 170
9281 236
9282 109
9283 177
9284 199
9285 91
9286 136
9287 233
9288 224
9289 177
9290 157
9291 102
9292 212
9293 232
9294 144
9295 178
9296 150
9297 194
9298 115
9299 226
9300 247
9301 220
9302 99
9303 138
9304 153
9305 227
9306 153
9307 220
9308 159
9309 140
9310 156
9311 160
9312 202
9313 206
9314 146
9315 196
9316 215
9317 187
9318 204
9319 178
9320 214
9321 208
9322 196
9323 223
9324 174
9325 197
9326 241
9327 157
9328 107
9329 225
9330 206
9331 204
9332 184
9333 179
9334 171
9335 208
9336 209
9337 196
9338 233
9339 150
9340 148
9341 192
9342 93
9343 134
9344 152
9345 165
9346 212
9347 198
9348 186
9349 203
9350 207
9351 261
9352 232
9353 151
9354 175
9355 241
9356 209
9357 163
9358 166
9359 221
9360 189
9361 115
9362 173
9363 199
9364 191
9365 84
9366 209
9367 184
9368 183
9369 206
9370 150
9371 159
9372 150
9373 208
9374 165
9375 246
9376 189
9377 211
9378 177
9379 194
9380 155
9381 196
9382 183
9383 222
9384 104
9385 197
9386 168
9387 214
9388 123
9389 58
9390 167
9391 207
9392 158
9393 191
9394 163
9395 213
9396 224
9397 224
9398 195
9399 191
9400 238
9401 233
9402 181
9403 230
9404 87
9405 182
9406 132
9407 231
9408 214
9409 149
9410 104
9411 198
9412 101
9413 208
9414 193
9415 153
9416 241
9417 186
9418 201
9419 187
9420 165
9421 228
9422 191
9423 186
9424 157
9425 170
9426 213
9427 236
9428 184
9429 159
9430 164
9431 223
9432 130
9433 91
9434 179
9435 156
9436 195
9437 157
9438 164
9439 194
9440 190
9441 144
9442 186
9443 188
9444 200
9445 224
9446 76
9447 166
9448 201
9449 201
9450 64
9451 171
9452 199
9453 192
9454 163
9455 193
9456 225
9457 168
9458 175
9459 135
9460 187
9461 224
9462 192
9463 224
9464 151
9465 153
9466 114
9467 196
9468 215
9469 144
9470 192
9471 217
9472 114
9473 157
9474 198
9475 181
9476 226
9477 216
9478 206
9479 199
9480 127
9481 219
9482 166
9483 178
9484 187
9485 193
9486 213
9487 179
9488 180
9489 203
9490 192
9491 177
9492 233
9493 132
9494 219
9495 219
9496 247
9497 160
9498 203
9499 153
9500 209
9501 38
9502 220
9503 170
9504 179
9505 170
9506 128
9507 180
9508 158
9509 169
9510 181
9511 200
9512 211
9513 117
9514 207
9515 220
9516 157
9517 246
9518 187
9519 169
9520 204
9521 140
9522 193
9523 159
9524 119
9525 203
9526 172
9527 180
9528 204
9529 191
9530 225
9531 107
9532 208
9533 68
9534 211
9535 150
9536 210
9537 206
9538 185
9539 210
9540 208
9541 131
9542 207
9543 180
9544 162
9545 130
9546 140
9547 149
9548 53
9549 179
9550 150
9551 194
9552 168
9553 102
9554 87
9555 174
9556 202
9557 159
9558 174
9559 206
9560 146
9561 201
9562 184
9563 221
9564 159
9565 133
9566 57
9567 222
9568 212
9569 207
9570 201
9571 236
9572 118
9573 234
9574 210
9575 217
9576 179
9577 147
9578 195
9579 214
9580 208
9581 193
9582 175
9583 197
9584 218
9585 217
9586 184
9587 206
9588 179
9589 203
9590 242
9591 156
9592 202
9593 199
9594 206
9595 198
9596 152
9597 214
9598 167
9599 161
9600 183
9601 153
9602 182
9603 117
9604 207
9605 210
9606 196
9607 87
9608 175
9609 169
9610 170
9611 214
9612 231
9613 211
9614 114
9615 170
9616 204
9617 171
9618 196
9619 87
9620 186
9621 159
9622 141
9623 145
9624 206
9625 75
9626 226
9627 145
9628 212
9629 191
9630 170
9631 114
9632 181
9633 150
9634 162
9635 145
9636 132
9637 220
9638 137
9639 165
9640 154
9641 184
9642 189
9643 192
9644 107
9645 232
9646 129
9647 211
9648 160
9649 195
9650 210
9651 152
9652 126
9653 165
9654 242
9655 215
9656 193
9657 217
9658 125
9659 202
9660 81
9661 161
9662 219
9663 172
9664 224
9665 231
9666 93
9667 151
9668 71
9669 224
9670 233
9671 193
9672 179
9673 215
9674 168
9675 178
9676 198
9677 131
9678 193
9679 162
9680 157
9681 165
9682 159
9683 193
9684 178
9685 179
9686 156
9687 230
9688 163
9689 76
9690 207
9691 185
9692 205
9693 205
9694 180
9695 229
9696 173
9697 219
9698 162
9699 151
9700 220
9701 169
9702 210
9703 197
9704 233
9705 200
9706 124
9707 183
9708 210
9709 212
9710 196
9711 159
9712 180
9713 222
9714 211
9715 137
9716 226
9717 183
9718 160
9719 207
9720 156
9721 118
9722 205
9723 234
9724 215
9725 165
9726 238
9727 173
9728 189
9729 153
9730 186
9731 239
9732 158
9733 156
9734 144
9735 209
9736 196
9737 154
9738 204
9739 262
9740 223
9741 213
9742 165
9743 161
9744 177
9745 235
9746 185
9747 209
9748 226
9749 232
9750 195
9751 191
9752 224
9753 168
9754 195
9755 198
9756 187
9757 186
9758 207
9759 191
9760 202
9761 164
9762 171
9763 219
9764 174
9765 203
9766 204
9767 152
9768 76
9769 213
9770 221
9771 208
9772 113
9773 192
9774 217
9775 173
9776 216
9777 249
9778 203
9779 231
9780 205
9781 215
9782 187
9783 197
9784 205
9785 207
9786 154
9787 214
9788 223
9789 200
9790 178
9791 168
9792 195
9793 65
9794 226
9795 202
9796 108
9797 179
9798 224
9799 170
9800 221
9801 227
9802 196
9803 184
9804 55
9805 162
9806 65
9807 147
9808 242
9809 187
9810 173
9811 166
9812 200
9813 195
9814 187
9815 181
9816 199
9817 178
9818 206
9819 223
9820 158
9821 226
9822 155
9823 102
9824 93
9825 107
9826 192
9827 222
9828 224
9829 178
9830 214
9831 203
9832 174
9833 175
9834 189
9835 178
9836 167
9837 213
9838 195
9839 231
9840 239
9841 158
9842 190
9843 223
9844 154
9845 170
9846 186
9847 176
9848 231
9849 193
9850 118
9851 98
9852 206
9853 164
9854 150
9855 212
9856 172
9857 177
9858 200
9859 160
9860 223
9861 231
9862 217
9863 172
9864 189
9865 163
9866 89
9867 166
9868 161
9869 207
9870 186
9871 173
9872 0
9873 187
9874 240
9875 148
9876 173
9877 189
9878 197
9879 225
9880 188
9881 236
9882 205
9883 51
9884 172
9885 187
9886 202
9887 90
9888 215
9889 180
9890 196
9891 182
9892 192
9893 189
9894 203
9895 126
9896 219
9897 192
9898 201
9899 206
9900 158
9901 197
9902 220
9903 221
9904 187
9905 199
9906 149
9907 233
9908 178
9909 95
9910 155
9911 196
9912 198
9913 179
9914 197
9915 205
9916 87
9917 90
9918 154
9919 192
9920 202
9921 137
9922 188
9923 204
9924 94
9925 154
9926 200
9927 119
9928 211
9929 215
9930 181
9931 163
9932 200
9933 165
9934 169
9935 240
9936 234
9937 177
9938 184
9939 230
9940 217
9941 232
9942 171
9943 70
9944 141
9945 234
9946 156
9947 188
9948 188
9949 209
9950 179
9951 239
9952 193
9953 203
9954 229
9955 180
9956 239
9957 177
9958 235
9959 159
9960 216
9961 162
9962 184
9963 221
9964 230
9965 164
9966 213
9967 63
9968 173
9969 170
9970 188
9971 106
9972 146
9973 206
9974 143
9975 217
9976 163
9977 183
9978 157
9979 179
9980 206
9981 253
9982 88
9983 203
9984 173
9985 215
9986 205
9987 190
9988 183
9989 244
9990 142
9991 187
9992 125
9993 189
9994 104
9995 191
9996 203
9997 201
9998 215
9999 336
10000 230
10001 86
10002 179
10003 238
10004 190
10005 182
10006 124
10007 120
10008 205
10009 201
10010 189
10011 99
10012 213
10013 230
10014 55
10015 225
10016 164
10017 203
10018 185
10019 201
10020 142
10021 252
10022 147
10023 142
10024 248
10025 154
10026 151
10027 127
10028 212
10029 211
10030 201
10031 223
10032 180
10033 175
10034 162
10035 150
10036 135
10037 218
10038 216
10039 138
10040 56
10041 198
10042 166
10043 199
10044 103
10045 183
10046 196
10047 231
10048 251
10049 162
10050 206
10051 188
10052 199
10053 167
10054 220
10055 92
10056 192
10057 188
10058 214
10059 161
10060 207
10061 187
10062 211
10063 176
10064 180
10065 147
10066 196
10067 180
10068 123
10069 192
10070 226
10071 155
10072 117
10073 227
10074 167
10075 193
10076 195
10077 224
10078 207
10079 197
10080 225
10081 236
10082 113
10083 172
10084 155
10085 217
10086 146
10087 233
10088 155
10089 188
10090 192
10091 209
10092 180
10093 188
10094 203
10095 215
10096 204
10097 201
10098 175
10099 217
10100 193
10101 221
10102 216
10103 231
10104 196
10105 184
10106 175
10107 146
10108 210
10109 131
10110 96
10111 156
10112 160
10113 129
10114 97
10115 123
10116 131
10117 216
10118 169
10119 182
10120 199
10121 177
10122 199
10123 208
10124 199
10125 181
10126 131
10127 175
10128 179
10129 209
10130 124
10131 202
10132 199
10133 216
10134 201
10135 200
10136 159
10137 189
10138 238
10139 210
10140 219
10141 160
10142 181
10143 193
10144 234
10145 193
10146 128
10147 200
10148 179
10149 184
10150 191
10151 183
10152 229
10153 197
10154 218
10155 222
10156 165
10157 166
10158 212
10159 170
10160 78
10161 227
10162 243
10163 159
10164 171
10165 184
10166 164
10167 187
10168 187
10169 255
10170 145
10171 155
10172 254
10173 215
10174 215
10175 211
10176 187
10177 197
10178 203
10179 153
10180 183
10181 212
10182 182
10183 206
10184 205
10185 185
10186 207
10187 219
10188 176
10189 85
10190 193
10191 160
10192 176
10193 201
10194 176
10195 190
10196 205
10197 205
10198 156
10199 206
10200 193
10201 213
10202 148
10203 200
10204 212
10205 200
10206 98
10207 106
10208 251
10209 185
10210 194
10211 203
10212 223
10213 185
10214 234
10215 175
10216 213
10217 194
10218 221
10219 217
10220 126
10221 204
10222 232
10223 219
10224 233
10225 181
10226 186
10227 220
10228 172
10229 161
10230 172
10231 180
10232 159
10233 166
10234 239
10235 205
10236 150
10237 188
10238 185
10239 101
10240 135
10241 234
10242 194
10243 147
10244 195
10245 135
10246 231
10247 211
10248 127
10249 196
10250 185
10251 183
10252 241
10253 176
10254 191
10255 186
10256 202
10257 224
10258 220
10259 200
10260 211
10261 209
10262 239
10263 193
10264 151
10265 243
10266 200
10267 106
10268 221
10269 163
10270 211
10271 187
10272 176
10273 232
10274 222
10275 229
10276 155
10277 135
10278 196
10279 103
10280 173
10281 214
10282 162
10283 175
10284 199
10285 136
10286 140
10287 210
10288 164
10289 207
10290 183
10291 258
10292 246
10293 160
10294 102
10295 213
10296 209
10297 186
10298 229
10299 255
10300 203
10301 206
10302 222
10303 161
10304 113
10305 114
10306 184
10307 87
10308 167
10309 208
10310 223
10311 204
10312 206
10313 211
10314 136
10315 184
10316 217
10317 208
10318 230
10319 241
10320 199
10321 221
10322 210
10323 136
10324 143
10325 151
10326 180
10327 209
10328 172
10329 131
10330 215
10331 144
10332 174
10333 206
10334 173
10335 187
10336 158
10337 191
10338 235
10339 112
10340 167
10341 201
10342 109
10343 210
10344 217
10345 86
10346 173
10347 213
10348 187
10349 130
10350 230
10351 242
10352 181
10353 160
10354 174
10355 225
10356 232
10357 208
10358 189
10359 170
10360 83
10361 204
10362 89
10363 228
10364 122
10365 213
10366 202
10367 231
10368 192
10369 188
10370 182
10371 146
10372 221
10373 222
10374 202
10375 184
10376 145
10377 203
10378 163
10379 136
10380 213
10381 174
10382 171
10383 173
10384 162
10385 185
10386 188
10387 199
10388 127
10389 239
10390 203
10391 229
10392 179
10393 110
10394 119
10395 190
10396 174
10397 190
10398 205
10399 250
10400 82
10401 186
10402 194
10403 177
10404 240
10405 223
10406 143
10407 213
10408 179
10409 201
10410 193
10411 156
10412 171
10413 183
10414 182
10415 201
10416 151
10417 49
10418 215
10419 169
10420 220
10421 208
10422 154
10423 170
10424 187
10425 201
10426 104
10427 225
10428 191
10429 178
10430 175
10431 170
10432 195
10433 187
10434 126
10435 169
10436 174
10437 200
10438 83
10439 171
10440 157
10441 196
10442 175
10443 208
10444 255
10445 223
10446 198
10447 217
10448 222
10449 184
10450 195
10451 213
10452 187
10453 176
10454 209
10455 211
10456 0
10457 229
10458 84
10459 97
10460 175
10461 169
10462 210
10463 223
10464 201
10465 189
10466 184
10467 146
10468 0
10469 227
10470 200
10471 213
10472 167
10473 217
10474 178
10475 160
10476 155
10477 173
10478 147
10479 112
10480 175
10481 182
10482 241
10483 143
10484 183
10485 207
10486 206
10487 215
10488 178
10489 123
10490 191
10491 213
10492 213
10493 189
10494 190
10495 212
10496 158
10497 217
10498 236
10499 171
10500 165
10501 211
10502 177
10503 147
10504 198
10505 159
10506 94
10507 223
10508 173
10509 194
10510 212
10511 215
10512 202
10513 203
10514 170
10515 182
10516 195
10517 101
10518 157
10519 102
10520 191
10521 187
10522 189
10523 159
10524 167
10525 94
10526 201
10527 227
10528 140
10529 214
10530 192
10531 212
10532 98
10533 187
10534 179
10535 182
10536 209
10537 189
10538 108
10539 132
10540 211
10541 180
10542 161
10543 197
10544 186
10545 108
10546 230
10547 159
10548 170
10549 172
10550 190
10551 206
10552 181
10553 210
10554 178
10555 176
10556 229
10557 215
10558 217
10559 162
10560 211
10561 190
10562 171
10563 117
10564 155
10565 215
10566 195
10567 191
10568 214
10569 248
10570 173
10571 178
10572 208
10573 228
10574 173
10575 195
10576 198
10577 184
10578 208
10579 186
10580 204
10581 218
10582 160
10583 200
10584 217
10585 145
10586 239
10587 233
10588 153
10589 193
10590 154
10591 199
10592 120
10593 184
10594 216
10595 194
10596 241
10597 169
10598 172
10599 212
10600 195
10601 181
10602 160
10603 78
10604 102
10605 203
10606 214
10607 228
10608 188
10609 202
10610 201
10611 166
10612 202
10613 138
10614 195
10615 133
10616 194
10617 154
10618 141
10619 188
10620 160
10621 92
10622 235
10623 140
10624 231
10625 155
10626 187
10627 207
10628 80
10629 196
10630 261
10631 186
10632 210
10633 217
10634 153
10635 220
10636 242
10637 132
10638 230
10639 174
10640 148
10641 181
10642 160
10643 122
10644 236
10645 52
10646 155
10647 188
10648 218
10649 228
10650 219
10651 229
10652 189
10653 209
10654 179
10655 197
10656 130
10657 120
10658 189
10659 180
10660 176
10661 162
10662 215
10663 117
10664 187
10665 194
10666 130
10667 232
10668 200
10669 173
10670 191
10671 179
10672 163
10673 174
10674 201
10675 192
10676 204
10677 157
10678 131
10679 106
10680 167
10681 183
10682 145
10683 136
10684 200
10685 206
10686 120
10687 197
10688 173
10689 254
10690 181
10691 177
10692 196
10693 141
10694 180
10695 171
10696 154
10697 187
10698 205
10699 98
10700 191
10701 238
10702 144
10703 251
10704 207
10705 151
10706 202
10707 104
10708 185
10709 206
10710 190
10711 198
10712 209
10713 115
10714 154
10715 228
10716 206
10717 184
10718 206
10719 101
10720 207
10721 176
10722 175
10723 202
10724 139
10725 185
10726 216
10727 156
10728 146
10729 143
10730 216
10731 161
10732 103
10733 127
10734 193
10735 251
10736 232
10737 200
10738 125
10739 213
10740 154
10741 146
10742 213
10743 191
10744 151
10745 112
10746 202
10747 104
10748 229
10749 209
10750 69
10751 183
10752 199
10753 223
10754 196
10755 229
10756 209
10757 186
10758 177
10759 223
10760 182
10761 208
10762 126
10763 182
10764 181
10765 217
10766 129
10767 198
10768 217
10769 143
10770 176
10771 209
10772 219
10773 120
10774 195
10775 154
10776 195
10777 209
10778 194
10779 160
10780 205
10781 163
10782 167
10783 233
10784 160
10785 218
10786 188
10787 202
10788 194
10789 218
10790 200
10791 144
10792 226
10793 149
10794 170
10795 231
10796 151
10797 220
10798 199
10799 216
10800 193
10801 193
10802 202
10803 124
10804 209
10805 272
10806 166
10807 190
10808 189
10809 210
10810 219
10811 156
10812 149
10813 223
10814 81
10815 188
10816 208
10817 226
10818 100
10819 166
10820 237
10821 185
10822 168
10823 138
10824 175
10825 205
10826 216
10827 134
10828 201
10829 66
10830 136
10831 158
10832 133
10833 169
10834 181
10835 192
10836 172
10837 233
10838 49
10839 158
10840 218
10841 156
10842 240
10843 212
10844 140
10845 233
10846 185
10847 165
10848 179
10849 195
10850 185
10851 201
10852 226
10853 101
10854 175
10855 0
10856 163
10857 176
10858 181
10859 202
10860 164
10861 187
10862 236
10863 196
10864 145
10865 176
10866 182
10867 206
10868 189
10869 230
10870 178
10871 199
10872 110
10873 207
10874 214
10875 194
10876 214
10877 198
10878 234
10879 186
10880 188
10881 174
10882 163
10883 149
10884 235
10885 215
10886 174
10887 202
10888 242
10889 165
10890 179
10891 209
10892 181
10893 186
10894 155
10895 215
10896 207
10897 191
10898 169
10899 186
10900 231
10901 142
10902 194
10903 161
10904 206
10905 230
10906 156
10907 179
10908 168
10909 207
10910 173
10911 174
10912 172
10913 192
10914 147
10915 246
10916 228
10917 180
10918 187
10919 82
10920 216
10921 204
10922 173
10923 143
10924 217
10925 101
10926 192
10927 197
10928 186
10929 150
10930 175
10931 197
10932 247
10933 210
10934 209
10935 165
10936 219
10937 233
10938 216
10939 199
10940 192
10941 188
10942 175
10943 139
10944 217
10945 91
10946 224
10947 188
10948 233
10949 214
10950 257
10951 193
10952 202
10953 149
10954 208
10955 197
10956 125
10957 90
10958 249
10959 195
10960 173
10961 215
10962 181
10963 211
10964 162
10965 199
10966 214
10967 231
10968 221
10969 75
10970 175
10971 215
10972 197
10973 183
10974 187
10975 172
10976 243
10977 159
10978 206
10979 151
10980 208
10981 170
10982 176
10983 233
10984 191
10985 178
10986 197
10987 228
10988 204
10989 183
10990 216
10991 115
10992 124
10993 225
10994 232
10995 226
10996 224
10997 200
10998 142
10999 178
11000 151
11001 164
11002 171
11003 206
11004 167
11005 211
11006 146
11007 161
11008 223
11009 196
11010 236
11011 156
11012 189
11013 167
11014 208
11015 202
11016 171
11017 182
11018 182
11019 136
11020 98
11021 167
11022 198
11023 219
11024 191
11025 230
11026 0
11027 177
11028 173
11029 192
11030 218
11031 167
11032 260
11033 202
11034 244
11035 133
11036 200
11037 210
11038 218
11039 126
11040 199
11041 196
11042 182
11043 1
11044 180
11045 99
11046 194
11047 155
11048 164
11049 176
11050 176
11051 160
11052 173
11053 205
11054 207
11055 107
11056 124
11057 217
11058 89
11059 183
11060 149
11061 172
11062 196
11063 175
11064 170
11065 213
11066 209
11067 181
11068 219
11069 256
11070 190
11071 163
11072 158
11073 206
11074 203
11075 202
11076 166
11077 178
11078 202
11079 224
11080 173
11081 205
11082 168
11083 230
11084 245
11085 152
11086 180
11087 183
11088 209
11089 166
11090 163
11091 174
11092 133
11093 221
11094 207
11095 185
11096 229
11097 226
11098 218
11099 198
11100 209
11101 229
11102 146
11103 203
11104 236
11105 173
11106 191
11107 141
11108 166
11109 240
11110 223
11111 25
11112 239
11113 159
11114 205
11115 214
11116 178
11117 162
11118 192
11119 211
11120 226
11121 205
11122 156
11123 248
11124 166
11125 170
11126 170
11127 177
11128 225
11129 137
11130 230
11131 203
11132 186
11133 211
11134 104
11135 223
11136 184
11137 230
11138 184
11139 177
11140 214
11141 198
11142 109
11143 182
11144 214
11145 179
11146 238
11147 216
11148 132
11149 194
11150 133
11151 207
11152 198
11153 137
11154 223
11155 205
11156 200
11157 188
11158 173
11159 152
11160 199
11161 107
11162 254
11163 181
11164 113
11165 194
11166 135
11167 245
11168 172
11169 201
11170 96
11171 155
11172 160
11173 93
11174 238
11175 137
11176 128
11177 155
11178 162
11179 205
11180 161
11181 141
11182 104
11183 241
11184 227
11185 207
11186 150
11187 187
11188 174
11189 177
11190 216
11191 102
11192 109
11193 241
11194 196
11195 220
11196 163
11197 230
11198 192
11199 166
11200 204
11201 151
11202 174
11203 159
11204 119
11205 146
11206 150
11207 130
11208 132
11209 223
11210 176
11211 250
11212 190
11213 123
11214 194
11215 224
11216 213
11217 201
11218 183
11219 144
11220 175
11221 201
11222 166
11223 90
11224 192
11225 94
11226 151
11227 185
11228 228
11229 174
11230 102
11231 212
11232 182
11233 204
11234 211
11235 175
11236 229
11237 207
11238 206
11239 132
11240 217
11241 88
11242 141
11243 122
11244 211
11245 216
11246 177
11247 164
11248 164
11249 198
11250 170
11251 83
11252 213
11253 164
11254 171
11255 255
11256 188
11257 119
11258 176
11259 175
11260 207
11261 186
11262 185
11263 215
11264 191
11265 219
11266 226
11267 174
11268 169
11269 186
11270 164
11271 186
11272 154
11273 170
11274 101
11275 215
11276 218
11277 214
11278 251
11279 238
11280 94
11281 144
11282 169
11283 195
11284 181
11285 212
11286 221
11287 204
11288 172
11289 155
11290 186
11291 161
11292 230
11293 184
11294 156
11295 193
11296 201
11297 247
11298 204
11299 226
11300 158
11301 168
11302 200
11303 177
11304 189
11305 94
11306 118
11307 183
11308 173
11309 154
11310 174
11311 204
11312 208
11313 145
11314 184
11315 208
11316 189
11317 116
11318 186
11319 132
11320 214
11321 171
11322 115
11323 182
11324 125
11325 222
11326 169
11327 210
11328 213
11329 172
11330 152
11331 200
11332 194
11333 147
11334 143
11335 172
11336 267
11337 147
11338 203
11339 186
11340 181
11341 70
11342 217
11343 182
11344 188
11345 144
11346 202
11347 177
11348 222
11349 173
11350 188
11351 178
11352 189
11353 153
11354 45
11355 250
11356 205
11357 126
11358 211
11359 204
11360 200
11361 193
11362 193
11363 189
11364 194
11365 181
11366 63
11367 136
11368 47
11369 189
11370 200
11371 234
11372 229
11373 181
11374 191
11375 239
11376 201
11377 197
11378 194
11379 121
11380 182
11381 108
11382 142
11383 166
11384 139
11385 80
11386 158
11387 212
11388 163
11389 173
11390 104
11391 172
11392 232
11393 213
11394 196
11395 205
11396 183
11397 175
11398 228
11399 195
11400 202
11401 49
11402 221
11403 223
11404 223
11405 205
11406 156
11407 239
11408 137
11409 201
11410 196
11411 195
11412 239
11413 205
11414 199
11415 202
11416 208
11417 226
11418 232
11419 177
11420 163
11421 174
11422 217
11423 156
11424 38
11425 164
11426 219
11427 164
11428 139
11429 190
11430 114
11431 202
11432 202
11433 74
11434 205
11435 206
11436 242
11437 175
11438 227
11439 190
11440 136
11441 195
11442 181
11443 236
11444 207
11445 94
11446 212
11447 181
11448 187
11449 204
11450 185
11451 230
11452 194
11453 167
11454 214
11455 108
11456 193
11457 191
11458 216
11459 225
11460 235
11461 186
11462 77
11463 215
11464 230
11465 173
11466 162
11467 217
11468 141
11469 190
11470 193
11471 208
11472 246
11473 226
11474 204
11475 158
11476 205
11477 156
11478 205
11479 212
11480 211
11481 177
11482 226
11483 147
11484 237
11485 153
11486 186
11487 179
11488 206
11489 198
11490 183
11491 212
11492 167
11493 185
11494 185
11495 179
11496 82
11497 205
11498 109
11499 189
11500 173
11501 187
11502 96
11503 139
11504 163
11505 197
11506 195
11507 200
11508 157
11509 229
11510 165
11511 235
11512 217
11513 174
11514 187
11515 204
11516 161
11517 199
11518 198
11519 182
11520 105
11521 195
11522 204
11523 111
11524 149
11525 117
11526 192
11527 192
11528 213
11529 247
11530 147
11531 200
11532 202
11533 190
11534 179
11535 220
11536 178
11537 166
11538 201
11539 209
11540 189
11541 184
11542 196
11543 89
11544 228
11545 153
11546 181
11547 153
11548 213
11549 220
11550 222
11551 206
11552 221
11553 212
11554 196
11555 179
11556 156
11557 170
11558 239
11559 195
11560 158
11561 172
11562 224
11563 78
11564 189
11565 176
11566 94
11567 235
11568 161
11569 178
11570 186
11571 212
11572 191
11573 122
11574 171
11575 146
11576 127
11577 94
11578 172
11579 237
11580 232
11581 195
11582 169
11583 193
11584 212
11585 193
11586 162
11587 188
11588 173
11589 211
11590 137
11591 217
11592 169
11593 172
11594 210
11595 195
11596 104
11597 180
11598 197
11599 237
11600 183
11601 174
11602 171
11603 245
11604 197
11605 225
11606 206
11607 210
11608 179
11609 179
11610 219
11611 66
11612 169
11613 213
11614 196
11615 204
11616 176
11617 195
11618 145
11619 200
11620 226
11621 94
11622 188
11623 227
11624 213
11625 239
11626 186
11627 225
11628 181
11629 204
11630 146
11631 183
11632 217
11633 150
11634 231
11635 170
11636 162
11637 218
11638 165
11639 196
11640 124
11641 166
11642 173
11643 132
11644 180
11645 181
11646 193
11647 185
11648 190
11649 197
11650 177
11651 191
11652 174
11653 200
11654 216
11655 189
11656 201
11657 232
11658 184
11659 209
11660 229
11661 257
11662 194
11663 229
11664 118
11665 243
11666 189
11667 199
11668 160
11669 277
11670 175
11671 157
11672 203
11673 212
11674 248
11675 186
11676 213
11677 207
11678 189
11679 191
11680 198
11681 173
11682 170
11683 164
11684 162
11685 96
11686 222
11687 149
11688 229
11689 125
11690 190
11691 176
11692 192
11693 187
11694 144
11695 183
11696 227
11697 221
11698 204
11699 204
11700 163
11701 197
11702 95
11703 157
11704 169
11705 137
11706 210
11707 210
11708 195
11709 216
11710 230
11711 191
11712 173
11713 178
11714 209
11715 204
11716 220
11717 209
11718 206
11719 215
11720 182
11721 190
11722 192
11723 233
11724 118
11725 235
11726 260
11727 234
11728 179
11729 216
11730 194
11731 181
11732 28
11733 189
11734 218
11735 226
11736 93
11737 201
11738 72
11739 182
11740 218
11741 143
11742 213
11743 208
11744 161
11745 176
11746 161
11747 167
11748 209
11749 184
11750 208
11751 190
11752 206
11753 201
11754 169
11755 160
11756 144
11757 177
11758 207
11759 167
11760 202
11761 161
11762 188
11763 213
11764 189
11765 223
11766 133
11767 152
11768 190
11769 198
11770 202
11771 212
11772 201
11773 238
11774 97
11775 209
11776 202
11777 182
11778 123
11779 229
11780 219
11781 189
11782 253
11783 121
11784 211
11785 213
11786 193
11787 216
11788 149
11789 136
11790 212
11791 180
11792 203
11793 162
11794 188
11795 201
11796 115
11797 183
11798 139
11799 215
11800 211
11801 175
11802 182
11803 209
11804 153
11805 229
11806 175
11807 71
11808 104
11809 169
11810 186
11811 0
11812 243
11813 176
11814 201
11815 222
11816 179
11817 176
11818 124
11819 178
11820 205
11821 201
11822 167
11823 236
11824 186
11825 193
11826 201
11827 207
11828 190
11829 193
11830 72
11831 160
11832 176
11833 154
11834 186
11835 163
11836 207
11837 203
11838 214
11839 233
11840 173
11841 158
11842 268
11843 227
11844 179
11845 117
11846 97
11847 0
11848 249
11849 199
11850 59
11851 185
11852 218
11853 230
11854 213
11855 137
11856 132
11857 173
11858 187
11859 169
11860 227
11861 204
11862 206
11863 127
11864 183
11865 218
11866 229
11867 180
11868 147
11869 187
11870 149
11871 208
11872 213
11873 129
11874 177
11875 188
11876 253
11877 146
11878 234
11879 152
11880 165
11881 168
11882 196
11883 223
11884 192
11885 206
11886 192
11887 218
11888 190
11889 206
11890 147
11891 205
11892 154
11893 189
11894 152
11895 147
11896 166
11897 158
11898 194
11899 206
11900 221
11901 224
11902 124
11903 81
11904 236
11905 215
11906 210
11907 169
11908 179
11909 201
11910 206
11911 93
11912 202
11913 193
11914 205
11915 195
11916 243
11917 186
11918 223
11919 201
11920 208
11921 152
11922 160
11923 220
11924 154
11925 240
11926 186
11927 228
11928 243
11929 165
11930 267
11931 159
11932 172
11933 172
11934 95
11935 119
11936 218
11937 157
11938 169
11939 163
11940 136
11941 183
11942 232
11943 182
11944 177
11945 234
11946 161
11947 97
11948 235
11949 248
11950 200
11951 156
11952 213
11953 145
11954 232
11955 224
11956 216
11957 184
11958 202
11959 106
11960 229
11961 215
11962 166
11963 212
11964 214
11965 205
11966 159
11967 164
11968 185
11969 160
11970 229
11971 182
11972 212
11973 186
11974 178
11975 211
11976 215
11977 193
11978 173
11979 173
11980 231
11981 201
11982 190
11983 220
11984 200
11985 111
11986 158
11987 118
11988 156
11989 167
11990 169
11991 143
11992 184
11993 123
11994 149
11995 149
11996 224
11997 176
11998 196
11999 128
12000 157
12001 185
12002 174
12003 191
12004 144
12005 188
12006 186
12007 220
12008 174
12009 201
12010 175
12011 167
12012 110
12013 197
12014 197
12015 210
12016 200
12017 161
12018 199
12019 146
12020 180
12021 216
12022 118
12023 194
12024 233
12025 90
12026 171
12027 145
12028 218
12029 223
12030 173
12031 64
12032 241
12033 157
12034 172
12035 179
12036 197
12037 239
12038 153
12039 207
12040 259
12041 228
12042 186
12043 207
12044 138
12045 214
12046 110
12047 207
12048 181
12049 105
12050 96
12051 211
12052 194
12053 172
12054 189
12055 218
12056 258
12057 137
12058 144
12059 155
12060 191
12061 206
12062 194
12063 258
12064 180
12065 134
12066 231
12067 97
12068 187
12069 197
12070 198
12071 233
12072 201
12073 147
12074 209
12075 174
12076 186
12077 230
12078 215
12079 198
12080 107
12081 185
12082 206
12083 151
12084 193
12085 206
12086 199
12087 192
12088 183
12089 182
12090 165
12091 183
12092 85
12093 167
12094 89
12095 88
12096 127
12097 161
12098 89
12099 238
12100 187
12101 111
12102 226
12103 199
12104 200
12105 250
12106 168
12107 199
12108 179
12109 177
12110 174
12111 161
12112 157
12113 197
12114 211
12115 232
12116 260
12117 119
12118 200
12119 165
12120 152
12121 161
12122 204
12123 207
12124 150
12125 209
12126 184
12127 218
12128 202
12129 170
12130 163
12131 257
12132 225
12133 184
12134 223
12135 173
12136 210
12137 219
12138 210
12139 198
12140 191
12141 185
12142 121
12143 243
12144 117
12145 192
12146 180
12147 188
12148 231
12149 87
12150 190
12151 82
12152 169
12153 243
12154 191
12155 202
12156 149
12157 194
12158 113
12159 170
12160 131
12161 218
12162 181
12163 193
12164 189
12165 85
12166 205
12167 170
12168 153
12169 204
12170 133
12171 224
12172 113
12173 215
12174 174
12175 259
12176 188
12177 238
12178 180
12179 123
12180 186
12181 84
12182 216
12183 219
12184 140
12185 188
12186 162
12187 202
12188 213
12189 170
12190 166
12191 211
12192 206
12193 177
12194 213
12195 155
12196 188
12197 192
12198 180
12199 191
12200 218
12201 199
12202 205
12203 179
12204 74
12205 204
12206 157
12207 204
12208 210
12209 200
12210 197
12211 174
12212 217
12213 174
12214 218
12215 210
12216 171
12217 169
12218 201
12219 246
12220 232
12221 90
12222 174
12223 205
12224 183
12225 152
12226 123
12227 253
12228 239
12229 148
12230 182
12231 119
12232 191
12233 213
12234 163
12235 194
12236 232
12237 232
12238 161
12239 214
12240 184
12241 137
12242 164
12243 147
12244 190
12245 238
12246 209
12247 231
12248 184
12249 193
12250 186
12251 174
12252 141
12253 202
12254 234
12255 224
12256 199
12257 200
12258 150
12259 195
12260 213
12261 180
12262 204
12263 179
12264 208
12265 101
12266 194
12267 191
12268 231
12269 167
12270 190
12271 161
12272 153
12273 186
12274 194
12275 198
12276 134
12277 201
12278 216
12279 177
12280 215
12281 139
12282 192
12283 164
12284 208
12285 226
12286 219
12287 199
12288 145
12289 204
12290 208
12291 145
12292 126
12293 92
12294 185
12295 201
12296 184
12297 201
12298 173
12299 188
12300 162
12301 186
12302 215
12303 170
12304 195
12305 230
12306 236
12307 163
12308 200
12309 192
12310 205
12311 176
12312 202
12313 219
12314 124
12315 152
12316 116
12317 172
12318 148
12319 194
12320 152
12321 188
12322 198
12323 168
12324 222
12325 213
12326 204
12327 187
12328 237
12329 179
12330 183
12331 184
12332 170
12333 220
12334 217
12335 94
12336 196
12337 132
12338 225
12339 193
12340 184
12341 210
12342 231
12343 177
12344 175
12345 174
12346 193
12347 163
12348 203
12349 231
12350 206
12351 166
12352 188
12353 171
12354 188
12355 150
12356 166
12357 219
12358 111
12359 171
12360 185
12361 220
12362 188
12363 212
12364 169
12365 154
12366 216
12367 113
12368 225
12369 192
12370 181
12371 192
12372 203
12373 193
12374 181
12375 192
12376 122
12377 182
12378 144
12379 191
12380 165
12381 169
12382 176
12383 214
12384 198
12385 164
12386 203
12387 222
12388 183
12389 241
12390 171
12391 158
12392 187
12393 90
12394 213
12395 220
12396 179
12397 188
12398 240
12399 181
12400 159
12401 97
12402 177
12403 142
12404 172
12405 189
12406 117
12407 182
12408 176
12409 187
12410 83
12411 177
12412 148
12413 152
12414 92
12415 217
12416 243
12417 197
12418 240
12419 166
12420 216
12421 185
12422 171
12423 176
12424 211
12425 190
12426 200
12427 184
12428 125
12429 208
12430 146
12431 211
12432 179
12433 216
12434 208
12435 168
12436 222
12437 127
12438 186
12439 214
12440 168
12441 195
12442 183
12443 184
12444 220
12445 185
12446 131
12447 161
12448 187
12449 188
12450 163
12451 167
12452 202
12453 170
12454 186
12455 211
12456 152
12457 166
12458 175
12459 212
12460 245
12461 179
12462 219
12463 172
12464 163
12465 126
12466 184
12467 220
12468 225
12469 140
12470 190
12471 193
12472 224
12473 108
12474 214
12475 189
12476 198
12477 205
12478 197
12479 193
12480 188
12481 226
12482 138
12483 230
12484 217
12485 202
12486 204
12487 146
12488 213
12489 204
12490 183
12491 208
12492 166
12493 176
12494 191
12495 138
12496 205
12497 92
12498 120
12499 186
12500 147
12501 177
12502 97
12503 206
12504 194
12505 203
12506 124
12507 235
12508 181
12509 199
12510 181
12511 176
12512 160
12513 157
12514 210
12515 148
12516 172
12517 181
12518 217
12519 206
12520 170
12521 191
12522 201
12523 166
12524 200
12525 221
12526 216
12527 198
12528 216
12529 150
12530 232
12531 93
12532 160
12533 206
12534 206
12535 156
12536 172
12537 175
12538 235
12539 208
12540 233
12541 144
12542 215
12543 204
12544 161
12545 159
12546 234
12547 215
12548 194
12549 188
12550 168
12551 203
12552 153
12553 186
12554 184
12555 222
12556 181
12557 212
12558 145
12559 212
12560 151
12561 162
12562 215
12563 222
12564 161
12565 200
12566 219
12567 198
12568 178
12569 159
12570 170
12571 171
12572 184
12573 212
12574 165
12575 200
12576 227
12577 212
12578 127
12579 217
12580 178
12581 219
12582 193
12583 233
12584 188
12585 212
12586 171
12587 171
12588 82
12589 92
12590 193
12591 205
12592 169
12593 131
12594 182
12595 101
12596 180
12597 179
12598 202
12599 220
12600 168
12601 158
12602 223
12603 195
12604 173
12605 203
12606 201
12607 180
12608 135
12609 144
12610 207
12611 184
12612 168
12613 192
12614 156
12615 143
12616 166
12617 186
12618 198
12619 149
12620 191
12621 74
12622 230
12623 176
12624 170
12625 209
12626 210
12627 197
12628 197
12629 191
12630 185
12631 205
12632 228
12633 222
12634 187
12635 174
12636 220
12637 171
12638 220
12639 131
12640 186
12641 195
12642 178
12643 163
12644 222
12645 190
12646 220
12647 171
12648 190
12649 193
12650 166
12651 196
12652 178
12653 189
12654 98
12655 229
12656 184
12657 159
12658 213
12659 245
12660 208
12661 190
12662 186
12663 197
12664 184
12665 153
12666 182
12667 232
12668 204
12669 119
12670 134
12671 165
12672 189
12673 163
12674 200
12675 196
12676 191
12677 182
12678 0
12679 164
12680 207
12681 212
12682 126
12683 215
12684 182
12685 169
12686 203
12687 231
12688 203
12689 224
12690 170
12691 219
12692 202
12693 213
12694 220
12695 182
12696 219
12697 244
12698 165
12699 165
12700 169
12701 207
12702 178
12703 189
12704 198
12705 192
12706 234
12707 226
12708 192
12709 137
12710 153
12711 80
12712 198
12713 127
12714 155
12715 199
12716 189
12717 119
12718 215
12719 164
12720 244
12721 218
12722 151
12723 173
12724 186
12725 98
12726 207
12727 178
12728 193
12729 146
12730 221
12731 177
12732 209
12733 210
12734 185
12735 132
12736 192
12737 234
12738 196
12739 180
12740 196
12741 177
12742 189
12743 229
12744 217
12745 180
12746 151
12747 178
12748 196
12749 221
12750 235
12751 190
12752 234
12753 129
12754 185
12755 207
12756 108
12757 224
12758 182
12759 153
12760 182
12761 218
12762 115
12763 200
12764 224
12765 232
12766 210
12767 216
12768 105
12769 211
12770 160
12771 236
12772 212
12773 216
12774 128
12775 156
12776 127
12777 211
12778 75
12779 218
12780 173
12781 69
12782 252
12783 199
12784 212
12785 114
12786 189
12787 145
12788 194
12789 177
12790 163
12791 94
12792 225
12793 134
12794 182
12795 220
12796 179
12797 163
12798 196
12799 208
12800 153
12801 191
12802 170
12803 164
12804 210
12805 155
12806 203
12807 189
12808 196
12809 182
12810 230
12811 189
12812 142
12813 216
12814 185
12815 215
12816 201
12817 213
12818 180
12819 77
12820 203
12821 87
12822 157
12823 205
12824 157
12825 170
12826 169
12827 209
12828 215
12829 202
12830 243
12831 133
12832 86
12833 178
12834 162
12835 174
12836 243
12837 157
12838 194
12839 194
12840 215
12841 128
12842 163
12843 185
12844 207
12845 113
12846 237
12847 187
12848 199
12849 218
12850 101
12851 125
12852 189
12853 217
12854 192
12855 147
12856 130
12857 225
12858 149
12859 176
12860 201
12861 125
12862 167
12863 199
12864 61
12865 240
12866 198
12867 83
12868 214
12869 205
12870 199
12871 204
12872 212
12873 209
12874 164
12875 221
12876 181
12877 87
12878 149
12879 162
12880 204
12881 196
12882 213
12883 195
12884 169
12885 197
12886 193
12887 177
12888 123
12889 210
12890 65
12891 159
12892 194
12893 240
12894 123
12895 74
12896 86
12897 223
12898 185
12899 192
12900 206
12901 171
12902 157
12903 213
12904 205
12905 178
12906 161
12907 164
12908 156
12909 197
12910 221
12911 146
12912 192
12913 197
12914 195
12915 182
12916 216
12917 140
12918 221
12919 234
12920 218
12921 192
12922 218
12923 180
12924 154
12925 179
12926 199
12927 217
12928 195
12929 162
12930 214
12931 213
12932 194
12933 226
12934 178
12935 230
12936 124
12937 128
12938 194
12939 217
12940 206
12941 202
12942 153
12943 220
12944 198
12945 203
12946 225
12947 172
12948 159
12949 210
12950 240
12951 222
12952 217
12953 218
12954 200
12955 101
12956 211
12957 196
12958 204
12959 185
12960 236
12961 181
12962 191
12963 160
12964 194
12965 242
12966 182
12967 154
12968 204
12969 178
12970 214
12971 199
12972 255
12973 229
12974 163
12975 219
12976 139
12977 116
12978 176
12979 173
12980 170
12981 221
12982 181
12983 147
12984 207
12985 181
12986 171
12987 178
12988 183
12989 197
12990 241
12991 211
12992 223
12993 172
12994 218
12995 215
12996 202
12997 202
12998 216
12999 221
13000 164
13001 181
13002 177
13003 209
13004 201
13005 200
13006 197
13007 240
13008 225
13009 168
13010 207
13011 228
13012 187
13013 151
13014 220
13015 172
13016 196
13017 223
13018 219
13019 207
13020 226
13021 174
13022 258
13023 143
13024 50
13025 211
13026 153
13027 211
13028 182
13029 217
13030 177
13031 188
13032 198
13033 118
13034 135
13035 203
13036 216
13037 175
13038 218
13039 176
13040 163
13041 173
13042 192
13043 220
13044 166
13045 250
13046 146
13047 122
13048 208
13049 215
13050 179
13051 211
13052 194
13053 212
13054 177
13055 124
13056 113
13057 185
13058 179
13059 202
13060 213
13061 107
13062 174
13063 206
13064 178
13065 214
13066 235
13067 174
13068 178
13069 195
13070 194
13071 187
13072 177
13073 179
13074 212
13075 192
13076 217
13077 170
13078 178
13079 197
13080 211
13081 217
13082 190
13083 220
13084 189
13085 190
13086 170
13087 231
13088 178
13089 206
13090 139
13091 179
13092 207
13093 46
13094 140
13095 212
13096 196
13097 152
13098 183
13099 232
13100 223
13101 106
13102 203
13103 215
13104 186
13105 227
13106 162
13107 136
13108 201
13109 191
13110 190
13111 173
13112 183
13113 201
13114 130
13115 170
13116 220
13117 189
13118 207
13119 221
13120 201
13121 180
13122 212
13123 182
13124 204
13125 218
13126 210
13127 214
13128 234
13129 191
13130 242
13131 4
13132 179
13133 159
13134 141
13135 151
13136 189
13137 192
13138 160
13139 240
13140 178
13141 230
13142 206
13143 198
13144 182
13145 231
13146 213
13147 217
13148 192
13149 190
13150 194
13151 164
13152 151
13153 164
13154 224
13155 102
13156 191
13157 192
13158 231
13159 211
13160 215
13161 204
13162 180
13163 217
13164 139
13165 165
13166 170
13167 219
13168 195
13169 116
13170 198
13171 130
13172 181
13173 139
13174 117
13175 226
13176 247
13177 166
13178 91
13179 162
13180 85
13181 212
13182 197
13183 136
13184 204
13185 160
13186 227
13187 187
13188 145
13189 166
13190 181
13191 173
13192 231
13193 202
13194 202
13195 83
13196 219
13197 198
13198 198
13199 110
13200 182
13201 206
13202 163
13203 165
13204 169
13205 221
13206 249
13207 197
13208 149
13209 218
13210 232
13211 177
13212 191
13213 196
13214 202
13215 229
13216 203
13217 214
13218 187
13219 161
13220 85
13221 189
13222 171
13223 171
13224 181
13225 254
13226 206
13227 201
13228 151
13229 146
13230 178
13231 198
13232 132
13233 215
13234 173
13235 166
13236 149
13237 189
13238 232
13239 229
13240 169
13241 180
13242 227
13243 168
13244 200
13245 121
13246 206
13247 252
13248 134
13249 155
13250 168
13251 100
13252 142
13253 173
13254 219
13255 176
13256 223
13257 153
13258 236
13259 164
13260 219
13261 180
13262 96
13263 221
13264 199
13265 199
13266 120
13267 201
13268 202
13269 221
13270 230
13271 207
13272 197
13273 214
13274 163
13275 200
13276 229
13277 191
13278 58
13279 179
13280 219
13281 211
13282 159
13283 195
13284 167
13285 197
13286 115
13287 204
13288 187
13289 213
13290 200
13291 161
13292 206
13293 202
13294 240
13295 170
13296 191
13297 177
13298 210
13299 212
13300 241
13301 96
13302 127
13303 183
13304 141
13305 195
13306 222
13307 223
13308 222
13309 40
13310 157
13311 198
13312 185
13313 169
13314 163
13315 194
13316 231
13317 137
13318 182
13319 133
13320 157
13321 174
13322 173
13323 209
13324 233
13325 193
13326 143
13327 160
13328 73
13329 158
13330 204
13331 195
13332 201
13333 212
13334 148
13335 183
13336 91
13337 189
13338 214
13339 114
13340 202
13341 160
13342 201
13343 96
13344 159
13345 156
13346 138
13347 191
13348 41
13349 117
13350 192
13351 208
13352 113
13353 92
13354 170
13355 144
13356 170
13357 175
13358 203
13359 160
13360 153
13361 176
13362 188
13363 179
13364 166
13365 183
13366 179
13367 218
13368 205
13369 158
13370 190
13371 223
13372 162
13373 204
13374 175
13375 155
13376 133
13377 127
13378 116
13379 123
13380 189
13381 200
13382 210
13383 165
13384 183
13385 199
13386 171
13387 191
13388 204
13389 207
13390 229
13391 134
13392 179
13393 203
13394 198
13395 208
13396 216
13397 198
13398 195
13399 167
13400 165
13401 203
13402 69
13403 164
13404 99
13405 200
13406 211
13407 204
13408 162
13409 154
13410 173
13411 172
13412 188
13413 220
13414 208
13415 186
13416 195
13417 245
13418 215
13419 186
13420 125
13421 223
13422 192
13423 114
13424 152
13425 219
13426 220
13427 210
13428 243
13429 179
13430 185
13431 189
13432 201
13433 174
13434 225
13435 181
13436 226
13437 157
13438 197
13439 174
13440 132
13441 146
13442 234
13443 171
13444 189
13445 182
13446 178
13447 214
13448 162
13449 203
13450 253
13451 238
13452 171
13453 202
13454 185
13455 195
13456 194
13457 211
13458 196
13459 187
13460 188
13461 211
13462 185
13463 174
13464 152
13465 273
13466 183
13467 109
13468 210
13469 190
13470 175
13471 218
13472 203
13473 242
13474 206
13475 137
13476 146
13477 192
13478 156
13479 197
13480 197
13481 151
13482 206
13483 189
13484 219
13485 229
13486 191
13487 186
13488 114
13489 155
13490 174
13491 203
13492 218
13493 217
13494 203
13495 162
13496 222
13497 205
13498 158
13499 211
13500 193
13501 164
13502 228
13503 229
13504 198
13505 153
13506 188
13507 107
13508 200
13509 219
13510 196
13511 176
13512 183
13513 207
13514 162
13515 141
13516 160
13517 193
13518 113
13519 193
13520 215
13521 208
13522 175
13523 200
13524 193
13525 209
13526 201
13527 216
13528 190
13529 206
13530 185
13531 220
13532 140
13533 209
13534 190
13535 160
13536 146
13537 168
13538 213
13539 108
13540 173
13541 204
13542 167
13543 122
13544 167
13545 99
13546 211
13547 195
13548 189
13549 187
13550 168
13551 184
13552 190
13553 186
13554 211
13555 200
13556 221
13557 209
13558 190
13559 183
13560 152
13561 179
13562 239
13563 177
13564 193
13565 207
13566 207
13567 177
13568 137
13569 174
13570 158
13571 145
13572 157
13573 166
13574 212
13575 193
13576 238
13577 199
13578 197
13579 219
13580 190
13581 236
13582 191
13583 207
13584 193
13585 201
13586 168
13587 212
13588 156
13589 222
13590 161
13591 179
13592 142
13593 149
13594 216
13595 105
13596 188
13597 192
13598 197
13599 205
13600 224
13601 211
13602 181
13603 219
13604 185
13605 192
13606 205
13607 141
13608 176
13609 184
13610 205
13611 200
13612 221
13613 210
13614 206
13615 188
13616 167
13617 87
13618 82
13619 189
13620 162
13621 115
13622 182
13623 146
13624 178
13625 248
13626 186
13627 176
13628 200
13629 165
13630 171
13631 230
13632 222
13633 228
13634 195
13635 189
13636 176
13637 170
13638 156
13639 206
13640 159
13641 209
13642 193
13643 183
13644 186
13645 220
13646 76
13647 176
13648 208
13649 183
13650 73
13651 216
13652 236
13653 200
13654 186
13655 172
13656 174
13657 166
13658 206
13659 188
13660 196
13661 159
13662 198
13663 244
13664 202
13665 211
13666 216
13667 191
13668 181
13669 193
13670 95
13671 210
13672 223
13673 215
13674 190
13675 204
13676 193
13677 210
13678 216
13679 218
13680 195
13681 237
13682 226
13683 193
13684 151
13685 181
13686 217
13687 190
13688 203
13689 162
13690 166
13691 82
13692 194
13693 151
13694 211
13695 130
13696 189
13697 239
13698 199
13699 188
13700 181
13701 143
13702 111
13703 130
13704 169
13705 193
13706 138
13707 218
13708 200
13709 204
13710 155
13711 170
13712 195
13713 164
13714 185
13715 159
13716 174
13717 195
13718 232
13719 170
13720 134
13721 106
13722 161
13723 210
13724 183
13725 151
13726 219
13727 168
13728 232
13729 164
13730 163
13731 88
13732 199
13733 158
13734 208
13735 131
13736 186
13737 146
13738 213
13739 173
13740 197
13741 203
13742 132
13743 255
13744 188
13745 238
13746 201
13747 211
13748 187
13749 176
13750 201
13751 174
13752 205
13753 194
13754 183
13755 214
13756 180
13757 197
13758 223
13759 230
13760 228
13761 191
13762 130
13763 189
13764 219
13765 186
13766 161
13767 215
13768 235
13769 77
13770 184
13771 137
13772 214
13773 160
13774 200
13775 208
13776 173
13777 199
13778 177
13779 151
13780 170
13781 192
13782 155
13783 218
13784 268
13785 179
13786 162
13787 185
13788 190
13789 163
13790 176
13791 167
13792 173
13793 190
13794 258
13795 202
13796 213
13797 86
13798 189
13799 220
13800 224
13801 143
13802 189
13803 209
13804 81
13805 212
13806 212
13807 116
13808 151
13809 201
13810 161
13811 185
13812 162
13813 86
13814 75
13815 144
13816 185
13817 233
13818 200
13819 188
13820 249
13821 168
13822 216
13823 192
13824 172
13825 162
13826 210
13827 226
13828 190
13829 183
13830 171
13831 123
13832 150
13833 97
13834 166
13835 185
13836 186
13837 153
13838 115
13839 176
13840 175
13841 140
13842 138
13843 254
13844 162
13845 216
13846 179
13847 167
13848 199
13849 174
13850 209
13851 146
13852 224
13853 203
13854 221
13855 196
13856 236
13857 134
13858 132
13859 179
13860 164
13861 223
13862 227
13863 240
13864 196
13865 173
13866 91
13867 211
13868 170
13869 223
13870 168
13871 101
13872 122
13873 89
13874 127
13875 177
13876 126
13877 164
13878 167
13879 179
13880 176
13881 96
13882 189
13883 169
13884 208
13885 187
13886 122
13887 237
13888 213
13889 200
13890 165
13891 67
13892 144
13893 173
13894 224
13895 210
13896 187
13897 215
13898 143
13899 203
13900 153
13901 163
13902 191
13903 112
13904 122
13905 116
13906 214
13907 214
13908 229
13909 113
13910 172
13911 171
13912 181
13913 210
13914 186
13915 236
13916 143
13917 190
13918 224
13919 100
13920 176
13921 147
13922 237
13923 187
13924 173
13925 204
13926 177
13927 166
13928 238
13929 198
13930 88
13931 97
13932 234
13933 215
13934 186
13935 146
13936 113
13937 120
13938 194
13939 211
13940 167
13941 194
13942 220
13943 179
13944 191
13945 173
13946 137
13947 189
13948 201
13949 194
13950 185
13951 198
13952 199
13953 236
13954 100
13955 138
13956 192
13957 152
13958 190
13959 204
13960 97
13961 197
13962 212
13963 213
13964 218
13965 172
13966 187
13967 168
13968 108
13969 188
13970 196
13971 191
13972 140
13973 81
13974 197
13975 200
13976 238
13977 203
13978 167
13979 208
13980 194
13981 212
13982 162
13983 184
13984 204
13985 218
13986 200
13987 127
13988 200
13989 199
13990 163
13991 162
13992 198
13993 214
13994 175
13995 201
13996 151
13997 176
13998 199
13999 101
14000 228
14001 220
14002 146
14003 236
14004 166
14005 167
14006 237
14007 197
14008 182
14009 193
14010 221
14011 176
14012 217
14013 116
14014 217
14015 175
14016 136
14017 212
14018 223
14019 203
14020 161
14021 137
14022 200
14023 140
14024 160
14025 193
14026 195
14027 195
14028 149
14029 182
14030 239
14031 207
14032 191
14033 204
14034 220
14035 219
14036 189
14037 244
14038 214
14039 220
14040 166
14041 244
14042 235
14043 107
14044 173
14045 171
14046 196
14047 171
14048 177
14049 138
14050 171
14051 213
14052 143
14053 196
14054 204
14055 194
14056 147
14057 199
14058 216
14059 196
14060 182
14061 216
14062 212
14063 182
14064 189
14065 182
14066 204
14067 219
14068 172
14069 160
14070 191
14071 206
14072 214
14073 196
14074 215
14075 192
14076 144
14077 184
14078 188
14079 131
14080 85
14081 145
14082 212
14083 207
14084 209
14085 216
14086 234
14087 184
14088 220
14089 209
14090 202
14091 173
14092 156
14093 215
14094 118
14095 209
14096 100
14097 207
14098 206
14099 137
14100 241
14101 138
14102 211
14103 212
14104 177
14105 177
14106 177
14107 86
14108 99
14109 144
14110 122
14111 211
14112 228
14113 162
14114 146
14115 86
14116 117
14117 131
14118 196
14119 243
14120 229
14121 161
14122 172
14123 233
14124 170
14125 202
14126 216
14127 218
14128 214
14129 127
14130 129
14131 211
14132 201
14133 187
14134 148
14135 156
14136 223
14137 175
14138 214
14139 199
14140 107
14141 112
14142 228
14143 216
14144 185
14145 218
14146 216
14147 129
14148 252
14149 206
14150 188
14151 211
14152 85
14153 216
14154 234
14155 213
14156 202
14157 209
14158 241
14159 166
14160 196
14161 197
14162 199
14163 205
14164 205
14165 218
14166 145
14167 120
14168 208
14169 50
14170 109
14171 246
14172 249
14173 158
14174 207
14175 193
14176 194
14177 167
14178 185
14179 163
14180 66
14181 205
14182 230
14183 183
14184 126
14185 218
14186 94
14187 210
14188 180
14189 192
14190 191
14191 199
14192 133
14193 164
14194 140
14195 197
14196 218
14197 219
14198 180
14199 77
14200 212
14201 218
14202 189
14203 232
14204 129
14205 219
14206 216
14207 175
14208 189
14209 144
14210 239
14211 239
14212 210
14213 216
14214 194
14215 180
14216 181
14217 191
14218 164
14219 189
14220 111
14221 187
14222 172
14223 92
14224 183
14225 208
14226 198
14227 197
14228 199
14229 108
14230 197
14231 257
14232 178
14233 227
14234 192
14235 170
14236 127
14237 195
14238 214
14239 176
14240 203
14241 204
14242 227
14243 184
14244 213
14245 85
14246 205
14247 185
14248 190
14249 190
14250 206
14251 171
14252 202
14253 184
14254 220
14255 184
14256 141
14257 164
14258 133
14259 170
14260 210
14261 246
14262 225
14263 173
14264 225
14265 187
14266 143
14267 154
14268 178
14269 182
14270 93
14271 221
14272 220
14273 180
14274 195
14275 213
14276 225
14277 182
14278 234
14279 228
14280 167
14281 212
14282 196
14283 193
14284 65
14285 96
14286 18
14287 174
14288 186
14289 219
14290 171
14291 200
14292 155
14293 187
14294 190
14295 126
14296 177
14297 189
14298 95
14299 123
14300 187
14301 203
14302 209
14303 169
14304 190
14305 158
14306 154
14307 207
14308 183
14309 172
14310 188
14311 192
14312 185
14313 153
14314 197
14315 180
14316 255
14317 223
14318 225
14319 196
14320 190
14321 221
14322 95
14323 90
14324 191
14325 236
14326 148
14327 105
14328 87
14329 200
14330 186
14331 220
14332 192
14333 194
14334 225
14335 198
14336 202
14337 100
14338 186
14339 223
14340 227
14341 151
14342 231
14343 254
14344 211
14345 154
14346 174
14347 223
14348 108
14349 203
14350 207
14351 196
14352 223
14353 180
14354 170
14355 94
14356 231
14357 180
14358 166
14359 219
14360 198
14361 236
14362 207
14363 202
14364 202
14365 140
14366 178
14367 167
14368 178
14369 186
14370 180
14371 163
14372 152
14373 261
14374 218
14375 195
14376 175
14377 177
14378 197
14379 194
14380 223
14381 208
14382 147
14383 75
14384 221
14385 213
14386 232
14387 170
14388 205
14389 176
14390 164
14391 173
14392 180
14393 222
14394 220
14395 225
14396 102
14397 200
14398 167
14399 106
14400 199
14401 207
14402 184
14403 136
14404 125
14405 225
14406 135
14407 178
14408 129
14409 142
14410 82
14411 209
14412 155
14413 162
14414 160
14415 209
14416 166
14417 168
14418 186
14419 163
14420 174
14421 210
14422 24
14423 197
14424 177
14425 201
14426 160
14427 164
14428 212
14429 223
14430 195
14431 174
14432 225
14433 227
14434 227
14435 126
14436 183
14437 186
14438 160
14439 201
14440 194
14441 162
14442 202
14443 189
14444 157
14445 184
14446 176
14447 175
14448 168
14449 223
14450 248
14451 189
14452 212
14453 132
14454 172
14455 211
14456 208
14457 183
14458 120
14459 166
14460 160
14461 216
14462 215
14463 200
14464 163
14465 156
14466 157
14467 205
14468 177
14469 196
14470 165
14471 193
14472 189
14473 141
14474 164
14475 214
14476 193
14477 229
14478 214
14479 221
14480 221
14481 124
14482 169
14483 140
14484 117
14485 174
14486 206
14487 171
14488 204
14489 94
14490 133
14491 143
14492 124
14493 181
14494 147
14495 203
14496 175
14497 128
14498 197
14499 182
14500 83
14501 229
14502 205
14503 180
14504 228
14505 195
14506 146
14507 226
14508 220
14509 169
14510 150
14511 190
14512 171
14513 240
14514 190
14515 202
14516 198
14517 186
14518 167
14519 93
14520 199
14521 169
14522 94
14523 197
14524 168
14525 170
14526 155
14527 209
14528 101
14529 207
14530 103
14531 189
14532 132
14533 131
14534 132
14535 214
14536 230
14537 179
14538 165
14539 201
14540 177
14541 236
14542 96
14543 184
14544 201
14545 146
14546 146
14547 211
14548 202
14549 201
14550 216
14551 156
14552 207
14553 167
14554 206
14555 153
14556 213
14557 211
14558 201
14559 223
14560 247
14561 173
14562 177
14563 204
14564 230
14565 177
14566 175
14567 197
14568 177
14569 207
14570 180
14571 176
14572 204
14573 201
14574 214
14575 195
14576 238
14577 213
14578 204
14579 177
14580 219
14581 219
14582 120
14583 151
14584 231
14585 106
14586 209
14587 204
14588 200
14589 206
14590 148
14591 163
14592 213
14593 191
14594 167
14595 244
14596 195
14597 146
14598 187
14599 212
14600 210
14601 150
14602 204
14603 194
14604 209
14605 166
14606 200
14607 165
14608 138
14609 174
14610 186
14611 216
14612 173
14613 235
14614 190
14615 180
14616 202
14617 215
14618 178
14619 201
14620 150
14621 227
14622 194
14623 226
14624 182
14625 168
14626 161
14627 226
14628 151
14629 88
14630 163
14631 247
14632 107
14633 171
14634 183
14635 161
14636 175
14637 192
14638 189
14639 192
14640 213
14641 278
14642 202
14643 162
14644 177
14645 225
14646 187
14647 206
14648 211
14649 179
14650 185
14651 160
14652 182
14653 195
14654 195
14655 152
14656 202
14657 205
14658 157
14659 211
14660 187
14661 198
14662 231
14663 242
14664 188
14665 214
14666 160
14667 137
14668 184
14669 205
14670 201
14671 110
14672 209
14673 152
14674 213
14675 185
14676 177
14677 185
14678 208
14679 140
14680 192
14681 99
14682 173
14683 115
14684 218
14685 199
14686 212
14687 216
14688 134
14689 182
14690 178
14691 184
14692 199
14693 101
14694 208
14695 160
14696 212
14697 204
14698 179
14699 182
14700 203
14701 33
14702 211
14703 222
14704 146
14705 235
14706 163
14707 172
14708 206
14709 159
14710 170
14711 231
14712 211
14713 174
14714 142
14715 188
14716 223
14717 171
14718 209
14719 216
14720 96
14721 182
14722 155
14723 185
14724 158
14725 243
14726 210
14727 202
14728 198
14729 217
14730 161
14731 211
14732 242
14733 172
14734 189
14735 201
14736 203
14737 183
14738 189
14739 190
14740 188
14741 213
14742 220
14743 216
14744 200
14745 133
14746 203
14747 149
14748 188
14749 121
14750 120
14751 178
14752 171
14753 203
14754 216
14755 223
14756 183
14757 166
14758 197
14759 187
14760 221
14761 89
14762 169
14763 198
14764 229
14765 182
14766 211
14767 203
14768 157
14769 205
14770 161
14771 151
14772 248
14773 221
14774 199
14775 99
14776 205
14777 131
14778 182
14779 188
14780 170
14781 161
14782 62
14783 235
14784 131
14785 171
14786 158
14787 195
14788 185
14789 227
14790 198
14791 206
14792 186
14793 195
14794 185
14795 186
14796 119
14797 101
14798 214
14799 171
14800 188
14801 238
14802 205
14803 197
14804 210
14805 236
14806 155
14807 262
14808 199
14809 103
14810 208
14811 204
14812 165
14813 197
14814 196
14815 190
14816 99
14817 237
14818 225
14819 112
14820 186
14821 214
14822 192
14823 197
14824 222
14825 207
14826 187
14827 162
14828 207
14829 149
14830 179
14831 177
14832 173
14833 175
14834 168
14835 209
14836 207
14837 192
14838 192
14839 210
14840 163
14841 247
14842 187
14843 192
14844 165
14845 215
14846 222
14847 210
14848 167
14849 218
14850 127
14851 183
14852 200
14853 264
14854 229
14855 179
14856 191
14857 226
14858 244
14859 180
14860 175
14861 192
14862 236
14863 173
14864 166
14865 218
14866 185
14867 132
14868 163
14869 118
14870 168
14871 211
14872 216
14873 196
14874 217
14875 102
14876 179
14877 182
14878 169
14879 209
14880 183
14881 144
14882 213
14883 211
14884 191
14885 179
14886 215
14887 150
14888 193
14889 213
14890 114
14891 215
14892 216
14893 172
14894 188
14895 176
14896 177
14897 189
14898 196
14899 192
14900 221
14901 200
14902 208
14903 196
14904 220
14905 122
14906 205
14907 237
14908 168
14909 202
14910 208
14911 189
14912 180
14913 185
14914 204
14915 207
14916 199
14917 185
14918 186
14919 184
14920 229
14921 205
14922 237
14923 102
14924 223
14925 208
14926 173
14927 210
14928 174
14929 221
14930 174
14931 94
14932 202
14933 169
14934 185
14935 254
14936 203
14937 219
14938 203
14939 195
14940 218
14941 195
14942 213
14943 158
14944 158
14945 219
14946 205
14947 217
14948 212
14949 177
14950 187
14951 160
14952 189
14953 205
14954 226
14955 128
14956 213
14957 169
14958 176
14959 182
14960 209
14961 171
14962 200
14963 194
14964 176
14965 216
14966 178
14967 210
14968 204
14969 211
14970 193
14971 234
14972 190
14973 187
14974 212
14975 191
14976 225
14977 147
14978 222
14979 216
14980 224
14981 217
14982 162
14983 201
14984 154
14985 187
14986 190
14987 172
14988 206
14989 194
14990 235
14991 168
14992 175
14993 213
14994 212
14995 188
14996 220
14997 161
14998 74
14999 175
15000 223
15001 191
15002 100
15003 216
15004 169
15005 158
15006 170
15007 186
15008 172
15009 147
15010 173
15011 209
15012 139
15013 186
15014 207
15015 207
15016 229
15017 219
15018 205
15019 204
15020 223
15021 168
15022 151
15023 229
15024 140
15025 210
15026 211
15027 201
15028 87
15029 177
15030 228
15031 213
15032 155
15033 197
15034 225
15035 139
15036 178
15037 212
15038 218
15039 170
15040 213
15041 76
15042 164
15043 202
15044 139
15045 204
15046 208
15047 197
15048 211
15049 214
15050 101
15051 191
15052 101
15053 203
15054 163
15055 188
15056 185
15057 172
15058 226
15059 160
15060 143
15061 167
15062 219
15063 201
15064 192
15065 188
15066 227
15067 190
15068 178
15069 173
15070 176
15071 210
15072 208
15073 204
15074 165
15075 203
15076 171
15077 137
15078 229
15079 84
15080 212
15081 169
15082 237
15083 214
15084 185
15085 210
15086 112
15087 192
15088 172
15089 183
15090 196
15091 97
15092 223
15093 186
15094 195
15095 100
15096 141
15097 209
15098 229
15099 213
15100 102
15101 220
15102 61
15103 95
15104 125
15105 252
15106 181
15107 140
15108 207
15109 125
15110 112
15111 109
15112 209
15113 187
15114 136
15115 204
15116 214
15117 185
15118 179
15119 67
15120 218
15121 171
15122 181
15123 207
15124 180
15125 179
15126 194
15127 212
15128 95
15129 162
15130 198
15131 183
15132 207
15133 232
15134 228
15135 231
15136 147
15137 239
15138 127
15139 211
15140 182
15141 132
15142 208
15143 149
15144 157
15145 179
15146 169
15147 183
15148 171
15149 220
15150 209
15151 206
15152 188
15153 188
15154 111
15155 192
15156 249
15157 164
15158 215
15159 163
15160 214
15161 176
15162 177
15163 91
15164 178
15165 188
15166 135
15167 195
15168 182
15169 238
15170 200
15171 210
15172 199
15173 165
15174 135
15175 203
15176 89
15177 181
15178 196
15179 243
15180 186
15181 110
15182 224
15183 113
15184 178
15185 120
15186 140
15187 169
15188 221
15189 164
15190 220
15191 196
15192 186
15193 150
15194 128
15195 233
15196 222
15197 210
15198 197
15199 153
15200 210
15201 207
15202 188
15203 214
15204 206
15205 156
15206 106
15207 217
15208 144
15209 187
15210 154
15211 213
15212 213
15213 152
15214 178
15215 93
15216 164
15217 206
15218 91
15219 153
15220 248
15221 232
15222 204
15223 174
15224 197
15225 210
15226 117
15227 213
15228 215
15229 165
15230 84
15231 153
15232 181
15233 259
15234 157
15235 204
15236 110
15237 220
15238 108
15239 146
15240 206
15241 175
15242 206
15243 186
15244 93
15245 150
15246 207
15247 190
15248 116
15249 185
15250 190
15251 180
15252 87
15253 176
15254 187
15255 168
15256 183
15257 121
15258 178
15259 179
15260 168
15261 194
15262 148
15263 241
15264 160
15265 180
15266 186
15267 165
15268 208
15269 141
15270 162
15271 145
15272 179
15273 112
15274 212
15275 216
15276 166
15277 202
15278 217
15279 187
15280 144
15281 150
15282 203
15283 212
15284 212
15285 193
15286 193
15287 205
15288 177
15289 187
15290 221
15291 192
15292 144
15293 199
15294 169
15295 242
15296 241
15297 193
15298 145
15299 202
15300 195
15301 181
15302 207
15303 207
15304 134
15305 135
15306 182
15307 153
15308 197
15309 202
15310 207
15311 189
15312 194
15313 234
15314 232
15315 199
15316 167
15317 206
15318 156
15319 173
15320 187
15321 191
15322 192
15323 199
15324 166
15325 199
15326 186
15327 235
15328 193
15329 171
15330 205
15331 150
15332 191
15333 190
15334 223
15335 176
15336 194
15337 231
15338 214
15339 171
15340 265
15341 220
15342 173
15343 200
15344 212
15345 228
15346 243
15347 203
15348 136
15349 224
15350 183
15351 169
15352 242
15353 169
15354 218
15355 162
15356 207
15357 174
15358 186
15359 157
15360 218
15361 85
15362 195
15363 221
15364 217
15365 74
15366 206
15367 168
15368 212
15369 162
15370 114
15371 163
15372 70
15373 86
15374 163
15375 208
15376 219
15377 150
15378 152
15379 162
15380 172
15381 205
15382 238
15383 176
15384 206
15385 95
15386 203
15387 196
15388 198
15389 230
15390 208
15391 202
15392 181
15393 220
15394 211
15395 135
15396 174
15397 182
15398 200
15399 134
15400 199
15401 222
15402 150
15403 181
15404 165
15405 207
15406 111
15407 208
15408 197
15409 212
15410 214
15411 175
15412 219
15413 109
15414 169
15415 193
15416 211
15417 128
15418 199
15419 194
15420 187
15421 177
15422 119
15423 129
15424 244
15425 63
15426 176
15427 194
15428 214
15429 176
15430 178
15431 165
15432 196
15433 217
15434 166
15435 152
15436 208
15437 115
15438 193
15439 202
15440 215
15441 205
15442 177
15443 183
15444 157
15445 123
15446 93
15447 196
15448 170
15449 222
15450 190
15451 187
15452 212
15453 140
15454 206
15455 233
15456 205
15457 223
15458 156
15459 195
15460 203
15461 202
15462 80
15463 216
15464 194
15465 197
15466 249
15467 193
15468 273
15469 191
15470 119
15471 171
15472 178
15473 212
15474 171
15475 35
15476 117
15477 95
15478 233
15479 160
15480 209
15481 145
15482 112
15483 113
15484 190
15485 152
15486 232
15487 100
15488 174
15489 241
15490 141
15491 202
15492 201
15493 244
15494 213
15495 181
15496 132
15497 221
15498 163
15499 187
15500 204
15501 223
15502 93
15503 90
15504 87
15505 154
15506 215
15507 208
15508 154
15509 214
15510 196
15511 99
15512 206
15513 206
15514 239
15515 215
15516 166
15517 224
15518 174
15519 147
15520 191
15521 199
15522 188
15523 196
15524 237
15525 212
15526 196
15527 172
15528 199
15529 184
15530 192
15531 183
15532 199
15533 238
15534 198
15535 196
15536 201
15537 167
15538 214
15539 171
15540 217
15541 245
15542 203
15543 173
15544 208
15545 144
15546 199
15547 185
15548 148
15549 121
15550 86
15551 225
15552 205
15553 199
15554 188
15555 207
15556 225
15557 214
15558 202
15559 178
15560 139
15561 55
15562 183
15563 207
15564 187
15565 189
15566 214
15567 205
15568 239
15569 191
15570 161
15571 200
15572 199
15573 118
15574 231
15575 210
15576 222
15577 199
15578 162
15579 226
15580 96
15581 215
15582 152
15583 215
15584 202
15585 172
15586 188
15587 182
15588 132
15589 156
15590 209
15591 189
15592 183
15593 158
15594 208
15595 144
15596 201
15597 86
15598 194
15599 175
15600 220
15601 197
15602 118
15603 221
15604 131
15605 251
15606 177
15607 177
15608 186
15609 179
15610 153
15611 180
15612 217
15613 171
15614 229
15615 144
15616 211
15617 169
15618 192
15619 169
15620 183
15621 216
15622 179
15623 213
15624 152
15625 197
15626 229
15627 178
15628 170
15629 179
15630 96
15631 143
15632 204
15633 166
15634 197
15635 222
15636 219
15637 192
15638 151
15639 210
15640 235
15641 170
15642 193
15643 185
15644 229
15645 242
15646 196
15647 203
15648 181
15649 226
15650 188
15651 175
15652 207
15653 212
15654 166
15655 61
15656 184
15657 187
15658 186
15659 203
15660 123
15661 170
15662 178
15663 211
15664 213
15665 99
15666 194
15667 227
15668 193
15669 220
15670 181
15671 213
15672 179
15673 174
15674 182
15675 191
15676 161
15677 124
15678 133
15679 215
15680 220
15681 200
15682 177
15683 240
15684 86
15685 128
15686 209
15687 183
15688 231
15689 186
15690 194
15691 196
15692 190
15693 198
15694 213
15695 201
15696 198
15697 179
15698 196
15699 133
15700 216
15701 217
15702 204
15703 195
15704 182
15705 217
15706 127
15707 217
15708 104
15709 181
15710 192
15711 151
15712 205
15713 179
15714 182
15715 215
15716 217
15717 228
15718 141
15719 183
15720 227
15721 238
15722 138
15723 203
15724 203
15725 204
15726 180
15727 158
15728 288
15729 218
15730 131
15731 207
15732 185
15733 152
15734 183
15735 226
15736 205
15737 89
15738 198
15739 231
15740 96
15741 197
15742 184
15743 196
15744 195
15745 218
15746 142
15747 96
15748 105
15749 174
15750 173
15751 131
15752 129
15753 182
15754 186
15755 223
15756 204
15757 184
15758 167
15759 169
15760 156
15761 169
15762 192
15763 147
15764 144
15765 206
15766 196
15767 206
15768 97
15769 200
15770 189
15771 212
15772 233
15773 188
15774 227
15775 161
15776 216
15777 205
15778 221
15779 217
15780 106
15781 161
15782 176
15783 221
15784 207
15785 206
15786 161
15787 218
15788 176
15789 202
15790 154
15791 180
15792 163
15793 204
15794 202
15795 153
15796 164
15797 225
15798 219
15799 194
15800 211
15801 230
15802 180
15803 222
15804 202
15805 134
15806 17
15807 214
15808 208
15809 173
15810 166
15811 242
15812 178
15813 208
15814 218
15815 195
15816 207
15817 193
15818 217
15819 166
15820 237
15821 195
15822 218
15823 154
15824 188
15825 215
15826 206
15827 153
15828 191
15829 181
15830 233
15831 81
15832 229
15833 187
15834 207
15835 243
15836 180
15837 199
15838 196
15839 187
15840 213
15841 182
15842 148
15843 199
15844 147
15845 166
15846 200
15847 158
15848 198
15849 218
15850 232
15851 164
15852 228
15853 131
15854 248
15855 180
15856 199
15857 230
15858 176
15859 204
15860 144
15861 232
15862 204
15863 167
15864 185
15865 56
15866 196
15867 158
15868 191
15869 199
15870 203
15871 197
15872 166
15873 196
15874 213
15875 191
15876 147
15877 204
15878 179
15879 169
15880 177
15881 233
15882 197
15883 236
15884 144
15885 187
15886 190
15887 173
15888 177
15889 197
15890 197
15891 167
15892 145
15893 216
15894 220
15895 163
15896 169
15897 146
15898 89
15899 177
15900 184
15901 10
15902 95
15903 222
15904 159
15905 176
15906 133
15907 167
15908 169
15909 142
15910 177
15911 233
15912 176
15913 179
15914 209
15915 229
15916 176
15917 210
15918 216
15919 170
15920 181
15921 196
15922 206
15923 208
15924 175
15925 193
15926 213
15927 229
15928 94
15929 221
15930 232
15931 264
15932 98
15933 178
15934 204
15935 180
15936 228
15937 192
15938 156
15939 229
15940 191
15941 161
15942 197
15943 171
15944 168
15945 175
15946 150
15947 122
15948 191
15949 151
15950 179
15951 128
15952 151
15953 146
15954 195
15955 170
15956 204
15957 182
15958 120
15959 188
15960 174
15961 215
15962 159
15963 184
15964 198
15965 204
15966 141
15967 146
15968 205
15969 119
15970 205
15971 168
15972 196
15973 197
15974 213
15975 202
15976 159
15977 196
15978 143
15979 187
15980 216
15981 213
15982 191
15983 182
15984 203
15985 181
15986 185
15987 163
15988 194
15989 169
15990 192
15991 229
15992 218
15993 130
15994 169
15995 198
15996 178
15997 248
15998 187
15999 129
16000 143
16001 146
16002 170
16003 192
16004 201
16005 172
16006 238
16007 192
16008 178
16009 178
16010 219
16011 176
16012 185
16013 141
16014 202
16015 178
16016 95
16017 117
16018 177
16019 118
16020 187
16021 174
16022 204
16023 151
16024 143
16025 193
16026 122
16027 132
16028 230
16029 198
16030 240
16031 182
16032 194
16033 157
16034 171
16035 217
16036 164
16037 198
16038 168
16039 107
16040 171
16041 174
16042 140
16043 251
16044 167
16045 197
16046 194
16047 197
16048 144
16049 116
16050 260
16051 169
16052 192
16053 224
16054 161
16055 194
16056 202
16057 202
16058 87
16059 214
16060 207
16061 166
16062 141
16063 215
16064 165
16065 209
16066 160
16067 223
16068 126
16069 158
16070 159
16071 211
16072 175
16073 183
16074 175
16075 252
16076 206
16077 208
16078 177
16079 167
16080 115
16081 177
16082 156
16083 165
16084 209
16085 158
16086 177
16087 189
16088 183
16089 230
16090 175
16091 199
16092 135
16093 225
16094 195
16095 117
16096 210
16097 215
16098 213
16099 89
16100 220
16101 151
16102 193
16103 153
16104 159
16105 195
16106 209
16107 163
16108 203
16109 147
16110 201
16111 230
16112 249
16113 172
16114 232
16115 197
16116 208
16117 190
16118 195
16119 110
16120 217
16121 172
16122 185
16123 187
16124 163
16125 227
16126 206
16127 242
16128 200
16129 203
16130 161
16131 212
16132 201
16133 232
16134 184
16135 252
16136 199
16137 201
16138 189
16139 178
16140 213
16141 206
16142 209
16143 202
16144 171
16145 98
16146 178
16147 189
16148 144
16149 150
16150 174
16151 225
16152 183
16153 171
16154 211
16155 145
16156 102
16157 185
16158 123
16159 169
16160 191
16161 169
16162 168
16163 150
16164 222
16165 154
16166 197
16167 43
16168 222
16169 206
16170 186
16171 174
16172 204
16173 198
16174 181
16175 188
16176 200
16177 219
16178 116
16179 154
16180 152
16181 131
16182 184
16183 190
16184 175
16185 222
16186 209
16187 149
16188 198
16189 191
16190 143
16191 216
16192 176
16193 200
16194 175
16195 108
16196 136
16197 158
16198 200
16199 245
16200 172
16201 184
16202 205
16203 226
16204 188
16205 191
16206 192
16207 178
16208 199
16209 166
16210 199
16211 217
16212 188
16213 184
16214 196
16215 222
16216 203
16217 189
16218 102
16219 190
16220 109
16221 194
16222 185
16223 219
16224 102
16225 122
16226 181
16227 200
16228 221
16229 212
16230 166
16231 187
16232 180
16233 196
16234 202
16235 219
16236 236
16237 264
16238 198
16239 200
16240 198
16241 146
16242 169
16243 203
16244 196
16245 218
16246 223
16247 152
16248 175
16249 197
16250 198
16251 191
16252 171
16253 214
16254 111
16255 188
16256 283
16257 180
16258 112
16259 204
16260 177
16261 208
16262 175
16263 241
16264 212
16265 230
16266 135
16267 230
16268 191
16269 175
16270 98
16271 228
16272 204
16273 176
16274 106
16275 103
16276 183
16277 188
16278 150
16279 220
16280 133
16281 153
16282 224
16283 183
16284 228
16285 209
16286 136
16287 205
16288 199
16289 188
16290 121
16291 220
16292 192
16293 186
16294 171
16295 179
16296 195
16297 219
16298 158
16299 171
16300 197
16301 219
16302 133
16303 224
16304 264
16305 177
16306 201
16307 158
16308 191
16309 137
16310 132
16311 198
16312 213
16313 83
16314 210
16315 200
16316 157
16317 195
16318 210
16319 186
16320 216
16321 193
16322 97
16323 4
16324 211
16325 139
16326 134
16327 201
16328 161
16329 186
16330 155
16331 178
16332 201
16333 207
16334 223
16335 218
16336 176
16337 168
16338 229
16339 219
16340 155
16341 120
16342 123
16343 171
16344 235
16345 194
16346 202
16347 216
16348 141
16349 156
16350 232
16351 183
16352 187
16353 186
16354 145
16355 93
16356 218
16357 223
16358 192
16359 156
16360 166
16361 196
16362 212
16363 189
16364 172
16365 225
16366 221
16367 186
16368 150
16369 45
16370 203
16371 206
16372 198
16373 171
16374 157
16375 150
16376 229
16377 171
16378 91
16379 251
16380 176
16381 210
16382 93
16383 109
16384 145
16385 229
16386 199
16387 159
16388 154
16389 194
16390 181
16391 130
16392 165
16393 137
16394 177
16395 184
16396 195
16397 153
16398 193
16399 212
16400 157
16401 227
16402 170
16403 195
16404 218
16405 251
16406 184
16407 196
16408 230
16409 184
16410 198
16411 196
16412 174
16413 198
16414 84
16415 186
16416 192
16417 155
16418 183
16419 199
16420 209
16421 115
16422 173
16423 137
16424 152
16425 231
16426 184
16427 157
16428 186
16429 220
16430 214
16431 214
16432 188
16433 177
16434 155
16435 119
16436 127
16437 192
16438 182
16439 186
16440 175
16441 216
16442 121
16443 95
16444 172
16445 218
16446 138
16447 187
16448 198
16449 169
16450 230
16451 150
16452 211
16453 182
16454 217
16455 123
16456 202
16457 153
16458 165
16459 207
16460 194
16461 221
16462 234
16463 206
16464 221
16465 172
16466 98
16467 183
16468 174
16469 166
16470 169
16471 197
16472 238
16473 224
16474 154
16475 98
16476 221
16477 236
16478 189
16479 205
16480 226
16481 218
16482 161
16483 196
16484 176
16485 225
16486 117
16487 252
16488 142
16489 133
16490 247
16491 227
16492 112
16493 217
16494 211
16495 194
16496 211
16497 235
16498 202
16499 193
16500 159
16501 197
16502 179
16503 123
16504 169
16505 178
16506 195
16507 162
16508 190
16509 214
16510 114
16511 239
16512 172
16513 204
16514 208
16515 207
16516 161
16517 214
16518 202
16519 183
16520 190
16521 186
16522 208
16523 188
16524 68
16525 91
16526 212
16527 124
16528 206
16529 217
16530 176
16531 174
16532 129
16533 169
16534 165
16535 208
16536 216
16537 193
16538 197
16539 172
16540 214
16541 200
16542 206
16543 193
16544 60
16545 193
16546 101
16547 178
16548 234
16549 90
16550 132
16551 86
16552 175
16553 81
16554 134
16555 156
16556 166
16557 200
16558 241
16559 178
16560 203
16561 192
16562 242
16563 198
16564 203
16565 224
16566 162
16567 212
16568 199
16569 158
16570 216
16571 53
16572 129
16573 179
16574 141
16575 99
16576 162
16577 212
16578 136
16579 226
16580 193
16581 211
16582 204
16583 202
16584 147
16585 209
16586 217
16587 125
16588 181
16589 96
16590 143
16591 237
16592 215
16593 178
16594 166
16595 207
16596 144
16597 184
16598 112
16599 213
16600 219
16601 216
16602 179
16603 216
16604 237
16605 163
16606 208
16607 220
16608 214
16609 188
16610 215
16611 170
16612 210
16613 207
16614 236
16615 206
16616 175
16617 174
16618 214
16619 185
16620 89
16621 205
16622 204
16623 170
16624 236
16625 208
16626 198
16627 191
16628 235
16629 208
16630 98
16631 180
16632 230
16633 183
16634 147
16635 205
16636 114
16637 220
16638 186
16639 82
16640 198
16641 181
16642 170
16643 169
16644 239
16645 176
16646 190
16647 177
16648 106
16649 186
16650 179
16651 173
16652 203
16653 179
16654 240
16655 173
16656 217
16657 187
16658 175
16659 188
16660 104
16661 183
16662 200
16663 225
16664 119
16665 179
16666 182
16667 169
16668 201
16669 136
16670 221
16671 148
16672 142
16673 222
16674 210
16675 226
16676 90
16677 211
16678 209
16679 202
16680 185
16681 224
16682 147
16683 158
16684 191
16685 199
16686 199
16687 199
16688 213
16689 150
16690 188
16691 265
16692 145
16693 195
16694 120
16695 182
16696 155
16697 267
16698 243
16699 100
16700 110
16701 175
16702 234
16703 188
16704 185
16705 197
16706 222
16707 182
16708 160
16709 157
16710 248
16711 158
16712 188
16713 222
16714 114
16715 191
16716 131
16717 207
16718 153
16719 179
16720 182
16721 230
16722 98
16723 214
16724 241
16725 225
16726 216
16727 224
16728 214
16729 212
16730 169
16731 216
16732 227
16733 216
16734 197
16735 181
16736 210
16737 211
16738 189
16739 176
16740 145
16741 78
16742 186
16743 176
16744 215
16745 194
16746 206
16747 169
16748 115
16749 172
16750 225
16751 152
16752 187
16753 180
16754 189
16755 241
16756 184
16757 216
16758 193
16759 178
16760 208
16761 208
16762 212
16763 74
16764 225
16765 207
16766 180
16767 170
16768 264
16769 190
16770 122
16771 187
16772 185
16773 200
16774 190
16775 169
16776 122
16777 171
16778 204
16779 192
16780 88
16781 109
16782 181
16783 214
16784 201
16785 179
16786 212
16787 208
16788 221
16789 203
16790 86
16791 223
16792 183
16793 194
16794 181
16795 203
16796 218
16797 149
16798 234
16799 123
16800 197
16801 203
16802 178
16803 86
16804 207
16805 196
16806 86
16807 213
16808 195
16809 202
16810 121
16811 106
16812 224
16813 195
16814 168
16815 211
16816 216
16817 159
16818 146
16819 235
16820 160
16821 160
16822 184
16823 89
16824 152
16825 195
16826 192
16827 154
16828 207
16829 176
16830 99
16831 209
16832 182
16833 182
16834 203
16835 235
16836 224
16837 174
16838 175
16839 176
16840 218
16841 223
16842 159
16843 136
16844 133
16845 209
16846 188
16847 194
16848 271
16849 152
16850 191
16851 216
16852 244
16853 201
16854 207
16855 180
16856 174
16857 195
16858 226
16859 169
16860 166
16861 209
16862 237
16863 239
16864 134
16865 150
16866 244
16867 211
16868 181
16869 216
16870 205
16871 198
16872 223
16873 202
16874 221
16875 213
16876 222
16877 207
16878 148
16879 188
16880 206
16881 202
16882 202
16883 169
16884 202
16885 212
16886 199
16887 195
16888 146
16889 207
16890 209
16891 213
16892 211
16893 126
16894 154
16895 211
16896 236
16897 195
16898 136
16899 197
16900 93
16901 164
16902 107
16903 228
16904 229
16905 172
16906 171
16907 212
16908 179
16909 143
16910 222
16911 192
16912 201
16913 191
16914 161
16915 196
16916 187
16917 91
16918 191
16919 221
16920 180
16921 202
16922 200
16923 170
16924 227
16925 185
16926 191
16927 195
16928 145
16929 205
16930 183
16931 186
16932 181
16933 183
16934 206
16935 193
16936 152
16937 222
16938 212
16939 73
16940 201
16941 152
16942 95
16943 166
16944 198
16945 237
16946 187
16947 168
16948 186
16949 213
16950 189
16951 168
16952 194
16953 206
16954 212
16955 194
16956 169
16957 198
16958 192
16959 199
16960 165
16961 174
16962 223
16963 169
16964 136
16965 181
16966 192
16967 190
16968 166
16969 201
16970 136
16971 200
16972 106
16973 193
16974 240
16975 158
16976 218
16977 164
16978 193
16979 192
16980 207
16981 201
16982 221
16983 196
16984 224
16985 185
16986 195
16987 107
16988 155
16989 94
16990 218
16991 192
16992 170
16993 203
16994 175
16995 203
16996 169
16997 170
16998 219
16999 160
17000 164
17001 196
17002 199
17003 249
17004 204
17005 1
17006 138
17007 121
17008 206
17009 211
17010 184
17011 103
17012 194
17013 213
17014 193
17015 165
17016 215
17017 187
17018 205
17019 124
17020 169
17021 159
17022 187
17023 192
17024 198
17025 231
17026 223
17027 84
17028 182
17029 193
17030 101
17031 210
17032 262
17033 200
17034 187
17035 142
17036 164
17037 236
17038 219
17039 155
17040 140
17041 212
17042 189
17043 146
17044 229
17045 184
17046 105
17047 188
17048 167
17049 124
17050 194
17051 102
17052 210
17053 210
17054 197
17055 166
17056 191
17057 177
17058 205
17059 187
17060 174
17061 122
17062 197
17063 112
17064 264
17065 189
17066 176
17067 197
17068 199
17069 220
17070 167
17071 198
17072 195
17073 210
17074 197
17075 197
17076 237
17077 134
17078 126
17079 210
17080 192
17081 193
17082 161
17083 222
17084 213
17085 171
17086 104
17087 219
17088 179
17089 173
17090 117
17091 214
17092 217
17093 111
17094 155
17095 141
17096 184
17097 183
17098 209
17099 190
17100 204
17101 181
17102 206
17103 221
17104 181
17105 145
17106 196
17107 191
17108 162
17109 214
17110 235
17111 175
17112 203
17113 203
17114 145
17115 200
17116 209
17117 182
17118 153
17119 158
17120 226
17121 162
17122 157
17123 191
17124 110
17125 142
17126 104
17127 198
17128 169
17129 186
17130 166
17131 195
17132 196
17133 239
17134 213
17135 133
17136 217
17137 126
17138 181
17139 224
17140 215
17141 171
17142 97
17143 138
17144 229
17145 185
17146 85
17147 205
17148 224
17149 215
17150 181
17151 176
17152 176
17153 216
17154 194
17155 22
17156 199
17157 163
17158 181
17159 181
17160 213
17161 176
17162 102
17163 158
17164 207
17165 200
17166 203
17167 169
17168 160
17169 221
17170 130
17171 92
17172 119
17173 226
17174 203
17175 108
17176 180
17177 148
17178 224
17179 199
17180 213
17181 189
17182 234
17183 88
17184 182
17185 174
17186 269
17187 186
17188 213
17189 224
17190 160
17191 175
17192 213
17193 209
17194 112
17195 175
17196 214
17197 197
17198 210
17199 186
17200 162
17201 197
17202 172
17203 229
17204 196
17205 208
17206 152
17207 102
17208 164
17209 162
17210 192
17211 244
17212 184
17213 165
17214 125
17215 187
17216 175
17217 222
17218 144
17219 223
17220 174
17221 185
17222 84
17223 182
17224 186
17225 136
17226 215
17227 188
17228 170
17229 233
17230 225
17231 171
17232 225
17233 212
17234 160
17235 163
17236 178
17237 213
17238 162
17239 114
17240 213
17241 144
17242 150
17243 185
17244 233
17245 212
17246 187
17247 194
17248 170
17249 192
17250 166
17251 224
17252 203
17253 216
17254 185
17255 221
17256 143
17257 174
17258 212
17259 209
17260 165
17261 162
17262 174
17263 193
17264 188
17265 115
17266 206
17267 172
17268 144
17269 192
17270 147
17271 196
17272 201
17273 197
17274 135
17275 115
17276 188
17277 189
17278 165
17279 169
17280 131
17281 193
17282 178
17283 160
17284 247
17285 202
17286 120
17287 189
17288 227
17289 141
17290 215
17291 203
17292 183
17293 78
17294 164
17295 203
17296 227
17297 89
17298 212
17299 209
17300 173
17301 235
17302 172
17303 171
17304 113
17305 214
17306 187
17307 135
17308 108
17309 143
17310 169
17311 176
17312 99
17313 179
17314 229
17315 216
17316 218
17317 182
17318 112
17319 228
17320 216
17321 188
17322 224
17323 136
17324 147
17325 204
17326 195
17327 148
17328 204
17329 189
17330 173
17331 153
17332 245
17333 216
17334 189
17335 191
17336 106
17337 173
17338 148
17339 207
17340 174
17341 242
17342 231
17343 86
17344 225
17345 246
17346 206
17347 186
17348 186
17349 180
17350 193
17351 175
17352 173
17353 221
17354 163
17355 187
17356 126
17357 137
17358 180
17359 131
17360 193
17361 197
17362 185
17363 170
17364 129
17365 204
17366 197
17367 206
17368 220
17369 220
17370 192
17371 188
17372 148
17373 115
17374 161
17375 132
17376 176
17377 187
17378 220
17379 185
17380 140
17381 177
17382 163
17383 203
17384 171
17385 208
17386 209
17387 211
17388 199
17389 250
17390 180
17391 192
17392 228
17393 149
17394 93
17395 225
17396 94
17397 194
17398 214
17399 193
17400 171
17401 220
17402 188
17403 125
17404 171
17405 177
17406 181
17407 218
17408 194
17409 198
17410 154
17411 203
17412 218
17413 0
17414 167
17415 207
17416 190
17417 161
17418 192
17419 161
17420 138
17421 199
17422 157
17423 129
17424 142
17425 74
17426 172
17427 192
17428 125
17429 212
17430 105
17431 190
17432 160
17433 94
17434 130
17435 241
17436 195
17437 201
17438 193
17439 193
17440 176
17441 222
17442 149
17443 152
17444 160
17445 197
17446 186
17447 201
17448 215
17449 207
17450 187
17451 214
17452 175
17453 196
17454 192
17455 201
17456 199
17457 217
17458 233
17459 229
17460 106
17461 92
17462 180
17463 199
17464 141
17465 200
17466 196
17467 167
17468 216
17469 167
17470 230
17471 206
17472 199
17473 203
17474 194
17475 172
17476 199
17477 176
17478 156
17479 192
17480 123
17481 149
17482 238
17483 159
17484 132
17485 200
17486 191
17487 183
17488 149
17489 207
17490 231
17491 172
17492 209
17493 197
17494 201
17495 97
17496 188
17497 204
17498 167
17499 205
17500 221
17501 184
17502 137
17503 195
17504 201
17505 218
17506 194
17507 175
17508 127
17509 213
17510 198
17511 189
17512 217
17513 171
17514 210
17515 196
17516 175
17517 213
17518 166
17519 237
17520 158
17521 187
17522 148
17523 192
17524 120
17525 122
17526 146
17527 214
17528 173
17529 212
17530 154
17531 201
17532 201
17533 181
17534 241
17535 165
17536 181
17537 201
17538 229
17539 176
17540 86
17541 203
17542 195
17543 157
17544 185
17545 235
17546 186
17547 231
17548 161
17549 203
17550 181
17551 188
17552 197
17553 142
17554 224
17555 223
17556 231
17557 198
17558 334
17559 182
17560 89
17561 194
17562 222
17563 196
17564 169
17565 144
17566 207
17567 198
17568 179
17569 236
17570 208
17571 203
17572 175
17573 192
17574 129
17575 200
17576 220
17577 127
17578 159
17579 226
17580 154
17581 176
17582 199
17583 200
17584 215
17585 81
17586 237
17587 101
17588 177
17589 91
17590 199
17591 199
17592 114
17593 170
17594 159
17595 157
17596 195
17597 146
17598 177
17599 148
17600 188
17601 196
17602 150
17603 167
17604 187
17605 190
17606 203
17607 190
17608 204
17609 209
17610 193
17611 160
17612 224
17613 169
17614 202
17615 219
17616 244
17617 212
17618 188
17619 219
17620 108
17621 172
17622 186
17623 216
17624 199
17625 182
17626 120
17627 135
17628 185
17629 211
17630 186
17631 158
17632 226
17633 168
17634 171
17635 196
17636 146
17637 205
17638 215
17639 193
17640 102
17641 178
17642 177
17643 188
17644 162
17645 198
17646 216
17647 185
17648 179
17649 193
17650 207
17651 191
17652 210
17653 184
17654 96
17655 203
17656 188
17657 185
17658 158
17659 185
17660 87
17661 238
17662 164
17663 176
17664 214
17665 169
17666 185
17667 227
17668 185
17669 176
17670 197
17671 197
17672 129
17673 208
17674 188
17675 192
17676 229
17677 201
17678 192
17679 220
17680 191
17681 242
17682 136
17683 126
17684 204
17685 242
17686 201
17687 181
17688 224
17689 212
17690 223
17691 206
17692 219
17693 200
17694 195
17695 191
17696 162
17697 169
17698 187
17699 185
17700 160
17701 189
17702 204
17703 141
17704 151
17705 204
17706 82
17707 150
17708 204
17709 186
17710 248
17711 202
17712 195
17713 174
17714 51
17715 195
17716 176
17717 189
17718 207
17719 175
17720 111
17721 141
17722 210
17723 199
17724 205
17725 109
17726 229
17727 231
17728 239
17729 221
17730 190
17731 80
17732 238
17733 217
17734 199
17735 195
17736 256
17737 170
17738 209
17739 180
17740 189
17741 177
17742 195
17743 185
17744 228
17745 186
17746 224
17747 128
17748 182
17749 174
17750 143
17751 117
17752 211
17753 195
17754 172
17755 150
17756 169
17757 119
17758 184
17759 111
17760 207
17761 167
17762 198
17763 221
17764 226
17765 187
17766 201
17767 183
17768 146
17769 227
17770 237
17771 234
17772 199
17773 230
17774 187
17775 194
17776 243
17777 108
17778 124
17779 256
17780 221
17781 201
17782 192
17783 167
17784 188
17785 203
17786 214
17787 233
17788 232
17789 195
17790 162
17791 205
17792 166
17793 218
17794 117
17795 125
17796 219
17797 208
17798 213
17799 201
17800 223
17801 172
17802 154
17803 204
17804 194
17805 142
17806 193
17807 116
17808 182
17809 226
17810 156
17811 203
17812 243
17813 194
17814 229
17815 211
17816 225
17817 228
17818 219
17819 172
17820 237
17821 201
17822 191
17823 229
17824 229
17825 193
17826 198
17827 187
17828 10
17829 211
17830 156
17831 183
17832 192
17833 239
17834 193
17835 108
17836 168
17837 154
17838 176
17839 180
17840 192
17841 140
17842 153
17843 193
17844 182
17845 235
17846 181
17847 185
17848 191
17849 189
17850 186
17851 228
17852 163
17853 170
17854 242
17855 184
17856 131
17857 163
17858 246
17859 211
17860 173
17861 158
17862 194
17863 115
17864 132
17865 220
17866 126
17867 220
17868 230
17869 173
17870 222
17871 201
17872 185
17873 217
17874 185
17875 82
17876 195
17877 161
17878 207
17879 147
17880 243
17881 199
17882 69
17883 237
17884 186
17885 223
17886 139
17887 153
17888 223
17889 192
17890 190
17891 155
17892 193
17893 156
17894 248
17895 184
17896 144
17897 201
17898 227
17899 229
17900 193
17901 226
17902 158
17903 191
17904 193
17905 169
17906 222
17907 204
17908 184
17909 125
17910 191
17911 238
17912 175
17913 197
17914 159
17915 157
17916 223
17917 197
17918 141
17919 181
17920 224
17921 215
17922 198
17923 192
17924 216
17925 124
17926 163
17927 211
17928 208
17929 90
17930 118
17931 160
17932 197
17933 140
17934 191
17935 184
17936 221
17937 158
17938 202
17939 219
17940 202
17941 193
17942 167
17943 191
17944 148
17945 194
17946 214
17947 157
17948 220
17949 238
17950 190
17951 223
17952 169
17953 173
17954 141
17955 144
17956 240
17957 151
17958 210
17959 182
17960 177
17961 213
17962 140
17963 193
17964 157
17965 174
17966 150
17967 169
17968 212
17969 211
17970 197
17971 218
17972 218
17973 214
17974 118
17975 208
17976 265
17977 117
17978 110
17979 201
17980 204
17981 145
17982 211
17983 219
17984 209
17985 173
17986 217
17987 198
17988 238
17989 192
17990 213
17991 206
17992 221
17993 172
17994 206
17995 186
17996 231
17997 193
17998 220
17999 149
18000 114
18001 172
18002 187
18003 209
18004 225
18005 237
18006 218
18007 213
18008 214
18009 193
18010 208
18011 97
18012 111
18013 198
18014 148
18015 221
18016 201
18017 155
18018 188
18019 175
18020 83
18021 229
18022 27
18023 203
18024 175
18025 192
18026 174
18027 209
18028 181
18029 271
18030 196
18031 217
18032 106
18033 201
18034 184
18035 171
18036 213
18037 195
18038 190
18039 200
18040 224
18041 179
18042 200
18043 129
18044 140
18045 209
18046 240
18047 174
18048 171
18049 230
18050 181
18051 232
18052 147
18053 209
18054 221
18055 191
18056 150
18057 144
18058 165
18059 208
18060 168
18061 213
18062 198
18063 177
18064 177
18065 117
18066 180
18067 190
18068 223
18069 222
18070 211
18071 243
18072 178
18073 200
18074 213
18075 214
18076 214
18077 195
18078 185
18079 185
18080 34
18081 182
18082 122
18083 201
18084 229
18085 182
18086 198
18087 162
18088 196
18089 221
18090 198
18091 186
18092 75
18093 129
18094 158
18095 186
18096 258
18097 166
18098 121
18099 158
18100 242
18101 214
18102 212
18103 145
18104 132
18105 160
18106 205
18107 216
18108 211
18109 206
18110 167
18111 180
18112 137
18113 188
18114 231
18115 153
18116 212
18117 210
18118 232
18119 149
18120 185
18121 180
18122 160
18123 167
18124 231
18125 202
18126 204
18127 160
18128 180
18129 200
18130 216
18131 169
18132 215
18133 187
18134 149
18135 161
18136 226
18137 222
18138 215
18139 181
18140 132
18141 225
18142 143
18143 205
18144 207
18145 187
18146 151
18147 150
18148 133
18149 221
18150 218
18151 202
18152 162
18153 184
18154 162
18155 187
18156 183
18157 193
18158 189
18159 244
18160 180
18161 99
18162 95
18163 191
18164 166
18165 170
18166 234
18167 198
18168 197
18169 204
18170 172
18171 223
18172 151
18173 160
18174 160
18175 138
18176 169
18177 173
18178 193
18179 125
18180 149
18181 152
18182 67
18183 196
18184 193
18185 194
18186 190
18187 64
18188 212
18189 227
18190 159
18191 140
18192 215
18193 190
18194 222
18195 257
18196 172
18197 224
18198 176
18199 209
18200 189
18201 191
18202 208
18203 233
18204 231
18205 167
18206 209
18207 169
18208 205
18209 157
18210 154
18211 172
18212 208
18213 158
18214 215
18215 229
18216 211
18217 179
18218 135
18219 230
18220 211
18221 204
18222 156
18223 170
18224 187
18225 236
18226 181
18227 175
18228 165
18229 226
18230 206
18231 188
18232 195
18233 181
18234 199
18235 105
18236 107
18237 248
18238 151
18239 200
18240 223
18241 234
18242 215
18243 201
18244 193
18245 120
18246 126
18247 188
18248 117
18249 196
18250 206
18251 153
18252 199
18253 245
18254 69
18255 199
18256 89
18257 219
18258 215
18259 202
18260 135
18261 199
18262 157
18263 198
18264 197
18265 203
18266 176
18267 144
18268 194
18269 221
18270 210
18271 237
18272 218
18273 185
18274 173
18275 221
18276 198
18277 197
18278 218
18279 143
18280 167
18281 143
18282 214
18283 215
18284 239
18285 207
18286 80
18287 182
18288 211
18289 216
18290 229
18291 113
18292 178
18293 175
18294 207
18295 195
18296 173
18297 187
18298 182
18299 212
18300 92
18301 157
18302 131
18303 245
18304 199
18305 194
18306 183
18307 256
18308 109
18309 224
18310 155
18311 186
18312 175
18313 176
18314 217
18315 221
18316 152
18317 202
18318 176
18319 193
18320 178
18321 135
18322 219
18323 169
18324 221
18325 218
18326 210
18327 117
18328 186
18329 186
18330 212
18331 217
18332 164
18333 178
18334 223
18335 203
18336 207
18337 247
18338 193
18339 161
18340 203
18341 199
18342 237
18343 205
18344 174
18345 245
18346 215
18347 238
18348 180
18349 129
18350 158
18351 200
18352 160
18353 195
18354 198
18355 214
18356 214
18357 176
18358 189
18359 230
18360 180
18361 151
18362 211
18363 119
18364 229
18365 164
18366 119
18367 224
18368 200
18369 211
18370 184
18371 183
18372 168
18373 189
18374 209
18375 192
18376 175
18377 233
18378 135
18379 224
18380 204
18381 216
18382 217
18383 163
18384 233
18385 226
18386 178
18387 175
18388 190
18389 215
18390 130
18391 206
18392 187
18393 208
18394 211
18395 195
18396 155
18397 142
18398 185
18399 97
18400 171
18401 93
18402 193
18403 149
18404 140
18405 167
18406 169
18407 243
18408 174
18409 225
18410 188
18411 217
18412 199
18413 195
18414 212
18415 93
18416 236
18417 200
18418 228
18419 255
18420 190
18421 181
18422 208
18423 152
18424 202
18425 185
18426 235
18427 217
18428 173
18429 140
18430 209
18431 191
18432 147
18433 188
18434 150
18435 129
18436 194
18437 177
18438 173
18439 235
18440 190
18441 139
18442 155
18443 179
18444 131
18445 222
18446 240
18447 184
18448 200
18449 206
18450 218
18451 209
18452 163
18453 210
18454 223
18455 169
18456 166
18457 164
18458 136
18459 224
18460 203
18461 114
18462 115
18463 192
18464 193
18465 213
18466 212
18467 215
18468 237
18469 229
18470 96
18471 214
18472 196
18473 210
18474 137
18475 184
18476 169
18477 149
18478 133
18479 173
18480 191
18481 206
18482 252
18483 225
18484 243
18485 225
18486 158
18487 204
18488 118
18489 234
18490 178
18491 154
18492 196
18493 169
18494 168
18495 212
18496 162
18497 218
18498 208
18499 215
18500 236
18501 188
18502 181
18503 212
18504 192
18505 215
18506 112
18507 206
18508 212
18509 212
18510 191
18511 205
18512 65
18513 142
18514 254
18515 248
18516 153
18517 132
18518 223
18519 125
18520 131
18521 207
18522 212
18523 188
18524 174
18525 164
18526 159
18527 183
18528 226
18529 192
18530 188
18531 156
18532 176
18533 206
18534 103
18535 219
18536 160
18537 194
18538 191
18539 162
18540 243
18541 148
18542 97
18543 240
18544 248
18545 142
18546 209
18547 175
18548 101
18549 203
18550 193
18551 225
18552 200
18553 176
18554 188
18555 111
18556 208
18557 228
18558 184
18559 153
18560 190
18561 233
18562 169
18563 200
18564 149
18565 238
18566 156
18567 213
18568 175
18569 135
18570 178
18571 131
18572 148
18573 196
18574 161
18575 162
18576 143
18577 153
18578 195
18579 209
18580 181
18581 182
18582 192
18583 221
18584 236
18585 215
18586 154
18587 154
18588 176
18589 187
18590 190
18591 106
18592 233
18593 185
18594 210
18595 105
18596 169
18597 198
18598 202
18599 159
18600 125
18601 202
18602 219
18603 195
18604 203
18605 196
18606 202
18607 201
18608 187
18609 185
18610 176
18611 144
18612 152
18613 205
18614 191
18615 177
18616 146
18617 200
18618 139
18619 159
18620 183
18621 202
18622 166
18623 208
18624 242
18625 209
18626 183
18627 190
18628 188
18629 203
18630 209
18631 167
18632 196
18633 205
18634 183
18635 105
18636 148
18637 150
18638 220
18639 153
18640 150
18641 245
18642 243
18643 155
18644 221
18645 170
18646 196
18647 235
18648 87
18649 247
18650 218
18651 207
18652 185
18653 215
18654 197
18655 174
18656 183
18657 124
18658 205
18659 227
18660 152
18661 202
18662 181
18663 196
18664 213
18665 168
18666 223
18667 159
18668 214
18669 230
18670 195
18671 220
18672 66
18673 185
18674 215
18675 211
18676 187
18677 182
18678 173
18679 203
18680 108
18681 182
18682 192
18683 164
18684 146
18685 204
18686 170
18687 141
18688 179
18689 189
18690 212
18691 202
18692 219
18693 114
18694 148
18695 194
18696 239
18697 192
18698 169
18699 183
18700 179
18701 151
18702 209
18703 235
18704 207
18705 216
18706 193
18707 129
18708 186
18709 171
18710 200
18711 100
18712 218
18713 162
18714 181
18715 170
18716 194
18717 179
18718 215
18719 217
18720 157
18721 191
18722 109
18723 156
18724 126
18725 232
18726 175
18727 191
18728 235
18729 177
18730 174
18731 225
18732 181
18733 193
18734 117
18735 199
18736 193
18737 165
18738 143
18739 95
18740 181
18741 181
18742 229
18743 174
18744 227
18745 200
18746 210
18747 155
18748 192
18749 179
18750 209
18751 155
18752 173
18753 177
18754 113
18755 208
18756 168
18757 164
18758 214
18759 240
18760 183
18761 215
18762 175
18763 190
18764 151
18765 159
18766 194
18767 207
18768 151
18769 173
18770 212
18771 196
18772 216
18773 176
18774 184
18775 200
18776 202
18777 203
18778 173
18779 115
18780 179
18781 131
18782 176
18783 0
18784 255
18785 195
18786 220
18787 204
18788 226
18789 210
18790 206
18791 203
18792 222
18793 194
18794 128
18795 171
18796 180
18797 191
18798 203
18799 180
18800 168
18801 160
18802 198
18803 196
18804 148
18805 159
18806 144
18807 240
18808 210
18809 186
18810 181
18811 202
18812 216
18813 174
18814 138
18815 190
18816 211
18817 198
18818 237
18819 174
18820 143
18821 181
18822 186
18823 184
18824 210
18825 210
18826 214
18827 168
18828 220
18829 157
18830 198
18831 160
18832 186
18833 163
18834 201
18835 174
18836 181
18837 164
18838 209
18839 231
18840 89
18841 219
18842 208
18843 186
18844 156
18845 142
18846 159
18847 229
18848 248
18849 227
18850 148
18851 160
18852 198
18853 249
18854 108
18855 200
18856 210
18857 235
18858 198
18859 236
18860 199
18861 156
18862 179
18863 173
18864 206
18865 148
18866 162
18867 184
18868 187
18869 125
18870 227
18871 211
18872 197
18873 120
18874 163
18875 194
18876 145
18877 236
18878 214
18879 156
18880 154
18881 105
18882 199
18883 175
18884 215
18885 106
18886 178
18887 206
18888 199
18889 192
18890 162
18891 203
18892 180
18893 97
18894 185
18895 229
18896 132
18897 214
18898 192
18899 216
18900 199
18901 200
18902 211
18903 189
18904 241
18905 166
18906 164
18907 218
18908 210
18909 209
18910 216
18911 231
18912 129
18913 205
18914 133
18915 135
18916 213
18917 212
18918 185
18919 221
18920 164
18921 194
18922 170
18923 175
18924 197
18925 214
18926 198
18927 120
18928 196
18929 183
18930 187
18931 144
18932 110
18933 187
18934 235
18935 171
18936 150
18937 193
18938 218
18939 230
18940 229
18941 228
18942 180
18943 210
18944 222
18945 127
18946 198
18947 191
18948 252
18949 181
18950 173
18951 190
18952 228
18953 199
18954 194
18955 155
18956 174
18957 212
18958 223
18959 202
18960 175
18961 156
18962 178
18963 187
18964 152
18965 184
18966 162
18967 187
18968 170
18969 215
18970 208
18971 163
18972 215
18973 215
18974 226
18975 199
18976 145
18977 90
18978 183
18979 186
18980 184
18981 195
18982 171
18983 159
18984 214
18985 239
18986 171
18987 205
18988 92
18989 212
18990 167
18991 75
18992 86
18993 167
18994 125
18995 215
18996 179
18997 223
18998 216
18999 224
19000 183
19001 149
19002 142
19003 181
19004 205
19005 178
19006 223
19007 188
19008 175
19009 243
19010 173
19011 203
19012 220
19013 184
19014 194
19015 201
19016 201
19017 197
19018 231
19019 210
19020 219
19021 208
19022 180
19023 216
19024 209
19025 190
19026 193
19027 172
19028 198
19029 157
19030 197
19031 199
19032 165
19033 181
19034 198
19035 226
19036 157
19037 212
19038 182
19039 206
19040 189
19041 223
19042 236
19043 164
19044 234
19045 187
19046 191
19047 133
19048 215
19049 170
19050 197
19051 226
19052 216
19053 177
19054 180
19055 182
19056 209
19057 193
19058 214
19059 136
19060 104
19061 244
19062 136
19063 196
19064 180
19065 247
19066 230
19067 161
19068 210
19069 185
19070 234
19071 122
19072 245
19073 202
19074 183
19075 173
19076 195
19077 141
19078 221
19079 188
19080 192
19081 142
19082 111
19083 126
19084 195
19085 178
19086 194
19087 230
19088 152
19089 199
19090 184
19091 204
19092 144
19093 140
19094 199
19095 183
19096 146
19097 217
19098 214
19099 77
19100 214
19101 211
19102 243
19103 248
19104 192
19105 238
19106 188
19107 153
19108 195
19109 127
19110 93
19111 233
19112 187
19113 205
19114 193
19115 92
19116 153
19117 139
19118 206
19119 178
19120 206
19121 194
19122 186
19123 133
19124 185
19125 210
19126 167
19127 177
19128 165
19129 215
19130 147
19131 191
19132 189
19133 198
19134 174
19135 217
19136 177
19137 158
19138 214
19139 160
19140 222
19141 186
19142 133
19143 229
19144 223
19145 210
19146 155
19147 124
19148 144
19149 162
19150 152
19151 186
19152 188
19153 171
19154 200
19155 207
19156 173
19157 221
19158 203
19159 194
19160 97
19161 165
19162 169
19163 215
19164 152
19165 190
19166 185
19167 194
19168 210
19169 207
19170 174
19171 173
19172 170
19173 148
19174 186
19175 216
19176 124
19177 177
19178 234
19179 221
19180 150
19181 166
19182 225
19183 196
19184 146
19185 222
19186 157
19187 169
19188 180
19189 198
19190 184
19191 106
19192 185
19193 213
19194 208
19195 142
19196 229
19197 203
19198 197
19199 213
19200 155
19201 160
19202 161
19203 170
19204 155
19205 233
19206 172
19207 213
19208 98
19209 208
19210 199
19211 238
19212 186
19213 211
19214 144
19215 104
19216 238
19217 227
19218 202
19219 228
19220 225
19221 193
19222 205
19223 185
19224 188
19225 168
19226 232
19227 188
19228 166
19229 206
19230 191
19231 199
19232 240
19233 237
19234 210
19235 169
19236 174
19237 169
19238 184
19239 214
19240 137
19241 206
19242 151
19243 123
19244 182
19245 210
19246 178
19247 131
19248 205
19249 178
19250 217
19251 198
19252 155
19253 184
19254 230
19255 167
19256 207
19257 195
19258 197
19259 205
19260 188
19261 247
19262 208
19263 203
19264 174
19265 104
19266 152
19267 196
19268 217
19269 195
19270 185
19271 90
19272 184
19273 98
19274 211
19275 152
19276 148
19277 192
19278 191
19279 136
19280 226
19281 248
19282 155
19283 180
19284 210
19285 108
19286 155
19287 121
19288 217
19289 161
19290 232
19291 199
19292 120
19293 202
19294 136
19295 209
19296 187
19297 179
19298 208
19299 222
19300 194
19301 227
19302 239
19303 175
19304 215
19305 198
19306 211
19307 193
19308 122
19309 210
19310 102
19311 152
19312 209
19313 139
19314 156
19315 204
19316 175
19317 216
19318 182
19319 188
19320 200
19321 177
19322 100
19323 166
19324 214
19325 202
19326 120
19327 135
19328 205
19329 194
19330 227
19331 198
19332 158
19333 215
19334 162
19335 107
19336 83
19337 247
19338 190
19339 152
19340 205
19341 120
19342 199
19343 192
19344 192
19345 170
19346 189
19347 187
19348 160
19349 220
19350 98
19351 161
19352 138
19353 171
19354 137
19355 172
19356 198
19357 149
19358 202
19359 221
19360 115
19361 248
19362 241
19363 199
19364 177
19365 188
19366 183
19367 228
19368 98
19369 65
19370 141
19371 197
19372 229
19373 185
19374 186
19375 214
19376 212
19377 139
19378 220
19379 193
19380 138
19381 183
19382 203
19383 142
19384 206
19385 167
19386 56
19387 251
19388 200
19389 135
19390 261
19391 207
19392 179
19393 104
19394 189
19395 193
19396 155
19397 202
19398 213
19399 200
19400 183
19401 187
19402 188
19403 188
19404 200
19405 177
19406 207
19407 103
19408 162
19409 220
19410 198
19411 211
19412 198
19413 135
19414 200
19415 157
19416 207
19417 197
19418 245
19419 188
19420 202
19421 181
19422 181
19423 200
19424 209
19425 208
19426 229
19427 167
19428 161
19429 192
19430 200
19431 232
19432 168
19433 213
19434 195
19435 36
19436 184
19437 48
19438 196
19439 209
19440 201
19441 119
19442 198
19443 201
19444 201
19445 216
19446 213
19447 47
19448 207
19449 161
19450 152
19451 236
19452 202
19453 224
19454 191
19455 249
19456 162
19457 128
19458 139
19459 191
19460 227
19461 214
19462 76
19463 183
19464 180
19465 233
19466 226
19467 179
19468 222
19469 221
19470 212
19471 225
19472 227
19473 145
19474 250
19475 203
19476 195
19477 165
19478 230
19479 223
19480 142
19481 103
19482 211
19483 197
19484 169
19485 189
19486 199
19487 218
19488 169
19489 180
19490 195
19491 214
19492 159
19493 239
19494 208
19495 155
19496 101
19497 196
19498 186
19499 81
19500 58
19501 65
19502 229
19503 148
19504 194
19505 227
19506 190
19507 215
19508 178
19509 152
19510 195
19511 133
19512 176
19513 173
19514 162
19515 157
19516 203
19517 150
19518 226
19519 243
19520 83
19521 211
19522 134
19523 141
19524 226
19525 203
19526 193
19527 196
19528 218
19529 128
19530 166
19531 185
19532 191
19533 217
19534 82
19535 189
19536 153
19537 208
19538 191
19539 187
19540 191
19541 238
19542 141
19543 141
19544 206
19545 208
19546 93
19547 116
19548 172
19549 157
19550 87
19551 220
19552 145
19553 172
19554 236
19555 220
19556 195
19557 193
19558 200
19559 180
19560 155
19561 123
19562 207
19563 187
19564 204
19565 173
19566 237
19567 167
19568 168
19569 175
19570 204
19571 183
19572 182
19573 198
19574 207
19575 183
19576 202
19577 149
19578 131
19579 160
19580 177
19581 201
19582 228
19583 211
19584 81
19585 211
19586 230
19587 166
19588 217
19589 85
19590 201
19591 216
19592 197
19593 230
19594 183
19595 80
19596 234
19597 149
19598 183
19599 138
19600 142
19601 134
19602 175
19603 181
19604 60
19605 182
19606 210
19607 203
19608 217
19609 203
19610 182
19611 251
19612 201
19613 213
19614 167
19615 208
19616 194
19617 209
19618 168
19619 241
19620 215
19621 195
19622 186
19623 198
19624 116
19625 226
19626 204
19627 218
19628 213
19629 114
19630 143
19631 144
19632 133
19633 200
19634 131
19635 241
19636 151
19637 215
19638 222
19639 215
19640 198
19641 170
19642 253
19643 217
19644 181
19645 194
19646 231
19647 204
19648 205
19649 186
19650 192
19651 41
19652 199
19653 149
19654 178
19655 106
19656 194
19657 183
19658 183
19659 207
19660 113
19661 202
19662 226
19663 150
19664 199
19665 195
19666 225
19667 109
19668 226
19669 152
19670 204
19671 194
19672 195
19673 183
19674 210
19675 203
19676 212
19677 184
19678 228
19679 206
19680 193
19681 187
19682 202
19683 182
19684 188
19685 202
19686 97
19687 212
19688 178
19689 222
19690 218
19691 170
19692 232
19693 218
19694 211
19695 254
19696 205
19697 168
19698 228
19699 124
19700 193
19701 177
19702 161
19703 182
19704 214
19705 228
19706 176
19707 213
19708 190
19709 127
19710 211
19711 236
19712 201
19713 200
19714 232
19715 208
19716 184
19717 183
19718 209
19719 157
19720 196
19721 153
19722 156
19723 169
19724 153
19725 171
19726 180
19727 57
19728 143
19729 172
19730 221
19731 219
19732 180
19733 144
19734 138
19735 119
19736 191
19737 202
19738 183
19739 214
19740 183
19741 115
19742 210
19743 206
19744 188
19745 230
19746 245
19747 209
19748 168
19749 227
19750 214
19751 204
19752 227
19753 194
19754 202
19755 211
19756 168
19757 212
19758 85
19759 162
19760 210
19761 210
19762 192
19763 135
19764 174
19765 91
19766 184
19767 195
19768 177
19769 151
19770 181
19771 200
19772 206
19773 213
19774 203
19775 226
19776 214
19777 178
19778 210
19779 179
19780 163
19781 142
19782 140
19783 241
19784 197
19785 231
19786 151
19787 236
19788 191
19789 155
19790 96
19791 180
19792 162
19793 152
19794 219
19795 207
19796 218
19797 174
19798 214
19799 226
19800 205
19801 183
19802 88
19803 228
19804 217
19805 180
19806 104
19807 172
19808 146
19809 209
19810 176
19811 213
19812 199
19813 203
19814 211
19815 220
19816 104
19817 197
19818 228
19819 185
19820 0
19821 179
19822 139
19823 180
19824 102
19825 190
19826 199
19827 174
19828 210
19829 201
19830 211
19831 196
19832 205
19833 190
19834 189
19835 191
19836 215
19837 228
19838 214
19839 180
19840 198
19841 173
19842 213
19843 227
19844 218
19845 145
19846 187
19847 148
19848 174
19849 194
19850 183
19851 216
19852 240
19853 150
19854 213
19855 219
19856 196
19857 193
19858 176
19859 205
19860 194
19861 250
19862 190
19863 159
19864 112
19865 148
19866 144
19867 160
19868 171
19869 197
19870 214
19871 239
19872 174
19873 185
19874 175
19875 140
19876 196
19877 217
19878 147
19879 222
19880 178
19881 173
19882 127
19883 223
19884 236
19885 134
19886 242
19887 116
19888 182
19889 198
19890 82
19891 166
19892 225
19893 202
19894 150
19895 186
19896 144
19897 229
19898 195
19899 145
19900 219
19901 214
19902 152
19903 160
19904 98
19905 207
19906 225
19907 195
19908 60
19909 180
19910 177
19911 140
19912 181
19913 218
19914 216
19915 229
19916 203
19917 200
19918 219
19919 195
19920 147
19921 182
19922 199
19923 199
19924 184
19925 166
19926 192
19927 209
19928 217
19929 115
19930 176
19931 221
19932 245
19933 165
19934 119
19935 179
19936 189
19937 210
19938 186
19939 150
19940 139
19941 181
19942 225
19943 216
19944 230
19945 159
19946 204
19947 183
19948 237
19949 208
19950 141
19951 136
19952 219
19953 200
19954 223
19955 220
19956 208
19957 196
19958 222
19959 165
19960 174
19961 148
19962 177
19963 197
19964 176
19965 176
19966 136
19967 127
19968 189
19969 166
19970 159
19971 157
19972 210
19973 187
19974 199
19975 171
19976 137
19977 190
19978 201
19979 204
19980 208
19981 180
19982 129
19983 200
19984 168
19985 205
19986 177
19987 97
19988 102
19989 211
19990 217
19991 172
19992 188
19993 232
19994 205
19995 203
19996 152
19997 168
19998 196
19999 212
