# event_id  Npe_top  Npe_bottom  Npe_total  asym  N_fired_PMTs
0 30 14 44 0.363636 20
1 13 13 26 0 18
2 23 14 37 0.243243 20
3 2 28 30 -0.866667 13
4 8 5 13 0.230769 9
5 4 20 24 -0.666667 15
6 15 8 23 0.304348 11
7 10 34 44 -0.545455 22
8 19 21 40 -0.05 17
9 33 3 36 0.833333 15
10 7 32 39 -0.641026 15
11 25 2 27 0.851852 13
12 12 21 33 -0.272727 16
13 2 43 45 -0.911111 17
14 10 24 34 -0.411765 19
15 50 7 57 0.754386 15
16 35 2 37 0.891892 16
17 6 32 38 -0.684211 13
18 4 46 50 -0.84 11
19 4 26 30 -0.733333 15
20 7 23 30 -0.533333 15
21 2 18 20 -0.8 8
22 4 45 49 -0.836735 15
23 6 28 34 -0.647059 13
24 28 7 35 0.6 20
25 43 1 44 0.954545 16
26 6 28 34 -0.647059 19
27 7 25 32 -0.5625 17
28 11 20 31 -0.290323 20
29 30 5 35 0.714286 17
30 23 9 32 0.4375 19
31 2 32 34 -0.882353 17
32 12 12 24 0 16
33 38 5 43 0.767442 14
34 14 10 24 0.166667 14
35 18 3 21 0.714286 14
36 23 12 35 0.314286 23
37 12 5 17 0.411765 11
38 13 23 36 -0.277778 16
39 5 29 34 -0.705882 18
40 20 10 30 0.333333 19
41 5 28 33 -0.69697 12
42 15 14 29 0.0344828 20
43 2 25 27 -0.851852 9
44 10 3 13 0.538462 7
45 33 7 40 0.65 12
46 43 3 46 0.869565 17
47 1 22 23 -0.913043 14
48 15 19 34 -0.117647 19
49 19 25 44 -0.136364 18
50 34 9 43 0.581395 15
51 4 11 15 -0.466667 14
52 38 2 40 0.9 17
53 5 30 35 -0.714286 14
54 13 22 35 -0.257143 18
55 4 33 37 -0.783784 18
56 17 24 41 -0.170732 20
57 11 26 37 -0.405405 18
58 18 23 41 -0.121951 19
59 20 6 26 0.538462 19
60 11 18 29 -0.241379 17
61 14 18 32 -0.125 19
62 8 10 18 -0.111111 13
63 10 18 28 -0.285714 16
64 8 19 27 -0.407407 15
65 31 9 40 0.55 18
66 31 1 32 0.9375 15
67 26 0 26 1 10
68 50 1 51 0.960784 12
69 31 5 36 0.722222 14
70 33 8 41 0.609756 18
71 11 6 17 0.294118 9
72 17 21 38 -0.105263 20
73 29 5 34 0.705882 17
74 29 5 34 0.705882 17
75 0 30 30 -1 14
76 14 22 36 -0.222222 23
77 1 22 23 -0.913043 13
78 20 6 26 0.538462 17
79 3 28 31 -0.806452 16
80 16 4 20 0.6 12
81 22 16 38 0.157895 18
82 2 29 31 -0.870968 15
83 26 8 34 0.529412 19
84 24 1 25 0.92 11
85 21 14 35 0.2 21
86 4 35 39 -0.794872 17
87 16 32 48 -0.333333 18
88 23 17 40 0.15 18
89 25 8 33 0.515152 15
90 4 33 37 -0.783784 11
91 25 15 40 0.25 19
92 4 31 35 -0.771429 11
93 5 15 20 -0.5 12
94 12 16 28 -0.142857 14
95 29 1 30 0.933333 14
96 49 3 52 0.884615 15
97 28 5 33 0.69697 12
98 33 4 37 0.783784 17
99 33 1 34 0.941176 16
100 21 8 29 0.448276 16
101 19 6 25 0.52 14
102 18 29 47 -0.234043 21
103 27 3 30 0.8 17
104 1 26 27 -0.925926 15
105 26 3 29 0.793103 12
106 6 22 28 -0.571429 16
107 32 2 34 0.882353 12
108 1 42 43 -0.953488 16
109 28 0 28 1 14
110 20 31 51 -0.215686 16
111 25 10 35 0.428571 19
112 30 5 35 0.714286 20
113 12 7 19 0.263158 12
114 9 9 18 0 12
115 37 1 38 0.947368 17
116 15 29 44 -0.318182 16
117 1 26 27 -0.925926 14
118 3 29 32 -0.8125 16
119 13 25 38 -0.315789 21
120 44 0 44 1 8
121 28 15 43 0.302326 20
122 7 32 39 -0.641026 16
123 29 5 34 0.705882 20
124 30 3 33 0.818182 12
125 12 6 18 0.333333 14
126 16 21 37 -0.135135 10
127 34 2 36 0.888889 16
128 11 22 33 -0.333333 17
129 26 2 28 0.857143 14
130 50 1 51 0.960784 10
131 37 1 38 0.947368 9
132 27 8 35 0.542857 16
133 20 17 37 0.0810811 22
134 17 4 21 0.619048 15
135 7 25 32 -0.5625 18
136 18 4 22 0.636364 15
137 49 2 51 0.921569 13
138 22 11 33 0.333333 16
139 9 22 31 -0.419355 18
140 42 0 42 1 16
141 23 5 28 0.642857 12
142 44 6 50 0.76 18
143 20 19 39 0.025641 17
144 37 2 39 0.897436 18
145 26 2 28 0.857143 15
146 21 16 37 0.135135 20
147 4 16 20 -0.6 12
148 32 5 37 0.72973 16
149 18 21 39 -0.0769231 23
150 2 37 39 -0.897436 13
151 26 4 30 0.733333 14
152 25 6 31 0.612903 17
153 25 17 42 0.190476 17
154 23 7 30 0.533333 16
155 19 17 36 0.0555556 21
156 7 7 14 0 11
157 21 10 31 0.354839 19
158 45 1 46 0.956522 17
159 13 26 39 -0.333333 20
160 9 4 13 0.384615 11
161 17 8 25 0.36 15
162 14 11 25 0.12 16
163 29 4 33 0.757576 18
164 0 50 50 -1 15
165 13 12 25 0.04 11
166 26 2 28 0.857143 15
167 36 5 41 0.756098 12
168 1 35 36 -0.944444 15
169 33 12 45 0.466667 18
170 40 7 47 0.702128 17
171 7 34 41 -0.658537 20
172 24 15 39 0.230769 21
173 38 3 41 0.853659 16
174 25 3 28 0.785714 14
175 22 3 25 0.76 15
176 14 28 42 -0.333333 20
177 26 16 42 0.238095 17
178 16 13 29 0.103448 18
179 1 45 46 -0.956522 17
180 10 18 28 -0.285714 19
181 18 7 25 0.44 19
182 6 31 37 -0.675676 17
183 13 14 27 -0.037037 16
184 23 26 49 -0.0612245 19
185 24 10 34 0.411765 14
186 13 24 37 -0.297297 22
187 19 0 19 1 10
188 9 24 33 -0.454545 16
189 16 12 28 0.142857 20
190 16 3 19 0.684211 10
191 10 33 43 -0.534884 21
192 29 6 35 0.657143 18
193 8 29 37 -0.567568 17
194 32 8 40 0.6 14
195 27 7 34 0.588235 14
196 9 18 27 -0.333333 17
197 14 20 34 -0.176471 19
198 17 20 37 -0.0810811 16
199 14 8 22 0.272727 13
200 29 5 34 0.705882 13
201 33 6 39 0.692308 20
202 7 23 30 -0.533333 18
203 48 1 49 0.959184 11
204 0 27 27 -1 13
205 14 22 36 -0.222222 19
206 23 6 29 0.586207 15
207 1 41 42 -0.952381 11
208 19 22 41 -0.0731707 17
209 2 19 21 -0.809524 10
210 17 25 42 -0.190476 20
211 2 57 59 -0.932203 11
212 15 23 38 -0.210526 22
213 25 21 46 0.0869565 19
214 5 28 33 -0.69697 17
215 15 14 29 0.0344828 14
216 4 34 38 -0.789474 17
217 29 8 37 0.567568 16
218 0 38 38 -1 13
219 11 13 24 -0.0833333 15
220 42 4 46 0.826087 18
221 49 1 50 0.96 11
222 2 21 23 -0.826087 17
223 21 13 34 0.235294 21
224 35 8 43 0.627907 16
225 6 38 44 -0.727273 22
226 26 8 34 0.529412 15
227 24 5 29 0.655172 13
228 13 21 34 -0.235294 20
229 10 10 20 0 16
230 34 3 37 0.837838 11
231 27 2 29 0.862069 14
232 12 24 36 -0.333333 15
233 31 10 41 0.512195 18
234 14 17 31 -0.0967742 19
235 2 41 43 -0.906977 11
236 3 40 43 -0.860465 15
237 7 7 14 0 8
238 29 2 31 0.870968 15
239 20 33 53 -0.245283 25
240 3 29 32 -0.8125 13
241 7 10 17 -0.176471 10
242 2 26 28 -0.857143 16
243 40 9 49 0.632653 21
244 20 14 34 0.176471 18
245 30 5 35 0.714286 15
246 7 28 35 -0.6 17
247 3 40 43 -0.860465 11
248 8 23 31 -0.483871 18
249 15 10 25 0.2 15
250 34 9 43 0.581395 17
251 8 27 35 -0.542857 12
252 37 5 42 0.761905 16
253 1 23 24 -0.916667 14
254 13 14 27 -0.037037 15
255 1 20 21 -0.904762 12
256 37 7 44 0.681818 21
257 20 13 33 0.212121 15
258 17 17 34 0 19
259 6 24 30 -0.6 16
260 8 19 27 -0.407407 18
261 20 26 46 -0.130435 22
262 16 15 31 0.0322581 19
263 5 13 18 -0.444444 13
264 17 19 36 -0.0555556 15
265 1 34 35 -0.942857 10
266 4 13 17 -0.529412 11
267 6 20 26 -0.538462 16
268 19 11 30 0.266667 18
269 11 13 24 -0.0833333 13
270 5 19 24 -0.583333 13
271 7 2 9 0.555556 8
272 16 13 29 0.103448 11
273 14 16 30 -0.0666667 21
274 23 10 33 0.393939 18
275 16 8 24 0.333333 15
276 8 19 27 -0.407407 11
277 3 34 37 -0.837838 17
278 18 16 34 0.0588235 15
279 6 21 27 -0.555556 14
280 2 19 21 -0.809524 11
281 8 36 44 -0.636364 20
282 13 25 38 -0.315789 17
283 14 1 15 0.866667 3
284 30 2 32 0.875 13
285 21 8 29 0.448276 16
286 21 10 31 0.354839 15
287 24 7 31 0.548387 14
288 3 47 50 -0.88 10
289 4 18 22 -0.636364 14
290 35 13 48 0.458333 24
291 15 12 27 0.111111 17
292 27 12 39 0.384615 19
293 0 33 33 -1 15
294 6 46 52 -0.769231 17
295 11 34 45 -0.511111 14
296 44 2 46 0.913043 11
297 15 25 40 -0.25 19
298 25 15 40 0.25 17
299 39 2 41 0.902439 12
300 10 13 23 -0.130435 15
301 8 18 26 -0.384615 14
302 2 30 32 -0.875 17
303 24 3 27 0.777778 16
304 41 5 46 0.782609 20
305 18 14 32 0.125 18
306 2 21 23 -0.826087 13
307 44 2 46 0.913043 10
308 23 0 23 1 14
309 13 13 26 0 15
310 3 42 45 -0.866667 19
311 25 15 40 0.25 16
312 20 17 37 0.0810811 19
313 28 10 38 0.473684 16
314 6 33 39 -0.692308 14
315 16 8 24 0.333333 18
316 16 18 34 -0.0588235 19
317 34 2 36 0.888889 16
318 35 1 36 0.944444 16
319 21 17 38 0.105263 18
320 21 7 28 0.5 15
321 3 47 50 -0.88 14
322 9 26 35 -0.485714 19
323 25 14 39 0.282051 21
324 2 32 34 -0.882353 14
325 33 11 44 0.5 21
326 39 7 46 0.695652 18
327 5 29 34 -0.705882 18
328 14 16 30 -0.0666667 15
329 5 27 32 -0.6875 13
330 13 19 32 -0.1875 16
331 0 50 50 -1 10
332 8 16 24 -0.333333 13
333 11 19 30 -0.266667 19
334 26 2 28 0.857143 13
335 1 46 47 -0.957447 13
336 29 8 37 0.567568 17
337 3 22 25 -0.76 14
338 2 23 25 -0.84 14
339 8 25 33 -0.515152 18
340 22 14 36 0.222222 21
341 31 2 33 0.878788 15
342 15 22 37 -0.189189 19
343 8 6 14 0.142857 9
344 10 0 10 1 3
345 26 3 29 0.793103 12
346 9 25 34 -0.470588 17
347 32 8 40 0.6 14
348 29 7 36 0.611111 17
349 26 14 40 0.3 23
350 25 3 28 0.785714 12
351 25 4 29 0.724138 11
352 35 6 41 0.707317 17
353 4 17 21 -0.619048 12
354 37 8 45 0.644444 16
355 24 10 34 0.411765 11
356 21 17 38 0.105263 19
357 20 7 27 0.481481 11
358 8 22 30 -0.466667 17
359 18 28 46 -0.217391 22
360 15 13 28 0.0714286 16
361 38 2 40 0.9 13
362 24 0 24 1 8
363 26 5 31 0.677419 16
364 23 12 35 0.314286 18
365 2 39 41 -0.902439 16
366 2 17 19 -0.789474 10
367 20 11 31 0.290323 19
368 20 10 30 0.333333 17
369 22 4 26 0.692308 12
370 0 36 36 -1 14
371 11 28 39 -0.435897 18
372 16 19 35 -0.0857143 17
373 32 1 33 0.939394 15
374 3 5 8 -0.25 7
375 9 19 28 -0.357143 14
376 16 11 27 0.185185 19
377 4 24 28 -0.714286 14
378 13 14 27 -0.037037 11
379 10 22 32 -0.375 13
380 30 16 46 0.304348 23
381 15 10 25 0.2 14
382 4 31 35 -0.771429 15
383 15 15 30 0 21
384 27 0 27 1 13
385 13 6 19 0.368421 14
386 50 5 55 0.818182 16
387 35 10 45 0.555556 22
388 45 2 47 0.914894 16
389 9 9 18 0 12
390 16 12 28 0.142857 13
391 22 7 29 0.517241 13
392 3 29 32 -0.8125 18
393 10 29 39 -0.487179 14
394 9 23 32 -0.4375 15
395 8 28 36 -0.555556 16
396 19 4 23 0.652174 11
397 12 20 32 -0.25 17
398 36 3 39 0.846154 15
399 12 38 50 -0.52 18
400 12 7 19 0.263158 14
401 13 12 25 0.04 18
402 30 5 35 0.714286 14
403 38 4 42 0.809524 16
404 35 0 35 1 12
405 10 15 25 -0.2 17
406 3 48 51 -0.882353 10
407 14 13 27 0.037037 18
408 10 28 38 -0.473684 15
409 15 32 47 -0.361702 22
410 7 17 24 -0.416667 11
411 4 46 50 -0.84 11
412 27 4 31 0.741935 11
413 15 7 22 0.363636 13
414 11 15 26 -0.153846 15
415 7 36 43 -0.674419 16
416 22 23 45 -0.0222222 19
417 28 7 35 0.6 16
418 32 11 43 0.488372 23
419 19 6 25 0.52 14
420 36 3 39 0.846154 17
421 3 22 25 -0.76 11
422 5 31 36 -0.722222 16
423 6 7 13 -0.0769231 8
424 20 14 34 0.176471 21
425 16 24 40 -0.2 18
426 5 18 23 -0.565217 15
427 6 25 31 -0.612903 18
428 22 16 38 0.157895 18
429 8 32 40 -0.6 16
430 31 1 32 0.9375 14
431 36 0 36 1 11
432 12 24 36 -0.333333 18
433 12 25 37 -0.351351 21
434 5 36 41 -0.756098 18
435 10 5 15 0.333333 11
436 35 2 37 0.891892 11
437 0 28 28 -1 13
438 28 2 30 0.866667 9
439 10 17 27 -0.259259 14
440 38 4 42 0.809524 17
441 21 1 22 0.909091 9
442 14 20 34 -0.176471 15
443 0 33 33 -1 11
444 18 14 32 0.125 18
445 7 16 23 -0.391304 16
446 6 35 41 -0.707317 13
447 29 7 36 0.611111 20
448 4 40 44 -0.818182 13
449 21 2 23 0.826087 9
450 7 17 24 -0.416667 11
451 38 1 39 0.948718 17
452 3 28 31 -0.806452 12
453 11 25 36 -0.388889 22
454 0 47 47 -1 11
455 2 34 36 -0.888889 14
456 26 16 42 0.238095 19
457 34 2 36 0.888889 15
458 3 37 40 -0.85 16
459 18 6 24 0.5 15
460 38 0 38 1 13
461 6 29 35 -0.657143 13
462 22 3 25 0.76 16
463 46 0 46 1 17
464 37 16 53 0.396226 20
465 18 7 25 0.44 16
466 8 27 35 -0.542857 18
467 1 42 43 -0.953488 13
468 33 0 33 1 16
469 15 21 36 -0.166667 22
470 3 42 45 -0.866667 16
471 10 42 52 -0.615385 21
472 3 23 26 -0.769231 15
473 20 7 27 0.481481 13
474 17 23 40 -0.15 21
475 25 16 41 0.219512 25
476 1 24 25 -0.92 12
477 19 18 37 0.027027 22
478 20 5 25 0.6 11
479 14 18 32 -0.125 19
480 2 16 18 -0.777778 12
481 22 1 23 0.913043 11
482 15 18 33 -0.0909091 20
483 17 31 48 -0.291667 18
484 4 24 28 -0.714286 15
485 1 30 31 -0.935484 13
486 41 1 42 0.952381 11
487 10 20 30 -0.333333 18
488 6 10 16 -0.25 11
489 3 37 40 -0.85 12
490 26 9 35 0.485714 20
491 22 8 30 0.466667 16
492 27 15 42 0.285714 18
493 2 24 26 -0.846154 12
494 4 25 29 -0.724138 14
495 31 3 34 0.823529 16
496 21 11 32 0.3125 12
497 23 2 25 0.84 16
498 24 8 32 0.5 14
499 8 31 39 -0.589744 15
500 9 41 50 -0.64 21
501 28 8 36 0.555556 13
502 12 6 18 0.333333 10
503 31 2 33 0.878788 15
504 59 1 60 0.966667 13
505 15 29 44 -0.318182 18
506 31 3 34 0.823529 18
507 28 3 31 0.806452 14
508 35 7 42 0.666667 19
509 38 10 48 0.583333 13
510 15 16 31 -0.0322581 15
511 3 24 27 -0.777778 16
512 13 32 45 -0.422222 15
513 2 12 14 -0.714286 9
514 19 7 26 0.461538 11
515 7 30 37 -0.621622 16
516 23 20 43 0.0697674 22
517 7 24 31 -0.548387 14
518 16 17 33 -0.030303 19
519 20 16 36 0.111111 14
520 9 28 37 -0.513514 15
521 27 2 29 0.862069 18
522 12 18 30 -0.2 14
523 21 15 36 0.166667 16
524 14 28 42 -0.333333 15
525 13 17 30 -0.133333 17
526 4 40 44 -0.818182 11
527 2 33 35 -0.885714 17
528 14 21 35 -0.2 18
529 2 39 41 -0.902439 13
530 17 19 36 -0.0555556 22
531 23 9 32 0.4375 17
532 50 4 54 0.851852 16
533 12 8 20 0.2 13
534 2 39 41 -0.902439 17
535 29 2 31 0.870968 8
536 3 30 33 -0.818182 15
537 27 6 33 0.636364 15
538 17 18 35 -0.0285714 21
539 14 17 31 -0.0967742 18
540 7 18 25 -0.44 14
541 23 16 39 0.179487 22
542 16 10 26 0.230769 14
543 18 13 31 0.16129 17
544 31 6 37 0.675676 15
545 49 3 52 0.884615 18
546 32 6 38 0.684211 13
547 12 23 35 -0.314286 23
548 9 25 34 -0.470588 15
549 35 10 45 0.555556 17
550 12 8 20 0.2 13
551 34 2 36 0.888889 13
552 8 24 32 -0.5 22
553 13 30 43 -0.395349 20
554 48 10 58 0.655172 21
555 24 9 33 0.454545 16
556 16 25 41 -0.219512 17
557 39 3 42 0.857143 14
558 9 36 45 -0.6 12
559 10 17 27 -0.259259 16
560 1 41 42 -0.952381 7
561 5 45 50 -0.8 15
562 6 23 29 -0.586207 15
563 10 10 20 0 11
564 4 30 34 -0.764706 13
565 30 5 35 0.714286 16
566 22 6 28 0.571429 15
567 26 17 43 0.209302 20
568 31 9 40 0.55 15
569 39 5 44 0.772727 21
570 0 43 43 -1 15
571 17 17 34 0 19
572 1 45 46 -0.956522 11
573 15 21 36 -0.166667 18
574 1 38 39 -0.948718 15
575 5 26 31 -0.677419 20
576 18 16 34 0.0588235 19
577 3 31 34 -0.823529 12
578 21 14 35 0.2 17
579 3 26 29 -0.793103 18
580 39 1 40 0.95 11
581 14 27 41 -0.317073 20
582 29 5 34 0.705882 16
583 7 26 33 -0.575758 14
584 1 44 45 -0.955556 10
585 22 30 52 -0.153846 27
586 26 4 30 0.733333 13
587 7 25 32 -0.5625 15
588 9 16 25 -0.28 9
589 19 11 30 0.266667 15
590 18 0 18 1 8
591 20 8 28 0.428571 16
592 15 24 39 -0.230769 24
593 7 32 39 -0.641026 17
594 35 3 38 0.842105 11
595 1 45 46 -0.956522 14
596 15 10 25 0.2 14
597 28 6 34 0.647059 18
598 20 10 30 0.333333 16
599 37 14 51 0.45098 21
600 27 9 36 0.5 15
601 11 2 13 0.692308 12
602 1 37 38 -0.947368 18
603 3 33 36 -0.833333 16
604 4 30 34 -0.764706 17
605 17 25 42 -0.190476 19
606 37 5 42 0.761905 15
607 46 3 49 0.877551 16
608 36 8 44 0.636364 18
609 22 2 24 0.833333 17
610 24 3 27 0.777778 15
611 19 10 29 0.310345 14
612 12 23 35 -0.314286 13
613 10 27 37 -0.459459 20
614 15 13 28 0.0714286 15
615 7 25 32 -0.5625 15
616 43 3 46 0.869565 19
617 3 22 25 -0.76 9
618 31 11 42 0.47619 21
619 22 14 36 0.222222 20
620 4 39 43 -0.813953 14
621 19 9 28 0.357143 12
622 10 7 17 0.176471 11
623 18 15 33 0.0909091 18
624 14 20 34 -0.176471 21
625 19 19 38 0 18
626 11 19 30 -0.266667 16
627 14 20 34 -0.176471 19
628 22 12 34 0.294118 17
629 10 19 29 -0.310345 20
630 16 26 42 -0.238095 23
631 29 5 34 0.705882 17
632 20 22 42 -0.047619 22
633 25 12 37 0.351351 20
634 5 36 41 -0.756098 13
635 18 22 40 -0.1 19
636 1 29 30 -0.933333 13
637 24 4 28 0.714286 12
638 11 8 19 0.157895 13
639 10 14 24 -0.166667 19
640 12 9 21 0.142857 15
641 5 35 40 -0.75 16
642 2 36 38 -0.894737 10
643 23 21 44 0.0454545 24
644 28 7 35 0.6 13
645 0 6 6 -1 3
646 26 2 28 0.857143 14
647 4 35 39 -0.794872 20
648 1 29 30 -0.933333 14
649 5 28 33 -0.69697 18
650 22 4 26 0.692308 13
651 23 17 40 0.15 22
652 26 10 36 0.444444 17
653 33 10 43 0.534884 21
654 13 22 35 -0.257143 16
655 27 7 34 0.588235 20
656 24 16 40 0.2 20
657 12 14 26 -0.0769231 16
658 48 2 50 0.92 7
659 34 7 41 0.658537 17
660 37 3 40 0.85 17
661 11 19 30 -0.266667 19
662 10 16 26 -0.230769 14
663 4 29 33 -0.757576 11
664 1 29 30 -0.933333 12
665 17 8 25 0.36 14
666 14 22 36 -0.222222 18
667 40 7 47 0.702128 15
668 1 29 30 -0.933333 15
669 23 5 28 0.642857 12
670 19 3 22 0.727273 9
671 27 10 37 0.459459 19
672 30 7 37 0.621622 16
673 35 2 37 0.891892 15
674 10 10 20 0 14
675 19 7 26 0.461538 14
676 28 3 31 0.806452 13
677 7 25 32 -0.5625 15
678 10 19 29 -0.310345 17
679 23 12 35 0.314286 16
680 16 16 32 0 18
681 7 26 33 -0.575758 18
682 29 4 33 0.757576 17
683 19 11 30 0.266667 16
684 12 11 23 0.0434783 17
685 17 7 24 0.416667 15
686 20 11 31 0.290323 18
687 26 10 36 0.444444 15
688 52 5 57 0.824561 14
689 10 20 30 -0.333333 16
690 29 4 33 0.757576 15
691 39 7 46 0.695652 15
692 24 7 31 0.548387 19
693 9 27 36 -0.5 16
694 11 5 16 0.375 11
695 2 31 33 -0.878788 15
696 10 28 38 -0.473684 15
697 7 29 36 -0.611111 18
698 9 16 25 -0.28 17
699 13 16 29 -0.103448 20
700 1 24 25 -0.92 12
701 5 34 39 -0.74359 15
702 11 8 19 0.157895 12
703 6 29 35 -0.657143 18
704 12 9 21 0.142857 15
705 2 29 31 -0.870968 13
706 15 14 29 0.0344828 14
707 25 10 35 0.428571 16
708 17 22 39 -0.128205 20
709 21 11 32 0.3125 15
710 13 25 38 -0.315789 17
711 23 7 30 0.533333 13
712 31 5 36 0.722222 16
713 29 11 40 0.45 18
714 42 1 43 0.953488 18
715 26 1 27 0.925926 15
716 14 17 31 -0.0967742 17
717 21 14 35 0.2 19
718 10 39 49 -0.591837 18
719 12 24 36 -0.333333 19
720 15 17 32 -0.0625 19
721 24 1 25 0.92 12
722 14 27 41 -0.317073 21
723 25 11 36 0.388889 16
724 11 18 29 -0.241379 16
725 7 22 29 -0.517241 16
726 20 8 28 0.428571 12
727 5 51 56 -0.821429 17
728 29 13 42 0.380952 21
729 2 38 40 -0.9 15
730 2 34 36 -0.888889 17
731 27 3 30 0.8 13
732 33 3 36 0.833333 17
733 29 1 30 0.933333 15
734 18 9 27 0.333333 14
735 20 6 26 0.538462 15
736 21 8 29 0.448276 14
737 21 16 37 0.135135 20
738 22 9 31 0.419355 18
739 3 46 49 -0.877551 16
740 22 15 37 0.189189 17
741 3 35 38 -0.842105 12
742 1 24 25 -0.92 9
743 15 16 31 -0.0322581 13
744 33 9 42 0.571429 21
745 21 8 29 0.448276 17
746 0 22 22 -1 13
747 14 24 38 -0.263158 21
748 9 19 28 -0.357143 17
749 1 40 41 -0.95122 14
750 23 17 40 0.15 19
751 18 24 42 -0.142857 17
752 18 31 49 -0.265306 20
753 7 26 33 -0.575758 16
754 31 2 33 0.878788 15
755 27 10 37 0.459459 17
756 0 43 43 -1 16
757 1 53 54 -0.962963 18
758 5 27 32 -0.6875 16
759 11 14 25 -0.12 14
760 2 45 47 -0.914894 9
761 43 2 45 0.911111 12
762 36 8 44 0.636364 20
763 19 19 38 0 18
764 3 33 36 -0.833333 11
765 5 19 24 -0.583333 10
766 1 46 47 -0.957447 11
767 21 16 37 0.135135 22
768 25 15 40 0.25 20
769 24 2 26 0.846154 16
770 3 17 20 -0.7 12
771 14 18 32 -0.125 18
772 12 27 39 -0.384615 16
773 4 20 24 -0.666667 12
774 8 27 35 -0.542857 19
775 5 35 40 -0.75 16
776 10 28 38 -0.473684 14
777 6 31 37 -0.675676 17
778 23 5 28 0.642857 15
779 1 33 34 -0.941176 10
780 13 23 36 -0.277778 16
781 31 10 41 0.512195 15
782 8 6 14 0.142857 9
783 9 32 41 -0.560976 22
784 0 22 22 -1 11
785 32 2 34 0.882353 12
786 6 26 32 -0.625 18
787 22 12 34 0.294118 20
788 12 16 28 -0.142857 14
789 16 18 34 -0.0588235 18
790 14 13 27 0.037037 16
791 15 32 47 -0.361702 26
792 2 32 34 -0.882353 10
793 3 43 46 -0.869565 17
794 28 10 38 0.473684 18
795 31 6 37 0.675676 18
796 34 7 41 0.658537 14
797 20 10 30 0.333333 16
798 26 1 27 0.925926 10
799 17 28 45 -0.244444 20
800 9 23 32 -0.4375 18
801 46 7 53 0.735849 15
802 3 24 27 -0.777778 15
803 1 24 25 -0.92 12
804 18 7 25 0.44 16
805 18 21 39 -0.0769231 16
806 27 14 41 0.317073 19
807 1 19 20 -0.9 8
808 3 25 28 -0.785714 15
809 32 2 34 0.882353 11
810 23 17 40 0.15 18
811 13 9 22 0.181818 14
812 8 41 49 -0.673469 16
813 17 12 29 0.172414 14
814 0 46 46 -1 9
815 10 40 50 -0.6 17
816 45 2 47 0.914894 13
817 15 17 32 -0.0625 17
818 1 38 39 -0.948718 15
819 17 24 41 -0.170732 21
820 29 1 30 0.933333 12
821 40 1 41 0.95122 17
822 38 3 41 0.853659 16
823 8 9 17 -0.0588235 12
824 14 25 39 -0.282051 17
825 7 32 39 -0.641026 13
826 13 30 43 -0.395349 19
827 32 1 33 0.939394 11
828 42 2 44 0.909091 15
829 16 16 32 0 20
830 29 4 33 0.757576 11
831 2 36 38 -0.894737 15
832 30 11 41 0.463415 21
833 9 40 49 -0.632653 20
834 5 16 21 -0.52381 14
835 2 34 36 -0.888889 15
836 28 8 36 0.555556 16
837 21 10 31 0.354839 20
838 34 2 36 0.888889 13
839 39 5 44 0.772727 14
840 15 14 29 0.0344828 15
841 20 12 32 0.25 19
842 28 11 39 0.435897 15
843 9 31 40 -0.55 21
844 23 12 35 0.314286 20
845 14 17 31 -0.0967742 16
846 24 12 36 0.333333 20
847 23 3 26 0.769231 14
848 1 37 38 -0.947368 11
849 33 3 36 0.833333 15
850 27 3 30 0.8 16
851 41 4 45 0.822222 15
852 14 20 34 -0.176471 17
853 4 25 29 -0.724138 15
854 11 7 18 0.222222 13
855 24 9 33 0.454545 15
856 26 13 39 0.333333 19
857 25 18 43 0.162791 19
858 43 9 52 0.653846 12
859 10 19 29 -0.310345 15
860 3 15 18 -0.666667 13
861 6 31 37 -0.675676 18
862 11 37 48 -0.541667 18
863 1 40 41 -0.95122 10
864 32 8 40 0.6 18
865 36 2 38 0.894737 10
866 24 4 28 0.714286 14
867 2 29 31 -0.870968 8
868 20 15 35 0.142857 22
869 8 19 27 -0.407407 12
870 4 39 43 -0.813953 17
871 37 3 40 0.85 15
872 28 4 32 0.75 12
873 33 5 38 0.736842 12
874 5 38 43 -0.767442 8
875 27 0 27 1 15
876 41 6 47 0.744681 21
877 14 14 28 0 18
878 4 55 59 -0.864407 18
879 13 15 28 -0.0714286 17
880 10 18 28 -0.285714 13
881 44 3 47 0.87234 17
882 8 31 39 -0.589744 19
883 12 18 30 -0.2 15
884 29 5 34 0.705882 17
885 38 1 39 0.948718 9
886 16 13 29 0.103448 15
887 7 36 43 -0.674419 17
888 33 3 36 0.833333 20
889 19 14 33 0.151515 17
890 8 11 19 -0.157895 14
891 24 19 43 0.116279 21
892 29 13 42 0.380952 23
893 40 8 48 0.666667 19
894 39 3 42 0.857143 11
895 10 22 32 -0.375 19
896 18 11 29 0.241379 17
897 31 3 34 0.823529 18
898 12 25 37 -0.351351 16
899 10 35 45 -0.555556 20
900 13 18 31 -0.16129 20
901 8 25 33 -0.515152 19
902 42 5 47 0.787234 16
903 18 10 28 0.285714 20
904 39 2 41 0.902439 20
905 10 10 20 0 12
906 21 10 31 0.354839 15
907 19 11 30 0.266667 14
908 45 0 45 1 9
909 25 9 34 0.470588 15
910 1 39 40 -0.95 11
911 8 21 29 -0.448276 17
912 25 7 32 0.5625 19
913 36 18 54 0.333333 24
914 21 21 42 0 18
915 25 3 28 0.785714 14
916 17 2 19 0.789474 9
917 29 2 31 0.870968 12
918 31 6 37 0.675676 19
919 30 7 37 0.621622 15
920 29 13 42 0.380952 13
921 8 14 22 -0.272727 14
922 1 15 16 -0.875 7
923 1 25 26 -0.923077 14
924 9 33 42 -0.571429 17
925 28 8 36 0.555556 17
926 28 2 30 0.866667 6
927 10 27 37 -0.459459 22
928 19 11 30 0.266667 17
929 42 6 48 0.75 18
930 7 26 33 -0.575758 17
931 18 17 35 0.0285714 20
932 9 27 36 -0.5 17
933 33 1 34 0.941176 12
934 26 5 31 0.677419 15
935 8 22 30 -0.466667 11
936 36 3 39 0.846154 15
937 9 32 41 -0.560976 23
938 30 0 30 1 14
939 7 26 33 -0.575758 17
940 14 16 30 -0.0666667 14
941 31 0 31 1 1
942 14 23 37 -0.243243 15
943 33 11 44 0.5 21
944 17 12 29 0.172414 14
945 3 43 46 -0.869565 12
946 14 17 31 -0.0967742 18
947 16 4 20 0.6 11
948 22 15 37 0.189189 16
949 14 24 38 -0.263158 24
950 37 8 45 0.644444 17
951 13 20 33 -0.212121 21
952 26 10 36 0.444444 19
953 13 12 25 0.04 15
954 38 3 41 0.853659 12
955 5 24 29 -0.655172 11
956 0 27 27 -1 10
957 9 29 38 -0.526316 13
958 0 41 41 -1 14
959 25 9 34 0.470588 14
960 9 7 16 0.125 11
961 1 28 29 -0.931034 10
962 16 14 30 0.0666667 21
963 3 31 34 -0.823529 18
964 24 6 30 0.6 13
965 17 16 33 0.030303 17
966 38 3 41 0.853659 12
967 23 7 30 0.533333 17
968 24 2 26 0.846154 10
969 1 28 29 -0.931034 11
970 9 32 41 -0.560976 12
971 4 21 25 -0.68 14
972 15 16 31 -0.0322581 14
973 20 16 36 0.111111 19
974 28 13 41 0.365854 22
975 13 9 22 0.181818 14
976 9 19 28 -0.357143 11
977 18 8 26 0.384615 15
978 25 10 35 0.428571 19
979 37 4 41 0.804878 19
980 3 32 35 -0.828571 11
981 12 21 33 -0.272727 17
982 1 37 38 -0.947368 13
983 12 21 33 -0.272727 19
984 25 23 48 0.0416667 19
985 19 5 24 0.583333 10
986 23 18 41 0.121951 15
987 5 24 29 -0.655172 15
988 8 27 35 -0.542857 16
989 25 1 26 0.923077 14
990 5 35 40 -0.75 20
991 16 40 56 -0.428571 24
992 30 7 37 0.621622 18
993 6 31 37 -0.675676 19
994 4 1 5 0.6 5
995 48 2 50 0.92 13
996 18 21 39 -0.0769231 20
997 18 22 40 -0.1 19
998 17 23 40 -0.15 21
999 5 25 30 -0.666667 15
1000 8 22 30 -0.466667 14
1001 25 17 42 0.190476 19
1002 8 24 32 -0.5 18
1003 11 26 37 -0.405405 16
1004 23 9 32 0.4375 13
1005 21 2 23 0.826087 11
1006 13 17 30 -0.133333 18
1007 24 13 37 0.297297 19
1008 8 23 31 -0.483871 18
1009 10 40 50 -0.6 20
1010 2 36 38 -0.894737 15
1011 20 4 24 0.666667 9
1012 11 25 36 -0.388889 18
1013 13 23 36 -0.277778 17
1014 25 17 42 0.190476 20
1015 15 22 37 -0.189189 24
1016 24 12 36 0.333333 15
1017 3 24 27 -0.777778 10
1018 1 23 24 -0.916667 13
1019 24 13 37 0.297297 19
1020 2 25 27 -0.851852 17
1021 9 34 43 -0.581395 21
1022 37 2 39 0.897436 10
1023 22 17 39 0.128205 21
1024 26 24 50 0.04 19
1025 8 22 30 -0.466667 15
1026 2 42 44 -0.909091 14
1027 10 26 36 -0.444444 15
1028 0 33 33 -1 13
1029 4 36 40 -0.8 21
1030 7 20 27 -0.481481 15
1031 7 22 29 -0.517241 17
1032 8 19 27 -0.407407 15
1033 1 51 52 -0.961538 10
1034 0 39 39 -1 9
1035 9 4 13 0.384615 10
1036 2 31 33 -0.878788 8
1037 5 33 38 -0.736842 18
1038 52 2 54 0.925926 15
1039 19 19 38 0 21
1040 14 19 33 -0.151515 22
1041 40 0 40 1 15
1042 19 21 40 -0.05 23
1043 4 29 33 -0.757576 14
1044 27 12 39 0.384615 17
1045 13 36 49 -0.469388 25
1046 37 0 37 1 10
1047 15 23 38 -0.210526 14
1048 2 24 26 -0.846154 12
1049 20 13 33 0.212121 16
1050 20 13 33 0.212121 14
1051 33 5 38 0.736842 15
1052 16 11 27 0.185185 18
1053 25 8 33 0.515152 12
1054 20 11 31 0.290323 15
1055 17 15 32 0.0625 18
1056 5 35 40 -0.75 19
1057 9 36 45 -0.6 18
1058 24 10 34 0.411765 19
1059 5 34 39 -0.74359 12
1060 19 23 42 -0.0952381 22
1061 5 45 50 -0.8 15
1062 13 14 27 -0.037037 16
1063 23 8 31 0.483871 13
1064 20 21 41 -0.0243902 20
1065 34 1 35 0.942857 13
1066 10 26 36 -0.444444 17
1067 13 11 24 0.0833333 13
1068 12 27 39 -0.384615 16
1069 3 26 29 -0.793103 17
1070 33 7 40 0.65 18
1071 2 24 26 -0.846154 10
1072 4 25 29 -0.724138 16
1073 26 2 28 0.857143 10
1074 21 10 31 0.354839 14
1075 14 13 27 0.037037 19
1076 31 0 31 1 7
1077 14 21 35 -0.2 16
1078 31 6 37 0.675676 21
1079 7 25 32 -0.5625 18
1080 35 6 41 0.707317 16
1081 1 38 39 -0.948718 13
1082 29 5 34 0.705882 12
1083 20 7 27 0.481481 17
1084 20 19 39 0.025641 20
1085 17 21 38 -0.105263 17
1086 20 10 30 0.333333 15
1087 1 24 25 -0.92 16
1088 8 15 23 -0.304348 12
1089 32 12 44 0.454545 22
1090 39 3 42 0.857143 11
1091 40 1 41 0.95122 12
1092 24 25 49 -0.0204082 19
1093 14 27 41 -0.317073 17
1094 32 0 32 1 14
1095 17 29 46 -0.26087 18
1096 22 3 25 0.76 16
1097 3 41 44 -0.863636 10
1098 16 9 25 0.28 18
1099 29 6 35 0.657143 17
1100 9 20 29 -0.37931 14
1101 9 18 27 -0.333333 17
1102 3 38 41 -0.853659 15
1103 0 42 42 -1 14
1104 15 23 38 -0.210526 14
1105 19 25 44 -0.136364 24
1106 1 39 40 -0.95 15
1107 8 29 37 -0.567568 18
1108 47 10 57 0.649123 18
1109 1 20 21 -0.904762 14
1110 12 25 37 -0.351351 23
1111 24 10 34 0.411765 16
1112 1 32 33 -0.939394 14
1113 0 25 25 -1 10
1114 2 15 17 -0.764706 9
1115 11 7 18 0.222222 12
1116 3 56 59 -0.898305 15
1117 31 4 35 0.771429 16
1118 16 15 31 0.0322581 15
1119 13 13 26 0 15
1120 15 18 33 -0.0909091 17
1121 26 1 27 0.925926 10
1122 8 21 29 -0.448276 15
1123 12 11 23 0.0434783 14
1124 7 19 26 -0.461538 16
1125 10 29 39 -0.487179 21
1126 43 2 45 0.911111 14
1127 2 40 42 -0.904762 15
1128 2 28 30 -0.866667 14
1129 4 26 30 -0.733333 15
1130 17 7 24 0.416667 13
1131 19 17 36 0.0555556 17
1132 5 34 39 -0.74359 21
1133 31 4 35 0.771429 13
1134 14 17 31 -0.0967742 19
1135 9 38 47 -0.617021 15
1136 6 31 37 -0.675676 18
1137 22 13 35 0.257143 19
1138 26 1 27 0.925926 12
1139 6 34 40 -0.7 16
1140 22 10 32 0.375 17
1141 44 5 49 0.795918 20
1142 8 44 52 -0.692308 19
1143 26 8 34 0.529412 19
1144 15 24 39 -0.230769 25
1145 3 49 52 -0.884615 16
1146 19 23 42 -0.0952381 17
1147 29 12 41 0.414634 14
1148 12 8 20 0.2 14
1149 3 16 19 -0.684211 12
1150 6 16 22 -0.454545 14
1151 23 17 40 0.15 16
1152 28 14 42 0.333333 20
1153 27 11 38 0.421053 21
1154 11 18 29 -0.241379 17
1155 13 16 29 -0.103448 15
1156 2 30 32 -0.875 15
1157 21 16 37 0.135135 16
1158 4 27 31 -0.741935 16
1159 37 7 44 0.681818 19
1160 46 5 51 0.803922 13
1161 3 37 40 -0.85 15
1162 15 29 44 -0.318182 23
1163 5 25 30 -0.666667 12
1164 36 1 37 0.945946 13
1165 18 19 37 -0.027027 16
1166 27 3 30 0.8 14
1167 9 29 38 -0.526316 16
1168 14 6 20 0.4 13
1169 11 39 50 -0.56 23
1170 18 10 28 0.285714 14
1171 11 14 25 -0.12 17
1172 2 29 31 -0.870968 14
1173 11 32 43 -0.488372 18
1174 0 0 0 0 0
1175 13 6 19 0.368421 11
1176 20 10 30 0.333333 13
1177 26 7 33 0.575758 18
1178 44 14 58 0.517241 17
1179 8 13 21 -0.238095 10
1180 3 38 41 -0.853659 19
1181 17 11 28 0.214286 13
1182 29 18 47 0.234043 24
1183 14 20 34 -0.176471 17
1184 28 1 29 0.931034 14
1185 12 5 17 0.411765 12
1186 18 21 39 -0.0769231 17
1187 9 24 33 -0.454545 15
1188 33 8 41 0.609756 19
1189 1 49 50 -0.96 18
1190 24 2 26 0.846154 10
1191 25 6 31 0.612903 17
1192 15 6 21 0.428571 14
1193 20 9 29 0.37931 18
1194 5 23 28 -0.642857 11
1195 23 11 34 0.352941 19
1196 8 22 30 -0.466667 22
1197 17 14 31 0.0967742 17
1198 5 28 33 -0.69697 18
1199 11 36 47 -0.531915 17
1200 39 5 44 0.772727 13
1201 27 2 29 0.862069 11
1202 5 35 40 -0.75 21
1203 10 20 30 -0.333333 15
1204 0 33 33 -1 11
1205 24 14 38 0.263158 21
1206 5 26 31 -0.677419 16
1207 5 14 19 -0.473684 15
1208 24 6 30 0.6 16
1209 1 39 40 -0.95 8
1210 16 20 36 -0.111111 18
1211 15 26 41 -0.268293 20
1212 9 35 44 -0.590909 19
1213 10 19 29 -0.310345 16
1214 5 36 41 -0.756098 18
1215 14 35 49 -0.428571 21
1216 3 27 30 -0.8 15
1217 19 7 26 0.461538 17
1218 36 0 36 1 12
1219 27 17 44 0.227273 18
1220 9 27 36 -0.5 15
1221 33 3 36 0.833333 15
1222 13 17 30 -0.133333 11
1223 21 17 38 0.105263 16
1224 18 10 28 0.285714 13
1225 28 1 29 0.931034 17
1226 9 14 23 -0.217391 14
1227 9 20 29 -0.37931 14
1228 0 9 9 -1 6
1229 10 17 27 -0.259259 16
1230 34 11 45 0.511111 20
1231 34 7 41 0.658537 16
1232 45 5 50 0.8 16
1233 16 24 40 -0.2 20
1234 7 18 25 -0.44 16
1235 10 17 27 -0.259259 17
1236 41 2 43 0.906977 17
1237 32 2 34 0.882353 15
1238 10 22 32 -0.375 13
1239 26 14 40 0.3 25
1240 25 8 33 0.515152 18
1241 32 1 33 0.939394 17
1242 2 18 20 -0.8 10
1243 11 20 31 -0.290323 14
1244 7 30 37 -0.621622 22
1245 33 7 40 0.65 12
1246 18 14 32 0.125 17
1247 6 20 26 -0.538462 15
1248 23 2 25 0.84 13
1249 10 29 39 -0.487179 21
1250 9 32 41 -0.560976 20
1251 6 26 32 -0.625 13
1252 17 22 39 -0.128205 20
1253 24 12 36 0.333333 19
1254 11 13 24 -0.0833333 17
1255 28 0 28 1 8
1256 42 2 44 0.909091 12
1257 20 7 27 0.481481 17
1258 23 6 29 0.586207 17
1259 8 33 41 -0.609756 18
1260 7 29 36 -0.611111 16
1261 10 17 27 -0.259259 10
1262 13 22 35 -0.257143 19
1263 16 23 39 -0.179487 24
1264 37 2 39 0.897436 15
1265 13 11 24 0.0833333 15
1266 0 12 12 -1 7
1267 9 19 28 -0.357143 20
1268 22 26 48 -0.0833333 20
1269 18 11 29 0.241379 15
1270 2 42 44 -0.909091 16
1271 18 11 29 0.241379 17
1272 21 20 41 0.0243902 22
1273 33 7 40 0.65 18
1274 21 31 52 -0.192308 19
1275 6 44 50 -0.76 18
1276 35 2 37 0.891892 15
1277 24 1 25 0.92 11
1278 32 8 40 0.6 19
1279 26 4 30 0.733333 14
1280 20 19 39 0.025641 21
1281 6 13 19 -0.368421 10
1282 35 10 45 0.555556 19
1283 25 2 27 0.851852 8
1284 16 10 26 0.230769 14
1285 30 0 30 1 13
1286 3 44 47 -0.87234 8
1287 7 27 34 -0.588235 14
1288 22 11 33 0.333333 17
1289 5 32 37 -0.72973 17
1290 12 22 34 -0.294118 15
1291 4 24 28 -0.714286 14
1292 19 25 44 -0.136364 17
1293 5 20 25 -0.6 16
1294 10 28 38 -0.473684 20
1295 1 31 32 -0.9375 16
1296 24 11 35 0.371429 10
1297 3 31 34 -0.823529 10
1298 0 46 46 -1 9
1299 27 9 36 0.5 21
1300 30 14 44 0.363636 16
1301 1 21 22 -0.909091 13
1302 2 27 29 -0.862069 13
1303 20 6 26 0.538462 11
1304 22 5 27 0.62963 13
1305 3 30 33 -0.818182 10
1306 40 1 41 0.95122 13
1307 12 31 43 -0.44186 13
1308 2 56 58 -0.931034 16
1309 25 5 30 0.666667 14
1310 18 16 34 0.0588235 21
1311 41 1 42 0.952381 13
1312 0 37 37 -1 16
1313 8 19 27 -0.407407 17
1314 30 3 33 0.818182 18
1315 7 23 30 -0.533333 14
1316 27 21 48 0.125 16
1317 10 16 26 -0.230769 14
1318 8 26 34 -0.529412 18
1319 21 6 27 0.555556 12
1320 13 15 28 -0.0714286 14
1321 3 26 29 -0.793103 14
1322 3 32 35 -0.828571 18
1323 27 6 33 0.636364 16
1324 19 8 27 0.407407 14
1325 6 38 44 -0.727273 15
1326 2 27 29 -0.862069 13
1327 12 19 31 -0.225806 13
1328 24 14 38 0.263158 21
1329 48 5 53 0.811321 17
1330 15 24 39 -0.230769 19
1331 8 32 40 -0.6 15
1332 37 6 43 0.72093 21
1333 13 16 29 -0.103448 15
1334 39 5 44 0.772727 19
1335 18 25 43 -0.162791 20
1336 13 19 32 -0.1875 17
1337 13 31 44 -0.409091 12
1338 34 4 38 0.789474 19
1339 12 27 39 -0.384615 18
1340 35 3 38 0.842105 17
1341 7 35 42 -0.666667 15
1342 6 24 30 -0.6 14
1343 12 34 46 -0.478261 18
1344 19 20 39 -0.025641 20
1345 25 11 36 0.388889 12
1346 35 12 47 0.489362 18
1347 7 29 36 -0.611111 17
1348 50 7 57 0.754386 16
1349 22 13 35 0.257143 15
1350 5 27 32 -0.6875 8
1351 24 10 34 0.411765 15
1352 5 23 28 -0.642857 16
1353 23 2 25 0.84 16
1354 26 14 40 0.3 21
1355 8 27 35 -0.542857 17
1356 2 47 49 -0.918367 15
1357 2 31 33 -0.878788 15
1358 43 0 43 1 13
1359 27 6 33 0.636364 16
1360 1 3 4 -0.5 3
1361 3 18 21 -0.714286 15
1362 10 12 22 -0.0909091 15
1363 21 8 29 0.448276 13
1364 36 9 45 0.6 15
1365 5 25 30 -0.666667 19
1366 14 27 41 -0.317073 20
1367 4 34 38 -0.789474 16
1368 5 33 38 -0.736842 18
1369 24 10 34 0.411765 15
1370 22 8 30 0.466667 19
1371 9 14 23 -0.217391 15
1372 15 15 30 0 16
1373 3 36 39 -0.846154 12
1374 45 0 45 1 9
1375 11 11 22 0 12
1376 12 21 33 -0.272727 19
1377 27 8 35 0.542857 16
1378 38 2 40 0.9 11
1379 22 10 32 0.375 18
1380 11 24 35 -0.371429 17
1381 8 27 35 -0.542857 16
1382 16 11 27 0.185185 16
1383 38 0 38 1 17
1384 49 3 52 0.884615 13
1385 2 45 47 -0.914894 14
1386 30 16 46 0.304348 26
1387 22 14 36 0.222222 20
1388 37 5 42 0.761905 15
1389 3 15 18 -0.666667 10
1390 25 16 41 0.219512 22
1391 36 6 42 0.714286 16
1392 28 6 34 0.647059 20
1393 9 21 30 -0.4 18
1394 4 34 38 -0.789474 17
1395 29 15 44 0.318182 20
1396 8 28 36 -0.555556 15
1397 23 14 37 0.243243 20
1398 9 19 28 -0.357143 14
1399 25 1 26 0.923077 12
1400 9 15 24 -0.25 12
1401 31 8 39 0.589744 18
1402 15 18 33 -0.0909091 20
1403 43 4 47 0.829787 14
1404 2 26 28 -0.857143 15
1405 46 1 47 0.957447 9
1406 34 0 34 1 17
1407 25 8 33 0.515152 17
1408 22 18 40 0.1 13
1409 50 2 52 0.923077 12
1410 15 15 30 0 18
1411 20 16 36 0.111111 17
1412 17 15 32 0.0625 20
1413 4 33 37 -0.783784 15
1414 34 2 36 0.888889 19
1415 8 22 30 -0.466667 18
1416 13 12 25 0.04 18
1417 28 15 43 0.302326 23
1418 32 1 33 0.939394 10
1419 23 6 29 0.586207 12
1420 18 28 46 -0.217391 20
1421 31 11 42 0.47619 20
1422 27 0 27 1 11
1423 19 9 28 0.357143 17
1424 27 14 41 0.317073 17
1425 32 8 40 0.6 14
1426 26 10 36 0.444444 21
1427 43 3 46 0.869565 15
1428 21 10 31 0.354839 19
1429 7 23 30 -0.533333 15
1430 12 24 36 -0.333333 12
1431 2 19 21 -0.809524 12
1432 18 14 32 0.125 19
1433 3 14 17 -0.647059 9
1434 0 27 27 -1 14
1435 30 4 34 0.764706 10
1436 5 18 23 -0.565217 16
1437 24 11 35 0.371429 19
1438 24 11 35 0.371429 24
1439 21 1 22 0.909091 6
1440 27 9 36 0.5 22
1441 6 29 35 -0.657143 14
1442 16 19 35 -0.0857143 22
1443 6 12 18 -0.333333 12
1444 6 36 42 -0.714286 18
1445 9 20 29 -0.37931 19
1446 25 15 40 0.25 19
1447 21 9 30 0.4 13
1448 4 37 41 -0.804878 15
1449 12 32 44 -0.454545 14
1450 4 16 20 -0.6 13
1451 13 22 35 -0.257143 20
1452 16 10 26 0.230769 17
1453 16 13 29 0.103448 18
1454 16 18 34 -0.0588235 16
1455 1 24 25 -0.92 13
1456 21 24 45 -0.0666667 25
1457 20 12 32 0.25 17
1458 14 20 34 -0.176471 19
1459 4 22 26 -0.692308 13
1460 43 4 47 0.829787 14
1461 13 38 51 -0.490196 14
1462 0 16 16 -1 11
1463 1 33 34 -0.941176 14
1464 2 34 36 -0.888889 12
1465 31 14 45 0.377778 22
1466 20 6 26 0.538462 17
1467 8 27 35 -0.542857 23
1468 10 19 29 -0.310345 10
1469 37 6 43 0.72093 20
1470 30 8 38 0.578947 18
1471 7 32 39 -0.641026 16
1472 25 11 36 0.388889 19
1473 16 23 39 -0.179487 23
1474 8 32 40 -0.6 19
1475 8 13 21 -0.238095 15
1476 24 7 31 0.548387 17
1477 6 36 42 -0.714286 17
1478 9 10 19 -0.0526316 14
1479 10 19 29 -0.310345 18
1480 5 26 31 -0.677419 10
1481 25 5 30 0.666667 18
1482 34 4 38 0.789474 11
1483 9 28 37 -0.513514 21
1484 19 16 35 0.0857143 18
1485 12 20 32 -0.25 14
1486 35 3 38 0.842105 18
1487 16 16 32 0 18
1488 0 31 31 -1 10
1489 15 10 25 0.2 17
1490 11 24 35 -0.371429 18
1491 7 30 37 -0.621622 17
1492 3 20 23 -0.73913 10
1493 21 13 34 0.235294 17
1494 1 27 28 -0.928571 12
1495 9 13 22 -0.181818 15
1496 9 19 28 -0.357143 11
1497 8 20 28 -0.428571 18
1498 19 5 24 0.583333 11
1499 4 22 26 -0.692308 11
1500 14 22 36 -0.222222 21
1501 5 36 41 -0.756098 17
1502 13 10 23 0.130435 17
1503 13 20 33 -0.212121 18
1504 20 22 42 -0.047619 23
1505 14 13 27 0.037037 14
1506 31 6 37 0.675676 14
1507 15 21 36 -0.166667 18
1508 2 41 43 -0.906977 13
1509 53 3 56 0.892857 20
1510 13 14 27 -0.037037 20
1511 15 16 31 -0.0322581 19
1512 13 12 25 0.04 10
1513 32 6 38 0.684211 19
1514 14 16 30 -0.0666667 20
1515 27 1 28 0.928571 15
1516 16 17 33 -0.030303 15
1517 4 28 32 -0.75 17
1518 1 24 25 -0.92 13
1519 30 5 35 0.714286 14
1520 15 2 17 0.764706 12
1521 4 46 50 -0.84 20
1522 40 1 41 0.95122 13
1523 39 8 47 0.659574 16
1524 34 0 34 1 15
1525 25 9 34 0.470588 15
1526 35 4 39 0.794872 22
1527 7 27 34 -0.588235 16
1528 19 26 45 -0.155556 14
1529 15 20 35 -0.142857 17
1530 27 11 38 0.421053 22
1531 13 7 20 0.3 15
1532 20 8 28 0.428571 13
1533 17 20 37 -0.0810811 19
1534 25 5 30 0.666667 17
1535 21 4 25 0.68 13
1536 24 5 29 0.655172 17
1537 24 14 38 0.263158 17
1538 37 10 47 0.574468 18
1539 15 22 37 -0.189189 17
1540 3 49 52 -0.884615 13
1541 30 3 33 0.818182 16
1542 13 9 22 0.181818 15
1543 19 8 27 0.407407 14
1544 24 10 34 0.411765 18
1545 17 26 43 -0.209302 21
1546 18 12 30 0.2 18
1547 24 22 46 0.0434783 19
1548 1 43 44 -0.954545 12
1549 28 0 28 1 13
1550 18 14 32 0.125 18
1551 38 5 43 0.767442 15
1552 11 23 34 -0.352941 18
1553 22 16 38 0.157895 19
1554 8 32 40 -0.6 14
1555 1 33 34 -0.941176 8
1556 17 12 29 0.172414 19
1557 22 8 30 0.466667 16
1558 8 22 30 -0.466667 16
1559 7 21 28 -0.5 18
1560 4 35 39 -0.794872 17
1561 12 25 37 -0.351351 18
1562 53 2 55 0.927273 18
1563 9 10 19 -0.0526316 13
1564 8 27 35 -0.542857 16
1565 30 7 37 0.621622 17
1566 17 22 39 -0.128205 14
1567 4 28 32 -0.75 17
1568 8 25 33 -0.515152 17
1569 9 4 13 0.384615 9
1570 20 23 43 -0.0697674 21
1571 24 5 29 0.655172 16
1572 15 10 25 0.2 12
1573 11 35 46 -0.521739 21
1574 33 6 39 0.692308 15
1575 25 4 29 0.724138 18
1576 46 2 48 0.916667 14
1577 32 9 41 0.560976 22
1578 28 14 42 0.333333 18
1579 2 32 34 -0.882353 16
1580 5 39 44 -0.772727 14
1581 46 8 54 0.703704 16
1582 0 20 20 -1 10
1583 0 35 35 -1 12
1584 47 1 48 0.958333 15
1585 11 3 14 0.571429 8
1586 8 27 35 -0.542857 20
1587 37 2 39 0.897436 16
1588 16 19 35 -0.0857143 18
1589 20 13 33 0.212121 14
1590 30 11 41 0.463415 15
1591 24 4 28 0.714286 13
1592 6 16 22 -0.454545 14
1593 22 15 37 0.189189 16
1594 3 30 33 -0.818182 17
1595 35 4 39 0.794872 18
1596 11 23 34 -0.352941 23
1597 43 1 44 0.954545 14
1598 3 36 39 -0.846154 17
1599 5 22 27 -0.62963 17
1600 18 5 23 0.565217 14
1601 0 55 55 -1 10
1602 20 2 22 0.818182 14
1603 3 27 30 -0.8 13
1604 11 28 39 -0.435897 16
1605 5 21 26 -0.615385 18
1606 6 52 58 -0.793103 19
1607 12 31 43 -0.44186 18
1608 25 7 32 0.5625 14
1609 24 12 36 0.333333 20
1610 35 3 38 0.842105 15
1611 16 25 41 -0.219512 21
1612 11 20 31 -0.290323 20
1613 16 12 28 0.142857 16
1614 24 13 37 0.297297 21
1615 14 24 38 -0.263158 16
1616 2 37 39 -0.897436 15
1617 5 8 13 -0.230769 8
1618 34 3 37 0.837838 16
1619 4 43 47 -0.829787 16
1620 29 8 37 0.567568 12
1621 10 31 41 -0.512195 19
1622 20 11 31 0.290323 15
1623 39 0 39 1 15
1624 23 7 30 0.533333 17
1625 17 6 23 0.478261 13
1626 1 16 17 -0.882353 11
1627 27 12 39 0.384615 22
1628 12 20 32 -0.25 14
1629 26 5 31 0.677419 14
1630 15 17 32 -0.0625 18
1631 13 15 28 -0.0714286 13
1632 13 36 49 -0.469388 20
1633 6 35 41 -0.707317 18
1634 39 3 42 0.857143 11
1635 27 1 28 0.928571 12
1636 2 44 46 -0.913043 17
1637 15 20 35 -0.142857 20
1638 21 2 23 0.826087 14
1639 19 14 33 0.151515 18
1640 31 5 36 0.722222 13
1641 18 18 36 0 18
1642 15 15 30 0 20
1643 1 31 32 -0.9375 15
1644 0 34 34 -1 10
1645 12 12 24 0 13
1646 4 36 40 -0.8 16
1647 5 42 47 -0.787234 11
1648 1 40 41 -0.95122 8
1649 34 1 35 0.942857 16
1650 24 8 32 0.5 15
1651 29 1 30 0.933333 10
1652 37 2 39 0.897436 10
1653 7 37 44 -0.681818 15
1654 19 13 32 0.1875 17
1655 21 6 27 0.555556 10
1656 5 22 27 -0.62963 15
1657 16 20 36 -0.111111 20
1658 12 5 17 0.411765 12
1659 21 0 21 1 11
1660 6 37 43 -0.72093 16
1661 19 14 33 0.151515 16
1662 10 12 22 -0.0909091 15
1663 9 11 20 -0.1 14
1664 47 2 49 0.918367 13
1665 13 16 29 -0.103448 14
1666 23 13 36 0.277778 19
1667 40 3 43 0.860465 13
1668 13 25 38 -0.315789 21
1669 6 23 29 -0.586207 15
1670 16 21 37 -0.135135 16
1671 13 18 31 -0.16129 17
1672 23 5 28 0.642857 17
1673 45 7 52 0.730769 18
1674 13 31 44 -0.409091 15
1675 11 23 34 -0.352941 18
1676 24 3 27 0.777778 12
1677 14 17 31 -0.0967742 19
1678 11 22 33 -0.333333 17
1679 14 16 30 -0.0666667 19
1680 1 31 32 -0.9375 14
1681 37 1 38 0.947368 18
1682 30 3 33 0.818182 13
1683 12 21 33 -0.272727 16
1684 20 4 24 0.666667 10
1685 18 3 21 0.714286 10
1686 35 9 44 0.590909 14
1687 49 5 54 0.814815 17
1688 1 33 34 -0.941176 13
1689 13 16 29 -0.103448 17
1690 30 10 40 0.5 17
1691 22 25 47 -0.0638298 20
1692 3 36 39 -0.846154 16
1693 15 13 28 0.0714286 15
1694 27 10 37 0.459459 19
1695 9 19 28 -0.357143 15
1696 27 4 31 0.741935 19
1697 21 8 29 0.448276 17
1698 12 11 23 0.0434783 11
1699 12 9 21 0.142857 16
1700 0 55 55 -1 11
1701 44 3 47 0.87234 17
1702 41 3 44 0.863636 13
1703 45 0 45 1 13
1704 26 14 40 0.3 19
1705 0 36 36 -1 16
1706 8 36 44 -0.636364 18
1707 11 13 24 -0.0833333 12
1708 27 1 28 0.928571 13
1709 49 1 50 0.96 13
1710 34 0 34 1 15
1711 19 19 38 0 19
1712 6 30 36 -0.666667 14
1713 23 4 27 0.703704 11
1714 15 32 47 -0.361702 24
1715 5 23 28 -0.642857 16
1716 6 31 37 -0.675676 17
1717 23 17 40 0.15 18
1718 14 18 32 -0.125 20
1719 2 42 44 -0.909091 13
1720 38 0 38 1 15
1721 24 18 42 0.142857 19
1722 10 26 36 -0.444444 16
1723 18 24 42 -0.142857 18
1724 16 26 42 -0.238095 23
1725 24 5 29 0.655172 12
1726 25 10 35 0.428571 14
1727 28 2 30 0.866667 14
1728 50 3 53 0.886792 17
1729 15 24 39 -0.230769 19
1730 5 38 43 -0.767442 16
1731 7 27 34 -0.588235 19
1732 5 23 28 -0.642857 15
1733 3 30 33 -0.818182 16
1734 2 27 29 -0.862069 14
1735 3 23 26 -0.769231 14
1736 26 13 39 0.333333 15
1737 13 13 26 0 17
1738 13 29 42 -0.380952 23
1739 26 0 26 1 14
1740 20 5 25 0.6 17
1741 15 10 25 0.2 17
1742 3 28 31 -0.806452 11
1743 11 15 26 -0.153846 18
1744 24 11 35 0.371429 20
1745 35 5 40 0.75 18
1746 47 4 51 0.843137 21
1747 26 11 37 0.405405 17
1748 32 9 41 0.560976 18
1749 23 7 30 0.533333 12
1750 5 28 33 -0.69697 11
1751 31 12 43 0.44186 21
1752 3 29 32 -0.8125 15
1753 47 3 50 0.88 11
1754 12 31 43 -0.44186 21
1755 5 35 40 -0.75 21
1756 7 10 17 -0.176471 13
1757 5 27 32 -0.6875 18
1758 14 6 20 0.4 13
1759 14 20 34 -0.176471 20
1760 4 32 36 -0.777778 14
1761 3 48 51 -0.882353 17
1762 10 10 20 0 15
1763 9 20 29 -0.37931 17
1764 3 22 25 -0.76 15
1765 20 3 23 0.73913 15
1766 5 32 37 -0.72973 13
1767 5 29 34 -0.705882 18
1768 30 5 35 0.714286 14
1769 6 29 35 -0.657143 17
1770 2 41 43 -0.906977 12
1771 24 6 30 0.6 12
1772 15 39 54 -0.444444 22
1773 6 29 35 -0.657143 16
1774 38 14 52 0.461538 24
1775 4 39 43 -0.813953 18
1776 20 8 28 0.428571 16
1777 10 5 15 0.333333 10
1778 20 21 41 -0.0243902 20
1779 7 37 44 -0.681818 19
1780 38 2 40 0.9 17
1781 15 26 41 -0.268293 17
1782 22 12 34 0.294118 21
1783 7 33 40 -0.65 24
1784 3 8 11 -0.454545 6
1785 39 4 43 0.813953 16
1786 13 11 24 0.0833333 15
1787 27 5 32 0.6875 19
1788 0 17 17 -1 7
1789 9 32 41 -0.560976 17
1790 3 14 17 -0.647059 11
1791 39 2 41 0.902439 16
1792 11 21 32 -0.3125 16
1793 28 2 30 0.866667 11
1794 8 23 31 -0.483871 17
1795 17 7 24 0.416667 15
1796 6 30 36 -0.666667 14
1797 28 12 40 0.4 13
1798 0 32 32 -1 14
1799 11 9 20 0.1 14
1800 2 19 21 -0.809524 11
1801 1 44 45 -0.955556 9
1802 6 32 38 -0.684211 19
1803 38 0 38 1 16
1804 7 16 23 -0.391304 13
1805 1 36 37 -0.945946 10
1806 31 0 31 1 14
1807 42 4 46 0.826087 14
1808 1 51 52 -0.961538 9
1809 25 12 37 0.351351 21
1810 16 10 26 0.230769 16
1811 34 4 38 0.789474 15
1812 17 20 37 -0.0810811 15
1813 3 36 39 -0.846154 13
1814 47 0 47 1 8
1815 7 29 36 -0.611111 15
1816 10 16 26 -0.230769 17
1817 3 25 28 -0.785714 15
1818 16 10 26 0.230769 15
1819 40 4 44 0.818182 13
1820 5 27 32 -0.6875 17
1821 33 1 34 0.941176 8
1822 15 18 33 -0.0909091 18
1823 20 20 40 0 24
1824 20 12 32 0.25 13
1825 18 7 25 0.44 12
1826 11 13 24 -0.0833333 12
1827 10 17 27 -0.259259 15
1828 10 13 23 -0.130435 15
1829 27 3 30 0.8 13
1830 14 22 36 -0.222222 20
1831 24 18 42 0.142857 15
1832 15 25 40 -0.25 17
1833 11 4 15 0.466667 8
1834 22 9 31 0.419355 18
1835 3 44 47 -0.87234 13
1836 5 29 34 -0.705882 16
1837 28 3 31 0.806452 15
1838 28 6 34 0.647059 17
1839 13 26 39 -0.333333 20
1840 38 7 45 0.688889 17
1841 1 23 24 -0.916667 11
1842 29 16 45 0.288889 21
1843 0 34 34 -1 17
1844 2 18 20 -0.8 9
1845 9 20 29 -0.37931 15
1846 22 20 42 0.047619 25
1847 6 24 30 -0.6 12
1848 6 18 24 -0.5 14
1849 23 9 32 0.4375 17
1850 52 2 54 0.925926 10
1851 7 29 36 -0.611111 14
1852 20 9 29 0.37931 16
1853 20 14 34 0.176471 21
1854 17 12 29 0.172414 11
1855 4 29 33 -0.757576 18
1856 8 8 16 0 10
1857 41 6 47 0.744681 15
1858 32 0 32 1 9
1859 9 25 34 -0.470588 17
1860 2 27 29 -0.862069 13
1861 31 17 48 0.291667 23
1862 2 35 37 -0.891892 16
1863 34 14 48 0.416667 21
1864 10 28 38 -0.473684 17
1865 35 2 37 0.891892 8
1866 47 1 48 0.958333 12
1867 36 4 40 0.8 16
1868 8 7 15 0.0666667 10
1869 26 10 36 0.444444 17
1870 24 12 36 0.333333 18
1871 39 3 42 0.857143 16
1872 26 8 34 0.529412 17
1873 0 33 33 -1 6
1874 49 3 52 0.884615 16
1875 26 5 31 0.677419 14
1876 34 3 37 0.837838 13
1877 16 2 18 0.777778 11
1878 0 33 33 -1 15
1879 28 9 37 0.513514 12
1880 11 19 30 -0.266667 15
1881 14 19 33 -0.151515 15
1882 3 52 55 -0.890909 17
1883 8 23 31 -0.483871 16
1884 11 22 33 -0.333333 21
1885 11 27 38 -0.421053 18
1886 6 18 24 -0.5 15
1887 19 22 41 -0.0731707 18
1888 1 28 29 -0.931034 10
1889 32 4 36 0.777778 15
1890 17 33 50 -0.32 25
1891 24 25 49 -0.0204082 24
1892 13 16 29 -0.103448 17
1893 6 19 25 -0.52 18
1894 35 8 43 0.627907 16
1895 8 17 25 -0.36 15
1896 11 15 26 -0.153846 13
1897 31 14 45 0.377778 16
1898 39 10 49 0.591837 16
1899 1 32 33 -0.939394 12
1900 25 6 31 0.612903 13
1901 14 17 31 -0.0967742 19
1902 9 15 24 -0.25 13
1903 2 30 32 -0.875 11
1904 25 10 35 0.428571 18
1905 1 31 32 -0.9375 10
1906 9 22 31 -0.419355 14
1907 12 14 26 -0.0769231 18
1908 28 3 31 0.806452 16
1909 16 39 55 -0.418182 19
1910 9 23 32 -0.4375 15
1911 11 27 38 -0.421053 17
1912 19 12 31 0.225806 13
1913 15 18 33 -0.0909091 18
1914 15 3 18 0.666667 12
1915 21 5 26 0.615385 14
1916 33 6 39 0.692308 19
1917 31 0 31 1 11
1918 13 27 40 -0.35 16
1919 7 31 38 -0.631579 19
1920 14 10 24 0.166667 12
1921 15 5 20 0.5 14
1922 31 1 32 0.9375 12
1923 14 16 30 -0.0666667 15
1924 29 7 36 0.611111 19
1925 18 19 37 -0.027027 16
1926 7 21 28 -0.5 14
1927 27 1 28 0.928571 14
1928 15 25 40 -0.25 17
1929 1 45 46 -0.956522 15
1930 1 26 27 -0.925926 8
1931 27 8 35 0.542857 20
1932 14 20 34 -0.176471 14
1933 9 22 31 -0.419355 18
1934 10 18 28 -0.285714 12
1935 2 27 29 -0.862069 15
1936 14 5 19 0.473684 13
1937 1 21 22 -0.909091 12
1938 19 12 31 0.225806 15
1939 25 15 40 0.25 18
1940 10 2 12 0.666667 7
1941 23 5 28 0.642857 13
1942 0 38 38 -1 1
1943 54 1 55 0.963636 11
1944 9 21 30 -0.4 14
1945 10 21 31 -0.354839 14
1946 10 18 28 -0.285714 16
1947 21 2 23 0.826087 14
1948 8 31 39 -0.589744 19
1949 15 8 23 0.304348 14
1950 2 31 33 -0.878788 14
1951 16 21 37 -0.135135 24
1952 28 15 43 0.302326 22
1953 5 43 48 -0.791667 22
1954 29 10 39 0.487179 17
1955 20 12 32 0.25 18
1956 27 15 42 0.285714 18
1957 10 27 37 -0.459459 16
1958 12 20 32 -0.25 13
1959 45 1 46 0.956522 10
1960 33 1 34 0.941176 15
1961 9 15 24 -0.25 16
1962 8 23 31 -0.483871 18
1963 19 3 22 0.727273 9
1964 0 21 21 -1 12
1965 6 30 36 -0.666667 19
1966 24 13 37 0.297297 19
1967 6 24 30 -0.6 14
1968 1 50 51 -0.960784 9
1969 20 23 43 -0.0697674 21
1970 9 24 33 -0.454545 15
1971 57 2 59 0.932203 18
1972 13 15 28 -0.0714286 22
1973 24 4 28 0.714286 15
1974 28 15 43 0.302326 19
1975 24 9 33 0.454545 19
1976 35 4 39 0.794872 15
1977 32 3 35 0.828571 16
1978 24 11 35 0.371429 19
1979 22 9 31 0.419355 13
1980 9 21 30 -0.4 13
1981 20 14 34 0.176471 20
1982 32 2 34 0.882353 15
1983 12 18 30 -0.2 13
1984 3 31 34 -0.823529 15
1985 5 27 32 -0.6875 15
1986 39 12 51 0.529412 22
1987 10 13 23 -0.130435 16
1988 50 5 55 0.818182 16
1989 15 23 38 -0.210526 20
1990 38 10 48 0.583333 21
1991 33 6 39 0.692308 18
1992 38 5 43 0.767442 14
1993 41 4 45 0.822222 18
1994 8 24 32 -0.5 16
1995 2 26 28 -0.857143 16
1996 9 13 22 -0.181818 19
1997 4 26 30 -0.733333 19
1998 30 1 31 0.935484 7
1999 43 4 47 0.829787 12
2000 15 3 18 0.666667 9
2001 22 12 34 0.294118 19
2002 9 37 46 -0.608696 22
2003 42 2 44 0.909091 10
2004 24 21 45 0.0666667 25
2005 2 40 42 -0.904762 12
2006 13 30 43 -0.395349 20
2007 15 19 34 -0.117647 16
2008 34 1 35 0.942857 15
2009 36 5 41 0.756098 21
2010 26 2 28 0.857143 16
2011 15 14 29 0.0344828 18
2012 41 3 44 0.863636 12
2013 5 46 51 -0.803922 19
2014 25 12 37 0.351351 16
2015 29 14 43 0.348837 19
2016 1 15 16 -0.875 7
2017 31 9 40 0.55 25
2018 24 1 25 0.92 8
2019 7 28 35 -0.6 14
2020 6 20 26 -0.538462 14
2021 19 5 24 0.583333 13
2022 8 25 33 -0.515152 21
2023 20 2 22 0.818182 13
2024 26 5 31 0.677419 17
2025 39 0 39 1 9
2026 35 3 38 0.842105 13
2027 4 23 27 -0.703704 14
2028 23 5 28 0.642857 18
2029 17 8 25 0.36 15
2030 41 1 42 0.952381 17
2031 3 31 34 -0.823529 15
2032 28 12 40 0.4 17
2033 24 15 39 0.230769 16
2034 14 29 43 -0.348837 23
2035 15 6 21 0.428571 9
2036 13 31 44 -0.409091 21
2037 3 48 51 -0.882353 19
2038 20 0 20 1 13
2039 8 25 33 -0.515152 18
2040 0 30 30 -1 11
2041 2 33 35 -0.885714 16
2042 38 7 45 0.688889 16
2043 4 40 44 -0.818182 12
2044 13 16 29 -0.103448 19
2045 21 3 24 0.75 14
2046 41 3 44 0.863636 18
2047 7 41 48 -0.708333 19
2048 5 33 38 -0.736842 16
2049 19 1 20 0.9 13
2050 12 26 38 -0.368421 21
2051 5 10 15 -0.333333 8
2052 2 31 33 -0.878788 13
2053 25 0 25 1 12
2054 3 20 23 -0.73913 14
2055 11 12 23 -0.0434783 15
2056 1 36 37 -0.945946 12
2057 1 30 31 -0.935484 15
2058 22 10 32 0.375 15
2059 11 10 21 0.047619 17
2060 7 25 32 -0.5625 19
2061 5 34 39 -0.74359 15
2062 6 0 6 1 4
2063 3 54 57 -0.894737 13
2064 1 38 39 -0.948718 14
2065 33 11 44 0.5 19
2066 31 2 33 0.878788 17
2067 38 8 46 0.652174 16
2068 10 22 32 -0.375 19
2069 16 8 24 0.333333 13
2070 14 6 20 0.4 11
2071 60 4 64 0.875 12
2072 11 31 42 -0.47619 17
2073 8 27 35 -0.542857 18
2074 2 35 37 -0.891892 12
2075 11 22 33 -0.333333 17
2076 21 0 21 1 12
2077 35 4 39 0.794872 14
2078 38 4 42 0.809524 15
2079 17 8 25 0.36 15
2080 25 1 26 0.923077 12
2081 14 21 35 -0.2 21
2082 11 28 39 -0.435897 16
2083 36 2 38 0.894737 14
2084 34 3 37 0.837838 13
2085 9 22 31 -0.419355 15
2086 31 3 34 0.823529 13
2087 40 4 44 0.818182 12
2088 5 12 17 -0.411765 15
2089 3 53 56 -0.892857 15
2090 16 12 28 0.142857 15
2091 10 33 43 -0.534884 19
2092 3 34 37 -0.837838 9
2093 4 36 40 -0.8 18
2094 5 14 19 -0.473684 9
2095 37 3 40 0.85 16
2096 22 5 27 0.62963 15
2097 28 12 40 0.4 17
2098 12 10 22 0.0909091 11
2099 18 5 23 0.565217 10
2100 22 10 32 0.375 14
2101 9 23 32 -0.4375 16
2102 4 30 34 -0.764706 16
2103 5 35 40 -0.75 10
2104 40 1 41 0.95122 9
2105 2 35 37 -0.891892 15
2106 2 39 41 -0.902439 13
2107 12 29 41 -0.414634 19
2108 14 31 45 -0.377778 24
2109 9 27 36 -0.5 22
2110 2 38 40 -0.9 15
2111 28 12 40 0.4 18
2112 15 12 27 0.111111 13
2113 19 20 39 -0.025641 13
2114 1 27 28 -0.928571 12
2115 13 26 39 -0.333333 18
2116 40 2 42 0.904762 17
2117 3 45 48 -0.875 8
2118 23 11 34 0.352941 15
2119 25 9 34 0.470588 20
2120 10 16 26 -0.230769 18
2121 22 5 27 0.62963 12
2122 43 5 48 0.791667 18
2123 5 31 36 -0.722222 17
2124 12 11 23 0.0434783 16
2125 13 23 36 -0.277778 17
2126 0 14 14 -1 8
2127 41 2 43 0.906977 19
2128 4 22 26 -0.692308 16
2129 18 4 22 0.636364 14
2130 44 4 48 0.833333 14
2131 16 7 23 0.391304 15
2132 17 19 36 -0.0555556 17
2133 3 42 45 -0.866667 11
2134 4 40 44 -0.818182 16
2135 21 6 27 0.555556 16
2136 24 3 27 0.777778 15
2137 4 28 32 -0.75 16
2138 27 9 36 0.5 18
2139 28 10 38 0.473684 16
2140 41 3 44 0.863636 19
2141 22 19 41 0.0731707 20
2142 47 0 47 1 9
2143 17 18 35 -0.0285714 18
2144 18 9 27 0.333333 16
2145 29 3 32 0.8125 15
2146 12 19 31 -0.225806 16
2147 5 38 43 -0.767442 16
2148 34 2 36 0.888889 9
2149 19 10 29 0.310345 15
2150 10 6 16 0.25 12
2151 5 38 43 -0.767442 18
2152 7 26 33 -0.575758 13
2153 7 23 30 -0.533333 14
2154 11 24 35 -0.371429 20
2155 35 10 45 0.555556 21
2156 8 13 21 -0.238095 18
2157 20 15 35 0.142857 20
2158 7 27 34 -0.588235 18
2159 26 14 40 0.3 20
2160 30 1 31 0.935484 13
2161 6 22 28 -0.571429 13
2162 11 26 37 -0.405405 18
2163 24 7 31 0.548387 14
2164 14 24 38 -0.263158 19
2165 3 43 46 -0.869565 15
2166 9 25 34 -0.470588 19
2167 5 36 41 -0.756098 14
2168 25 3 28 0.785714 15
2169 23 6 29 0.586207 15
2170 3 41 44 -0.863636 15
2171 9 13 22 -0.181818 14
2172 20 5 25 0.6 13
2173 0 34 34 -1 14
2174 33 2 35 0.885714 14
2175 24 15 39 0.230769 17
2176 35 0 35 1 11
2177 1 36 37 -0.945946 16
2178 40 3 43 0.860465 14
2179 7 24 31 -0.548387 21
2180 18 24 42 -0.142857 21
2181 15 18 33 -0.0909091 18
2182 19 21 40 -0.05 21
2183 3 29 32 -0.8125 13
2184 36 3 39 0.846154 11
2185 5 25 30 -0.666667 16
2186 34 0 34 1 14
2187 40 1 41 0.95122 12
2188 23 13 36 0.277778 23
2189 17 18 35 -0.0285714 22
2190 11 27 38 -0.421053 22
2191 30 5 35 0.714286 20
2192 10 11 21 -0.047619 13
2193 20 17 37 0.0810811 17
2194 38 3 41 0.853659 18
2195 25 0 25 1 13
2196 43 4 47 0.829787 14
2197 27 4 31 0.741935 14
2198 12 16 28 -0.142857 15
2199 7 26 33 -0.575758 19
2200 23 20 43 0.0697674 24
2201 33 5 38 0.736842 18
2202 38 8 46 0.652174 17
2203 37 1 38 0.947368 14
2204 13 25 38 -0.315789 16
2205 7 33 40 -0.65 16
2206 3 40 43 -0.860465 19
2207 47 5 52 0.807692 19
2208 24 3 27 0.777778 14
2209 3 33 36 -0.833333 14
2210 15 8 23 0.304348 10
2211 0 31 31 -1 10
2212 25 5 30 0.666667 15
2213 38 8 46 0.652174 19
2214 6 44 50 -0.76 20
2215 6 31 37 -0.675676 17
2216 26 6 32 0.625 16
2217 16 12 28 0.142857 14
2218 7 33 40 -0.65 18
2219 1 21 22 -0.909091 10
2220 10 21 31 -0.354839 16
2221 1 23 24 -0.916667 9
2222 7 11 18 -0.222222 11
2223 0 32 32 -1 14
2224 6 29 35 -0.657143 17
2225 33 13 46 0.434783 16
2226 0 0 0 0 0
2227 44 2 46 0.913043 13
2228 0 11 11 -1 6
2229 25 18 43 0.162791 20
2230 1 34 35 -0.942857 10
2231 22 23 45 -0.0222222 16
2232 39 2 41 0.902439 16
2233 12 19 31 -0.225806 17
2234 12 15 27 -0.111111 14
2235 31 17 48 0.291667 25
2236 12 21 33 -0.272727 18
2237 3 30 33 -0.818182 8
2238 15 24 39 -0.230769 19
2239 16 22 38 -0.157895 18
2240 7 38 45 -0.688889 18
2241 2 32 34 -0.882353 15
2242 18 15 33 0.0909091 15
2243 16 12 28 0.142857 15
2244 1 36 37 -0.945946 12
2245 6 16 22 -0.454545 14
2246 0 29 29 -1 15
2247 13 18 31 -0.16129 20
2248 14 11 25 0.12 20
2249 8 18 26 -0.384615 12
2250 2 35 37 -0.891892 13
2251 2 28 30 -0.866667 15
2252 7 33 40 -0.65 17
2253 39 1 40 0.95 16
2254 4 46 50 -0.84 16
2255 30 9 39 0.538462 21
2256 3 20 23 -0.73913 15
2257 3 30 33 -0.818182 16
2258 20 28 48 -0.166667 23
2259 12 26 38 -0.368421 17
2260 35 9 44 0.590909 20
2261 12 21 33 -0.272727 18
2262 14 7 21 0.333333 12
2263 10 17 27 -0.259259 16
2264 11 20 31 -0.290323 15
2265 24 5 29 0.655172 21
2266 3 30 33 -0.818182 14
2267 9 11 20 -0.1 9
2268 3 24 27 -0.777778 17
2269 27 6 33 0.636364 15
2270 4 27 31 -0.741935 18
2271 13 15 28 -0.0714286 18
2272 23 6 29 0.586207 12
2273 31 0 31 1 12
2274 14 12 26 0.0769231 14
2275 18 12 30 0.2 13
2276 15 11 26 0.153846 18
2277 20 7 27 0.481481 17
2278 9 20 29 -0.37931 15
2279 1 33 34 -0.941176 14
2280 4 35 39 -0.794872 17
2281 25 21 46 0.0869565 24
2282 20 8 28 0.428571 19
2283 9 20 29 -0.37931 14
2284 3 34 37 -0.837838 15
2285 25 3 28 0.785714 14
2286 37 4 41 0.804878 18
2287 14 5 19 0.473684 9
2288 22 21 43 0.0232558 21
2289 31 0 31 1 9
2290 14 18 32 -0.125 21
2291 43 2 45 0.911111 15
2292 31 7 38 0.631579 18
2293 24 13 37 0.297297 20
2294 22 9 31 0.419355 19
2295 16 14 30 0.0666667 17
2296 10 15 25 -0.2 18
2297 11 24 35 -0.371429 20
2298 13 15 28 -0.0714286 16
2299 19 19 38 0 14
2300 21 7 28 0.5 16
2301 1 32 33 -0.939394 12
2302 30 3 33 0.818182 16
2303 17 22 39 -0.128205 22
2304 43 1 44 0.954545 15
2305 3 29 32 -0.8125 13
2306 11 32 43 -0.488372 16
2307 11 10 21 0.047619 12
2308 31 3 34 0.823529 16
2309 9 30 39 -0.538462 20
2310 6 35 41 -0.707317 17
2311 14 29 43 -0.348837 20
2312 1 15 16 -0.875 12
2313 21 5 26 0.615385 17
2314 25 6 31 0.612903 11
2315 32 3 35 0.828571 19
2316 23 7 30 0.533333 15
2317 8 19 27 -0.407407 17
2318 27 12 39 0.384615 19
2319 14 18 32 -0.125 16
2320 31 5 36 0.722222 11
2321 46 4 50 0.84 15
2322 25 23 48 0.0416667 22
2323 27 5 32 0.6875 15
2324 35 2 37 0.891892 17
2325 12 32 44 -0.454545 22
2326 20 24 44 -0.0909091 23
2327 29 8 37 0.567568 22
2328 2 38 40 -0.9 16
2329 36 0 36 1 13
2330 13 15 28 -0.0714286 18
2331 49 1 50 0.96 17
2332 2 11 13 -0.692308 9
2333 22 14 36 0.222222 16
2334 7 22 29 -0.517241 14
2335 9 16 25 -0.28 17
2336 4 28 32 -0.75 16
2337 16 8 24 0.333333 14
2338 16 11 27 0.185185 15
2339 28 1 29 0.931034 15
2340 13 20 33 -0.212121 21
2341 29 2 31 0.870968 11
2342 10 24 34 -0.411765 17
2343 13 8 21 0.238095 13
2344 23 17 40 0.15 20
2345 8 28 36 -0.555556 17
2346 38 3 41 0.853659 18
2347 24 2 26 0.846154 14
2348 20 14 34 0.176471 21
2349 28 10 38 0.473684 22
2350 17 15 32 0.0625 20
2351 38 7 45 0.688889 19
2352 32 0 32 1 16
2353 5 18 23 -0.565217 15
2354 6 14 20 -0.4 13
2355 32 10 42 0.52381 23
2356 2 37 39 -0.897436 15
2357 10 19 29 -0.310345 13
2358 22 8 30 0.466667 17
2359 24 17 41 0.170732 20
2360 40 3 43 0.860465 8
2361 1 23 24 -0.916667 8
2362 25 12 37 0.351351 20
2363 42 6 48 0.75 17
2364 4 47 51 -0.843137 16
2365 0 35 35 -1 8
2366 21 25 46 -0.0869565 20
2367 14 17 31 -0.0967742 16
2368 4 32 36 -0.777778 15
2369 8 29 37 -0.567568 17
2370 8 45 53 -0.698113 16
2371 10 21 31 -0.354839 20
2372 22 11 33 0.333333 20
2373 20 9 29 0.37931 19
2374 7 35 42 -0.666667 16
2375 31 3 34 0.823529 15
2376 39 22 61 0.278689 24
2377 8 35 43 -0.627907 16
2378 6 34 40 -0.7 20
2379 9 37 46 -0.608696 19
2380 35 4 39 0.794872 16
2381 30 3 33 0.818182 18
2382 21 8 29 0.448276 20
2383 4 53 57 -0.859649 19
2384 1 54 55 -0.963636 15
2385 32 18 50 0.28 22
2386 24 0 24 1 9
2387 28 10 38 0.473684 19
2388 3 26 29 -0.793103 13
2389 0 38 38 -1 10
2390 26 8 34 0.529412 19
2391 26 3 29 0.793103 15
2392 18 23 41 -0.121951 19
2393 44 2 46 0.913043 15
2394 26 19 45 0.155556 24
2395 7 26 33 -0.575758 20
2396 49 0 49 1 14
2397 6 20 26 -0.538462 16
2398 22 7 29 0.517241 14
2399 51 1 52 0.961538 16
2400 13 21 34 -0.235294 20
2401 10 33 43 -0.534884 20
2402 23 9 32 0.4375 20
2403 16 33 49 -0.346939 19
2404 11 35 46 -0.521739 14
2405 5 25 30 -0.666667 13
2406 13 39 52 -0.5 23
2407 26 13 39 0.333333 18
2408 0 55 55 -1 9
2409 14 18 32 -0.125 18
2410 30 14 44 0.363636 22
2411 7 30 37 -0.621622 17
2412 45 3 48 0.875 13
2413 1 37 38 -0.947368 17
2414 22 10 32 0.375 21
2415 23 4 27 0.703704 15
2416 40 3 43 0.860465 17
2417 22 4 26 0.692308 17
2418 12 10 22 0.0909091 13
2419 3 27 30 -0.8 11
2420 6 25 31 -0.612903 16
2421 33 14 47 0.404255 16
2422 8 24 32 -0.5 20
2423 25 8 33 0.515152 18
2424 3 32 35 -0.828571 12
2425 29 8 37 0.567568 20
2426 2 31 33 -0.878788 15
2427 29 3 32 0.8125 18
2428 7 26 33 -0.575758 13
2429 15 9 24 0.25 14
2430 13 17 30 -0.133333 16
2431 28 4 32 0.75 18
2432 18 8 26 0.384615 13
2433 15 12 27 0.111111 14
2434 11 14 25 -0.12 17
2435 24 18 42 0.142857 21
2436 15 6 21 0.428571 12
2437 3 32 35 -0.828571 14
2438 43 2 45 0.911111 17
2439 24 19 43 0.116279 21
2440 3 50 53 -0.886792 14
2441 37 1 38 0.947368 11
2442 7 31 38 -0.631579 14
2443 23 8 31 0.483871 21
2444 17 8 25 0.36 15
2445 34 3 37 0.837838 14
2446 32 8 40 0.6 15
2447 12 23 35 -0.314286 18
2448 34 6 40 0.7 17
2449 22 7 29 0.517241 18
2450 24 7 31 0.548387 17
2451 38 4 42 0.809524 15
2452 2 35 37 -0.891892 16
2453 18 7 25 0.44 12
2454 8 24 32 -0.5 16
2455 1 41 42 -0.952381 15
2456 31 7 38 0.631579 19
2457 19 22 41 -0.0731707 20
2458 9 19 28 -0.357143 14
2459 25 10 35 0.428571 22
2460 13 6 19 0.368421 13
2461 5 37 42 -0.761905 14
2462 20 13 33 0.212121 19
2463 16 15 31 0.0322581 20
2464 21 8 29 0.448276 20
2465 5 26 31 -0.677419 19
2466 6 23 29 -0.586207 17
2467 10 14 24 -0.166667 15
2468 10 32 42 -0.52381 16
2469 2 41 43 -0.906977 17
2470 17 14 31 0.0967742 21
2471 3 46 49 -0.877551 14
2472 32 5 37 0.72973 22
2473 18 22 40 -0.1 19
2474 8 43 51 -0.686275 14
2475 7 56 63 -0.777778 14
2476 31 5 36 0.722222 12
2477 11 14 25 -0.12 13
2478 27 10 37 0.459459 12
2479 13 8 21 0.238095 13
2480 7 27 34 -0.588235 16
2481 3 36 39 -0.846154 16
2482 3 44 47 -0.87234 11
2483 42 2 44 0.909091 15
2484 3 57 60 -0.9 14
2485 9 20 29 -0.37931 16
2486 2 47 49 -0.918367 13
2487 13 16 29 -0.103448 16
2488 5 24 29 -0.655172 18
2489 0 30 30 -1 9
2490 40 5 45 0.777778 20
2491 7 23 30 -0.533333 15
2492 34 6 40 0.7 17
2493 2 36 38 -0.894737 16
2494 3 29 32 -0.8125 12
2495 8 19 27 -0.407407 14
2496 41 1 42 0.952381 13
2497 19 10 29 0.310345 14
2498 11 13 24 -0.0833333 15
2499 20 1 21 0.904762 14
2500 5 30 35 -0.714286 9
2501 2 31 33 -0.878788 17
2502 24 16 40 0.2 19
2503 15 23 38 -0.210526 21
2504 4 16 20 -0.6 10
2505 4 42 46 -0.826087 14
2506 19 16 35 0.0857143 18
2507 20 2 22 0.818182 11
2508 9 34 43 -0.581395 17
2509 42 2 44 0.909091 7
2510 18 9 27 0.333333 18
2511 23 5 28 0.642857 17
2512 14 16 30 -0.0666667 15
2513 20 21 41 -0.0243902 19
2514 13 12 25 0.04 16
2515 20 4 24 0.666667 13
2516 35 7 42 0.666667 16
2517 5 32 37 -0.72973 14
2518 10 19 29 -0.310345 13
2519 5 19 24 -0.583333 12
2520 19 17 36 0.0555556 17
2521 37 6 43 0.72093 14
2522 38 1 39 0.948718 10
2523 4 37 41 -0.804878 20
2524 18 3 21 0.714286 14
2525 23 13 36 0.277778 19
2526 28 7 35 0.6 11
2527 33 2 35 0.885714 18
2528 1 26 27 -0.925926 11
2529 13 9 22 0.181818 14
2530 12 15 27 -0.111111 15
2531 0 37 37 -1 16
2532 49 8 57 0.719298 19
2533 50 3 53 0.886792 13
2534 7 17 24 -0.416667 16
2535 39 4 43 0.813953 11
2536 7 22 29 -0.517241 15
2537 11 17 28 -0.214286 15
2538 0 37 37 -1 13
2539 1 38 39 -0.948718 5
2540 12 19 31 -0.225806 17
2541 42 2 44 0.909091 10
2542 16 20 36 -0.111111 21
2543 14 19 33 -0.151515 16
2544 10 32 42 -0.52381 19
2545 18 7 25 0.44 15
2546 24 2 26 0.846154 13
2547 29 3 32 0.8125 10
2548 4 34 38 -0.789474 16
2549 15 21 36 -0.166667 17
2550 45 1 46 0.956522 17
2551 34 7 41 0.658537 15
2552 5 17 22 -0.545455 14
2553 1 24 25 -0.92 12
2554 0 22 22 -1 10
2555 4 51 55 -0.854545 21
2556 7 37 44 -0.681818 18
2557 51 4 55 0.854545 12
2558 20 13 33 0.212121 18
2559 10 13 23 -0.130435 18
2560 39 1 40 0.95 15
2561 12 17 29 -0.172414 20
2562 19 1 20 0.9 10
2563 7 9 16 -0.125 10
2564 17 15 32 0.0625 14
2565 18 25 43 -0.162791 20
2566 17 8 25 0.36 17
2567 47 1 48 0.958333 12
2568 29 4 33 0.757576 18
2569 19 16 35 0.0857143 15
2570 13 5 18 0.444444 10
2571 29 13 42 0.380952 17
2572 11 15 26 -0.153846 14
2573 2 57 59 -0.932203 14
2574 15 3 18 0.666667 12
2575 9 22 31 -0.419355 17
2576 5 30 35 -0.714286 17
2577 4 14 18 -0.555556 11
2578 0 32 32 -1 12
2579 18 13 31 0.16129 15
2580 16 14 30 0.0666667 16
2581 4 25 29 -0.724138 10
2582 14 24 38 -0.263158 20
2583 47 2 49 0.918367 6
2584 2 29 31 -0.870968 17
2585 13 13 26 0 15
2586 3 44 47 -0.87234 14
2587 6 20 26 -0.538462 16
2588 5 38 43 -0.767442 19
2589 12 19 31 -0.225806 19
2590 34 8 42 0.619048 13
2591 8 32 40 -0.6 21
2592 23 14 37 0.243243 16
2593 26 14 40 0.3 21
2594 13 30 43 -0.395349 22
2595 4 21 25 -0.68 9
2596 6 27 33 -0.636364 15
2597 36 0 36 1 9
2598 48 2 50 0.92 12
2599 31 7 38 0.631579 12
2600 36 1 37 0.945946 12
2601 16 13 29 0.103448 18
2602 15 14 29 0.0344828 18
2603 6 29 35 -0.657143 17
2604 45 4 49 0.836735 16
2605 19 18 37 0.027027 19
2606 24 6 30 0.6 16
2607 30 7 37 0.621622 21
2608 22 7 29 0.517241 15
2609 16 18 34 -0.0588235 11
2610 13 19 32 -0.1875 16
2611 2 38 40 -0.9 17
2612 27 5 32 0.6875 16
2613 14 17 31 -0.0967742 16
2614 5 28 33 -0.69697 14
2615 10 11 21 -0.047619 12
2616 6 22 28 -0.571429 16
2617 10 29 39 -0.487179 18
2618 12 19 31 -0.225806 18
2619 1 67 68 -0.970588 10
2620 30 8 38 0.578947 18
2621 7 21 28 -0.5 17
2622 6 38 44 -0.727273 19
2623 11 22 33 -0.333333 19
2624 17 25 42 -0.190476 18
2625 21 5 26 0.615385 13
2626 8 12 20 -0.2 13
2627 17 12 29 0.172414 22
2628 14 5 19 0.473684 9
2629 11 21 32 -0.3125 18
2630 39 2 41 0.902439 16
2631 1 36 37 -0.945946 17
2632 31 1 32 0.9375 15
2633 1 22 23 -0.913043 12
2634 16 15 31 0.0322581 16
2635 3 53 56 -0.892857 14
2636 30 0 30 1 12
2637 3 24 27 -0.777778 11
2638 24 11 35 0.371429 15
2639 13 20 33 -0.212121 17
2640 2 20 22 -0.818182 12
2641 17 7 24 0.416667 13
2642 29 7 36 0.611111 20
2643 33 1 34 0.941176 14
2644 41 5 46 0.782609 12
2645 44 7 51 0.72549 15
2646 7 28 35 -0.6 21
2647 0 39 39 -1 14
2648 9 30 39 -0.538462 15
2649 12 42 54 -0.555556 18
2650 11 12 23 -0.0434783 10
2651 37 4 41 0.804878 18
2652 13 16 29 -0.103448 16
2653 4 42 46 -0.826087 16
2654 31 1 32 0.9375 8
2655 30 12 42 0.428571 18
2656 27 8 35 0.542857 15
2657 11 23 34 -0.352941 16
2658 12 24 36 -0.333333 17
2659 26 8 34 0.529412 15
2660 46 1 47 0.957447 16
2661 7 22 29 -0.517241 16
2662 5 46 51 -0.803922 14
2663 26 2 28 0.857143 14
2664 5 20 25 -0.6 15
2665 28 19 47 0.191489 21
2666 22 6 28 0.571429 19
2667 20 14 34 0.176471 15
2668 10 29 39 -0.487179 18
2669 1 46 47 -0.957447 19
2670 28 11 39 0.435897 18
2671 34 2 36 0.888889 17
2672 17 23 40 -0.15 21
2673 28 7 35 0.6 18
2674 14 16 30 -0.0666667 15
2675 19 8 27 0.407407 15
2676 39 3 42 0.857143 15
2677 21 12 33 0.272727 19
2678 12 27 39 -0.384615 20
2679 34 1 35 0.942857 16
2680 8 24 32 -0.5 14
2681 31 2 33 0.878788 15
2682 27 8 35 0.542857 16
2683 3 37 40 -0.85 17
2684 21 10 31 0.354839 17
2685 28 7 35 0.6 16
2686 34 0 34 1 15
2687 6 28 34 -0.647059 15
2688 2 43 45 -0.911111 18
2689 20 15 35 0.142857 19
2690 14 40 54 -0.481481 21
2691 23 4 27 0.703704 18
2692 2 21 23 -0.826087 16
2693 13 23 36 -0.277778 21
2694 9 41 50 -0.64 16
2695 6 12 18 -0.333333 12
2696 19 14 33 0.151515 17
2697 16 10 26 0.230769 16
2698 9 36 45 -0.6 15
2699 3 38 41 -0.853659 19
2700 6 20 26 -0.538462 14
2701 4 41 45 -0.822222 14
2702 16 11 27 0.185185 17
2703 27 8 35 0.542857 18
2704 26 12 38 0.368421 15
2705 8 20 28 -0.428571 15
2706 3 25 28 -0.785714 11
2707 28 9 37 0.513514 19
2708 27 2 29 0.862069 13
2709 15 14 29 0.0344828 13
2710 16 3 19 0.684211 12
2711 45 2 47 0.914894 15
2712 14 16 30 -0.0666667 15
2713 10 25 35 -0.428571 19
2714 8 14 22 -0.272727 13
2715 24 10 34 0.411765 10
2716 10 27 37 -0.459459 18
2717 11 2 13 0.692308 10
2718 29 0 29 1 9
2719 18 26 44 -0.181818 17
2720 7 30 37 -0.621622 13
2721 4 20 24 -0.666667 15
2722 14 17 31 -0.0967742 13
2723 32 3 35 0.828571 13
2724 6 18 24 -0.5 11
2725 11 27 38 -0.421053 19
2726 6 25 31 -0.612903 16
2727 43 0 43 1 8
2728 35 1 36 0.944444 16
2729 19 30 49 -0.22449 21
2730 19 4 23 0.652174 14
2731 37 2 39 0.897436 14
2732 4 32 36 -0.777778 21
2733 25 10 35 0.428571 19
2734 19 6 25 0.52 17
2735 27 3 30 0.8 16
2736 17 8 25 0.36 14
2737 4 33 37 -0.783784 17
2738 32 3 35 0.828571 17
2739 22 21 43 0.0232558 18
2740 3 18 21 -0.714286 13
2741 45 4 49 0.836735 17
2742 4 40 44 -0.818182 18
2743 14 15 29 -0.0344828 19
2744 24 3 27 0.777778 13
2745 18 23 41 -0.121951 21
2746 18 11 29 0.241379 20
2747 2 9 11 -0.636364 7
2748 9 30 39 -0.538462 16
2749 2 52 54 -0.925926 13
2750 19 13 32 0.1875 16
2751 21 9 30 0.4 17
2752 15 24 39 -0.230769 23
2753 14 7 21 0.333333 13
2754 16 24 40 -0.2 21
2755 40 10 50 0.6 23
2756 16 23 39 -0.179487 22
2757 4 36 40 -0.8 13
2758 12 2 14 0.714286 9
2759 36 15 51 0.411765 20
2760 3 41 44 -0.863636 15
2761 37 4 41 0.804878 16
2762 13 5 18 0.444444 11
2763 4 26 30 -0.733333 12
2764 65 2 67 0.940299 15
2765 25 13 38 0.315789 20
2766 14 9 23 0.217391 14
2767 17 12 29 0.172414 17
2768 25 3 28 0.785714 14
2769 26 15 41 0.268293 23
2770 21 0 21 1 13
2771 23 1 24 0.916667 12
2772 20 14 34 0.176471 17
2773 22 22 44 0 22
2774 14 7 21 0.333333 11
2775 2 23 25 -0.84 14
2776 45 4 49 0.836735 17
2777 12 18 30 -0.2 17
2778 7 26 33 -0.575758 16
2779 14 6 20 0.4 15
2780 25 5 30 0.666667 17
2781 45 3 48 0.875 15
2782 23 6 29 0.586207 12
2783 27 2 29 0.862069 15
2784 12 21 33 -0.272727 14
2785 30 4 34 0.764706 14
2786 20 9 29 0.37931 17
2787 51 2 53 0.924528 12
2788 31 2 33 0.878788 14
2789 3 33 36 -0.833333 15
2790 25 7 32 0.5625 21
2791 3 27 30 -0.8 12
2792 2 29 31 -0.870968 10
2793 23 4 27 0.703704 14
2794 35 9 44 0.590909 14
2795 32 3 35 0.828571 18
2796 19 9 28 0.357143 15
2797 29 1 30 0.933333 14
2798 1 24 25 -0.92 12
2799 16 14 30 0.0666667 14
2800 33 4 37 0.783784 18
2801 12 9 21 0.142857 10
2802 7 22 29 -0.517241 15
2803 19 16 35 0.0857143 18
2804 4 49 53 -0.849057 13
2805 32 14 46 0.391304 18
2806 21 13 34 0.235294 15
2807 23 11 34 0.352941 14
2808 22 20 42 0.047619 26
2809 20 12 32 0.25 10
2810 32 15 47 0.361702 20
2811 6 26 32 -0.625 15
2812 11 21 32 -0.3125 20
2813 38 2 40 0.9 11
2814 28 3 31 0.806452 11
2815 23 9 32 0.4375 13
2816 26 0 26 1 11
2817 27 14 41 0.317073 21
2818 49 5 54 0.814815 16
2819 1 46 47 -0.957447 10
2820 10 30 40 -0.5 21
2821 24 8 32 0.5 14
2822 49 1 50 0.96 13
2823 8 10 18 -0.111111 13
2824 31 1 32 0.9375 14
2825 6 40 46 -0.73913 15
2826 1 43 44 -0.954545 11
2827 23 4 27 0.703704 16
2828 3 34 37 -0.837838 16
2829 24 10 34 0.411765 20
2830 21 3 24 0.75 16
2831 35 7 42 0.666667 18
2832 10 21 31 -0.354839 21
2833 41 19 60 0.366667 23
2834 16 15 31 0.0322581 18
2835 2 19 21 -0.809524 10
2836 2 41 43 -0.906977 18
2837 4 28 32 -0.75 15
2838 4 36 40 -0.8 16
2839 1 33 34 -0.941176 8
2840 38 1 39 0.948718 15
2841 3 45 48 -0.875 10
2842 7 24 31 -0.548387 13
2843 3 30 33 -0.818182 18
2844 9 20 29 -0.37931 16
2845 19 0 19 1 6
2846 14 8 22 0.272727 11
2847 22 26 48 -0.0833333 20
2848 4 34 38 -0.789474 13
2849 19 12 31 0.225806 19
2850 31 9 40 0.55 19
2851 8 36 44 -0.636364 15
2852 18 19 37 -0.027027 15
2853 17 0 17 1 5
2854 5 21 26 -0.615385 14
2855 12 9 21 0.142857 14
2856 26 8 34 0.529412 15
2857 3 39 42 -0.857143 16
2858 10 17 27 -0.259259 21
2859 1 42 43 -0.953488 18
2860 16 3 19 0.684211 12
2861 44 1 45 0.955556 14
2862 3 34 37 -0.837838 16
2863 6 19 25 -0.52 16
2864 4 21 25 -0.68 14
2865 33 3 36 0.833333 15
2866 5 39 44 -0.772727 14
2867 37 3 40 0.85 14
2868 38 2 40 0.9 11
2869 11 22 33 -0.333333 17
2870 23 10 33 0.393939 20
2871 2 26 28 -0.857143 14
2872 28 3 31 0.806452 16
2873 18 8 26 0.384615 17
2874 44 4 48 0.833333 14
2875 12 16 28 -0.142857 16
2876 40 6 46 0.73913 18
2877 26 4 30 0.733333 16
2878 35 4 39 0.794872 15
2879 25 10 35 0.428571 19
2880 9 23 32 -0.4375 13
2881 12 41 53 -0.54717 20
2882 62 2 64 0.9375 11
2883 31 9 40 0.55 21
2884 13 12 25 0.04 13
2885 25 18 43 0.162791 21
2886 4 44 48 -0.833333 11
2887 22 14 36 0.222222 18
2888 23 18 41 0.121951 18
2889 23 4 27 0.703704 16
2890 53 4 57 0.859649 13
2891 5 23 28 -0.642857 16
2892 7 27 34 -0.588235 13
2893 35 8 43 0.627907 19
2894 4 29 33 -0.757576 17
2895 19 19 38 0 18
2896 26 14 40 0.3 23
2897 3 24 27 -0.777778 11
2898 0 27 27 -1 7
2899 47 2 49 0.918367 13
2900 1 42 43 -0.953488 12
2901 1 34 35 -0.942857 12
2902 3 37 40 -0.85 13
2903 11 19 30 -0.266667 14
2904 22 16 38 0.157895 15
2905 46 0 46 1 13
2906 6 25 31 -0.612903 21
2907 26 11 37 0.405405 18
2908 27 3 30 0.8 13
2909 6 33 39 -0.692308 19
2910 7 13 20 -0.3 11
2911 9 20 29 -0.37931 16
2912 15 10 25 0.2 13
2913 12 16 28 -0.142857 16
2914 23 7 30 0.533333 12
2915 1 19 20 -0.9 12
2916 21 2 23 0.826087 11
2917 25 1 26 0.923077 15
2918 5 21 26 -0.615385 16
2919 5 27 32 -0.6875 15
2920 5 31 36 -0.722222 15
2921 12 32 44 -0.454545 20
2922 35 5 40 0.75 11
2923 2 39 41 -0.902439 15
2924 34 3 37 0.837838 10
2925 15 6 21 0.428571 16
2926 19 15 34 0.117647 14
2927 52 0 52 1 11
2928 34 2 36 0.888889 11
2929 14 21 35 -0.2 15
2930 6 29 35 -0.657143 18
2931 11 12 23 -0.0434783 20
2932 12 40 52 -0.538462 22
2933 27 10 37 0.459459 22
2934 29 5 34 0.705882 15
2935 22 5 27 0.62963 13
2936 24 4 28 0.714286 17
2937 25 15 40 0.25 22
2938 4 36 40 -0.8 21
2939 5 44 49 -0.795918 21
2940 17 24 41 -0.170732 20
2941 18 4 22 0.636364 15
2942 10 17 27 -0.259259 13
2943 35 1 36 0.944444 10
2944 47 3 50 0.88 10
2945 19 0 19 1 11
2946 32 5 37 0.72973 13
2947 7 22 29 -0.517241 15
2948 5 21 26 -0.615385 13
2949 54 1 55 0.963636 20
2950 4 60 64 -0.875 12
2951 21 1 22 0.909091 10
2952 3 33 36 -0.833333 9
2953 1 35 36 -0.944444 13
2954 12 16 28 -0.142857 17
2955 36 1 37 0.945946 14
2956 16 23 39 -0.179487 15
2957 17 19 36 -0.0555556 19
2958 4 39 43 -0.813953 10
2959 17 15 32 0.0625 18
2960 22 12 34 0.294118 20
2961 4 31 35 -0.771429 17
2962 34 0 34 1 11
2963 34 1 35 0.942857 10
2964 9 7 16 0.125 11
2965 36 6 42 0.714286 14
2966 17 19 36 -0.0555556 20
2967 7 27 34 -0.588235 18
2968 15 11 26 0.153846 16
2969 5 10 15 -0.333333 13
2970 23 12 35 0.314286 18
2971 4 34 38 -0.789474 17
2972 14 2 16 0.75 10
2973 36 10 46 0.565217 18
2974 20 13 33 0.212121 15
2975 47 2 49 0.918367 20
2976 2 34 36 -0.888889 13
2977 12 23 35 -0.314286 24
2978 12 22 34 -0.294118 18
2979 27 18 45 0.2 19
2980 7 1 8 0.75 4
2981 37 5 42 0.761905 13
2982 11 16 27 -0.185185 12
2983 1 58 59 -0.966102 16
2984 2 22 24 -0.833333 11
2985 2 30 32 -0.875 16
2986 11 20 31 -0.290323 18
2987 30 11 41 0.463415 24
2988 8 9 17 -0.0588235 15
2989 8 29 37 -0.567568 15
2990 9 24 33 -0.454545 14
2991 28 2 30 0.866667 10
2992 18 15 33 0.0909091 16
2993 30 7 37 0.621622 17
2994 14 6 20 0.4 10
2995 18 5 23 0.565217 13
2996 27 2 29 0.862069 11
2997 17 15 32 0.0625 18
2998 19 11 30 0.266667 18
2999 8 20 28 -0.428571 15
3000 26 8 34 0.529412 17
3001 31 8 39 0.589744 15
3002 14 18 32 -0.125 20
3003 8 6 14 0.142857 11
3004 38 7 45 0.688889 15
3005 32 9 41 0.560976 14
3006 6 22 28 -0.571429 15
3007 0 22 22 -1 10
3008 4 15 19 -0.578947 9
3009 25 9 34 0.470588 11
3010 6 28 34 -0.647059 11
3011 33 11 44 0.5 15
3012 24 16 40 0.2 23
3013 5 43 48 -0.791667 17
3014 17 6 23 0.478261 12
3015 1 29 30 -0.933333 15
3016 1 37 38 -0.947368 19
3017 10 11 21 -0.047619 14
3018 30 9 39 0.538462 22
3019 5 27 32 -0.6875 14
3020 16 19 35 -0.0857143 21
3021 16 10 26 0.230769 13
3022 31 5 36 0.722222 16
3023 10 19 29 -0.310345 18
3024 11 20 31 -0.290323 15
3025 51 2 53 0.924528 21
3026 21 9 30 0.4 13
3027 16 14 30 0.0666667 12
3028 36 13 49 0.469388 24
3029 13 18 31 -0.16129 18
3030 43 1 44 0.954545 12
3031 31 10 41 0.512195 19
3032 2 49 51 -0.921569 14
3033 9 23 32 -0.4375 15
3034 0 41 41 -1 11
3035 18 31 49 -0.265306 22
3036 22 4 26 0.692308 14
3037 51 6 57 0.789474 16
3038 17 16 33 0.030303 19
3039 9 6 15 0.2 10
3040 14 11 25 0.12 17
3041 7 3 10 0.4 6
3042 7 37 44 -0.681818 17
3043 7 26 33 -0.575758 17
3044 9 20 29 -0.37931 16
3045 5 38 43 -0.767442 18
3046 9 13 22 -0.181818 14
3047 15 5 20 0.5 12
3048 18 39 57 -0.368421 23
3049 15 6 21 0.428571 9
3050 29 13 42 0.380952 23
3051 36 5 41 0.756098 15
3052 33 0 33 1 16
3053 6 27 33 -0.636364 15
3054 8 29 37 -0.567568 10
3055 1 23 24 -0.916667 12
3056 50 2 52 0.923077 10
3057 6 21 27 -0.555556 16
3058 3 38 41 -0.853659 16
3059 35 6 41 0.707317 19
3060 31 1 32 0.9375 12
3061 31 5 36 0.722222 10
3062 36 1 37 0.945946 12
3063 25 12 37 0.351351 18
3064 33 7 40 0.65 16
3065 3 53 56 -0.892857 13
3066 28 7 35 0.6 18
3067 10 25 35 -0.428571 17
3068 26 10 36 0.444444 15
3069 4 31 35 -0.771429 9
3070 8 22 30 -0.466667 17
3071 40 18 58 0.37931 21
3072 13 8 21 0.238095 11
3073 0 44 44 -1 12
3074 3 27 30 -0.8 12
3075 24 17 41 0.170732 18
3076 24 12 36 0.333333 21
3077 14 4 18 0.555556 12
3078 0 34 34 -1 16
3079 8 30 38 -0.578947 20
3080 15 21 36 -0.166667 17
3081 15 10 25 0.2 20
3082 3 32 35 -0.828571 13
3083 32 2 34 0.882353 15
3084 34 2 36 0.888889 16
3085 34 0 34 1 11
3086 17 19 36 -0.0555556 17
3087 9 18 27 -0.333333 17
3088 35 10 45 0.555556 21
3089 8 31 39 -0.589744 20
3090 20 13 33 0.212121 21
3091 5 4 9 0.111111 9
3092 32 9 41 0.560976 22
3093 4 28 32 -0.75 12
3094 6 30 36 -0.666667 15
3095 11 13 24 -0.0833333 15
3096 56 0 56 1 11
3097 4 29 33 -0.757576 16
3098 5 23 28 -0.642857 16
3099 23 8 31 0.483871 17
3100 32 13 45 0.422222 18
3101 41 8 49 0.673469 18
3102 24 12 36 0.333333 16
3103 29 3 32 0.8125 11
3104 1 43 44 -0.954545 6
3105 44 0 44 1 13
3106 3 23 26 -0.769231 8
3107 34 2 36 0.888889 17
3108 6 15 21 -0.428571 13
3109 8 25 33 -0.515152 18
3110 18 17 35 0.0285714 16
3111 5 31 36 -0.722222 17
3112 6 32 38 -0.684211 18
3113 1 26 27 -0.925926 14
3114 22 1 23 0.913043 8
3115 6 14 20 -0.4 16
3116 31 5 36 0.722222 13
3117 11 16 27 -0.185185 15
3118 8 21 29 -0.448276 17
3119 14 21 35 -0.2 15
3120 38 3 41 0.853659 9
3121 5 20 25 -0.6 14
3122 20 10 30 0.333333 15
3123 43 3 46 0.869565 18
3124 52 5 57 0.824561 12
3125 16 19 35 -0.0857143 19
3126 5 21 26 -0.615385 16
3127 21 12 33 0.272727 14
3128 6 24 30 -0.6 17
3129 44 1 45 0.955556 12
3130 7 26 33 -0.575758 15
3131 6 28 34 -0.647059 19
3132 5 25 30 -0.666667 15
3133 31 2 33 0.878788 11
3134 10 29 39 -0.487179 17
3135 29 8 37 0.567568 19
3136 34 7 41 0.658537 15
3137 13 6 19 0.368421 12
3138 8 28 36 -0.555556 14
3139 38 6 44 0.727273 19
3140 46 1 47 0.957447 15
3141 14 15 29 -0.0344828 16
3142 21 6 27 0.555556 15
3143 4 30 34 -0.764706 17
3144 6 31 37 -0.675676 18
3145 14 15 29 -0.0344828 19
3146 9 34 43 -0.581395 16
3147 2 15 17 -0.764706 13
3148 27 3 30 0.8 16
3149 9 24 33 -0.454545 16
3150 16 21 37 -0.135135 21
3151 25 17 42 0.190476 24
3152 10 21 31 -0.354839 17
3153 30 8 38 0.578947 17
3154 19 9 28 0.357143 17
3155 13 11 24 0.0833333 16
3156 31 11 42 0.47619 21
3157 17 14 31 0.0967742 16
3158 5 33 38 -0.736842 10
3159 7 27 34 -0.588235 15
3160 9 18 27 -0.333333 16
3161 14 24 38 -0.263158 19
3162 27 5 32 0.6875 18
3163 18 30 48 -0.25 26
3164 46 0 46 1 15
3165 3 22 25 -0.76 14
3166 22 10 32 0.375 15
3167 16 9 25 0.28 12
3168 21 4 25 0.68 14
3169 32 3 35 0.828571 12
3170 25 9 34 0.470588 16
3171 4 8 12 -0.333333 9
3172 31 14 45 0.377778 24
3173 20 6 26 0.538462 10
3174 15 25 40 -0.25 17
3175 17 16 33 0.030303 15
3176 2 28 30 -0.866667 18
3177 3 56 59 -0.898305 17
3178 5 41 46 -0.782609 16
3179 2 23 25 -0.84 9
3180 17 9 26 0.307692 17
3181 18 7 25 0.44 12
3182 15 9 24 0.25 13
3183 1 30 31 -0.935484 14
3184 18 13 31 0.16129 18
3185 20 0 20 1 10
3186 0 39 39 -1 16
3187 30 4 34 0.764706 15
3188 25 2 27 0.851852 15
3189 2 31 33 -0.878788 13
3190 39 3 42 0.857143 12
3191 28 4 32 0.75 17
3192 37 6 43 0.72093 17
3193 56 0 56 1 6
3194 22 16 38 0.157895 18
3195 17 27 44 -0.227273 19
3196 3 35 38 -0.842105 13
3197 3 28 31 -0.806452 17
3198 8 34 42 -0.619048 14
3199 11 8 19 0.157895 12
3200 3 39 42 -0.857143 12
3201 21 14 35 0.2 20
3202 40 5 45 0.777778 9
3203 8 13 21 -0.238095 14
3204 27 8 35 0.542857 21
3205 3 25 28 -0.785714 17
3206 6 16 22 -0.454545 14
3207 17 12 29 0.172414 20
3208 38 2 40 0.9 18
3209 30 6 36 0.666667 16
3210 38 4 42 0.809524 14
3211 8 35 43 -0.627907 20
3212 8 27 35 -0.542857 19
3213 18 11 29 0.241379 15
3214 0 27 27 -1 11
3215 3 36 39 -0.846154 13
3216 18 17 35 0.0285714 17
3217 4 21 25 -0.68 17
3218 22 12 34 0.294118 16
3219 40 3 43 0.860465 18
3220 10 20 30 -0.333333 13
3221 21 4 25 0.68 15
3222 34 3 37 0.837838 19
3223 33 2 35 0.885714 10
3224 0 34 34 -1 12
3225 15 23 38 -0.210526 16
3226 0 45 45 -1 7
3227 44 0 44 1 10
3228 4 46 50 -0.84 15
3229 1 35 36 -0.944444 11
3230 9 21 30 -0.4 22
3231 2 21 23 -0.826087 9
3232 15 37 52 -0.423077 21
3233 43 2 45 0.911111 17
3234 2 21 23 -0.826087 6
3235 19 14 33 0.151515 17
3236 48 2 50 0.92 10
3237 2 37 39 -0.897436 18
3238 16 8 24 0.333333 16
3239 52 3 55 0.890909 19
3240 43 1 44 0.954545 10
3241 29 16 45 0.288889 22
3242 7 23 30 -0.533333 14
3243 6 33 39 -0.692308 17
3244 17 22 39 -0.128205 21
3245 11 31 42 -0.47619 21
3246 6 20 26 -0.538462 15
3247 15 11 26 0.153846 16
3248 19 20 39 -0.025641 21
3249 38 5 43 0.767442 16
3250 34 3 37 0.837838 15
3251 15 14 29 0.0344828 14
3252 28 0 28 1 12
3253 1 35 36 -0.944444 11
3254 42 4 46 0.826087 18
3255 22 13 35 0.257143 18
3256 2 30 32 -0.875 14
3257 28 7 35 0.6 20
3258 34 5 39 0.74359 17
3259 1 39 40 -0.95 11
3260 26 17 43 0.209302 19
3261 38 5 43 0.767442 17
3262 5 27 32 -0.6875 14
3263 5 24 29 -0.655172 17
3264 13 14 27 -0.037037 19
3265 14 10 24 0.166667 15
3266 9 17 26 -0.307692 17
3267 4 15 19 -0.578947 14
3268 22 30 52 -0.153846 19
3269 14 29 43 -0.348837 19
3270 24 10 34 0.411765 18
3271 4 23 27 -0.703704 14
3272 12 24 36 -0.333333 22
3273 18 20 38 -0.0526316 18
3274 22 7 29 0.517241 15
3275 19 15 34 0.117647 20
3276 11 36 47 -0.531915 22
3277 12 13 25 -0.04 15
3278 6 22 28 -0.571429 19
3279 26 1 27 0.925926 13
3280 24 5 29 0.655172 15
3281 5 34 39 -0.74359 18
3282 15 7 22 0.363636 11
3283 1 33 34 -0.941176 12
3284 18 5 23 0.565217 17
3285 4 38 42 -0.809524 15
3286 31 7 38 0.631579 20
3287 14 26 40 -0.3 18
3288 47 16 63 0.492063 23
3289 15 21 36 -0.166667 25
3290 0 0 0 0 0
3291 3 39 42 -0.857143 11
3292 16 20 36 -0.111111 18
3293 22 5 27 0.62963 15
3294 1 39 40 -0.95 12
3295 1 30 31 -0.935484 8
3296 28 19 47 0.191489 16
3297 18 7 25 0.44 14
3298 19 10 29 0.310345 16
3299 13 31 44 -0.409091 22
3300 20 8 28 0.428571 16
3301 2 30 32 -0.875 16
3302 18 1 19 0.894737 12
3303 14 28 42 -0.333333 20
3304 27 16 43 0.255814 19
3305 2 46 48 -0.916667 15
3306 7 17 24 -0.416667 12
3307 30 2 32 0.875 15
3308 13 10 23 0.130435 15
3309 17 23 40 -0.15 20
3310 4 33 37 -0.783784 16
3311 2 35 37 -0.891892 11
3312 32 4 36 0.777778 18
3313 8 16 24 -0.333333 11
3314 34 4 38 0.789474 18
3315 4 23 27 -0.703704 11
3316 20 9 29 0.37931 18
3317 5 42 47 -0.787234 14
3318 13 12 25 0.04 15
3319 8 21 29 -0.448276 19
3320 19 7 26 0.461538 16
3321 6 12 18 -0.333333 12
3322 14 26 40 -0.3 22
3323 11 7 18 0.222222 13
3324 31 8 39 0.589744 23
3325 16 15 31 0.0322581 16
3326 24 9 33 0.454545 18
3327 2 18 20 -0.8 14
3328 26 7 33 0.575758 20
3329 31 2 33 0.878788 16
3330 22 15 37 0.189189 18
3331 15 18 33 -0.0909091 15
3332 5 21 26 -0.615385 14
3333 24 19 43 0.116279 20
3334 18 23 41 -0.121951 18
3335 5 38 43 -0.767442 18
3336 22 17 39 0.128205 20
3337 27 6 33 0.636364 14
3338 11 22 33 -0.333333 19
3339 6 25 31 -0.612903 14
3340 9 23 32 -0.4375 14
3341 3 14 17 -0.647059 8
3342 4 39 43 -0.813953 19
3343 21 9 30 0.4 12
3344 10 16 26 -0.230769 11
3345 17 6 23 0.478261 15
3346 13 18 31 -0.16129 12
3347 9 16 25 -0.28 13
3348 10 33 43 -0.534884 18
3349 43 1 44 0.954545 11
3350 19 14 33 0.151515 16
3351 29 11 40 0.45 18
3352 3 11 14 -0.571429 9
3353 8 15 23 -0.304348 15
3354 22 4 26 0.692308 13
3355 30 13 43 0.395349 22
3356 22 0 22 1 13
3357 21 1 22 0.909091 10
3358 11 12 23 -0.0434783 15
3359 6 49 55 -0.781818 17
3360 36 0 36 1 13
3361 16 25 41 -0.219512 19
3362 7 25 32 -0.5625 15
3363 14 15 29 -0.0344828 20
3364 23 13 36 0.277778 16
3365 11 16 27 -0.185185 19
3366 10 8 18 0.111111 12
3367 7 22 29 -0.517241 18
3368 25 14 39 0.282051 21
3369 32 20 52 0.230769 17
3370 4 25 29 -0.724138 12
3371 13 22 35 -0.257143 20
3372 24 6 30 0.6 13
3373 24 14 38 0.263158 20
3374 40 2 42 0.904762 16
3375 5 34 39 -0.74359 19
3376 23 10 33 0.393939 18
3377 25 12 37 0.351351 18
3378 4 26 30 -0.733333 12
3379 52 0 52 1 12
3380 14 15 29 -0.0344828 14
3381 17 10 27 0.259259 15
3382 18 27 45 -0.2 22
3383 37 5 42 0.761905 18
3384 34 1 35 0.942857 13
3385 12 16 28 -0.142857 16
3386 22 14 36 0.222222 21
3387 23 12 35 0.314286 18
3388 3 20 23 -0.73913 14
3389 16 0 16 1 5
3390 20 9 29 0.37931 18
3391 46 1 47 0.957447 12
3392 14 12 26 0.0769231 11
3393 45 1 46 0.956522 12
3394 16 26 42 -0.238095 19
3395 30 0 30 1 6
3396 19 19 38 0 22
3397 27 0 27 1 14
3398 29 13 42 0.380952 12
3399 0 28 28 -1 12
3400 19 8 27 0.407407 16
3401 37 5 42 0.761905 20
3402 14 24 38 -0.263158 16
3403 37 1 38 0.947368 14
3404 7 27 34 -0.588235 15
3405 26 14 40 0.3 19
3406 12 6 18 0.333333 11
3407 29 4 33 0.757576 12
3408 8 32 40 -0.6 19
3409 21 2 23 0.826087 14
3410 18 10 28 0.285714 17
3411 26 3 29 0.793103 17
3412 17 14 31 0.0967742 18
3413 1 7 8 -0.75 7
3414 22 7 29 0.517241 14
3415 6 14 20 -0.4 14
3416 42 5 47 0.787234 11
3417 2 49 51 -0.921569 15
3418 25 21 46 0.0869565 25
3419 5 17 22 -0.545455 13
3420 28 4 32 0.75 17
3421 10 28 38 -0.473684 23
3422 5 23 28 -0.642857 11
3423 26 8 34 0.529412 15
3424 2 23 25 -0.84 13
3425 3 34 37 -0.837838 17
3426 15 28 43 -0.302326 17
3427 49 6 55 0.781818 15
3428 17 20 37 -0.0810811 23
3429 20 17 37 0.0810811 18
3430 0 41 41 -1 16
3431 5 35 40 -0.75 16
3432 31 4 35 0.771429 14
3433 13 9 22 0.181818 12
3434 22 15 37 0.189189 16
3435 11 20 31 -0.290323 23
3436 4 38 42 -0.809524 16
3437 7 16 23 -0.391304 13
3438 21 4 25 0.68 15
3439 7 24 31 -0.548387 18
3440 18 8 26 0.384615 13
3441 19 29 48 -0.208333 23
3442 19 13 32 0.1875 18
3443 7 39 46 -0.695652 15
3444 31 7 38 0.631579 18
3445 18 6 24 0.5 14
3446 14 17 31 -0.0967742 17
3447 6 15 21 -0.428571 11
3448 34 3 37 0.837838 18
3449 8 28 36 -0.555556 16
3450 3 46 49 -0.877551 14
3451 31 1 32 0.9375 16
3452 22 1 23 0.913043 10
3453 37 5 42 0.761905 19
3454 21 6 27 0.555556 15
3455 9 24 33 -0.454545 17
3456 26 15 41 0.268293 24
3457 12 10 22 0.0909091 11
3458 0 22 22 -1 9
3459 17 6 23 0.478261 11
3460 3 30 33 -0.818182 13
3461 29 2 31 0.870968 12
3462 5 44 49 -0.795918 18
3463 6 40 46 -0.73913 17
3464 27 0 27 1 11
3465 27 3 30 0.8 12
3466 9 24 33 -0.454545 18
3467 14 14 28 0 14
3468 15 23 38 -0.210526 16
3469 11 16 27 -0.185185 17
3470 1 31 32 -0.9375 16
3471 6 37 43 -0.72093 18
3472 19 11 30 0.266667 17
3473 29 4 33 0.757576 15
3474 15 18 33 -0.0909091 17
3475 15 11 26 0.153846 17
3476 38 6 44 0.727273 16
3477 39 5 44 0.772727 14
3478 12 18 30 -0.2 15
3479 34 7 41 0.658537 20
3480 18 12 30 0.2 16
3481 54 2 56 0.928571 20
3482 36 0 36 1 14
3483 32 10 42 0.52381 16
3484 25 10 35 0.428571 16
3485 27 3 30 0.8 15
3486 25 20 45 0.111111 18
3487 51 1 52 0.961538 17
3488 3 33 36 -0.833333 16
3489 18 11 29 0.241379 20
3490 31 3 34 0.823529 16
3491 2 18 20 -0.8 11
3492 24 7 31 0.548387 11
3493 6 18 24 -0.5 16
3494 31 5 36 0.722222 19
3495 18 1 19 0.894737 12
3496 2 41 43 -0.906977 16
3497 29 6 35 0.657143 18
3498 4 49 53 -0.849057 17
3499 20 17 37 0.0810811 18
3500 18 13 31 0.16129 18
3501 4 28 32 -0.75 17
3502 18 13 31 0.16129 20
3503 21 14 35 0.2 17
3504 6 32 38 -0.684211 16
3505 10 17 27 -0.259259 13
3506 15 14 29 0.0344828 13
3507 37 4 41 0.804878 9
3508 13 15 28 -0.0714286 14
3509 3 26 29 -0.793103 14
3510 30 6 36 0.666667 13
3511 5 30 35 -0.714286 12
3512 19 21 40 -0.05 18
3513 6 37 43 -0.72093 17
3514 5 23 28 -0.642857 14
3515 5 23 28 -0.642857 13
3516 12 20 32 -0.25 13
3517 0 36 36 -1 12
3518 31 9 40 0.55 17
3519 24 9 33 0.454545 17
3520 30 6 36 0.666667 15
3521 2 32 34 -0.882353 17
3522 7 24 31 -0.548387 14
3523 8 25 33 -0.515152 20
3524 12 19 31 -0.225806 17
3525 19 7 26 0.461538 13
3526 6 26 32 -0.625 16
3527 11 11 22 0 13
3528 20 14 34 0.176471 17
3529 9 22 31 -0.419355 17
3530 21 13 34 0.235294 16
3531 1 43 44 -0.954545 15
3532 7 25 32 -0.5625 18
3533 1 17 18 -0.888889 9
3534 6 22 28 -0.571429 14
3535 14 16 30 -0.0666667 14
3536 30 4 34 0.764706 17
3537 33 0 33 1 12
3538 4 25 29 -0.724138 16
3539 13 11 24 0.0833333 15
3540 42 7 49 0.714286 13
3541 46 4 50 0.84 15
3542 6 22 28 -0.571429 16
3543 3 30 33 -0.818182 15
3544 6 23 29 -0.586207 14
3545 36 1 37 0.945946 18
3546 19 9 28 0.357143 16
3547 14 32 46 -0.391304 23
3548 4 36 40 -0.8 19
3549 1 22 23 -0.913043 11
3550 27 15 42 0.285714 19
3551 11 23 34 -0.352941 20
3552 2 18 20 -0.8 11
3553 4 21 25 -0.68 11
3554 5 27 32 -0.6875 16
3555 39 7 46 0.695652 19
3556 12 24 36 -0.333333 22
3557 1 32 33 -0.939394 13
3558 10 6 16 0.25 11
3559 9 23 32 -0.4375 15
3560 22 6 28 0.571429 17
3561 15 13 28 0.0714286 14
3562 34 5 39 0.74359 17
3563 22 5 27 0.62963 14
3564 1 36 37 -0.945946 12
3565 25 9 34 0.470588 13
3566 3 21 24 -0.75 14
3567 20 3 23 0.73913 14
3568 31 3 34 0.823529 17
3569 16 35 51 -0.372549 22
3570 25 11 36 0.388889 18
3571 11 6 17 0.294118 13
3572 8 24 32 -0.5 18
3573 10 32 42 -0.52381 19
3574 22 15 37 0.189189 18
3575 7 18 25 -0.44 16
3576 6 27 33 -0.636364 17
3577 0 40 40 -1 8
3578 39 0 39 1 8
3579 20 2 22 0.818182 15
3580 21 2 23 0.826087 13
3581 12 25 37 -0.351351 20
3582 27 0 27 1 13
3583 15 27 42 -0.285714 19
3584 17 27 44 -0.227273 18
3585 12 39 51 -0.529412 18
3586 25 9 34 0.470588 13
3587 47 7 54 0.740741 16
3588 4 23 27 -0.703704 13
3589 0 17 17 -1 5
3590 27 4 31 0.741935 17
3591 11 20 31 -0.290323 15
3592 5 13 18 -0.444444 12
3593 26 10 36 0.444444 20
3594 12 35 47 -0.489362 12
3595 45 3 48 0.875 18
3596 9 31 40 -0.55 16
3597 14 19 33 -0.151515 16
3598 20 11 31 0.290323 12
3599 0 25 25 -1 9
3600 17 22 39 -0.128205 19
3601 11 21 32 -0.3125 15
3602 26 12 38 0.368421 17
3603 11 18 29 -0.241379 11
3604 23 17 40 0.15 18
3605 2 42 44 -0.909091 13
3606 17 15 32 0.0625 16
3607 4 25 29 -0.724138 15
3608 36 3 39 0.846154 16
3609 1 32 33 -0.939394 14
3610 5 15 20 -0.5 10
3611 8 24 32 -0.5 21
3612 22 6 28 0.571429 14
3613 9 19 28 -0.357143 18
3614 33 17 50 0.32 19
3615 12 15 27 -0.111111 17
3616 23 10 33 0.393939 16
3617 15 20 35 -0.142857 17
3618 19 7 26 0.461538 13
3619 10 24 34 -0.411765 23
3620 12 7 19 0.263158 12
3621 1 34 35 -0.942857 12
3622 6 12 18 -0.333333 10
3623 9 20 29 -0.37931 17
3624 25 6 31 0.612903 17
3625 3 38 41 -0.853659 15
3626 26 16 42 0.238095 19
3627 30 5 35 0.714286 16
3628 25 16 41 0.219512 23
3629 29 4 33 0.757576 17
3630 41 6 47 0.744681 19
3631 4 45 49 -0.836735 20
3632 4 38 42 -0.809524 16
3633 5 4 9 0.111111 9
3634 10 23 33 -0.393939 14
3635 37 7 44 0.681818 15
3636 3 19 22 -0.727273 11
3637 1 34 35 -0.942857 11
3638 7 26 33 -0.575758 19
3639 11 18 29 -0.241379 17
3640 15 19 34 -0.117647 17
3641 20 7 27 0.481481 15
3642 6 27 33 -0.636364 16
3643 29 2 31 0.870968 14
3644 24 3 27 0.777778 15
3645 5 34 39 -0.74359 19
3646 5 30 35 -0.714286 18
3647 23 4 27 0.703704 16
3648 4 28 32 -0.75 16
3649 3 39 42 -0.857143 12
3650 8 20 28 -0.428571 18
3651 12 29 41 -0.414634 16
3652 33 3 36 0.833333 9
3653 24 4 28 0.714286 18
3654 9 19 28 -0.357143 21
3655 30 7 37 0.621622 19
3656 33 1 34 0.941176 16
3657 5 32 37 -0.72973 16
3658 33 0 33 1 10
3659 22 13 35 0.257143 16
3660 36 8 44 0.636364 21
3661 13 16 29 -0.103448 18
3662 28 18 46 0.217391 15
3663 32 2 34 0.882353 15
3664 1 35 36 -0.944444 13
3665 0 32 32 -1 14
3666 13 20 33 -0.212121 13
3667 15 13 28 0.0714286 15
3668 6 26 32 -0.625 19
3669 1 21 22 -0.909091 12
3670 24 11 35 0.371429 20
3671 2 37 39 -0.897436 15
3672 2 31 33 -0.878788 17
3673 3 31 34 -0.823529 14
3674 6 23 29 -0.586207 17
3675 22 2 24 0.833333 13
3676 26 2 28 0.857143 15
3677 17 14 31 0.0967742 19
3678 5 35 40 -0.75 15
3679 19 15 34 0.117647 20
3680 36 6 42 0.714286 10
3681 31 7 38 0.631579 19
3682 7 15 22 -0.363636 12
3683 20 18 38 0.0526316 19
3684 22 6 28 0.571429 17
3685 28 1 29 0.931034 13
3686 25 15 40 0.25 18
3687 18 12 30 0.2 15
3688 14 32 46 -0.391304 22
3689 1 31 32 -0.9375 14
3690 11 43 54 -0.592593 19
3691 4 25 29 -0.724138 14
3692 49 3 52 0.884615 14
3693 14 17 31 -0.0967742 16
3694 24 15 39 0.230769 14
3695 15 5 20 0.5 13
3696 27 7 34 0.588235 14
3697 39 3 42 0.857143 16
3698 47 0 47 1 11
3699 25 4 29 0.724138 14
3700 22 16 38 0.157895 17
3701 21 14 35 0.2 20
3702 37 9 46 0.608696 19
3703 6 33 39 -0.692308 11
3704 5 27 32 -0.6875 17
3705 40 2 42 0.904762 16
3706 6 11 17 -0.294118 10
3707 8 21 29 -0.448276 17
3708 1 28 29 -0.931034 16
3709 7 24 31 -0.548387 16
3710 15 27 42 -0.285714 17
3711 22 2 24 0.833333 14
3712 2 42 44 -0.909091 14
3713 20 6 26 0.538462 17
3714 23 5 28 0.642857 11
3715 35 1 36 0.944444 8
3716 14 19 33 -0.151515 19
3717 1 32 33 -0.939394 11
3718 15 4 19 0.578947 12
3719 8 15 23 -0.304348 15
3720 11 30 41 -0.463415 19
3721 50 2 52 0.923077 14
3722 5 35 40 -0.75 16
3723 2 43 45 -0.911111 17
3724 23 19 42 0.0952381 22
3725 0 21 21 -1 13
3726 21 19 40 0.05 23
3727 9 25 34 -0.470588 17
3728 7 23 30 -0.533333 17
3729 26 10 36 0.444444 20
3730 24 14 38 0.263158 23
3731 5 34 39 -0.74359 15
3732 1 0 1 1 1
3733 29 11 40 0.45 16
3734 33 11 44 0.5 19
3735 9 41 50 -0.64 16
3736 6 24 30 -0.6 18
3737 5 48 53 -0.811321 18
3738 12 6 18 0.333333 8
3739 30 15 45 0.333333 18
3740 11 14 25 -0.12 15
3741 24 2 26 0.846154 15
3742 0 40 40 -1 12
3743 28 2 30 0.866667 15
3744 35 2 37 0.891892 15
3745 7 30 37 -0.621622 21
3746 8 34 42 -0.619048 18
3747 0 44 44 -1 17
3748 29 11 40 0.45 15
3749 33 10 43 0.534884 18
3750 3 28 31 -0.806452 10
3751 24 4 28 0.714286 12
3752 32 1 33 0.939394 16
3753 18 11 29 0.241379 16
3754 9 26 35 -0.485714 20
3755 11 22 33 -0.333333 20
3756 15 27 42 -0.285714 21
3757 2 44 46 -0.913043 17
3758 5 20 25 -0.6 11
3759 71 0 71 1 12
3760 35 0 35 1 9
3761 11 31 42 -0.47619 20
3762 17 14 31 0.0967742 17
3763 25 6 31 0.612903 15
3764 14 21 35 -0.2 17
3765 26 3 29 0.793103 10
3766 7 17 24 -0.416667 16
3767 14 13 27 0.037037 17
3768 11 28 39 -0.435897 15
3769 35 11 46 0.521739 22
3770 8 31 39 -0.589744 18
3771 38 4 42 0.809524 15
3772 12 24 36 -0.333333 19
3773 1 28 29 -0.931034 15
3774 13 6 19 0.368421 13
3775 51 4 55 0.854545 15
3776 25 8 33 0.515152 15
3777 23 9 32 0.4375 14
3778 5 32 37 -0.72973 13
3779 25 4 29 0.724138 17
3780 16 13 29 0.103448 14
3781 16 26 42 -0.238095 22
3782 20 30 50 -0.2 22
3783 35 8 43 0.627907 15
3784 0 35 35 -1 14
3785 6 25 31 -0.612903 16
3786 29 11 40 0.45 13
3787 24 13 37 0.297297 19
3788 34 21 55 0.236364 22
3789 4 33 37 -0.783784 15
3790 3 31 34 -0.823529 16
3791 25 5 30 0.666667 14
3792 26 8 34 0.529412 15
3793 25 3 28 0.785714 12
3794 33 1 34 0.941176 15
3795 1 33 34 -0.941176 13
3796 41 6 47 0.744681 13
3797 48 5 53 0.811321 20
3798 39 0 39 1 11
3799 11 30 41 -0.463415 22
3800 16 22 38 -0.157895 22
3801 47 0 47 1 13
3802 9 13 22 -0.181818 13
3803 17 20 37 -0.0810811 18
3804 26 13 39 0.333333 20
3805 14 19 33 -0.151515 23
3806 45 7 52 0.730769 17
3807 31 1 32 0.9375 15
3808 6 19 25 -0.52 11
3809 30 10 40 0.5 17
3810 38 3 41 0.853659 19
3811 13 15 28 -0.0714286 14
3812 8 25 33 -0.515152 16
3813 20 8 28 0.428571 14
3814 2 47 49 -0.918367 14
3815 31 0 31 1 12
3816 11 23 34 -0.352941 20
3817 15 22 37 -0.189189 17
3818 13 28 41 -0.365854 21
3819 39 1 40 0.95 13
3820 27 7 34 0.588235 15
3821 16 21 37 -0.135135 19
3822 1 17 18 -0.888889 11
3823 3 34 37 -0.837838 16
3824 5 25 30 -0.666667 14
3825 3 33 36 -0.833333 12
3826 34 0 34 1 14
3827 11 35 46 -0.521739 12
3828 37 1 38 0.947368 15
3829 32 5 37 0.72973 15
3830 13 29 42 -0.380952 23
3831 20 6 26 0.538462 11
3832 35 1 36 0.944444 8
3833 6 23 29 -0.586207 16
3834 11 26 37 -0.405405 23
3835 8 22 30 -0.466667 18
3836 2 32 34 -0.882353 10
3837 12 20 32 -0.25 15
3838 23 18 41 0.121951 18
3839 20 6 26 0.538462 16
3840 4 34 38 -0.789474 11
3841 27 9 36 0.5 17
3842 27 5 32 0.6875 16
3843 2 26 28 -0.857143 14
3844 20 6 26 0.538462 17
3845 0 10 10 -1 10
3846 2 31 33 -0.878788 14
3847 9 23 32 -0.4375 16
3848 24 11 35 0.371429 18
3849 29 8 37 0.567568 17
3850 4 20 24 -0.666667 16
3851 2 20 22 -0.818182 15
3852 27 1 28 0.928571 12
3853 11 33 44 -0.5 20
3854 4 32 36 -0.777778 14
3855 3 20 23 -0.73913 15
3856 3 40 43 -0.860465 18
3857 5 41 46 -0.782609 18
3858 2 26 28 -0.857143 18
3859 15 17 32 -0.0625 18
3860 24 4 28 0.714286 16
3861 8 11 19 -0.157895 14
3862 10 19 29 -0.310345 16
3863 17 8 25 0.36 13
3864 5 37 42 -0.761905 11
3865 22 14 36 0.222222 24
3866 2 39 41 -0.902439 13
3867 6 27 33 -0.636364 17
3868 1 52 53 -0.962264 16
3869 18 27 45 -0.2 20
3870 4 44 48 -0.833333 18
3871 4 34 38 -0.789474 15
3872 7 29 36 -0.611111 17
3873 16 2 18 0.777778 12
3874 36 9 45 0.6 21
3875 7 27 34 -0.588235 19
3876 2 28 30 -0.866667 15
3877 14 18 32 -0.125 18
3878 17 20 37 -0.0810811 23
3879 35 2 37 0.891892 14
3880 12 24 36 -0.333333 13
3881 36 7 43 0.674419 17
3882 15 7 22 0.363636 12
3883 14 5 19 0.473684 11
3884 18 13 31 0.16129 19
3885 33 10 43 0.534884 21
3886 16 22 38 -0.157895 19
3887 6 29 35 -0.657143 17
3888 22 10 32 0.375 19
3889 22 2 24 0.833333 10
3890 24 3 27 0.777778 13
3891 20 9 29 0.37931 18
3892 6 12 18 -0.333333 12
3893 1 39 40 -0.95 12
3894 5 35 40 -0.75 18
3895 5 29 34 -0.705882 16
3896 7 31 38 -0.631579 20
3897 14 19 33 -0.151515 17
3898 4 23 27 -0.703704 15
3899 11 5 16 0.375 11
3900 29 7 36 0.611111 16
3901 15 8 23 0.304348 14
3902 1 43 44 -0.954545 14
3903 34 2 36 0.888889 13
3904 0 40 40 -1 14
3905 12 30 42 -0.428571 18
3906 2 38 40 -0.9 19
3907 2 58 60 -0.933333 11
3908 5 27 32 -0.6875 16
3909 5 42 47 -0.787234 19
3910 23 25 48 -0.0416667 19
3911 23 7 30 0.533333 15
3912 13 22 35 -0.257143 19
3913 8 26 34 -0.529412 18
3914 18 3 21 0.714286 13
3915 7 34 41 -0.658537 18
3916 11 25 36 -0.388889 18
3917 1 30 31 -0.935484 13
3918 25 9 34 0.470588 19
3919 23 20 43 0.0697674 22
3920 16 20 36 -0.111111 14
3921 23 9 32 0.4375 22
3922 29 7 36 0.611111 11
3923 21 22 43 -0.0232558 16
3924 7 31 38 -0.631579 17
3925 1 31 32 -0.9375 12
3926 7 31 38 -0.631579 14
3927 10 20 30 -0.333333 19
3928 37 9 46 0.608696 17
3929 4 28 32 -0.75 19
3930 4 22 26 -0.692308 10
3931 3 35 38 -0.842105 15
3932 20 15 35 0.142857 14
3933 5 27 32 -0.6875 12
3934 28 9 37 0.513514 16
3935 41 3 44 0.863636 17
3936 7 17 24 -0.416667 10
3937 9 25 34 -0.470588 20
3938 16 7 23 0.391304 15
3939 50 9 59 0.694915 14
3940 16 13 29 0.103448 12
3941 18 6 24 0.5 16
3942 30 15 45 0.333333 24
3943 3 30 33 -0.818182 16
3944 16 17 33 -0.030303 18
3945 25 13 38 0.315789 22
3946 26 25 51 0.0196078 20
3947 14 21 35 -0.2 20
3948 12 29 41 -0.414634 23
3949 4 30 34 -0.764706 20
3950 21 2 23 0.826087 14
3951 13 15 28 -0.0714286 16
3952 21 14 35 0.2 15
3953 1 9 10 -0.8 9
3954 19 7 26 0.461538 15
3955 34 5 39 0.74359 13
3956 16 24 40 -0.2 24
3957 21 17 38 0.105263 20
3958 27 10 37 0.459459 16
3959 6 27 33 -0.636364 11
3960 5 32 37 -0.72973 19
3961 33 5 38 0.736842 11
3962 2 23 25 -0.84 15
3963 37 5 42 0.761905 17
3964 3 29 32 -0.8125 9
3965 26 5 31 0.677419 13
3966 15 17 32 -0.0625 15
3967 16 3 19 0.684211 13
3968 17 13 30 0.133333 14
3969 12 27 39 -0.384615 17
3970 18 20 38 -0.0526316 19
3971 4 27 31 -0.741935 10
3972 7 35 42 -0.666667 20
3973 23 12 35 0.314286 22
3974 10 5 15 0.333333 10
3975 43 3 46 0.869565 13
3976 4 47 51 -0.843137 19
3977 3 31 34 -0.823529 17
3978 11 15 26 -0.153846 14
3979 33 4 37 0.783784 11
3980 8 39 47 -0.659574 21
3981 24 1 25 0.92 14
3982 40 16 56 0.428571 18
3983 9 26 35 -0.485714 16
3984 9 24 33 -0.454545 16
3985 15 4 19 0.578947 17
3986 1 55 56 -0.964286 10
3987 31 14 45 0.377778 26
3988 8 27 35 -0.542857 17
3989 1 39 40 -0.95 16
3990 20 18 38 0.0526316 19
3991 5 23 28 -0.642857 12
3992 13 20 33 -0.212121 11
3993 17 5 22 0.545455 12
3994 12 20 32 -0.25 18
3995 3 25 28 -0.785714 14
3996 34 3 37 0.837838 14
3997 22 3 25 0.76 11
3998 23 15 38 0.210526 24
3999 23 2 25 0.84 15
4000 12 6 18 0.333333 9
4001 22 22 44 0 18
4002 19 11 30 0.266667 16
4003 50 1 51 0.960784 11
4004 5 27 32 -0.6875 17
4005 16 12 28 0.142857 15
4006 15 9 24 0.25 14
4007 2 26 28 -0.857143 12
4008 33 2 35 0.885714 11
4009 5 15 20 -0.5 13
4010 2 34 36 -0.888889 10
4011 2 33 35 -0.885714 18
4012 9 22 31 -0.419355 18
4013 6 23 29 -0.586207 8
4014 22 2 24 0.833333 10
4015 0 35 35 -1 7
4016 7 16 23 -0.391304 13
4017 9 26 35 -0.485714 15
4018 6 28 34 -0.647059 17
4019 17 26 43 -0.209302 22
4020 1 41 42 -0.952381 14
4021 8 29 37 -0.567568 18
4022 11 12 23 -0.0434783 21
4023 7 20 27 -0.481481 12
4024 15 7 22 0.363636 15
4025 12 24 36 -0.333333 15
4026 9 29 38 -0.526316 21
4027 5 39 44 -0.772727 19
4028 20 0 20 1 8
4029 24 17 41 0.170732 17
4030 1 50 51 -0.960784 16
4031 6 25 31 -0.612903 16
4032 4 42 46 -0.826087 13
4033 20 7 27 0.481481 16
4034 35 4 39 0.794872 14
4035 33 12 45 0.466667 17
4036 31 3 34 0.823529 15
4037 3 30 33 -0.818182 14
4038 11 19 30 -0.266667 14
4039 0 24 24 -1 15
4040 43 5 48 0.791667 17
4041 5 32 37 -0.72973 15
4042 25 17 42 0.190476 22
4043 28 17 45 0.244444 22
4044 7 32 39 -0.641026 20
4045 21 13 34 0.235294 20
4046 11 14 25 -0.12 16
4047 5 25 30 -0.666667 15
4048 29 0 29 1 14
4049 27 19 46 0.173913 24
4050 13 23 36 -0.277778 22
4051 3 35 38 -0.842105 9
4052 13 19 32 -0.1875 21
4053 43 20 63 0.365079 22
4054 5 16 21 -0.52381 14
4055 9 22 31 -0.419355 21
4056 19 15 34 0.117647 19
4057 29 6 35 0.657143 15
4058 23 6 29 0.586207 19
4059 22 2 24 0.833333 13
4060 40 2 42 0.904762 15
4061 16 18 34 -0.0588235 18
4062 16 10 26 0.230769 16
4063 40 5 45 0.777778 18
4064 13 10 23 0.130435 12
4065 1 30 31 -0.935484 16
4066 6 18 24 -0.5 13
4067 33 4 37 0.783784 16
4068 7 25 32 -0.5625 16
4069 43 0 43 1 14
4070 13 34 47 -0.446809 20
4071 45 3 48 0.875 11
4072 22 13 35 0.257143 22
4073 6 30 36 -0.666667 17
4074 1 53 54 -0.962963 14
4075 19 16 35 0.0857143 18
4076 7 25 32 -0.5625 17
4077 10 30 40 -0.5 20
4078 32 2 34 0.882353 16
4079 28 6 34 0.647059 15
4080 5 44 49 -0.795918 10
4081 3 32 35 -0.828571 11
4082 15 22 37 -0.189189 18
4083 18 10 28 0.285714 13
4084 9 35 44 -0.590909 22
4085 14 6 20 0.4 13
4086 25 4 29 0.724138 17
4087 2 26 28 -0.857143 15
4088 18 30 48 -0.25 21
4089 11 17 28 -0.214286 15
4090 28 13 41 0.365854 19
4091 13 22 35 -0.257143 21
4092 31 9 40 0.55 17
4093 8 27 35 -0.542857 16
4094 12 24 36 -0.333333 14
4095 4 26 30 -0.733333 18
4096 2 40 42 -0.904762 17
4097 30 2 32 0.875 14
4098 31 2 33 0.878788 15
4099 28 1 29 0.931034 18
4100 9 24 33 -0.454545 17
4101 8 24 32 -0.5 12
4102 21 13 34 0.235294 17
4103 14 28 42 -0.333333 17
4104 20 13 33 0.212121 22
4105 31 8 39 0.589744 18
4106 30 10 40 0.5 15
4107 14 12 26 0.0769231 15
4108 34 3 37 0.837838 15
4109 14 8 22 0.272727 15
4110 12 25 37 -0.351351 20
4111 18 3 21 0.714286 15
4112 16 18 34 -0.0588235 19
4113 15 19 34 -0.117647 17
4114 16 13 29 0.103448 16
4115 7 13 20 -0.3 14
4116 8 23 31 -0.483871 13
4117 14 24 38 -0.263158 17
4118 35 4 39 0.794872 12
4119 1 19 20 -0.9 8
4120 38 7 45 0.688889 18
4121 8 20 28 -0.428571 13
4122 3 23 26 -0.769231 16
4123 5 40 45 -0.777778 17
4124 23 4 27 0.703704 14
4125 9 17 26 -0.307692 16
4126 21 4 25 0.68 15
4127 24 16 40 0.2 18
4128 2 29 31 -0.870968 12
4129 26 2 28 0.857143 12
4130 23 15 38 0.210526 19
4131 41 6 47 0.744681 17
4132 27 17 44 0.227273 23
4133 16 18 34 -0.0588235 19
4134 18 21 39 -0.0769231 19
4135 25 9 34 0.470588 15
4136 30 10 40 0.5 19
4137 38 3 41 0.853659 13
4138 32 5 37 0.72973 16
4139 23 8 31 0.483871 16
4140 12 47 59 -0.59322 20
4141 25 17 42 0.190476 16
4142 37 8 45 0.644444 16
4143 35 10 45 0.555556 14
4144 33 12 45 0.466667 19
4145 39 5 44 0.772727 20
4146 7 13 20 -0.3 13
4147 13 19 32 -0.1875 16
4148 24 9 33 0.454545 18
4149 3 32 35 -0.828571 15
4150 15 26 41 -0.268293 18
4151 6 45 51 -0.764706 10
4152 24 5 29 0.655172 16
4153 27 4 31 0.741935 16
4154 38 6 44 0.727273 20
4155 17 13 30 0.133333 13
4156 22 2 24 0.833333 14
4157 1 30 31 -0.935484 12
4158 13 8 21 0.238095 14
4159 24 27 51 -0.0588235 15
4160 26 23 49 0.0612245 25
4161 9 28 37 -0.513514 20
4162 12 6 18 0.333333 12
4163 0 39 39 -1 9
4164 29 6 35 0.657143 14
4165 1 33 34 -0.941176 15
4166 17 14 31 0.0967742 19
4167 25 15 40 0.25 24
4168 17 8 25 0.36 17
4169 17 10 27 0.259259 17
4170 42 6 48 0.75 20
4171 15 20 35 -0.142857 22
4172 30 9 39 0.538462 16
4173 22 14 36 0.222222 16
4174 6 28 34 -0.647059 19
4175 4 15 19 -0.578947 10
4176 4 11 15 -0.466667 12
4177 28 4 32 0.75 13
4178 41 0 41 1 15
4179 8 8 16 0 11
4180 2 43 45 -0.911111 16
4181 7 47 54 -0.740741 15
4182 2 19 21 -0.809524 10
4183 27 16 43 0.255814 19
4184 4 34 38 -0.789474 13
4185 30 4 34 0.764706 16
4186 1 38 39 -0.948718 10
4187 20 11 31 0.290323 17
4188 44 1 45 0.955556 11
4189 6 29 35 -0.657143 17
4190 2 41 43 -0.906977 15
4191 2 40 42 -0.904762 17
4192 26 7 33 0.575758 17
4193 26 18 44 0.181818 26
4194 32 1 33 0.939394 14
4195 41 1 42 0.952381 16
4196 32 12 44 0.454545 19
4197 2 0 2 1 2
4198 2 45 47 -0.914894 15
4199 2 39 41 -0.902439 10
4200 44 6 50 0.76 21
4201 28 10 38 0.473684 17
4202 3 27 30 -0.8 12
4203 13 12 25 0.04 17
4204 15 23 38 -0.210526 19
4205 2 21 23 -0.826087 16
4206 13 14 27 -0.037037 19
4207 20 11 31 0.290323 15
4208 22 7 29 0.517241 16
4209 35 4 39 0.794872 19
4210 3 35 38 -0.842105 16
4211 15 12 27 0.111111 15
4212 23 10 33 0.393939 18
4213 3 38 41 -0.853659 13
4214 10 34 44 -0.545455 20
4215 28 11 39 0.435897 16
4216 18 22 40 -0.1 14
4217 1 34 35 -0.942857 12
4218 2 32 34 -0.882353 15
4219 7 29 36 -0.611111 17
4220 7 14 21 -0.333333 13
4221 4 16 20 -0.6 8
4222 9 36 45 -0.6 20
4223 37 9 46 0.608696 17
4224 10 18 28 -0.285714 16
4225 6 33 39 -0.692308 17
4226 40 0 40 1 8
4227 11 11 22 0 16
4228 19 12 31 0.225806 15
4229 22 8 30 0.466667 15
4230 4 19 23 -0.652174 14
4231 0 40 40 -1 13
4232 10 31 41 -0.512195 20
4233 23 3 26 0.769231 11
4234 2 34 36 -0.888889 18
4235 24 5 29 0.655172 12
4236 20 28 48 -0.166667 19
4237 7 35 42 -0.666667 14
4238 10 21 31 -0.354839 15
4239 13 14 27 -0.037037 14
4240 5 16 21 -0.52381 12
4241 2 36 38 -0.894737 13
4242 21 20 41 0.0243902 22
4243 16 20 36 -0.111111 21
4244 18 8 26 0.384615 15
4245 2 43 45 -0.911111 11
4246 41 2 43 0.906977 15
4247 27 8 35 0.542857 22
4248 25 2 27 0.851852 13
4249 5 23 28 -0.642857 20
4250 26 13 39 0.333333 20
4251 31 2 33 0.878788 13
4252 5 25 30 -0.666667 18
4253 8 8 16 0 12
4254 27 6 33 0.636364 15
4255 7 22 29 -0.517241 11
4256 17 1 18 0.888889 11
4257 36 0 36 1 12
4258 51 2 53 0.924528 16
4259 11 15 26 -0.153846 17
4260 33 4 37 0.783784 12
4261 1 26 27 -0.925926 10
4262 14 21 35 -0.2 15
4263 22 23 45 -0.0222222 19
4264 41 0 41 1 8
4265 23 5 28 0.642857 13
4266 19 14 33 0.151515 19
4267 24 0 24 1 14
4268 15 13 28 0.0714286 20
4269 7 35 42 -0.666667 23
4270 3 33 36 -0.833333 13
4271 32 3 35 0.828571 14
4272 8 17 25 -0.36 10
4273 17 12 29 0.172414 18
4274 6 11 17 -0.294118 14
4275 5 24 29 -0.655172 14
4276 3 38 41 -0.853659 19
4277 18 13 31 0.16129 18
4278 25 4 29 0.724138 16
4279 33 11 44 0.5 21
4280 19 33 52 -0.269231 24
4281 2 22 24 -0.833333 12
4282 17 7 24 0.416667 17
4283 14 14 28 0 17
4284 10 25 35 -0.428571 23
4285 31 7 38 0.631579 15
4286 8 20 28 -0.428571 12
4287 31 12 43 0.44186 22
4288 9 29 38 -0.526316 18
4289 47 6 53 0.773585 13
4290 4 13 17 -0.529412 9
4291 3 52 55 -0.890909 13
4292 19 13 32 0.1875 14
4293 16 10 26 0.230769 17
4294 36 2 38 0.894737 7
4295 18 5 23 0.565217 13
4296 16 20 36 -0.111111 15
4297 32 0 32 1 12
4298 16 19 35 -0.0857143 17
4299 27 9 36 0.5 19
4300 26 8 34 0.529412 16
4301 4 31 35 -0.771429 18
4302 24 3 27 0.777778 17
4303 22 22 44 0 21
4304 7 21 28 -0.5 13
4305 3 31 34 -0.823529 15
4306 25 5 30 0.666667 14
4307 1 52 53 -0.962264 14
4308 5 45 50 -0.8 20
4309 20 9 29 0.37931 18
4310 3 47 50 -0.88 13
4311 8 8 16 0 12
4312 21 7 28 0.5 14
4313 6 23 29 -0.586207 16
4314 23 17 40 0.15 19
4315 10 17 27 -0.259259 16
4316 21 12 33 0.272727 16
4317 53 2 55 0.927273 11
4318 42 4 46 0.826087 19
4319 6 32 38 -0.684211 14
4320 0 31 31 -1 11
4321 25 5 30 0.666667 16
4322 19 12 31 0.225806 17
4323 18 21 39 -0.0769231 21
4324 1 31 32 -0.9375 15
4325 21 6 27 0.555556 12
4326 4 39 43 -0.813953 17
4327 10 20 30 -0.333333 18
4328 26 14 40 0.3 21
4329 38 0 38 1 17
4330 17 11 28 0.214286 16
4331 24 13 37 0.297297 22
4332 15 25 40 -0.25 22
4333 32 15 47 0.361702 16
4334 23 13 36 0.277778 18
4335 22 7 29 0.517241 18
4336 15 22 37 -0.189189 19
4337 9 26 35 -0.485714 19
4338 3 30 33 -0.818182 14
4339 11 29 40 -0.45 18
4340 4 33 37 -0.783784 16
4341 4 17 21 -0.619048 13
4342 17 8 25 0.36 13
4343 40 2 42 0.904762 19
4344 4 45 49 -0.836735 16
4345 4 44 48 -0.833333 16
4346 16 17 33 -0.030303 15
4347 6 1 7 0.714286 5
4348 7 30 37 -0.621622 14
4349 6 30 36 -0.666667 14
4350 17 10 27 0.259259 15
4351 22 1 23 0.913043 9
4352 39 14 53 0.471698 20
4353 14 22 36 -0.222222 22
4354 4 35 39 -0.794872 20
4355 15 16 31 -0.0322581 22
4356 16 24 40 -0.2 18
4357 4 25 29 -0.724138 17
4358 26 7 33 0.575758 14
4359 2 7 9 -0.555556 7
4360 31 2 33 0.878788 12
4361 34 2 36 0.888889 13
4362 13 15 28 -0.0714286 15
4363 5 44 49 -0.795918 10
4364 0 39 39 -1 17
4365 7 29 36 -0.611111 19
4366 11 21 32 -0.3125 14
4367 32 0 32 1 9
4368 30 4 34 0.764706 14
4369 11 10 21 0.047619 15
4370 4 38 42 -0.809524 13
4371 21 11 32 0.3125 14
4372 6 20 26 -0.538462 11
4373 7 25 32 -0.5625 16
4374 14 20 34 -0.176471 20
4375 35 3 38 0.842105 13
4376 0 35 35 -1 10
4377 3 41 44 -0.863636 20
4378 31 7 38 0.631579 17
4379 13 20 33 -0.212121 19
4380 44 2 46 0.913043 14
4381 7 40 47 -0.702128 19
4382 20 12 32 0.25 15
4383 9 19 28 -0.357143 13
4384 32 7 39 0.641026 17
4385 3 40 43 -0.860465 17
4386 7 17 24 -0.416667 14
4387 5 46 51 -0.803922 13
4388 17 28 45 -0.244444 24
4389 16 9 25 0.28 14
4390 14 19 33 -0.151515 15
4391 15 6 21 0.428571 10
4392 1 22 23 -0.913043 13
4393 22 20 42 0.047619 23
4394 27 27 54 0 30
4395 7 10 17 -0.176471 13
4396 14 25 39 -0.282051 22
4397 27 13 40 0.35 20
4398 11 30 41 -0.463415 18
4399 15 19 34 -0.117647 21
4400 16 25 41 -0.219512 20
4401 28 5 33 0.69697 18
4402 22 22 44 0 23
4403 9 13 22 -0.181818 14
4404 43 0 43 1 11
4405 6 12 18 -0.333333 14
4406 11 19 30 -0.266667 19
4407 31 2 33 0.878788 13
4408 4 29 33 -0.757576 20
4409 37 4 41 0.804878 13
4410 8 33 41 -0.609756 19
4411 19 3 22 0.727273 15
4412 12 11 23 0.0434783 15
4413 25 15 40 0.25 22
4414 19 13 32 0.1875 14
4415 3 27 30 -0.8 8
4416 30 2 32 0.875 12
4417 22 6 28 0.571429 16
4418 23 22 45 0.0222222 23
4419 22 12 34 0.294118 17
4420 1 40 41 -0.95122 14
4421 9 27 36 -0.5 17
4422 37 3 40 0.85 15
4423 8 18 26 -0.384615 15
4424 3 18 21 -0.714286 14
4425 32 7 39 0.641026 17
4426 18 14 32 0.125 19
4427 17 18 35 -0.0285714 14
4428 7 18 25 -0.44 13
4429 31 2 33 0.878788 10
4430 22 2 24 0.833333 14
4431 2 22 24 -0.833333 15
4432 16 9 25 0.28 15
4433 6 38 44 -0.727273 16
4434 30 5 35 0.714286 15
4435 6 22 28 -0.571429 16
4436 10 13 23 -0.130435 19
4437 14 9 23 0.217391 14
4438 4 21 25 -0.68 14
4439 1 36 37 -0.945946 10
4440 11 23 34 -0.352941 16
4441 22 8 30 0.466667 18
4442 5 34 39 -0.74359 18
4443 2 31 33 -0.878788 15
4444 23 10 33 0.393939 17
4445 24 12 36 0.333333 17
4446 34 5 39 0.74359 17
4447 23 12 35 0.314286 19
4448 7 33 40 -0.65 19
4449 29 0 29 1 9
4450 15 22 37 -0.189189 19
4451 36 8 44 0.636364 22
4452 45 0 45 1 10
4453 27 8 35 0.542857 18
4454 14 8 22 0.272727 14
4455 7 19 26 -0.461538 14
4456 37 6 43 0.72093 15
4457 52 10 62 0.677419 20
4458 18 9 27 0.333333 16
4459 3 38 41 -0.853659 19
4460 28 1 29 0.931034 14
4461 31 2 33 0.878788 17
4462 29 3 32 0.8125 17
4463 34 6 40 0.7 19
4464 2 39 41 -0.902439 19
4465 3 21 24 -0.75 13
4466 29 23 52 0.115385 27
4467 26 11 37 0.405405 19
4468 40 7 47 0.702128 10
4469 8 4 12 0.333333 9
4470 18 21 39 -0.0769231 19
4471 4 24 28 -0.714286 15
4472 22 10 32 0.375 14
4473 19 13 32 0.1875 15
4474 6 39 45 -0.733333 18
4475 1 23 24 -0.916667 11
4476 15 16 31 -0.0322581 15
4477 3 21 24 -0.75 13
4478 14 29 43 -0.348837 21
4479 2 43 45 -0.911111 17
4480 5 35 40 -0.75 15
4481 11 4 15 0.466667 12
4482 7 27 34 -0.588235 16
4483 24 16 40 0.2 16
4484 24 11 35 0.371429 16
4485 32 2 34 0.882353 15
4486 1 42 43 -0.953488 18
4487 10 13 23 -0.130435 14
4488 15 0 15 1 10
4489 4 24 28 -0.714286 15
4490 18 25 43 -0.162791 19
4491 34 7 41 0.658537 17
4492 9 22 31 -0.419355 15
4493 12 40 52 -0.538462 23
4494 11 13 24 -0.0833333 16
4495 17 42 59 -0.423729 26
4496 5 13 18 -0.444444 14
4497 9 24 33 -0.454545 18
4498 60 0 60 1 14
4499 24 1 25 0.92 13
4500 1 34 35 -0.942857 16
4501 16 16 32 0 19
4502 30 0 30 1 12
4503 22 5 27 0.62963 14
4504 21 22 43 -0.0232558 21
4505 38 3 41 0.853659 12
4506 3 43 46 -0.869565 18
4507 22 9 31 0.419355 17
4508 0 30 30 -1 10
4509 16 13 29 0.103448 16
4510 6 28 34 -0.647059 15
4511 3 25 28 -0.785714 13
4512 11 9 20 0.1 12
4513 8 22 30 -0.466667 14
4514 12 29 41 -0.414634 26
4515 26 12 38 0.368421 21
4516 30 1 31 0.935484 10
4517 31 14 45 0.377778 17
4518 2 16 18 -0.777778 11
4519 22 10 32 0.375 17
4520 35 7 42 0.666667 20
4521 2 25 27 -0.851852 13
4522 29 8 37 0.567568 18
4523 9 18 27 -0.333333 11
4524 10 6 16 0.25 13
4525 22 7 29 0.517241 19
4526 26 7 33 0.575758 14
4527 4 28 32 -0.75 14
4528 29 9 38 0.526316 21
4529 33 22 55 0.2 25
4530 7 23 30 -0.533333 17
4531 34 2 36 0.888889 15
4532 8 32 40 -0.6 17
4533 1 30 31 -0.935484 14
4534 33 10 43 0.534884 16
4535 14 1 15 0.866667 8
4536 6 37 43 -0.72093 21
4537 24 6 30 0.6 15
4538 9 35 44 -0.590909 19
4539 57 2 59 0.932203 20
4540 18 2 20 0.8 12
4541 39 0 39 1 8
4542 30 8 38 0.578947 15
4543 6 21 27 -0.555556 14
4544 28 12 40 0.4 13
4545 36 6 42 0.714286 18
4546 12 13 25 -0.04 16
4547 4 31 35 -0.771429 17
4548 19 10 29 0.310345 16
4549 2 30 32 -0.875 16
4550 42 5 47 0.787234 15
4551 19 8 27 0.407407 17
4552 18 8 26 0.384615 15
4553 17 25 42 -0.190476 23
4554 31 7 38 0.631579 15
4555 0 31 31 -1 13
4556 7 27 34 -0.588235 17
4557 30 16 46 0.304348 22
4558 5 41 46 -0.782609 10
4559 14 13 27 0.037037 12
4560 2 45 47 -0.914894 15
4561 5 18 23 -0.565217 16
4562 32 3 35 0.828571 14
4563 18 5 23 0.565217 12
4564 8 26 34 -0.529412 21
4565 0 49 49 -1 10
4566 1 44 45 -0.955556 7
4567 18 23 41 -0.121951 23
4568 31 12 43 0.44186 21
4569 19 17 36 0.0555556 23
4570 17 12 29 0.172414 17
4571 10 12 22 -0.0909091 15
4572 14 1 15 0.866667 8
4573 17 16 33 0.030303 18
4574 4 25 29 -0.724138 13
4575 4 33 37 -0.783784 15
4576 13 22 35 -0.257143 23
4577 24 0 24 1 12
4578 0 33 33 -1 10
4579 14 8 22 0.272727 13
4580 14 20 34 -0.176471 17
4581 19 6 25 0.52 15
4582 10 11 21 -0.047619 11
4583 27 7 34 0.588235 14
4584 34 0 34 1 12
4585 14 8 22 0.272727 12
4586 12 20 32 -0.25 15
4587 31 0 31 1 15
4588 7 22 29 -0.517241 16
4589 13 0 13 1 6
4590 51 1 52 0.961538 11
4591 2 26 28 -0.857143 14
4592 14 8 22 0.272727 12
4593 36 3 39 0.846154 14
4594 26 2 28 0.857143 11
4595 5 26 31 -0.677419 15
4596 4 23 27 -0.703704 12
4597 29 14 43 0.348837 19
4598 22 6 28 0.571429 16
4599 1 19 20 -0.9 11
4600 3 41 44 -0.863636 13
4601 25 0 25 1 12
4602 55 3 58 0.896552 16
4603 7 32 39 -0.641026 20
4604 0 36 36 -1 9
4605 28 9 37 0.513514 19
4606 1 44 45 -0.955556 10
4607 28 7 35 0.6 15
4608 7 39 46 -0.695652 15
4609 19 1 20 0.9 9
4610 4 52 56 -0.857143 12
4611 27 11 38 0.421053 21
4612 24 1 25 0.92 12
4613 2 35 37 -0.891892 13
4614 29 8 37 0.567568 18
4615 31 4 35 0.771429 16
4616 16 24 40 -0.2 20
4617 3 31 34 -0.823529 9
4618 6 43 49 -0.755102 14
4619 1 15 16 -0.875 7
4620 6 38 44 -0.727273 19
4621 18 8 26 0.384615 17
4622 1 30 31 -0.935484 13
4623 3 9 12 -0.5 7
4624 3 30 33 -0.818182 17
4625 22 8 30 0.466667 17
4626 10 25 35 -0.428571 18
4627 31 0 31 1 16
4628 2 32 34 -0.882353 15
4629 8 11 19 -0.157895 13
4630 4 24 28 -0.714286 13
4631 18 10 28 0.285714 15
4632 4 51 55 -0.854545 12
4633 10 21 31 -0.354839 16
4634 35 10 45 0.555556 17
4635 53 1 54 0.962963 14
4636 33 4 37 0.783784 18
4637 39 0 39 1 14
4638 19 22 41 -0.0731707 20
4639 14 24 38 -0.263158 24
4640 12 16 28 -0.142857 16
4641 25 5 30 0.666667 21
4642 36 9 45 0.6 25
4643 12 12 24 0 18
4644 12 23 35 -0.314286 21
4645 29 1 30 0.933333 17
4646 27 12 39 0.384615 21
4647 22 12 34 0.294118 20
4648 18 6 24 0.5 15
4649 2 31 33 -0.878788 13
4650 30 9 39 0.538462 14
4651 5 7 12 -0.166667 10
4652 19 15 34 0.117647 17
4653 3 42 45 -0.866667 19
4654 46 2 48 0.916667 16
4655 35 4 39 0.794872 17
4656 8 28 36 -0.555556 20
4657 4 30 34 -0.764706 15
4658 28 17 45 0.244444 17
4659 34 9 43 0.581395 11
4660 2 38 40 -0.9 15
4661 14 21 35 -0.2 24
4662 2 25 27 -0.851852 17
4663 29 10 39 0.487179 19
4664 6 38 44 -0.727273 18
4665 6 9 15 -0.2 13
4666 7 30 37 -0.621622 14
4667 7 34 41 -0.658537 18
4668 36 8 44 0.636364 13
4669 16 19 35 -0.0857143 19
4670 18 18 36 0 23
4671 3 44 47 -0.87234 12
4672 5 28 33 -0.69697 18
4673 16 14 30 0.0666667 17
4674 5 18 23 -0.565217 16
4675 20 3 23 0.73913 7
4676 6 38 44 -0.727273 18
4677 4 30 34 -0.764706 14
4678 22 10 32 0.375 20
4679 7 26 33 -0.575758 10
4680 16 14 30 0.0666667 17
4681 7 31 38 -0.631579 20
4682 1 38 39 -0.948718 13
4683 10 22 32 -0.375 15
4684 7 38 45 -0.688889 20
4685 7 19 26 -0.461538 16
4686 7 23 30 -0.533333 18
4687 19 15 34 0.117647 18
4688 10 22 32 -0.375 16
4689 22 9 31 0.419355 21
4690 10 26 36 -0.444444 18
4691 9 30 39 -0.538462 16
4692 32 13 45 0.422222 18
4693 4 42 46 -0.826087 19
4694 23 11 34 0.352941 23
4695 2 43 45 -0.911111 13
4696 15 20 35 -0.142857 18
4697 15 28 43 -0.302326 18
4698 9 24 33 -0.454545 14
4699 29 6 35 0.657143 16
4700 13 17 30 -0.133333 16
4701 3 22 25 -0.76 12
4702 9 21 30 -0.4 18
4703 22 11 33 0.333333 18
4704 11 31 42 -0.47619 22
4705 30 1 31 0.935484 13
4706 33 9 42 0.571429 18
4707 2 70 72 -0.944444 9
4708 31 9 40 0.55 17
4709 30 1 31 0.935484 15
4710 26 12 38 0.368421 14
4711 20 16 36 0.111111 21
4712 9 19 28 -0.357143 17
4713 38 1 39 0.948718 15
4714 7 26 33 -0.575758 18
4715 28 1 29 0.931034 12
4716 35 3 38 0.842105 17
4717 32 7 39 0.641026 9
4718 12 13 25 -0.04 13
4719 25 7 32 0.5625 19
4720 16 5 21 0.52381 12
4721 10 17 27 -0.259259 12
4722 1 39 40 -0.95 10
4723 3 25 28 -0.785714 12
4724 14 12 26 0.0769231 15
4725 20 17 37 0.0810811 18
4726 23 10 33 0.393939 15
4727 15 20 35 -0.142857 20
4728 4 34 38 -0.789474 19
4729 19 13 32 0.1875 18
4730 1 8 9 -0.777778 5
4731 20 12 32 0.25 13
4732 29 7 36 0.611111 18
4733 35 2 37 0.891892 14
4734 15 24 39 -0.230769 21
4735 42 4 46 0.826087 13
4736 37 1 38 0.947368 10
4737 3 47 50 -0.88 16
4738 36 6 42 0.714286 19
4739 25 8 33 0.515152 18
4740 52 5 57 0.824561 11
4741 16 11 27 0.185185 20
4742 17 20 37 -0.0810811 19
4743 11 38 49 -0.55102 18
4744 6 28 34 -0.647059 15
4745 28 2 30 0.866667 14
4746 18 10 28 0.285714 14
4747 18 13 31 0.16129 16
4748 17 20 37 -0.0810811 17
4749 11 42 53 -0.584906 13
4750 41 1 42 0.952381 19
4751 21 5 26 0.615385 15
4752 22 7 29 0.517241 15
4753 15 15 30 0 15
4754 15 0 15 1 7
4755 43 3 46 0.869565 18
4756 12 21 33 -0.272727 16
4757 1 53 54 -0.962963 12
4758 8 20 28 -0.428571 11
4759 21 8 29 0.448276 14
4760 23 6 29 0.586207 18
4761 1 35 36 -0.944444 15
4762 25 4 29 0.724138 16
4763 38 4 42 0.809524 15
4764 36 2 38 0.894737 10
4765 19 17 36 0.0555556 18
4766 7 8 15 -0.0666667 8
4767 17 6 23 0.478261 14
4768 25 10 35 0.428571 18
4769 20 3 23 0.73913 12
4770 11 13 24 -0.0833333 14
4771 16 13 29 0.103448 15
4772 7 31 38 -0.631579 15
4773 20 16 36 0.111111 17
4774 2 9 11 -0.636364 6
4775 30 13 43 0.395349 14
4776 24 15 39 0.230769 17
4777 23 9 32 0.4375 15
4778 3 37 40 -0.85 13
4779 26 7 33 0.575758 16
4780 5 14 19 -0.473684 13
4781 21 6 27 0.555556 17
4782 8 22 30 -0.466667 16
4783 22 5 27 0.62963 13
4784 0 25 25 -1 13
4785 29 6 35 0.657143 15
4786 31 6 37 0.675676 15
4787 23 2 25 0.84 12
4788 25 11 36 0.388889 18
4789 26 14 40 0.3 20
4790 0 35 35 -1 13
4791 37 6 43 0.72093 11
4792 26 1 27 0.925926 10
4793 13 18 31 -0.16129 13
4794 27 13 40 0.35 21
4795 32 2 34 0.882353 16
4796 22 12 34 0.294118 18
4797 17 6 23 0.478261 15
4798 13 18 31 -0.16129 17
4799 33 3 36 0.833333 18
4800 5 36 41 -0.756098 13
4801 16 6 22 0.454545 17
4802 7 12 19 -0.263158 12
4803 5 33 38 -0.736842 18
4804 8 13 21 -0.238095 12
4805 48 2 50 0.92 14
4806 28 11 39 0.435897 24
4807 36 6 42 0.714286 17
4808 4 44 48 -0.833333 16
4809 2 27 29 -0.862069 14
4810 10 24 34 -0.411765 20
4811 17 21 38 -0.105263 23
4812 26 8 34 0.529412 19
4813 29 4 33 0.757576 11
4814 17 12 29 0.172414 13
4815 26 2 28 0.857143 12
4816 10 16 26 -0.230769 14
4817 35 3 38 0.842105 19
4818 10 15 25 -0.2 12
4819 15 6 21 0.428571 11
4820 3 22 25 -0.76 14
4821 17 9 26 0.307692 19
4822 52 3 55 0.890909 14
4823 0 31 31 -1 10
4824 9 19 28 -0.357143 15
4825 1 35 36 -0.944444 15
4826 9 18 27 -0.333333 15
4827 21 12 33 0.272727 18
4828 30 11 41 0.463415 22
4829 16 25 41 -0.219512 19
4830 14 22 36 -0.222222 20
4831 23 21 44 0.0454545 21
4832 23 9 32 0.4375 17
4833 44 3 47 0.87234 14
4834 0 34 34 -1 9
4835 22 3 25 0.76 15
4836 29 11 40 0.45 20
4837 27 8 35 0.542857 17
4838 18 14 32 0.125 20
4839 8 17 25 -0.36 18
4840 32 0 32 1 17
4841 0 38 38 -1 6
4842 10 18 28 -0.285714 15
4843 14 19 33 -0.151515 13
4844 11 26 37 -0.405405 23
4845 2 42 44 -0.909091 13
4846 18 11 29 0.241379 19
4847 24 7 31 0.548387 16
4848 20 11 31 0.290323 11
4849 9 17 26 -0.307692 15
4850 3 38 41 -0.853659 14
4851 6 29 35 -0.657143 14
4852 23 9 32 0.4375 19
4853 8 9 17 -0.0588235 14
4854 31 3 34 0.823529 19
4855 19 16 35 0.0857143 14
4856 1 21 22 -0.909091 12
4857 1 12 13 -0.846154 10
4858 20 16 36 0.111111 18
4859 27 0 27 1 9
4860 16 24 40 -0.2 17
4861 20 22 42 -0.047619 21
4862 32 9 41 0.560976 20
4863 33 6 39 0.692308 18
4864 8 32 40 -0.6 20
4865 19 5 24 0.583333 12
4866 6 28 34 -0.647059 15
4867 31 1 32 0.9375 15
4868 15 1 16 0.875 6
4869 5 47 52 -0.807692 17
4870 14 12 26 0.0769231 19
4871 4 47 51 -0.843137 10
4872 24 8 32 0.5 15
4873 11 34 45 -0.511111 19
4874 2 33 35 -0.885714 13
4875 0 26 26 -1 12
4876 9 28 37 -0.513514 14
4877 6 20 26 -0.538462 15
4878 21 14 35 0.2 14
4879 4 38 42 -0.809524 22
4880 17 2 19 0.789474 9
4881 12 19 31 -0.225806 18
4882 10 0 10 1 3
4883 1 19 20 -0.9 11
4884 20 11 31 0.290323 19
4885 19 16 35 0.0857143 18
4886 16 15 31 0.0322581 16
4887 5 16 21 -0.52381 11
4888 5 13 18 -0.444444 9
4889 6 24 30 -0.6 12
4890 18 16 34 0.0588235 21
4891 39 0 39 1 13
4892 7 21 28 -0.5 12
4893 1 21 22 -0.909091 14
4894 8 31 39 -0.589744 19
4895 9 19 28 -0.357143 13
4896 24 3 27 0.777778 12
4897 35 1 36 0.944444 9
4898 19 6 25 0.52 13
4899 13 20 33 -0.212121 14
4900 19 18 37 0.027027 19
4901 7 14 21 -0.333333 12
4902 7 24 31 -0.548387 17
4903 3 45 48 -0.875 21
4904 27 11 38 0.421053 19
4905 6 29 35 -0.657143 15
4906 7 0 7 1 4
4907 8 28 36 -0.555556 22
4908 2 36 38 -0.894737 18
4909 17 22 39 -0.128205 23
4910 5 32 37 -0.72973 18
4911 23 7 30 0.533333 16
4912 12 24 36 -0.333333 18
4913 9 18 27 -0.333333 14
4914 7 24 31 -0.548387 11
4915 50 6 56 0.785714 11
4916 10 32 42 -0.52381 18
4917 30 6 36 0.666667 17
4918 28 4 32 0.75 13
4919 13 23 36 -0.277778 19
4920 8 21 29 -0.448276 14
4921 14 26 40 -0.3 21
4922 29 17 46 0.26087 20
4923 10 27 37 -0.459459 16
4924 31 7 38 0.631579 18
4925 14 11 25 0.12 16
4926 4 47 51 -0.843137 19
4927 18 7 25 0.44 15
4928 5 36 41 -0.756098 16
4929 2 28 30 -0.866667 17
4930 24 9 33 0.454545 18
4931 11 17 28 -0.214286 13
4932 5 40 45 -0.777778 16
4933 6 31 37 -0.675676 19
4934 5 27 32 -0.6875 17
4935 13 20 33 -0.212121 21
4936 34 1 35 0.942857 11
4937 21 19 40 0.05 21
4938 46 5 51 0.803922 17
4939 12 17 29 -0.172414 16
4940 22 10 32 0.375 16
4941 4 25 29 -0.724138 13
4942 24 1 25 0.92 13
4943 3 49 52 -0.884615 16
4944 12 11 23 0.0434783 12
4945 24 17 41 0.170732 22
4946 9 18 27 -0.333333 19
4947 17 10 27 0.259259 9
4948 4 26 30 -0.733333 16
4949 20 9 29 0.37931 20
4950 34 5 39 0.74359 15
4951 5 31 36 -0.722222 11
4952 25 1 26 0.923077 11
4953 11 36 47 -0.531915 21
4954 16 8 24 0.333333 16
4955 14 22 36 -0.222222 14
4956 18 22 40 -0.1 22
4957 2 34 36 -0.888889 13
4958 41 4 45 0.822222 16
4959 2 20 22 -0.818182 14
4960 8 41 49 -0.673469 18
4961 11 9 20 0.1 13
4962 4 29 33 -0.757576 17
4963 1 33 34 -0.941176 15
4964 4 35 39 -0.794872 20
4965 32 11 43 0.488372 13
4966 6 29 35 -0.657143 16
4967 14 29 43 -0.348837 23
4968 7 25 32 -0.5625 17
4969 8 13 21 -0.238095 14
4970 34 4 38 0.789474 19
4971 1 50 51 -0.960784 7
4972 46 1 47 0.957447 18
4973 1 25 26 -0.923077 6
4974 38 0 38 1 13
4975 12 23 35 -0.314286 16
4976 22 16 38 0.157895 17
4977 5 39 44 -0.772727 16
4978 20 21 41 -0.0243902 21
4979 40 9 49 0.632653 19
4980 16 6 22 0.454545 14
4981 56 2 58 0.931034 12
4982 23 8 31 0.483871 19
4983 19 21 40 -0.05 22
4984 9 39 48 -0.625 21
4985 11 23 34 -0.352941 21
4986 8 17 25 -0.36 15
4987 16 26 42 -0.238095 20
4988 2 31 33 -0.878788 12
4989 14 9 23 0.217391 18
4990 24 9 33 0.454545 18
4991 24 3 27 0.777778 13
4992 38 3 41 0.853659 13
4993 10 10 20 0 12
4994 21 10 31 0.354839 20
4995 0 12 12 -1 8
4996 28 6 34 0.647059 15
4997 29 5 34 0.705882 15
4998 8 15 23 -0.304348 15
4999 34 2 36 0.888889 14
5000 22 13 35 0.257143 20
5001 19 15 34 0.117647 18
5002 9 32 41 -0.560976 16
5003 41 4 45 0.822222 16
5004 33 6 39 0.692308 12
5005 1 29 30 -0.933333 13
5006 17 18 35 -0.0285714 18
5007 11 19 30 -0.266667 14
5008 15 14 29 0.0344828 18
5009 7 39 46 -0.695652 18
5010 33 5 38 0.736842 18
5011 20 20 40 0 18
5012 30 3 33 0.818182 16
5013 23 11 34 0.352941 19
5014 2 18 20 -0.8 10
5015 50 3 53 0.886792 11
5016 15 19 34 -0.117647 19
5017 28 7 35 0.6 18
5018 2 19 21 -0.809524 14
5019 8 47 55 -0.709091 19
5020 23 9 32 0.4375 8
5021 9 25 34 -0.470588 13
5022 10 9 19 0.0526316 15
5023 4 35 39 -0.794872 16
5024 7 20 27 -0.481481 16
5025 18 16 34 0.0588235 20
5026 2 27 29 -0.862069 12
5027 39 2 41 0.902439 11
5028 5 46 51 -0.803922 12
5029 0 36 36 -1 14
5030 12 19 31 -0.225806 18
5031 13 8 21 0.238095 14
5032 18 29 47 -0.234043 23
5033 11 22 33 -0.333333 20
5034 33 5 38 0.736842 19
5035 5 15 20 -0.5 12
5036 18 6 24 0.5 15
5037 38 4 42 0.809524 15
5038 4 36 40 -0.8 16
5039 25 1 26 0.923077 8
5040 11 10 21 0.047619 13
5041 2 54 56 -0.928571 14
5042 14 15 29 -0.0344828 18
5043 2 34 36 -0.888889 15
5044 3 25 28 -0.785714 14
5045 17 14 31 0.0967742 17
5046 12 27 39 -0.384615 22
5047 31 14 45 0.377778 21
5048 26 1 27 0.925926 12
5049 0 39 39 -1 13
5050 18 14 32 0.125 18
5051 29 10 39 0.487179 20
5052 1 21 22 -0.909091 13
5053 20 10 30 0.333333 15
5054 7 29 36 -0.611111 18
5055 1 41 42 -0.952381 13
5056 2 49 51 -0.921569 20
5057 18 10 28 0.285714 15
5058 8 25 33 -0.515152 14
5059 8 19 27 -0.407407 13
5060 9 30 39 -0.538462 15
5061 33 1 34 0.941176 15
5062 10 31 41 -0.512195 18
5063 3 38 41 -0.853659 13
5064 35 7 42 0.666667 19
5065 7 13 20 -0.3 15
5066 24 19 43 0.116279 20
5067 14 8 22 0.272727 15
5068 16 14 30 0.0666667 16
5069 7 12 19 -0.263158 11
5070 29 4 33 0.757576 15
5071 6 47 53 -0.773585 15
5072 3 25 28 -0.785714 13
5073 12 12 24 0 14
5074 1 7 8 -0.75 5
5075 35 1 36 0.944444 14
5076 26 22 48 0.0833333 17
5077 5 42 47 -0.787234 11
5078 17 20 37 -0.0810811 16
5079 3 19 22 -0.727273 10
5080 47 5 52 0.807692 16
5081 5 34 39 -0.74359 19
5082 16 13 29 0.103448 16
5083 13 23 36 -0.277778 21
5084 10 8 18 0.111111 14
5085 30 2 32 0.875 16
5086 22 9 31 0.419355 17
5087 12 26 38 -0.368421 17
5088 36 6 42 0.714286 15
5089 6 30 36 -0.666667 15
5090 21 11 32 0.3125 15
5091 8 42 50 -0.68 24
5092 4 2 6 0.333333 5
5093 4 30 34 -0.764706 20
5094 9 25 34 -0.470588 18
5095 10 10 20 0 11
5096 2 24 26 -0.846154 15
5097 11 21 32 -0.3125 16
5098 31 16 47 0.319149 17
5099 32 10 42 0.52381 17
5100 24 9 33 0.454545 15
5101 4 33 37 -0.783784 11
5102 14 12 26 0.0769231 17
5103 47 5 52 0.807692 20
5104 9 15 24 -0.25 15
5105 6 41 47 -0.744681 23
5106 31 7 38 0.631579 13
5107 10 34 44 -0.545455 20
5108 51 4 55 0.854545 19
5109 6 34 40 -0.7 19
5110 3 50 53 -0.886792 13
5111 5 18 23 -0.565217 15
5112 2 30 32 -0.875 12
5113 41 2 43 0.906977 18
5114 12 19 31 -0.225806 16
5115 19 7 26 0.461538 12
5116 3 8 11 -0.454545 8
5117 29 0 29 1 15
5118 41 0 41 1 14
5119 6 11 17 -0.294118 8
5120 26 21 47 0.106383 27
5121 1 51 52 -0.961538 17
5122 41 2 43 0.906977 10
5123 4 31 35 -0.771429 16
5124 29 1 30 0.933333 13
5125 15 15 30 0 16
5126 14 2 16 0.75 13
5127 21 16 37 0.135135 19
5128 19 15 34 0.117647 16
5129 24 6 30 0.6 15
5130 6 19 25 -0.52 14
5131 1 22 23 -0.913043 12
5132 1 33 34 -0.941176 8
5133 22 19 41 0.0731707 19
5134 18 13 31 0.16129 19
5135 32 5 37 0.72973 15
5136 6 27 33 -0.636364 17
5137 19 8 27 0.407407 14
5138 19 11 30 0.266667 15
5139 35 2 37 0.891892 16
5140 2 34 36 -0.888889 15
5141 38 7 45 0.688889 17
5142 5 27 32 -0.6875 13
5143 25 5 30 0.666667 15
5144 27 13 40 0.35 22
5145 6 18 24 -0.5 14
5146 28 7 35 0.6 12
5147 16 5 21 0.52381 14
5148 0 30 30 -1 9
5149 5 23 28 -0.642857 13
5150 17 21 38 -0.105263 17
5151 37 7 44 0.681818 18
5152 22 2 24 0.833333 13
5153 32 1 33 0.939394 14
5154 10 29 39 -0.487179 17
5155 40 16 56 0.428571 20
5156 8 31 39 -0.589744 16
5157 5 17 22 -0.545455 11
5158 2 37 39 -0.897436 12
5159 14 21 35 -0.2 19
5160 27 2 29 0.862069 14
5161 61 3 64 0.90625 14
5162 13 27 40 -0.35 19
5163 3 44 47 -0.87234 17
5164 18 21 39 -0.0769231 16
5165 37 2 39 0.897436 14
5166 3 24 27 -0.777778 13
5167 14 21 35 -0.2 22
5168 10 15 25 -0.2 19
5169 1 17 18 -0.888889 11
5170 11 14 25 -0.12 15
5171 14 33 47 -0.404255 23
5172 28 1 29 0.931034 10
5173 2 24 26 -0.846154 15
5174 8 11 19 -0.157895 13
5175 59 2 61 0.934426 11
5176 5 21 26 -0.615385 11
5177 27 10 37 0.459459 21
5178 43 3 46 0.869565 16
5179 44 1 45 0.955556 18
5180 12 10 22 0.0909091 11
5181 14 20 34 -0.176471 17
5182 2 39 41 -0.902439 12
5183 30 1 31 0.935484 12
5184 14 24 38 -0.263158 19
5185 3 22 25 -0.76 13
5186 21 10 31 0.354839 16
5187 8 26 34 -0.529412 13
5188 23 12 35 0.314286 19
5189 28 1 29 0.931034 10
5190 3 30 33 -0.818182 13
5191 11 25 36 -0.388889 17
5192 7 25 32 -0.5625 19
5193 4 26 30 -0.733333 18
5194 31 7 38 0.631579 15
5195 14 3 17 0.647059 7
5196 25 7 32 0.5625 13
5197 14 25 39 -0.282051 16
5198 2 20 22 -0.818182 13
5199 13 11 24 0.0833333 16
5200 37 1 38 0.947368 12
5201 14 11 25 0.12 16
5202 25 8 33 0.515152 16
5203 31 14 45 0.377778 21
5204 8 33 41 -0.609756 21
5205 17 21 38 -0.105263 18
5206 19 18 37 0.027027 14
5207 26 4 30 0.733333 16
5208 16 26 42 -0.238095 22
5209 45 3 48 0.875 9
5210 13 16 29 -0.103448 14
5211 5 17 22 -0.545455 12
5212 8 31 39 -0.589744 18
5213 14 23 37 -0.243243 18
5214 12 17 29 -0.172414 16
5215 30 15 45 0.333333 21
5216 27 5 32 0.6875 16
5217 36 6 42 0.714286 18
5218 37 1 38 0.947368 18
5219 28 13 41 0.365854 17
5220 14 26 40 -0.3 21
5221 11 28 39 -0.435897 14
5222 26 4 30 0.733333 13
5223 13 5 18 0.444444 11
5224 7 22 29 -0.517241 18
5225 25 8 33 0.515152 18
5226 0 16 16 -1 3
5227 13 25 38 -0.315789 20
5228 25 11 36 0.388889 14
5229 4 28 32 -0.75 16
5230 22 4 26 0.692308 13
5231 41 2 43 0.906977 16
5232 11 10 21 0.047619 14
5233 26 15 41 0.268293 22
5234 51 1 52 0.961538 13
5235 26 1 27 0.925926 6
5236 31 1 32 0.9375 13
5237 6 48 54 -0.777778 15
5238 17 2 19 0.789474 14
5239 6 30 36 -0.666667 18
5240 3 31 34 -0.823529 18
5241 2 39 41 -0.902439 11
5242 4 8 12 -0.333333 6
5243 16 21 37 -0.135135 19
5244 36 9 45 0.6 22
5245 12 16 28 -0.142857 17
5246 34 11 45 0.511111 20
5247 45 5 50 0.8 13
5248 22 23 45 -0.0222222 25
5249 3 23 26 -0.769231 14
5250 11 11 22 0 16
5251 14 25 39 -0.282051 19
5252 18 11 29 0.241379 15
5253 16 25 41 -0.219512 18
5254 15 13 28 0.0714286 22
5255 12 18 30 -0.2 18
5256 41 4 45 0.822222 19
5257 5 27 32 -0.6875 18
5258 11 26 37 -0.405405 18
5259 16 21 37 -0.135135 18
5260 21 23 44 -0.0454545 24
5261 21 7 28 0.5 14
5262 4 31 35 -0.771429 13
5263 23 20 43 0.0697674 21
5264 2 22 24 -0.833333 15
5265 33 6 39 0.692308 18
5266 1 34 35 -0.942857 16
5267 6 23 29 -0.586207 14
5268 7 22 29 -0.517241 15
5269 22 5 27 0.62963 17
5270 4 33 37 -0.783784 15
5271 4 30 34 -0.764706 13
5272 14 2 16 0.75 12
5273 6 49 55 -0.781818 14
5274 14 27 41 -0.317073 19
5275 0 38 38 -1 13
5276 17 13 30 0.133333 21
5277 4 17 21 -0.619048 10
5278 3 16 19 -0.684211 14
5279 5 20 25 -0.6 14
5280 21 20 41 0.0243902 19
5281 1 31 32 -0.9375 6
5282 3 30 33 -0.818182 12
5283 10 16 26 -0.230769 14
5284 2 28 30 -0.866667 12
5285 11 18 29 -0.241379 19
5286 18 17 35 0.0285714 16
5287 24 1 25 0.92 14
5288 11 29 40 -0.45 21
5289 7 14 21 -0.333333 13
5290 20 13 33 0.212121 16
5291 19 13 32 0.1875 16
5292 18 4 22 0.636364 11
5293 33 9 42 0.571429 21
5294 0 30 30 -1 15
5295 4 27 31 -0.741935 19
5296 9 29 38 -0.526316 18
5297 35 2 37 0.891892 11
5298 21 10 31 0.354839 18
5299 13 24 37 -0.297297 22
5300 11 21 32 -0.3125 14
5301 2 30 32 -0.875 14
5302 21 2 23 0.826087 14
5303 12 18 30 -0.2 18
5304 23 15 38 0.210526 20
5305 41 18 59 0.389831 26
5306 42 0 42 1 14
5307 2 29 31 -0.870968 13
5308 14 22 36 -0.222222 14
5309 17 13 30 0.133333 14
5310 0 31 31 -1 14
5311 27 7 34 0.588235 14
5312 3 49 52 -0.884615 16
5313 15 12 27 0.111111 15
5314 21 18 39 0.0769231 20
5315 16 18 34 -0.0588235 18
5316 3 41 44 -0.863636 19
5317 6 17 23 -0.478261 14
5318 13 12 25 0.04 16
5319 43 6 49 0.755102 16
5320 24 13 37 0.297297 21
5321 24 11 35 0.371429 22
5322 7 21 28 -0.5 11
5323 12 23 35 -0.314286 18
5324 14 25 39 -0.282051 22
5325 10 6 16 0.25 12
5326 6 20 26 -0.538462 13
5327 13 24 37 -0.297297 23
5328 41 3 44 0.863636 17
5329 10 11 21 -0.047619 11
5330 4 29 33 -0.757576 17
5331 32 2 34 0.882353 15
5332 9 27 36 -0.5 15
5333 15 17 32 -0.0625 15
5334 25 10 35 0.428571 18
5335 12 24 36 -0.333333 19
5336 29 3 32 0.8125 17
5337 11 37 48 -0.541667 13
5338 22 12 34 0.294118 14
5339 26 6 32 0.625 16
5340 19 21 40 -0.05 20
5341 3 28 31 -0.806452 10
5342 12 3 15 0.6 9
5343 31 4 35 0.771429 11
5344 10 7 17 0.176471 13
5345 25 8 33 0.515152 20
5346 10 11 21 -0.047619 15
5347 17 11 28 0.214286 17
5348 24 12 36 0.333333 19
5349 34 4 38 0.789474 14
5350 11 26 37 -0.405405 17
5351 19 23 42 -0.0952381 17
5352 18 23 41 -0.121951 17
5353 27 8 35 0.542857 20
5354 29 8 37 0.567568 18
5355 2 49 51 -0.921569 19
5356 24 15 39 0.230769 22
5357 1 46 47 -0.957447 15
5358 11 27 38 -0.421053 17
5359 3 32 35 -0.828571 14
5360 28 10 38 0.473684 18
5361 12 18 30 -0.2 18
5362 15 10 25 0.2 17
5363 2 32 34 -0.882353 14
5364 23 13 36 0.277778 21
5365 25 14 39 0.282051 21
5366 21 6 27 0.555556 14
5367 15 12 27 0.111111 16
5368 18 5 23 0.565217 19
5369 21 5 26 0.615385 13
5370 7 6 13 0.0769231 10
5371 2 35 37 -0.891892 14
5372 27 10 37 0.459459 20
5373 41 3 44 0.863636 18
5374 16 5 21 0.52381 13
5375 17 27 44 -0.227273 25
5376 5 30 35 -0.714286 19
5377 3 45 48 -0.875 18
5378 9 23 32 -0.4375 21
5379 1 19 20 -0.9 12
5380 26 5 31 0.677419 11
5381 28 9 37 0.513514 14
5382 20 15 35 0.142857 19
5383 44 4 48 0.833333 14
5384 18 10 28 0.285714 13
5385 4 54 58 -0.862069 14
5386 37 4 41 0.804878 19
5387 18 20 38 -0.0526316 14
5388 36 9 45 0.6 19
5389 30 4 34 0.764706 15
5390 23 20 43 0.0697674 23
5391 8 12 20 -0.2 11
5392 21 9 30 0.4 17
5393 16 32 48 -0.333333 23
5394 2 39 41 -0.902439 15
5395 30 1 31 0.935484 15
5396 31 10 41 0.512195 16
5397 31 7 38 0.631579 18
5398 17 9 26 0.307692 15
5399 17 31 48 -0.291667 19
5400 39 2 41 0.902439 18
5401 46 4 50 0.84 20
5402 41 6 47 0.744681 14
5403 14 8 22 0.272727 15
5404 11 29 40 -0.45 18
5405 13 22 35 -0.257143 20
5406 33 1 34 0.941176 14
5407 0 31 31 -1 9
5408 20 19 39 0.025641 19
5409 34 7 41 0.658537 16
5410 1 23 24 -0.916667 14
5411 5 23 28 -0.642857 15
5412 4 36 40 -0.8 18
5413 2 21 23 -0.826087 11
5414 22 13 35 0.257143 18
5415 19 16 35 0.0857143 20
5416 9 49 58 -0.689655 16
5417 7 28 35 -0.6 17
5418 9 20 29 -0.37931 16
5419 21 5 26 0.615385 13
5420 8 13 21 -0.238095 15
5421 7 45 52 -0.730769 19
5422 9 34 43 -0.581395 15
5423 17 17 34 0 20
5424 17 11 28 0.214286 16
5425 33 1 34 0.941176 15
5426 43 1 44 0.954545 16
5427 40 1 41 0.95122 17
5428 2 30 32 -0.875 14
5429 26 12 38 0.368421 21
5430 21 15 36 0.166667 21
5431 5 23 28 -0.642857 13
5432 6 42 48 -0.75 18
5433 11 11 22 0 12
5434 2 22 24 -0.833333 12
5435 8 18 26 -0.384615 19
5436 1 49 50 -0.96 17
5437 9 31 40 -0.55 17
5438 27 21 48 0.125 20
5439 29 8 37 0.567568 15
5440 28 2 30 0.866667 18
5441 48 1 49 0.959184 16
5442 3 43 46 -0.869565 18
5443 9 27 36 -0.5 19
5444 24 11 35 0.371429 12
5445 4 26 30 -0.733333 12
5446 10 27 37 -0.459459 15
5447 23 9 32 0.4375 20
5448 31 5 36 0.722222 16
5449 0 0 0 0 0
5450 25 8 33 0.515152 15
5451 10 8 18 0.111111 13
5452 22 7 29 0.517241 13
5453 13 12 25 0.04 17
5454 1 19 20 -0.9 13
5455 20 3 23 0.73913 14
5456 7 41 48 -0.708333 20
5457 4 32 36 -0.777778 16
5458 9 36 45 -0.6 17
5459 11 29 40 -0.45 20
5460 21 3 24 0.75 8
5461 35 5 40 0.75 18
5462 13 17 30 -0.133333 18
5463 34 13 47 0.446809 24
5464 0 12 12 -1 8
5465 19 19 38 0 21
5466 31 7 38 0.631579 17
5467 21 4 25 0.68 11
5468 3 27 30 -0.8 14
5469 12 23 35 -0.314286 21
5470 21 19 40 0.05 20
5471 28 6 34 0.647059 14
5472 17 19 36 -0.0555556 20
5473 19 20 39 -0.025641 17
5474 3 11 14 -0.571429 7
5475 27 3 30 0.8 10
5476 18 17 35 0.0285714 21
5477 29 2 31 0.870968 15
5478 2 36 38 -0.894737 16
5479 2 24 26 -0.846154 15
5480 5 31 36 -0.722222 16
5481 7 23 30 -0.533333 19
5482 48 5 53 0.811321 13
5483 3 31 34 -0.823529 15
5484 4 44 48 -0.833333 16
5485 20 19 39 0.025641 24
5486 3 43 46 -0.869565 10
5487 5 20 25 -0.6 11
5488 15 14 29 0.0344828 23
5489 17 19 36 -0.0555556 19
5490 24 1 25 0.92 10
5491 36 2 38 0.894737 16
5492 13 13 26 0 20
5493 13 12 25 0.04 16
5494 7 12 19 -0.263158 12
5495 4 29 33 -0.757576 13
5496 4 19 23 -0.652174 14
5497 10 27 37 -0.459459 19
5498 12 6 18 0.333333 13
5499 11 29 40 -0.45 18
5500 9 13 22 -0.181818 16
5501 14 7 21 0.333333 16
5502 24 9 33 0.454545 11
5503 20 18 38 0.0526316 14
5504 21 0 21 1 11
5505 10 10 20 0 12
5506 25 8 33 0.515152 17
5507 8 27 35 -0.542857 18
5508 13 17 30 -0.133333 16
5509 1 20 21 -0.904762 11
5510 26 3 29 0.793103 16
5511 42 3 45 0.866667 18
5512 3 40 43 -0.860465 15
5513 20 18 38 0.0526316 21
5514 12 23 35 -0.314286 22
5515 3 33 36 -0.833333 16
5516 18 10 28 0.285714 21
5517 22 14 36 0.222222 19
5518 10 33 43 -0.534884 17
5519 43 1 44 0.954545 17
5520 50 11 61 0.639344 14
5521 9 28 37 -0.513514 12
5522 43 3 46 0.869565 18
5523 5 32 37 -0.72973 17
5524 15 18 33 -0.0909091 25
5525 27 5 32 0.6875 17
5526 44 5 49 0.795918 9
5527 35 1 36 0.944444 15
5528 24 3 27 0.777778 13
5529 0 29 29 -1 16
5530 27 10 37 0.459459 18
5531 22 15 37 0.189189 14
5532 23 3 26 0.769231 14
5533 4 33 37 -0.783784 16
5534 1 24 25 -0.92 15
5535 11 12 23 -0.0434783 15
5536 31 13 44 0.409091 21
5537 17 23 40 -0.15 16
5538 25 5 30 0.666667 15
5539 8 20 28 -0.428571 17
5540 2 22 24 -0.833333 15
5541 5 28 33 -0.69697 17
5542 13 5 18 0.444444 12
5543 38 9 47 0.617021 18
5544 48 7 55 0.745455 17
5545 1 35 36 -0.944444 9
5546 21 15 36 0.166667 22
5547 12 25 37 -0.351351 17
5548 33 2 35 0.885714 14
5549 15 20 35 -0.142857 21
5550 9 18 27 -0.333333 16
5551 6 10 16 -0.25 11
5552 8 22 30 -0.466667 18
5553 31 8 39 0.589744 16
5554 13 44 57 -0.54386 17
5555 50 1 51 0.960784 10
5556 22 11 33 0.333333 19
5557 9 21 30 -0.4 16
5558 23 20 43 0.0697674 19
5559 0 42 42 -1 10
5560 0 18 18 -1 8
5561 23 16 39 0.179487 18
5562 32 3 35 0.828571 14
5563 34 0 34 1 16
5564 9 22 31 -0.419355 18
5565 10 22 32 -0.375 19
5566 26 15 41 0.268293 22
5567 28 1 29 0.931034 15
5568 18 4 22 0.636364 15
5569 39 4 43 0.813953 20
5570 31 7 38 0.631579 11
5571 20 23 43 -0.0697674 14
5572 13 25 38 -0.315789 16
5573 2 17 19 -0.789474 9
5574 22 12 34 0.294118 15
5575 31 12 43 0.44186 21
5576 20 11 31 0.290323 18
5577 35 5 40 0.75 19
5578 17 15 32 0.0625 14
5579 23 15 38 0.210526 17
5580 11 29 40 -0.45 21
5581 3 25 28 -0.785714 14
5582 27 2 29 0.862069 13
5583 9 18 27 -0.333333 10
5584 18 11 29 0.241379 15
5585 10 30 40 -0.5 17
5586 2 17 19 -0.789474 14
5587 39 4 43 0.813953 15
5588 18 10 28 0.285714 17
5589 3 27 30 -0.8 16
5590 24 7 31 0.548387 14
5591 9 22 31 -0.419355 14
5592 49 3 52 0.884615 11
5593 15 22 37 -0.189189 22
5594 1 54 55 -0.963636 13
5595 10 26 36 -0.444444 16
5596 10 8 18 0.111111 14
5597 5 27 32 -0.6875 16
5598 21 8 29 0.448276 14
5599 41 2 43 0.906977 9
5600 23 3 26 0.769231 12
5601 7 15 22 -0.363636 14
5602 8 19 27 -0.407407 14
5603 34 9 43 0.581395 19
5604 33 9 42 0.571429 21
5605 6 19 25 -0.52 15
5606 30 1 31 0.935484 9
5607 2 37 39 -0.897436 13
5608 7 23 30 -0.533333 13
5609 2 22 24 -0.833333 13
5610 21 18 39 0.0769231 18
5611 16 21 37 -0.135135 24
5612 15 8 23 0.304348 15
5613 21 14 35 0.2 21
5614 0 46 46 -1 16
5615 14 18 32 -0.125 16
5616 27 2 29 0.862069 15
5617 28 8 36 0.555556 14
5618 23 2 25 0.84 12
5619 3 39 42 -0.857143 14
5620 21 7 28 0.5 18
5621 49 3 52 0.884615 16
5622 18 16 34 0.0588235 21
5623 11 15 26 -0.153846 13
5624 26 4 30 0.733333 16
5625 3 23 26 -0.769231 15
5626 4 30 34 -0.764706 15
5627 12 18 30 -0.2 16
5628 1 26 27 -0.925926 14
5629 24 10 34 0.411765 21
5630 17 21 38 -0.105263 15
5631 2 25 27 -0.851852 15
5632 2 27 29 -0.862069 15
5633 9 12 21 -0.142857 13
5634 10 3 13 0.538462 8
5635 24 14 38 0.263158 18
5636 17 14 31 0.0967742 18
5637 18 2 20 0.8 10
5638 20 2 22 0.818182 12
5639 14 17 31 -0.0967742 19
5640 17 23 40 -0.15 19
5641 21 17 38 0.105263 15
5642 20 0 20 1 8
5643 17 9 26 0.307692 17
5644 33 6 39 0.692308 16
5645 22 12 34 0.294118 19
5646 9 26 35 -0.485714 17
5647 8 13 21 -0.238095 12
5648 21 9 30 0.4 12
5649 38 7 45 0.688889 15
5650 20 19 39 0.025641 14
5651 33 3 36 0.833333 14
5652 21 6 27 0.555556 11
5653 4 23 27 -0.703704 13
5654 28 18 46 0.217391 15
5655 3 18 21 -0.714286 9
5656 11 37 48 -0.541667 21
5657 15 29 44 -0.318182 19
5658 0 24 24 -1 7
5659 6 16 22 -0.454545 13
5660 23 5 28 0.642857 13
5661 20 7 27 0.481481 19
5662 15 30 45 -0.333333 22
5663 32 9 41 0.560976 14
5664 16 5 21 0.52381 12
5665 24 0 24 1 14
5666 21 6 27 0.555556 15
5667 28 10 38 0.473684 18
5668 24 15 39 0.230769 18
5669 22 12 34 0.294118 12
5670 22 17 39 0.128205 19
5671 1 25 26 -0.923077 12
5672 26 3 29 0.793103 16
5673 0 27 27 -1 11
5674 44 2 46 0.913043 12
5675 5 9 14 -0.285714 9
5676 21 14 35 0.2 16
5677 15 21 36 -0.166667 19
5678 5 25 30 -0.666667 15
5679 2 19 21 -0.809524 14
5680 22 10 32 0.375 16
5681 11 4 15 0.466667 10
5682 25 16 41 0.219512 24
5683 6 31 37 -0.675676 23
5684 1 34 35 -0.942857 16
5685 11 15 26 -0.153846 11
5686 25 3 28 0.785714 14
5687 34 8 42 0.619048 20
5688 19 9 28 0.357143 15
5689 0 45 45 -1 15
5690 34 13 47 0.446809 21
5691 13 6 19 0.368421 10
5692 10 10 20 0 11
5693 8 23 31 -0.483871 13
5694 10 26 36 -0.444444 17
5695 3 44 47 -0.87234 11
5696 17 0 17 1 7
5697 23 2 25 0.84 13
5698 6 27 33 -0.636364 16
5699 12 14 26 -0.0769231 14
5700 4 41 45 -0.822222 20
5701 27 4 31 0.741935 18
5702 0 42 42 -1 15
5703 16 14 30 0.0666667 18
5704 20 19 39 0.025641 16
5705 21 27 48 -0.125 22
5706 26 8 34 0.529412 18
5707 25 19 44 0.136364 20
5708 39 4 43 0.813953 17
5709 3 28 31 -0.806452 15
5710 21 8 29 0.448276 13
5711 9 9 18 0 11
5712 5 28 33 -0.69697 12
5713 12 5 17 0.411765 12
5714 15 9 24 0.25 10
5715 5 27 32 -0.6875 12
5716 0 6 6 -1 3
5717 4 32 36 -0.777778 17
5718 8 30 38 -0.578947 21
5719 2 23 25 -0.84 12
5720 37 5 42 0.761905 15
5721 2 44 46 -0.913043 13
5722 6 18 24 -0.5 13
5723 11 24 35 -0.371429 16
5724 37 8 45 0.644444 15
5725 0 24 24 -1 14
5726 37 5 42 0.761905 11
5727 20 17 37 0.0810811 21
5728 49 1 50 0.96 12
5729 1 31 32 -0.9375 8
5730 27 10 37 0.459459 21
5731 2 32 34 -0.882353 12
5732 33 9 42 0.571429 18
5733 33 0 33 1 10
5734 49 2 51 0.921569 15
5735 13 18 31 -0.16129 13
5736 33 2 35 0.885714 15
5737 13 5 18 0.444444 12
5738 19 15 34 0.117647 16
5739 12 23 35 -0.314286 19
5740 24 7 31 0.548387 18
5741 24 21 45 0.0666667 24
5742 37 11 48 0.541667 19
5743 12 18 30 -0.2 13
5744 20 15 35 0.142857 18
5745 24 10 34 0.411765 16
5746 9 22 31 -0.419355 16
5747 22 0 22 1 12
5748 35 4 39 0.794872 14
5749 33 0 33 1 12
5750 22 10 32 0.375 18
5751 1 28 29 -0.931034 11
5752 3 40 43 -0.860465 18
5753 9 34 43 -0.581395 18
5754 32 16 48 0.333333 18
5755 17 14 31 0.0967742 19
5756 28 23 51 0.0980392 25
5757 16 14 30 0.0666667 17
5758 21 15 36 0.166667 15
5759 10 20 30 -0.333333 17
5760 30 10 40 0.5 19
5761 19 20 39 -0.025641 15
5762 24 10 34 0.411765 23
5763 6 36 42 -0.714286 19
5764 6 26 32 -0.625 11
5765 24 11 35 0.371429 22
5766 19 31 50 -0.24 22
5767 16 22 38 -0.157895 22
5768 28 2 30 0.866667 14
5769 16 12 28 0.142857 17
5770 3 28 31 -0.806452 15
5771 7 38 45 -0.688889 18
5772 23 8 31 0.483871 16
5773 18 12 30 0.2 19
5774 18 18 36 0 20
5775 3 29 32 -0.8125 15
5776 26 11 37 0.405405 21
5777 16 0 16 1 8
5778 33 0 33 1 7
5779 2 24 26 -0.846154 14
5780 15 23 38 -0.210526 21
5781 8 25 33 -0.515152 12
5782 33 6 39 0.692308 15
5783 13 10 23 0.130435 19
5784 24 7 31 0.548387 18
5785 12 20 32 -0.25 15
5786 9 21 30 -0.4 17
5787 21 1 22 0.909091 11
5788 16 26 42 -0.238095 20
5789 31 7 38 0.631579 13
5790 30 12 42 0.428571 17
5791 13 36 49 -0.469388 20
5792 19 19 38 0 18
5793 11 34 45 -0.511111 21
5794 29 9 38 0.526316 16
5795 36 5 41 0.756098 18
5796 3 36 39 -0.846154 14
5797 17 25 42 -0.190476 20
5798 12 27 39 -0.384615 22
5799 9 20 29 -0.37931 15
5800 4 15 19 -0.578947 11
5801 38 1 39 0.948718 13
5802 2 38 40 -0.9 13
5803 3 26 29 -0.793103 10
5804 19 10 29 0.310345 18
5805 6 32 38 -0.684211 19
5806 14 8 22 0.272727 18
5807 12 14 26 -0.0769231 14
5808 32 11 43 0.488372 16
5809 13 24 37 -0.297297 22
5810 31 4 35 0.771429 16
5811 3 25 28 -0.785714 11
5812 28 19 47 0.191489 22
5813 19 12 31 0.225806 15
5814 57 4 61 0.868852 9
5815 8 9 17 -0.0588235 11
5816 21 13 34 0.235294 19
5817 38 8 46 0.652174 19
5818 27 2 29 0.862069 16
5819 8 34 42 -0.619048 21
5820 8 22 30 -0.466667 16
5821 30 4 34 0.764706 20
5822 17 3 20 0.7 12
5823 16 18 34 -0.0588235 16
5824 34 8 42 0.619048 10
5825 4 52 56 -0.857143 13
5826 31 1 32 0.9375 14
5827 4 36 40 -0.8 16
5828 22 11 33 0.333333 15
5829 23 15 38 0.210526 18
5830 33 10 43 0.534884 17
5831 35 2 37 0.891892 17
5832 12 10 22 0.0909091 13
5833 29 11 40 0.45 20
5834 15 12 27 0.111111 16
5835 12 27 39 -0.384615 22
5836 23 13 36 0.277778 18
5837 3 35 38 -0.842105 16
5838 31 4 35 0.771429 10
5839 7 33 40 -0.65 20
5840 40 2 42 0.904762 11
5841 28 7 35 0.6 15
5842 6 21 27 -0.555556 12
5843 32 14 46 0.391304 18
5844 38 6 44 0.727273 20
5845 5 27 32 -0.6875 17
5846 21 16 37 0.135135 21
5847 19 4 23 0.652174 13
5848 9 25 34 -0.470588 19
5849 2 34 36 -0.888889 19
5850 29 3 32 0.8125 14
5851 2 32 34 -0.882353 13
5852 21 1 22 0.909091 12
5853 1 29 30 -0.933333 16
5854 36 9 45 0.6 21
5855 3 35 38 -0.842105 14
5856 6 30 36 -0.666667 17
5857 7 29 36 -0.611111 15
5858 6 30 36 -0.666667 18
5859 8 14 22 -0.272727 14
5860 3 24 27 -0.777778 14
5861 5 41 46 -0.782609 14
5862 23 13 36 0.277778 22
5863 6 40 46 -0.73913 13
5864 9 26 35 -0.485714 21
5865 28 6 34 0.647059 17
5866 27 0 27 1 12
5867 10 30 40 -0.5 20
5868 17 12 29 0.172414 15
5869 37 6 43 0.72093 16
5870 5 40 45 -0.777778 21
5871 2 44 46 -0.913043 11
5872 26 2 28 0.857143 15
5873 13 9 22 0.181818 13
5874 6 18 24 -0.5 17
5875 23 0 23 1 9
5876 13 30 43 -0.395349 20
5877 21 17 38 0.105263 15
5878 18 13 31 0.16129 19
5879 9 19 28 -0.357143 18
5880 16 16 32 0 23
5881 5 23 28 -0.642857 13
5882 18 9 27 0.333333 17
5883 34 11 45 0.511111 15
5884 38 17 55 0.381818 15
5885 34 2 36 0.888889 15
5886 10 24 34 -0.411765 19
5887 10 19 29 -0.310345 19
5888 1 15 16 -0.875 6
5889 19 17 36 0.0555556 17
5890 15 24 39 -0.230769 19
5891 0 40 40 -1 8
5892 7 35 42 -0.666667 15
5893 22 9 31 0.419355 19
5894 22 7 29 0.517241 14
5895 12 15 27 -0.111111 14
5896 19 11 30 0.266667 14
5897 2 28 30 -0.866667 14
5898 7 34 41 -0.658537 14
5899 19 3 22 0.727273 13
5900 50 1 51 0.960784 10
5901 2 37 39 -0.897436 18
5902 0 47 47 -1 17
5903 9 34 43 -0.581395 21
5904 46 3 49 0.877551 19
5905 3 25 28 -0.785714 8
5906 10 23 33 -0.393939 19
5907 20 6 26 0.538462 12
5908 30 1 31 0.935484 15
5909 38 0 38 1 15
5910 16 8 24 0.333333 12
5911 10 16 26 -0.230769 16
5912 23 9 32 0.4375 15
5913 27 13 40 0.35 21
5914 8 37 45 -0.644444 14
5915 33 5 38 0.736842 19
5916 39 5 44 0.772727 16
5917 3 31 34 -0.823529 8
5918 5 38 43 -0.767442 13
5919 4 19 23 -0.652174 13
5920 32 0 32 1 12
5921 1 33 34 -0.941176 8
5922 2 25 27 -0.851852 15
5923 7 35 42 -0.666667 17
5924 9 35 44 -0.590909 12
5925 0 13 13 -1 10
5926 5 22 27 -0.62963 14
5927 8 18 26 -0.384615 13
5928 34 3 37 0.837838 16
5929 29 2 31 0.870968 14
5930 20 11 31 0.290323 15
5931 25 11 36 0.388889 21
5932 7 23 30 -0.533333 10
5933 27 13 40 0.35 18
5934 1 39 40 -0.95 10
5935 15 20 35 -0.142857 22
5936 6 35 41 -0.707317 20
5937 10 24 34 -0.411765 18
5938 15 21 36 -0.166667 18
5939 24 9 33 0.454545 19
5940 22 10 32 0.375 18
5941 30 6 36 0.666667 16
5942 7 24 31 -0.548387 13
5943 9 21 30 -0.4 20
5944 2 25 27 -0.851852 14
5945 3 45 48 -0.875 15
5946 1 28 29 -0.931034 17
5947 22 10 32 0.375 18
5948 21 15 36 0.166667 19
5949 16 17 33 -0.030303 18
5950 14 19 33 -0.151515 21
5951 28 0 28 1 12
5952 31 6 37 0.675676 23
5953 51 3 54 0.888889 16
5954 3 35 38 -0.842105 9
5955 5 37 42 -0.761905 18
5956 2 39 41 -0.902439 17
5957 14 5 19 0.473684 14
5958 5 34 39 -0.74359 14
5959 12 9 21 0.142857 12
5960 13 13 26 0 12
5961 15 20 35 -0.142857 18
5962 25 3 28 0.785714 11
5963 12 12 24 0 14
5964 15 20 35 -0.142857 20
5965 7 33 40 -0.65 20
5966 31 3 34 0.823529 17
5967 27 4 31 0.741935 17
5968 26 3 29 0.793103 16
5969 31 5 36 0.722222 18
5970 1 47 48 -0.958333 16
5971 2 42 44 -0.909091 11
5972 13 24 37 -0.297297 20
5973 4 26 30 -0.733333 17
5974 33 3 36 0.833333 15
5975 24 12 36 0.333333 17
5976 37 9 46 0.608696 21
5977 1 30 31 -0.935484 14
5978 13 27 40 -0.35 19
5979 31 3 34 0.823529 14
5980 33 2 35 0.885714 13
5981 26 21 47 0.106383 20
5982 25 11 36 0.388889 19
5983 5 36 41 -0.756098 18
5984 11 32 43 -0.488372 16
5985 4 15 19 -0.578947 12
5986 9 20 29 -0.37931 11
5987 4 29 33 -0.757576 14
5988 18 1 19 0.894737 11
5989 40 9 49 0.632653 18
5990 31 0 31 1 10
5991 40 4 44 0.818182 15
5992 40 16 56 0.428571 18
5993 6 21 27 -0.555556 11
5994 0 1 1 -1 1
5995 0 30 30 -1 13
5996 17 9 26 0.307692 13
5997 44 5 49 0.795918 19
5998 7 29 36 -0.611111 18
5999 27 11 38 0.421053 21
6000 28 2 30 0.866667 12
6001 6 9 15 -0.2 9
6002 6 26 32 -0.625 16
6003 27 22 49 0.102041 22
6004 35 1 36 0.944444 12
6005 43 6 49 0.755102 20
6006 14 25 39 -0.282051 15
6007 2 29 31 -0.870968 15
6008 13 12 25 0.04 15
6009 3 29 32 -0.8125 13
6010 9 25 34 -0.470588 15
6011 9 21 30 -0.4 16
6012 12 11 23 0.0434783 14
6013 21 8 29 0.448276 18
6014 16 19 35 -0.0857143 18
6015 27 4 31 0.741935 13
6016 38 1 39 0.948718 10
6017 29 8 37 0.567568 19
6018 20 3 23 0.73913 13
6019 3 36 39 -0.846154 13
6020 0 35 35 -1 14
6021 29 4 33 0.757576 18
6022 3 22 25 -0.76 15
6023 26 6 32 0.625 18
6024 49 1 50 0.96 13
6025 37 6 43 0.72093 12
6026 6 21 27 -0.555556 14
6027 25 10 35 0.428571 19
6028 2 28 30 -0.866667 14
6029 31 1 32 0.9375 10
6030 42 10 52 0.615385 21
6031 7 27 34 -0.588235 12
6032 23 15 38 0.210526 21
6033 39 10 49 0.591837 15
6034 22 0 22 1 14
6035 8 12 20 -0.2 15
6036 4 18 22 -0.636364 14
6037 22 6 28 0.571429 13
6038 19 9 28 0.357143 17
6039 34 2 36 0.888889 17
6040 26 14 40 0.3 18
6041 19 7 26 0.461538 16
6042 22 14 36 0.222222 12
6043 2 24 26 -0.846154 12
6044 10 18 28 -0.285714 17
6045 28 6 34 0.647059 12
6046 5 31 36 -0.722222 20
6047 16 3 19 0.684211 10
6048 32 6 38 0.684211 13
6049 41 8 49 0.673469 18
6050 28 3 31 0.806452 14
6051 17 17 34 0 17
6052 4 39 43 -0.813953 16
6053 4 36 40 -0.8 18
6054 32 7 39 0.641026 19
6055 23 1 24 0.916667 11
6056 1 17 18 -0.888889 8
6057 30 5 35 0.714286 14
6058 2 34 36 -0.888889 10
6059 32 7 39 0.641026 13
6060 31 4 35 0.771429 15
6061 14 27 41 -0.317073 20
6062 14 2 16 0.75 8
6063 38 11 49 0.55102 17
6064 22 10 32 0.375 13
6065 34 8 42 0.619048 20
6066 30 3 33 0.818182 14
6067 13 7 20 0.3 12
6068 17 15 32 0.0625 18
6069 5 23 28 -0.642857 13
6070 9 6 15 0.2 10
6071 5 20 25 -0.6 11
6072 3 23 26 -0.769231 14
6073 16 13 29 0.103448 15
6074 10 32 42 -0.52381 18
6075 17 4 21 0.619048 9
6076 2 33 35 -0.885714 15
6077 1 22 23 -0.913043 14
6078 41 0 41 1 15
6079 0 47 47 -1 11
6080 19 19 38 0 18
6081 29 2 31 0.870968 18
6082 12 36 48 -0.5 17
6083 3 37 40 -0.85 11
6084 59 5 64 0.84375 16
6085 29 4 33 0.757576 13
6086 10 34 44 -0.545455 17
6087 6 35 41 -0.707317 15
6088 16 19 35 -0.0857143 19
6089 34 1 35 0.942857 8
6090 2 36 38 -0.894737 15
6091 37 2 39 0.897436 15
6092 22 20 42 0.047619 23
6093 21 10 31 0.354839 16
6094 27 17 44 0.227273 15
6095 0 16 16 -1 8
6096 32 18 50 0.28 23
6097 18 16 34 0.0588235 20
6098 29 15 44 0.318182 16
6099 9 51 60 -0.7 22
6100 25 6 31 0.612903 15
6101 12 17 29 -0.172414 17
6102 21 15 36 0.166667 18
6103 23 13 36 0.277778 15
6104 42 3 45 0.866667 13
6105 10 35 45 -0.555556 14
6106 12 28 40 -0.4 16
6107 18 7 25 0.44 16
6108 15 37 52 -0.423077 23
6109 3 40 43 -0.860465 15
6110 17 9 26 0.307692 10
6111 19 1 20 0.9 10
6112 14 24 38 -0.263158 19
6113 0 48 48 -1 12
6114 14 17 31 -0.0967742 15
6115 1 41 42 -0.952381 17
6116 5 40 45 -0.777778 16
6117 33 13 46 0.434783 21
6118 7 21 28 -0.5 16
6119 38 2 40 0.9 13
6120 36 1 37 0.945946 13
6121 26 2 28 0.857143 14
6122 9 15 24 -0.25 12
6123 17 10 27 0.259259 18
6124 15 20 35 -0.142857 20
6125 2 53 55 -0.927273 19
6126 10 23 33 -0.393939 16
6127 17 17 34 0 19
6128 30 1 31 0.935484 12
6129 2 24 26 -0.846154 15
6130 7 18 25 -0.44 16
6131 1 40 41 -0.95122 12
6132 3 35 38 -0.842105 17
6133 5 25 30 -0.666667 13
6134 24 4 28 0.714286 17
6135 49 1 50 0.96 11
6136 12 21 33 -0.272727 20
6137 11 11 22 0 12
6138 37 9 46 0.608696 20
6139 22 9 31 0.419355 19
6140 16 22 38 -0.157895 20
6141 34 0 34 1 12
6142 4 34 38 -0.789474 14
6143 18 8 26 0.384615 14
6144 2 41 43 -0.906977 14
6145 21 27 48 -0.125 21
6146 23 18 41 0.121951 17
6147 17 4 21 0.619048 9
6148 6 38 44 -0.727273 22
6149 31 6 37 0.675676 15
6150 25 7 32 0.5625 14
6151 50 2 52 0.923077 12
6152 16 11 27 0.185185 16
6153 4 30 34 -0.764706 13
6154 23 2 25 0.84 13
6155 33 10 43 0.534884 18
6156 26 11 37 0.405405 14
6157 47 2 49 0.918367 13
6158 13 4 17 0.529412 9
6159 20 12 32 0.25 18
6160 5 45 50 -0.8 18
6161 1 40 41 -0.95122 9
6162 7 40 47 -0.702128 20
6163 0 30 30 -1 8
6164 9 30 39 -0.538462 18
6165 23 15 38 0.210526 20
6166 25 13 38 0.315789 12
6167 30 8 38 0.578947 9
6168 4 38 42 -0.809524 14
6169 36 5 41 0.756098 20
6170 36 5 41 0.756098 18
6171 23 16 39 0.179487 20
6172 3 37 40 -0.85 19
6173 22 8 30 0.466667 16
6174 14 16 30 -0.0666667 18
6175 17 8 25 0.36 11
6176 30 16 46 0.304348 23
6177 26 13 39 0.333333 21
6178 18 9 27 0.333333 17
6179 9 12 21 -0.142857 13
6180 6 24 30 -0.6 15
6181 21 11 32 0.3125 20
6182 5 27 32 -0.6875 11
6183 26 27 53 -0.0188679 19
6184 20 7 27 0.481481 16
6185 14 3 17 0.647059 10
6186 13 21 34 -0.235294 17
6187 15 19 34 -0.117647 16
6188 41 4 45 0.822222 13
6189 19 3 22 0.727273 16
6190 5 23 28 -0.642857 12
6191 8 29 37 -0.567568 21
6192 10 15 25 -0.2 13
6193 16 17 33 -0.030303 14
6194 11 23 34 -0.352941 15
6195 17 12 29 0.172414 16
6196 15 24 39 -0.230769 18
6197 8 31 39 -0.589744 20
6198 1 19 20 -0.9 14
6199 40 2 42 0.904762 15
6200 6 14 20 -0.4 13
6201 1 16 17 -0.882353 10
6202 9 31 40 -0.55 19
6203 31 4 35 0.771429 16
6204 15 14 29 0.0344828 21
6205 6 23 29 -0.586207 17
6206 15 20 35 -0.142857 17
6207 23 12 35 0.314286 12
6208 31 5 36 0.722222 19
6209 13 24 37 -0.297297 17
6210 6 8 14 -0.142857 13
6211 6 29 35 -0.657143 19
6212 11 20 31 -0.290323 17
6213 22 6 28 0.571429 9
6214 7 15 22 -0.363636 16
6215 20 6 26 0.538462 17
6216 15 11 26 0.153846 19
6217 3 24 27 -0.777778 15
6218 7 25 32 -0.5625 17
6219 30 5 35 0.714286 13
6220 16 24 40 -0.2 16
6221 39 8 47 0.659574 21
6222 14 12 26 0.0769231 18
6223 5 32 37 -0.72973 14
6224 5 46 51 -0.803922 21
6225 4 27 31 -0.741935 12
6226 1 37 38 -0.947368 5
6227 2 29 31 -0.870968 16
6228 22 8 30 0.466667 15
6229 2 42 44 -0.909091 18
6230 21 31 52 -0.192308 19
6231 18 25 43 -0.162791 24
6232 6 24 30 -0.6 17
6233 2 26 28 -0.857143 16
6234 4 38 42 -0.809524 11
6235 22 11 33 0.333333 18
6236 4 35 39 -0.794872 16
6237 16 1 17 0.882353 9
6238 30 2 32 0.875 14
6239 19 7 26 0.461538 13
6240 11 24 35 -0.371429 16
6241 23 0 23 1 11
6242 12 12 24 0 16
6243 27 5 32 0.6875 16
6244 2 39 41 -0.902439 11
6245 14 8 22 0.272727 14
6246 11 17 28 -0.214286 17
6247 4 37 41 -0.804878 15
6248 8 28 36 -0.555556 18
6249 22 13 35 0.257143 15
6250 7 19 26 -0.461538 17
6251 24 16 40 0.2 23
6252 14 19 33 -0.151515 18
6253 27 1 28 0.928571 15
6254 25 5 30 0.666667 18
6255 26 4 30 0.733333 17
6256 27 3 30 0.8 13
6257 24 8 32 0.5 12
6258 13 10 23 0.130435 15
6259 4 28 32 -0.75 14
6260 29 2 31 0.870968 10
6261 8 16 24 -0.333333 13
6262 24 11 35 0.371429 19
6263 10 29 39 -0.487179 19
6264 30 17 47 0.276596 23
6265 27 1 28 0.928571 13
6266 38 4 42 0.809524 19
6267 21 5 26 0.615385 13
6268 21 6 27 0.555556 18
6269 18 19 37 -0.027027 19
6270 27 10 37 0.459459 20
6271 10 34 44 -0.545455 15
6272 20 0 20 1 10
6273 2 40 42 -0.904762 17
6274 23 3 26 0.769231 11
6275 10 17 27 -0.259259 19
6276 9 14 23 -0.217391 15
6277 14 28 42 -0.333333 18
6278 2 33 35 -0.885714 16
6279 12 24 36 -0.333333 16
6280 8 19 27 -0.407407 17
6281 22 26 48 -0.0833333 20
6282 17 12 29 0.172414 17
6283 10 22 32 -0.375 18
6284 31 32 63 -0.015873 24
6285 23 11 34 0.352941 20
6286 17 4 21 0.619048 13
6287 13 8 21 0.238095 13
6288 30 5 35 0.714286 19
6289 14 10 24 0.166667 17
6290 8 13 21 -0.238095 16
6291 32 21 53 0.207547 21
6292 28 7 35 0.6 17
6293 5 44 49 -0.795918 20
6294 38 0 38 1 13
6295 12 16 28 -0.142857 18
6296 5 33 38 -0.736842 17
6297 3 29 32 -0.8125 10
6298 22 11 33 0.333333 18
6299 14 14 28 0 19
6300 42 8 50 0.68 22
6301 11 33 44 -0.5 23
6302 22 4 26 0.692308 14
6303 15 4 19 0.578947 9
6304 18 16 34 0.0588235 15
6305 5 13 18 -0.444444 13
6306 13 20 33 -0.212121 16
6307 18 11 29 0.241379 15
6308 5 36 41 -0.756098 12
6309 1 42 43 -0.953488 10
6310 23 13 36 0.277778 16
6311 11 23 34 -0.352941 17
6312 6 27 33 -0.636364 14
6313 15 15 30 0 18
6314 21 9 30 0.4 21
6315 2 46 48 -0.916667 13
6316 3 35 38 -0.842105 15
6317 42 2 44 0.909091 16
6318 0 35 35 -1 10
6319 23 12 35 0.314286 14
6320 4 8 12 -0.333333 8
6321 32 3 35 0.828571 15
6322 8 8 16 0 12
6323 44 6 50 0.76 23
6324 8 28 36 -0.555556 14
6325 14 18 32 -0.125 20
6326 8 23 31 -0.483871 18
6327 17 6 23 0.478261 12
6328 18 10 28 0.285714 15
6329 2 22 24 -0.833333 13
6330 0 47 47 -1 16
6331 27 11 38 0.421053 21
6332 22 8 30 0.466667 16
6333 19 10 29 0.310345 19
6334 3 21 24 -0.75 13
6335 9 13 22 -0.181818 15
6336 1 26 27 -0.925926 12
6337 43 4 47 0.829787 17
6338 13 29 42 -0.380952 19
6339 12 20 32 -0.25 20
6340 26 3 29 0.793103 9
6341 8 23 31 -0.483871 18
6342 17 5 22 0.545455 15
6343 9 24 33 -0.454545 21
6344 8 10 18 -0.111111 12
6345 36 5 41 0.756098 12
6346 18 5 23 0.565217 15
6347 16 11 27 0.185185 13
6348 13 15 28 -0.0714286 14
6349 17 4 21 0.619048 11
6350 6 19 25 -0.52 10
6351 2 7 9 -0.555556 6
6352 12 21 33 -0.272727 12
6353 28 4 32 0.75 15
6354 13 20 33 -0.212121 17
6355 1 30 31 -0.935484 13
6356 11 24 35 -0.371429 14
6357 21 3 24 0.75 13
6358 13 14 27 -0.037037 14
6359 41 4 45 0.822222 17
6360 10 16 26 -0.230769 16
6361 20 4 24 0.666667 13
6362 3 29 32 -0.8125 13
6363 26 6 32 0.625 15
6364 4 12 16 -0.5 12
6365 3 44 47 -0.87234 18
6366 34 4 38 0.789474 14
6367 3 45 48 -0.875 20
6368 4 24 28 -0.714286 17
6369 14 26 40 -0.3 17
6370 16 20 36 -0.111111 14
6371 30 12 42 0.428571 19
6372 38 7 45 0.688889 15
6373 31 4 35 0.771429 12
6374 15 22 37 -0.189189 18
6375 22 13 35 0.257143 15
6376 15 17 32 -0.0625 21
6377 8 23 31 -0.483871 14
6378 26 4 30 0.733333 16
6379 32 4 36 0.777778 19
6380 26 15 41 0.268293 15
6381 2 27 29 -0.862069 14
6382 42 3 45 0.866667 15
6383 25 18 43 0.162791 23
6384 19 15 34 0.117647 19
6385 23 13 36 0.277778 18
6386 3 35 38 -0.842105 19
6387 1 42 43 -0.953488 18
6388 36 1 37 0.945946 7
6389 18 12 30 0.2 19
6390 19 15 34 0.117647 17
6391 10 14 24 -0.166667 13
6392 5 36 41 -0.756098 18
6393 9 25 34 -0.470588 19
6394 13 14 27 -0.037037 15
6395 15 12 27 0.111111 19
6396 39 1 40 0.95 12
6397 3 50 53 -0.886792 17
6398 20 21 41 -0.0243902 25
6399 20 18 38 0.0526316 17
6400 19 10 29 0.310345 14
6401 5 29 34 -0.705882 18
6402 4 17 21 -0.619048 11
6403 27 3 30 0.8 14
6404 17 26 43 -0.209302 13
6405 14 13 27 0.037037 17
6406 20 12 32 0.25 14
6407 13 27 40 -0.35 18
6408 15 5 20 0.5 11
6409 23 11 34 0.352941 17
6410 12 4 16 0.5 12
6411 7 22 29 -0.517241 14
6412 10 9 19 0.0526316 16
6413 14 10 24 0.166667 15
6414 0 49 49 -1 8
6415 36 4 40 0.8 16
6416 11 15 26 -0.153846 14
6417 23 8 31 0.483871 18
6418 3 29 32 -0.8125 15
6419 23 12 35 0.314286 20
6420 29 4 33 0.757576 18
6421 11 5 16 0.375 11
6422 26 12 38 0.368421 14
6423 41 0 41 1 14
6424 0 17 17 -1 10
6425 7 1 8 0.75 6
6426 3 24 27 -0.777778 14
6427 15 15 30 0 19
6428 4 6 10 -0.2 8
6429 6 25 31 -0.612903 16
6430 18 12 30 0.2 17
6431 44 4 48 0.833333 14
6432 24 14 38 0.263158 19
6433 11 30 41 -0.463415 21
6434 7 50 57 -0.754386 20
6435 25 11 36 0.388889 18
6436 28 2 30 0.866667 14
6437 9 36 45 -0.6 19
6438 16 14 30 0.0666667 16
6439 0 50 50 -1 8
6440 6 20 26 -0.538462 12
6441 17 2 19 0.789474 13
6442 42 3 45 0.866667 17
6443 47 7 54 0.740741 21
6444 17 31 48 -0.291667 19
6445 12 21 33 -0.272727 16
6446 53 3 56 0.892857 11
6447 6 22 28 -0.571429 16
6448 47 2 49 0.918367 14
6449 32 6 38 0.684211 15
6450 33 10 43 0.534884 19
6451 18 11 29 0.241379 14
6452 5 26 31 -0.677419 14
6453 5 38 43 -0.767442 17
6454 7 19 26 -0.461538 12
6455 8 26 34 -0.529412 17
6456 22 14 36 0.222222 19
6457 14 3 17 0.647059 10
6458 3 29 32 -0.8125 16
6459 16 17 33 -0.030303 21
6460 7 62 69 -0.797101 17
6461 1 46 47 -0.957447 15
6462 12 32 44 -0.454545 19
6463 6 42 48 -0.75 18
6464 4 16 20 -0.6 14
6465 22 11 33 0.333333 19
6466 25 8 33 0.515152 19
6467 5 22 27 -0.62963 14
6468 20 28 48 -0.166667 16
6469 17 11 28 0.214286 11
6470 23 15 38 0.210526 18
6471 1 29 30 -0.933333 16
6472 0 37 37 -1 12
6473 30 5 35 0.714286 12
6474 14 20 34 -0.176471 16
6475 15 17 32 -0.0625 18
6476 6 16 22 -0.454545 14
6477 18 5 23 0.565217 12
6478 12 24 36 -0.333333 21
6479 49 1 50 0.96 16
6480 26 8 34 0.529412 21
6481 6 37 43 -0.72093 15
6482 22 5 27 0.62963 18
6483 14 9 23 0.217391 14
6484 8 18 26 -0.384615 15
6485 5 14 19 -0.473684 11
6486 27 14 41 0.317073 21
6487 7 14 21 -0.333333 13
6488 6 22 28 -0.571429 14
6489 10 25 35 -0.428571 20
6490 16 5 21 0.52381 13
6491 16 12 28 0.142857 14
6492 21 6 27 0.555556 17
6493 30 9 39 0.538462 19
6494 16 15 31 0.0322581 17
6495 45 5 50 0.8 18
6496 40 7 47 0.702128 15
6497 2 19 21 -0.809524 16
6498 20 4 24 0.666667 11
6499 20 14 34 0.176471 17
6500 26 21 47 0.106383 20
6501 33 2 35 0.885714 9
6502 11 25 36 -0.388889 19
6503 5 31 36 -0.722222 14
6504 2 31 33 -0.878788 16
6505 43 2 45 0.911111 12
6506 23 8 31 0.483871 18
6507 16 9 25 0.28 16
6508 19 13 32 0.1875 16
6509 23 2 25 0.84 12
6510 19 12 31 0.225806 15
6511 22 8 30 0.466667 14
6512 18 21 39 -0.0769231 17
6513 2 58 60 -0.933333 11
6514 8 27 35 -0.542857 16
6515 12 9 21 0.142857 11
6516 8 27 35 -0.542857 18
6517 12 45 57 -0.578947 20
6518 3 47 50 -0.88 17
6519 19 34 53 -0.283019 23
6520 13 19 32 -0.1875 20
6521 1 52 53 -0.962264 11
6522 2 12 14 -0.714286 9
6523 7 22 29 -0.517241 16
6524 7 17 24 -0.416667 15
6525 11 32 43 -0.488372 18
6526 35 7 42 0.666667 17
6527 53 3 56 0.892857 13
6528 11 16 27 -0.185185 15
6529 15 25 40 -0.25 17
6530 25 4 29 0.724138 15
6531 0 33 33 -1 15
6532 20 11 31 0.290323 18
6533 32 4 36 0.777778 11
6534 20 15 35 0.142857 20
6535 4 45 49 -0.836735 20
6536 2 38 40 -0.9 11
6537 19 13 32 0.1875 15
6538 34 12 46 0.478261 15
6539 6 24 30 -0.6 14
6540 25 2 27 0.851852 15
6541 6 12 18 -0.333333 14
6542 31 2 33 0.878788 14
6543 23 20 43 0.0697674 19
6544 9 22 31 -0.419355 15
6545 10 24 34 -0.411765 19
6546 6 26 32 -0.625 15
6547 33 4 37 0.783784 15
6548 2 29 31 -0.870968 15
6549 8 27 35 -0.542857 17
6550 4 41 45 -0.822222 17
6551 4 31 35 -0.771429 19
6552 35 10 45 0.555556 20
6553 5 12 17 -0.411765 13
6554 1 34 35 -0.942857 16
6555 31 11 42 0.47619 19
6556 28 6 34 0.647059 17
6557 18 9 27 0.333333 13
6558 24 11 35 0.371429 14
6559 14 35 49 -0.428571 21
6560 17 5 22 0.545455 12
6561 8 30 38 -0.578947 18
6562 6 38 44 -0.727273 17
6563 19 4 23 0.652174 12
6564 3 29 32 -0.8125 15
6565 17 12 29 0.172414 18
6566 2 17 19 -0.789474 9
6567 0 46 46 -1 16
6568 27 9 36 0.5 17
6569 37 6 43 0.72093 18
6570 1 19 20 -0.9 11
6571 11 20 31 -0.290323 13
6572 20 9 29 0.37931 19
6573 46 2 48 0.916667 13
6574 11 22 33 -0.333333 15
6575 22 19 41 0.0731707 21
6576 16 5 21 0.52381 12
6577 21 13 34 0.235294 18
6578 47 2 49 0.918367 17
6579 21 4 25 0.68 16
6580 2 36 38 -0.894737 19
6581 17 17 34 0 19
6582 17 16 33 0.030303 14
6583 15 16 31 -0.0322581 24
6584 8 30 38 -0.578947 16
6585 23 1 24 0.916667 13
6586 22 10 32 0.375 17
6587 11 25 36 -0.388889 18
6588 6 41 47 -0.744681 17
6589 23 17 40 0.15 18
6590 17 12 29 0.172414 13
6591 21 6 27 0.555556 16
6592 26 10 36 0.444444 17
6593 29 8 37 0.567568 24
6594 11 10 21 0.047619 13
6595 11 21 32 -0.3125 20
6596 2 21 23 -0.826087 12
6597 11 15 26 -0.153846 12
6598 29 4 33 0.757576 11
6599 6 26 32 -0.625 15
6600 5 25 30 -0.666667 16
6601 11 24 35 -0.371429 16
6602 37 0 37 1 15
6603 3 44 47 -0.87234 16
6604 0 2 2 -1 2
6605 9 43 52 -0.653846 20
6606 7 36 43 -0.674419 16
6607 12 29 41 -0.414634 15
6608 23 21 44 0.0454545 20
6609 21 16 37 0.135135 22
6610 14 35 49 -0.428571 22
6611 23 17 40 0.15 18
6612 5 34 39 -0.74359 17
6613 0 38 38 -1 14
6614 15 8 23 0.304348 15
6615 9 21 30 -0.4 13
6616 15 16 31 -0.0322581 16
6617 9 29 38 -0.526316 19
6618 20 8 28 0.428571 16
6619 7 38 45 -0.688889 18
6620 18 3 21 0.714286 13
6621 25 2 27 0.851852 16
6622 17 4 21 0.619048 13
6623 3 52 55 -0.890909 16
6624 16 14 30 0.0666667 18
6625 23 9 32 0.4375 12
6626 28 6 34 0.647059 21
6627 21 2 23 0.826087 15
6628 27 4 31 0.741935 15
6629 16 20 36 -0.111111 19
6630 23 20 43 0.0697674 20
6631 11 21 32 -0.3125 14
6632 9 21 30 -0.4 15
6633 39 2 41 0.902439 10
6634 7 47 54 -0.740741 18
6635 3 33 36 -0.833333 14
6636 7 25 32 -0.5625 19
6637 24 15 39 0.230769 22
6638 21 10 31 0.354839 16
6639 18 16 34 0.0588235 23
6640 27 1 28 0.928571 11
6641 6 34 40 -0.7 17
6642 21 7 28 0.5 14
6643 40 3 43 0.860465 14
6644 3 22 25 -0.76 16
6645 17 6 23 0.478261 13
6646 2 42 44 -0.909091 14
6647 22 15 37 0.189189 16
6648 9 25 34 -0.470588 18
6649 11 13 24 -0.0833333 14
6650 18 25 43 -0.162791 22
6651 6 28 34 -0.647059 14
6652 11 30 41 -0.463415 16
6653 3 20 23 -0.73913 11
6654 9 18 27 -0.333333 16
6655 13 19 32 -0.1875 16
6656 6 8 14 -0.142857 10
6657 28 12 40 0.4 19
6658 24 15 39 0.230769 15
6659 8 24 32 -0.5 12
6660 16 17 33 -0.030303 18
6661 21 15 36 0.166667 18
6662 6 32 38 -0.684211 18
6663 45 5 50 0.8 12
6664 8 30 38 -0.578947 18
6665 19 7 26 0.461538 13
6666 5 42 47 -0.787234 11
6667 11 27 38 -0.421053 19
6668 14 11 25 0.12 16
6669 1 51 52 -0.961538 18
6670 27 8 35 0.542857 19
6671 2 59 61 -0.934426 14
6672 0 39 39 -1 8
6673 10 27 37 -0.459459 14
6674 15 17 32 -0.0625 15
6675 13 0 13 1 6
6676 13 19 32 -0.1875 13
6677 12 16 28 -0.142857 17
6678 11 23 34 -0.352941 13
6679 11 15 26 -0.153846 16
6680 25 11 36 0.388889 23
6681 28 1 29 0.931034 13
6682 29 12 41 0.414634 17
6683 18 6 24 0.5 16
6684 2 38 40 -0.9 16
6685 8 25 33 -0.515152 19
6686 0 50 50 -1 12
6687 25 4 29 0.724138 14
6688 13 18 31 -0.16129 18
6689 8 9 17 -0.0588235 12
6690 29 10 39 0.487179 19
6691 8 28 36 -0.555556 21
6692 7 20 27 -0.481481 16
6693 24 4 28 0.714286 14
6694 6 20 26 -0.538462 15
6695 10 14 24 -0.166667 14
6696 20 16 36 0.111111 17
6697 26 6 32 0.625 19
6698 25 4 29 0.724138 13
6699 14 16 30 -0.0666667 12
6700 21 1 22 0.909091 11
6701 1 19 20 -0.9 10
6702 40 0 40 1 13
6703 42 8 50 0.68 18
6704 5 43 48 -0.791667 12
6705 35 1 36 0.944444 16
6706 7 22 29 -0.517241 15
6707 30 9 39 0.538462 21
6708 4 32 36 -0.777778 18
6709 7 6 13 0.0769231 12
6710 10 17 27 -0.259259 13
6711 9 0 9 1 8
6712 8 32 40 -0.6 16
6713 26 12 38 0.368421 17
6714 6 36 42 -0.714286 19
6715 13 24 37 -0.297297 19
6716 24 2 26 0.846154 12
6717 20 6 26 0.538462 16
6718 4 12 16 -0.5 9
6719 41 3 44 0.863636 21
6720 42 4 46 0.826087 17
6721 3 26 29 -0.793103 11
6722 18 31 49 -0.265306 18
6723 27 6 33 0.636364 14
6724 17 10 27 0.259259 17
6725 0 16 16 -1 7
6726 14 37 51 -0.45098 23
6727 15 14 29 0.0344828 15
6728 15 14 29 0.0344828 15
6729 38 14 52 0.461538 15
6730 10 29 39 -0.487179 20
6731 39 9 48 0.625 19
6732 9 34 43 -0.581395 17
6733 16 14 30 0.0666667 17
6734 3 30 33 -0.818182 16
6735 12 19 31 -0.225806 18
6736 33 0 33 1 14
6737 18 14 32 0.125 17
6738 1 31 32 -0.9375 9
6739 17 21 38 -0.105263 20
6740 28 10 38 0.473684 15
6741 2 29 31 -0.870968 17
6742 21 17 38 0.105263 14
6743 6 23 29 -0.586207 17
6744 36 10 46 0.565217 18
6745 37 1 38 0.947368 16
6746 2 38 40 -0.9 18
6747 24 10 34 0.411765 15
6748 27 6 33 0.636364 15
6749 28 18 46 0.217391 24
6750 30 6 36 0.666667 17
6751 11 14 25 -0.12 13
6752 3 10 13 -0.538462 10
6753 19 7 26 0.461538 12
6754 26 16 42 0.238095 19
6755 16 12 28 0.142857 18
6756 1 47 48 -0.958333 13
6757 20 28 48 -0.166667 21
6758 22 17 39 0.128205 22
6759 7 35 42 -0.666667 18
6760 2 31 33 -0.878788 10
6761 8 9 17 -0.0588235 12
6762 33 9 42 0.571429 20
6763 34 5 39 0.74359 18
6764 12 33 45 -0.466667 22
6765 50 1 51 0.960784 13
6766 12 4 16 0.5 10
6767 8 31 39 -0.589744 22
6768 30 13 43 0.395349 18
6769 47 7 54 0.740741 18
6770 8 36 44 -0.636364 13
6771 8 19 27 -0.407407 18
6772 4 27 31 -0.741935 13
6773 6 25 31 -0.612903 14
6774 13 22 35 -0.257143 16
6775 18 9 27 0.333333 15
6776 15 1 16 0.875 4
6777 19 4 23 0.652174 10
6778 16 9 25 0.28 15
6779 6 22 28 -0.571429 17
6780 28 1 29 0.931034 8
6781 7 8 15 -0.0666667 11
6782 12 17 29 -0.172414 19
6783 23 13 36 0.277778 18
6784 35 7 42 0.666667 17
6785 30 0 30 1 13
6786 8 16 24 -0.333333 16
6787 15 13 28 0.0714286 15
6788 4 25 29 -0.724138 17
6789 27 11 38 0.421053 18
6790 21 15 36 0.166667 21
6791 43 2 45 0.911111 13
6792 0 49 49 -1 15
6793 13 33 46 -0.434783 24
6794 43 4 47 0.829787 18
6795 11 22 33 -0.333333 16
6796 19 5 24 0.583333 12
6797 5 23 28 -0.642857 12
6798 37 3 40 0.85 19
6799 14 16 30 -0.0666667 16
6800 42 6 48 0.75 16
6801 15 12 27 0.111111 17
6802 26 13 39 0.333333 15
6803 27 4 31 0.741935 18
6804 38 6 44 0.727273 17
6805 35 1 36 0.944444 13
6806 24 16 40 0.2 18
6807 0 46 46 -1 13
6808 8 24 32 -0.5 16
6809 19 18 37 0.027027 25
6810 34 9 43 0.581395 20
6811 6 24 30 -0.6 17
6812 22 29 51 -0.137255 22
6813 7 35 42 -0.666667 21
6814 15 15 30 0 14
6815 4 19 23 -0.652174 14
6816 28 2 30 0.866667 15
6817 31 4 35 0.771429 14
6818 1 45 46 -0.956522 16
6819 3 27 30 -0.8 14
6820 35 0 35 1 16
6821 27 6 33 0.636364 16
6822 13 16 29 -0.103448 21
6823 3 29 32 -0.8125 17
6824 18 16 34 0.0588235 18
6825 20 9 29 0.37931 16
6826 52 4 56 0.857143 14
6827 12 18 30 -0.2 18
6828 1 36 37 -0.945946 11
6829 19 16 35 0.0857143 20
6830 4 30 34 -0.764706 19
6831 7 26 33 -0.575758 17
6832 1 33 34 -0.941176 14
6833 5 39 44 -0.772727 13
6834 24 7 31 0.548387 20
6835 7 10 17 -0.176471 12
6836 19 2 21 0.809524 12
6837 21 16 37 0.135135 19
6838 18 8 26 0.384615 15
6839 19 15 34 0.117647 20
6840 25 5 30 0.666667 14
6841 27 7 34 0.588235 16
6842 2 26 28 -0.857143 12
6843 1 24 25 -0.92 17
6844 10 28 38 -0.473684 15
6845 10 14 24 -0.166667 17
6846 9 30 39 -0.538462 20
6847 32 7 39 0.641026 22
6848 15 17 32 -0.0625 18
6849 7 31 38 -0.631579 18
6850 19 9 28 0.357143 15
6851 26 16 42 0.238095 20
6852 11 27 38 -0.421053 17
6853 5 4 9 0.111111 7
6854 4 30 34 -0.764706 13
6855 4 32 36 -0.777778 18
6856 38 6 44 0.727273 20
6857 22 7 29 0.517241 17
6858 9 20 29 -0.37931 15
6859 5 23 28 -0.642857 15
6860 35 2 37 0.891892 16
6861 1 32 33 -0.939394 15
6862 1 49 50 -0.96 14
6863 28 13 41 0.365854 18
6864 7 11 18 -0.222222 14
6865 11 15 26 -0.153846 17
6866 43 5 48 0.791667 19
6867 33 8 41 0.609756 21
6868 18 19 37 -0.027027 19
6869 15 12 27 0.111111 16
6870 13 22 35 -0.257143 20
6871 9 27 36 -0.5 19
6872 34 3 37 0.837838 13
6873 36 4 40 0.8 17
6874 11 16 27 -0.185185 16
6875 1 41 42 -0.952381 20
6876 11 11 22 0 11
6877 29 15 44 0.318182 25
6878 10 22 32 -0.375 16
6879 24 15 39 0.230769 20
6880 2 29 31 -0.870968 15
6881 4 28 32 -0.75 17
6882 4 17 21 -0.619048 11
6883 36 0 36 1 8
6884 5 37 42 -0.761905 20
6885 6 43 49 -0.755102 19
6886 12 21 33 -0.272727 17
6887 41 1 42 0.952381 16
6888 40 2 42 0.904762 11
6889 2 39 41 -0.902439 13
6890 20 27 47 -0.148936 25
6891 12 16 28 -0.142857 13
6892 6 34 40 -0.7 18
6893 3 47 50 -0.88 10
6894 11 24 35 -0.371429 14
6895 18 22 40 -0.1 20
6896 34 5 39 0.74359 18
6897 18 12 30 0.2 13
6898 7 12 19 -0.263158 15
6899 19 6 25 0.52 12
6900 11 21 32 -0.3125 16
6901 2 51 53 -0.924528 8
6902 10 31 41 -0.512195 17
6903 16 18 34 -0.0588235 17
6904 2 22 24 -0.833333 15
6905 36 0 36 1 13
6906 15 16 31 -0.0322581 21
6907 7 27 34 -0.588235 19
6908 14 9 23 0.217391 15
6909 4 33 37 -0.783784 15
6910 19 11 30 0.266667 18
6911 44 1 45 0.955556 13
6912 33 9 42 0.571429 22
6913 8 7 15 0.0666667 8
6914 47 2 49 0.918367 19
6915 7 34 41 -0.658537 17
6916 6 32 38 -0.684211 15
6917 11 15 26 -0.153846 16
6918 3 31 34 -0.823529 10
6919 2 48 50 -0.92 14
6920 24 6 30 0.6 16
6921 26 15 41 0.268293 21
6922 29 12 41 0.414634 24
6923 17 23 40 -0.15 20
6924 3 16 19 -0.684211 11
6925 20 7 27 0.481481 13
6926 40 4 44 0.818182 14
6927 15 13 28 0.0714286 18
6928 9 20 29 -0.37931 14
6929 5 4 9 0.111111 8
6930 36 5 41 0.756098 15
6931 5 14 19 -0.473684 12
6932 46 3 49 0.877551 14
6933 2 49 51 -0.921569 12
6934 16 16 32 0 16
6935 8 45 53 -0.698113 23
6936 20 22 42 -0.047619 19
6937 5 20 25 -0.6 13
6938 4 18 22 -0.636364 13
6939 22 7 29 0.517241 12
6940 30 4 34 0.764706 14
6941 40 4 44 0.818182 18
6942 17 8 25 0.36 14
6943 10 11 21 -0.047619 15
6944 53 1 54 0.962963 11
6945 27 9 36 0.5 17
6946 42 3 45 0.866667 16
6947 37 4 41 0.804878 12
6948 23 2 25 0.84 16
6949 14 18 32 -0.125 17
6950 35 0 35 1 15
6951 4 8 12 -0.333333 8
6952 23 16 39 0.179487 23
6953 39 1 40 0.95 15
6954 12 29 41 -0.414634 20
6955 7 10 17 -0.176471 12
6956 34 7 41 0.658537 18
6957 6 32 38 -0.684211 16
6958 17 1 18 0.888889 14
6959 6 23 29 -0.586207 16
6960 5 26 31 -0.677419 15
6961 20 15 35 0.142857 20
6962 15 15 30 0 18
6963 26 9 35 0.485714 16
6964 7 36 43 -0.674419 16
6965 1 36 37 -0.945946 9
6966 30 5 35 0.714286 16
6967 28 11 39 0.435897 19
6968 3 20 23 -0.73913 11
6969 1 33 34 -0.941176 13
6970 22 22 44 0 18
6971 0 17 17 -1 6
6972 8 8 16 0 9
6973 0 41 41 -1 13
6974 5 29 34 -0.705882 12
6975 26 1 27 0.925926 11
6976 16 25 41 -0.219512 22
6977 34 8 42 0.619048 20
6978 14 6 20 0.4 14
6979 5 10 15 -0.333333 11
6980 33 5 38 0.736842 19
6981 19 11 30 0.266667 15
6982 35 1 36 0.944444 16
6983 38 0 38 1 10
6984 1 44 45 -0.955556 15
6985 13 18 31 -0.16129 19
6986 20 9 29 0.37931 16
6987 10 30 40 -0.5 21
6988 26 6 32 0.625 10
6989 17 21 38 -0.105263 19
6990 18 12 30 0.2 16
6991 54 2 56 0.928571 12
6992 20 10 30 0.333333 17
6993 27 10 37 0.459459 16
6994 10 15 25 -0.2 14
6995 21 3 24 0.75 11
6996 26 14 40 0.3 21
6997 7 27 34 -0.588235 18
6998 33 4 37 0.783784 13
6999 18 12 30 0.2 16
7000 8 25 33 -0.515152 20
7001 5 21 26 -0.615385 15
7002 1 34 35 -0.942857 8
7003 36 8 44 0.636364 17
7004 31 11 42 0.47619 19
7005 24 17 41 0.170732 19
7006 11 12 23 -0.0434783 11
7007 6 23 29 -0.586207 14
7008 14 18 32 -0.125 19
7009 16 21 37 -0.135135 22
7010 54 3 57 0.894737 12
7011 11 23 34 -0.352941 14
7012 28 8 36 0.555556 21
7013 4 18 22 -0.636364 14
7014 13 28 41 -0.365854 21
7015 23 16 39 0.179487 17
7016 5 40 45 -0.777778 21
7017 23 14 37 0.243243 20
7018 12 18 30 -0.2 18
7019 28 7 35 0.6 18
7020 40 1 41 0.95122 13
7021 30 22 52 0.153846 21
7022 17 11 28 0.214286 15
7023 10 8 18 0.111111 17
7024 17 28 45 -0.244444 22
7025 17 22 39 -0.128205 18
7026 31 10 41 0.512195 16
7027 13 5 18 0.444444 14
7028 5 24 29 -0.655172 14
7029 17 16 33 0.030303 18
7030 41 2 43 0.906977 16
7031 9 6 15 0.2 9
7032 21 6 27 0.555556 16
7033 30 7 37 0.621622 17
7034 6 31 37 -0.675676 14
7035 28 3 31 0.806452 10
7036 20 2 22 0.818182 15
7037 25 7 32 0.5625 16
7038 31 16 47 0.319149 19
7039 5 35 40 -0.75 16
7040 30 12 42 0.428571 20
7041 7 26 33 -0.575758 15
7042 38 6 44 0.727273 17
7043 6 23 29 -0.586207 15
7044 7 16 23 -0.391304 11
7045 40 5 45 0.777778 13
7046 39 2 41 0.902439 14
7047 1 53 54 -0.962963 13
7048 6 34 40 -0.7 20
7049 10 14 24 -0.166667 15
7050 4 24 28 -0.714286 14
7051 20 3 23 0.73913 12
7052 10 17 27 -0.259259 19
7053 45 3 48 0.875 18
7054 12 22 34 -0.294118 20
7055 21 14 35 0.2 18
7056 9 33 42 -0.571429 12
7057 8 21 29 -0.448276 14
7058 15 15 30 0 20
7059 16 9 25 0.28 14
7060 46 3 49 0.877551 21
7061 19 11 30 0.266667 20
7062 11 20 31 -0.290323 17
7063 32 7 39 0.641026 14
7064 30 15 45 0.333333 23
7065 31 4 35 0.771429 12
7066 19 8 27 0.407407 17
7067 6 15 21 -0.428571 14
7068 1 27 28 -0.928571 14
7069 14 17 31 -0.0967742 14
7070 11 12 23 -0.0434783 16
7071 7 33 40 -0.65 14
7072 44 1 45 0.955556 13
7073 7 39 46 -0.695652 17
7074 5 14 19 -0.473684 12
7075 12 21 33 -0.272727 17
7076 12 16 28 -0.142857 13
7077 19 26 45 -0.155556 20
7078 30 10 40 0.5 20
7079 44 7 51 0.72549 20
7080 1 46 47 -0.957447 10
7081 5 37 42 -0.761905 14
7082 16 16 32 0 17
7083 17 20 37 -0.0810811 17
7084 15 10 25 0.2 17
7085 20 5 25 0.6 15
7086 27 7 34 0.588235 19
7087 20 23 43 -0.0697674 23
7088 13 12 25 0.04 14
7089 27 8 35 0.542857 18
7090 2 36 38 -0.894737 16
7091 10 10 20 0 11
7092 29 2 31 0.870968 13
7093 27 10 37 0.459459 16
7094 23 8 31 0.483871 18
7095 24 15 39 0.230769 17
7096 6 38 44 -0.727273 19
7097 10 9 19 0.0526316 12
7098 33 12 45 0.466667 12
7099 8 20 28 -0.428571 13
7100 3 29 32 -0.8125 16
7101 0 34 34 -1 11
7102 23 11 34 0.352941 18
7103 30 13 43 0.395349 23
7104 10 21 31 -0.354839 14
7105 25 7 32 0.5625 15
7106 8 21 29 -0.448276 16
7107 26 6 32 0.625 18
7108 16 25 41 -0.219512 20
7109 8 26 34 -0.529412 14
7110 32 6 38 0.684211 20
7111 28 2 30 0.866667 15
7112 8 28 36 -0.555556 14
7113 6 36 42 -0.714286 15
7114 9 10 19 -0.0526316 15
7115 19 8 27 0.407407 16
7116 9 16 25 -0.28 13
7117 19 4 23 0.652174 11
7118 38 10 48 0.583333 17
7119 13 31 44 -0.409091 17
7120 31 8 39 0.589744 13
7121 58 0 58 1 14
7122 4 23 27 -0.703704 16
7123 15 11 26 0.153846 16
7124 8 17 25 -0.36 16
7125 22 7 29 0.517241 17
7126 19 13 32 0.1875 17
7127 38 3 41 0.853659 17
7128 15 14 29 0.0344828 17
7129 23 9 32 0.4375 17
7130 21 13 34 0.235294 18
7131 8 20 28 -0.428571 16
7132 16 8 24 0.333333 16
7133 11 18 29 -0.241379 18
7134 16 18 34 -0.0588235 18
7135 26 7 33 0.575758 10
7136 36 5 41 0.756098 18
7137 5 26 31 -0.677419 14
7138 22 1 23 0.913043 12
7139 9 24 33 -0.454545 15
7140 5 15 20 -0.5 13
7141 22 7 29 0.517241 17
7142 8 22 30 -0.466667 15
7143 6 37 43 -0.72093 19
7144 33 11 44 0.5 20
7145 12 13 25 -0.04 16
7146 47 4 51 0.843137 20
7147 17 12 29 0.172414 18
7148 2 35 37 -0.891892 13
7149 5 21 26 -0.615385 16
7150 28 7 35 0.6 12
7151 21 4 25 0.68 16
7152 7 31 38 -0.631579 19
7153 28 7 35 0.6 16
7154 4 28 32 -0.75 17
7155 3 32 35 -0.828571 9
7156 32 6 38 0.684211 14
7157 22 16 38 0.157895 21
7158 32 8 40 0.6 12
7159 13 27 40 -0.35 19
7160 30 2 32 0.875 14
7161 26 9 35 0.485714 18
7162 7 26 33 -0.575758 15
7163 3 19 22 -0.727273 9
7164 9 14 23 -0.217391 13
7165 3 45 48 -0.875 14
7166 6 14 20 -0.4 13
7167 1 57 58 -0.965517 12
7168 37 2 39 0.897436 15
7169 19 19 38 0 16
7170 36 5 41 0.756098 15
7171 16 30 46 -0.304348 22
7172 22 17 39 0.128205 24
7173 3 54 57 -0.894737 14
7174 9 19 28 -0.357143 16
7175 21 10 31 0.354839 14
7176 19 0 19 1 9
7177 5 9 14 -0.285714 10
7178 17 16 33 0.030303 16
7179 8 19 27 -0.407407 15
7180 10 26 36 -0.444444 19
7181 12 23 35 -0.314286 21
7182 41 1 42 0.952381 15
7183 11 14 25 -0.12 17
7184 34 20 54 0.259259 21
7185 6 24 30 -0.6 17
7186 19 7 26 0.461538 13
7187 13 34 47 -0.446809 20
7188 45 9 54 0.666667 19
7189 33 15 48 0.375 21
7190 17 15 32 0.0625 21
7191 21 8 29 0.448276 14
7192 7 25 32 -0.5625 19
7193 26 5 31 0.677419 13
7194 4 44 48 -0.833333 15
7195 26 5 31 0.677419 18
7196 33 5 38 0.736842 12
7197 27 1 28 0.928571 14
7198 1 29 30 -0.933333 16
7199 37 4 41 0.804878 15
7200 5 22 27 -0.62963 15
7201 23 11 34 0.352941 23
7202 40 11 51 0.568627 20
7203 19 32 51 -0.254902 22
7204 1 37 38 -0.947368 10
7205 23 16 39 0.179487 22
7206 4 11 15 -0.466667 10
7207 34 7 41 0.658537 16
7208 35 0 35 1 15
7209 44 4 48 0.833333 15
7210 11 28 39 -0.435897 20
7211 30 14 44 0.363636 22
7212 8 16 24 -0.333333 13
7213 2 26 28 -0.857143 14
7214 7 31 38 -0.631579 15
7215 22 20 42 0.047619 26
7216 34 5 39 0.74359 18
7217 18 21 39 -0.0769231 18
7218 22 11 33 0.333333 18
7219 1 24 25 -0.92 15
7220 17 5 22 0.545455 14
7221 40 6 46 0.73913 12
7222 0 45 45 -1 15
7223 42 4 46 0.826087 18
7224 10 15 25 -0.2 13
7225 17 18 35 -0.0285714 21
7226 33 5 38 0.736842 14
7227 8 17 25 -0.36 14
7228 28 13 41 0.365854 18
7229 9 13 22 -0.181818 13
7230 25 9 34 0.470588 17
7231 4 24 28 -0.714286 19
7232 18 14 32 0.125 20
7233 33 1 34 0.941176 10
7234 6 31 37 -0.675676 15
7235 5 14 19 -0.473684 14
7236 26 9 35 0.485714 11
7237 54 2 56 0.928571 6
7238 16 22 38 -0.157895 17
7239 9 28 37 -0.513514 17
7240 30 5 35 0.714286 17
7241 8 33 41 -0.609756 22
7242 38 4 42 0.809524 17
7243 1 31 32 -0.9375 12
7244 26 3 29 0.793103 16
7245 5 42 47 -0.787234 18
7246 1 48 49 -0.959184 18
7247 39 4 43 0.813953 17
7248 4 40 44 -0.818182 17
7249 10 10 20 0 13
7250 22 0 22 1 11
7251 20 16 36 0.111111 14
7252 28 12 40 0.4 19
7253 16 2 18 0.777778 11
7254 25 1 26 0.923077 15
7255 4 19 23 -0.652174 13
7256 45 2 47 0.914894 18
7257 0 45 45 -1 12
7258 0 38 38 -1 14
7259 13 29 42 -0.380952 23
7260 18 2 20 0.8 9
7261 29 14 43 0.348837 20
7262 29 10 39 0.487179 19
7263 2 49 51 -0.921569 12
7264 40 2 42 0.904762 12
7265 14 10 24 0.166667 13
7266 0 53 53 -1 9
7267 5 16 21 -0.52381 13
7268 2 22 24 -0.833333 9
7269 9 33 42 -0.571429 19
7270 4 22 26 -0.692308 13
7271 30 15 45 0.333333 21
7272 20 9 29 0.37931 19
7273 1 32 33 -0.939394 14
7274 29 3 32 0.8125 19
7275 11 18 29 -0.241379 13
7276 12 19 31 -0.225806 13
7277 9 23 32 -0.4375 13
7278 21 3 24 0.75 14
7279 23 13 36 0.277778 19
7280 0 51 51 -1 17
7281 11 10 21 0.047619 14
7282 6 20 26 -0.538462 16
7283 17 17 34 0 21
7284 19 7 26 0.461538 16
7285 21 25 46 -0.0869565 24
7286 2 26 28 -0.857143 12
7287 39 0 39 1 13
7288 49 1 50 0.96 10
7289 31 5 36 0.722222 15
7290 25 13 38 0.315789 21
7291 7 49 56 -0.75 21
7292 18 15 33 0.0909091 19
7293 20 10 30 0.333333 14
7294 29 4 33 0.757576 9
7295 4 40 44 -0.818182 15
7296 31 10 41 0.512195 17
7297 19 1 20 0.9 12
7298 17 17 34 0 18
7299 1 34 35 -0.942857 13
7300 4 29 33 -0.757576 12
7301 40 1 41 0.95122 13
7302 13 25 38 -0.315789 20
7303 17 16 33 0.030303 21
7304 22 7 29 0.517241 11
7305 10 11 21 -0.047619 12
7306 6 23 29 -0.586207 17
7307 2 33 35 -0.885714 12
7308 0 20 20 -1 9
7309 8 34 42 -0.619048 17
7310 6 2 8 0.5 6
7311 34 6 40 0.7 18
7312 12 12 24 0 17
7313 34 10 44 0.545455 23
7314 9 17 26 -0.307692 18
7315 7 42 49 -0.714286 14
7316 12 21 33 -0.272727 19
7317 13 27 40 -0.35 22
7318 31 3 34 0.823529 18
7319 25 3 28 0.785714 11
7320 10 15 25 -0.2 12
7321 11 25 36 -0.388889 19
7322 13 14 27 -0.037037 17
7323 42 11 53 0.584906 20
7324 21 14 35 0.2 16
7325 3 37 40 -0.85 14
7326 5 19 24 -0.583333 11
7327 9 34 43 -0.581395 19
7328 13 10 23 0.130435 19
7329 32 6 38 0.684211 12
7330 8 35 43 -0.627907 14
7331 13 7 20 0.3 11
7332 21 5 26 0.615385 14
7333 14 26 40 -0.3 16
7334 7 22 29 -0.517241 17
7335 23 23 46 0 16
7336 13 7 20 0.3 12
7337 21 17 38 0.105263 23
7338 41 2 43 0.906977 14
7339 5 26 31 -0.677419 13
7340 17 17 34 0 21
7341 9 29 38 -0.526316 20
7342 2 21 23 -0.826087 12
7343 9 15 24 -0.25 14
7344 11 23 34 -0.352941 18
7345 6 13 19 -0.368421 13
7346 37 5 42 0.761905 21
7347 9 24 33 -0.454545 17
7348 18 22 40 -0.1 16
7349 37 6 43 0.72093 18
7350 16 16 32 0 11
7351 28 6 34 0.647059 15
7352 26 8 34 0.529412 17
7353 14 16 30 -0.0666667 19
7354 15 11 26 0.153846 14
7355 26 27 53 -0.0188679 22
7356 7 24 31 -0.548387 17
7357 13 14 27 -0.037037 16
7358 23 4 27 0.703704 14
7359 31 7 38 0.631579 17
7360 15 12 27 0.111111 20
7361 26 3 29 0.793103 15
7362 27 10 37 0.459459 19
7363 34 14 48 0.416667 17
7364 4 25 29 -0.724138 13
7365 17 12 29 0.172414 14
7366 24 4 28 0.714286 13
7367 2 40 42 -0.904762 16
7368 44 3 47 0.87234 13
7369 2 32 34 -0.882353 15
7370 6 13 19 -0.368421 12
7371 9 21 30 -0.4 12
7372 10 17 27 -0.259259 14
7373 34 10 44 0.545455 17
7374 14 31 45 -0.377778 17
7375 3 32 35 -0.828571 14
7376 23 10 33 0.393939 16
7377 6 26 32 -0.625 16
7378 12 7 19 0.263158 13
7379 27 4 31 0.741935 11
7380 23 7 30 0.533333 13
7381 16 22 38 -0.157895 22
7382 44 6 50 0.76 15
7383 24 1 25 0.92 12
7384 8 11 19 -0.157895 15
7385 11 20 31 -0.290323 18
7386 1 34 35 -0.942857 13
7387 13 12 25 0.04 16
7388 19 5 24 0.583333 15
7389 12 32 44 -0.454545 17
7390 41 4 45 0.822222 11
7391 23 10 33 0.393939 16
7392 18 18 36 0 21
7393 1 12 13 -0.846154 9
7394 22 24 46 -0.0434783 18
7395 6 19 25 -0.52 14
7396 11 12 23 -0.0434783 13
7397 14 32 46 -0.391304 22
7398 47 2 49 0.918367 7
7399 4 28 32 -0.75 18
7400 20 2 22 0.818182 13
7401 9 28 37 -0.513514 19
7402 7 11 18 -0.222222 12
7403 11 28 39 -0.435897 18
7404 1 22 23 -0.913043 10
7405 9 26 35 -0.485714 14
7406 40 3 43 0.860465 8
7407 8 32 40 -0.6 19
7408 5 10 15 -0.333333 10
7409 24 13 37 0.297297 20
7410 28 2 30 0.866667 14
7411 4 32 36 -0.777778 11
7412 27 8 35 0.542857 21
7413 0 37 37 -1 12
7414 3 47 50 -0.88 14
7415 14 12 26 0.0769231 16
7416 20 6 26 0.538462 16
7417 38 8 46 0.652174 22
7418 18 13 31 0.16129 18
7419 26 1 27 0.925926 12
7420 27 7 34 0.588235 18
7421 3 32 35 -0.828571 18
7422 0 27 27 -1 14
7423 8 27 35 -0.542857 14
7424 36 3 39 0.846154 16
7425 9 27 36 -0.5 20
7426 10 34 44 -0.545455 21
7427 37 12 49 0.510204 14
7428 24 11 35 0.371429 19
7429 10 18 28 -0.285714 15
7430 11 22 33 -0.333333 20
7431 44 2 46 0.913043 11
7432 13 26 39 -0.333333 18
7433 40 2 42 0.904762 19
7434 10 27 37 -0.459459 18
7435 20 4 24 0.666667 12
7436 3 25 28 -0.785714 12
7437 3 43 46 -0.869565 15
7438 20 25 45 -0.111111 18
7439 5 27 32 -0.6875 14
7440 30 2 32 0.875 15
7441 11 20 31 -0.290323 17
7442 14 15 29 -0.0344828 15
7443 2 40 42 -0.904762 11
7444 16 26 42 -0.238095 21
7445 10 33 43 -0.534884 14
7446 38 4 42 0.809524 17
7447 7 38 45 -0.688889 14
7448 13 13 26 0 11
7449 9 20 29 -0.37931 16
7450 9 27 36 -0.5 18
7451 38 5 43 0.767442 13
7452 6 33 39 -0.692308 17
7453 10 10 20 0 15
7454 13 3 16 0.625 9
7455 3 20 23 -0.73913 10
7456 12 16 28 -0.142857 14
7457 10 15 25 -0.2 14
7458 7 11 18 -0.222222 9
7459 33 3 36 0.833333 15
7460 2 36 38 -0.894737 17
7461 4 18 22 -0.636364 16
7462 14 7 21 0.333333 15
7463 10 31 41 -0.512195 23
7464 45 1 46 0.956522 11
7465 23 10 33 0.393939 16
7466 29 2 31 0.870968 18
7467 38 1 39 0.948718 13
7468 28 8 36 0.555556 18
7469 10 27 37 -0.459459 19
7470 40 4 44 0.818182 11
7471 9 14 23 -0.217391 14
7472 7 8 15 -0.0666667 12
7473 8 19 27 -0.407407 18
7474 12 22 34 -0.294118 13
7475 26 11 37 0.405405 16
7476 0 3 3 -1 2
7477 4 29 33 -0.757576 15
7478 20 15 35 0.142857 19
7479 3 31 34 -0.823529 13
7480 22 14 36 0.222222 15
7481 0 59 59 -1 7
7482 23 8 31 0.483871 17
7483 9 34 43 -0.581395 15
7484 6 23 29 -0.586207 14
7485 27 9 36 0.5 18
7486 24 3 27 0.777778 8
7487 2 35 37 -0.891892 15
7488 7 31 38 -0.631579 18
7489 21 10 31 0.354839 13
7490 7 46 53 -0.735849 17
7491 36 0 36 1 11
7492 24 10 34 0.411765 16
7493 5 37 42 -0.761905 16
7494 33 12 45 0.466667 22
7495 20 7 27 0.481481 13
7496 13 16 29 -0.103448 16
7497 10 18 28 -0.285714 17
7498 35 2 37 0.891892 13
7499 27 4 31 0.741935 12
7500 23 6 29 0.586207 14
7501 39 1 40 0.95 9
7502 4 28 32 -0.75 18
7503 14 15 29 -0.0344828 17
7504 7 14 21 -0.333333 15
7505 0 25 25 -1 8
7506 2 53 55 -0.927273 14
7507 1 36 37 -0.945946 15
7508 4 21 25 -0.68 17
7509 12 21 33 -0.272727 20
7510 17 13 30 0.133333 14
7511 20 25 45 -0.111111 28
7512 11 17 28 -0.214286 17
7513 38 3 41 0.853659 12
7514 17 12 29 0.172414 18
7515 39 10 49 0.591837 21
7516 21 4 25 0.68 12
7517 12 15 27 -0.111111 12
7518 18 17 35 0.0285714 19
7519 16 9 25 0.28 14
7520 12 22 34 -0.294118 18
7521 25 7 32 0.5625 17
7522 40 1 41 0.95122 12
7523 18 12 30 0.2 15
7524 23 12 35 0.314286 19
7525 23 7 30 0.533333 15
7526 26 21 47 0.106383 21
7527 5 22 27 -0.62963 12
7528 40 5 45 0.777778 16
7529 4 40 44 -0.818182 15
7530 19 16 35 0.0857143 18
7531 2 33 35 -0.885714 16
7532 31 8 39 0.589744 19
7533 21 7 28 0.5 19
7534 1 27 28 -0.928571 14
7535 6 14 20 -0.4 14
7536 6 30 36 -0.666667 13
7537 1 32 33 -0.939394 14
7538 45 5 50 0.8 17
7539 4 59 63 -0.873016 10
7540 17 38 55 -0.381818 22
7541 18 6 24 0.5 11
7542 56 4 60 0.866667 19
7543 22 6 28 0.571429 16
7544 4 42 46 -0.826087 14
7545 2 33 35 -0.885714 16
7546 5 24 29 -0.655172 15
7547 17 14 31 0.0967742 15
7548 17 18 35 -0.0285714 17
7549 13 46 59 -0.559322 15
7550 10 29 39 -0.487179 21
7551 23 10 33 0.393939 18
7552 38 10 48 0.583333 27
7553 6 35 41 -0.707317 14
7554 5 29 34 -0.705882 17
7555 15 13 28 0.0714286 16
7556 12 12 24 0 15
7557 8 10 18 -0.111111 13
7558 24 18 42 0.142857 20
7559 11 9 20 0.1 11
7560 17 27 44 -0.227273 20
7561 3 41 44 -0.863636 14
7562 15 11 26 0.153846 12
7563 13 24 37 -0.297297 12
7564 29 8 37 0.567568 18
7565 28 8 36 0.555556 18
7566 43 2 45 0.911111 11
7567 1 33 34 -0.941176 13
7568 28 2 30 0.866667 15
7569 36 5 41 0.756098 21
7570 23 0 23 1 12
7571 27 8 35 0.542857 12
7572 33 0 33 1 10
7573 31 5 36 0.722222 13
7574 2 27 29 -0.862069 12
7575 14 20 34 -0.176471 18
7576 19 28 47 -0.191489 17
7577 18 21 39 -0.0769231 17
7578 6 19 25 -0.52 16
7579 6 16 22 -0.454545 13
7580 11 17 28 -0.214286 16
7581 34 3 37 0.837838 10
7582 1 28 29 -0.931034 12
7583 1 23 24 -0.916667 15
7584 2 21 23 -0.826087 10
7585 32 3 35 0.828571 11
7586 23 20 43 0.0697674 22
7587 25 7 32 0.5625 18
7588 36 8 44 0.636364 22
7589 10 20 30 -0.333333 19
7590 16 12 28 0.142857 15
7591 27 7 34 0.588235 18
7592 7 22 29 -0.517241 16
7593 20 9 29 0.37931 18
7594 3 34 37 -0.837838 16
7595 15 12 27 0.111111 18
7596 17 11 28 0.214286 19
7597 18 24 42 -0.142857 19
7598 21 6 27 0.555556 13
7599 19 18 37 0.027027 21
7600 14 18 32 -0.125 14
7601 5 32 37 -0.72973 16
7602 34 4 38 0.789474 15
7603 10 23 33 -0.393939 14
7604 19 3 22 0.727273 15
7605 1 34 35 -0.942857 16
7606 1 40 41 -0.95122 18
7607 11 14 25 -0.12 14
7608 14 23 37 -0.243243 18
7609 23 3 26 0.769231 14
7610 30 17 47 0.276596 23
7611 26 18 44 0.181818 19
7612 18 9 27 0.333333 17
7613 10 26 36 -0.444444 16
7614 12 27 39 -0.384615 18
7615 14 19 33 -0.151515 19
7616 41 2 43 0.906977 18
7617 60 5 65 0.846154 12
7618 0 26 26 -1 13
7619 0 34 34 -1 10
7620 1 26 27 -0.925926 13
7621 19 11 30 0.266667 17
7622 17 20 37 -0.0810811 20
7623 18 8 26 0.384615 13
7624 56 6 62 0.806452 19
7625 12 17 29 -0.172414 22
7626 33 1 34 0.941176 15
7627 21 4 25 0.68 13
7628 40 7 47 0.702128 17
7629 27 0 27 1 12
7630 2 32 34 -0.882353 12
7631 26 1 27 0.925926 14
7632 9 22 31 -0.419355 16
7633 18 15 33 0.0909091 12
7634 4 44 48 -0.833333 18
7635 43 0 43 1 15
7636 11 39 50 -0.56 22
7637 24 5 29 0.655172 17
7638 22 4 26 0.692308 14
7639 0 46 46 -1 17
7640 16 12 28 0.142857 17
7641 22 17 39 0.128205 19
7642 11 18 29 -0.241379 20
7643 13 15 28 -0.0714286 13
7644 0 46 46 -1 11
7645 34 10 44 0.545455 12
7646 2 42 44 -0.909091 14
7647 2 24 26 -0.846154 11
7648 33 4 37 0.783784 18
7649 5 21 26 -0.615385 15
7650 25 13 38 0.315789 21
7651 7 18 25 -0.44 12
7652 24 14 38 0.263158 22
7653 2 25 27 -0.851852 15
7654 35 2 37 0.891892 13
7655 48 4 52 0.846154 18
7656 14 27 41 -0.317073 17
7657 1 38 39 -0.948718 12
7658 14 17 31 -0.0967742 16
7659 12 25 37 -0.351351 17
7660 9 23 32 -0.4375 17
7661 47 5 52 0.807692 16
7662 3 38 41 -0.853659 14
7663 47 4 51 0.843137 7
7664 16 19 35 -0.0857143 19
7665 2 31 33 -0.878788 14
7666 38 5 43 0.767442 11
7667 10 41 51 -0.607843 21
7668 30 2 32 0.875 13
7669 3 34 37 -0.837838 17
7670 17 15 32 0.0625 13
7671 17 14 31 0.0967742 17
7672 11 15 26 -0.153846 16
7673 27 8 35 0.542857 17
7674 27 0 27 1 11
7675 20 7 27 0.481481 14
7676 37 4 41 0.804878 18
7677 10 10 20 0 13
7678 2 39 41 -0.902439 18
7679 16 5 21 0.52381 14
7680 6 41 47 -0.744681 16
7681 2 30 32 -0.875 6
7682 21 13 34 0.235294 12
7683 37 2 39 0.897436 12
7684 9 31 40 -0.55 17
7685 38 6 44 0.727273 22
7686 10 28 38 -0.473684 18
7687 7 21 28 -0.5 14
7688 21 13 34 0.235294 20
7689 39 2 41 0.902439 14
7690 6 28 34 -0.647059 16
7691 31 13 44 0.409091 17
7692 16 16 32 0 17
7693 4 44 48 -0.833333 17
7694 8 23 31 -0.483871 16
7695 25 3 28 0.785714 17
7696 9 25 34 -0.470588 19
7697 3 19 22 -0.727273 12
7698 21 14 35 0.2 20
7699 24 1 25 0.92 14
7700 40 5 45 0.777778 17
7701 56 4 60 0.866667 15
7702 1 20 21 -0.904762 11
7703 25 8 33 0.515152 16
7704 15 19 34 -0.117647 18
7705 17 20 37 -0.0810811 20
7706 15 28 43 -0.302326 20
7707 19 12 31 0.225806 17
7708 21 15 36 0.166667 17
7709 26 12 38 0.368421 17
7710 5 32 37 -0.72973 15
7711 11 10 21 0.047619 10
7712 6 20 26 -0.538462 14
7713 17 15 32 0.0625 20
7714 5 26 31 -0.677419 13
7715 16 33 49 -0.346939 17
7716 40 2 42 0.904762 14
7717 9 30 39 -0.538462 17
7718 4 28 32 -0.75 17
7719 3 42 45 -0.866667 10
7720 32 8 40 0.6 20
7721 6 23 29 -0.586207 17
7722 17 12 29 0.172414 16
7723 17 10 27 0.259259 17
7724 3 48 51 -0.882353 14
7725 4 47 51 -0.843137 8
7726 53 3 56 0.892857 17
7727 24 16 40 0.2 22
7728 24 7 31 0.548387 16
7729 37 6 43 0.72093 16
7730 23 11 34 0.352941 21
7731 2 24 26 -0.846154 13
7732 3 37 40 -0.85 15
7733 17 15 32 0.0625 18
7734 7 18 25 -0.44 12
7735 16 20 36 -0.111111 24
7736 2 26 28 -0.857143 15
7737 23 18 41 0.121951 20
7738 14 25 39 -0.282051 21
7739 32 5 37 0.72973 15
7740 34 11 45 0.511111 21
7741 31 7 38 0.631579 15
7742 21 12 33 0.272727 18
7743 18 14 32 0.125 16
7744 43 2 45 0.911111 14
7745 6 11 17 -0.294118 15
7746 49 3 52 0.884615 16
7747 1 44 45 -0.955556 19
7748 43 6 49 0.755102 13
7749 34 3 37 0.837838 18
7750 47 2 49 0.918367 11
7751 18 27 45 -0.2 17
7752 6 32 38 -0.684211 17
7753 20 14 34 0.176471 24
7754 8 25 33 -0.515152 10
7755 4 16 20 -0.6 16
7756 26 6 32 0.625 18
7757 38 2 40 0.9 14
7758 19 4 23 0.652174 12
7759 13 26 39 -0.333333 14
7760 10 30 40 -0.5 18
7761 2 38 40 -0.9 14
7762 30 6 36 0.666667 17
7763 0 30 30 -1 13
7764 2 34 36 -0.888889 15
7765 10 40 50 -0.6 15
7766 12 2 14 0.714286 12
7767 24 4 28 0.714286 9
7768 19 13 32 0.1875 16
7769 10 18 28 -0.285714 15
7770 12 22 34 -0.294118 17
7771 8 16 24 -0.333333 13
7772 20 13 33 0.212121 18
7773 36 3 39 0.846154 14
7774 31 1 32 0.9375 14
7775 39 3 42 0.857143 11
7776 31 11 42 0.47619 14
7777 29 2 31 0.870968 9
7778 12 14 26 -0.0769231 16
7779 15 13 28 0.0714286 13
7780 17 20 37 -0.0810811 20
7781 10 36 46 -0.565217 16
7782 4 28 32 -0.75 10
7783 27 4 31 0.741935 14
7784 23 16 39 0.179487 18
7785 35 4 39 0.794872 14
7786 10 30 40 -0.5 20
7787 4 38 42 -0.809524 12
7788 16 6 22 0.454545 14
7789 9 18 27 -0.333333 16
7790 0 29 29 -1 13
7791 16 13 29 0.103448 16
7792 6 51 57 -0.789474 19
7793 29 2 31 0.870968 16
7794 7 46 53 -0.735849 17
7795 36 7 43 0.674419 19
7796 15 14 29 0.0344828 16
7797 3 17 20 -0.7 15
7798 9 25 34 -0.470588 16
7799 16 19 35 -0.0857143 19
7800 3 17 20 -0.7 10
7801 37 0 37 1 13
7802 27 19 46 0.173913 22
7803 18 4 22 0.636364 11
7804 16 8 24 0.333333 16
7805 8 31 39 -0.589744 22
7806 38 3 41 0.853659 21
7807 6 30 36 -0.666667 18
7808 40 2 42 0.904762 11
7809 23 2 25 0.84 14
7810 19 7 26 0.461538 16
7811 22 21 43 0.0232558 22
7812 4 38 42 -0.809524 16
7813 10 30 40 -0.5 19
7814 10 12 22 -0.0909091 12
7815 25 11 36 0.388889 22
7816 29 4 33 0.757576 21
7817 33 3 36 0.833333 13
7818 10 16 26 -0.230769 16
7819 3 23 26 -0.769231 17
7820 47 0 47 1 12
7821 23 18 41 0.121951 23
7822 52 2 54 0.925926 10
7823 3 38 41 -0.853659 15
7824 6 14 20 -0.4 10
7825 1 24 25 -0.92 12
7826 10 32 42 -0.52381 22
7827 20 6 26 0.538462 17
7828 10 26 36 -0.444444 17
7829 5 26 31 -0.677419 14
7830 3 34 37 -0.837838 16
7831 18 17 35 0.0285714 16
7832 2 36 38 -0.894737 17
7833 38 14 52 0.461538 24
7834 35 7 42 0.666667 21
7835 11 16 27 -0.185185 14
7836 20 6 26 0.538462 14
7837 10 16 26 -0.230769 18
7838 23 14 37 0.243243 18
7839 12 6 18 0.333333 12
7840 1 28 29 -0.931034 12
7841 9 33 42 -0.571429 14
7842 31 7 38 0.631579 13
7843 41 2 43 0.906977 16
7844 15 18 33 -0.0909091 21
7845 26 13 39 0.333333 16
7846 35 1 36 0.944444 15
7847 2 39 41 -0.902439 19
7848 24 0 24 1 9
7849 23 5 28 0.642857 13
7850 21 22 43 -0.0232558 13
7851 27 11 38 0.421053 16
7852 12 24 36 -0.333333 21
7853 32 0 32 1 17
7854 26 11 37 0.405405 19
7855 26 9 35 0.485714 17
7856 22 35 57 -0.22807 26
7857 13 21 34 -0.235294 19
7858 28 5 33 0.69697 14
7859 5 31 36 -0.722222 16
7860 7 20 27 -0.481481 15
7861 1 38 39 -0.948718 12
7862 21 11 32 0.3125 19
7863 32 13 45 0.422222 26
7864 37 5 42 0.761905 19
7865 21 29 50 -0.16 26
7866 18 24 42 -0.142857 18
7867 2 41 43 -0.906977 15
7868 7 39 46 -0.695652 16
7869 28 1 29 0.931034 13
7870 5 29 34 -0.705882 16
7871 4 19 23 -0.652174 13
7872 33 0 33 1 10
7873 16 19 35 -0.0857143 20
7874 12 19 31 -0.225806 16
7875 8 10 18 -0.111111 14
7876 16 8 24 0.333333 17
7877 17 11 28 0.214286 16
7878 0 9 9 -1 4
7879 7 36 43 -0.674419 21
7880 15 19 34 -0.117647 14
7881 6 24 30 -0.6 17
7882 10 10 20 0 12
7883 13 25 38 -0.315789 21
7884 15 5 20 0.5 15
7885 38 2 40 0.9 14
7886 20 11 31 0.290323 17
7887 24 13 37 0.297297 19
7888 11 30 41 -0.463415 20
7889 9 17 26 -0.307692 10
7890 53 2 55 0.927273 15
7891 8 19 27 -0.407407 20
7892 7 31 38 -0.631579 13
7893 39 1 40 0.95 9
7894 4 34 38 -0.789474 17
7895 29 8 37 0.567568 19
7896 22 16 38 0.157895 20
7897 34 2 36 0.888889 15
7898 11 10 21 0.047619 12
7899 13 14 27 -0.037037 16
7900 14 27 41 -0.317073 19
7901 27 7 34 0.588235 12
7902 3 52 55 -0.890909 16
7903 5 12 17 -0.411765 11
7904 4 8 12 -0.333333 9
7905 3 27 30 -0.8 11
7906 2 39 41 -0.902439 13
7907 9 18 27 -0.333333 15
7908 1 44 45 -0.955556 11
7909 1 27 28 -0.928571 12
7910 18 20 38 -0.0526316 21
7911 8 16 24 -0.333333 12
7912 28 6 34 0.647059 14
7913 5 16 21 -0.52381 15
7914 1 49 50 -0.96 14
7915 14 20 34 -0.176471 21
7916 27 6 33 0.636364 19
7917 5 20 25 -0.6 15
7918 0 21 21 -1 13
7919 37 2 39 0.897436 12
7920 45 5 50 0.8 19
7921 14 22 36 -0.222222 17
7922 20 11 31 0.290323 17
7923 13 9 22 0.181818 12
7924 13 15 28 -0.0714286 11
7925 35 1 36 0.944444 12
7926 9 2 11 0.636364 4
7927 32 1 33 0.939394 15
7928 5 28 33 -0.69697 16
7929 37 3 40 0.85 20
7930 31 7 38 0.631579 14
7931 41 12 53 0.54717 24
7932 0 34 34 -1 8
7933 19 12 31 0.225806 17
7934 26 18 44 0.181818 25
7935 3 10 13 -0.538462 9
7936 1 34 35 -0.942857 15
7937 13 17 30 -0.133333 15
7938 6 24 30 -0.6 19
7939 11 34 45 -0.511111 20
7940 18 6 24 0.5 13
7941 9 23 32 -0.4375 14
7942 40 2 42 0.904762 12
7943 7 15 22 -0.363636 12
7944 11 17 28 -0.214286 19
7945 20 7 27 0.481481 18
7946 3 62 65 -0.907692 16
7947 30 5 35 0.714286 17
7948 2 22 24 -0.833333 12
7949 30 0 30 1 3
7950 2 13 15 -0.733333 10
7951 14 23 37 -0.243243 21
7952 25 2 27 0.851852 15
7953 11 28 39 -0.435897 22
7954 21 6 27 0.555556 13
7955 31 1 32 0.9375 15
7956 9 32 41 -0.560976 17
7957 7 22 29 -0.517241 17
7958 18 12 30 0.2 17
7959 1 45 46 -0.956522 8
7960 13 18 31 -0.16129 15
7961 33 6 39 0.692308 19
7962 22 1 23 0.913043 10
7963 12 24 36 -0.333333 20
7964 32 1 33 0.939394 17
7965 10 22 32 -0.375 16
7966 15 18 33 -0.0909091 14
7967 2 37 39 -0.897436 16
7968 3 29 32 -0.8125 16
7969 1 22 23 -0.913043 10
7970 17 7 24 0.416667 12
7971 3 35 38 -0.842105 18
7972 7 25 32 -0.5625 13
7973 12 5 17 0.411765 9
7974 21 10 31 0.354839 19
7975 27 12 39 0.384615 14
7976 4 38 42 -0.809524 18
7977 29 3 32 0.8125 11
7978 14 18 32 -0.125 15
7979 13 12 25 0.04 11
7980 1 39 40 -0.95 11
7981 22 8 30 0.466667 13
7982 10 13 23 -0.130435 11
7983 27 33 60 -0.1 20
7984 2 17 19 -0.789474 11
7985 6 23 29 -0.586207 17
7986 37 2 39 0.897436 14
7987 1 44 45 -0.955556 17
7988 4 1 5 0.6 4
7989 2 28 30 -0.866667 12
7990 43 1 44 0.954545 10
7991 3 19 22 -0.727273 13
7992 3 31 34 -0.823529 14
7993 1 18 19 -0.894737 11
7994 22 1 23 0.913043 12
7995 5 21 26 -0.615385 18
7996 45 3 48 0.875 14
7997 17 26 43 -0.209302 15
7998 11 3 14 0.571429 11
7999 3 30 33 -0.818182 9
8000 31 7 38 0.631579 12
8001 18 11 29 0.241379 15
8002 0 44 44 -1 18
8003 1 34 35 -0.942857 16
8004 13 8 21 0.238095 15
8005 11 27 38 -0.421053 17
8006 0 33 33 -1 16
8007 20 14 34 0.176471 18
8008 10 16 26 -0.230769 18
8009 30 4 34 0.764706 17
8010 10 26 36 -0.444444 18
8011 19 20 39 -0.025641 18
8012 30 7 37 0.621622 18
8013 7 20 27 -0.481481 16
8014 28 8 36 0.555556 14
8015 20 12 32 0.25 12
8016 32 22 54 0.185185 21
8017 15 4 19 0.578947 11
8018 27 17 44 0.227273 20
8019 1 1 2 0 2
8020 58 0 58 1 12
8021 37 14 51 0.45098 20
8022 1 27 28 -0.928571 12
8023 2 42 44 -0.909091 15
8024 6 32 38 -0.684211 17
8025 42 2 44 0.909091 17
8026 43 4 47 0.829787 16
8027 32 2 34 0.882353 13
8028 17 27 44 -0.227273 19
8029 9 34 43 -0.581395 23
8030 10 33 43 -0.534884 15
8031 8 22 30 -0.466667 19
8032 6 24 30 -0.6 15
8033 7 30 37 -0.621622 18
8034 35 3 38 0.842105 14
8035 25 11 36 0.388889 19
8036 13 5 18 0.444444 13
8037 3 23 26 -0.769231 13
8038 1 38 39 -0.948718 11
8039 4 18 22 -0.636364 12
8040 32 1 33 0.939394 14
8041 31 10 41 0.512195 16
8042 21 10 31 0.354839 20
8043 1 30 31 -0.935484 15
8044 17 13 30 0.133333 14
8045 10 18 28 -0.285714 15
8046 44 7 51 0.72549 14
8047 12 30 42 -0.428571 21
8048 28 0 28 1 11
8049 25 3 28 0.785714 10
8050 6 18 24 -0.5 13
8051 29 8 37 0.567568 20
8052 29 6 35 0.657143 17
8053 27 6 33 0.636364 13
8054 3 31 34 -0.823529 12
8055 5 40 45 -0.777778 19
8056 24 18 42 0.142857 22
8057 14 31 45 -0.377778 19
8058 19 12 31 0.225806 18
8059 11 19 30 -0.266667 18
8060 11 30 41 -0.463415 20
8061 10 36 46 -0.565217 19
8062 2 43 45 -0.911111 10
8063 23 12 35 0.314286 19
8064 17 4 21 0.619048 13
8065 9 23 32 -0.4375 16
8066 25 7 32 0.5625 17
8067 10 32 42 -0.52381 20
8068 12 19 31 -0.225806 19
8069 9 29 38 -0.526316 19
8070 0 0 0 0 0
8071 16 16 32 0 19
8072 35 7 42 0.666667 22
8073 32 8 40 0.6 13
8074 3 23 26 -0.769231 13
8075 2 20 22 -0.818182 10
8076 28 8 36 0.555556 19
8077 27 4 31 0.741935 15
8078 8 24 32 -0.5 19
8079 23 20 43 0.0697674 17
8080 34 19 53 0.283019 26
8081 9 20 29 -0.37931 16
8082 17 6 23 0.478261 12
8083 3 32 35 -0.828571 13
8084 2 36 38 -0.894737 10
8085 4 25 29 -0.724138 16
8086 20 15 35 0.142857 17
8087 13 10 23 0.130435 11
8088 35 8 43 0.627907 13
8089 39 5 44 0.772727 19
8090 7 26 33 -0.575758 16
8091 6 30 36 -0.666667 16
8092 3 22 25 -0.76 14
8093 40 2 42 0.904762 15
8094 35 19 54 0.296296 22
8095 51 0 51 1 15
8096 15 21 36 -0.166667 16
8097 9 27 36 -0.5 20
8098 13 26 39 -0.333333 19
8099 45 2 47 0.914894 15
8100 34 6 40 0.7 20
8101 29 1 30 0.933333 16
8102 14 5 19 0.473684 12
8103 27 4 31 0.741935 17
8104 3 19 22 -0.727273 10
8105 12 9 21 0.142857 14
8106 12 12 24 0 13
8107 8 7 15 0.0666667 10
8108 39 12 51 0.529412 21
8109 20 24 44 -0.0909091 26
8110 29 8 37 0.567568 21
8111 10 12 22 -0.0909091 14
8112 17 7 24 0.416667 8
8113 25 14 39 0.282051 21
8114 8 18 26 -0.384615 18
8115 13 30 43 -0.395349 19
8116 30 11 41 0.463415 22
8117 21 18 39 0.0769231 20
8118 5 34 39 -0.74359 13
8119 17 22 39 -0.128205 19
8120 41 7 48 0.708333 14
8121 26 0 26 1 14
8122 6 20 26 -0.538462 13
8123 18 23 41 -0.121951 20
8124 12 13 25 -0.04 17
8125 12 27 39 -0.384615 16
8126 7 29 36 -0.611111 15
8127 1 44 45 -0.955556 17
8128 49 2 51 0.921569 14
8129 9 22 31 -0.419355 14
8130 23 15 38 0.210526 19
8131 7 31 38 -0.631579 14
8132 13 28 41 -0.365854 19
8133 2 38 40 -0.9 16
8134 2 36 38 -0.894737 13
8135 24 0 24 1 11
8136 38 3 41 0.853659 11
8137 3 37 40 -0.85 17
8138 7 23 30 -0.533333 13
8139 13 13 26 0 19
8140 34 1 35 0.942857 20
8141 42 3 45 0.866667 13
8142 7 30 37 -0.621622 19
8143 50 2 52 0.923077 14
8144 3 40 43 -0.860465 17
8145 28 12 40 0.4 22
8146 20 7 27 0.481481 14
8147 21 16 37 0.135135 20
8148 14 14 28 0 20
8149 13 12 25 0.04 17
8150 8 22 30 -0.466667 15
8151 13 36 49 -0.469388 16
8152 20 8 28 0.428571 13
8153 26 15 41 0.268293 18
8154 27 5 32 0.6875 18
8155 25 2 27 0.851852 14
8156 8 45 53 -0.698113 16
8157 1 34 35 -0.942857 14
8158 29 3 32 0.8125 14
8159 22 13 35 0.257143 19
8160 24 11 35 0.371429 20
8161 6 18 24 -0.5 11
8162 20 14 34 0.176471 18
8163 8 15 23 -0.304348 12
8164 36 5 41 0.756098 19
8165 0 47 47 -1 13
8166 2 45 47 -0.914894 16
8167 22 3 25 0.76 12
8168 28 4 32 0.75 14
8169 23 13 36 0.277778 14
8170 35 6 41 0.707317 17
8171 13 9 22 0.181818 13
8172 20 25 45 -0.111111 21
8173 15 19 34 -0.117647 17
8174 20 23 43 -0.0697674 26
8175 1 25 26 -0.923077 9
8176 3 30 33 -0.818182 15
8177 6 23 29 -0.586207 18
8178 13 22 35 -0.257143 16
8179 42 8 50 0.68 21
8180 21 5 26 0.615385 14
8181 9 14 23 -0.217391 17
8182 21 11 32 0.3125 18
8183 46 1 47 0.957447 15
8184 15 29 44 -0.318182 16
8185 22 13 35 0.257143 23
8186 5 30 35 -0.714286 18
8187 32 3 35 0.828571 12
8188 31 0 31 1 13
8189 6 28 34 -0.647059 18
8190 22 20 42 0.047619 21
8191 1 39 40 -0.95 14
8192 29 3 32 0.8125 19
8193 3 33 36 -0.833333 13
8194 13 7 20 0.3 10
8195 13 28 41 -0.365854 16
8196 21 9 30 0.4 18
8197 15 27 42 -0.285714 19
8198 21 12 33 0.272727 15
8199 14 26 40 -0.3 19
8200 27 11 38 0.421053 16
8201 25 7 32 0.5625 18
8202 19 27 46 -0.173913 22
8203 30 1 31 0.935484 10
8204 12 18 30 -0.2 14
8205 15 22 37 -0.189189 24
8206 17 5 22 0.545455 12
8207 19 4 23 0.652174 11
8208 8 40 48 -0.666667 13
8209 17 14 31 0.0967742 19
8210 33 9 42 0.571429 16
8211 10 33 43 -0.534884 19
8212 1 32 33 -0.939394 7
8213 18 1 19 0.894737 12
8214 3 34 37 -0.837838 15
8215 3 36 39 -0.846154 7
8216 4 36 40 -0.8 16
8217 39 3 42 0.857143 14
8218 8 26 34 -0.529412 18
8219 17 6 23 0.478261 13
8220 16 15 31 0.0322581 14
8221 26 2 28 0.857143 14
8222 35 12 47 0.489362 17
8223 1 44 45 -0.955556 18
8224 41 4 45 0.822222 20
8225 14 9 23 0.217391 13
8226 1 33 34 -0.941176 14
8227 7 28 35 -0.6 16
8228 2 29 31 -0.870968 15
8229 7 28 35 -0.6 17
8230 34 3 37 0.837838 13
8231 16 17 33 -0.030303 17
8232 13 9 22 0.181818 14
8233 13 23 36 -0.277778 21
8234 24 8 32 0.5 15
8235 27 4 31 0.741935 14
8236 2 17 19 -0.789474 11
8237 20 9 29 0.37931 18
8238 1 19 20 -0.9 9
8239 26 3 29 0.793103 10
8240 15 11 26 0.153846 18
8241 4 40 44 -0.818182 15
8242 9 35 44 -0.590909 16
8243 16 0 16 1 10
8244 21 1 22 0.909091 9
8245 20 18 38 0.0526316 18
8246 23 7 30 0.533333 14
8247 13 38 51 -0.490196 22
8248 18 4 22 0.636364 14
8249 19 16 35 0.0857143 21
8250 22 7 29 0.517241 12
8251 30 12 42 0.428571 20
8252 23 4 27 0.703704 15
8253 31 0 31 1 10
8254 26 2 28 0.857143 13
8255 1 43 44 -0.954545 11
8256 9 19 28 -0.357143 17
8257 19 16 35 0.0857143 22
8258 26 10 36 0.444444 18
8259 11 20 31 -0.290323 17
8260 5 32 37 -0.72973 18
8261 9 34 43 -0.581395 22
8262 4 17 21 -0.619048 14
8263 26 7 33 0.575758 18
8264 7 23 30 -0.533333 18
8265 33 6 39 0.692308 16
8266 35 6 41 0.707317 17
8267 29 3 32 0.8125 15
8268 7 35 42 -0.666667 19
8269 41 1 42 0.952381 13
8270 27 14 41 0.317073 21
8271 1 42 43 -0.953488 13
8272 19 14 33 0.151515 17
8273 36 10 46 0.565217 19
8274 10 28 38 -0.473684 19
8275 4 45 49 -0.836735 14
8276 18 8 26 0.384615 16
8277 14 19 33 -0.151515 21
8278 18 6 24 0.5 11
8279 36 7 43 0.674419 16
8280 42 2 44 0.909091 16
8281 29 4 33 0.757576 14
8282 22 15 37 0.189189 15
8283 18 10 28 0.285714 15
8284 16 17 33 -0.030303 17
8285 9 26 35 -0.485714 17
8286 45 3 48 0.875 18
8287 5 27 32 -0.6875 16
8288 37 10 47 0.574468 19
8289 13 25 38 -0.315789 23
8290 0 0 0 0 0
8291 9 14 23 -0.217391 13
8292 12 18 30 -0.2 17
8293 32 10 42 0.52381 21
8294 11 17 28 -0.214286 19
8295 18 17 35 0.0285714 21
8296 3 29 32 -0.8125 17
8297 3 16 19 -0.684211 13
8298 13 29 42 -0.380952 18
8299 1 37 38 -0.947368 12
8300 7 21 28 -0.5 16
8301 9 46 55 -0.672727 19
8302 39 3 42 0.857143 17
8303 58 4 62 0.870968 14
8304 7 33 40 -0.65 15
8305 1 56 57 -0.964912 8
8306 12 12 24 0 16
8307 11 24 35 -0.371429 20
8308 23 11 34 0.352941 15
8309 38 10 48 0.583333 17
8310 16 18 34 -0.0588235 17
8311 30 5 35 0.714286 19
8312 10 25 35 -0.428571 18
8313 9 36 45 -0.6 17
8314 17 10 27 0.259259 19
8315 19 14 33 0.151515 18
8316 12 20 32 -0.25 15
8317 26 14 40 0.3 20
8318 11 18 29 -0.241379 19
8319 31 1 32 0.9375 8
8320 22 14 36 0.222222 19
8321 20 13 33 0.212121 16
8322 39 2 41 0.902439 9
8323 24 12 36 0.333333 17
8324 8 30 38 -0.578947 19
8325 29 13 42 0.380952 18
8326 4 32 36 -0.777778 16
8327 31 7 38 0.631579 18
8328 23 24 47 -0.0212766 23
8329 15 27 42 -0.285714 25
8330 17 19 36 -0.0555556 23
8331 32 0 32 1 14
8332 21 23 44 -0.0454545 16
8333 10 18 28 -0.285714 17
8334 41 3 44 0.863636 18
8335 34 12 46 0.478261 18
8336 47 1 48 0.958333 17
8337 21 5 26 0.615385 14
8338 15 13 28 0.0714286 13
8339 9 19 28 -0.357143 18
8340 35 0 35 1 13
8341 1 37 38 -0.947368 17
8342 22 16 38 0.157895 18
8343 6 25 31 -0.612903 17
8344 32 4 36 0.777778 18
8345 16 35 51 -0.372549 22
8346 24 0 24 1 15
8347 24 15 39 0.230769 21
8348 6 25 31 -0.612903 11
8349 20 9 29 0.37931 14
8350 36 5 41 0.756098 14
8351 6 44 50 -0.76 13
8352 3 30 33 -0.818182 18
8353 6 45 51 -0.764706 11
8354 2 20 22 -0.818182 11
8355 14 15 29 -0.0344828 16
8356 14 8 22 0.272727 12
8357 24 7 31 0.548387 14
8358 33 14 47 0.404255 22
8359 23 22 45 0.0222222 18
8360 2 27 29 -0.862069 15
8361 17 15 32 0.0625 17
8362 15 9 24 0.25 13
8363 52 8 60 0.733333 24
8364 24 4 28 0.714286 9
8365 24 8 32 0.5 15
8366 29 8 37 0.567568 13
8367 17 18 35 -0.0285714 21
8368 9 17 26 -0.307692 13
8369 13 18 31 -0.16129 21
8370 19 22 41 -0.0731707 20
8371 30 1 31 0.935484 10
8372 21 3 24 0.75 9
8373 13 19 32 -0.1875 18
8374 16 18 34 -0.0588235 17
8375 34 0 34 1 13
8376 12 13 25 -0.04 16
8377 23 4 27 0.703704 13
8378 2 36 38 -0.894737 12
8379 18 22 40 -0.1 15
8380 57 4 61 0.868852 11
8381 3 46 49 -0.877551 18
8382 9 25 34 -0.470588 21
8383 1 59 60 -0.966667 13
8384 11 22 33 -0.333333 17
8385 2 56 58 -0.931034 18
8386 12 31 43 -0.44186 16
8387 42 3 45 0.866667 13
8388 6 26 32 -0.625 17
8389 23 16 39 0.179487 19
8390 3 39 42 -0.857143 16
8391 12 10 22 0.0909091 17
8392 12 16 28 -0.142857 16
8393 33 8 41 0.609756 12
8394 19 17 36 0.0555556 17
8395 14 19 33 -0.151515 14
8396 15 20 35 -0.142857 14
8397 7 19 26 -0.461538 11
8398 5 21 26 -0.615385 15
8399 40 5 45 0.777778 11
8400 2 20 22 -0.818182 11
8401 6 20 26 -0.538462 12
8402 16 25 41 -0.219512 21
8403 34 2 36 0.888889 11
8404 11 19 30 -0.266667 16
8405 27 9 36 0.5 14
8406 2 52 54 -0.925926 15
8407 27 21 48 0.125 21
8408 18 18 36 0 20
8409 42 0 42 1 10
8410 15 30 45 -0.333333 18
8411 0 24 24 -1 10
8412 15 10 25 0.2 12
8413 10 16 26 -0.230769 18
8414 1 37 38 -0.947368 13
8415 12 26 38 -0.368421 21
8416 17 0 17 1 8
8417 5 11 16 -0.375 11
8418 4 34 38 -0.789474 18
8419 3 32 35 -0.828571 16
8420 33 10 43 0.534884 17
8421 47 3 50 0.88 9
8422 19 10 29 0.310345 15
8423 21 15 36 0.166667 17
8424 25 12 37 0.351351 18
8425 2 36 38 -0.894737 16
8426 5 27 32 -0.6875 15
8427 24 3 27 0.777778 14
8428 34 3 37 0.837838 14
8429 30 13 43 0.395349 25
8430 37 3 40 0.85 19
8431 19 10 29 0.310345 13
8432 30 5 35 0.714286 14
8433 3 36 39 -0.846154 15
8434 1 49 50 -0.96 10
8435 28 5 33 0.69697 17
8436 15 14 29 0.0344828 18
8437 35 7 42 0.666667 16
8438 4 30 34 -0.764706 12
8439 30 8 38 0.578947 13
8440 33 1 34 0.941176 13
8441 29 3 32 0.8125 10
8442 5 33 38 -0.736842 10
8443 4 17 21 -0.619048 8
8444 1 32 33 -0.939394 13
8445 14 14 28 0 20
8446 2 35 37 -0.891892 18
8447 9 37 46 -0.608696 13
8448 23 8 31 0.483871 17
8449 8 21 29 -0.448276 17
8450 32 13 45 0.422222 24
8451 49 2 51 0.921569 14
8452 32 11 43 0.488372 21
8453 14 16 30 -0.0666667 17
8454 13 19 32 -0.1875 19
8455 3 30 33 -0.818182 17
8456 16 18 34 -0.0588235 16
8457 30 6 36 0.666667 18
8458 29 4 33 0.757576 18
8459 10 7 17 0.176471 13
8460 0 33 33 -1 16
8461 22 12 34 0.294118 20
8462 35 5 40 0.75 15
8463 4 40 44 -0.818182 14
8464 29 12 41 0.414634 18
8465 39 4 43 0.813953 16
8466 13 13 26 0 15
8467 3 26 29 -0.793103 18
8468 0 37 37 -1 12
8469 28 6 34 0.647059 17
8470 6 36 42 -0.714286 18
8471 8 18 26 -0.384615 15
8472 3 39 42 -0.857143 7
8473 16 3 19 0.684211 8
8474 3 44 47 -0.87234 17
8475 35 7 42 0.666667 15
8476 20 6 26 0.538462 13
8477 24 2 26 0.846154 14
8478 14 15 29 -0.0344828 15
8479 7 9 16 -0.125 11
8480 12 17 29 -0.172414 18
8481 20 23 43 -0.0697674 20
8482 28 1 29 0.931034 14
8483 42 8 50 0.68 18
8484 22 23 45 -0.0222222 19
8485 27 0 27 1 13
8486 5 36 41 -0.756098 15
8487 16 22 38 -0.157895 19
8488 28 3 31 0.806452 19
8489 27 12 39 0.384615 24
8490 7 24 31 -0.548387 14
8491 46 1 47 0.957447 13
8492 3 35 38 -0.842105 12
8493 12 18 30 -0.2 20
8494 48 9 57 0.684211 22
8495 2 29 31 -0.870968 14
8496 34 8 42 0.619048 18
8497 22 11 33 0.333333 16
8498 26 3 29 0.793103 13
8499 39 5 44 0.772727 16
8500 6 32 38 -0.684211 18
8501 5 28 33 -0.69697 12
8502 27 0 27 1 8
8503 2 18 20 -0.8 12
8504 13 7 20 0.3 12
8505 38 5 43 0.767442 15
8506 11 15 26 -0.153846 15
8507 39 7 46 0.695652 20
8508 43 0 43 1 15
8509 17 19 36 -0.0555556 18
8510 14 14 28 0 17
8511 8 22 30 -0.466667 14
8512 34 5 39 0.74359 18
8513 9 27 36 -0.5 21
8514 4 19 23 -0.652174 14
8515 23 8 31 0.483871 16
8516 28 2 30 0.866667 16
8517 2 31 33 -0.878788 16
8518 30 8 38 0.578947 18
8519 3 27 30 -0.8 16
8520 15 18 33 -0.0909091 18
8521 9 11 20 -0.1 10
8522 4 21 25 -0.68 13
8523 9 31 40 -0.55 16
8524 14 17 31 -0.0967742 21
8525 6 26 32 -0.625 17
8526 26 5 31 0.677419 13
8527 8 22 30 -0.466667 18
8528 7 11 18 -0.222222 11
8529 24 13 37 0.297297 17
8530 22 5 27 0.62963 14
8531 11 27 38 -0.421053 20
8532 2 21 23 -0.826087 14
8533 11 11 22 0 18
8534 13 7 20 0.3 14
8535 16 12 28 0.142857 15
8536 15 18 33 -0.0909091 16
8537 15 16 31 -0.0322581 17
8538 18 12 30 0.2 15
8539 14 20 34 -0.176471 15
8540 16 28 44 -0.272727 21
8541 8 20 28 -0.428571 20
8542 3 27 30 -0.8 17
8543 35 6 41 0.707317 19
8544 29 6 35 0.657143 20
8545 4 31 35 -0.771429 15
8546 20 3 23 0.73913 12
8547 22 5 27 0.62963 18
8548 24 4 28 0.714286 10
8549 4 26 30 -0.733333 12
8550 10 27 37 -0.459459 17
8551 24 17 41 0.170732 15
8552 20 6 26 0.538462 13
8553 2 44 46 -0.913043 14
8554 38 3 41 0.853659 17
8555 29 6 35 0.657143 15
8556 47 1 48 0.958333 15
8557 6 30 36 -0.666667 14
8558 40 9 49 0.632653 16
8559 11 18 29 -0.241379 18
8560 18 18 36 0 23
8561 0 40 40 -1 16
8562 38 3 41 0.853659 18
8563 21 15 36 0.166667 16
8564 9 12 21 -0.142857 13
8565 5 34 39 -0.74359 15
8566 31 19 50 0.24 24
8567 7 9 16 -0.125 11
8568 25 4 29 0.724138 14
8569 7 35 42 -0.666667 17
8570 18 22 40 -0.1 23
8571 15 9 24 0.25 17
8572 10 12 22 -0.0909091 13
8573 5 11 16 -0.375 13
8574 1 25 26 -0.923077 12
8575 2 33 35 -0.885714 16
8576 1 21 22 -0.909091 9
8577 24 14 38 0.263158 16
8578 19 8 27 0.407407 15
8579 23 9 32 0.4375 15
8580 5 37 42 -0.761905 18
8581 13 9 22 0.181818 13
8582 4 31 35 -0.771429 13
8583 29 2 31 0.870968 11
8584 34 5 39 0.74359 15
8585 4 34 38 -0.789474 18
8586 3 50 53 -0.886792 14
8587 17 19 36 -0.0555556 22
8588 14 28 42 -0.333333 19
8589 8 14 22 -0.272727 14
8590 40 3 43 0.860465 17
8591 9 19 28 -0.357143 10
8592 1 14 15 -0.866667 10
8593 19 18 37 0.027027 18
8594 14 4 18 0.555556 14
8595 37 6 43 0.72093 17
8596 2 41 43 -0.906977 16
8597 20 12 32 0.25 18
8598 12 19 31 -0.225806 17
8599 38 7 45 0.688889 18
8600 18 19 37 -0.027027 20
8601 1 28 29 -0.931034 10
8602 17 18 35 -0.0285714 20
8603 14 11 25 0.12 13
8604 18 12 30 0.2 16
8605 1 46 47 -0.957447 9
8606 42 0 42 1 14
8607 1 40 41 -0.95122 12
8608 3 28 31 -0.806452 9
8609 42 1 43 0.953488 16
8610 15 27 42 -0.285714 18
8611 25 1 26 0.923077 11
8612 9 37 46 -0.608696 15
8613 13 18 31 -0.16129 16
8614 17 7 24 0.416667 14
8615 2 32 34 -0.882353 15
8616 28 10 38 0.473684 14
8617 17 2 19 0.789474 11
8618 52 1 53 0.962264 17
8619 18 3 21 0.714286 10
8620 18 15 33 0.0909091 18
8621 28 6 34 0.647059 15
8622 22 7 29 0.517241 15
8623 26 2 28 0.857143 13
8624 17 19 36 -0.0555556 21
8625 33 2 35 0.885714 17
8626 1 28 29 -0.931034 8
8627 2 25 27 -0.851852 11
8628 24 4 28 0.714286 17
8629 21 8 29 0.448276 19
8630 13 28 41 -0.365854 18
8631 34 9 43 0.581395 21
8632 35 0 35 1 12
8633 5 21 26 -0.615385 15
8634 14 11 25 0.12 16
8635 10 32 42 -0.52381 19
8636 10 27 37 -0.459459 17
8637 10 25 35 -0.428571 17
8638 8 40 48 -0.666667 16
8639 13 23 36 -0.277778 20
8640 26 2 28 0.857143 13
8641 0 32 32 -1 10
8642 3 29 32 -0.8125 15
8643 15 13 28 0.0714286 19
8644 0 38 38 -1 8
8645 29 4 33 0.757576 18
8646 2 33 35 -0.885714 9
8647 1 58 59 -0.966102 9
8648 17 30 47 -0.276596 22
8649 9 14 23 -0.217391 16
8650 2 21 23 -0.826087 13
8651 54 0 54 1 15
8652 14 25 39 -0.282051 21
8653 15 17 32 -0.0625 21
8654 24 6 30 0.6 15
8655 16 27 43 -0.255814 25
8656 16 6 22 0.454545 12
8657 24 23 47 0.0212766 22
8658 27 26 53 0.0188679 26
8659 6 18 24 -0.5 12
8660 24 15 39 0.230769 20
8661 25 10 35 0.428571 17
8662 4 33 37 -0.783784 18
8663 3 41 44 -0.863636 13
8664 21 13 34 0.235294 16
8665 31 10 41 0.512195 17
8666 9 15 24 -0.25 13
8667 10 29 39 -0.487179 18
8668 31 12 43 0.44186 18
8669 22 20 42 0.047619 20
8670 23 10 33 0.393939 18
8671 7 21 28 -0.5 17
8672 34 4 38 0.789474 13
8673 10 37 47 -0.574468 17
8674 40 3 43 0.860465 14
8675 1 33 34 -0.941176 10
8676 1 23 24 -0.916667 14
8677 48 6 54 0.777778 18
8678 37 9 46 0.608696 19
8679 11 23 34 -0.352941 18
8680 23 17 40 0.15 20
8681 5 19 24 -0.583333 16
8682 29 8 37 0.567568 22
8683 2 36 38 -0.894737 19
8684 18 12 30 0.2 15
8685 8 23 31 -0.483871 20
8686 32 9 41 0.560976 21
8687 15 19 34 -0.117647 15
8688 16 11 27 0.185185 16
8689 34 10 44 0.545455 20
8690 5 24 29 -0.655172 14
8691 8 31 39 -0.589744 16
8692 32 4 36 0.777778 18
8693 17 0 17 1 13
8694 32 3 35 0.828571 13
8695 7 35 42 -0.666667 17
8696 38 5 43 0.767442 12
8697 24 8 32 0.5 18
8698 28 2 30 0.866667 15
8699 0 27 27 -1 15
8700 17 24 41 -0.170732 20
8701 29 11 40 0.45 23
8702 3 44 47 -0.87234 13
8703 17 12 29 0.172414 19
8704 18 11 29 0.241379 17
8705 31 10 41 0.512195 17
8706 13 16 29 -0.103448 13
8707 25 0 25 1 11
8708 1 35 36 -0.944444 14
8709 2 28 30 -0.866667 13
8710 3 43 46 -0.869565 18
8711 12 17 29 -0.172414 15
8712 7 26 33 -0.575758 12
8713 14 7 21 0.333333 13
8714 21 8 29 0.448276 14
8715 16 10 26 0.230769 14
8716 6 44 50 -0.76 12
8717 23 11 34 0.352941 19
8718 25 11 36 0.388889 21
8719 20 1 21 0.904762 9
8720 40 2 42 0.904762 13
8721 11 12 23 -0.0434783 16
8722 4 26 30 -0.733333 14
8723 14 13 27 0.037037 16
8724 15 22 37 -0.189189 19
8725 17 7 24 0.416667 16
8726 16 20 36 -0.111111 23
8727 1 45 46 -0.956522 10
8728 10 25 35 -0.428571 17
8729 17 24 41 -0.170732 15
8730 33 1 34 0.941176 13
8731 34 21 55 0.236364 19
8732 8 14 22 -0.272727 15
8733 15 22 37 -0.189189 20
8734 14 22 36 -0.222222 14
8735 48 3 51 0.882353 13
8736 17 14 31 0.0967742 11
8737 35 11 46 0.521739 14
8738 31 2 33 0.878788 11
8739 25 1 26 0.923077 13
8740 12 18 30 -0.2 21
8741 22 10 32 0.375 18
8742 32 12 44 0.454545 22
8743 7 7 14 0 12
8744 13 23 36 -0.277778 18
8745 7 14 21 -0.333333 14
8746 16 10 26 0.230769 14
8747 35 7 42 0.666667 22
8748 4 42 46 -0.826087 16
8749 20 16 36 0.111111 20
8750 26 7 33 0.575758 15
8751 1 37 38 -0.947368 14
8752 17 19 36 -0.0555556 19
8753 14 5 19 0.473684 11
8754 30 2 32 0.875 9
8755 8 44 52 -0.692308 17
8756 22 2 24 0.833333 15
8757 29 1 30 0.933333 13
8758 3 4 7 -0.142857 7
8759 42 0 42 1 10
8760 13 26 39 -0.333333 14
8761 12 32 44 -0.454545 20
8762 24 6 30 0.6 19
8763 10 20 30 -0.333333 13
8764 23 20 43 0.0697674 19
8765 25 4 29 0.724138 12
8766 41 9 50 0.64 16
8767 0 37 37 -1 13
8768 17 13 30 0.133333 17
8769 31 6 37 0.675676 15
8770 2 42 44 -0.909091 12
8771 6 47 53 -0.773585 14
8772 30 1 31 0.935484 12
8773 6 18 24 -0.5 12
8774 33 1 34 0.941176 13
8775 33 0 33 1 14
8776 25 6 31 0.612903 17
8777 6 18 24 -0.5 14
8778 21 3 24 0.75 12
8779 24 10 34 0.411765 17
8780 5 32 37 -0.72973 15
8781 2 37 39 -0.897436 17
8782 11 17 28 -0.214286 12
8783 20 3 23 0.73913 14
8784 24 7 31 0.548387 17
8785 18 11 29 0.241379 12
8786 40 2 42 0.904762 16
8787 3 21 24 -0.75 14
8788 4 39 43 -0.813953 14
8789 20 21 41 -0.0243902 15
8790 14 12 26 0.0769231 14
8791 58 3 61 0.901639 18
8792 39 0 39 1 16
8793 3 17 20 -0.7 9
8794 32 7 39 0.641026 16
8795 23 11 34 0.352941 17
8796 1 31 32 -0.9375 12
8797 14 18 32 -0.125 16
8798 16 14 30 0.0666667 14
8799 16 9 25 0.28 13
8800 29 1 30 0.933333 8
8801 12 15 27 -0.111111 15
8802 20 27 47 -0.148936 26
8803 24 12 36 0.333333 22
8804 6 24 30 -0.6 18
8805 14 24 38 -0.263158 15
8806 11 29 40 -0.45 19
8807 4 31 35 -0.771429 15
8808 25 9 34 0.470588 14
8809 35 3 38 0.842105 11
8810 4 18 22 -0.636364 9
8811 2 24 26 -0.846154 14
8812 16 2 18 0.777778 8
8813 51 1 52 0.961538 13
8814 22 10 32 0.375 17
8815 12 5 17 0.411765 13
8816 17 20 37 -0.0810811 18
8817 25 12 37 0.351351 20
8818 33 2 35 0.885714 15
8819 17 12 29 0.172414 14
8820 19 28 47 -0.191489 14
8821 26 10 36 0.444444 20
8822 2 44 46 -0.913043 18
8823 11 14 25 -0.12 19
8824 9 23 32 -0.4375 11
8825 35 6 41 0.707317 20
8826 25 3 28 0.785714 17
8827 29 1 30 0.933333 14
8828 18 17 35 0.0285714 19
8829 25 3 28 0.785714 13
8830 2 40 42 -0.904762 12
8831 25 4 29 0.724138 16
8832 20 10 30 0.333333 20
8833 25 10 35 0.428571 14
8834 22 9 31 0.419355 15
8835 7 25 32 -0.5625 19
8836 12 21 33 -0.272727 19
8837 7 31 38 -0.631579 13
8838 4 27 31 -0.741935 10
8839 18 9 27 0.333333 17
8840 16 19 35 -0.0857143 16
8841 9 17 26 -0.307692 16
8842 32 8 40 0.6 18
8843 17 16 33 0.030303 17
8844 17 16 33 0.030303 20
8845 5 8 13 -0.230769 12
8846 42 1 43 0.953488 11
8847 29 3 32 0.8125 10
8848 8 22 30 -0.466667 16
8849 20 6 26 0.538462 14
8850 13 26 39 -0.333333 14
8851 29 1 30 0.933333 15
8852 35 2 37 0.891892 13
8853 18 6 24 0.5 16
8854 8 15 23 -0.304348 16
8855 10 27 37 -0.459459 16
8856 29 4 33 0.757576 14
8857 1 20 21 -0.904762 13
8858 34 5 39 0.74359 14
8859 15 14 29 0.0344828 14
8860 1 22 23 -0.913043 11
8861 0 26 26 -1 13
8862 9 11 20 -0.1 15
8863 56 3 59 0.898305 19
8864 22 18 40 0.1 17
8865 7 3 10 0.4 6
8866 10 32 42 -0.52381 17
8867 1 19 20 -0.9 11
8868 28 9 37 0.513514 21
8869 14 32 46 -0.391304 19
8870 8 28 36 -0.555556 18
8871 40 3 43 0.860465 14
8872 67 2 69 0.942029 16
8873 7 52 59 -0.762712 17
8874 30 1 31 0.935484 17
8875 8 28 36 -0.555556 13
8876 1 18 19 -0.894737 10
8877 9 8 17 0.0588235 14
8878 17 18 35 -0.0285714 18
8879 6 31 37 -0.675676 15
8880 13 21 34 -0.235294 17
8881 25 0 25 1 10
8882 29 3 32 0.8125 14
8883 51 2 53 0.924528 13
8884 17 4 21 0.619048 10
8885 22 4 26 0.692308 14
8886 2 18 20 -0.8 9
8887 19 15 34 0.117647 16
8888 0 30 30 -1 15
8889 5 18 23 -0.565217 13
8890 3 29 32 -0.8125 15
8891 23 19 42 0.0952381 18
8892 13 5 18 0.444444 13
8893 11 23 34 -0.352941 19
8894 27 19 46 0.173913 18
8895 10 19 29 -0.310345 14
8896 21 2 23 0.826087 12
8897 11 13 24 -0.0833333 14
8898 12 25 37 -0.351351 19
8899 30 15 45 0.333333 18
8900 4 25 29 -0.724138 13
8901 1 29 30 -0.933333 10
8902 9 26 35 -0.485714 19
8903 29 17 46 0.26087 20
8904 25 4 29 0.724138 13
8905 24 6 30 0.6 15
8906 28 11 39 0.435897 19
8907 5 34 39 -0.74359 20
8908 33 10 43 0.534884 22
8909 16 11 27 0.185185 17
8910 11 16 27 -0.185185 18
8911 2 45 47 -0.914894 17
8912 22 18 40 0.1 20
8913 8 15 23 -0.304348 15
8914 14 12 26 0.0769231 14
8915 30 10 40 0.5 17
8916 0 34 34 -1 9
8917 30 9 39 0.538462 20
8918 10 30 40 -0.5 22
8919 6 6 12 0 7
8920 18 2 20 0.8 9
8921 2 38 40 -0.9 13
8922 39 1 40 0.95 13
8923 24 5 29 0.655172 17
8924 2 29 31 -0.870968 16
8925 40 1 41 0.95122 11
8926 11 16 27 -0.185185 19
8927 6 32 38 -0.684211 19
8928 6 19 25 -0.52 15
8929 27 6 33 0.636364 17
8930 6 26 32 -0.625 15
8931 3 34 37 -0.837838 17
8932 13 19 32 -0.1875 17
8933 22 25 47 -0.0638298 23
8934 20 15 35 0.142857 22
8935 36 1 37 0.945946 15
8936 9 28 37 -0.513514 21
8937 26 3 29 0.793103 13
8938 31 3 34 0.823529 13
8939 27 9 36 0.5 16
8940 9 18 27 -0.333333 16
8941 20 8 28 0.428571 15
8942 4 12 16 -0.5 10
8943 20 12 32 0.25 18
8944 28 5 33 0.69697 16
8945 10 28 38 -0.473684 18
8946 14 28 42 -0.333333 20
8947 43 8 51 0.686275 22
8948 6 33 39 -0.692308 16
8949 34 2 36 0.888889 12
8950 22 20 42 0.047619 24
8951 25 20 45 0.111111 19
8952 30 1 31 0.935484 12
8953 10 41 51 -0.607843 21
8954 8 35 43 -0.627907 16
8955 6 37 43 -0.72093 13
8956 33 1 34 0.941176 13
8957 38 1 39 0.948718 15
8958 26 1 27 0.925926 13
8959 24 10 34 0.411765 16
8960 34 5 39 0.74359 21
8961 16 18 34 -0.0588235 15
8962 25 4 29 0.724138 15
8963 18 11 29 0.241379 18
8964 20 7 27 0.481481 15
8965 10 13 23 -0.130435 12
8966 18 17 35 0.0285714 20
8967 20 7 27 0.481481 16
8968 2 27 29 -0.862069 13
8969 10 30 40 -0.5 21
8970 29 1 30 0.933333 10
8971 29 10 39 0.487179 19
8972 10 23 33 -0.393939 15
8973 48 5 53 0.811321 16
8974 11 21 32 -0.3125 18
8975 17 9 26 0.307692 16
8976 23 8 31 0.483871 17
8977 15 19 34 -0.117647 19
8978 15 8 23 0.304348 14
8979 38 11 49 0.55102 25
8980 27 8 35 0.542857 20
8981 21 10 31 0.354839 12
8982 18 10 28 0.285714 13
8983 36 8 44 0.636364 16
8984 8 15 23 -0.304348 16
8985 23 13 36 0.277778 18
8986 10 14 24 -0.166667 15
8987 8 28 36 -0.555556 18
8988 14 14 28 0 18
8989 18 12 30 0.2 18
8990 18 0 18 1 10
8991 22 13 35 0.257143 24
8992 32 5 37 0.72973 12
8993 23 9 32 0.4375 21
8994 22 16 38 0.157895 20
8995 36 1 37 0.945946 15
8996 8 16 24 -0.333333 13
8997 21 1 22 0.909091 9
8998 22 12 34 0.294118 17
8999 3 18 21 -0.714286 12
9000 20 19 39 0.025641 20
9001 49 3 52 0.884615 13
9002 12 25 37 -0.351351 18
9003 4 26 30 -0.733333 18
9004 11 33 44 -0.5 23
9005 28 5 33 0.69697 19
9006 18 7 25 0.44 16
9007 19 10 29 0.310345 14
9008 2 23 25 -0.84 15
9009 2 28 30 -0.866667 13
9010 1 38 39 -0.948718 9
9011 43 5 48 0.791667 18
9012 31 5 36 0.722222 14
9013 31 6 37 0.675676 20
9014 11 15 26 -0.153846 10
9015 24 15 39 0.230769 17
9016 0 46 46 -1 13
9017 16 4 20 0.6 12
9018 29 3 32 0.8125 15
9019 43 1 44 0.954545 16
9020 2 34 36 -0.888889 12
9021 23 7 30 0.533333 17
9022 10 21 31 -0.354839 13
9023 18 20 38 -0.0526316 18
9024 6 27 33 -0.636364 17
9025 17 6 23 0.478261 13
9026 23 18 41 0.121951 15
9027 32 5 37 0.72973 11
9028 32 3 35 0.828571 14
9029 9 20 29 -0.37931 14
9030 13 11 24 0.0833333 14
9031 19 9 28 0.357143 18
9032 3 11 14 -0.571429 10
9033 31 6 37 0.675676 14
9034 10 36 46 -0.565217 17
9035 23 6 29 0.586207 19
9036 16 9 25 0.28 18
9037 12 24 36 -0.333333 14
9038 7 24 31 -0.548387 16
9039 16 14 30 0.0666667 16
9040 30 4 34 0.764706 13
9041 9 24 33 -0.454545 9
9042 19 1 20 0.9 12
9043 1 21 22 -0.909091 15
9044 46 2 48 0.916667 16
9045 1 51 52 -0.961538 14
9046 17 11 28 0.214286 11
9047 9 26 35 -0.485714 16
9048 19 5 24 0.583333 16
9049 3 19 22 -0.727273 14
9050 37 5 42 0.761905 17
9051 3 32 35 -0.828571 16
9052 8 23 31 -0.483871 15
9053 32 7 39 0.641026 16
9054 24 13 37 0.297297 18
9055 4 21 25 -0.68 14
9056 12 18 30 -0.2 15
9057 28 2 30 0.866667 11
9058 35 9 44 0.590909 19
9059 5 25 30 -0.666667 14
9060 18 16 34 0.0588235 21
9061 16 16 32 0 15
9062 5 35 40 -0.75 22
9063 16 18 34 -0.0588235 16
9064 11 25 36 -0.388889 20
9065 31 5 36 0.722222 18
9066 5 14 19 -0.473684 8
9067 3 30 33 -0.818182 19
9068 30 8 38 0.578947 19
9069 18 13 31 0.16129 15
9070 33 2 35 0.885714 10
9071 1 43 44 -0.954545 10
9072 3 42 45 -0.866667 12
9073 18 14 32 0.125 16
9074 18 19 37 -0.027027 21
9075 2 34 36 -0.888889 14
9076 20 3 23 0.73913 15
9077 2 46 48 -0.916667 18
9078 23 12 35 0.314286 20
9079 28 7 35 0.6 16
9080 5 19 24 -0.583333 10
9081 14 13 27 0.037037 14
9082 12 14 26 -0.0769231 15
9083 0 2 2 -1 2
9084 1 42 43 -0.953488 17
9085 11 12 23 -0.0434783 12
9086 4 32 36 -0.777778 19
9087 3 20 23 -0.73913 11
9088 14 14 28 0 21
9089 12 9 21 0.142857 12
9090 15 22 37 -0.189189 17
9091 44 2 46 0.913043 12
9092 3 15 18 -0.666667 12
9093 46 2 48 0.916667 13
9094 22 6 28 0.571429 13
9095 54 0 54 1 14
9096 28 18 46 0.217391 17
9097 29 8 37 0.567568 19
9098 29 15 44 0.318182 23
9099 3 14 17 -0.647059 11
9100 28 16 44 0.272727 21
9101 10 43 53 -0.622642 16
9102 28 3 31 0.806452 13
9103 11 5 16 0.375 12
9104 30 11 41 0.463415 19
9105 8 25 33 -0.515152 16
9106 3 9 12 -0.5 8
9107 35 3 38 0.842105 13
9108 2 39 41 -0.902439 15
9109 27 1 28 0.928571 12
9110 4 35 39 -0.794872 14
9111 29 5 34 0.705882 18
9112 3 35 38 -0.842105 12
9113 3 25 28 -0.785714 15
9114 11 23 34 -0.352941 19
9115 19 17 36 0.0555556 21
9116 17 7 24 0.416667 14
9117 45 4 49 0.836735 17
9118 31 1 32 0.9375 15
9119 30 12 42 0.428571 20
9120 3 35 38 -0.842105 16
9121 12 21 33 -0.272727 19
9122 1 41 42 -0.952381 15
9123 31 6 37 0.675676 19
9124 13 7 20 0.3 12
9125 3 30 33 -0.818182 12
9126 35 2 37 0.891892 14
9127 12 22 34 -0.294118 15
9128 14 14 28 0 11
9129 6 22 28 -0.571429 18
9130 28 2 30 0.866667 17
9131 38 9 47 0.617021 18
9132 39 5 44 0.772727 16
9133 13 22 35 -0.257143 17
9134 24 15 39 0.230769 15
9135 9 18 27 -0.333333 12
9136 4 8 12 -0.333333 10
9137 22 3 25 0.76 11
9138 25 13 38 0.315789 15
9139 16 21 37 -0.135135 18
9140 27 3 30 0.8 16
9141 5 43 48 -0.791667 15
9142 9 22 31 -0.419355 17
9143 17 19 36 -0.0555556 17
9144 10 39 49 -0.591837 23
9145 31 6 37 0.675676 16
9146 1 31 32 -0.9375 13
9147 16 11 27 0.185185 15
9148 43 3 46 0.869565 14
9149 6 33 39 -0.692308 20
9150 21 16 37 0.135135 20
9151 0 22 22 -1 7
9152 29 1 30 0.933333 15
9153 27 7 34 0.588235 16
9154 28 3 31 0.806452 13
9155 28 8 36 0.555556 17
9156 5 22 27 -0.62963 18
9157 3 36 39 -0.846154 18
9158 13 3 16 0.625 11
9159 7 27 34 -0.588235 16
9160 6 27 33 -0.636364 18
9161 24 6 30 0.6 18
9162 4 38 42 -0.809524 18
9163 18 15 33 0.0909091 19
9164 8 8 16 0 12
9165 19 9 28 0.357143 16
9166 4 38 42 -0.809524 17
9167 16 14 30 0.0666667 20
9168 5 28 33 -0.69697 9
9169 12 19 31 -0.225806 18
9170 15 25 40 -0.25 23
9171 48 1 49 0.959184 13
9172 22 6 28 0.571429 18
9173 11 21 32 -0.3125 18
9174 36 3 39 0.846154 12
9175 25 9 34 0.470588 16
9176 3 22 25 -0.76 14
9177 33 12 45 0.466667 18
9178 17 8 25 0.36 10
9179 21 8 29 0.448276 15
9180 2 35 37 -0.891892 12
9181 5 25 30 -0.666667 12
9182 37 8 45 0.644444 17
9183 7 23 30 -0.533333 14
9184 16 24 40 -0.2 21
9185 26 16 42 0.238095 23
9186 40 1 41 0.95122 14
9187 36 5 41 0.756098 12
9188 13 18 31 -0.16129 17
9189 4 28 32 -0.75 17
9190 9 15 24 -0.25 13
9191 34 12 46 0.478261 20
9192 20 10 30 0.333333 14
9193 11 22 33 -0.333333 17
9194 17 21 38 -0.105263 23
9195 10 19 29 -0.310345 14
9196 1 31 32 -0.9375 15
9197 22 11 33 0.333333 11
9198 2 31 33 -0.878788 12
9199 39 6 45 0.733333 21
9200 23 17 40 0.15 18
9201 4 32 36 -0.777778 16
9202 26 25 51 0.0196078 22
9203 20 8 28 0.428571 14
9204 17 18 35 -0.0285714 16
9205 13 30 43 -0.395349 18
9206 5 51 56 -0.821429 15
9207 2 47 49 -0.918367 18
9208 9 25 34 -0.470588 21
9209 1 42 43 -0.953488 14
9210 24 12 36 0.333333 20
9211 13 22 35 -0.257143 21
9212 15 17 32 -0.0625 14
9213 0 45 45 -1 12
9214 22 11 33 0.333333 16
9215 23 35 58 -0.206897 22
9216 0 42 42 -1 10
9217 23 7 30 0.533333 13
9218 8 33 41 -0.609756 22
9219 14 5 19 0.473684 13
9220 51 3 54 0.888889 14
9221 7 24 31 -0.548387 16
9222 21 12 33 0.272727 14
9223 1 33 34 -0.941176 13
9224 19 15 34 0.117647 21
9225 7 15 22 -0.363636 15
9226 44 10 54 0.62963 15
9227 16 11 27 0.185185 15
9228 23 11 34 0.352941 15
9229 3 46 49 -0.877551 11
9230 6 17 23 -0.478261 13
9231 11 19 30 -0.266667 18
9232 12 12 24 0 13
9233 7 30 37 -0.621622 19
9234 12 24 36 -0.333333 18
9235 17 17 34 0 20
9236 0 39 39 -1 12
9237 17 4 21 0.619048 12
9238 26 6 32 0.625 19
9239 48 6 54 0.777778 14
9240 2 37 39 -0.897436 17
9241 11 19 30 -0.266667 12
9242 31 6 37 0.675676 14
9243 0 34 34 -1 11
9244 13 33 46 -0.434783 20
9245 14 7 21 0.333333 13
9246 13 27 40 -0.35 19
9247 27 7 34 0.588235 16
9248 4 57 61 -0.868852 15
9249 37 3 40 0.85 15
9250 29 11 40 0.45 16
9251 9 22 31 -0.419355 17
9252 35 6 41 0.707317 19
9253 7 36 43 -0.674419 15
9254 15 22 37 -0.189189 19
9255 29 4 33 0.757576 9
9256 26 4 30 0.733333 16
9257 18 4 22 0.636364 11
9258 41 2 43 0.906977 14
9259 2 36 38 -0.894737 14
9260 1 30 31 -0.935484 14
9261 0 27 27 -1 14
9262 22 16 38 0.157895 19
9263 27 17 44 0.227273 23
9264 38 7 45 0.688889 14
9265 33 6 39 0.692308 16
9266 51 1 52 0.961538 13
9267 20 16 36 0.111111 20
9268 15 5 20 0.5 14
9269 2 44 46 -0.913043 10
9270 35 4 39 0.794872 13
9271 37 1 38 0.947368 8
9272 2 57 59 -0.932203 13
9273 6 20 26 -0.538462 16
9274 2 53 55 -0.927273 17
9275 13 15 28 -0.0714286 16
9276 12 9 21 0.142857 12
9277 36 9 45 0.6 14
9278 6 30 36 -0.666667 14
9279 29 21 50 0.16 23
9280 14 12 26 0.0769231 18
9281 17 26 43 -0.209302 20
9282 25 16 41 0.219512 21
9283 2 10 12 -0.666667 10
9284 30 5 35 0.714286 12
9285 2 35 37 -0.891892 10
9286 20 9 29 0.37931 12
9287 9 28 37 -0.513514 16
9288 26 18 44 0.181818 24
9289 17 4 21 0.619048 12
9290 12 16 28 -0.142857 16
9291 1 45 46 -0.956522 16
9292 31 5 36 0.722222 13
9293 17 24 41 -0.170732 14
9294 2 33 35 -0.885714 15
9295 25 12 37 0.351351 18
9296 36 8 44 0.636364 15
9297 20 22 42 -0.047619 18
9298 15 14 29 0.0344828 20
9299 7 28 35 -0.6 21
9300 53 2 55 0.927273 11
9301 8 24 32 -0.5 17
9302 24 1 25 0.92 8
9303 25 6 31 0.612903 20
9304 5 19 24 -0.583333 12
9305 10 13 23 -0.130435 17
9306 7 18 25 -0.44 16
9307 29 10 39 0.487179 21
9308 7 24 31 -0.548387 19
9309 7 25 32 -0.5625 12
9310 30 9 39 0.538462 18
9311 15 14 29 0.0344828 15
9312 0 48 48 -1 10
9313 12 20 32 -0.25 13
9314 4 53 57 -0.859649 14
9315 13 21 34 -0.235294 17
9316 15 14 29 0.0344828 17
9317 1 30 31 -0.935484 15
9318 19 13 32 0.1875 18
9319 7 24 31 -0.548387 13
9320 15 19 34 -0.117647 22
9321 39 3 42 0.857143 17
9322 37 5 42 0.761905 15
9323 33 10 43 0.534884 18
9324 1 23 24 -0.916667 14
9325 18 16 34 0.0588235 19
9326 30 6 36 0.666667 19
9327 5 40 45 -0.777778 10
9328 0 42 42 -1 12
9329 6 35 41 -0.707317 19
9330 22 20 42 0.047619 17
9331 21 10 31 0.354839 17
9332 41 7 48 0.708333 20
9333 4 33 37 -0.783784 19
9334 4 29 33 -0.757576 20
9335 7 1 8 0.75 5
9336 10 17 27 -0.259259 18
9337 1 37 38 -0.947368 14
9338 22 21 43 0.0232558 20
9339 2 33 35 -0.885714 15
9340 21 6 27 0.555556 14
9341 16 3 19 0.684211 9
9342 9 35 44 -0.590909 17
9343 14 28 42 -0.333333 22
9344 14 19 33 -0.151515 18
9345 26 0 26 1 11
9346 2 26 28 -0.857143 12
9347 24 4 28 0.714286 12
9348 1 39 40 -0.95 18
9349 4 31 35 -0.771429 18
9350 24 0 24 1 10
9351 4 37 41 -0.804878 16
9352 10 19 29 -0.310345 16
9353 2 5 7 -0.428571 6
9354 24 7 31 0.548387 16
9355 31 0 31 1 14
9356 17 14 31 0.0967742 18
9357 24 13 37 0.297297 18
9358 28 5 33 0.69697 16
9359 9 21 30 -0.4 11
9360 35 2 37 0.891892 14
9361 30 9 39 0.538462 20
9362 31 10 41 0.512195 18
9363 10 6 16 0.25 14
9364 17 8 25 0.36 16
9365 26 1 27 0.925926 12
9366 18 10 28 0.285714 13
9367 1 28 29 -0.931034 16
9368 0 23 23 -1 11
9369 18 17 35 0.0285714 18
9370 5 29 34 -0.705882 19
9371 24 1 25 0.92 12
9372 25 5 30 0.666667 14
9373 18 7 25 0.44 15
9374 25 22 47 0.0638298 19
9375 21 12 33 0.272727 15
9376 1 42 43 -0.953488 14
9377 2 58 60 -0.933333 12
9378 23 8 31 0.483871 12
9379 11 36 47 -0.531915 18
9380 18 14 32 0.125 21
9381 4 6 10 -0.2 6
9382 3 22 25 -0.76 11
9383 3 28 31 -0.806452 16
9384 2 34 36 -0.888889 15
9385 24 4 28 0.714286 16
9386 50 2 52 0.923077 9
9387 35 4 39 0.794872 17
9388 17 7 24 0.416667 12
9389 17 7 24 0.416667 15
9390 7 15 22 -0.363636 14
9391 32 6 38 0.684211 19
9392 1 22 23 -0.913043 14
9393 2 37 39 -0.897436 14
9394 35 2 37 0.891892 15
9395 22 15 37 0.189189 20
9396 7 46 53 -0.735849 15
9397 1 39 40 -0.95 16
9398 26 10 36 0.444444 18
9399 4 36 40 -0.8 12
9400 28 9 37 0.513514 22
9401 2 29 31 -0.870968 17
9402 48 9 57 0.684211 18
9403 32 5 37 0.72973 16
9404 15 14 29 0.0344828 18
9405 25 8 33 0.515152 17
9406 26 8 34 0.529412 18
9407 17 20 37 -0.0810811 17
9408 21 14 35 0.2 18
9409 1 28 29 -0.931034 14
9410 26 16 42 0.238095 21
9411 7 24 31 -0.548387 10
9412 26 11 37 0.405405 17
9413 34 4 38 0.789474 15
9414 0 33 33 -1 15
9415 12 15 27 -0.111111 19
9416 27 8 35 0.542857 15
9417 20 1 21 0.904762 14
9418 18 15 33 0.0909091 20
9419 14 22 36 -0.222222 17
9420 24 5 29 0.655172 12
9421 17 16 33 0.030303 20
9422 27 9 36 0.5 19
9423 2 34 36 -0.888889 12
9424 12 20 32 -0.25 18
9425 18 20 38 -0.0526316 19
9426 6 23 29 -0.586207 13
9427 7 21 28 -0.5 14
9428 17 28 45 -0.244444 17
9429 28 4 32 0.75 17
9430 12 29 41 -0.414634 20
9431 15 20 35 -0.142857 22
9432 24 13 37 0.297297 22
9433 3 21 24 -0.75 15
9434 23 11 34 0.352941 20
9435 10 15 25 -0.2 13
9436 23 7 30 0.533333 17
9437 27 9 36 0.5 18
9438 32 1 33 0.939394 15
9439 34 2 36 0.888889 11
9440 2 48 50 -0.92 9
9441 12 27 39 -0.384615 15
9442 8 22 30 -0.466667 15
9443 4 21 25 -0.68 14
9444 3 36 39 -0.846154 13
9445 17 22 39 -0.128205 20
9446 12 7 19 0.263158 13
9447 3 25 28 -0.785714 16
9448 17 20 37 -0.0810811 17
9449 12 14 26 -0.0769231 16
9450 8 16 24 -0.333333 11
9451 9 30 39 -0.538462 19
9452 35 3 38 0.842105 16
9453 14 18 32 -0.125 19
9454 4 52 56 -0.857143 12
9455 15 14 29 0.0344828 14
9456 21 5 26 0.615385 12
9457 17 28 45 -0.244444 25
9458 18 24 42 -0.142857 17
9459 5 34 39 -0.74359 16
9460 26 3 29 0.793103 13
9461 0 49 49 -1 17
9462 15 8 23 0.304348 9
9463 35 5 40 0.75 19
9464 3 34 37 -0.837838 12
9465 41 2 43 0.906977 15
9466 20 4 24 0.666667 11
9467 30 2 32 0.875 16
9468 2 27 29 -0.862069 10
9469 27 9 36 0.5 16
9470 35 10 45 0.555556 15
9471 20 12 32 0.25 18
9472 13 4 17 0.529412 12
9473 15 28 43 -0.302326 19
9474 19 12 31 0.225806 19
9475 22 7 29 0.517241 12
9476 26 5 31 0.677419 18
9477 18 0 18 1 6
9478 3 26 29 -0.793103 15
9479 9 18 27 -0.333333 13
9480 12 17 29 -0.172414 15
9481 25 4 29 0.724138 18
9482 10 17 27 -0.259259 12
9483 26 3 29 0.793103 14
9484 18 10 28 0.285714 19
9485 11 33 44 -0.5 17
9486 34 5 39 0.74359 13
9487 2 41 43 -0.906977 20
9488 22 12 34 0.294118 17
9489 9 34 43 -0.581395 14
9490 35 4 39 0.794872 17
9491 17 3 20 0.7 15
9492 10 17 27 -0.259259 15
9493 13 9 22 0.181818 15
9494 40 4 44 0.818182 13
9495 34 6 40 0.7 16
9496 12 28 40 -0.4 24
9497 9 22 31 -0.419355 20
9498 11 41 52 -0.576923 18
9499 46 6 52 0.769231 21
9500 12 22 34 -0.294118 19
9501 10 12 22 -0.0909091 18
9502 13 18 31 -0.16129 18
9503 3 27 30 -0.8 18
9504 7 21 28 -0.5 17
9505 21 3 24 0.75 13
9506 30 4 34 0.764706 18
9507 6 31 37 -0.675676 20
9508 52 2 54 0.925926 16
9509 7 42 49 -0.714286 18
9510 43 5 48 0.791667 14
9511 12 26 38 -0.368421 22
9512 15 12 27 0.111111 17
9513 35 9 44 0.590909 18
9514 8 28 36 -0.555556 18
9515 11 28 39 -0.435897 19
9516 24 6 30 0.6 13
9517 0 32 32 -1 13
9518 9 28 37 -0.513514 17
9519 10 36 46 -0.565217 16
9520 26 5 31 0.677419 13
9521 28 11 39 0.435897 20
9522 5 21 26 -0.615385 15
9523 4 44 48 -0.833333 18
9524 34 12 46 0.478261 16
9525 7 23 30 -0.533333 14
9526 13 10 23 0.130435 13
9527 15 21 36 -0.166667 20
9528 35 5 40 0.75 13
9529 12 15 27 -0.111111 16
9530 18 22 40 -0.1 17
9531 36 1 37 0.945946 16
9532 29 16 45 0.288889 19
9533 18 19 37 -0.027027 22
9534 13 15 28 -0.0714286 14
9535 2 38 40 -0.9 11
9536 15 4 19 0.578947 11
9537 30 4 34 0.764706 15
9538 23 20 43 0.0697674 19
9539 2 45 47 -0.914894 14
9540 4 30 34 -0.764706 17
9541 7 21 28 -0.5 16
9542 33 0 33 1 12
9543 0 24 24 -1 13
9544 41 4 45 0.822222 9
9545 12 14 26 -0.0769231 14
9546 7 27 34 -0.588235 14
9547 22 21 43 0.0232558 20
9548 12 20 32 -0.25 19
9549 35 0 35 1 14
9550 20 8 28 0.428571 19
9551 2 37 39 -0.897436 12
9552 4 42 46 -0.826087 16
9553 18 24 42 -0.142857 20
9554 27 3 30 0.8 16
9555 10 26 36 -0.444444 21
9556 8 48 56 -0.714286 19
9557 6 36 42 -0.714286 14
9558 12 16 28 -0.142857 14
9559 13 17 30 -0.133333 16
9560 14 21 35 -0.2 15
9561 43 6 49 0.755102 19
9562 9 21 30 -0.4 18
9563 28 6 34 0.647059 15
9564 5 48 53 -0.811321 14
9565 2 30 32 -0.875 10
9566 40 1 41 0.95122 17
9567 27 4 31 0.741935 10
9568 16 35 51 -0.372549 19
9569 8 33 41 -0.609756 15
9570 18 2 20 0.8 12
9571 20 7 27 0.481481 15
9572 21 9 30 0.4 17
9573 26 11 37 0.405405 18
9574 19 11 30 0.266667 19
9575 4 34 38 -0.789474 18
9576 33 5 38 0.736842 13
9577 3 47 50 -0.88 14
9578 25 11 36 0.388889 20
9579 14 5 19 0.473684 12
9580 12 10 22 0.0909091 11
9581 40 1 41 0.95122 15
9582 5 30 35 -0.714286 16
9583 49 0 49 1 9
9584 16 12 28 0.142857 18
9585 12 19 31 -0.225806 13
9586 5 24 29 -0.655172 15
9587 30 0 30 1 13
9588 12 28 40 -0.4 18
9589 5 44 49 -0.795918 13
9590 9 19 28 -0.357143 14
9591 21 3 24 0.75 15
9592 11 16 27 -0.185185 16
9593 19 4 23 0.652174 14
9594 21 11 32 0.3125 18
9595 1 48 49 -0.959184 10
9596 6 15 21 -0.428571 16
9597 31 7 38 0.631579 15
9598 15 27 42 -0.285714 17
9599 4 26 30 -0.733333 8
9600 4 37 41 -0.804878 17
9601 6 48 54 -0.777778 20
9602 3 28 31 -0.806452 15
9603 7 19 26 -0.461538 11
9604 2 44 46 -0.913043 18
9605 22 9 31 0.419355 17
9606 5 45 50 -0.8 14
9607 23 23 46 0 18
9608 4 24 28 -0.714286 16
9609 10 16 26 -0.230769 16
9610 4 29 33 -0.757576 17
9611 1 24 25 -0.92 6
9612 27 8 35 0.542857 13
9613 31 5 36 0.722222 14
9614 2 52 54 -0.925926 14
9615 29 4 33 0.757576 18
9616 18 19 37 -0.027027 18
9617 13 11 24 0.0833333 18
9618 11 31 42 -0.47619 16
9619 6 5 11 0.0909091 10
9620 4 36 40 -0.8 20
9621 9 20 29 -0.37931 15
9622 9 29 38 -0.526316 15
9623 5 35 40 -0.75 13
9624 28 5 33 0.69697 14
9625 25 16 41 0.219512 18
9626 25 8 33 0.515152 17
9627 6 32 38 -0.684211 13
9628 31 1 32 0.9375 14
9629 50 2 52 0.923077 9
9630 15 19 34 -0.117647 20
9631 16 14 30 0.0666667 16
9632 0 25 25 -1 8
9633 19 12 31 0.225806 19
9634 36 5 41 0.756098 16
9635 29 3 32 0.8125 14
9636 35 2 37 0.891892 15
9637 36 10 46 0.565217 20
9638 9 12 21 -0.142857 11
9639 15 12 27 0.111111 20
9640 15 16 31 -0.0322581 14
9641 36 2 38 0.894737 15
9642 7 28 35 -0.6 20
9643 24 9 33 0.454545 16
9644 24 12 36 0.333333 17
9645 23 11 34 0.352941 16
9646 22 12 34 0.294118 16
9647 4 29 33 -0.757576 16
9648 9 11 20 -0.1 15
9649 21 12 33 0.272727 16
9650 2 22 24 -0.833333 17
9651 4 24 28 -0.714286 11
9652 15 21 36 -0.166667 16
9653 7 32 39 -0.641026 19
9654 17 17 34 0 19
9655 3 12 15 -0.6 8
9656 11 14 25 -0.12 14
9657 4 35 39 -0.794872 13
9658 19 7 26 0.461538 14
9659 16 26 42 -0.238095 23
9660 12 23 35 -0.314286 17
9661 14 19 33 -0.151515 19
9662 17 16 33 0.030303 17
9663 12 21 33 -0.272727 21
9664 17 25 42 -0.190476 25
9665 1 22 23 -0.913043 15
9666 0 25 25 -1 11
9667 9 24 33 -0.454545 18
9668 11 9 20 0.1 14
9669 19 16 35 0.0857143 17
9670 20 24 44 -0.0909091 15
9671 30 3 33 0.818182 18
9672 16 8 24 0.333333 16
9673 31 0 31 1 11
9674 21 8 29 0.448276 15
9675 20 17 37 0.0810811 24
9676 1 59 60 -0.966667 14
9677 3 29 32 -0.8125 18
9678 4 29 33 -0.757576 14
9679 31 13 44 0.409091 20
9680 29 3 32 0.8125 13
9681 15 19 34 -0.117647 24
9682 3 29 32 -0.8125 18
9683 11 15 26 -0.153846 17
9684 6 26 32 -0.625 17
9685 3 29 32 -0.8125 12
9686 17 12 29 0.172414 17
9687 40 2 42 0.904762 15
9688 17 9 26 0.307692 17
9689 7 43 50 -0.72 21
9690 10 10 20 0 13
9691 11 36 47 -0.531915 25
9692 20 20 40 0 21
9693 3 30 33 -0.818182 15
9694 20 17 37 0.0810811 21
9695 10 25 35 -0.428571 18
9696 16 5 21 0.52381 11
9697 13 15 28 -0.0714286 18
9698 29 11 40 0.45 20
9699 23 6 29 0.586207 17
9700 10 44 54 -0.62963 13
9701 19 10 29 0.310345 14
9702 36 5 41 0.756098 13
9703 10 20 30 -0.333333 12
9704 0 37 37 -1 7
9705 7 9 16 -0.125 10
9706 4 23 27 -0.703704 9
9707 9 22 31 -0.419355 16
9708 12 28 40 -0.4 20
9709 9 28 37 -0.513514 20
9710 15 5 20 0.5 15
9711 40 13 53 0.509434 21
9712 7 23 30 -0.533333 13
9713 13 36 49 -0.469388 20
9714 9 11 20 -0.1 10
9715 2 39 41 -0.902439 8
9716 24 11 35 0.371429 19
9717 22 25 47 -0.0638298 25
9718 33 9 42 0.571429 21
9719 27 0 27 1 10
9720 10 14 24 -0.166667 12
9721 26 16 42 0.238095 20
9722 18 17 35 0.0285714 18
9723 25 9 34 0.470588 17
9724 17 8 25 0.36 12
9725 13 13 26 0 13
9726 30 14 44 0.363636 19
9727 22 18 40 0.1 20
9728 12 29 41 -0.414634 21
9729 36 1 37 0.945946 15
9730 6 30 36 -0.666667 16
9731 5 27 32 -0.6875 17
9732 31 15 46 0.347826 18
9733 3 41 44 -0.863636 17
9734 3 17 20 -0.7 12
9735 1 31 32 -0.9375 7
9736 4 13 17 -0.529412 12
9737 6 14 20 -0.4 11
9738 1 33 34 -0.941176 14
9739 6 39 45 -0.733333 17
9740 32 3 35 0.828571 19
9741 37 14 51 0.45098 19
9742 2 37 39 -0.897436 18
9743 24 12 36 0.333333 20
9744 18 10 28 0.285714 15
9745 4 21 25 -0.68 10
9746 2 29 31 -0.870968 17
9747 13 18 31 -0.16129 21
9748 18 16 34 0.0588235 16
9749 41 4 45 0.822222 14
9750 6 43 49 -0.755102 20
9751 23 0 23 1 11
9752 23 7 30 0.533333 16
9753 3 22 25 -0.76 14
9754 29 8 37 0.567568 21
9755 8 30 38 -0.578947 19
9756 24 10 34 0.411765 17
9757 10 15 25 -0.2 14
9758 9 42 51 -0.647059 19
9759 3 18 21 -0.714286 10
9760 38 2 40 0.9 15
9761 12 19 31 -0.225806 18
9762 41 1 42 0.952381 14
9763 2 43 45 -0.911111 8
9764 1 32 33 -0.939394 11
9765 16 25 41 -0.219512 21
9766 16 21 37 -0.135135 18
9767 26 6 32 0.625 15
9768 0 35 35 -1 10
9769 8 22 30 -0.466667 11
9770 4 20 24 -0.666667 15
9771 28 0 28 1 14
9772 11 24 35 -0.371429 19
9773 23 15 38 0.210526 20
9774 16 4 20 0.6 13
9775 14 19 33 -0.151515 16
9776 17 18 35 -0.0285714 22
9777 32 5 37 0.72973 15
9778 11 33 44 -0.5 18
9779 18 21 39 -0.0769231 24
9780 19 4 23 0.652174 14
9781 3 45 48 -0.875 16
9782 24 17 41 0.170732 16
9783 13 13 26 0 18
9784 21 5 26 0.615385 16
9785 14 16 30 -0.0666667 20
9786 3 40 43 -0.860465 17
9787 1 37 38 -0.947368 17
9788 61 10 71 0.71831 18
9789 7 25 32 -0.5625 16
9790 20 6 26 0.538462 15
9791 3 32 35 -0.828571 16
9792 23 7 30 0.533333 18
9793 14 19 33 -0.151515 17
9794 22 13 35 0.257143 20
9795 11 20 31 -0.290323 21
9796 18 19 37 -0.027027 14
9797 36 2 38 0.894737 16
9798 11 25 36 -0.388889 16
9799 0 25 25 -1 10
9800 39 6 45 0.733333 19
9801 10 27 37 -0.459459 14
9802 6 24 30 -0.6 17
9803 38 0 38 1 14
9804 11 17 28 -0.214286 16
9805 34 3 37 0.837838 12
9806 0 36 36 -1 11
9807 28 5 33 0.69697 16
9808 23 6 29 0.586207 16
9809 1 40 41 -0.95122 10
9810 8 32 40 -0.6 15
9811 15 14 29 0.0344828 16
9812 8 18 26 -0.384615 13
9813 14 21 35 -0.2 19
9814 55 0 55 1 16
9815 11 21 32 -0.3125 16
9816 18 28 46 -0.217391 25
9817 1 26 27 -0.925926 11
9818 18 15 33 0.0909091 17
9819 22 12 34 0.294118 20
9820 12 19 31 -0.225806 18
9821 24 14 38 0.263158 20
9822 26 3 29 0.793103 14
9823 9 27 36 -0.5 16
9824 12 7 19 0.263158 12
9825 20 28 48 -0.166667 22
9826 18 21 39 -0.0769231 20
9827 39 2 41 0.902439 20
9828 3 10 13 -0.538462 10
9829 34 9 43 0.581395 20
9830 8 35 43 -0.627907 20
9831 21 16 37 0.135135 18
9832 10 31 41 -0.512195 21
9833 50 4 54 0.851852 12
9834 42 2 44 0.909091 15
9835 6 31 37 -0.675676 15
9836 45 3 48 0.875 14
9837 7 43 50 -0.72 16
9838 4 62 66 -0.878788 16
9839 2 35 37 -0.891892 9
9840 27 16 43 0.255814 16
9841 11 12 23 -0.0434783 12
9842 13 11 24 0.0833333 13
9843 11 30 41 -0.463415 19
9844 0 41 41 -1 12
9845 29 9 38 0.526316 16
9846 24 3 27 0.777778 13
9847 8 18 26 -0.384615 18
9848 20 19 39 0.025641 18
9849 18 14 32 0.125 18
9850 14 10 24 0.166667 14
9851 12 13 25 -0.04 16
9852 2 25 27 -0.851852 12
9853 1 19 20 -0.9 12
9854 19 17 36 0.0555556 22
9855 51 2 53 0.924528 18
9856 11 7 18 0.222222 13
9857 1 37 38 -0.947368 8
9858 2 38 40 -0.9 13
9859 7 20 27 -0.481481 11
9860 34 0 34 1 14
9861 26 23 49 0.0612245 19
9862 40 3 43 0.860465 18
9863 14 4 18 0.555556 12
9864 14 7 21 0.333333 13
9865 3 45 48 -0.875 18
9866 19 22 41 -0.0731707 17
9867 6 26 32 -0.625 13
9868 24 2 26 0.846154 12
9869 18 14 32 0.125 18
9870 9 27 36 -0.5 21
9871 26 1 27 0.925926 13
9872 23 9 32 0.4375 17
9873 26 10 36 0.444444 17
9874 41 0 41 1 11
9875 23 9 32 0.4375 16
9876 39 3 42 0.857143 17
9877 1 40 41 -0.95122 15
9878 28 13 41 0.365854 22
9879 10 20 30 -0.333333 20
9880 16 26 42 -0.238095 18
9881 17 3 20 0.7 12
9882 17 18 35 -0.0285714 19
9883 5 16 21 -0.52381 15
9884 7 28 35 -0.6 19
9885 4 35 39 -0.794872 19
9886 3 29 32 -0.8125 14
9887 17 25 42 -0.190476 21
9888 19 9 28 0.357143 14
9889 0 41 41 -1 8
9890 4 38 42 -0.809524 16
9891 3 32 35 -0.828571 14
9892 35 6 41 0.707317 16
9893 14 17 31 -0.0967742 17
9894 4 37 41 -0.804878 17
9895 30 12 42 0.428571 18
9896 12 18 30 -0.2 13
9897 4 28 32 -0.75 16
9898 27 9 36 0.5 15
9899 56 3 59 0.898305 11
9900 22 15 37 0.189189 19
9901 9 12 21 -0.142857 13
9902 1 15 16 -0.875 12
9903 4 44 48 -0.833333 14
9904 26 4 30 0.733333 11
9905 18 11 29 0.241379 19
9906 22 9 31 0.419355 21
9907 29 8 37 0.567568 14
9908 15 11 26 0.153846 19
9909 10 29 39 -0.487179 20
9910 8 8 16 0 10
9911 27 1 28 0.928571 10
9912 6 14 20 -0.4 13
9913 21 15 36 0.166667 17
9914 17 21 38 -0.105263 21
9915 18 25 43 -0.162791 23
9916 26 11 37 0.405405 15
9917 1 36 37 -0.945946 14
9918 12 15 27 -0.111111 18
9919 23 15 38 0.210526 12
9920 4 33 37 -0.783784 16
9921 18 16 34 0.0588235 17
9922 33 2 35 0.885714 8
9923 28 3 31 0.806452 12
9924 9 28 37 -0.513514 17
9925 28 8 36 0.555556 13
9926 8 36 44 -0.636364 20
9927 2 22 24 -0.833333 14
9928 7 25 32 -0.5625 12
9929 2 26 28 -0.857143 10
9930 0 51 51 -1 16
9931 1 24 25 -0.92 13
9932 25 13 38 0.315789 22
9933 19 15 34 0.117647 18
9934 20 24 44 -0.0909091 19
9935 26 16 42 0.238095 25
9936 7 25 32 -0.5625 18
9937 3 16 19 -0.684211 12
9938 43 1 44 0.954545 13
9939 51 0 51 1 14
9940 15 25 40 -0.25 19
9941 14 12 26 0.0769231 14
9942 12 10 22 0.0909091 11
9943 7 35 42 -0.666667 16
9944 4 12 16 -0.5 8
9945 32 10 42 0.52381 19
9946 12 14 26 -0.0769231 12
9947 33 8 41 0.609756 20
9948 17 18 35 -0.0285714 17
9949 18 14 32 0.125 17
9950 23 11 34 0.352941 21
9951 8 21 29 -0.448276 18
9952 26 5 31 0.677419 15
9953 12 23 35 -0.314286 19
9954 47 4 51 0.843137 21
9955 13 33 46 -0.434783 21
9956 35 9 44 0.590909 20
9957 1 38 39 -0.948718 18
9958 3 35 38 -0.842105 12
9959 21 18 39 0.0769231 14
9960 22 12 34 0.294118 16
9961 5 40 45 -0.777778 19
9962 0 30 30 -1 14
9963 16 23 39 -0.179487 21
9964 2 14 16 -0.75 10
9965 26 0 26 1 10
9966 24 18 42 0.142857 20
9967 44 4 48 0.833333 17
9968 14 24 38 -0.263158 21
9969 48 2 50 0.92 14
9970 38 10 48 0.583333 15
9971 15 13 28 0.0714286 17
9972 13 31 44 -0.409091 23
9973 3 36 39 -0.846154 17
9974 6 44 50 -0.76 18
9975 4 35 39 -0.794872 9
9976 14 10 24 0.166667 15
9977 4 30 34 -0.764706 17
9978 20 0 20 1 13
9979 6 22 28 -0.571429 16
9980 38 3 41 0.853659 16
9981 23 22 45 0.0222222 19
9982 11 20 31 -0.290323 16
9983 10 1 11 0.818182 11
9984 31 1 32 0.9375 19
9985 20 12 32 0.25 17
9986 14 9 23 0.217391 14
9987 21 10 31 0.354839 9
9988 42 5 47 0.787234 18
9989 3 38 41 -0.853659 15
9990 18 1 19 0.894737 9
9991 35 4 39 0.794872 17
9992 42 12 54 0.555556 14
9993 23 6 29 0.586207 17
9994 40 3 43 0.860465 19
9995 1 38 39 -0.948718 10
9996 22 16 38 0.157895 21
9997 10 18 28 -0.285714 16
9998 38 2 40 0.9 13
9999 37 2 39 0.897436 14
10000 44 6 50 0.76 16
10001 23 3 26 0.769231 12
10002 4 27 31 -0.741935 16
10003 14 22 36 -0.222222 15
10004 36 4 40 0.8 17
10005 29 7 36 0.611111 19
10006 13 25 38 -0.315789 19
10007 24 5 29 0.655172 11
10008 7 0 7 1 5
10009 36 1 37 0.945946 14
10010 4 28 32 -0.75 17
10011 32 0 32 1 11
10012 20 11 31 0.290323 19
10013 44 4 48 0.833333 14
10014 3 37 40 -0.85 14
10015 11 35 46 -0.521739 19
10016 12 28 40 -0.4 22
10017 27 0 27 1 11
10018 5 43 48 -0.791667 15
10019 30 4 34 0.764706 11
10020 22 4 26 0.692308 11
10021 17 0 17 1 12
10022 1 29 30 -0.933333 13
10023 36 4 40 0.8 17
10024 26 4 30 0.733333 15
10025 1 38 39 -0.948718 15
10026 4 21 25 -0.68 16
10027 36 5 41 0.756098 14
10028 26 20 46 0.130435 18
10029 10 20 30 -0.333333 15
10030 1 27 28 -0.928571 12
10031 14 23 37 -0.243243 19
10032 30 6 36 0.666667 13
10033 0 45 45 -1 16
10034 12 25 37 -0.351351 21
10035 25 4 29 0.724138 15
10036 25 17 42 0.190476 13
10037 5 17 22 -0.545455 15
10038 12 16 28 -0.142857 16
10039 3 36 39 -0.846154 15
10040 18 13 31 0.16129 19
10041 25 13 38 0.315789 18
10042 0 38 38 -1 9
10043 30 4 34 0.764706 18
10044 9 15 24 -0.25 9
10045 5 18 23 -0.565217 12
10046 21 18 39 0.0769231 17
10047 24 14 38 0.263158 20
10048 28 13 41 0.365854 17
10049 12 21 33 -0.272727 24
10050 16 30 46 -0.304348 19
10051 18 20 38 -0.0526316 16
10052 16 22 38 -0.157895 14
10053 9 15 24 -0.25 16
10054 24 7 31 0.548387 19
10055 24 6 30 0.6 13
10056 27 8 35 0.542857 16
10057 5 27 32 -0.6875 17
10058 13 8 21 0.238095 12
10059 26 15 41 0.268293 18
10060 22 12 34 0.294118 15
10061 6 12 18 -0.333333 14
10062 14 9 23 0.217391 15
10063 13 30 43 -0.395349 24
10064 5 26 31 -0.677419 10
10065 5 15 20 -0.5 12
10066 8 34 42 -0.619048 18
10067 6 29 35 -0.657143 13
10068 24 9 33 0.454545 18
10069 1 35 36 -0.944444 15
10070 16 19 35 -0.0857143 18
10071 25 3 28 0.785714 17
10072 4 31 35 -0.771429 14
10073 50 7 57 0.754386 19
10074 3 26 29 -0.793103 11
10075 53 6 59 0.79661 20
10076 12 19 31 -0.225806 17
10077 22 4 26 0.692308 15
10078 18 22 40 -0.1 18
10079 11 28 39 -0.435897 15
10080 18 28 46 -0.217391 20
10081 24 16 40 0.2 16
10082 38 6 44 0.727273 14
10083 7 20 27 -0.481481 18
10084 31 1 32 0.9375 12
10085 1 45 46 -0.956522 13
10086 7 31 38 -0.631579 16
10087 15 17 32 -0.0625 19
10088 2 40 42 -0.904762 8
10089 4 44 48 -0.833333 12
10090 12 23 35 -0.314286 22
10091 4 27 31 -0.741935 15
10092 4 9 13 -0.384615 11
10093 14 18 32 -0.125 18
10094 18 12 30 0.2 18
10095 24 21 45 0.0666667 23
10096 8 51 59 -0.728814 17
10097 3 26 29 -0.793103 15
10098 19 18 37 0.027027 14
10099 9 23 32 -0.4375 18
10100 11 22 33 -0.333333 14
10101 18 5 23 0.565217 17
10102 12 15 27 -0.111111 19
10103 9 24 33 -0.454545 14
10104 3 9 12 -0.5 10
10105 3 27 30 -0.8 14
10106 16 18 34 -0.0588235 16
10107 16 11 27 0.185185 18
10108 3 51 54 -0.888889 17
10109 47 0 47 1 9
10110 28 4 32 0.75 15
10111 23 12 35 0.314286 17
10112 17 26 43 -0.209302 21
10113 9 12 21 -0.142857 10
10114 13 32 45 -0.422222 17
10115 20 20 40 0 21
10116 21 3 24 0.75 14
10117 2 30 32 -0.875 9
10118 0 40 40 -1 15
10119 4 43 47 -0.829787 16
10120 9 31 40 -0.55 16
10121 13 21 34 -0.235294 17
10122 36 5 41 0.756098 16
10123 32 2 34 0.882353 14
10124 12 18 30 -0.2 17
10125 42 4 46 0.826087 20
10126 12 18 30 -0.2 19
10127 7 10 17 -0.176471 13
10128 6 26 32 -0.625 22
10129 16 6 22 0.454545 13
10130 8 30 38 -0.578947 21
10131 46 3 49 0.877551 13
10132 4 33 37 -0.783784 18
10133 19 5 24 0.583333 12
10134 2 34 36 -0.888889 12
10135 20 9 29 0.37931 19
10136 13 16 29 -0.103448 20
10137 20 1 21 0.904762 12
10138 26 9 35 0.485714 17
10139 2 35 37 -0.891892 9
10140 9 28 37 -0.513514 20
10141 21 23 44 -0.0454545 17
10142 2 7 9 -0.555556 5
10143 26 15 41 0.268293 17
10144 9 2 11 0.636364 10
10145 36 5 41 0.756098 19
10146 4 34 38 -0.789474 18
10147 20 10 30 0.333333 15
10148 15 9 24 0.25 15
10149 32 6 38 0.684211 15
10150 22 12 34 0.294118 22
10151 2 37 39 -0.897436 11
10152 7 32 39 -0.641026 17
10153 9 41 50 -0.64 21
10154 12 13 25 -0.04 15
10155 11 23 34 -0.352941 18
10156 33 1 34 0.941176 13
10157 16 15 31 0.0322581 21
10158 2 42 44 -0.909091 15
10159 19 8 27 0.407407 15
10160 19 4 23 0.652174 15
10161 31 7 38 0.631579 20
10162 11 18 29 -0.241379 17
10163 7 27 34 -0.588235 19
10164 2 22 24 -0.833333 13
10165 6 32 38 -0.684211 15
10166 10 16 26 -0.230769 20
10167 8 19 27 -0.407407 12
10168 17 36 53 -0.358491 22
10169 1 26 27 -0.925926 13
10170 2 31 33 -0.878788 16
10171 21 22 43 -0.0232558 26
10172 3 46 49 -0.877551 13
10173 27 4 31 0.741935 17
10174 7 27 34 -0.588235 18
10175 2 30 32 -0.875 16
10176 3 33 36 -0.833333 17
10177 17 10 27 0.259259 13
10178 18 14 32 0.125 16
10179 12 12 24 0 15
10180 39 4 43 0.813953 10
10181 2 48 50 -0.92 17
10182 19 8 27 0.407407 14
10183 28 6 34 0.647059 13
10184 4 23 27 -0.703704 12
10185 4 33 37 -0.783784 13
10186 22 19 41 0.0731707 20
10187 7 5 12 0.166667 7
10188 3 55 58 -0.896552 16
10189 7 25 32 -0.5625 17
10190 28 4 32 0.75 13
10191 17 16 33 0.030303 19
10192 4 27 31 -0.741935 16
10193 15 19 34 -0.117647 20
10194 29 3 32 0.8125 19
10195 1 27 28 -0.928571 12
10196 11 38 49 -0.55102 19
10197 27 5 32 0.6875 14
10198 27 4 31 0.741935 14
10199 21 3 24 0.75 13
10200 8 18 26 -0.384615 19
10201 1 28 29 -0.931034 10
10202 4 37 41 -0.804878 17
10203 7 22 29 -0.517241 18
10204 11 6 17 0.294118 12
10205 13 30 43 -0.395349 24
10206 8 32 40 -0.6 17
10207 11 37 48 -0.541667 20
10208 2 18 20 -0.8 10
10209 0 22 22 -1 12
10210 3 48 51 -0.882353 14
10211 4 35 39 -0.794872 12
10212 32 0 32 1 9
10213 26 0 26 1 12
10214 25 14 39 0.282051 21
10215 16 19 35 -0.0857143 20
10216 7 16 23 -0.391304 14
10217 4 36 40 -0.8 16
10218 13 23 36 -0.277778 20
10219 4 19 23 -0.652174 12
10220 20 14 34 0.176471 19
10221 13 10 23 0.130435 17
10222 16 17 33 -0.030303 20
10223 16 5 21 0.52381 14
10224 28 21 49 0.142857 23
10225 32 13 45 0.422222 22
10226 41 5 46 0.782609 14
10227 20 12 32 0.25 17
10228 22 5 27 0.62963 12
10229 2 38 40 -0.9 11
10230 12 20 32 -0.25 15
10231 28 7 35 0.6 21
10232 11 17 28 -0.214286 18
10233 11 12 23 -0.0434783 17
10234 5 35 40 -0.75 17
10235 28 1 29 0.931034 13
10236 30 2 32 0.875 9
10237 15 2 17 0.764706 9
10238 4 14 18 -0.555556 12
10239 7 35 42 -0.666667 20
10240 0 41 41 -1 17
10241 11 12 23 -0.0434783 14
10242 22 6 28 0.571429 16
10243 6 27 33 -0.636364 16
10244 16 22 38 -0.157895 19
10245 21 16 37 0.135135 20
10246 11 18 29 -0.241379 18
10247 7 32 39 -0.641026 11
10248 24 7 31 0.548387 16
10249 14 17 31 -0.0967742 16
10250 20 14 34 0.176471 20
10251 21 14 35 0.2 17
10252 32 4 36 0.777778 19
10253 20 7 27 0.481481 13
10254 20 13 33 0.212121 17
10255 16 11 27 0.185185 17
10256 20 14 34 0.176471 13
10257 3 20 23 -0.73913 11
10258 34 2 36 0.888889 16
10259 17 17 34 0 16
10260 14 14 28 0 16
10261 6 35 41 -0.707317 20
10262 34 7 41 0.658537 16
10263 30 6 36 0.666667 20
10264 7 15 22 -0.363636 16
10265 15 13 28 0.0714286 14
10266 23 12 35 0.314286 16
10267 1 0 1 1 1
10268 41 4 45 0.822222 19
10269 22 6 28 0.571429 16
10270 18 17 35 0.0285714 21
10271 34 5 39 0.74359 16
10272 3 68 71 -0.915493 18
10273 0 31 31 -1 14
10274 19 10 29 0.310345 19
10275 12 11 23 0.0434783 13
10276 11 23 34 -0.352941 16
10277 7 26 33 -0.575758 15
10278 14 24 38 -0.263158 17
10279 34 1 35 0.942857 14
10280 29 5 34 0.705882 17
10281 2 28 30 -0.866667 8
10282 19 17 36 0.0555556 21
10283 19 17 36 0.0555556 18
10284 1 33 34 -0.941176 17
10285 6 29 35 -0.657143 18
10286 0 32 32 -1 13
10287 16 13 29 0.103448 15
10288 4 37 41 -0.804878 14
10289 10 9 19 0.0526316 14
10290 5 21 26 -0.615385 9
10291 10 11 21 -0.047619 8
10292 12 37 49 -0.510204 19
10293 4 34 38 -0.789474 18
10294 16 27 43 -0.255814 20
10295 38 4 42 0.809524 14
10296 33 13 46 0.434783 17
10297 17 15 32 0.0625 19
10298 27 14 41 0.317073 19
10299 3 47 50 -0.88 11
10300 29 11 40 0.45 21
10301 19 12 31 0.225806 17
10302 17 26 43 -0.209302 25
10303 17 15 32 0.0625 20
10304 35 9 44 0.590909 17
10305 42 4 46 0.826087 15
10306 1 25 26 -0.923077 14
10307 6 13 19 -0.368421 15
10308 10 33 43 -0.534884 18
10309 18 21 39 -0.0769231 16
10310 13 16 29 -0.103448 19
10311 32 3 35 0.828571 13
10312 8 31 39 -0.589744 22
10313 36 0 36 1 16
10314 13 19 32 -0.1875 14
10315 6 21 27 -0.555556 15
10316 8 21 29 -0.448276 14
10317 20 20 40 0 21
10318 24 3 27 0.777778 15
10319 26 5 31 0.677419 16
10320 8 30 38 -0.578947 20
10321 12 22 34 -0.294118 15
10322 2 38 40 -0.9 15
10323 5 26 31 -0.677419 11
10324 15 21 36 -0.166667 14
10325 45 3 48 0.875 15
10326 24 8 32 0.5 17
10327 33 9 42 0.571429 14
10328 21 1 22 0.909091 14
10329 42 0 42 1 12
10330 8 23 31 -0.483871 17
10331 34 3 37 0.837838 18
10332 6 18 24 -0.5 16
10333 23 14 37 0.243243 18
10334 33 6 39 0.692308 10
10335 23 13 36 0.277778 20
10336 37 2 39 0.897436 9
10337 8 12 20 -0.2 13
10338 6 35 41 -0.707317 20
10339 4 29 33 -0.757576 16
10340 23 23 46 0 25
10341 53 0 53 1 10
10342 24 4 28 0.714286 12
10343 21 15 36 0.166667 19
10344 27 2 29 0.862069 9
10345 19 8 27 0.407407 12
10346 9 46 55 -0.672727 18
10347 17 21 38 -0.105263 20
10348 1 40 41 -0.95122 13
10349 7 19 26 -0.461538 12
10350 33 5 38 0.736842 17
10351 36 1 37 0.945946 11
10352 30 8 38 0.578947 18
10353 2 40 42 -0.904762 16
10354 0 35 35 -1 9
10355 10 11 21 -0.047619 16
10356 28 1 29 0.931034 11
10357 18 14 32 0.125 20
10358 1 40 41 -0.95122 19
10359 16 1 17 0.882353 8
10360 0 27 27 -1 13
10361 6 30 36 -0.666667 17
10362 19 12 31 0.225806 17
10363 39 0 39 1 15
10364 4 26 30 -0.733333 14
10365 18 7 25 0.44 13
10366 13 16 29 -0.103448 19
10367 28 5 33 0.69697 20
10368 8 21 29 -0.448276 18
10369 19 14 33 0.151515 16
10370 38 6 44 0.727273 12
10371 11 7 18 0.222222 10
10372 37 1 38 0.947368 16
10373 10 8 18 0.111111 14
10374 3 17 20 -0.7 8
10375 6 42 48 -0.75 17
10376 4 34 38 -0.789474 18
10377 20 7 27 0.481481 15
10378 1 27 28 -0.928571 14
10379 7 25 32 -0.5625 17
10380 14 7 21 0.333333 13
10381 14 15 29 -0.0344828 19
10382 1 40 41 -0.95122 16
10383 3 40 43 -0.860465 20
10384 41 3 44 0.863636 15
10385 8 11 19 -0.157895 11
10386 43 3 46 0.869565 12
10387 40 8 48 0.666667 21
10388 26 0 26 1 15
10389 14 16 30 -0.0666667 19
10390 9 15 24 -0.25 11
10391 0 39 39 -1 12
10392 16 15 31 0.0322581 18
10393 19 11 30 0.266667 15
10394 10 18 28 -0.285714 16
10395 0 28 28 -1 13
10396 12 24 36 -0.333333 18
10397 27 6 33 0.636364 16
10398 14 20 34 -0.176471 18
10399 58 6 64 0.8125 15
10400 30 9 39 0.538462 16
10401 15 15 30 0 20
10402 6 15 21 -0.428571 12
10403 33 0 33 1 12
10404 22 17 39 0.128205 21
10405 15 14 29 0.0344828 14
10406 6 28 34 -0.647059 16
10407 1 30 31 -0.935484 16
10408 21 7 28 0.5 12
10409 15 13 28 0.0714286 12
10410 28 4 32 0.75 17
10411 23 5 28 0.642857 15
10412 29 21 50 0.16 26
10413 21 27 48 -0.125 22
10414 0 33 33 -1 9
10415 0 34 34 -1 9
10416 11 22 33 -0.333333 20
10417 3 14 17 -0.647059 10
10418 1 39 40 -0.95 13
10419 3 11 14 -0.571429 10
10420 20 23 43 -0.0697674 16
10421 17 17 34 0 14
10422 21 26 47 -0.106383 21
10423 7 18 25 -0.44 14
10424 10 8 18 0.111111 12
10425 6 22 28 -0.571429 14
10426 26 15 41 0.268293 18
10427 1 35 36 -0.944444 14
10428 18 13 31 0.16129 18
10429 18 14 32 0.125 16
10430 37 2 39 0.897436 18
10431 38 1 39 0.948718 14
10432 35 4 39 0.794872 18
10433 5 28 33 -0.69697 17
10434 18 5 23 0.565217 15
10435 17 19 36 -0.0555556 16
10436 0 3 3 -1 2
10437 0 37 37 -1 5
10438 28 21 49 0.142857 21
10439 13 12 25 0.04 15
10440 20 16 36 0.111111 19
10441 10 22 32 -0.375 18
10442 29 3 32 0.8125 13
10443 21 15 36 0.166667 21
10444 12 15 27 -0.111111 14
10445 24 7 31 0.548387 21
10446 11 1 12 0.833333 9
10447 1 34 35 -0.942857 7
10448 3 22 25 -0.76 14
10449 9 14 23 -0.217391 13
10450 18 14 32 0.125 20
10451 42 4 46 0.826087 18
10452 22 12 34 0.294118 18
10453 10 6 16 0.25 10
10454 4 30 34 -0.764706 14
10455 10 25 35 -0.428571 18
10456 6 34 40 -0.7 12
10457 4 20 24 -0.666667 15
10458 17 16 33 0.030303 13
10459 35 1 36 0.944444 15
10460 9 24 33 -0.454545 16
10461 13 15 28 -0.0714286 16
10462 19 15 34 0.117647 16
10463 22 10 32 0.375 14
10464 23 15 38 0.210526 18
10465 13 15 28 -0.0714286 15
10466 29 11 40 0.45 20
10467 6 19 25 -0.52 17
10468 9 21 30 -0.4 17
10469 33 7 40 0.65 18
10470 34 6 40 0.7 17
10471 9 17 26 -0.307692 15
10472 26 2 28 0.857143 14
10473 14 20 34 -0.176471 16
10474 38 3 41 0.853659 12
10475 12 29 41 -0.414634 18
10476 23 3 26 0.769231 13
10477 17 9 26 0.307692 16
10478 14 4 18 0.555556 12
10479 20 13 33 0.212121 19
10480 28 9 37 0.513514 19
10481 3 43 46 -0.869565 17
10482 27 4 31 0.741935 15
10483 24 21 45 0.0666667 15
10484 30 4 34 0.764706 12
10485 18 20 38 -0.0526316 19
10486 15 23 38 -0.210526 18
10487 11 27 38 -0.421053 21
10488 9 10 19 -0.0526316 11
10489 14 21 35 -0.2 15
10490 17 8 25 0.36 13
10491 51 2 53 0.924528 15
10492 19 16 35 0.0857143 22
10493 2 30 32 -0.875 8
10494 30 13 43 0.395349 17
10495 4 41 45 -0.822222 15
10496 28 11 39 0.435897 18
10497 20 18 38 0.0526316 21
10498 14 17 31 -0.0967742 18
10499 10 20 30 -0.333333 12
10500 12 18 30 -0.2 16
10501 0 40 40 -1 5
10502 3 23 26 -0.769231 11
10503 9 25 34 -0.470588 19
10504 28 7 35 0.6 16
10505 10 19 29 -0.310345 15
10506 38 2 40 0.9 15
10507 27 10 37 0.459459 16
10508 20 5 25 0.6 14
10509 4 32 36 -0.777778 19
10510 1 39 40 -0.95 14
10511 15 20 35 -0.142857 17
10512 18 15 33 0.0909091 16
10513 38 0 38 1 10
10514 30 14 44 0.363636 19
10515 4 31 35 -0.771429 13
10516 10 24 34 -0.411765 20
10517 28 13 41 0.365854 15
10518 19 16 35 0.0857143 17
10519 7 22 29 -0.517241 17
10520 22 9 31 0.419355 17
10521 10 15 25 -0.2 13
10522 0 25 25 -1 11
10523 2 27 29 -0.862069 14
10524 25 6 31 0.612903 16
10525 5 26 31 -0.677419 19
10526 1 30 31 -0.935484 13
10527 13 14 27 -0.037037 12
10528 41 4 45 0.822222 16
10529 26 0 26 1 11
10530 3 31 34 -0.823529 15
10531 3 39 42 -0.857143 15
10532 4 20 24 -0.666667 12
10533 29 11 40 0.45 16
10534 9 18 27 -0.333333 17
10535 13 15 28 -0.0714286 17
10536 6 14 20 -0.4 13
10537 22 1 23 0.913043 8
10538 3 13 16 -0.625 9
10539 27 8 35 0.542857 19
10540 9 32 41 -0.560976 14
10541 13 20 33 -0.212121 17
10542 5 19 24 -0.583333 10
10543 10 25 35 -0.428571 18
10544 18 20 38 -0.0526316 18
10545 18 17 35 0.0285714 22
10546 29 14 43 0.348837 17
10547 12 15 27 -0.111111 12
10548 29 12 41 0.414634 15
10549 23 8 31 0.483871 15
10550 10 44 54 -0.62963 16
10551 22 8 30 0.466667 18
10552 32 2 34 0.882353 10
10553 19 16 35 0.0857143 22
10554 20 2 22 0.818182 11
10555 18 20 38 -0.0526316 16
10556 15 11 26 0.153846 17
10557 20 11 31 0.290323 15
10558 7 30 37 -0.621622 19
10559 0 40 40 -1 12
10560 9 37 46 -0.608696 18
10561 4 13 17 -0.529412 11
10562 10 45 55 -0.636364 20
10563 6 26 32 -0.625 16
10564 24 15 39 0.230769 21
10565 15 23 38 -0.210526 17
10566 21 22 43 -0.0232558 18
10567 25 10 35 0.428571 20
10568 2 33 35 -0.885714 14
10569 10 25 35 -0.428571 18
10570 1 28 29 -0.931034 12
10571 46 7 53 0.735849 22
10572 0 47 47 -1 9
10573 8 4 12 0.333333 9
10574 22 15 37 0.189189 23
10575 6 30 36 -0.666667 17
10576 15 23 38 -0.210526 19
10577 4 37 41 -0.804878 19
10578 5 26 31 -0.677419 14
10579 24 2 26 0.846154 12
10580 16 27 43 -0.255814 20
10581 37 4 41 0.804878 16
10582 20 11 31 0.290323 19
10583 24 25 49 -0.0204082 23
10584 37 9 46 0.608696 17
10585 7 20 27 -0.481481 16
10586 2 40 42 -0.904762 12
10587 25 1 26 0.923077 15
10588 11 21 32 -0.3125 19
10589 34 2 36 0.888889 17
10590 15 10 25 0.2 17
10591 24 4 28 0.714286 19
10592 10 24 34 -0.411765 17
10593 11 28 39 -0.435897 18
10594 23 15 38 0.210526 16
10595 25 18 43 0.162791 22
10596 9 12 21 -0.142857 13
10597 32 6 38 0.684211 20
10598 32 5 37 0.72973 15
10599 1 33 34 -0.941176 4
10600 15 14 29 0.0344828 18
10601 4 30 34 -0.764706 16
10602 19 8 27 0.407407 14
10603 0 48 48 -1 9
10604 24 7 31 0.548387 16
10605 9 18 27 -0.333333 17
10606 7 27 34 -0.588235 14
10607 2 31 33 -0.878788 13
10608 42 14 56 0.5 22
10609 24 5 29 0.655172 14
10610 55 1 56 0.964286 7
10611 31 8 39 0.589744 19
10612 15 16 31 -0.0322581 19
10613 0 29 29 -1 12
10614 21 20 41 0.0243902 21
10615 23 3 26 0.769231 15
10616 7 12 19 -0.263158 9
10617 13 17 30 -0.133333 15
10618 7 36 43 -0.674419 13
10619 9 19 28 -0.357143 16
10620 1 33 34 -0.941176 15
10621 12 20 32 -0.25 19
10622 5 31 36 -0.722222 15
10623 11 22 33 -0.333333 19
10624 10 28 38 -0.473684 18
10625 0 31 31 -1 8
10626 33 2 35 0.885714 15
10627 5 30 35 -0.714286 13
10628 23 6 29 0.586207 13
10629 19 21 40 -0.05 19
10630 2 27 29 -0.862069 12
10631 1 39 40 -0.95 14
10632 22 1 23 0.913043 8
10633 17 8 25 0.36 13
10634 23 7 30 0.533333 15
10635 5 21 26 -0.615385 14
10636 14 18 32 -0.125 21
10637 31 7 38 0.631579 19
10638 17 37 54 -0.37037 24
10639 31 14 45 0.377778 21
10640 18 22 40 -0.1 20
10641 14 18 32 -0.125 17
10642 18 21 39 -0.0769231 20
10643 14 27 41 -0.317073 23
10644 6 31 37 -0.675676 18
10645 8 34 42 -0.619048 14
10646 19 9 28 0.357143 16
10647 16 11 27 0.185185 18
10648 2 32 34 -0.882353 16
10649 26 2 28 0.857143 14
10650 6 36 42 -0.714286 15
10651 7 25 32 -0.5625 19
10652 8 25 33 -0.515152 17
10653 21 24 45 -0.0666667 19
10654 16 6 22 0.454545 14
10655 58 4 62 0.870968 12
10656 14 22 36 -0.222222 19
10657 37 13 50 0.48 20
10658 42 1 43 0.953488 15
10659 2 17 19 -0.789474 13
10660 0 31 31 -1 11
10661 37 4 41 0.804878 19
10662 14 18 32 -0.125 17
10663 15 11 26 0.153846 12
10664 28 5 33 0.69697 13
10665 13 10 23 0.130435 12
10666 12 11 23 0.0434783 11
10667 11 28 39 -0.435897 16
10668 11 15 26 -0.153846 17
10669 30 0 30 1 14
10670 46 4 50 0.84 20
10671 1 54 55 -0.963636 14
10672 21 1 22 0.909091 12
10673 5 19 24 -0.583333 17
10674 3 39 42 -0.857143 15
10675 1 33 34 -0.941176 17
10676 13 16 29 -0.103448 16
10677 17 17 34 0 17
10678 19 19 38 0 24
10679 20 11 31 0.290323 16
10680 7 22 29 -0.517241 16
10681 1 34 35 -0.942857 13
10682 0 26 26 -1 12
10683 11 11 22 0 17
10684 17 7 24 0.416667 15
10685 4 26 30 -0.733333 16
10686 1 30 31 -0.935484 15
10687 32 7 39 0.641026 20
10688 35 7 42 0.666667 18
10689 14 11 25 0.12 15
10690 19 2 21 0.809524 8
10691 14 19 33 -0.151515 22
10692 11 23 34 -0.352941 17
10693 10 24 34 -0.411765 18
10694 3 28 31 -0.806452 17
10695 28 6 34 0.647059 17
10696 32 3 35 0.828571 16
10697 17 20 37 -0.0810811 19
10698 1 25 26 -0.923077 11
10699 34 4 38 0.789474 17
10700 22 16 38 0.157895 24
10701 11 21 32 -0.3125 22
10702 33 5 38 0.736842 13
10703 9 23 32 -0.4375 18
10704 13 13 26 0 19
10705 10 28 38 -0.473684 19
10706 8 29 37 -0.567568 20
10707 18 19 37 -0.027027 20
10708 2 43 45 -0.911111 16
10709 31 1 32 0.9375 14
10710 29 9 38 0.526316 17
10711 13 17 30 -0.133333 15
10712 12 15 27 -0.111111 15
10713 5 22 27 -0.62963 14
10714 41 2 43 0.906977 15
10715 3 27 30 -0.8 15
10716 16 25 41 -0.219512 22
10717 32 13 45 0.422222 21
10718 13 11 24 0.0833333 15
10719 9 10 19 -0.0526316 15
10720 13 14 27 -0.037037 15
10721 35 0 35 1 14
10722 2 35 37 -0.891892 15
10723 51 4 55 0.854545 15
10724 6 21 27 -0.555556 12
10725 12 30 42 -0.428571 23
10726 12 19 31 -0.225806 17
10727 5 25 30 -0.666667 13
10728 45 0 45 1 18
10729 1 42 43 -0.953488 12
10730 4 39 43 -0.813953 13
10731 29 20 49 0.183673 23
10732 20 8 28 0.428571 16
10733 9 30 39 -0.538462 19
10734 5 21 26 -0.615385 14
10735 24 17 41 0.170732 20
10736 44 4 48 0.833333 18
10737 33 5 38 0.736842 16
10738 18 2 20 0.8 10
10739 5 8 13 -0.230769 11
10740 1 35 36 -0.944444 9
10741 9 22 31 -0.419355 15
10742 9 34 43 -0.581395 17
10743 36 14 50 0.44 22
10744 18 13 31 0.16129 13
10745 18 21 39 -0.0769231 12
10746 4 34 38 -0.789474 15
10747 3 53 56 -0.892857 16
10748 18 9 27 0.333333 17
10749 14 13 27 0.037037 17
10750 6 15 21 -0.428571 12
10751 4 30 34 -0.764706 9
10752 25 7 32 0.5625 19
10753 24 19 43 0.116279 18
10754 19 10 29 0.310345 17
10755 23 7 30 0.533333 16
10756 25 0 25 1 12
10757 11 18 29 -0.241379 18
10758 1 41 42 -0.952381 13
10759 10 23 33 -0.393939 17
10760 20 12 32 0.25 17
10761 17 18 35 -0.0285714 18
10762 18 6 24 0.5 14
10763 16 24 40 -0.2 21
10764 33 9 42 0.571429 20
10765 26 6 32 0.625 13
10766 20 8 28 0.428571 15
10767 2 33 35 -0.885714 14
10768 18 8 26 0.384615 10
10769 14 17 31 -0.0967742 22
10770 17 22 39 -0.128205 16
10771 4 17 21 -0.619048 10
10772 3 27 30 -0.8 17
10773 13 19 32 -0.1875 16
10774 3 51 54 -0.888889 20
10775 22 16 38 0.157895 15
10776 14 14 28 0 17
10777 5 39 44 -0.772727 18
10778 0 35 35 -1 14
10779 39 7 46 0.695652 20
10780 23 5 28 0.642857 18
10781 3 33 36 -0.833333 12
10782 25 11 36 0.388889 16
10783 31 5 36 0.722222 18
10784 14 11 25 0.12 21
10785 6 34 40 -0.7 14
10786 26 10 36 0.444444 20
10787 10 34 44 -0.545455 18
10788 15 27 42 -0.285714 19
10789 26 10 36 0.444444 24
10790 0 16 16 -1 10
10791 37 14 51 0.45098 20
10792 13 14 27 -0.037037 19
10793 6 32 38 -0.684211 16
10794 40 0 40 1 15
10795 0 35 35 -1 12
10796 15 21 36 -0.166667 17
10797 24 18 42 0.142857 17
10798 6 13 19 -0.368421 10
10799 9 22 31 -0.419355 18
10800 37 2 39 0.897436 15
10801 24 14 38 0.263158 15
10802 13 24 37 -0.297297 20
10803 22 15 37 0.189189 19
10804 11 20 31 -0.290323 19
10805 9 20 29 -0.37931 17
10806 3 37 40 -0.85 14
10807 15 21 36 -0.166667 16
10808 3 44 47 -0.87234 13
10809 24 10 34 0.411765 20
10810 47 5 52 0.807692 10
10811 4 17 21 -0.619048 11
10812 14 26 40 -0.3 21
10813 19 25 44 -0.136364 20
10814 24 9 33 0.454545 22
10815 26 5 31 0.677419 17
10816 30 0 30 1 13
10817 19 8 27 0.407407 12
10818 17 24 41 -0.170732 19
10819 21 14 35 0.2 18
10820 5 28 33 -0.69697 13
10821 1 17 18 -0.888889 10
10822 15 16 31 -0.0322581 19
10823 9 25 34 -0.470588 18
10824 36 3 39 0.846154 16
10825 19 16 35 0.0857143 17
10826 17 9 26 0.307692 16
10827 24 16 40 0.2 22
10828 37 2 39 0.897436 14
10829 44 7 51 0.72549 18
10830 8 16 24 -0.333333 14
10831 24 14 38 0.263158 17
10832 21 11 32 0.3125 16
10833 16 28 44 -0.272727 20
10834 32 5 37 0.72973 19
10835 10 35 45 -0.555556 18
10836 4 18 22 -0.636364 12
10837 41 3 44 0.863636 15
10838 29 1 30 0.933333 12
10839 8 40 48 -0.666667 16
10840 14 13 27 0.037037 16
10841 31 12 43 0.44186 16
10842 20 0 20 1 11
10843 41 2 43 0.906977 13
10844 14 16 30 -0.0666667 17
10845 10 21 31 -0.354839 14
10846 16 3 19 0.684211 13
10847 17 32 49 -0.306122 25
10848 8 28 36 -0.555556 15
10849 8 19 27 -0.407407 16
10850 7 16 23 -0.391304 11
10851 19 25 44 -0.136364 22
10852 46 4 50 0.84 15
10853 15 28 43 -0.302326 19
10854 35 6 41 0.707317 18
10855 15 6 21 0.428571 12
10856 3 32 35 -0.828571 13
10857 2 24 26 -0.846154 12
10858 20 16 36 0.111111 16
10859 22 1 23 0.913043 15
10860 1 31 32 -0.9375 10
10861 7 34 41 -0.658537 15
10862 3 26 29 -0.793103 15
10863 0 70 70 -1 16
10864 2 17 19 -0.789474 11
10865 3 26 29 -0.793103 12
10866 9 24 33 -0.454545 21
10867 13 14 27 -0.037037 18
10868 34 1 35 0.942857 12
10869 25 8 33 0.515152 18
10870 34 2 36 0.888889 12
10871 13 30 43 -0.395349 20
10872 6 46 52 -0.769231 18
10873 8 18 26 -0.384615 16
10874 5 28 33 -0.69697 17
10875 4 20 24 -0.666667 13
10876 9 29 38 -0.526316 20
10877 9 24 33 -0.454545 18
10878 12 5 17 0.411765 11
10879 15 16 31 -0.0322581 16
10880 11 19 30 -0.266667 17
10881 23 14 37 0.243243 18
10882 47 1 48 0.958333 8
10883 45 4 49 0.836735 17
10884 11 21 32 -0.3125 17
10885 15 23 38 -0.210526 17
10886 30 1 31 0.935484 15
10887 2 44 46 -0.913043 14
10888 7 36 43 -0.674419 17
10889 30 12 42 0.428571 20
10890 16 13 29 0.103448 14
10891 12 40 52 -0.538462 22
10892 38 0 38 1 10
10893 5 25 30 -0.666667 17
10894 15 10 25 0.2 16
10895 20 19 39 0.025641 21
10896 17 21 38 -0.105263 22
10897 36 2 38 0.894737 20
10898 22 3 25 0.76 16
10899 36 0 36 1 7
10900 38 10 48 0.583333 17
10901 1 49 50 -0.96 15
10902 1 28 29 -0.931034 11
10903 6 23 29 -0.586207 15
10904 23 4 27 0.703704 12
10905 10 28 38 -0.473684 18
10906 47 3 50 0.88 16
10907 10 11 21 -0.047619 11
10908 5 28 33 -0.69697 13
10909 8 24 32 -0.5 14
10910 21 14 35 0.2 19
10911 27 13 40 0.35 21
10912 2 27 29 -0.862069 11
10913 16 13 29 0.103448 16
10914 17 16 33 0.030303 22
10915 8 27 35 -0.542857 19
10916 28 8 36 0.555556 21
10917 8 22 30 -0.466667 12
10918 19 28 47 -0.191489 20
10919 24 0 24 1 12
10920 1 41 42 -0.952381 15
10921 8 33 41 -0.609756 14
10922 4 21 25 -0.68 14
10923 56 1 57 0.964912 12
10924 2 28 30 -0.866667 14
10925 46 4 50 0.84 13
10926 18 20 38 -0.0526316 16
10927 16 21 37 -0.135135 14
10928 7 38 45 -0.688889 18
10929 59 3 62 0.903226 14
10930 17 19 36 -0.0555556 22
10931 17 12 29 0.172414 14
10932 32 0 32 1 10
10933 21 16 37 0.135135 18
10934 25 17 42 0.190476 17
10935 15 7 22 0.363636 14
10936 10 11 21 -0.047619 10
10937 25 11 36 0.388889 18
10938 1 31 32 -0.9375 13
10939 11 24 35 -0.371429 17
10940 34 4 38 0.789474 17
10941 40 2 42 0.904762 14
10942 1 29 30 -0.933333 12
10943 31 11 42 0.47619 16
10944 35 6 41 0.707317 18
10945 2 14 16 -0.75 8
10946 11 29 40 -0.45 17
10947 17 8 25 0.36 16
10948 22 17 39 0.128205 20
10949 1 34 35 -0.942857 14
10950 15 18 33 -0.0909091 19
10951 7 26 33 -0.575758 15
10952 12 13 25 -0.04 14
10953 23 16 39 0.179487 20
10954 10 25 35 -0.428571 18
10955 52 3 55 0.890909 11
10956 16 15 31 0.0322581 18
10957 4 49 53 -0.849057 18
10958 24 10 34 0.411765 15
10959 25 8 33 0.515152 17
10960 12 19 31 -0.225806 18
10961 25 14 39 0.282051 20
10962 9 25 34 -0.470588 19
10963 33 3 36 0.833333 14
10964 19 22 41 -0.0731707 25
10965 11 24 35 -0.371429 20
10966 30 9 39 0.538462 17
10967 29 12 41 0.414634 15
10968 28 7 35 0.6 21
10969 3 40 43 -0.860465 5
10970 27 2 29 0.862069 15
10971 16 27 43 -0.255814 21
10972 36 21 57 0.263158 24
10973 9 11 20 -0.1 14
10974 17 21 38 -0.105263 16
10975 33 14 47 0.404255 19
10976 25 1 26 0.923077 14
10977 0 46 46 -1 10
10978 29 5 34 0.705882 18
10979 17 5 22 0.545455 12
10980 24 21 45 0.0666667 19
10981 11 23 34 -0.352941 19
10982 2 34 36 -0.888889 13
10983 34 5 39 0.74359 20
10984 28 5 33 0.69697 16
10985 14 19 33 -0.151515 18
10986 9 22 31 -0.419355 15
10987 9 21 30 -0.4 16
10988 18 19 37 -0.027027 20
10989 10 24 34 -0.411765 15
10990 40 2 42 0.904762 13
10991 18 14 32 0.125 14
10992 1 31 32 -0.9375 10
10993 36 5 41 0.756098 17
10994 12 7 19 0.263158 13
10995 9 22 31 -0.419355 18
10996 31 4 35 0.771429 12
10997 11 15 26 -0.153846 16
10998 1 40 41 -0.95122 16
10999 31 11 42 0.47619 17
11000 8 21 29 -0.448276 16
11001 27 10 37 0.459459 21
11002 11 18 29 -0.241379 14
11003 8 17 25 -0.36 16
11004 1 57 58 -0.965517 6
11005 29 7 36 0.611111 20
11006 4 26 30 -0.733333 20
11007 19 14 33 0.151515 15
11008 30 0 30 1 6
11009 26 4 30 0.733333 13
11010 28 12 40 0.4 17
11011 6 13 19 -0.368421 12
11012 6 25 31 -0.612903 16
11013 17 9 26 0.307692 17
11014 4 19 23 -0.652174 13
11015 10 17 27 -0.259259 20
11016 14 26 40 -0.3 22
11017 21 21 42 0 22
11018 28 6 34 0.647059 14
11019 4 36 40 -0.8 16
11020 22 7 29 0.517241 18
11021 36 1 37 0.945946 12
11022 24 7 31 0.548387 16
11023 12 16 28 -0.142857 17
11024 24 5 29 0.655172 14
11025 22 6 28 0.571429 13
11026 7 39 46 -0.695652 18
11027 35 3 38 0.842105 18
11028 1 36 37 -0.945946 11
11029 8 17 25 -0.36 17
11030 21 8 29 0.448276 13
11031 18 18 36 0 20
11032 2 54 56 -0.928571 12
11033 10 18 28 -0.285714 16
11034 31 8 39 0.589744 15
11035 4 19 23 -0.652174 14
11036 31 9 40 0.55 22
11037 40 3 43 0.860465 16
11038 1 36 37 -0.945946 12
11039 16 11 27 0.185185 15
11040 28 10 38 0.473684 20
11041 7 10 17 -0.176471 11
11042 31 2 33 0.878788 13
11043 33 2 35 0.885714 16
11044 10 1 11 0.818182 9
11045 28 11 39 0.435897 18
11046 16 24 40 -0.2 22
11047 5 13 18 -0.444444 7
11048 16 20 36 -0.111111 20
11049 9 21 30 -0.4 12
11050 37 3 40 0.85 8
11051 42 2 44 0.909091 13
11052 35 12 47 0.489362 21
11053 23 19 42 0.0952381 19
11054 31 0 31 1 15
11055 0 38 38 -1 10
11056 21 25 46 -0.0869565 21
11057 4 0 4 1 4
11058 3 33 36 -0.833333 13
11059 4 47 51 -0.843137 13
11060 2 43 45 -0.911111 12
11061 6 13 19 -0.368421 10
11062 26 11 37 0.405405 22
11063 22 14 36 0.222222 19
11064 19 11 30 0.266667 20
11065 15 19 34 -0.117647 19
11066 27 7 34 0.588235 14
11067 13 18 31 -0.16129 16
11068 16 19 35 -0.0857143 19
11069 8 22 30 -0.466667 14
11070 4 21 25 -0.68 10
11071 14 24 38 -0.263158 21
11072 24 10 34 0.411765 21
11073 12 19 31 -0.225806 19
11074 14 11 25 0.12 17
11075 9 12 21 -0.142857 15
11076 17 14 31 0.0967742 20
11077 23 18 41 0.121951 17
11078 0 17 17 -1 9
11079 3 30 33 -0.818182 16
11080 19 4 23 0.652174 15
11081 3 28 31 -0.806452 14
11082 17 18 35 -0.0285714 19
11083 3 34 37 -0.837838 16
11084 9 33 42 -0.571429 18
11085 1 28 29 -0.931034 17
11086 4 26 30 -0.733333 21
11087 13 17 30 -0.133333 17
11088 41 3 44 0.863636 19
11089 8 26 34 -0.529412 17
11090 22 11 33 0.333333 20
11091 33 3 36 0.833333 17
11092 16 4 20 0.6 13
11093 16 19 35 -0.0857143 17
11094 28 7 35 0.6 17
11095 0 26 26 -1 11
11096 42 3 45 0.866667 16
11097 24 8 32 0.5 16
11098 4 20 24 -0.666667 15
11099 8 26 34 -0.529412 20
11100 42 2 44 0.909091 15
11101 25 12 37 0.351351 20
11102 25 5 30 0.666667 16
11103 27 12 39 0.384615 22
11104 21 9 30 0.4 16
11105 13 11 24 0.0833333 16
11106 13 34 47 -0.446809 14
11107 35 5 40 0.75 12
11108 19 7 26 0.461538 16
11109 35 5 40 0.75 20
11110 9 24 33 -0.454545 17
11111 10 21 31 -0.354839 17
11112 31 9 40 0.55 21
11113 4 34 38 -0.789474 18
11114 15 7 22 0.363636 15
11115 25 13 38 0.315789 17
11116 2 36 38 -0.894737 15
11117 8 35 43 -0.627907 17
11118 16 13 29 0.103448 14
11119 29 6 35 0.657143 15
11120 23 27 50 -0.08 24
11121 11 13 24 -0.0833333 18
11122 0 30 30 -1 6
11123 13 7 20 0.3 13
11124 10 26 36 -0.444444 22
11125 49 0 49 1 12
11126 14 29 43 -0.348837 21
11127 18 20 38 -0.0526316 21
11128 38 1 39 0.948718 13
11129 4 28 32 -0.75 15
11130 4 26 30 -0.733333 18
11131 22 6 28 0.571429 13
11132 3 37 40 -0.85 18
11133 7 23 30 -0.533333 16
11134 17 8 25 0.36 16
11135 19 16 35 0.0857143 16
11136 27 2 29 0.862069 13
11137 41 1 42 0.952381 13
11138 18 22 40 -0.1 17
11139 19 6 25 0.52 16
11140 18 15 33 0.0909091 17
11141 10 21 31 -0.354839 18
11142 5 28 33 -0.69697 15
11143 15 9 24 0.25 15
11144 25 6 31 0.612903 16
11145 31 6 37 0.675676 16
11146 6 37 43 -0.72093 22
11147 11 17 28 -0.214286 18
11148 6 23 29 -0.586207 16
11149 10 28 38 -0.473684 21
11150 1 18 19 -0.894737 11
11151 0 13 13 -1 11
11152 8 48 56 -0.714286 15
11153 24 17 41 0.170732 20
11154 0 34 34 -1 9
11155 7 33 40 -0.65 17
11156 19 24 43 -0.116279 24
11157 29 16 45 0.288889 22
11158 25 16 41 0.219512 15
11159 1 16 17 -0.882353 6
11160 30 3 33 0.818182 12
11161 2 39 41 -0.902439 15
11162 41 1 42 0.952381 15
11163 47 3 50 0.88 16
11164 1 28 29 -0.931034 14
11165 8 31 39 -0.589744 20
11166 5 18 23 -0.565217 16
11167 14 20 34 -0.176471 20
11168 7 23 30 -0.533333 17
11169 9 26 35 -0.485714 12
11170 6 21 27 -0.555556 15
11171 1 47 48 -0.958333 18
11172 18 4 22 0.636364 15
11173 20 12 32 0.25 20
11174 11 19 30 -0.266667 15
11175 20 31 51 -0.215686 23
11176 2 7 9 -0.555556 7
11177 17 4 21 0.619048 14
11178 34 2 36 0.888889 13
11179 9 30 39 -0.538462 17
11180 29 9 38 0.526316 18
11181 18 16 34 0.0588235 21
11182 3 26 29 -0.793103 14
11183 19 21 40 -0.05 22
11184 6 41 47 -0.744681 12
11185 19 11 30 0.266667 18
11186 39 2 41 0.902439 7
11187 25 8 33 0.515152 12
11188 17 13 30 0.133333 17
11189 19 9 28 0.357143 18
11190 14 27 41 -0.317073 21
11191 8 29 37 -0.567568 17
11192 13 14 27 -0.037037 16
11193 12 39 51 -0.529412 18
11194 30 4 34 0.764706 12
11195 31 9 40 0.55 14
11196 17 15 32 0.0625 19
11197 17 3 20 0.7 12
11198 11 15 26 -0.153846 17
11199 11 32 43 -0.488372 22
11200 22 4 26 0.692308 17
11201 14 8 22 0.272727 14
11202 14 36 50 -0.44 16
11203 18 13 31 0.16129 19
11204 9 24 33 -0.454545 20
11205 20 14 34 0.176471 17
11206 16 6 22 0.454545 15
11207 31 2 33 0.878788 6
11208 7 32 39 -0.641026 14
11209 24 6 30 0.6 16
11210 19 20 39 -0.025641 19
11211 3 39 42 -0.857143 19
11212 22 18 40 0.1 19
11213 3 36 39 -0.846154 14
11214 6 11 17 -0.294118 11
11215 25 18 43 0.162791 14
11216 4 51 55 -0.854545 20
11217 19 9 28 0.357143 14
11218 22 20 42 0.047619 17
11219 34 4 38 0.789474 15
11220 27 13 40 0.35 23
11221 28 3 31 0.806452 14
11222 32 0 32 1 14
11223 0 34 34 -1 13
11224 38 10 48 0.583333 20
11225 43 3 46 0.869565 18
11226 2 38 40 -0.9 17
11227 5 30 35 -0.714286 13
11228 15 13 28 0.0714286 16
11229 36 9 45 0.6 20
11230 26 10 36 0.444444 20
11231 3 13 16 -0.625 9
11232 19 11 30 0.266667 17
11233 13 13 26 0 17
11234 24 11 35 0.371429 17
11235 7 31 38 -0.631579 20
11236 9 21 30 -0.4 18
11237 4 17 21 -0.619048 14
11238 28 11 39 0.435897 20
11239 15 3 18 0.666667 12
11240 13 36 49 -0.469388 27
11241 0 19 19 -1 7
11242 1 41 42 -0.952381 15
11243 21 23 44 -0.0454545 16
11244 20 18 38 0.0526316 19
11245 15 14 29 0.0344828 19
11246 15 19 34 -0.117647 14
11247 15 16 31 -0.0322581 17
11248 20 16 36 0.111111 15
11249 13 16 29 -0.103448 15
11250 23 16 39 0.179487 19
11251 20 10 30 0.333333 19
11252 13 17 30 -0.133333 16
11253 0 29 29 -1 15
11254 13 25 38 -0.315789 16
11255 35 0 35 1 13
11256 15 18 33 -0.0909091 17
11257 22 11 33 0.333333 17
11258 37 11 48 0.541667 21
11259 15 18 33 -0.0909091 14
11260 33 2 35 0.885714 19
11261 22 1 23 0.913043 11
11262 20 5 25 0.6 15
11263 20 18 38 0.0526316 19
11264 18 23 41 -0.121951 17
11265 19 20 39 -0.025641 19
11266 35 5 40 0.75 14
11267 2 39 41 -0.902439 16
11268 13 49 62 -0.580645 23
11269 23 10 33 0.393939 12
11270 18 11 29 0.241379 16
11271 14 5 19 0.473684 13
11272 22 3 25 0.76 12
11273 17 4 21 0.619048 12
11274 10 39 49 -0.591837 24
11275 18 8 26 0.384615 14
11276 20 5 25 0.6 11
11277 4 17 21 -0.619048 13
11278 8 28 36 -0.555556 17
11279 22 9 31 0.419355 20
11280 12 19 31 -0.225806 20
11281 2 27 29 -0.862069 15
11282 32 3 35 0.828571 11
11283 13 7 20 0.3 13
11284 50 2 52 0.923077 13
11285 12 18 30 -0.2 20
11286 24 0 24 1 10
11287 5 26 31 -0.677419 18
11288 12 24 36 -0.333333 18
11289 11 33 44 -0.5 14
11290 18 12 30 0.2 15
11291 36 15 51 0.411765 22
11292 40 6 46 0.73913 15
11293 32 5 37 0.72973 14
11294 29 5 34 0.705882 12
11295 32 3 35 0.828571 17
11296 1 29 30 -0.933333 13
11297 19 0 19 1 9
11298 13 17 30 -0.133333 16
11299 13 7 20 0.3 15
11300 31 4 35 0.771429 15
11301 22 6 28 0.571429 16
11302 23 6 29 0.586207 13
11303 19 14 33 0.151515 20
11304 7 39 46 -0.695652 14
11305 13 11 24 0.0833333 15
11306 21 16 37 0.135135 17
11307 28 15 43 0.302326 22
11308 36 12 48 0.5 17
11309 25 8 33 0.515152 18
11310 37 9 46 0.608696 14
11311 27 5 32 0.6875 16
11312 31 6 37 0.675676 18
11313 2 39 41 -0.902439 16
11314 23 8 31 0.483871 16
11315 25 4 29 0.724138 12
11316 24 0 24 1 11
11317 2 30 32 -0.875 11
11318 38 2 40 0.9 13
11319 3 37 40 -0.85 11
11320 14 17 31 -0.0967742 15
11321 4 33 37 -0.783784 18
11322 30 2 32 0.875 14
11323 7 35 42 -0.666667 13
11324 40 1 41 0.95122 15
11325 16 7 23 0.391304 14
11326 15 15 30 0 17
11327 2 33 35 -0.885714 15
11328 20 10 30 0.333333 12
11329 6 17 23 -0.478261 15
11330 25 11 36 0.388889 19
11331 11 16 27 -0.185185 16
11332 25 7 32 0.5625 19
11333 16 20 36 -0.111111 19
11334 13 7 20 0.3 15
11335 15 14 29 0.0344828 17
11336 2 28 30 -0.866667 15
11337 20 13 33 0.212121 16
11338 13 20 33 -0.212121 17
11339 7 19 26 -0.461538 13
11340 12 11 23 0.0434783 17
11341 20 7 27 0.481481 16
11342 37 1 38 0.947368 12
11343 13 24 37 -0.297297 17
11344 20 17 37 0.0810811 18
11345 32 6 38 0.684211 12
11346 9 19 28 -0.357143 17
11347 29 10 39 0.487179 22
11348 8 21 29 -0.448276 18
11349 20 17 37 0.0810811 23
11350 14 16 30 -0.0666667 17
11351 3 29 32 -0.8125 17
11352 42 2 44 0.909091 16
11353 13 30 43 -0.395349 17
11354 33 6 39 0.692308 15
11355 49 2 51 0.921569 13
11356 22 10 32 0.375 19
11357 0 29 29 -1 6
11358 22 6 28 0.571429 15
11359 12 17 29 -0.172414 18
11360 7 19 26 -0.461538 16
11361 23 9 32 0.4375 17
11362 20 13 33 0.212121 22
11363 24 13 37 0.297297 21
11364 9 23 32 -0.4375 15
11365 14 6 20 0.4 13
11366 48 7 55 0.745455 21
11367 26 8 34 0.529412 18
11368 32 8 40 0.6 11
11369 17 10 27 0.259259 15
11370 18 19 37 -0.027027 20
11371 36 4 40 0.8 18
11372 16 22 38 -0.157895 22
11373 22 14 36 0.222222 19
11374 2 23 25 -0.84 13
11375 33 5 38 0.736842 19
11376 5 27 32 -0.6875 15
11377 16 16 32 0 18
11378 14 39 53 -0.471698 21
11379 42 2 44 0.909091 17
11380 5 27 32 -0.6875 14
11381 5 29 34 -0.705882 17
11382 7 6 13 0.0769231 7
11383 1 27 28 -0.928571 15
11384 35 1 36 0.944444 16
11385 18 8 26 0.384615 14
11386 29 5 34 0.705882 19
11387 1 43 44 -0.954545 12
11388 11 26 37 -0.405405 16
11389 2 27 29 -0.862069 7
11390 15 14 29 0.0344828 13
11391 23 10 33 0.393939 17
11392 15 26 41 -0.268293 13
11393 19 18 37 0.027027 25
11394 50 0 50 1 16
11395 4 29 33 -0.757576 14
11396 7 33 40 -0.65 16
11397 12 22 34 -0.294118 18
11398 8 23 31 -0.483871 17
11399 4 31 35 -0.771429 15
11400 28 4 32 0.75 19
11401 24 5 29 0.655172 18
11402 26 10 36 0.444444 17
11403 7 37 44 -0.681818 19
11404 24 6 30 0.6 17
11405 27 5 32 0.6875 17
11406 12 12 24 0 13
11407 47 0 47 1 13
11408 9 12 21 -0.142857 13
11409 3 36 39 -0.846154 15
11410 23 6 29 0.586207 9
11411 24 4 28 0.714286 16
11412 20 14 34 0.176471 16
11413 19 18 37 0.027027 19
11414 14 20 34 -0.176471 19
11415 6 42 48 -0.75 19
11416 45 3 48 0.875 16
11417 9 14 23 -0.217391 16
11418 18 10 28 0.285714 15
11419 7 45 52 -0.730769 17
11420 9 35 44 -0.590909 20
11421 10 28 38 -0.473684 18
11422 38 3 41 0.853659 20
11423 3 28 31 -0.806452 15
11424 63 1 64 0.96875 20
11425 20 16 36 0.111111 18
11426 14 12 26 0.0769231 15
11427 15 22 37 -0.189189 16
11428 36 3 39 0.846154 15
11429 14 18 32 -0.125 18
11430 9 29 38 -0.526316 20
11431 35 7 42 0.666667 17
11432 15 20 35 -0.142857 18
11433 9 12 21 -0.142857 9
11434 32 0 32 1 13
11435 3 49 52 -0.884615 18
11436 13 16 29 -0.103448 22
11437 3 3 6 0 6
11438 24 7 31 0.548387 15
11439 7 17 24 -0.416667 14
11440 24 9 33 0.454545 16
11441 7 19 26 -0.461538 12
11442 22 3 25 0.76 14
11443 2 34 36 -0.888889 16
11444 23 3 26 0.769231 11
11445 29 14 43 0.348837 20
11446 19 12 31 0.225806 17
11447 3 35 38 -0.842105 15
11448 31 5 36 0.722222 17
11449 48 2 50 0.92 15
11450 31 3 34 0.823529 17
11451 12 7 19 0.263158 12
11452 7 13 20 -0.3 15
11453 2 26 28 -0.857143 16
11454 11 21 32 -0.3125 21
11455 28 2 30 0.866667 13
11456 17 18 35 -0.0285714 20
11457 5 25 30 -0.666667 14
11458 7 14 21 -0.333333 16
11459 10 29 39 -0.487179 21
11460 13 28 41 -0.365854 18
11461 28 9 37 0.513514 20
11462 15 28 43 -0.302326 19
11463 38 2 40 0.9 13
11464 14 22 36 -0.222222 20
11465 12 19 31 -0.225806 13
11466 33 3 36 0.833333 19
11467 10 26 36 -0.444444 19
11468 11 18 29 -0.241379 18
11469 17 4 21 0.619048 14
11470 29 8 37 0.567568 19
11471 41 2 43 0.906977 14
11472 4 43 47 -0.829787 16
11473 23 5 28 0.642857 17
11474 9 14 23 -0.217391 12
11475 24 8 32 0.5 20
11476 1 42 43 -0.953488 8
11477 22 9 31 0.419355 20
11478 37 6 43 0.72093 13
11479 11 24 35 -0.371429 17
11480 7 39 46 -0.695652 18
11481 9 21 30 -0.4 17
11482 4 31 35 -0.771429 16
11483 1 48 49 -0.959184 6
11484 16 28 44 -0.272727 18
11485 9 25 34 -0.470588 11
11486 21 12 33 0.272727 19
11487 13 19 32 -0.1875 21
11488 4 34 38 -0.789474 17
11489 0 45 45 -1 11
11490 17 5 22 0.545455 10
11491 24 12 36 0.333333 19
11492 22 19 41 0.0731707 19
11493 2 45 47 -0.914894 12
11494 14 24 38 -0.263158 18
11495 32 4 36 0.777778 16
11496 17 15 32 0.0625 16
11497 10 25 35 -0.428571 18
11498 45 4 49 0.836735 17
11499 20 4 24 0.666667 11
11500 26 19 45 0.155556 20
11501 8 8 16 0 11
11502 0 27 27 -1 15
11503 17 10 27 0.259259 13
11504 34 1 35 0.942857 13
11505 14 20 34 -0.176471 18
11506 3 21 24 -0.75 16
11507 1 32 33 -0.939394 10
11508 25 4 29 0.724138 15
11509 7 30 37 -0.621622 16
11510 21 21 42 0 21
11511 9 12 21 -0.142857 14
11512 8 22 30 -0.466667 13
11513 4 18 22 -0.636364 13
11514 5 43 48 -0.791667 16
11515 23 8 31 0.483871 16
11516 39 15 54 0.444444 21
11517 5 13 18 -0.444444 12
11518 25 5 30 0.666667 11
11519 20 18 38 0.0526316 23
11520 7 17 24 -0.416667 12
11521 9 25 34 -0.470588 18
11522 25 9 34 0.470588 17
11523 35 6 41 0.707317 16
11524 13 21 34 -0.235294 18
11525 8 18 26 -0.384615 10
11526 2 31 33 -0.878788 13
11527 9 20 29 -0.37931 15
11528 22 7 29 0.517241 19
11529 11 13 24 -0.0833333 11
11530 22 17 39 0.128205 24
11531 33 1 34 0.941176 10
11532 44 1 45 0.955556 12
11533 26 1 27 0.925926 15
11534 2 40 42 -0.904762 14
11535 10 30 40 -0.5 21
11536 32 2 34 0.882353 15
11537 24 6 30 0.6 14
11538 7 28 35 -0.6 17
11539 12 31 43 -0.44186 22
11540 23 9 32 0.4375 17
11541 12 21 33 -0.272727 16
11542 12 23 35 -0.314286 18
11543 24 4 28 0.714286 14
11544 11 23 34 -0.352941 19
11545 13 21 34 -0.235294 16
11546 24 2 26 0.846154 13
11547 23 4 27 0.703704 15
11548 26 14 40 0.3 21
11549 1 31 32 -0.9375 14
11550 2 41 43 -0.906977 13
11551 7 30 37 -0.621622 15
11552 19 20 39 -0.025641 17
11553 19 22 41 -0.0731707 16
11554 26 16 42 0.238095 23
11555 11 26 37 -0.405405 17
11556 27 24 51 0.0588235 17
11557 43 4 47 0.829787 14
11558 29 7 36 0.611111 16
11559 24 9 33 0.454545 13
11560 29 7 36 0.611111 15
11561 11 42 53 -0.584906 18
11562 29 8 37 0.567568 16
11563 3 32 35 -0.828571 12
11564 8 17 25 -0.36 15
11565 36 0 36 1 7
11566 20 22 42 -0.047619 20
11567 10 21 31 -0.354839 21
11568 0 31 31 -1 8
11569 9 36 45 -0.6 16
11570 42 1 43 0.953488 18
11571 35 4 39 0.794872 17
11572 10 22 32 -0.375 15
11573 24 15 39 0.230769 19
11574 12 20 32 -0.25 16
11575 8 26 34 -0.529412 19
11576 8 40 48 -0.666667 19
11577 27 10 37 0.459459 14
11578 27 8 35 0.542857 20
11579 18 10 28 0.285714 15
11580 22 18 40 0.1 19
11581 32 6 38 0.684211 16
11582 4 24 28 -0.714286 15
11583 4 25 29 -0.724138 18
11584 21 16 37 0.135135 25
11585 21 12 33 0.272727 19
11586 12 16 28 -0.142857 19
11587 17 24 41 -0.170732 19
11588 21 6 27 0.555556 13
11589 33 14 47 0.404255 22
11590 47 1 48 0.958333 12
11591 2 39 41 -0.902439 16
11592 25 13 38 0.315789 18
11593 6 48 54 -0.777778 17
11594 14 22 36 -0.222222 22
11595 32 3 35 0.828571 13
11596 8 9 17 -0.0588235 12
11597 13 33 46 -0.434783 17
11598 51 0 51 1 12
11599 24 19 43 0.116279 21
11600 12 20 32 -0.25 14
11601 4 22 26 -0.692308 13
11602 32 11 43 0.488372 20
11603 16 10 26 0.230769 18
11604 15 29 44 -0.318182 20
11605 4 1 5 0.6 5
11606 7 18 25 -0.44 10
11607 10 27 37 -0.459459 14
11608 2 21 23 -0.826087 10
11609 4 41 45 -0.822222 17
11610 6 23 29 -0.586207 18
11611 36 1 37 0.945946 14
11612 4 37 41 -0.804878 17
11613 3 28 31 -0.806452 16
11614 29 13 42 0.380952 18
11615 4 44 48 -0.833333 15
11616 10 19 29 -0.310345 18
11617 2 31 33 -0.878788 16
11618 27 14 41 0.317073 20
11619 23 16 39 0.179487 23
11620 18 14 32 0.125 22
11621 3 25 28 -0.785714 13
11622 4 21 25 -0.68 14
11623 40 1 41 0.95122 14
11624 28 14 42 0.333333 18
11625 20 21 41 -0.0243902 19
11626 25 1 26 0.923077 12
11627 4 19 23 -0.652174 10
11628 16 10 26 0.230769 18
11629 9 22 31 -0.419355 18
11630 0 39 39 -1 14
11631 12 21 33 -0.272727 19
11632 31 7 38 0.631579 14
11633 4 18 22 -0.636364 15
11634 5 41 46 -0.782609 15
11635 22 5 27 0.62963 17
11636 9 33 42 -0.571429 17
11637 18 21 39 -0.0769231 20
11638 24 9 33 0.454545 15
11639 41 3 44 0.863636 20
11640 31 3 34 0.823529 11
11641 4 35 39 -0.794872 17
11642 16 10 26 0.230769 13
11643 1 19 20 -0.9 11
11644 36 1 37 0.945946 10
11645 2 47 49 -0.918367 12
11646 6 46 52 -0.769231 15
11647 29 6 35 0.657143 15
11648 1 18 19 -0.894737 11
11649 16 7 23 0.391304 15
11650 4 37 41 -0.804878 13
11651 15 14 29 0.0344828 14
11652 27 4 31 0.741935 12
11653 4 36 40 -0.8 18
11654 5 30 35 -0.714286 17
11655 5 16 21 -0.52381 14
11656 14 11 25 0.12 18
11657 7 14 21 -0.333333 16
11658 7 20 27 -0.481481 19
11659 24 10 34 0.411765 17
11660 35 13 48 0.458333 16
11661 17 10 27 0.259259 16
11662 16 14 30 0.0666667 18
11663 12 17 29 -0.172414 14
11664 16 11 27 0.185185 15
11665 9 24 33 -0.454545 16
11666 15 19 34 -0.117647 19
11667 6 24 30 -0.6 14
11668 21 7 28 0.5 11
11669 6 31 37 -0.675676 16
11670 3 20 23 -0.73913 12
11671 6 16 22 -0.454545 16
11672 21 21 42 0 21
11673 0 46 46 -1 13
11674 32 3 35 0.828571 13
11675 28 2 30 0.866667 9
11676 22 16 38 0.157895 18
11677 25 30 55 -0.0909091 21
11678 14 16 30 -0.0666667 15
11679 24 5 29 0.655172 13
11680 24 13 37 0.297297 18
11681 42 2 44 0.909091 12
11682 8 20 28 -0.428571 13
11683 13 28 41 -0.365854 19
11684 37 6 43 0.72093 14
11685 25 4 29 0.724138 14
11686 19 2 21 0.809524 11
11687 23 8 31 0.483871 18
11688 9 25 34 -0.470588 21
11689 46 2 48 0.916667 15
11690 20 17 37 0.0810811 22
11691 23 4 27 0.703704 14
11692 16 23 39 -0.179487 13
11693 16 19 35 -0.0857143 24
11694 30 4 34 0.764706 12
11695 9 26 35 -0.485714 19
11696 29 3 32 0.8125 15
11697 31 4 35 0.771429 14
11698 42 1 43 0.953488 10
11699 7 27 34 -0.588235 18
11700 28 10 38 0.473684 20
11701 5 28 33 -0.69697 19
11702 12 15 27 -0.111111 15
11703 2 27 29 -0.862069 13
11704 9 17 26 -0.307692 17
11705 22 10 32 0.375 17
11706 10 36 46 -0.565217 21
11707 14 17 31 -0.0967742 19
11708 42 6 48 0.75 15
11709 19 33 52 -0.269231 20
11710 17 31 48 -0.291667 21
11711 21 13 34 0.235294 19
11712 9 34 43 -0.581395 16
11713 11 12 23 -0.0434783 15
11714 1 57 58 -0.965517 17
11715 17 23 40 -0.15 20
11716 13 29 42 -0.380952 20
11717 12 11 23 0.0434783 15
11718 7 28 35 -0.6 18
11719 10 36 46 -0.565217 20
11720 10 27 37 -0.459459 18
11721 9 25 34 -0.470588 17
11722 4 33 37 -0.783784 18
11723 1 40 41 -0.95122 17
11724 9 23 32 -0.4375 14
11725 3 31 34 -0.823529 18
11726 13 21 34 -0.235294 15
11727 17 6 23 0.478261 16
11728 19 22 41 -0.0731707 16
11729 13 16 29 -0.103448 16
11730 41 0 41 1 7
11731 32 5 37 0.72973 18
11732 53 3 56 0.892857 17
11733 12 24 36 -0.333333 19
11734 5 38 43 -0.767442 19
11735 22 14 36 0.222222 17
11736 7 30 37 -0.621622 20
11737 9 32 41 -0.560976 17
11738 26 11 37 0.405405 21
11739 23 14 37 0.243243 19
11740 23 14 37 0.243243 19
11741 36 2 38 0.894737 14
11742 36 9 45 0.6 19
11743 12 13 25 -0.04 11
11744 7 18 25 -0.44 14
11745 11 19 30 -0.266667 18
11746 14 19 33 -0.151515 17
11747 19 33 52 -0.269231 28
11748 3 37 40 -0.85 18
11749 13 35 48 -0.458333 23
11750 19 1 20 0.9 8
11751 12 27 39 -0.384615 17
11752 4 22 26 -0.692308 12
11753 18 10 28 0.285714 21
11754 34 4 38 0.789474 15
11755 23 6 29 0.586207 14
11756 2 31 33 -0.878788 16
11757 8 28 36 -0.555556 12
11758 2 26 28 -0.857143 16
11759 35 6 41 0.707317 16
11760 30 16 46 0.304348 22
11761 19 9 28 0.357143 15
11762 5 21 26 -0.615385 13
11763 28 8 36 0.555556 15
11764 15 6 21 0.428571 17
11765 1 50 51 -0.960784 17
11766 14 21 35 -0.2 22
11767 15 17 32 -0.0625 19
11768 11 16 27 -0.185185 17
11769 14 4 18 0.555556 13
11770 4 38 42 -0.809524 15
11771 31 2 33 0.878788 14
11772 40 2 42 0.904762 17
11773 16 5 21 0.52381 15
11774 8 23 31 -0.483871 15
11775 1 36 37 -0.945946 7
11776 7 27 34 -0.588235 17
11777 12 12 24 0 15
11778 5 37 42 -0.761905 13
11779 17 18 35 -0.0285714 20
11780 10 13 23 -0.130435 14
11781 14 28 42 -0.333333 19
11782 15 23 38 -0.210526 22
11783 23 14 37 0.243243 20
11784 2 36 38 -0.894737 15
11785 3 36 39 -0.846154 14
11786 4 33 37 -0.783784 16
11787 34 3 37 0.837838 15
11788 52 1 53 0.962264 7
11789 22 0 22 1 11
11790 40 9 49 0.632653 19
11791 33 8 41 0.609756 21
11792 2 13 15 -0.733333 10
11793 6 39 45 -0.733333 15
11794 30 4 34 0.764706 17
11795 6 16 22 -0.454545 12
11796 2 47 49 -0.918367 19
11797 22 15 37 0.189189 23
11798 6 16 22 -0.454545 15
11799 4 29 33 -0.757576 14
11800 25 7 32 0.5625 17
11801 28 17 45 0.244444 20
11802 12 21 33 -0.272727 16
11803 8 23 31 -0.483871 16
11804 1 38 39 -0.948718 15
11805 38 8 46 0.652174 21
11806 6 35 41 -0.707317 19
11807 17 17 34 0 15
11808 19 4 23 0.652174 14
11809 15 23 38 -0.210526 19
11810 11 30 41 -0.463415 20
11811 3 26 29 -0.793103 15
11812 38 11 49 0.55102 20
11813 3 26 29 -0.793103 10
11814 19 21 40 -0.05 17
11815 7 46 53 -0.735849 21
11816 27 8 35 0.542857 15
11817 9 28 37 -0.513514 20
11818 0 33 33 -1 11
11819 22 2 24 0.833333 9
11820 8 25 33 -0.515152 15
11821 41 7 48 0.708333 20
11822 11 25 36 -0.388889 21
11823 12 10 22 0.0909091 8
11824 20 11 31 0.290323 17
11825 27 6 33 0.636364 17
11826 18 18 36 0 17
11827 20 2 22 0.818182 11
11828 3 28 31 -0.806452 14
11829 23 2 25 0.84 13
11830 10 22 32 -0.375 17
11831 16 9 25 0.28 13
11832 17 14 31 0.0967742 17
11833 10 22 32 -0.375 20
11834 36 1 37 0.945946 11
11835 14 26 40 -0.3 17
11836 4 45 49 -0.836735 17
11837 11 17 28 -0.214286 20
11838 11 17 28 -0.214286 13
11839 20 10 30 0.333333 13
11840 36 4 40 0.8 20
11841 42 10 52 0.615385 23
11842 5 29 34 -0.705882 12
11843 16 29 45 -0.288889 16
11844 10 16 26 -0.230769 20
11845 17 25 42 -0.190476 16
11846 2 34 36 -0.888889 15
11847 15 21 36 -0.166667 20
11848 8 36 44 -0.636364 20
11849 31 7 38 0.631579 17
11850 4 25 29 -0.724138 14
11851 47 3 50 0.88 19
11852 24 3 27 0.777778 15
11853 46 9 55 0.672727 21
11854 33 13 46 0.434783 25
11855 21 19 40 0.05 20
11856 3 39 42 -0.857143 14
11857 19 1 20 0.9 10
11858 1 38 39 -0.948718 15
11859 8 15 23 -0.304348 15
11860 8 19 27 -0.407407 15
11861 3 26 29 -0.793103 15
11862 3 22 25 -0.76 14
11863 6 13 19 -0.368421 11
11864 45 3 48 0.875 16
11865 21 19 40 0.05 17
11866 2 22 24 -0.833333 10
11867 11 15 26 -0.153846 19
11868 20 16 36 0.111111 16
11869 3 42 45 -0.866667 16
11870 16 18 34 -0.0588235 17
11871 21 18 39 0.0769231 19
11872 17 16 33 0.030303 15
11873 19 9 28 0.357143 15
11874 13 20 33 -0.212121 18
11875 4 28 32 -0.75 13
11876 24 18 42 0.142857 16
11877 12 15 27 -0.111111 18
11878 29 3 32 0.8125 17
11879 5 40 45 -0.777778 16
11880 25 8 33 0.515152 18
11881 4 33 37 -0.783784 19
11882 8 36 44 -0.636364 19
11883 7 27 34 -0.588235 11
11884 10 15 25 -0.2 12
11885 4 29 33 -0.757576 11
11886 16 26 42 -0.238095 19
11887 2 31 33 -0.878788 14
11888 1 46 47 -0.957447 12
11889 24 8 32 0.5 18
11890 7 17 24 -0.416667 17
11891 8 37 45 -0.644444 21
11892 33 4 37 0.783784 19
11893 52 3 55 0.890909 14
11894 2 39 41 -0.902439 12
11895 24 11 35 0.371429 14
11896 9 22 31 -0.419355 20
11897 29 5 34 0.705882 18
11898 16 5 21 0.52381 9
11899 18 14 32 0.125 16
11900 34 15 49 0.387755 16
11901 9 21 30 -0.4 13
11902 12 23 35 -0.314286 22
11903 21 11 32 0.3125 18
11904 29 7 36 0.611111 16
11905 45 4 49 0.836735 16
11906 0 28 28 -1 14
11907 25 13 38 0.315789 18
11908 13 14 27 -0.037037 17
11909 45 2 47 0.914894 11
11910 22 13 35 0.257143 17
11911 1 30 31 -0.935484 12
11912 1 39 40 -0.95 18
11913 1 26 27 -0.925926 8
11914 34 7 41 0.658537 18
11915 31 7 38 0.631579 20
11916 15 12 27 0.111111 17
11917 12 15 27 -0.111111 16
11918 13 22 35 -0.257143 22
11919 3 45 48 -0.875 16
11920 3 29 32 -0.8125 15
11921 5 18 23 -0.565217 15
11922 3 23 26 -0.769231 17
11923 33 1 34 0.941176 12
11924 4 36 40 -0.8 17
11925 27 6 33 0.636364 15
11926 18 7 25 0.44 17
11927 6 43 49 -0.755102 15
11928 35 1 36 0.944444 13
11929 13 29 42 -0.380952 19
11930 26 7 33 0.575758 17
11931 17 12 29 0.172414 15
11932 19 21 40 -0.05 19
11933 9 22 31 -0.419355 16
11934 11 17 28 -0.214286 20
11935 33 11 44 0.5 17
11936 39 4 43 0.813953 17
11937 35 6 41 0.707317 19
11938 44 7 51 0.72549 12
11939 36 2 38 0.894737 14
11940 43 2 45 0.911111 15
11941 58 0 58 1 14
11942 31 10 41 0.512195 20
11943 8 49 57 -0.719298 15
11944 17 12 29 0.172414 16
11945 21 4 25 0.68 13
11946 30 2 32 0.875 8
11947 7 32 39 -0.641026 12
11948 47 0 47 1 11
11949 42 7 49 0.714286 23
11950 8 38 46 -0.652174 19
11951 26 11 37 0.405405 18
11952 9 26 35 -0.485714 17
11953 10 19 29 -0.310345 15
11954 6 29 35 -0.657143 20
11955 33 4 37 0.783784 10
11956 6 36 42 -0.714286 15
11957 22 16 38 0.157895 18
11958 2 16 18 -0.777778 10
11959 35 0 35 1 9
11960 1 37 38 -0.947368 18
11961 11 21 32 -0.3125 18
11962 6 16 22 -0.454545 14
11963 8 23 31 -0.483871 19
11964 11 20 31 -0.290323 16
11965 33 3 36 0.833333 11
11966 20 10 30 0.333333 17
11967 29 2 31 0.870968 13
11968 1 41 42 -0.952381 18
11969 2 31 33 -0.878788 13
11970 30 2 32 0.875 11
11971 33 10 43 0.534884 17
11972 20 9 29 0.37931 17
11973 28 8 36 0.555556 17
11974 19 20 39 -0.025641 19
11975 27 0 27 1 14
11976 30 1 31 0.935484 13
11977 18 10 28 0.285714 19
11978 22 27 49 -0.102041 20
11979 5 30 35 -0.714286 17
11980 2 40 42 -0.904762 13
11981 21 5 26 0.615385 11
11982 1 38 39 -0.948718 16
11983 7 30 37 -0.621622 16
11984 13 11 24 0.0833333 13
11985 14 21 35 -0.2 15
11986 13 21 34 -0.235294 13
11987 11 48 59 -0.627119 22
11988 1 26 27 -0.925926 11
11989 13 24 37 -0.297297 15
11990 14 4 18 0.555556 10
11991 3 24 27 -0.777778 14
11992 5 30 35 -0.714286 13
11993 22 14 36 0.222222 17
11994 3 33 36 -0.833333 17
11995 16 25 41 -0.219512 21
11996 25 4 29 0.724138 12
11997 16 15 31 0.0322581 15
11998 12 22 34 -0.294118 14
11999 27 6 33 0.636364 17
12000 18 4 22 0.636364 14
12001 50 6 56 0.785714 18
12002 15 8 23 0.304348 13
12003 30 6 36 0.666667 18
12004 3 49 52 -0.884615 13
12005 4 29 33 -0.757576 16
12006 7 32 39 -0.641026 13
12007 33 8 41 0.609756 17
12008 10 22 32 -0.375 20
12009 41 1 42 0.952381 10
12010 24 12 36 0.333333 20
12011 5 15 20 -0.5 15
12012 21 7 28 0.5 14
12013 15 13 28 0.0714286 19
12014 22 3 25 0.76 12
12015 0 38 38 -1 8
12016 3 23 26 -0.769231 14
12017 0 34 34 -1 7
12018 0 32 32 -1 11
12019 36 3 39 0.846154 12
12020 4 35 39 -0.794872 19
12021 11 8 19 0.157895 13
12022 9 16 25 -0.28 18
12023 18 5 23 0.565217 11
12024 4 25 29 -0.724138 19
12025 11 28 39 -0.435897 18
12026 3 22 25 -0.76 12
12027 16 26 42 -0.238095 17
12028 27 6 33 0.636364 12
12029 26 10 36 0.444444 18
12030 25 7 32 0.5625 18
12031 35 3 38 0.842105 12
12032 30 5 35 0.714286 18
12033 26 13 39 0.333333 12
12034 28 3 31 0.806452 15
12035 45 5 50 0.8 18
12036 14 23 37 -0.243243 18
12037 1 43 44 -0.954545 17
12038 7 21 28 -0.5 16
12039 9 27 36 -0.5 18
12040 45 2 47 0.914894 11
12041 21 15 36 0.166667 15
12042 9 19 28 -0.357143 18
12043 2 38 40 -0.9 12
12044 8 12 20 -0.2 14
12045 41 1 42 0.952381 14
12046 8 42 50 -0.68 15
12047 16 3 19 0.684211 11
12048 8 26 34 -0.529412 20
12049 41 6 47 0.744681 19
12050 29 5 34 0.705882 15
12051 1 36 37 -0.945946 13
12052 30 4 34 0.764706 12
12053 33 10 43 0.534884 21
12054 24 12 36 0.333333 16
12055 11 25 36 -0.388889 14
12056 24 1 25 0.92 14
12057 10 22 32 -0.375 10
12058 9 16 25 -0.28 14
12059 10 26 36 -0.444444 13
12060 20 11 31 0.290323 18
12061 9 29 38 -0.526316 20
12062 12 14 26 -0.0769231 15
12063 40 2 42 0.904762 16
12064 45 2 47 0.914894 18
12065 6 35 41 -0.707317 21
12066 45 5 50 0.8 13
12067 21 14 35 0.2 21
12068 22 9 31 0.419355 18
12069 6 40 46 -0.73913 15
12070 4 28 32 -0.75 16
12071 12 39 51 -0.529412 21
12072 21 11 32 0.3125 12
12073 42 2 44 0.909091 12
12074 19 9 28 0.357143 14
12075 10 13 23 -0.130435 11
12076 1 40 41 -0.95122 17
12077 0 35 35 -1 12
12078 43 2 45 0.911111 14
12079 31 9 40 0.55 12
12080 34 13 47 0.446809 17
12081 4 46 50 -0.84 18
12082 19 6 25 0.52 15
12083 22 14 36 0.222222 20
12084 7 23 30 -0.533333 13
12085 2 20 22 -0.818182 13
12086 16 23 39 -0.179487 25
12087 9 8 17 0.0588235 12
12088 5 26 31 -0.677419 13
12089 30 17 47 0.276596 19
12090 39 3 42 0.857143 19
12091 16 10 26 0.230769 19
12092 1 20 21 -0.904762 11
12093 18 25 43 -0.162791 23
12094 15 6 21 0.428571 11
12095 7 21 28 -0.5 15
12096 2 27 29 -0.862069 12
12097 3 19 22 -0.727273 13
12098 33 4 37 0.783784 17
12099 31 6 37 0.675676 18
12100 15 14 29 0.0344828 17
12101 4 25 29 -0.724138 14
12102 13 24 37 -0.297297 17
12103 46 4 50 0.84 20
12104 15 24 39 -0.230769 18
12105 3 36 39 -0.846154 19
12106 23 26 49 -0.0612245 19
12107 7 23 30 -0.533333 14
12108 6 29 35 -0.657143 20
12109 2 14 16 -0.75 6
12110 2 28 30 -0.866667 14
12111 37 11 48 0.541667 19
12112 1 27 28 -0.928571 16
12113 19 12 31 0.225806 17
12114 62 3 65 0.907692 12
12115 2 37 39 -0.897436 12
12116 14 13 27 0.037037 16
12117 20 15 35 0.142857 18
12118 31 1 32 0.9375 13
12119 8 27 35 -0.542857 21
12120 37 1 38 0.947368 12
12121 25 14 39 0.282051 19
12122 30 11 41 0.463415 21
12123 26 4 30 0.733333 17
12124 28 15 43 0.302326 16
12125 26 13 39 0.333333 18
12126 9 12 21 -0.142857 14
12127 12 20 32 -0.25 17
12128 0 9 9 -1 4
12129 7 37 44 -0.681818 19
12130 23 0 23 1 13
12131 29 3 32 0.8125 13
12132 22 17 39 0.128205 19
12133 20 3 23 0.73913 9
12134 4 24 28 -0.714286 13
12135 16 23 39 -0.179487 16
12136 15 3 18 0.666667 12
12137 41 0 41 1 11
12138 35 0 35 1 14
12139 3 44 47 -0.87234 16
12140 12 26 38 -0.368421 18
12141 24 7 31 0.548387 16
12142 16 24 40 -0.2 20
12143 30 1 31 0.935484 14
12144 19 8 27 0.407407 11
12145 29 16 45 0.288889 18
12146 5 51 56 -0.821429 14
12147 30 12 42 0.428571 20
12148 37 9 46 0.608696 16
12149 9 23 32 -0.4375 19
12150 10 27 37 -0.459459 16
12151 12 21 33 -0.272727 16
12152 25 7 32 0.5625 19
12153 18 4 22 0.636364 11
12154 38 5 43 0.767442 11
12155 18 19 37 -0.027027 14
12156 19 29 48 -0.208333 16
12157 21 12 33 0.272727 17
12158 15 17 32 -0.0625 20
12159 1 27 28 -0.928571 12
12160 20 16 36 0.111111 16
12161 7 14 21 -0.333333 10
12162 12 12 24 0 17
12163 12 22 34 -0.294118 20
12164 11 21 32 -0.3125 19
12165 32 6 38 0.684211 16
12166 31 10 41 0.512195 19
12167 9 33 42 -0.571429 22
12168 2 31 33 -0.878788 14
12169 27 19 46 0.173913 24
12170 20 12 32 0.25 15
12171 24 10 34 0.411765 19
12172 14 24 38 -0.263158 14
12173 30 11 41 0.463415 20
12174 8 19 27 -0.407407 11
12175 0 38 38 -1 13
12176 35 9 44 0.590909 17
12177 13 22 35 -0.257143 17
12178 2 31 33 -0.878788 18
12179 1 31 32 -0.9375 14
12180 10 22 32 -0.375 12
12181 2 5 7 -0.428571 5
12182 23 15 38 0.210526 18
12183 8 22 30 -0.466667 17
12184 32 7 39 0.641026 16
12185 5 23 28 -0.642857 15
12186 17 7 24 0.416667 15
12187 10 22 32 -0.375 16
12188 2 35 37 -0.891892 16
12189 7 34 41 -0.658537 17
12190 5 38 43 -0.767442 21
12191 17 17 34 0 23
12192 2 41 43 -0.906977 11
12193 38 5 43 0.767442 18
12194 7 1 8 0.75 6
12195 29 5 34 0.705882 17
12196 14 21 35 -0.2 21
12197 19 8 27 0.407407 17
12198 6 16 22 -0.454545 16
12199 48 4 52 0.846154 17
12200 23 4 27 0.703704 12
12201 27 5 32 0.6875 15
12202 46 1 47 0.957447 15
12203 0 37 37 -1 14
12204 11 10 21 0.047619 9
12205 9 9 18 0 13
12206 13 11 24 0.0833333 16
12207 7 31 38 -0.631579 15
12208 14 12 26 0.0769231 15
12209 7 25 32 -0.5625 18
12210 12 15 27 -0.111111 16
12211 29 6 35 0.657143 14
12212 16 22 38 -0.157895 16
12213 38 0 38 1 13
12214 45 0 45 1 16
12215 1 17 18 -0.888889 7
12216 30 3 33 0.818182 17
12217 10 30 40 -0.5 20
12218 25 12 37 0.351351 17
12219 28 5 33 0.69697 15
12220 20 18 38 0.0526316 17
12221 22 2 24 0.833333 11
12222 0 29 29 -1 11
12223 29 3 32 0.8125 17
12224 12 28 40 -0.4 17
12225 12 15 27 -0.111111 17
12226 17 13 30 0.133333 17
12227 1 29 30 -0.933333 15
12228 11 15 26 -0.153846 13
12229 36 10 46 0.565217 17
12230 10 19 29 -0.310345 16
12231 17 11 28 0.214286 15
12232 17 13 30 0.133333 19
12233 6 36 42 -0.714286 16
12234 1 28 29 -0.931034 14
12235 19 4 23 0.652174 11
12236 33 4 37 0.783784 17
12237 49 3 52 0.884615 10
12238 40 1 41 0.95122 16
12239 34 7 41 0.658537 12
12240 4 35 39 -0.794872 15
12241 21 13 34 0.235294 18
12242 33 3 36 0.833333 13
12243 33 4 37 0.783784 16
12244 3 31 34 -0.823529 13
12245 34 9 43 0.581395 14
12246 43 11 54 0.592593 16
12247 13 22 35 -0.257143 15
12248 9 9 18 0 10
12249 56 2 58 0.931034 10
12250 32 6 38 0.684211 12
12251 17 23 40 -0.15 16
12252 5 17 22 -0.545455 12
12253 16 20 36 -0.111111 18
12254 18 6 24 0.5 13
12255 11 6 17 0.294118 10
12256 7 14 21 -0.333333 10
12257 18 27 45 -0.2 18
12258 21 3 24 0.75 12
12259 9 38 47 -0.617021 15
12260 6 42 48 -0.75 14
12261 26 0 26 1 10
12262 11 36 47 -0.531915 17
12263 14 14 28 0 17
12264 17 20 37 -0.0810811 17
12265 12 26 38 -0.368421 21
12266 2 42 44 -0.909091 13
12267 8 14 22 -0.272727 9
12268 34 1 35 0.942857 12
12269 14 26 40 -0.3 20
12270 4 31 35 -0.771429 15
12271 2 40 42 -0.904762 19
12272 4 20 24 -0.666667 16
12273 12 28 40 -0.4 20
12274 19 9 28 0.357143 11
12275 19 13 32 0.1875 16
12276 6 29 35 -0.657143 20
12277 9 30 39 -0.538462 22
12278 5 38 43 -0.767442 16
12279 8 13 21 -0.238095 15
12280 11 8 19 0.157895 10
12281 3 15 18 -0.666667 7
12282 0 53 53 -1 16
12283 4 38 42 -0.809524 16
12284 0 21 21 -1 7
12285 21 3 24 0.75 14
12286 19 12 31 0.225806 14
12287 46 0 46 1 16
12288 4 23 27 -0.703704 12
12289 17 21 38 -0.105263 19
12290 18 17 35 0.0285714 17
12291 36 13 49 0.469388 20
12292 16 12 28 0.142857 16
12293 60 2 62 0.935484 15
12294 29 7 36 0.611111 21
12295 1 34 35 -0.942857 16
12296 29 2 31 0.870968 10
12297 22 14 36 0.222222 19
12298 2 37 39 -0.897436 11
12299 29 9 38 0.526316 14
12300 42 5 47 0.787234 12
12301 49 2 51 0.921569 14
12302 29 9 38 0.526316 17
12303 10 27 37 -0.459459 14
12304 4 22 26 -0.692308 13
12305 19 8 27 0.407407 13
12306 10 24 34 -0.411765 16
12307 20 4 24 0.666667 17
12308 4 36 40 -0.8 19
12309 42 4 46 0.826087 14
12310 39 3 42 0.857143 18
12311 9 28 37 -0.513514 17
12312 30 10 40 0.5 17
12313 29 20 49 0.183673 25
12314 3 42 45 -0.866667 14
12315 20 19 39 0.025641 15
12316 8 24 32 -0.5 14
12317 35 3 38 0.842105 14
12318 24 17 41 0.170732 17
12319 21 5 26 0.615385 12
12320 4 29 33 -0.757576 14
12321 15 26 41 -0.268293 13
12322 21 14 35 0.2 19
12323 7 19 26 -0.461538 15
12324 18 16 34 0.0588235 17
12325 4 22 26 -0.692308 14
12326 34 1 35 0.942857 10
12327 5 28 33 -0.69697 13
12328 4 22 26 -0.692308 11
12329 31 2 33 0.878788 12
12330 3 16 19 -0.684211 10
12331 14 29 43 -0.348837 15
12332 1 34 35 -0.942857 15
12333 14 12 26 0.0769231 19
12334 25 5 30 0.666667 16
12335 34 3 37 0.837838 15
12336 20 16 36 0.111111 24
12337 40 7 47 0.702128 17
12338 31 12 43 0.44186 23
12339 29 18 47 0.234043 19
12340 37 3 40 0.85 17
12341 8 25 33 -0.515152 17
12342 9 18 27 -0.333333 15
12343 7 19 26 -0.461538 17
12344 23 1 24 0.916667 16
12345 10 27 37 -0.459459 19
12346 7 12 19 -0.263158 13
12347 34 1 35 0.942857 16
12348 29 13 42 0.380952 23
12349 9 15 24 -0.25 15
12350 4 26 30 -0.733333 14
12351 24 9 33 0.454545 15
12352 29 3 32 0.8125 15
12353 31 1 32 0.9375 15
12354 25 16 41 0.219512 19
12355 15 5 20 0.5 13
12356 7 33 40 -0.65 20
12357 30 2 32 0.875 13
12358 14 16 30 -0.0666667 16
12359 2 21 23 -0.826087 14
12360 11 26 37 -0.405405 14
12361 22 12 34 0.294118 17
12362 6 28 34 -0.647059 16
12363 21 15 36 0.166667 24
12364 15 19 34 -0.117647 20
12365 3 17 20 -0.7 11
12366 30 5 35 0.714286 13
12367 4 25 29 -0.724138 16
12368 5 40 45 -0.777778 13
12369 27 4 31 0.741935 11
12370 13 18 31 -0.16129 17
12371 21 15 36 0.166667 17
12372 20 17 37 0.0810811 22
12373 6 26 32 -0.625 15
12374 32 8 40 0.6 18
12375 5 32 37 -0.72973 18
12376 34 9 43 0.581395 14
12377 25 26 51 -0.0196078 23
12378 20 14 34 0.176471 18
12379 28 15 43 0.302326 21
12380 17 16 33 0.030303 17
12381 8 28 36 -0.555556 19
12382 27 8 35 0.542857 13
12383 26 4 30 0.733333 17
12384 27 4 31 0.741935 14
12385 0 39 39 -1 9
12386 34 3 37 0.837838 18
12387 19 4 23 0.652174 13
12388 36 1 37 0.945946 13
12389 29 7 36 0.611111 16
12390 9 15 24 -0.25 11
12391 1 47 48 -0.958333 15
12392 2 34 36 -0.888889 11
12393 16 6 22 0.454545 12
12394 17 17 34 0 21
12395 12 23 35 -0.314286 20
12396 9 29 38 -0.526316 20
12397 12 19 31 -0.225806 18
12398 2 49 51 -0.921569 16
12399 6 18 24 -0.5 13
12400 1 36 37 -0.945946 16
12401 4 28 32 -0.75 14
12402 24 15 39 0.230769 16
12403 21 11 32 0.3125 18
12404 2 34 36 -0.888889 15
12405 46 0 46 1 14
12406 4 35 39 -0.794872 13
12407 33 1 34 0.941176 8
12408 7 28 35 -0.6 16
12409 2 25 27 -0.851852 15
12410 11 37 48 -0.541667 18
12411 20 1 21 0.904762 16
12412 8 29 37 -0.567568 13
12413 3 44 47 -0.87234 9
12414 22 9 31 0.419355 15
12415 7 10 17 -0.176471 14
12416 40 1 41 0.95122 16
12417 16 15 31 0.0322581 17
12418 1 45 46 -0.956522 14
12419 22 5 27 0.62963 16
12420 53 2 55 0.927273 9
12421 8 45 53 -0.698113 17
12422 12 17 29 -0.172414 14
12423 46 4 50 0.84 18
12424 18 16 34 0.0588235 16
12425 18 3 21 0.714286 13
12426 22 14 36 0.222222 21
12427 11 11 22 0 12
12428 13 23 36 -0.277778 17
12429 10 14 24 -0.166667 16
12430 2 35 37 -0.891892 10
12431 1 43 44 -0.954545 15
12432 5 28 33 -0.69697 14
12433 15 19 34 -0.117647 23
12434 15 12 27 0.111111 15
12435 1 18 19 -0.894737 7
12436 4 34 38 -0.789474 15
12437 30 5 35 0.714286 18
12438 23 13 36 0.277778 18
12439 15 18 33 -0.0909091 18
12440 10 21 31 -0.354839 14
12441 9 18 27 -0.333333 16
12442 20 22 42 -0.047619 19
12443 10 23 33 -0.393939 17
12444 28 13 41 0.365854 21
12445 15 11 26 0.153846 17
12446 24 7 31 0.548387 17
12447 20 21 41 -0.0243902 19
12448 8 8 16 0 11
12449 27 1 28 0.928571 14
12450 10 18 28 -0.285714 14
12451 1 24 25 -0.92 13
12452 4 13 17 -0.529412 10
12453 19 24 43 -0.116279 20
12454 26 1 27 0.925926 9
12455 3 40 43 -0.860465 16
12456 1 35 36 -0.944444 16
12457 7 12 19 -0.263158 12
12458 32 4 36 0.777778 18
12459 32 1 33 0.939394 15
12460 0 39 39 -1 10
12461 2 18 20 -0.8 15
12462 50 1 51 0.960784 15
12463 1 45 46 -0.956522 10
12464 4 29 33 -0.757576 11
12465 27 9 36 0.5 17
12466 2 30 32 -0.875 13
12467 25 10 35 0.428571 18
12468 22 6 28 0.571429 15
12469 26 6 32 0.625 18
12470 11 15 26 -0.153846 18
12471 21 9 30 0.4 20
12472 2 38 40 -0.9 19
12473 30 3 33 0.818182 15
12474 1 37 38 -0.947368 5
12475 29 3 32 0.8125 12
12476 13 12 25 0.04 14
12477 6 20 26 -0.538462 15
12478 10 28 38 -0.473684 17
12479 39 2 41 0.902439 12
12480 30 8 38 0.578947 16
12481 23 9 32 0.4375 17
12482 4 28 32 -0.75 14
12483 33 2 35 0.885714 14
12484 14 19 33 -0.151515 16
12485 24 16 40 0.2 25
12486 17 24 41 -0.170732 22
12487 4 35 39 -0.794872 13
12488 24 16 40 0.2 22
12489 40 7 47 0.702128 20
12490 25 10 35 0.428571 19
12491 5 25 30 -0.666667 16
12492 36 4 40 0.8 10
12493 32 3 35 0.828571 16
12494 35 10 45 0.555556 15
12495 27 10 37 0.459459 16
12496 6 18 24 -0.5 15
12497 1 29 30 -0.933333 15
12498 12 19 31 -0.225806 18
12499 1 23 24 -0.916667 13
12500 19 13 32 0.1875 20
12501 12 15 27 -0.111111 14
12502 1 25 26 -0.923077 13
12503 16 10 26 0.230769 16
12504 27 14 41 0.317073 17
12505 16 18 34 -0.0588235 21
12506 12 18 30 -0.2 19
12507 29 4 33 0.757576 14
12508 6 15 21 -0.428571 10
12509 37 11 48 0.541667 22
12510 5 36 41 -0.756098 21
12511 21 10 31 0.354839 15
12512 23 15 38 0.210526 23
12513 34 2 36 0.888889 18
12514 10 21 31 -0.354839 18
12515 10 19 29 -0.310345 16
12516 19 1 20 0.9 12
12517 13 10 23 0.130435 18
12518 6 30 36 -0.666667 13
12519 10 14 24 -0.166667 12
12520 19 8 27 0.407407 15
12521 29 15 44 0.318182 21
12522 21 9 30 0.4 21
12523 30 6 36 0.666667 17
12524 8 26 34 -0.529412 16
12525 30 13 43 0.395349 20
12526 31 3 34 0.823529 16
12527 1 40 41 -0.95122 13
12528 1 58 59 -0.966102 17
12529 11 13 24 -0.0833333 17
12530 1 39 40 -0.95 14
12531 17 17 34 0 20
12532 31 0 31 1 9
12533 15 17 32 -0.0625 13
12534 31 7 38 0.631579 21
12535 2 27 29 -0.862069 15
12536 5 23 28 -0.642857 14
12537 27 1 28 0.928571 15
12538 0 35 35 -1 15
12539 8 21 29 -0.448276 16
12540 2 37 39 -0.897436 13
12541 6 27 33 -0.636364 16
12542 23 16 39 0.179487 22
12543 6 32 38 -0.684211 16
12544 10 26 36 -0.444444 15
12545 12 17 29 -0.172414 16
12546 3 24 27 -0.777778 16
12547 3 32 35 -0.828571 18
12548 3 42 45 -0.866667 16
12549 31 10 41 0.512195 19
12550 5 41 46 -0.782609 12
12551 1 46 47 -0.957447 13
12552 0 21 21 -1 10
12553 13 5 18 0.444444 10
12554 6 31 37 -0.675676 20
12555 6 19 25 -0.52 17
12556 11 16 27 -0.185185 16
12557 5 19 24 -0.583333 11
12558 48 1 49 0.959184 13
12559 3 28 31 -0.806452 13
12560 10 25 35 -0.428571 15
12561 10 30 40 -0.5 17
12562 6 29 35 -0.657143 16
12563 2 29 31 -0.870968 16
12564 21 17 38 0.105263 16
12565 4 19 23 -0.652174 11
12566 6 31 37 -0.675676 13
12567 0 46 46 -1 12
12568 10 22 32 -0.375 21
12569 33 9 42 0.571429 21
12570 21 29 50 -0.16 20
12571 40 13 53 0.509434 29
12572 17 18 35 -0.0285714 20
12573 20 5 25 0.6 17
12574 7 19 26 -0.461538 15
12575 22 5 27 0.62963 14
12576 41 6 47 0.744681 12
12577 23 5 28 0.642857 16
12578 38 5 43 0.767442 18
12579 0 18 18 -1 8
12580 7 12 19 -0.263158 15
12581 14 17 31 -0.0967742 21
12582 9 33 42 -0.571429 20
12583 25 7 32 0.5625 15
12584 21 6 27 0.555556 13
12585 9 4 13 0.384615 11
12586 21 21 42 0 19
12587 47 1 48 0.958333 13
12588 25 11 36 0.388889 21
12589 38 1 39 0.948718 9
12590 10 28 38 -0.473684 23
12591 24 22 46 0.0434783 25
12592 6 25 31 -0.612903 11
12593 3 54 57 -0.894737 13
12594 11 10 21 0.047619 13
12595 10 28 38 -0.473684 16
12596 35 1 36 0.944444 17
12597 15 9 24 0.25 13
12598 38 2 40 0.9 18
12599 38 3 41 0.853659 20
12600 13 30 43 -0.395349 22
12601 9 26 35 -0.485714 13
12602 11 7 18 0.222222 14
12603 24 3 27 0.777778 10
12604 21 12 33 0.272727 19
12605 2 30 32 -0.875 15
12606 18 7 25 0.44 14
12607 15 16 31 -0.0322581 18
12608 13 18 31 -0.16129 17
12609 8 27 35 -0.542857 14
12610 2 30 32 -0.875 11
12611 7 34 41 -0.658537 17
12612 37 4 41 0.804878 19
12613 22 14 36 0.222222 21
12614 43 6 49 0.755102 16
12615 26 16 42 0.238095 18
12616 19 23 42 -0.0952381 20
12617 27 7 34 0.588235 16
12618 7 12 19 -0.263158 13
12619 3 13 16 -0.625 10
12620 14 12 26 0.0769231 15
12621 3 31 34 -0.823529 15
12622 0 36 36 -1 12
12623 12 18 30 -0.2 12
12624 13 11 24 0.0833333 15
12625 11 17 28 -0.214286 17
12626 6 48 54 -0.777778 21
12627 22 4 26 0.692308 15
12628 2 41 43 -0.906977 19
12629 1 27 28 -0.928571 13
12630 4 31 35 -0.771429 11
12631 21 5 26 0.615385 15
12632 8 32 40 -0.6 17
12633 27 12 39 0.384615 21
12634 30 2 32 0.875 14
12635 37 5 42 0.761905 20
12636 21 8 29 0.448276 14
12637 11 28 39 -0.435897 17
12638 8 20 28 -0.428571 19
12639 11 12 23 -0.0434783 15
12640 16 4 20 0.6 11
12641 34 3 37 0.837838 14
12642 30 0 30 1 13
12643 16 4 20 0.6 12
12644 21 5 26 0.615385 14
12645 6 49 55 -0.781818 16
12646 21 8 29 0.448276 13
12647 5 21 26 -0.615385 17
12648 4 36 40 -0.8 15
12649 1 34 35 -0.942857 10
12650 22 3 25 0.76 15
12651 25 14 39 0.282051 20
12652 32 6 38 0.684211 15
12653 26 3 29 0.793103 9
12654 30 8 38 0.578947 19
12655 11 34 45 -0.511111 20
12656 8 27 35 -0.542857 20
12657 45 3 48 0.875 13
12658 0 35 35 -1 9
12659 1 38 39 -0.948718 12
12660 18 13 31 0.16129 19
12661 22 2 24 0.833333 14
12662 28 8 36 0.555556 13
12663 40 1 41 0.95122 16
12664 9 26 35 -0.485714 15
12665 13 21 34 -0.235294 17
12666 23 12 35 0.314286 18
12667 17 16 33 0.030303 18
12668 22 3 25 0.76 18
12669 34 4 38 0.789474 11
12670 13 5 18 0.444444 10
12671 14 15 29 -0.0344828 16
12672 25 13 38 0.315789 15
12673 6 19 25 -0.52 15
12674 32 8 40 0.6 20
12675 3 29 32 -0.8125 16
12676 3 24 27 -0.777778 14
12677 5 14 19 -0.473684 14
12678 6 30 36 -0.666667 17
12679 6 35 41 -0.707317 19
12680 1 45 46 -0.956522 12
12681 26 6 32 0.625 15
12682 35 0 35 1 15
12683 27 3 30 0.8 14
12684 23 7 30 0.533333 15
12685 2 41 43 -0.906977 18
12686 42 5 47 0.787234 18
12687 24 15 39 0.230769 19
12688 15 25 40 -0.25 19
12689 6 28 34 -0.647059 13
12690 22 19 41 0.0731707 19
12691 8 8 16 0 9
12692 17 14 31 0.0967742 21
12693 3 41 44 -0.863636 16
12694 25 7 32 0.5625 14
12695 17 3 20 0.7 12
12696 6 31 37 -0.675676 15
12697 4 39 43 -0.813953 15
12698 17 10 27 0.259259 14
12699 22 8 30 0.466667 16
12700 4 33 37 -0.783784 16
12701 25 6 31 0.612903 18
12702 28 0 28 1 15
12703 4 38 42 -0.809524 11
12704 24 13 37 0.297297 23
12705 15 5 20 0.5 9
12706 10 10 20 0 15
12707 8 16 24 -0.333333 12
12708 5 26 31 -0.677419 12
12709 19 15 34 0.117647 17
12710 32 7 39 0.641026 17
12711 11 20 31 -0.290323 16
12712 2 21 23 -0.826087 15
12713 28 0 28 1 15
12714 25 20 45 0.111111 18
12715 20 23 43 -0.0697674 19
12716 7 7 14 0 10
12717 20 12 32 0.25 18
12718 8 27 35 -0.542857 21
12719 49 0 49 1 9
12720 11 3 14 0.571429 8
12721 32 2 34 0.882353 11
12722 20 8 28 0.428571 13
12723 8 19 27 -0.407407 14
12724 3 36 39 -0.846154 15
12725 21 12 33 0.272727 16
12726 12 22 34 -0.294118 15
12727 29 4 33 0.757576 14
12728 21 4 25 0.68 18
12729 21 20 41 0.0243902 17
12730 19 25 44 -0.136364 21
12731 11 10 21 0.047619 15
12732 0 27 27 -1 14
12733 34 12 46 0.478261 16
12734 23 26 49 -0.0612245 24
12735 30 17 47 0.276596 24
12736 45 0 45 1 16
12737 21 15 36 0.166667 20
12738 33 3 36 0.833333 16
12739 21 8 29 0.448276 16
12740 10 22 32 -0.375 20
12741 17 10 27 0.259259 13
12742 8 17 25 -0.36 19
12743 8 25 33 -0.515152 18
12744 43 2 45 0.911111 17
12745 13 26 39 -0.333333 21
12746 16 22 38 -0.157895 18
12747 23 6 29 0.586207 17
12748 40 3 43 0.860465 13
12749 16 15 31 0.0322581 18
12750 37 1 38 0.947368 13
12751 10 41 51 -0.607843 24
12752 16 4 20 0.6 11
12753 0 24 24 -1 10
12754 19 27 46 -0.173913 23
12755 38 0 38 1 9
12756 5 23 28 -0.642857 10
12757 14 33 47 -0.404255 19
12758 32 10 42 0.52381 20
12759 18 14 32 0.125 17
12760 18 18 36 0 19
12761 8 5 13 0.230769 8
12762 25 16 41 0.219512 22
12763 26 5 31 0.677419 13
12764 12 23 35 -0.314286 18
12765 29 6 35 0.657143 19
12766 7 28 35 -0.6 18
12767 1 48 49 -0.959184 11
12768 22 5 27 0.62963 17
12769 4 45 49 -0.836735 17
12770 37 1 38 0.947368 16
12771 32 2 34 0.882353 17
12772 25 12 37 0.351351 18
12773 12 5 17 0.411765 9
12774 13 11 24 0.0833333 14
12775 39 6 45 0.733333 17
12776 36 12 48 0.5 20
12777 32 4 36 0.777778 14
12778 31 5 36 0.722222 16
12779 23 13 36 0.277778 16
12780 3 19 22 -0.727273 15
12781 25 8 33 0.515152 17
12782 26 12 38 0.368421 25
12783 18 5 23 0.565217 18
12784 13 10 23 0.130435 17
12785 22 12 34 0.294118 19
12786 1 30 31 -0.935484 15
12787 19 12 31 0.225806 17
12788 0 45 45 -1 13
12789 20 19 39 0.025641 21
12790 15 20 35 -0.142857 18
12791 1 37 38 -0.947368 18
12792 36 2 38 0.894737 8
12793 16 25 41 -0.219512 19
12794 39 2 41 0.902439 7
12795 12 7 19 0.263158 12
12796 17 17 34 0 14
12797 17 7 24 0.416667 16
12798 8 32 40 -0.6 18
12799 5 24 29 -0.655172 15
12800 27 1 28 0.928571 13
12801 2 24 26 -0.846154 14
12802 35 4 39 0.794872 17
12803 27 5 32 0.6875 15
12804 9 30 39 -0.538462 21
12805 20 12 32 0.25 17
12806 11 42 53 -0.584906 15
12807 9 24 33 -0.454545 12
12808 30 14 44 0.363636 19
12809 21 12 33 0.272727 18
12810 39 15 54 0.444444 22
12811 9 38 47 -0.617021 18
12812 15 29 44 -0.318182 21
12813 21 5 26 0.615385 14
12814 49 1 50 0.96 15
12815 11 30 41 -0.463415 19
12816 9 27 36 -0.5 13
12817 3 42 45 -0.866667 13
12818 11 30 41 -0.463415 18
12819 24 19 43 0.116279 15
12820 28 1 29 0.931034 12
12821 20 10 30 0.333333 16
12822 29 17 46 0.26087 20
12823 16 24 40 -0.2 17
12824 24 5 29 0.655172 17
12825 8 29 37 -0.567568 18
12826 33 2 35 0.885714 12
12827 10 19 29 -0.310345 17
12828 16 30 46 -0.304348 22
12829 16 18 34 -0.0588235 18
12830 20 5 25 0.6 16
12831 3 7 10 -0.4 9
12832 29 9 38 0.526316 19
12833 28 13 41 0.365854 21
12834 4 33 37 -0.783784 13
12835 4 43 47 -0.829787 19
12836 25 17 42 0.190476 17
12837 3 28 31 -0.806452 17
12838 39 4 43 0.813953 15
12839 15 15 30 0 16
12840 18 5 23 0.565217 15
12841 27 10 37 0.459459 19
12842 41 7 48 0.708333 15
12843 12 31 43 -0.44186 19
12844 5 26 31 -0.677419 16
12845 29 13 42 0.380952 17
12846 67 0 67 1 9
12847 28 16 44 0.272727 20
12848 2 40 42 -0.904762 12
12849 2 20 22 -0.818182 12
12850 28 4 32 0.75 15
12851 16 7 23 0.391304 16
12852 9 17 26 -0.307692 13
12853 27 7 34 0.588235 17
12854 23 14 37 0.243243 13
12855 26 5 31 0.677419 14
12856 18 3 21 0.714286 12
12857 21 8 29 0.448276 16
12858 8 23 31 -0.483871 16
12859 10 8 18 0.111111 9
12860 0 20 20 -1 10
12861 54 3 57 0.894737 14
12862 17 21 38 -0.105263 15
12863 8 23 31 -0.483871 19
12864 21 4 25 0.68 16
12865 26 5 31 0.677419 18
12866 6 38 44 -0.727273 16
12867 10 14 24 -0.166667 14
12868 6 27 33 -0.636364 17
12869 18 15 33 0.0909091 22
12870 20 20 40 0 21
12871 4 26 30 -0.733333 16
12872 6 43 49 -0.755102 12
12873 7 48 55 -0.745455 18
12874 2 30 32 -0.875 13
12875 24 12 36 0.333333 20
12876 49 1 50 0.96 10
12877 35 6 41 0.707317 17
12878 14 17 31 -0.0967742 18
12879 35 2 37 0.891892 14
12880 32 6 38 0.684211 14
12881 32 7 39 0.641026 18
12882 30 4 34 0.764706 17
12883 0 30 30 -1 13
12884 13 29 42 -0.380952 17
12885 32 10 42 0.52381 19
12886 5 41 46 -0.782609 11
12887 25 8 33 0.515152 16
12888 37 7 44 0.681818 15
12889 9 20 29 -0.37931 15
12890 39 3 42 0.857143 16
12891 1 6 7 -0.714286 6
12892 33 4 37 0.783784 10
12893 3 27 30 -0.8 15
12894 23 12 35 0.314286 16
12895 44 1 45 0.955556 10
12896 4 15 19 -0.578947 12
12897 24 11 35 0.371429 18
12898 15 13 28 0.0714286 18
12899 5 29 34 -0.705882 15
12900 3 21 24 -0.75 13
12901 7 17 24 -0.416667 13
12902 2 35 37 -0.891892 17
12903 4 35 39 -0.794872 15
12904 36 4 40 0.8 14
12905 13 22 35 -0.257143 18
12906 6 41 47 -0.744681 14
12907 17 21 38 -0.105263 21
12908 22 2 24 0.833333 14
12909 17 25 42 -0.190476 19
12910 24 7 31 0.548387 17
12911 4 17 21 -0.619048 14
12912 21 15 36 0.166667 23
12913 21 2 23 0.826087 12
12914 10 10 20 0 13
12915 19 9 28 0.357143 15
12916 27 5 32 0.6875 17
12917 7 20 27 -0.481481 11
12918 31 6 37 0.675676 15
12919 36 12 48 0.5 21
12920 2 32 34 -0.882353 13
12921 26 8 34 0.529412 17
12922 9 15 24 -0.25 15
12923 30 4 34 0.764706 16
12924 19 26 45 -0.155556 21
12925 22 14 36 0.222222 19
12926 29 3 32 0.8125 15
12927 12 17 29 -0.172414 17
12928 0 33 33 -1 14
12929 20 4 24 0.666667 11
12930 7 32 39 -0.641026 12
12931 35 8 43 0.627907 19
12932 3 34 37 -0.837838 13
12933 31 1 32 0.9375 15
12934 14 11 25 0.12 18
12935 5 12 17 -0.411765 13
12936 39 1 40 0.95 14
12937 3 40 43 -0.860465 14
12938 12 22 34 -0.294118 17
12939 26 1 27 0.925926 12
12940 0 29 29 -1 14
12941 32 9 41 0.560976 12
12942 20 13 33 0.212121 22
12943 27 1 28 0.928571 9
12944 12 6 18 0.333333 8
12945 18 24 42 -0.142857 16
12946 25 7 32 0.5625 19
12947 26 4 30 0.733333 12
12948 19 17 36 0.0555556 21
12949 30 1 31 0.935484 12
12950 9 18 27 -0.333333 18
12951 28 2 30 0.866667 13
12952 18 16 34 0.0588235 19
12953 2 46 48 -0.916667 13
12954 45 4 49 0.836735 19
12955 38 3 41 0.853659 16
12956 29 4 33 0.757576 15
12957 13 8 21 0.238095 15
12958 35 3 38 0.842105 13
12959 11 18 29 -0.241379 15
12960 27 4 31 0.741935 15
12961 14 19 33 -0.151515 16
12962 31 9 40 0.55 19
12963 4 27 31 -0.741935 13
12964 4 40 44 -0.818182 17
12965 8 28 36 -0.555556 19
12966 1 23 24 -0.916667 14
12967 7 2 9 0.555556 7
12968 26 11 37 0.405405 17
12969 6 52 58 -0.793103 17
12970 22 23 45 -0.0222222 24
12971 13 25 38 -0.315789 19
12972 27 9 36 0.5 17
12973 27 9 36 0.5 18
12974 18 14 32 0.125 14
12975 36 3 39 0.846154 14
12976 26 5 31 0.677419 11
12977 21 5 26 0.615385 13
12978 15 9 24 0.25 11
12979 13 24 37 -0.297297 17
12980 7 21 28 -0.5 18
12981 0 16 16 -1 9
12982 3 34 37 -0.837838 14
12983 10 17 27 -0.259259 13
12984 22 9 31 0.419355 16
12985 18 16 34 0.0588235 17
12986 21 7 28 0.5 12
12987 36 6 42 0.714286 20
12988 2 8 10 -0.6 6
12989 23 11 34 0.352941 18
12990 32 5 37 0.72973 16
12991 4 28 32 -0.75 17
12992 15 16 31 -0.0322581 15
12993 43 2 45 0.911111 15
12994 34 9 43 0.581395 22
12995 33 12 45 0.466667 21
12996 10 20 30 -0.333333 17
12997 4 42 46 -0.826087 19
12998 17 14 31 0.0967742 15
12999 15 13 28 0.0714286 13
13000 39 3 42 0.857143 11
13001 42 3 45 0.866667 14
13002 1 15 16 -0.875 9
13003 11 7 18 0.222222 11
13004 5 42 47 -0.787234 21
13005 19 11 30 0.266667 17
13006 0 21 21 -1 9
13007 22 20 42 0.047619 19
13008 24 15 39 0.230769 18
13009 24 7 31 0.548387 13
13010 8 26 34 -0.529412 16
13011 9 24 33 -0.454545 14
13012 0 28 28 -1 13
13013 6 29 35 -0.657143 15
13014 7 30 37 -0.621622 16
13015 47 2 49 0.918367 8
13016 22 6 28 0.571429 16
13017 43 1 44 0.954545 14
13018 17 20 37 -0.0810811 17
13019 1 39 40 -0.95 13
13020 31 5 36 0.722222 14
13021 18 22 40 -0.1 23
13022 5 24 29 -0.655172 17
13023 29 1 30 0.933333 10
13024 13 18 31 -0.16129 17
13025 46 7 53 0.735849 21
13026 19 25 44 -0.136364 20
13027 12 8 20 0.2 13
13028 14 29 43 -0.348837 22
13029 22 9 31 0.419355 19
13030 34 5 39 0.74359 16
13031 30 3 33 0.818182 17
13032 14 13 27 0.037037 15
13033 7 29 36 -0.611111 17
13034 12 32 44 -0.454545 20
13035 15 13 28 0.0714286 16
13036 12 20 32 -0.25 14
13037 9 17 26 -0.307692 14
13038 6 26 32 -0.625 14
13039 4 31 35 -0.771429 15
13040 8 28 36 -0.555556 19
13041 40 5 45 0.777778 14
13042 48 3 51 0.882353 15
13043 30 5 35 0.714286 15
13044 15 9 24 0.25 14
13045 14 26 40 -0.3 22
13046 40 1 41 0.95122 17
13047 15 9 24 0.25 17
13048 28 1 29 0.931034 12
13049 38 2 40 0.9 17
13050 29 14 43 0.348837 23
13051 42 1 43 0.953488 17
13052 5 32 37 -0.72973 18
13053 27 13 40 0.35 22
13054 32 5 37 0.72973 16
13055 22 13 35 0.257143 19
13056 16 33 49 -0.346939 23
13057 24 12 36 0.333333 15
13058 7 30 37 -0.621622 17
13059 7 40 47 -0.702128 16
13060 11 18 29 -0.241379 15
13061 9 22 31 -0.419355 17
13062 6 12 18 -0.333333 12
13063 19 11 30 0.266667 19
13064 20 11 31 0.290323 21
13065 2 8 10 -0.6 8
13066 9 11 20 -0.1 12
13067 17 10 27 0.259259 12
13068 23 5 28 0.642857 16
13069 42 5 47 0.787234 19
13070 2 29 31 -0.870968 16
13071 1 23 24 -0.916667 12
13072 9 20 29 -0.37931 16
13073 4 17 21 -0.619048 12
13074 9 28 37 -0.513514 15
13075 31 0 31 1 9
13076 32 0 32 1 14
13077 8 33 41 -0.609756 11
13078 5 29 34 -0.705882 18
13079 31 1 32 0.9375 11
13080 22 15 37 0.189189 21
13081 12 31 43 -0.44186 22
13082 3 23 26 -0.769231 12
13083 8 35 43 -0.627907 17
13084 4 30 34 -0.764706 14
13085 35 7 42 0.666667 15
13086 23 4 27 0.703704 13
13087 1 31 32 -0.9375 14
13088 23 2 25 0.84 13
13089 14 15 29 -0.0344828 18
13090 10 22 32 -0.375 18
13091 15 23 38 -0.210526 21
13092 17 1 18 0.888889 9
13093 2 48 50 -0.92 11
13094 11 4 15 0.466667 11
13095 21 10 31 0.354839 17
13096 9 30 39 -0.538462 17
13097 42 4 46 0.826087 14
13098 24 9 33 0.454545 18
13099 1 46 47 -0.957447 15
13100 6 11 17 -0.294118 11
13101 28 9 37 0.513514 15
13102 32 7 39 0.641026 17
13103 31 9 40 0.55 21
13104 33 2 35 0.885714 16
13105 16 12 28 0.142857 17
13106 11 17 28 -0.214286 16
13107 12 23 35 -0.314286 18
13108 24 9 33 0.454545 18
13109 4 48 52 -0.846154 13
13110 39 2 41 0.902439 18
13111 2 15 17 -0.764706 14
13112 11 15 26 -0.153846 15
13113 16 14 30 0.0666667 9
13114 31 0 31 1 13
13115 32 4 36 0.777778 16
13116 22 18 40 0.1 17
13117 42 7 49 0.714286 17
13118 14 13 27 0.037037 14
13119 5 41 46 -0.782609 19
13120 29 5 34 0.705882 21
13121 9 29 38 -0.526316 11
13122 25 14 39 0.282051 18
13123 17 2 19 0.789474 10
13124 20 19 39 0.025641 14
13125 17 18 35 -0.0285714 15
13126 16 39 55 -0.418182 24
13127 20 4 24 0.666667 15
13128 30 5 35 0.714286 16
13129 19 18 37 0.027027 21
13130 14 21 35 -0.2 22
13131 1 28 29 -0.931034 11
13132 10 19 29 -0.310345 13
13133 11 11 22 0 18
13134 26 0 26 1 15
13135 2 40 42 -0.904762 15
13136 17 9 26 0.307692 13
13137 12 21 33 -0.272727 13
13138 17 5 22 0.545455 12
13139 6 36 42 -0.714286 20
13140 25 9 34 0.470588 17
13141 8 27 35 -0.542857 13
13142 20 25 45 -0.111111 25
13143 17 16 33 0.030303 16
13144 10 29 39 -0.487179 21
13145 30 4 34 0.764706 13
13146 12 8 20 0.2 12
13147 6 28 34 -0.647059 17
13148 7 18 25 -0.44 16
13149 7 12 19 -0.263158 9
13150 3 24 27 -0.777778 15
13151 14 16 30 -0.0666667 16
13152 22 8 30 0.466667 18
13153 3 36 39 -0.846154 14
13154 1 18 19 -0.894737 12
13155 32 16 48 0.333333 26
13156 19 14 33 0.151515 15
13157 5 28 33 -0.69697 11
13158 21 17 38 0.105263 21
13159 1 50 51 -0.960784 13
13160 8 29 37 -0.567568 17
13161 30 8 38 0.578947 15
13162 2 36 38 -0.894737 16
13163 4 24 28 -0.714286 10
13164 23 10 33 0.393939 17
13165 7 34 41 -0.658537 14
13166 33 5 38 0.736842 16
13167 42 1 43 0.953488 16
13168 39 12 51 0.529412 24
13169 4 23 27 -0.703704 10
13170 11 13 24 -0.0833333 14
13171 4 39 43 -0.813953 15
13172 10 10 20 0 13
13173 41 1 42 0.952381 14
13174 6 49 55 -0.781818 17
13175 6 30 36 -0.666667 18
13176 0 33 33 -1 16
13177 2 20 22 -0.818182 12
13178 3 48 51 -0.882353 13
13179 18 20 38 -0.0526316 20
13180 46 5 51 0.803922 14
13181 40 3 43 0.860465 14
13182 6 15 21 -0.428571 12
13183 9 17 26 -0.307692 12
13184 2 30 32 -0.875 13
13185 16 17 33 -0.030303 16
13186 5 26 31 -0.677419 17
13187 8 23 31 -0.483871 15
13188 25 8 33 0.515152 19
13189 5 18 23 -0.565217 14
13190 11 19 30 -0.266667 12
13191 1 34 35 -0.942857 18
13192 17 4 21 0.619048 11
13193 32 1 33 0.939394 17
13194 9 34 43 -0.581395 18
13195 7 19 26 -0.461538 15
13196 45 6 51 0.764706 18
13197 2 34 36 -0.888889 14
13198 16 14 30 0.0666667 11
13199 15 14 29 0.0344828 11
13200 13 23 36 -0.277778 16
13201 13 24 37 -0.297297 16
13202 22 20 42 0.047619 20
13203 12 18 30 -0.2 20
13204 26 7 33 0.575758 13
13205 15 6 21 0.428571 15
13206 6 27 33 -0.636364 18
13207 24 8 32 0.5 16
13208 16 17 33 -0.030303 17
13209 5 25 30 -0.666667 15
13210 28 9 37 0.513514 22
13211 18 3 21 0.714286 8
13212 27 2 29 0.862069 8
13213 10 27 37 -0.459459 20
13214 34 8 42 0.619048 21
13215 21 15 36 0.166667 22
13216 8 21 29 -0.448276 16
13217 38 5 43 0.767442 13
13218 17 26 43 -0.209302 19
13219 4 32 36 -0.777778 17
13220 1 21 22 -0.909091 13
13221 26 10 36 0.444444 16
13222 18 18 36 0 18
13223 22 0 22 1 15
13224 17 11 28 0.214286 17
13225 1 26 27 -0.925926 15
13226 7 32 39 -0.641026 17
13227 8 21 29 -0.448276 18
13228 1 29 30 -0.933333 14
13229 22 21 43 0.0232558 18
13230 13 14 27 -0.037037 18
13231 6 19 25 -0.52 16
13232 14 20 34 -0.176471 13
13233 11 25 36 -0.388889 14
13234 32 21 53 0.207547 25
13235 9 11 20 -0.1 10
13236 34 2 36 0.888889 16
13237 12 7 19 0.263158 13
13238 21 14 35 0.2 21
13239 22 11 33 0.333333 17
13240 12 7 19 0.263158 14
13241 50 5 55 0.818182 16
13242 22 3 25 0.76 13
13243 20 8 28 0.428571 16
13244 24 17 41 0.170732 17
13245 2 27 29 -0.862069 15
13246 3 33 36 -0.833333 15
13247 9 24 33 -0.454545 13
13248 18 11 29 0.241379 18
13249 18 4 22 0.636364 15
13250 38 2 40 0.9 18
13251 15 4 19 0.578947 9
13252 35 4 39 0.794872 19
13253 4 50 54 -0.851852 10
13254 28 7 35 0.6 11
13255 26 4 30 0.733333 14
13256 2 22 24 -0.833333 15
13257 21 11 32 0.3125 13
13258 9 21 30 -0.4 15
13259 27 13 40 0.35 17
13260 36 15 51 0.411765 24
13261 43 3 46 0.869565 11
13262 18 4 22 0.636364 10
13263 11 22 33 -0.333333 19
13264 30 4 34 0.764706 11
13265 16 9 25 0.28 15
13266 6 45 51 -0.764706 17
13267 43 1 44 0.954545 16
13268 19 10 29 0.310345 18
13269 14 17 31 -0.0967742 14
13270 25 28 53 -0.0566038 23
13271 26 0 26 1 13
13272 36 7 43 0.674419 12
13273 28 14 42 0.333333 22
13274 30 12 42 0.428571 15
13275 13 33 46 -0.434783 18
13276 9 13 22 -0.181818 16
13277 2 34 36 -0.888889 14
13278 6 32 38 -0.684211 21
13279 4 29 33 -0.757576 14
13280 9 17 26 -0.307692 15
13281 4 25 29 -0.724138 14
13282 3 42 45 -0.866667 19
13283 15 21 36 -0.166667 19
13284 23 6 29 0.586207 13
13285 51 1 52 0.961538 16
13286 4 29 33 -0.757576 17
13287 13 18 31 -0.16129 18
13288 13 18 31 -0.16129 17
13289 54 0 54 1 14
13290 9 26 35 -0.485714 15
13291 12 7 19 0.263158 13
13292 8 20 28 -0.428571 18
13293 7 18 25 -0.44 17
13294 4 19 23 -0.652174 14
13295 27 11 38 0.421053 13
13296 37 2 39 0.897436 18
13297 20 18 38 0.0526316 15
13298 5 27 32 -0.6875 16
13299 33 4 37 0.783784 15
13300 47 4 51 0.843137 15
13301 16 8 24 0.333333 15
13302 1 39 40 -0.95 12
13303 14 29 43 -0.348837 20
13304 24 5 29 0.655172 15
13305 38 0 38 1 16
13306 53 3 56 0.892857 18
13307 20 11 31 0.290323 18
13308 45 2 47 0.914894 13
13309 18 36 54 -0.333333 25
13310 52 2 54 0.925926 7
13311 32 5 37 0.72973 17
13312 16 18 34 -0.0588235 20
13313 32 4 36 0.777778 18
13314 13 28 41 -0.365854 19
13315 27 9 36 0.5 16
13316 21 2 23 0.826087 7
13317 10 17 27 -0.259259 14
13318 36 4 40 0.8 18
13319 24 9 33 0.454545 22
13320 10 23 33 -0.393939 21
13321 11 12 23 -0.0434783 16
13322 25 9 34 0.470588 19
13323 16 11 27 0.185185 13
13324 13 16 29 -0.103448 9
13325 5 33 38 -0.736842 16
13326 13 13 26 0 9
13327 14 19 33 -0.151515 21
13328 16 14 30 0.0666667 21
13329 32 14 46 0.391304 27
13330 6 41 47 -0.744681 13
13331 15 9 24 0.25 14
13332 23 6 29 0.586207 16
13333 2 30 32 -0.875 15
13334 36 2 38 0.894737 12
13335 3 32 35 -0.828571 14
13336 0 42 42 -1 5
13337 19 10 29 0.310345 16
13338 3 44 47 -0.87234 14
13339 21 2 23 0.826087 10
13340 2 38 40 -0.9 17
13341 45 6 51 0.764706 16
13342 34 12 46 0.478261 16
13343 2 38 40 -0.9 12
13344 13 24 37 -0.297297 15
13345 25 6 31 0.612903 14
13346 51 4 55 0.854545 19
13347 0 51 51 -1 10
13348 8 28 36 -0.555556 14
13349 22 12 34 0.294118 20
13350 5 28 33 -0.69697 17
13351 10 34 44 -0.545455 22
13352 29 16 45 0.288889 18
13353 23 4 27 0.703704 13
13354 0 26 26 -1 11
13355 38 2 40 0.9 13
13356 13 25 38 -0.315789 19
13357 33 4 37 0.783784 13
13358 32 3 35 0.828571 16
13359 19 6 25 0.52 15
13360 12 17 29 -0.172414 13
13361 43 5 48 0.791667 16
13362 10 29 39 -0.487179 18
13363 18 10 28 0.285714 18
13364 7 18 25 -0.44 15
13365 23 16 39 0.179487 15
13366 27 16 43 0.255814 20
13367 13 24 37 -0.297297 21
13368 26 10 36 0.444444 20
13369 16 9 25 0.28 15
13370 46 3 49 0.877551 16
13371 28 5 33 0.69697 16
13372 18 20 38 -0.0526316 20
13373 15 10 25 0.2 16
13374 21 1 22 0.909091 14
13375 30 7 37 0.621622 17
13376 33 3 36 0.833333 11
13377 47 3 50 0.88 10
13378 10 17 27 -0.259259 13
13379 0 39 39 -1 13
13380 0 23 23 -1 11
13381 17 19 36 -0.0555556 18
13382 13 24 37 -0.297297 20
13383 12 12 24 0 14
13384 26 4 30 0.733333 13
13385 25 8 33 0.515152 17
13386 47 1 48 0.958333 11
13387 2 22 24 -0.833333 13
13388 31 7 38 0.631579 21
13389 1 40 41 -0.95122 14
13390 5 37 42 -0.761905 12
13391 4 22 26 -0.692308 16
13392 8 29 37 -0.567568 17
13393 5 43 48 -0.791667 13
13394 14 26 40 -0.3 20
13395 44 3 47 0.87234 12
13396 19 9 28 0.357143 17
13397 29 9 38 0.526316 15
13398 2 7 9 -0.555556 5
13399 21 8 29 0.448276 16
13400 38 11 49 0.55102 23
13401 10 17 27 -0.259259 10
13402 14 15 29 -0.0344828 16
13403 25 19 44 0.136364 23
13404 3 29 32 -0.8125 16
13405 21 21 42 0 19
13406 2 13 15 -0.733333 9
13407 18 10 28 0.285714 16
13408 35 1 36 0.944444 14
13409 22 16 38 0.157895 17
13410 18 4 22 0.636364 15
13411 26 5 31 0.677419 17
13412 9 17 26 -0.307692 16
13413 5 28 33 -0.69697 19
13414 1 33 34 -0.941176 15
13415 26 10 36 0.444444 18
13416 12 21 33 -0.272727 18
13417 18 10 28 0.285714 17
13418 44 9 53 0.660377 18
13419 2 37 39 -0.897436 17
13420 39 4 43 0.813953 20
13421 5 25 30 -0.666667 17
13422 11 23 34 -0.352941 18
13423 31 4 35 0.771429 12
13424 15 5 20 0.5 12
13425 33 3 36 0.833333 15
13426 27 6 33 0.636364 18
13427 7 48 55 -0.745455 18
13428 5 26 31 -0.677419 17
13429 9 21 30 -0.4 10
13430 19 0 19 1 10
13431 16 15 31 0.0322581 18
13432 14 18 32 -0.125 16
13433 12 13 25 -0.04 14
13434 17 3 20 0.7 11
13435 17 16 33 0.030303 16
13436 25 6 31 0.612903 16
13437 25 10 35 0.428571 15
13438 29 4 33 0.757576 18
13439 35 4 39 0.794872 20
13440 32 19 51 0.254902 16
13441 18 12 30 0.2 19
13442 12 21 33 -0.272727 16
13443 19 23 42 -0.0952381 21
13444 21 8 29 0.448276 16
13445 35 7 42 0.666667 22
13446 23 2 25 0.84 12
13447 39 11 50 0.56 20
13448 18 11 29 0.241379 15
13449 3 42 45 -0.866667 15
13450 2 38 40 -0.9 12
13451 17 20 37 -0.0810811 19
13452 0 27 27 -1 9
13453 15 23 38 -0.210526 17
13454 15 3 18 0.666667 9
13455 7 26 33 -0.575758 17
13456 3 15 18 -0.666667 11
13457 9 20 29 -0.37931 16
13458 12 21 33 -0.272727 18
13459 31 2 33 0.878788 11
13460 14 23 37 -0.243243 18
13461 8 20 28 -0.428571 16
13462 5 32 37 -0.72973 13
13463 42 2 44 0.909091 14
13464 4 28 32 -0.75 13
13465 24 4 28 0.714286 17
13466 33 1 34 0.941176 13
13467 50 1 51 0.960784 9
13468 17 11 28 0.214286 13
13469 21 8 29 0.448276 15
13470 12 24 36 -0.333333 16
13471 15 22 37 -0.189189 19
13472 41 1 42 0.952381 17
13473 5 36 41 -0.756098 15
13474 5 27 32 -0.6875 13
13475 21 2 23 0.826087 13
13476 13 12 25 0.04 15
13477 2 28 30 -0.866667 13
13478 24 20 44 0.0909091 17
13479 3 36 39 -0.846154 18
13480 0 33 33 -1 15
13481 12 28 40 -0.4 16
13482 17 24 41 -0.170732 23
13483 6 24 30 -0.6 15
13484 12 19 31 -0.225806 18
13485 11 21 32 -0.3125 13
13486 6 27 33 -0.636364 14
13487 41 10 51 0.607843 21
13488 6 31 37 -0.675676 14
13489 10 24 34 -0.411765 19
13490 17 7 24 0.416667 10
13491 50 0 50 1 10
13492 4 29 33 -0.757576 13
13493 58 0 58 1 13
13494 10 16 26 -0.230769 16
13495 13 26 39 -0.333333 18
13496 8 11 19 -0.157895 11
13497 7 17 24 -0.416667 15
13498 1 41 42 -0.952381 12
13499 6 21 27 -0.555556 12
13500 14 25 39 -0.282051 21
13501 12 27 39 -0.384615 23
13502 8 4 12 0.333333 9
13503 11 17 28 -0.214286 11
13504 7 30 37 -0.621622 19
13505 2 14 16 -0.75 12
13506 17 8 25 0.36 18
13507 7 25 32 -0.5625 18
13508 29 8 37 0.567568 18
13509 1 41 42 -0.952381 8
13510 21 14 35 0.2 20
13511 3 45 48 -0.875 17
13512 2 45 47 -0.914894 13
13513 20 15 35 0.142857 17
13514 1 36 37 -0.945946 7
13515 19 18 37 0.027027 19
13516 24 8 32 0.5 18
13517 1 44 45 -0.955556 12
13518 19 3 22 0.727273 11
13519 30 2 32 0.875 12
13520 41 19 60 0.366667 25
13521 19 15 34 0.117647 21
13522 30 13 43 0.395349 18
13523 28 7 35 0.6 18
13524 1 34 35 -0.942857 15
13525 35 3 38 0.842105 15
13526 28 3 31 0.806452 9
13527 45 8 53 0.698113 14
13528 52 2 54 0.925926 19
13529 3 26 29 -0.793103 15
13530 1 42 43 -0.953488 12
13531 12 9 21 0.142857 15
13532 6 40 46 -0.73913 13
13533 24 6 30 0.6 13
13534 10 25 35 -0.428571 16
13535 40 2 42 0.904762 18
13536 4 36 40 -0.8 16
13537 2 27 29 -0.862069 16
13538 9 21 30 -0.4 17
13539 5 20 25 -0.6 19
13540 6 9 15 -0.2 13
13541 6 22 28 -0.571429 17
13542 14 18 32 -0.125 19
13543 6 15 21 -0.428571 15
13544 10 27 37 -0.459459 22
13545 16 20 36 -0.111111 19
13546 15 21 36 -0.166667 18
13547 1 35 36 -0.944444 10
13548 34 2 36 0.888889 17
13549 12 26 38 -0.368421 21
13550 30 4 34 0.764706 18
13551 3 32 35 -0.828571 17
13552 43 3 46 0.869565 14
13553 10 17 27 -0.259259 14
13554 27 6 33 0.636364 15
13555 8 22 30 -0.466667 15
13556 11 21 32 -0.3125 18
13557 34 1 35 0.942857 11
13558 14 13 27 0.037037 14
13559 13 25 38 -0.315789 23
13560 45 5 50 0.8 15
13561 33 18 51 0.294118 20
13562 41 5 46 0.782609 19
13563 5 40 45 -0.777778 17
13564 19 19 38 0 17
13565 29 5 34 0.705882 15
13566 17 5 22 0.545455 11
13567 10 10 20 0 16
13568 11 13 24 -0.0833333 16
13569 5 43 48 -0.791667 19
13570 29 6 35 0.657143 17
13571 29 10 39 0.487179 17
13572 39 2 41 0.902439 18
13573 19 23 42 -0.0952381 22
13574 7 19 26 -0.461538 11
13575 4 7 11 -0.272727 8
13576 19 11 30 0.266667 16
13577 12 15 27 -0.111111 14
13578 50 2 52 0.923077 19
13579 26 13 39 0.333333 19
13580 18 15 33 0.0909091 19
13581 54 2 56 0.928571 11
13582 14 26 40 -0.3 21
13583 13 10 23 0.130435 14
13584 5 29 34 -0.705882 19
13585 31 7 38 0.631579 15
13586 15 18 33 -0.0909091 16
13587 23 7 30 0.533333 19
13588 17 1 18 0.888889 13
13589 39 4 43 0.813953 13
13590 23 6 29 0.586207 20
13591 12 15 27 -0.111111 14
13592 12 18 30 -0.2 17
13593 19 19 38 0 21
13594 28 0 28 1 8
13595 2 37 39 -0.897436 12
13596 6 38 44 -0.727273 18
13597 2 38 40 -0.9 16
13598 17 11 28 0.214286 19
13599 2 30 32 -0.875 12
13600 21 7 28 0.5 14
13601 16 39 55 -0.418182 26
13602 35 3 38 0.842105 17
13603 4 15 19 -0.578947 10
13604 21 12 33 0.272727 16
13605 8 27 35 -0.542857 22
13606 19 3 22 0.727273 15
13607 6 11 17 -0.294118 12
13608 24 12 36 0.333333 12
13609 19 0 19 1 10
13610 29 11 40 0.45 16
13611 0 29 29 -1 11
13612 32 1 33 0.939394 14
13613 1 43 44 -0.954545 17
13614 32 2 34 0.882353 17
13615 3 18 21 -0.714286 12
13616 7 17 24 -0.416667 16
13617 7 43 50 -0.72 16
13618 21 9 30 0.4 18
13619 37 1 38 0.947368 16
13620 3 33 36 -0.833333 16
13621 1 38 39 -0.948718 14
13622 30 0 30 1 11
13623 13 29 42 -0.380952 23
13624 31 5 36 0.722222 19
13625 25 9 34 0.470588 15
13626 16 12 28 0.142857 16
13627 8 26 34 -0.529412 15
13628 29 6 35 0.657143 18
13629 25 2 27 0.851852 14
13630 9 39 48 -0.625 18
13631 7 32 39 -0.641026 18
13632 37 5 42 0.761905 17
13633 2 34 36 -0.888889 14
13634 16 29 45 -0.288889 19
13635 5 30 35 -0.714286 17
13636 57 7 64 0.78125 13
13637 6 26 32 -0.625 19
13638 7 39 46 -0.695652 21
13639 4 36 40 -0.8 11
13640 27 2 29 0.862069 15
13641 22 7 29 0.517241 18
13642 45 3 48 0.875 10
13643 31 0 31 1 4
13644 8 28 36 -0.555556 11
13645 35 1 36 0.944444 14
13646 5 34 39 -0.74359 17
13647 8 18 26 -0.384615 17
13648 30 17 47 0.276596 22
13649 18 15 33 0.0909091 20
13650 3 41 44 -0.863636 12
13651 7 32 39 -0.641026 14
13652 31 9 40 0.55 17
13653 21 24 45 -0.0666667 21
13654 35 3 38 0.842105 10
13655 3 32 35 -0.828571 14
13656 18 3 21 0.714286 11
13657 14 11 25 0.12 17
13658 4 0 4 1 3
13659 10 31 41 -0.512195 17
13660 28 5 33 0.69697 17
13661 35 4 39 0.794872 16
13662 2 25 27 -0.851852 16
13663 6 40 46 -0.73913 17
13664 13 18 31 -0.16129 14
13665 24 4 28 0.714286 14
13666 37 5 42 0.761905 15
13667 19 1 20 0.9 11
13668 11 6 17 0.294118 13
13669 10 13 23 -0.130435 16
13670 17 4 21 0.619048 16
13671 29 2 31 0.870968 12
13672 1 32 33 -0.939394 16
13673 8 27 35 -0.542857 16
13674 14 6 20 0.4 14
13675 20 7 27 0.481481 13
13676 16 29 45 -0.288889 20
13677 6 21 27 -0.555556 14
13678 55 1 56 0.964286 17
13679 16 17 33 -0.030303 20
13680 4 26 30 -0.733333 15
13681 8 27 35 -0.542857 14
13682 28 3 31 0.806452 13
13683 11 26 37 -0.405405 19
13684 7 20 27 -0.481481 15
13685 2 31 33 -0.878788 15
13686 37 0 37 1 13
13687 12 11 23 0.0434783 14
13688 42 7 49 0.714286 19
13689 3 39 42 -0.857143 12
13690 5 22 27 -0.62963 14
13691 9 18 27 -0.333333 17
13692 39 4 43 0.813953 11
13693 19 1 20 0.9 9
13694 1 23 24 -0.916667 13
13695 15 18 33 -0.0909091 12
13696 8 31 39 -0.589744 15
13697 12 21 33 -0.272727 17
13698 6 21 27 -0.555556 17
13699 7 25 32 -0.5625 18
13700 12 28 40 -0.4 20
13701 38 4 42 0.809524 14
13702 46 3 49 0.877551 20
13703 10 21 31 -0.354839 15
13704 24 13 37 0.297297 22
13705 8 20 28 -0.428571 16
13706 30 1 31 0.935484 14
13707 8 30 38 -0.578947 22
13708 14 6 20 0.4 12
13709 20 27 47 -0.148936 22
13710 2 40 42 -0.904762 13
13711 4 26 30 -0.733333 16
13712 4 28 32 -0.75 15
13713 44 4 48 0.833333 14
13714 27 7 34 0.588235 17
13715 35 1 36 0.944444 10
13716 12 20 32 -0.25 17
13717 2 24 26 -0.846154 12
13718 8 5 13 0.230769 8
13719 36 1 37 0.945946 14
13720 27 10 37 0.459459 18
13721 3 28 31 -0.806452 14
13722 43 2 45 0.911111 15
13723 32 5 37 0.72973 16
13724 21 12 33 0.272727 20
13725 13 17 30 -0.133333 16
13726 27 11 38 0.421053 23
13727 4 20 24 -0.666667 14
13728 14 22 36 -0.222222 18
13729 47 8 55 0.709091 20
13730 7 24 31 -0.548387 15
13731 23 20 43 0.0697674 21
13732 9 13 22 -0.181818 14
13733 4 20 24 -0.666667 15
13734 20 31 51 -0.215686 17
13735 20 0 20 1 4
13736 13 15 28 -0.0714286 15
13737 50 3 53 0.886792 13
13738 22 10 32 0.375 18
13739 26 6 32 0.625 17
13740 4 34 38 -0.789474 19
13741 1 33 34 -0.941176 10
13742 22 14 36 0.222222 20
13743 19 14 33 0.151515 15
13744 8 27 35 -0.542857 18
13745 3 50 53 -0.886792 16
13746 9 20 29 -0.37931 17
13747 27 6 33 0.636364 16
13748 31 9 40 0.55 19
13749 8 34 42 -0.619048 18
13750 28 1 29 0.931034 16
13751 12 21 33 -0.272727 14
13752 33 2 35 0.885714 17
13753 0 4 4 -1 4
13754 41 2 43 0.906977 12
13755 2 41 43 -0.906977 16
13756 16 22 38 -0.157895 16
13757 33 6 39 0.692308 16
13758 9 27 36 -0.5 23
13759 1 37 38 -0.947368 14
13760 18 24 42 -0.142857 15
13761 4 47 51 -0.843137 12
13762 22 10 32 0.375 21
13763 23 15 38 0.210526 21
13764 17 12 29 0.172414 22
13765 37 1 38 0.947368 16
13766 7 27 34 -0.588235 21
13767 24 12 36 0.333333 16
13768 20 17 37 0.0810811 22
13769 32 3 35 0.828571 18
13770 6 36 42 -0.714286 15
13771 20 9 29 0.37931 18
13772 7 17 24 -0.416667 17
13773 31 5 36 0.722222 18
13774 31 5 36 0.722222 18
13775 5 29 34 -0.705882 16
13776 23 16 39 0.179487 20
13777 35 5 40 0.75 19
13778 29 18 47 0.234043 22
13779 27 8 35 0.542857 19
13780 34 11 45 0.511111 18
13781 11 17 28 -0.214286 13
13782 26 4 30 0.733333 14
13783 25 12 37 0.351351 15
13784 31 19 50 0.24 23
13785 15 17 32 -0.0625 16
13786 7 12 19 -0.263158 10
13787 16 25 41 -0.219512 19
13788 17 28 45 -0.244444 15
13789 47 1 48 0.958333 12
13790 36 1 37 0.945946 15
13791 43 7 50 0.72 17
13792 2 48 50 -0.92 14
13793 29 6 35 0.657143 17
13794 24 2 26 0.846154 15
13795 21 12 33 0.272727 18
13796 1 42 43 -0.953488 12
13797 1 36 37 -0.945946 16
13798 2 33 35 -0.885714 13
13799 25 14 39 0.282051 20
13800 36 3 39 0.846154 18
13801 27 3 30 0.8 16
13802 13 5 18 0.444444 15
13803 13 28 41 -0.365854 17
13804 23 18 41 0.121951 16
13805 22 12 34 0.294118 17
13806 14 27 41 -0.317073 21
13807 6 28 34 -0.647059 14
13808 26 2 28 0.857143 12
13809 44 2 46 0.913043 18
13810 28 4 32 0.75 18
13811 51 0 51 1 9
13812 20 8 28 0.428571 18
13813 32 5 37 0.72973 19
13814 26 16 42 0.238095 19
13815 15 14 29 0.0344828 17
13816 31 2 33 0.878788 13
13817 11 37 48 -0.541667 15
13818 25 2 27 0.851852 13
13819 4 32 36 -0.777778 18
13820 3 22 25 -0.76 14
13821 35 2 37 0.891892 14
13822 28 8 36 0.555556 18
13823 18 36 54 -0.333333 19
13824 6 20 26 -0.538462 18
13825 17 12 29 0.172414 14
13826 11 30 41 -0.463415 20
13827 6 8 14 -0.142857 10
13828 3 31 34 -0.823529 14
13829 14 13 27 0.037037 21
13830 33 8 41 0.609756 15
13831 30 0 30 1 13
13832 1 37 38 -0.947368 16
13833 14 9 23 0.217391 9
13834 10 21 31 -0.354839 18
13835 30 8 38 0.578947 15
13836 47 1 48 0.958333 18
13837 37 4 41 0.804878 14
13838 45 4 49 0.836735 16
13839 4 38 42 -0.809524 13
13840 8 26 34 -0.529412 14
13841 41 14 55 0.490909 21
13842 33 8 41 0.609756 16
13843 6 23 29 -0.586207 15
13844 2 27 29 -0.862069 15
13845 23 10 33 0.393939 17
13846 30 0 30 1 11
13847 46 6 52 0.769231 12
13848 12 15 27 -0.111111 13
13849 2 58 60 -0.933333 17
13850 3 37 40 -0.85 17
13851 40 5 45 0.777778 13
13852 18 14 32 0.125 20
13853 10 11 21 -0.047619 15
13854 31 12 43 0.44186 13
13855 26 12 38 0.368421 18
13856 0 49 49 -1 5
13857 17 28 45 -0.244444 21
13858 23 2 25 0.84 14
13859 34 4 38 0.789474 9
13860 1 21 22 -0.909091 12
13861 7 32 39 -0.641026 14
13862 3 34 37 -0.837838 18
13863 26 8 34 0.529412 16
13864 53 5 58 0.827586 12
13865 23 14 37 0.243243 21
13866 35 10 45 0.555556 15
13867 35 9 44 0.590909 20
13868 14 34 48 -0.416667 20
13869 15 25 40 -0.25 20
13870 17 15 32 0.0625 18
13871 20 9 29 0.37931 16
13872 7 24 31 -0.548387 18
13873 17 22 39 -0.128205 19
13874 3 41 44 -0.863636 11
13875 29 0 29 1 12
13876 28 7 35 0.6 18
13877 9 19 28 -0.357143 14
13878 15 23 38 -0.210526 17
13879 0 27 27 -1 10
13880 17 8 25 0.36 14
13881 10 19 29 -0.310345 19
13882 38 2 40 0.9 13
13883 36 1 37 0.945946 16
13884 23 2 25 0.84 13
13885 39 9 48 0.625 18
13886 5 24 29 -0.655172 15
13887 18 27 45 -0.2 19
13888 23 11 34 0.352941 17
13889 32 1 33 0.939394 17
13890 5 28 33 -0.69697 19
13891 49 3 52 0.884615 10
13892 5 31 36 -0.722222 15
13893 12 3 15 0.6 8
13894 10 9 19 0.0526316 10
13895 20 13 33 0.212121 20
13896 1 29 30 -0.933333 11
13897 13 11 24 0.0833333 16
13898 24 23 47 0.0212766 20
13899 24 12 36 0.333333 19
13900 8 31 39 -0.589744 21
13901 5 34 39 -0.74359 17
13902 9 17 26 -0.307692 11
13903 14 19 33 -0.151515 17
13904 2 15 17 -0.764706 10
13905 19 21 40 -0.05 19
13906 22 18 40 0.1 19
13907 45 3 48 0.875 17
13908 2 30 32 -0.875 15
13909 9 30 39 -0.538462 15
13910 11 28 39 -0.435897 17
13911 6 23 29 -0.586207 18
13912 3 31 34 -0.823529 10
13913 8 8 16 0 13
13914 24 3 27 0.777778 14
13915 25 20 45 0.111111 23
13916 13 39 52 -0.5 16
13917 3 32 35 -0.828571 14
13918 2 24 26 -0.846154 11
13919 10 19 29 -0.310345 16
13920 40 2 42 0.904762 18
13921 1 34 35 -0.942857 15
13922 2 17 19 -0.789474 13
13923 3 26 29 -0.793103 11
13924 35 7 42 0.666667 19
13925 56 5 61 0.836066 17
13926 21 8 29 0.448276 9
13927 35 14 49 0.428571 18
13928 31 6 37 0.675676 20
13929 0 44 44 -1 14
13930 28 5 33 0.69697 20
13931 26 2 28 0.857143 14
13932 3 38 41 -0.853659 17
13933 11 24 35 -0.371429 17
13934 43 1 44 0.954545 12
13935 16 10 26 0.230769 17
13936 1 33 34 -0.941176 13
13937 17 3 20 0.7 7
13938 22 11 33 0.333333 13
13939 16 2 18 0.777778 12
13940 14 16 30 -0.0666667 18
13941 0 29 29 -1 10
13942 18 19 37 -0.027027 19
13943 4 21 25 -0.68 15
13944 29 1 30 0.933333 9
13945 19 3 22 0.727273 7
13946 14 12 26 0.0769231 18
13947 15 7 22 0.363636 17
13948 28 21 49 0.142857 18
13949 37 15 52 0.423077 21
13950 45 1 46 0.956522 14
13951 45 3 48 0.875 17
13952 21 15 36 0.166667 19
13953 2 58 60 -0.933333 14
13954 8 47 55 -0.709091 18
13955 5 17 22 -0.545455 15
13956 2 34 36 -0.888889 12
13957 14 8 22 0.272727 14
13958 45 4 49 0.836735 21
13959 12 28 40 -0.4 20
13960 19 13 32 0.1875 15
13961 2 50 52 -0.923077 17
13962 8 20 28 -0.428571 19
13963 14 12 26 0.0769231 21
13964 20 14 34 0.176471 21
13965 12 6 18 0.333333 14
13966 22 18 40 0.1 23
13967 6 30 36 -0.666667 13
13968 17 17 34 0 22
13969 32 5 37 0.72973 12
13970 32 6 38 0.684211 19
13971 2 22 24 -0.833333 15
13972 13 31 44 -0.409091 17
13973 4 36 40 -0.8 14
13974 13 15 28 -0.0714286 17
13975 36 2 38 0.894737 17
13976 39 1 40 0.95 19
13977 27 9 36 0.5 17
13978 21 20 41 0.0243902 15
13979 40 2 42 0.904762 17
13980 7 35 42 -0.666667 19
13981 26 9 35 0.485714 19
13982 39 3 42 0.857143 13
13983 33 3 36 0.833333 16
13984 10 18 28 -0.285714 18
13985 3 20 23 -0.73913 14
13986 7 23 30 -0.533333 14
13987 21 2 23 0.826087 11
13988 41 8 49 0.673469 23
13989 8 14 22 -0.272727 14
13990 21 16 37 0.135135 16
13991 43 2 45 0.911111 16
13992 4 9 13 -0.384615 10
13993 10 15 25 -0.2 16
13994 21 13 34 0.235294 18
13995 24 1 25 0.92 13
13996 34 9 43 0.581395 16
13997 3 32 35 -0.828571 16
13998 13 16 29 -0.103448 17
13999 1 7 8 -0.75 6
14000 18 21 39 -0.0769231 19
14001 33 3 36 0.833333 12
14002 0 30 30 -1 7
14003 4 18 22 -0.636364 13
14004 8 24 32 -0.5 12
14005 6 32 38 -0.684211 16
14006 49 5 54 0.814815 15
14007 17 20 37 -0.0810811 20
14008 31 4 35 0.771429 18
14009 12 13 25 -0.04 16
14010 18 17 35 0.0285714 21
14011 54 2 56 0.928571 16
14012 4 22 26 -0.692308 14
14013 23 1 24 0.916667 11
14014 7 20 27 -0.481481 14
14015 11 24 35 -0.371429 13
14016 24 1 25 0.92 16
14017 23 5 28 0.642857 16
14018 11 4 15 0.466667 11
14019 26 9 35 0.485714 13
14020 6 25 31 -0.612903 14
14021 36 7 43 0.674419 16
14022 35 5 40 0.75 19
14023 14 10 24 0.166667 17
14024 24 11 35 0.371429 17
14025 8 36 44 -0.636364 20
14026 12 27 39 -0.384615 14
14027 29 2 31 0.870968 12
14028 6 17 23 -0.478261 13
14029 4 31 35 -0.771429 16
14030 28 15 43 0.302326 19
14031 9 19 28 -0.357143 17
14032 8 35 43 -0.627907 22
14033 1 31 32 -0.9375 14
14034 14 29 43 -0.348837 23
14035 18 9 27 0.333333 16
14036 21 16 37 0.135135 21
14037 44 4 48 0.833333 17
14038 1 47 48 -0.958333 13
14039 13 19 32 -0.1875 11
14040 0 0 0 0 0
14041 15 1 16 0.875 6
14042 3 26 29 -0.793103 11
14043 22 3 25 0.76 12
14044 19 9 28 0.357143 17
14045 0 38 38 -1 12
14046 5 52 57 -0.824561 18
14047 7 20 27 -0.481481 13
14048 24 19 43 0.116279 20
14049 1 35 36 -0.944444 14
14050 22 3 25 0.76 16
14051 21 10 31 0.354839 20
14052 22 6 28 0.571429 13
14053 13 6 19 0.368421 13
14054 44 2 46 0.913043 15
14055 38 3 41 0.853659 18
14056 10 15 25 -0.2 16
14057 19 8 27 0.407407 16
14058 9 0 9 1 1
14059 23 7 30 0.533333 20
14060 31 2 33 0.878788 7
14061 3 20 23 -0.73913 18
14062 34 4 38 0.789474 10
14063 1 62 63 -0.968254 11
14064 24 12 36 0.333333 19
14065 8 7 15 0.0666667 14
14066 19 16 35 0.0857143 19
14067 17 7 24 0.416667 15
14068 7 36 43 -0.674419 20
14069 1 38 39 -0.948718 16
14070 36 3 39 0.846154 15
14071 0 26 26 -1 13
14072 18 9 27 0.333333 14
14073 14 8 22 0.272727 16
14074 25 0 25 1 12
14075 31 6 37 0.675676 16
14076 28 9 37 0.513514 19
14077 4 31 35 -0.771429 16
14078 10 17 27 -0.259259 15
14079 37 5 42 0.761905 20
14080 20 14 34 0.176471 18
14081 9 7 16 0.125 10
14082 5 29 34 -0.705882 13
14083 11 27 38 -0.421053 13
14084 32 6 38 0.684211 18
14085 12 18 30 -0.2 15
14086 2 41 43 -0.906977 15
14087 23 10 33 0.393939 15
14088 12 15 27 -0.111111 16
14089 13 27 40 -0.35 21
14090 16 9 25 0.28 10
14091 11 16 27 -0.185185 12
14092 10 18 28 -0.285714 22
14093 21 9 30 0.4 14
14094 16 19 35 -0.0857143 21
14095 15 13 28 0.0714286 16
14096 8 26 34 -0.529412 21
14097 0 45 45 -1 11
14098 20 18 38 0.0526316 22
14099 1 21 22 -0.909091 11
14100 2 31 33 -0.878788 15
14101 9 27 36 -0.5 18
14102 40 0 40 1 12
14103 20 15 35 0.142857 16
14104 18 8 26 0.384615 18
14105 1 31 32 -0.9375 14
14106 8 17 25 -0.36 14
14107 15 14 29 0.0344828 17
14108 3 29 32 -0.8125 15
14109 7 15 22 -0.363636 16
14110 12 28 40 -0.4 17
14111 28 22 50 0.12 22
14112 5 34 39 -0.74359 15
14113 18 28 46 -0.217391 14
14114 2 31 33 -0.878788 14
14115 2 30 32 -0.875 15
14116 5 22 27 -0.62963 9
14117 11 20 31 -0.290323 19
14118 20 2 22 0.818182 14
14119 15 16 31 -0.0322581 15
14120 5 14 19 -0.473684 13
14121 11 18 29 -0.241379 17
14122 19 4 23 0.652174 13
14123 3 48 51 -0.882353 19
14124 5 29 34 -0.705882 16
14125 9 29 38 -0.526316 16
14126 25 7 32 0.5625 20
14127 2 29 31 -0.870968 13
14128 4 12 16 -0.5 12
14129 35 12 47 0.489362 16
14130 24 4 28 0.714286 13
14131 10 16 26 -0.230769 14
14132 12 18 30 -0.2 19
14133 2 40 42 -0.904762 17
14134 2 34 36 -0.888889 17
14135 19 0 19 1 9
14136 17 27 44 -0.227273 20
14137 17 3 20 0.7 15
14138 16 13 29 0.103448 15
14139 6 14 20 -0.4 11
14140 6 22 28 -0.571429 14
14141 6 12 18 -0.333333 14
14142 10 31 41 -0.512195 18
14143 17 14 31 0.0967742 16
14144 31 6 37 0.675676 17
14145 25 13 38 0.315789 20
14146 1 26 27 -0.925926 12
14147 14 17 31 -0.0967742 22
14148 21 3 24 0.75 13
14149 16 10 26 0.230769 16
14150 15 31 46 -0.347826 17
14151 20 7 27 0.481481 18
14152 6 12 18 -0.333333 11
14153 16 20 36 -0.111111 22
14154 35 2 37 0.891892 16
14155 8 22 30 -0.466667 17
14156 31 1 32 0.9375 13
14157 28 7 35 0.6 18
14158 12 19 31 -0.225806 16
14159 13 0 13 1 5
14160 5 33 38 -0.736842 18
14161 7 33 40 -0.65 14
14162 9 19 28 -0.357143 19
14163 31 2 33 0.878788 17
14164 12 13 25 -0.04 12
14165 1 24 25 -0.92 13
14166 10 16 26 -0.230769 17
14167 54 1 55 0.963636 15
14168 2 27 29 -0.862069 12
14169 0 28 28 -1 12
14170 23 4 27 0.703704 16
14171 32 0 32 1 10
14172 12 22 34 -0.294118 21
14173 26 12 38 0.368421 13
14174 22 14 36 0.222222 15
14175 43 3 46 0.869565 16
14176 2 52 54 -0.925926 14
14177 6 30 36 -0.666667 16
14178 1 37 38 -0.947368 16
14179 13 15 28 -0.0714286 12
14180 37 15 52 0.423077 22
14181 15 17 32 -0.0625 16
14182 21 6 27 0.555556 16
14183 37 6 43 0.72093 17
14184 4 22 26 -0.692308 15
14185 12 16 28 -0.142857 19
14186 35 17 52 0.346154 25
14187 45 3 48 0.875 14
14188 32 18 50 0.28 26
14189 2 29 31 -0.870968 14
14190 25 0 25 1 14
14191 11 18 29 -0.241379 18
14192 32 3 35 0.828571 16
14193 13 6 19 0.368421 11
14194 14 16 30 -0.0666667 14
14195 6 19 25 -0.52 14
14196 20 9 29 0.37931 17
14197 24 4 28 0.714286 16
14198 35 7 42 0.666667 17
14199 28 5 33 0.69697 15
14200 31 5 36 0.722222 16
14201 5 12 17 -0.411765 11
14202 9 4 13 0.384615 6
14203 31 4 35 0.771429 13
14204 34 6 40 0.7 17
14205 18 18 36 0 21
14206 51 4 55 0.854545 16
14207 10 22 32 -0.375 16
14208 34 3 37 0.837838 12
14209 8 35 43 -0.627907 9
14210 1 42 43 -0.953488 12
14211 2 25 27 -0.851852 11
14212 55 0 55 1 7
14213 30 16 46 0.304348 18
14214 1 38 39 -0.948718 8
14215 9 18 27 -0.333333 13
14216 5 26 31 -0.677419 16
14217 28 1 29 0.931034 13
14218 19 14 33 0.151515 19
14219 15 27 42 -0.285714 18
14220 10 31 41 -0.512195 19
14221 30 7 37 0.621622 16
14222 22 6 28 0.571429 15
14223 31 5 36 0.722222 14
14224 10 25 35 -0.428571 16
14225 14 13 27 0.037037 16
14226 9 23 32 -0.4375 17
14227 17 9 26 0.307692 16
14228 9 45 54 -0.666667 19
14229 30 4 34 0.764706 14
14230 11 12 23 -0.0434783 11
14231 32 0 32 1 12
14232 7 15 22 -0.363636 16
14233 42 4 46 0.826087 15
14234 31 4 35 0.771429 16
14235 21 21 42 0 19
14236 30 12 42 0.428571 19
14237 16 29 45 -0.288889 20
14238 18 17 35 0.0285714 18
14239 2 24 26 -0.846154 14
14240 10 21 31 -0.354839 13
14241 29 7 36 0.611111 17
14242 38 5 43 0.767442 14
14243 2 32 34 -0.882353 15
14244 9 19 28 -0.357143 12
14245 30 6 36 0.666667 21
14246 2 39 41 -0.902439 18
14247 6 29 35 -0.657143 15
14248 5 21 26 -0.615385 14
14249 22 3 25 0.76 12
14250 1 28 29 -0.931034 15
14251 4 22 26 -0.692308 11
14252 21 7 28 0.5 13
14253 25 11 36 0.388889 16
14254 11 25 36 -0.388889 12
14255 2 34 36 -0.888889 18
14256 3 20 23 -0.73913 12
14257 25 12 37 0.351351 19
14258 17 19 36 -0.0555556 20
14259 39 0 39 1 14
14260 28 13 41 0.365854 21
14261 8 12 20 -0.2 8
14262 12 14 26 -0.0769231 21
14263 6 26 32 -0.625 15
14264 17 18 35 -0.0285714 16
14265 6 26 32 -0.625 16
14266 35 1 36 0.944444 16
14267 12 26 38 -0.368421 18
14268 6 30 36 -0.666667 17
14269 20 14 34 0.176471 20
14270 13 9 22 0.181818 13
14271 8 20 28 -0.428571 12
14272 24 12 36 0.333333 23
14273 10 18 28 -0.285714 15
14274 20 15 35 0.142857 20
14275 35 2 37 0.891892 6
14276 6 19 25 -0.52 14
14277 19 21 40 -0.05 21
14278 15 20 35 -0.142857 17
14279 1 37 38 -0.947368 14
14280 9 22 31 -0.419355 16
14281 54 0 54 1 12
14282 35 8 43 0.627907 17
14283 8 11 19 -0.157895 11
14284 20 18 38 0.0526316 15
14285 47 0 47 1 11
14286 8 28 36 -0.555556 20
14287 5 13 18 -0.444444 13
14288 33 5 38 0.736842 17
14289 4 33 37 -0.783784 12
14290 5 21 26 -0.615385 18
14291 0 51 51 -1 12
14292 36 7 43 0.674419 16
14293 1 20 21 -0.904762 8
14294 9 27 36 -0.5 19
14295 10 10 20 0 11
14296 20 7 27 0.481481 20
14297 34 3 37 0.837838 16
14298 20 7 27 0.481481 14
14299 3 33 36 -0.833333 19
14300 17 28 45 -0.244444 19
14301 12 11 23 0.0434783 14
14302 8 30 38 -0.578947 13
14303 3 26 29 -0.793103 13
14304 8 31 39 -0.589744 20
14305 5 27 32 -0.6875 11
14306 5 8 13 -0.230769 10
14307 26 7 33 0.575758 13
14308 7 8 15 -0.0666667 10
14309 28 3 31 0.806452 14
14310 14 6 20 0.4 14
14311 7 26 33 -0.575758 15
14312 26 12 38 0.368421 18
14313 10 26 36 -0.444444 15
14314 20 13 33 0.212121 20
14315 15 19 34 -0.117647 21
14316 10 14 24 -0.166667 14
14317 23 14 37 0.243243 18
14318 24 7 31 0.548387 18
14319 25 0 25 1 9
14320 16 9 25 0.28 12
14321 13 21 34 -0.235294 17
14322 14 11 25 0.12 15
14323 11 22 33 -0.333333 14
14324 17 2 19 0.789474 13
14325 20 8 28 0.428571 19
14326 29 12 41 0.414634 22
14327 23 11 34 0.352941 15
14328 18 16 34 0.0588235 12
14329 11 22 33 -0.333333 19
14330 14 26 40 -0.3 21
14331 14 18 32 -0.125 12
14332 19 11 30 0.266667 12
14333 17 16 33 0.030303 16
14334 7 29 36 -0.611111 19
14335 25 10 35 0.428571 16
14336 39 6 45 0.733333 19
14337 3 34 37 -0.837838 16
14338 8 14 22 -0.272727 15
14339 16 23 39 -0.179487 21
14340 25 10 35 0.428571 14
14341 4 37 41 -0.804878 16
14342 10 13 23 -0.130435 18
14343 19 19 38 0 24
14344 12 6 18 0.333333 13
14345 21 15 36 0.166667 14
14346 14 9 23 0.217391 11
14347 8 21 29 -0.448276 18
14348 23 2 25 0.84 11
14349 5 23 28 -0.642857 19
14350 34 0 34 1 13
14351 13 17 30 -0.133333 16
14352 28 3 31 0.806452 16
14353 18 12 30 0.2 17
14354 17 11 28 0.214286 17
14355 25 10 35 0.428571 16
14356 3 46 49 -0.877551 12
14357 7 30 37 -0.621622 19
14358 21 21 42 0 18
14359 29 2 31 0.870968 12
14360 50 11 61 0.639344 18
14361 30 3 33 0.818182 14
14362 9 19 28 -0.357143 14
14363 0 29 29 -1 12
14364 51 1 52 0.961538 9
14365 32 0 32 1 12
14366 6 20 26 -0.538462 12
14367 20 20 40 0 18
14368 30 5 35 0.714286 15
14369 26 7 33 0.575758 10
14370 11 22 33 -0.333333 16
14371 42 4 46 0.826087 17
14372 26 1 27 0.925926 13
14373 14 12 26 0.0769231 14
14374 26 4 30 0.733333 13
14375 21 12 33 0.272727 15
14376 13 16 29 -0.103448 16
14377 1 43 44 -0.954545 11
14378 48 1 49 0.959184 18
14379 17 8 25 0.36 13
14380 0 38 38 -1 16
14381 14 15 29 -0.0344828 13
14382 16 12 28 0.142857 17
14383 50 1 51 0.960784 14
14384 16 5 21 0.52381 14
14385 0 47 47 -1 17
14386 39 4 43 0.813953 20
14387 30 10 40 0.5 23
14388 45 2 47 0.914894 13
14389 20 8 28 0.428571 16
14390 7 25 32 -0.5625 12
14391 14 24 38 -0.263158 18
14392 9 16 25 -0.28 12
14393 26 15 41 0.268293 15
14394 20 2 22 0.818182 12
14395 38 1 39 0.948718 10
14396 39 4 43 0.813953 21
14397 3 36 39 -0.846154 13
14398 10 10 20 0 14
14399 19 19 38 0 22
14400 42 5 47 0.787234 13
14401 3 22 25 -0.76 8
14402 22 3 25 0.76 9
14403 13 10 23 0.130435 14
14404 25 4 29 0.724138 18
14405 0 45 45 -1 13
14406 6 20 26 -0.538462 15
14407 9 24 33 -0.454545 16
14408 21 8 29 0.448276 14
14409 0 24 24 -1 13
14410 16 12 28 0.142857 17
14411 19 17 36 0.0555556 15
14412 12 12 24 0 16
14413 9 19 28 -0.357143 17
14414 8 14 22 -0.272727 11
14415 5 23 28 -0.642857 15
14416 2 23 25 -0.84 15
14417 23 6 29 0.586207 13
14418 27 3 30 0.8 13
14419 19 17 36 0.0555556 21
14420 5 23 28 -0.642857 15
14421 4 17 21 -0.619048 14
14422 28 6 34 0.647059 14
14423 1 31 32 -0.9375 10
14424 22 9 31 0.419355 18
14425 42 3 45 0.866667 17
14426 18 12 30 0.2 18
14427 1 37 38 -0.947368 16
14428 15 18 33 -0.0909091 17
14429 35 0 35 1 7
14430 7 21 28 -0.5 17
14431 42 0 42 1 15
14432 23 22 45 0.0222222 19
14433 8 28 36 -0.555556 15
14434 2 41 43 -0.906977 13
14435 0 27 27 -1 12
14436 9 33 42 -0.571429 17
14437 26 1 27 0.925926 12
14438 9 25 34 -0.470588 19
14439 46 10 56 0.642857 21
14440 27 8 35 0.542857 16
14441 38 2 40 0.9 9
14442 29 18 47 0.234043 28
14443 30 7 37 0.621622 20
14444 29 13 42 0.380952 19
14445 9 10 19 -0.0526316 13
14446 3 33 36 -0.833333 12
14447 5 22 27 -0.62963 15
14448 24 2 26 0.846154 12
14449 39 1 40 0.95 18
14450 51 2 53 0.924528 10
14451 21 9 30 0.4 18
14452 11 5 16 0.375 11
14453 21 10 31 0.354839 12
14454 34 17 51 0.333333 18
14455 20 6 26 0.538462 17
14456 31 8 39 0.589744 14
14457 20 4 24 0.666667 13
14458 3 40 43 -0.860465 17
14459 5 32 37 -0.72973 15
14460 7 24 31 -0.548387 14
14461 24 0 24 1 10
14462 30 10 40 0.5 17
14463 23 17 40 0.15 21
14464 19 7 26 0.461538 13
14465 9 11 20 -0.1 14
14466 29 3 32 0.8125 15
14467 12 17 29 -0.172414 15
14468 3 7 10 -0.4 8
14469 14 15 29 -0.0344828 13
14470 28 5 33 0.69697 20
14471 18 17 35 0.0285714 18
14472 29 7 36 0.611111 20
14473 35 4 39 0.794872 16
14474 4 28 32 -0.75 16
14475 24 17 41 0.170732 18
14476 43 3 46 0.869565 15
14477 22 11 33 0.333333 22
14478 8 29 37 -0.567568 20
14479 8 26 34 -0.529412 12
14480 12 21 33 -0.272727 16
14481 36 10 46 0.565217 22
14482 1 33 34 -0.941176 14
14483 4 30 34 -0.764706 16
14484 4 48 52 -0.846154 19
14485 6 41 47 -0.744681 22
14486 15 23 38 -0.210526 16
14487 2 23 25 -0.84 12
14488 30 5 35 0.714286 15
14489 20 17 37 0.0810811 19
14490 23 9 32 0.4375 19
14491 0 42 42 -1 13
14492 6 31 37 -0.675676 18
14493 11 25 36 -0.388889 19
14494 19 23 42 -0.0952381 22
14495 27 15 42 0.285714 21
14496 6 15 21 -0.428571 13
14497 49 4 53 0.849057 15
14498 30 5 35 0.714286 16
14499 14 19 33 -0.151515 20
14500 28 12 40 0.4 17
14501 18 12 30 0.2 18
14502 26 9 35 0.485714 21
14503 22 13 35 0.257143 22
14504 11 14 25 -0.12 19
14505 26 4 30 0.733333 15
14506 23 24 47 -0.0212766 20
14507 29 4 33 0.757576 15
14508 29 11 40 0.45 17
14509 13 14 27 -0.037037 11
14510 6 25 31 -0.612903 12
14511 10 15 25 -0.2 11
14512 14 7 21 0.333333 15
14513 5 39 44 -0.772727 14
14514 4 32 36 -0.777778 14
14515 18 17 35 0.0285714 19
14516 24 24 48 0 18
14517 6 29 35 -0.657143 19
14518 7 39 46 -0.695652 13
14519 13 17 30 -0.133333 14
14520 7 21 28 -0.5 12
14521 9 31 40 -0.55 22
14522 22 8 30 0.466667 10
14523 5 27 32 -0.6875 14
14524 13 19 32 -0.1875 15
14525 22 11 33 0.333333 18
14526 21 11 32 0.3125 16
14527 48 5 53 0.811321 17
14528 4 29 33 -0.757576 17
14529 8 23 31 -0.483871 12
14530 20 7 27 0.481481 18
14531 28 7 35 0.6 16
14532 44 3 47 0.87234 13
14533 9 18 27 -0.333333 19
14534 4 33 37 -0.783784 11
14535 31 3 34 0.823529 13
14536 5 31 36 -0.722222 18
14537 2 32 34 -0.882353 18
14538 3 33 36 -0.833333 12
14539 35 5 40 0.75 16
14540 1 42 43 -0.953488 8
14541 15 22 37 -0.189189 20
14542 33 4 37 0.783784 11
14543 29 17 46 0.26087 22
14544 34 1 35 0.942857 16
14545 16 22 38 -0.157895 16
14546 6 35 41 -0.707317 15
14547 3 32 35 -0.828571 15
14548 0 47 47 -1 12
14549 41 10 51 0.607843 18
14550 0 49 49 -1 14
14551 27 8 35 0.542857 18
14552 2 30 32 -0.875 10
14553 7 24 31 -0.548387 18
14554 7 29 36 -0.611111 17
14555 24 11 35 0.371429 21
14556 8 21 29 -0.448276 15
14557 12 22 34 -0.294118 18
14558 10 21 31 -0.354839 15
14559 15 11 26 0.153846 15
14560 3 25 28 -0.785714 12
14561 28 8 36 0.555556 18
14562 9 29 38 -0.526316 16
14563 25 7 32 0.5625 11
14564 10 16 26 -0.230769 17
14565 4 26 30 -0.733333 16
14566 2 33 35 -0.885714 17
14567 3 53 56 -0.892857 19
14568 5 35 40 -0.75 19
14569 21 19 40 0.05 17
14570 17 4 21 0.619048 15
14571 48 1 49 0.959184 9
14572 31 1 32 0.9375 10
14573 9 16 25 -0.28 14
14574 7 27 34 -0.588235 19
14575 4 20 24 -0.666667 16
14576 39 3 42 0.857143 18
14577 2 34 36 -0.888889 17
14578 3 35 38 -0.842105 18
14579 21 12 33 0.272727 17
14580 32 6 38 0.684211 16
14581 13 21 34 -0.235294 17
14582 0 28 28 -1 13
14583 36 7 43 0.674419 15
14584 11 9 20 0.1 12
14585 19 11 30 0.266667 14
14586 6 30 36 -0.666667 20
14587 8 16 24 -0.333333 13
14588 4 54 58 -0.862069 14
14589 7 20 27 -0.481481 14
14590 3 37 40 -0.85 18
14591 40 4 44 0.818182 11
14592 18 2 20 0.8 12
14593 36 8 44 0.636364 23
14594 4 27 31 -0.741935 14
14595 36 0 36 1 15
14596 7 23 30 -0.533333 19
14597 18 6 24 0.5 15
14598 25 22 47 0.0638298 25
14599 3 41 44 -0.863636 16
14600 7 27 34 -0.588235 20
14601 13 9 22 0.181818 14
14602 25 8 33 0.515152 15
14603 12 17 29 -0.172414 16
14604 5 22 27 -0.62963 15
14605 8 39 47 -0.659574 15
14606 3 30 33 -0.818182 13
14607 28 12 40 0.4 15
14608 23 17 40 0.15 18
14609 28 2 30 0.866667 14
14610 4 29 33 -0.757576 18
14611 7 25 32 -0.5625 16
14612 34 1 35 0.942857 17
14613 1 30 31 -0.935484 14
14614 13 22 35 -0.257143 19
14615 26 5 31 0.677419 10
14616 15 15 30 0 17
14617 43 5 48 0.791667 17
14618 21 20 41 0.0243902 19
14619 2 32 34 -0.882353 13
14620 29 8 37 0.567568 20
14621 13 4 17 0.529412 8
14622 25 13 38 0.315789 18
14623 7 21 28 -0.5 15
14624 17 16 33 0.030303 23
14625 20 14 34 0.176471 20
14626 30 3 33 0.818182 16
14627 17 25 42 -0.190476 25
14628 10 8 18 0.111111 13
14629 23 2 25 0.84 14
14630 48 3 51 0.882353 12
14631 8 20 28 -0.428571 15
14632 34 0 34 1 11
14633 0 26 26 -1 14
14634 31 3 34 0.823529 17
14635 36 14 50 0.44 16
14636 43 5 48 0.791667 15
14637 22 11 33 0.333333 19
14638 2 23 25 -0.84 11
14639 39 4 43 0.813953 18
14640 26 12 38 0.368421 18
14641 17 15 32 0.0625 21
14642 10 24 34 -0.411765 20
14643 9 14 23 -0.217391 14
14644 8 20 28 -0.428571 12
14645 11 24 35 -0.371429 15
14646 4 27 31 -0.741935 12
14647 19 10 29 0.310345 21
14648 18 4 22 0.636364 13
14649 24 11 35 0.371429 14
14650 1 41 42 -0.952381 11
14651 1 39 40 -0.95 15
14652 1 43 44 -0.954545 15
14653 44 0 44 1 16
14654 14 12 26 0.0769231 19
14655 20 11 31 0.290323 18
14656 35 1 36 0.944444 13
14657 3 47 50 -0.88 13
14658 34 4 38 0.789474 13
14659 18 0 18 1 11
14660 9 31 40 -0.55 17
14661 22 21 43 0.0232558 20
14662 36 3 39 0.846154 16
14663 42 5 47 0.787234 19
14664 8 22 30 -0.466667 14
14665 15 9 24 0.25 17
14666 6 9 15 -0.2 14
14667 28 7 35 0.6 14
14668 17 0 17 1 9
14669 21 25 46 -0.0869565 22
14670 2 51 53 -0.924528 15
14671 25 8 33 0.515152 18
14672 9 21 30 -0.4 13
14673 7 31 38 -0.631579 20
14674 17 13 30 0.133333 19
14675 32 1 33 0.939394 13
14676 14 22 36 -0.222222 20
14677 3 33 36 -0.833333 16
14678 9 14 23 -0.217391 13
14679 3 24 27 -0.777778 15
14680 21 9 30 0.4 19
14681 17 16 33 0.030303 22
14682 7 15 22 -0.363636 13
14683 5 35 40 -0.75 17
14684 4 26 30 -0.733333 13
14685 2 26 28 -0.857143 13
14686 15 13 28 0.0714286 16
14687 10 16 26 -0.230769 15
14688 19 4 23 0.652174 11
14689 16 7 23 0.391304 14
14690 3 39 42 -0.857143 15
14691 22 21 43 0.0232558 20
14692 8 18 26 -0.384615 17
14693 23 17 40 0.15 19
14694 31 7 38 0.631579 16
14695 11 28 39 -0.435897 15
14696 23 2 25 0.84 12
14697 14 16 30 -0.0666667 18
14698 8 28 36 -0.555556 18
14699 14 29 43 -0.348837 23
14700 29 5 34 0.705882 19
14701 6 33 39 -0.692308 19
14702 3 46 49 -0.877551 9
14703 7 13 20 -0.3 16
14704 14 10 24 0.166667 17
14705 1 52 53 -0.962264 13
14706 11 14 25 -0.12 14
14707 18 8 26 0.384615 15
14708 40 1 41 0.95122 11
14709 8 21 29 -0.448276 14
14710 7 21 28 -0.5 15
14711 11 24 35 -0.371429 18
14712 26 1 27 0.925926 13
14713 7 35 42 -0.666667 18
14714 2 42 44 -0.909091 20
14715 1 19 20 -0.9 10
14716 3 22 25 -0.76 16
14717 3 38 41 -0.853659 13
14718 19 14 33 0.151515 19
14719 15 15 30 0 15
14720 18 21 39 -0.0769231 19
14721 1 36 37 -0.945946 16
14722 41 7 48 0.708333 17
14723 6 24 30 -0.6 16
14724 1 28 29 -0.931034 13
14725 15 16 31 -0.0322581 17
14726 7 24 31 -0.548387 15
14727 25 1 26 0.923077 8
14728 4 31 35 -0.771429 16
14729 12 12 24 0 16
14730 25 6 31 0.612903 19
14731 10 14 24 -0.166667 21
14732 14 22 36 -0.222222 18
14733 9 28 37 -0.513514 17
14734 20 20 40 0 22
14735 19 9 28 0.357143 12
14736 14 2 16 0.75 10
14737 33 2 35 0.885714 16
14738 33 14 47 0.404255 20
14739 11 25 36 -0.388889 17
14740 12 18 30 -0.2 14
14741 29 10 39 0.487179 17
14742 7 26 33 -0.575758 16
14743 4 27 31 -0.741935 17
14744 10 26 36 -0.444444 12
14745 13 17 30 -0.133333 12
14746 13 18 31 -0.16129 19
14747 16 18 34 -0.0588235 14
14748 8 21 29 -0.448276 14
14749 4 39 43 -0.813953 11
14750 2 19 21 -0.809524 13
14751 1 14 15 -0.866667 7
14752 15 10 25 0.2 12
14753 12 15 27 -0.111111 14
14754 3 25 28 -0.785714 8
14755 26 3 29 0.793103 15
14756 18 5 23 0.565217 12
14757 1 37 38 -0.947368 9
14758 12 24 36 -0.333333 21
14759 9 34 43 -0.581395 20
14760 28 3 31 0.806452 19
14761 24 10 34 0.411765 16
14762 24 1 25 0.92 13
14763 25 6 31 0.612903 15
14764 41 2 43 0.906977 19
14765 4 19 23 -0.652174 15
14766 38 4 42 0.809524 15
14767 7 24 31 -0.548387 16
14768 20 13 33 0.212121 15
14769 6 30 36 -0.666667 10
14770 31 2 33 0.878788 9
14771 4 40 44 -0.818182 19
14772 34 8 42 0.619048 18
14773 9 23 32 -0.4375 17
14774 27 2 29 0.862069 13
14775 7 24 31 -0.548387 16
14776 48 2 50 0.92 15
14777 11 18 29 -0.241379 12
14778 25 13 38 0.315789 21
14779 26 11 37 0.405405 19
14780 4 17 21 -0.619048 11
14781 27 9 36 0.5 13
14782 0 42 42 -1 6
14783 19 14 33 0.151515 12
14784 10 24 34 -0.411765 17
14785 2 23 25 -0.84 17
14786 13 28 41 -0.365854 24
14787 17 25 42 -0.190476 21
14788 6 30 36 -0.666667 16
14789 7 16 23 -0.391304 14
14790 21 21 42 0 18
14791 19 5 24 0.583333 11
14792 0 33 33 -1 9
14793 5 33 38 -0.736842 18
14794 14 7 21 0.333333 13
14795 25 9 34 0.470588 16
14796 30 4 34 0.764706 17
14797 4 40 44 -0.818182 13
14798 3 32 35 -0.828571 16
14799 23 1 24 0.916667 18
14800 20 10 30 0.333333 13
14801 8 36 44 -0.636364 21
14802 32 4 36 0.777778 14
14803 24 8 32 0.5 12
14804 10 24 34 -0.411765 19
14805 31 11 42 0.47619 19
14806 20 5 25 0.6 9
14807 0 36 36 -1 15
14808 6 13 19 -0.368421 14
14809 15 14 29 0.0344828 19
14810 24 7 31 0.548387 17
14811 5 28 33 -0.69697 13
14812 3 31 34 -0.823529 16
14813 24 12 36 0.333333 18
14814 6 28 34 -0.647059 17
14815 2 24 26 -0.846154 14
14816 24 14 38 0.263158 17
14817 20 24 44 -0.0909091 24
14818 22 22 44 0 22
14819 36 2 38 0.894737 16
14820 7 25 32 -0.5625 19
14821 4 29 33 -0.757576 13
14822 30 3 33 0.818182 16
14823 20 13 33 0.212121 21
14824 2 24 26 -0.846154 10
14825 1 26 27 -0.925926 15
14826 10 26 36 -0.444444 20
14827 15 12 27 0.111111 16
14828 48 8 56 0.714286 20
14829 27 5 32 0.6875 19
14830 36 0 36 1 13
14831 34 3 37 0.837838 14
14832 12 18 30 -0.2 14
14833 23 10 33 0.393939 17
14834 3 27 30 -0.8 16
14835 16 16 32 0 14
14836 5 38 43 -0.767442 15
14837 5 24 29 -0.655172 14
14838 26 5 31 0.677419 15
14839 61 7 68 0.794118 21
14840 10 12 22 -0.0909091 9
14841 13 18 31 -0.16129 19
14842 11 12 23 -0.0434783 13
14843 13 20 33 -0.212121 20
14844 22 7 29 0.517241 18
14845 11 3 14 0.571429 13
14846 8 17 25 -0.36 15
14847 5 19 24 -0.583333 17
14848 2 28 30 -0.866667 12
14849 8 36 44 -0.636364 18
14850 28 3 31 0.806452 15
14851 15 17 32 -0.0625 16
14852 21 16 37 0.135135 19
14853 45 3 48 0.875 20
14854 54 2 56 0.928571 8
14855 5 23 28 -0.642857 13
14856 9 17 26 -0.307692 16
14857 3 54 57 -0.894737 17
14858 48 1 49 0.959184 8
14859 42 2 44 0.909091 17
14860 1 34 35 -0.942857 12
14861 15 15 30 0 17
14862 34 8 42 0.619048 16
14863 24 1 25 0.92 10
14864 7 31 38 -0.631579 21
14865 5 46 51 -0.803922 17
14866 7 19 26 -0.461538 14
14867 34 7 41 0.658537 19
14868 22 0 22 1 15
14869 0 21 21 -1 9
14870 18 17 35 0.0285714 22
14871 11 30 41 -0.463415 18
14872 15 20 35 -0.142857 16
14873 46 0 46 1 7
14874 10 13 23 -0.130435 14
14875 24 12 36 0.333333 20
14876 38 5 43 0.767442 16
14877 30 5 35 0.714286 17
14878 7 25 32 -0.5625 15
14879 2 34 36 -0.888889 9
14880 3 25 28 -0.785714 16
14881 26 6 32 0.625 19
14882 3 33 36 -0.833333 18
14883 37 6 43 0.72093 21
14884 12 22 34 -0.294118 21
14885 33 1 34 0.941176 15
14886 4 23 27 -0.703704 15
14887 11 9 20 0.1 17
14888 24 18 42 0.142857 22
14889 7 26 33 -0.575758 16
14890 12 19 31 -0.225806 14
14891 13 29 42 -0.380952 15
14892 12 23 35 -0.314286 20
14893 16 13 29 0.103448 16
14894 15 21 36 -0.166667 18
14895 30 7 37 0.621622 19
14896 3 25 28 -0.785714 15
14897 34 8 42 0.619048 15
14898 3 40 43 -0.860465 14
14899 33 2 35 0.885714 18
14900 3 47 50 -0.88 15
14901 10 18 28 -0.285714 17
14902 42 3 45 0.866667 11
14903 40 3 43 0.860465 18
14904 20 20 40 0 23
14905 3 33 36 -0.833333 16
14906 24 13 37 0.297297 18
14907 22 18 40 0.1 21
14908 27 1 28 0.928571 17
14909 19 8 27 0.407407 15
14910 32 5 37 0.72973 14
14911 7 28 35 -0.6 16
14912 2 38 40 -0.9 15
14913 30 0 30 1 7
14914 11 26 37 -0.405405 20
14915 10 15 25 -0.2 13
14916 15 17 32 -0.0625 16
14917 28 9 37 0.513514 22
14918 4 37 41 -0.804878 18
14919 26 13 39 0.333333 21
14920 17 5 22 0.545455 10
14921 8 33 41 -0.609756 14
14922 1 22 23 -0.913043 8
14923 13 26 39 -0.333333 14
14924 22 11 33 0.333333 17
14925 7 22 29 -0.517241 18
14926 26 5 31 0.677419 17
14927 36 1 37 0.945946 16
14928 5 34 39 -0.74359 15
14929 27 6 33 0.636364 19
14930 12 20 32 -0.25 20
14931 18 18 36 0 17
14932 5 32 37 -0.72973 10
14933 3 34 37 -0.837838 16
14934 12 25 37 -0.351351 16
14935 31 2 33 0.878788 18
14936 22 23 45 -0.0222222 19
14937 18 0 18 1 11
14938 8 28 36 -0.555556 15
14939 13 26 39 -0.333333 19
14940 19 10 29 0.310345 19
14941 4 29 33 -0.757576 17
14942 4 2 6 0.333333 5
14943 22 10 32 0.375 14
14944 34 5 39 0.74359 18
14945 28 13 41 0.365854 19
14946 16 18 34 -0.0588235 19
14947 19 16 35 0.0857143 20
14948 26 2 28 0.857143 13
14949 18 13 31 0.16129 15
14950 23 18 41 0.121951 21
14951 13 11 24 0.0833333 14
14952 12 26 38 -0.368421 18
14953 34 0 34 1 13
14954 9 30 39 -0.538462 18
14955 17 9 26 0.307692 17
14956 17 28 45 -0.244444 21
14957 16 32 48 -0.333333 19
14958 34 7 41 0.658537 12
14959 18 4 22 0.636364 12
14960 15 7 22 0.363636 13
14961 29 1 30 0.933333 11
14962 15 2 17 0.764706 8
14963 2 18 20 -0.8 13
14964 3 27 30 -0.8 13
14965 4 23 27 -0.703704 15
14966 32 0 32 1 7
14967 12 45 57 -0.578947 20
14968 45 2 47 0.914894 13
14969 26 12 38 0.368421 23
14970 26 9 35 0.485714 14
14971 23 26 49 -0.0612245 20
14972 6 24 30 -0.6 17
14973 17 16 33 0.030303 16
14974 2 29 31 -0.870968 10
14975 15 18 33 -0.0909091 21
14976 3 50 53 -0.886792 12
14977 15 17 32 -0.0625 17
14978 43 4 47 0.829787 13
14979 19 18 37 0.027027 19
14980 23 6 29 0.586207 20
14981 26 13 39 0.333333 16
14982 1 20 21 -0.904762 11
14983 0 37 37 -1 9
14984 21 9 30 0.4 16
14985 28 15 43 0.302326 20
14986 20 6 26 0.538462 15
14987 17 3 20 0.7 11
14988 46 0 46 1 15
14989 6 7 13 -0.0769231 8
14990 36 4 40 0.8 11
14991 16 9 25 0.28 17
14992 37 6 43 0.72093 20
14993 18 11 29 0.241379 14
14994 3 30 33 -0.818182 16
14995 35 5 40 0.75 16
14996 19 2 21 0.809524 11
14997 40 3 43 0.860465 13
14998 18 14 32 0.125 15
14999 37 4 41 0.804878 14
15000 30 2 32 0.875 15
15001 1 32 33 -0.939394 12
15002 11 28 39 -0.435897 18
15003 11 22 33 -0.333333 17
15004 17 21 38 -0.105263 15
15005 26 15 41 0.268293 24
15006 27 6 33 0.636364 15
15007 1 16 17 -0.882353 8
15008 37 4 41 0.804878 19
15009 9 20 29 -0.37931 16
15010 29 14 43 0.348837 20
15011 48 1 49 0.959184 10
15012 6 34 40 -0.7 15
15013 15 15 30 0 15
15014 2 25 27 -0.851852 17
15015 17 6 23 0.478261 13
15016 58 1 59 0.966102 6
15017 2 33 35 -0.885714 17
15018 21 11 32 0.3125 15
15019 18 6 24 0.5 9
15020 16 22 38 -0.157895 21
15021 25 12 37 0.351351 20
15022 4 21 25 -0.68 17
15023 22 1 23 0.913043 8
15024 25 19 44 0.136364 19
15025 31 3 34 0.823529 16
15026 7 29 36 -0.611111 14
15027 32 8 40 0.6 11
15028 5 23 28 -0.642857 6
15029 11 30 41 -0.463415 16
15030 7 20 27 -0.481481 15
15031 2 20 22 -0.818182 12
15032 15 17 32 -0.0625 14
15033 16 17 33 -0.030303 19
15034 27 4 31 0.741935 15
15035 15 17 32 -0.0625 15
15036 13 9 22 0.181818 15
15037 3 23 26 -0.769231 13
15038 29 11 40 0.45 19
15039 3 41 44 -0.863636 17
15040 8 27 35 -0.542857 22
15041 19 22 41 -0.0731707 17
15042 48 4 52 0.846154 17
15043 17 15 32 0.0625 18
15044 3 37 40 -0.85 17
15045 6 28 34 -0.647059 15
15046 15 26 41 -0.268293 22
15047 6 32 38 -0.684211 17
15048 18 25 43 -0.162791 20
15049 11 21 32 -0.3125 19
15050 2 36 38 -0.894737 19
15051 8 18 26 -0.384615 16
15052 27 5 32 0.6875 15
15053 41 2 43 0.906977 12
15054 17 17 34 0 20
15055 14 23 37 -0.243243 15
15056 12 34 46 -0.478261 18
15057 3 43 46 -0.869565 14
15058 7 30 37 -0.621622 14
15059 7 35 42 -0.666667 22
15060 5 39 44 -0.772727 19
15061 12 14 26 -0.0769231 14
15062 0 43 43 -1 15
15063 2 45 47 -0.914894 11
15064 37 2 39 0.897436 13
15065 23 3 26 0.769231 8
15066 30 4 34 0.764706 16
15067 1 32 33 -0.939394 12
15068 1 69 70 -0.971429 7
15069 29 5 34 0.705882 11
15070 31 8 39 0.589744 24
15071 24 2 26 0.846154 12
15072 15 8 23 0.304348 15
15073 32 13 45 0.422222 16
15074 9 32 41 -0.560976 18
15075 6 37 43 -0.72093 11
15076 22 13 35 0.257143 20
15077 10 42 52 -0.615385 14
15078 41 7 48 0.708333 20
15079 31 4 35 0.771429 16
15080 33 1 34 0.941176 12
15081 14 14 28 0 13
15082 6 24 30 -0.6 18
15083 3 39 42 -0.857143 18
15084 6 24 30 -0.6 16
15085 16 13 29 0.103448 12
15086 30 15 45 0.333333 22
15087 34 3 37 0.837838 16
15088 1 36 37 -0.945946 15
15089 6 28 34 -0.647059 14
15090 19 9 28 0.357143 13
15091 17 17 34 0 18
15092 13 20 33 -0.212121 18
15093 18 12 30 0.2 18
15094 10 20 30 -0.333333 20
15095 16 14 30 0.0666667 13
15096 21 12 33 0.272727 15
15097 34 5 39 0.74359 16
15098 18 12 30 0.2 14
15099 11 24 35 -0.371429 18
15100 13 16 29 -0.103448 14
15101 3 55 58 -0.896552 16
15102 30 2 32 0.875 11
15103 12 13 25 -0.04 14
15104 9 12 21 -0.142857 14
15105 18 12 30 0.2 20
15106 0 27 27 -1 13
15107 8 23 31 -0.483871 17
15108 15 31 46 -0.347826 18
15109 14 17 31 -0.0967742 18
15110 33 2 35 0.885714 11
15111 5 18 23 -0.565217 11
15112 4 21 25 -0.68 12
15113 23 8 31 0.483871 18
15114 21 19 40 0.05 21
15115 11 30 41 -0.463415 20
15116 30 1 31 0.935484 16
15117 11 22 33 -0.333333 15
15118 21 18 39 0.0769231 19
15119 4 30 34 -0.764706 9
15120 38 4 42 0.809524 12
15121 6 37 43 -0.72093 15
15122 15 11 26 0.153846 15
15123 37 3 40 0.85 15
15124 5 31 36 -0.722222 16
15125 1 33 34 -0.941176 13
15126 13 12 25 0.04 14
15127 27 14 41 0.317073 19
15128 41 1 42 0.952381 15
15129 50 3 53 0.886792 18
15130 3 26 29 -0.793103 16
15131 26 16 42 0.238095 21
15132 4 32 36 -0.777778 18
15133 2 37 39 -0.897436 19
15134 19 10 29 0.310345 11
15135 1 45 46 -0.956522 10
15136 6 23 29 -0.586207 15
15137 14 24 38 -0.263158 20
15138 47 1 48 0.958333 11
15139 29 5 34 0.705882 16
15140 7 25 32 -0.5625 17
15141 1 31 32 -0.9375 10
15142 24 0 24 1 12
15143 3 14 17 -0.647059 8
15144 23 7 30 0.533333 13
15145 33 1 34 0.941176 10
15146 38 5 43 0.767442 15
15147 2 47 49 -0.918367 20
15148 7 25 32 -0.5625 16
15149 36 8 44 0.636364 15
15150 38 2 40 0.9 14
15151 12 17 29 -0.172414 17
15152 4 32 36 -0.777778 19
15153 32 7 39 0.641026 18
15154 24 14 38 0.263158 15
15155 39 1 40 0.95 16
15156 37 2 39 0.897436 13
15157 24 3 27 0.777778 12
15158 3 33 36 -0.833333 20
15159 11 13 24 -0.0833333 14
15160 34 6 40 0.7 10
15161 29 6 35 0.657143 14
15162 2 30 32 -0.875 18
15163 6 30 36 -0.666667 17
15164 12 12 24 0 17
15165 44 3 47 0.87234 12
15166 11 19 30 -0.266667 14
15167 9 35 44 -0.590909 20
15168 5 37 42 -0.761905 15
15169 10 19 29 -0.310345 14
15170 4 46 50 -0.84 15
15171 23 4 27 0.703704 17
15172 12 5 17 0.411765 11
15173 19 7 26 0.461538 12
15174 4 2 6 0.333333 4
15175 37 3 40 0.85 14
15176 24 2 26 0.846154 6
15177 20 21 41 -0.0243902 20
15178 2 42 44 -0.909091 14
15179 2 31 33 -0.878788 11
15180 52 0 52 1 9
15181 4 35 39 -0.794872 17
15182 16 16 32 0 17
15183 7 30 37 -0.621622 18
15184 23 8 31 0.483871 15
15185 26 3 29 0.793103 15
15186 4 43 47 -0.829787 20
15187 11 7 18 0.222222 11
15188 29 5 34 0.705882 18
15189 5 36 41 -0.756098 12
15190 22 7 29 0.517241 15
15191 35 1 36 0.944444 12
15192 41 3 44 0.863636 14
15193 3 28 31 -0.806452 16
15194 19 16 35 0.0857143 18
15195 5 18 23 -0.565217 16
15196 10 10 20 0 15
15197 15 10 25 0.2 13
15198 25 5 30 0.666667 20
15199 21 16 37 0.135135 20
15200 26 10 36 0.444444 19
15201 29 13 42 0.380952 24
15202 9 18 27 -0.333333 14
15203 11 12 23 -0.0434783 15
15204 17 22 39 -0.128205 21
15205 29 10 39 0.487179 19
15206 22 20 42 0.047619 24
15207 24 10 34 0.411765 15
15208 7 33 40 -0.65 14
15209 0 31 31 -1 13
15210 19 21 40 -0.05 18
15211 20 7 27 0.481481 16
15212 42 2 44 0.909091 15
15213 17 25 42 -0.190476 18
15214 1 32 33 -0.939394 19
15215 13 30 43 -0.395349 21
15216 8 45 53 -0.698113 20
15217 4 34 38 -0.789474 16
15218 23 11 34 0.352941 15
15219 26 13 39 0.333333 17
15220 16 9 25 0.28 11
15221 39 10 49 0.591837 18
15222 10 25 35 -0.428571 16
15223 47 0 47 1 10
15224 8 36 44 -0.636364 20
15225 7 30 37 -0.621622 14
15226 4 19 23 -0.652174 11
15227 34 5 39 0.74359 20
15228 8 20 28 -0.428571 16
15229 11 18 29 -0.241379 18
15230 21 13 34 0.235294 21
15231 20 10 30 0.333333 17
15232 22 0 22 1 10
15233 21 7 28 0.5 19
15234 11 20 31 -0.290323 16
15235 19 19 38 0 26
15236 2 45 47 -0.914894 8
15237 29 2 31 0.870968 16
15238 15 14 29 0.0344828 15
15239 35 6 41 0.707317 14
15240 35 6 41 0.707317 12
15241 9 19 28 -0.357143 17
15242 13 23 36 -0.277778 19
15243 35 12 47 0.489362 16
15244 21 13 34 0.235294 19
15245 7 23 30 -0.533333 17
15246 25 0 25 1 9
15247 41 1 42 0.952381 14
15248 26 12 38 0.368421 15
15249 39 12 51 0.529412 14
15250 2 33 35 -0.885714 16
15251 12 13 25 -0.04 17
15252 15 12 27 0.111111 16
15253 22 7 29 0.517241 15
15254 3 34 37 -0.837838 17
15255 5 38 43 -0.767442 17
15256 13 22 35 -0.257143 21
15257 35 6 41 0.707317 21
15258 14 21 35 -0.2 22
15259 7 17 24 -0.416667 16
15260 30 16 46 0.304348 20
15261 19 8 27 0.407407 17
15262 23 14 37 0.243243 21
15263 22 18 40 0.1 18
15264 31 0 31 1 14
15265 28 12 40 0.4 16
15266 11 18 29 -0.241379 19
15267 8 15 23 -0.304348 13
15268 11 13 24 -0.0833333 17
15269 17 21 38 -0.105263 14
15270 7 48 55 -0.745455 18
15271 9 22 31 -0.419355 16
15272 15 22 37 -0.189189 20
15273 7 20 27 -0.481481 11
15274 27 14 41 0.317073 17
15275 39 6 45 0.733333 19
15276 22 16 38 0.157895 23
15277 25 11 36 0.388889 18
15278 24 6 30 0.6 16
15279 31 8 39 0.589744 22
15280 16 24 40 -0.2 17
15281 17 15 32 0.0625 14
15282 14 20 34 -0.176471 16
15283 32 4 36 0.777778 12
15284 4 10 14 -0.428571 12
15285 2 22 24 -0.833333 12
15286 19 14 33 0.151515 14
15287 3 39 42 -0.857143 11
15288 0 39 39 -1 14
15289 16 6 22 0.454545 12
15290 20 2 22 0.818182 13
15291 1 36 37 -0.945946 13
15292 3 27 30 -0.8 15
15293 20 23 43 -0.0697674 20
15294 12 16 28 -0.142857 17
15295 39 8 47 0.659574 11
15296 24 11 35 0.371429 18
15297 0 33 33 -1 12
15298 48 2 50 0.92 16
15299 1 44 45 -0.955556 10
15300 4 37 41 -0.804878 15
15301 19 10 29 0.310345 14
15302 27 10 37 0.459459 13
15303 5 44 49 -0.795918 18
15304 4 36 40 -0.8 14
15305 30 2 32 0.875 16
15306 0 33 33 -1 12
15307 7 15 22 -0.363636 14
15308 26 15 41 0.268293 19
15309 2 25 27 -0.851852 12
15310 1 45 46 -0.956522 13
15311 0 0 0 0 0
15312 17 24 41 -0.170732 18
15313 1 39 40 -0.95 10
15314 4 22 26 -0.692308 14
15315 5 21 26 -0.615385 12
15316 32 0 32 1 13
15317 18 20 38 -0.0526316 20
15318 25 12 37 0.351351 17
15319 40 1 41 0.95122 13
15320 2 2 4 0 3
15321 2 14 16 -0.75 11
15322 35 9 44 0.590909 18
15323 11 25 36 -0.388889 17
15324 1 29 30 -0.933333 12
15325 20 21 41 -0.0243902 17
15326 6 21 27 -0.555556 10
15327 11 22 33 -0.333333 17
15328 24 16 40 0.2 21
15329 4 37 41 -0.804878 14
15330 6 26 32 -0.625 18
15331 5 24 29 -0.655172 12
15332 15 6 21 0.428571 13
15333 20 16 36 0.111111 21
15334 14 5 19 0.473684 14
15335 6 43 49 -0.755102 17
15336 28 11 39 0.435897 16
15337 15 15 30 0 16
15338 14 6 20 0.4 12
15339 36 3 39 0.846154 16
15340 7 29 36 -0.611111 15
15341 8 23 31 -0.483871 17
15342 4 40 44 -0.818182 16
15343 16 24 40 -0.2 20
15344 10 25 35 -0.428571 16
15345 10 24 34 -0.411765 20
15346 3 15 18 -0.666667 9
15347 2 10 12 -0.666667 8
15348 7 45 52 -0.730769 13
15349 34 4 38 0.789474 18
15350 37 1 38 0.947368 17
15351 35 8 43 0.627907 16
15352 17 9 26 0.307692 13
15353 15 16 31 -0.0322581 19
15354 21 0 21 1 8
15355 31 10 41 0.512195 18
15356 24 17 41 0.170732 21
15357 5 15 20 -0.5 14
15358 38 6 44 0.727273 15
15359 10 17 27 -0.259259 19
15360 4 18 22 -0.636364 11
15361 0 33 33 -1 6
15362 25 4 29 0.724138 16
15363 7 24 31 -0.548387 9
15364 3 33 36 -0.833333 14
15365 15 15 30 0 17
15366 11 14 25 -0.12 17
15367 33 6 39 0.692308 18
15368 17 35 52 -0.346154 26
15369 5 31 36 -0.722222 18
15370 0 27 27 -1 13
15371 19 15 34 0.117647 21
15372 37 5 42 0.761905 14
15373 7 33 40 -0.65 17
15374 34 3 37 0.837838 18
15375 26 1 27 0.925926 8
15376 20 12 32 0.25 19
15377 14 16 30 -0.0666667 18
15378 18 23 41 -0.121951 21
15379 22 7 29 0.517241 15
15380 15 10 25 0.2 15
15381 1 35 36 -0.944444 11
15382 2 38 40 -0.9 17
15383 11 21 32 -0.3125 17
15384 26 15 41 0.268293 19
15385 17 5 22 0.545455 15
15386 8 40 48 -0.666667 19
15387 23 13 36 0.277778 18
15388 5 19 24 -0.583333 11
15389 13 8 21 0.238095 11
15390 34 7 41 0.658537 16
15391 33 7 40 0.65 15
15392 30 5 35 0.714286 19
15393 9 40 49 -0.632653 24
15394 20 16 36 0.111111 17
15395 17 9 26 0.307692 14
15396 19 0 19 1 4
15397 12 15 27 -0.111111 14
15398 15 10 25 0.2 15
15399 3 21 24 -0.75 12
15400 3 36 39 -0.846154 18
15401 36 9 45 0.6 18
15402 11 31 42 -0.47619 21
15403 23 16 39 0.179487 21
15404 17 5 22 0.545455 13
15405 25 7 32 0.5625 21
15406 8 26 34 -0.529412 18
15407 29 15 44 0.318182 17
15408 18 25 43 -0.162791 20
15409 3 30 33 -0.818182 9
15410 13 23 36 -0.277778 21
15411 22 7 29 0.517241 19
15412 28 1 29 0.931034 13
15413 16 17 33 -0.030303 17
15414 38 3 41 0.853659 13
15415 22 1 23 0.913043 14
15416 4 40 44 -0.818182 13
15417 10 23 33 -0.393939 13
15418 3 57 60 -0.9 14
15419 3 40 43 -0.860465 15
15420 22 9 31 0.419355 16
15421 13 16 29 -0.103448 18
15422 10 11 21 -0.047619 16
15423 19 4 23 0.652174 12
15424 16 25 41 -0.219512 22
15425 7 9 16 -0.125 11
15426 24 1 25 0.92 12
15427 8 18 26 -0.384615 11
15428 39 6 45 0.733333 20
15429 20 8 28 0.428571 15
15430 6 39 45 -0.733333 23
15431 10 14 24 -0.166667 16
15432 35 10 45 0.555556 19
15433 15 20 35 -0.142857 23
15434 27 7 34 0.588235 19
15435 0 37 37 -1 16
15436 2 43 45 -0.911111 18
15437 7 27 34 -0.588235 14
15438 7 34 41 -0.658537 14
15439 2 46 48 -0.916667 14
15440 35 5 40 0.75 18
15441 39 4 43 0.813953 12
15442 4 22 26 -0.692308 9
15443 32 4 36 0.777778 14
15444 26 13 39 0.333333 21
15445 28 6 34 0.647059 15
15446 34 6 40 0.7 19
15447 0 35 35 -1 15
15448 12 18 30 -0.2 14
15449 3 42 45 -0.866667 16
15450 34 13 47 0.446809 15
15451 42 2 44 0.909091 17
15452 27 14 41 0.317073 15
15453 39 2 41 0.902439 11
15454 22 13 35 0.257143 16
15455 30 5 35 0.714286 12
15456 21 16 37 0.135135 21
15457 6 36 42 -0.714286 17
15458 24 4 28 0.714286 13
15459 12 12 24 0 15
15460 11 21 32 -0.3125 16
15461 3 39 42 -0.857143 9
15462 11 24 35 -0.371429 15
15463 40 1 41 0.95122 15
15464 24 5 29 0.655172 16
15465 33 2 35 0.885714 15
15466 10 4 14 0.428571 12
15467 18 30 48 -0.25 24
15468 2 37 39 -0.897436 14
15469 4 29 33 -0.757576 18
15470 7 24 31 -0.548387 18
15471 3 20 23 -0.73913 15
15472 9 20 29 -0.37931 17
15473 2 33 35 -0.885714 12
15474 45 2 47 0.914894 16
15475 40 4 44 0.818182 20
15476 29 3 32 0.8125 13
15477 5 15 20 -0.5 17
15478 18 15 33 0.0909091 16
15479 21 27 48 -0.125 25
15480 33 6 39 0.692308 19
15481 2 26 28 -0.857143 7
15482 20 11 31 0.290323 14
15483 6 27 33 -0.636364 16
15484 11 12 23 -0.0434783 16
15485 71 4 75 0.893333 10
15486 24 14 38 0.263158 23
15487 3 33 36 -0.833333 18
15488 13 21 34 -0.235294 16
15489 28 12 40 0.4 18
15490 9 15 24 -0.25 17
15491 1 34 35 -0.942857 15
15492 28 9 37 0.513514 19
15493 7 24 31 -0.548387 18
15494 35 2 37 0.891892 14
15495 37 12 49 0.510204 24
15496 33 6 39 0.692308 19
15497 25 10 35 0.428571 19
15498 19 6 25 0.52 14
15499 31 13 44 0.409091 18
15500 28 10 38 0.473684 13
15501 32 5 37 0.72973 18
15502 12 13 25 -0.04 16
15503 17 15 32 0.0625 21
15504 24 17 41 0.170732 15
15505 15 9 24 0.25 15
15506 25 9 34 0.470588 17
15507 3 42 45 -0.866667 17
15508 25 4 29 0.724138 14
15509 29 3 32 0.8125 16
15510 5 32 37 -0.72973 16
15511 9 34 43 -0.581395 17
15512 2 26 28 -0.857143 17
15513 32 5 37 0.72973 16
15514 40 5 45 0.777778 19
15515 34 3 37 0.837838 18
15516 11 8 19 0.157895 11
15517 7 30 37 -0.621622 16
15518 16 8 24 0.333333 12
15519 15 10 25 0.2 14
15520 2 32 34 -0.882353 16
15521 22 14 36 0.222222 21
15522 19 13 32 0.1875 13
15523 9 17 26 -0.307692 15
15524 16 7 23 0.391304 13
15525 25 26 51 -0.0196078 18
15526 14 6 20 0.4 12
15527 14 25 39 -0.282051 17
15528 9 20 29 -0.37931 15
15529 15 16 31 -0.0322581 15
15530 40 9 49 0.632653 20
15531 10 18 28 -0.285714 13
15532 38 4 42 0.809524 18
15533 26 5 31 0.677419 15
15534 20 19 39 0.025641 22
15535 4 40 44 -0.818182 17
15536 29 3 32 0.8125 7
15537 20 11 31 0.290323 16
15538 19 16 35 0.0857143 16
15539 5 32 37 -0.72973 19
15540 2 37 39 -0.897436 10
15541 21 18 39 0.0769231 20
15542 12 24 36 -0.333333 15
15543 8 22 30 -0.466667 10
15544 25 3 28 0.785714 19
15545 1 32 33 -0.939394 17
15546 28 6 34 0.647059 19
15547 5 30 35 -0.714286 15
15548 9 30 39 -0.538462 17
15549 8 35 43 -0.627907 17
15550 11 30 41 -0.463415 18
15551 7 23 30 -0.533333 18
15552 30 0 30 1 14
15553 39 3 42 0.857143 12
15554 23 20 43 0.0697674 20
15555 31 8 39 0.589744 18
15556 14 13 27 0.037037 17
15557 15 10 25 0.2 12
15558 10 19 29 -0.310345 15
15559 4 43 47 -0.829787 17
15560 21 9 30 0.4 17
15561 12 25 37 -0.351351 15
15562 10 33 43 -0.534884 15
15563 16 9 25 0.28 17
15564 53 1 54 0.962963 10
15565 13 10 23 0.130435 16
15566 21 10 31 0.354839 16
15567 29 1 30 0.933333 16
15568 9 16 25 -0.28 16
15569 7 12 19 -0.263158 8
15570 34 7 41 0.658537 9
15571 25 22 47 0.0638298 20
15572 5 35 40 -0.75 18
15573 1 32 33 -0.939394 8
15574 34 13 47 0.446809 21
15575 18 15 33 0.0909091 17
15576 23 18 41 0.121951 20
15577 10 31 41 -0.512195 20
15578 12 21 33 -0.272727 15
15579 6 30 36 -0.666667 18
15580 40 1 41 0.95122 13
15581 1 24 25 -0.92 14
15582 9 25 34 -0.470588 22
15583 13 11 24 0.0833333 16
15584 10 15 25 -0.2 15
15585 13 18 31 -0.16129 20
15586 24 7 31 0.548387 14
15587 18 23 41 -0.121951 25
15588 5 22 27 -0.62963 16
15589 16 23 39 -0.179487 16
15590 21 11 32 0.3125 15
15591 29 6 35 0.657143 19
15592 16 19 35 -0.0857143 15
15593 24 18 42 0.142857 18
15594 6 42 48 -0.75 21
15595 31 10 41 0.512195 16
15596 13 22 35 -0.257143 17
15597 8 29 37 -0.567568 17
15598 23 5 28 0.642857 16
15599 29 1 30 0.933333 9
15600 8 34 42 -0.619048 18
15601 25 10 35 0.428571 18
15602 10 23 33 -0.393939 20
15603 7 21 28 -0.5 16
15604 22 18 40 0.1 24
15605 9 27 36 -0.5 20
15606 39 2 41 0.902439 17
15607 20 14 34 0.176471 19
15608 6 44 50 -0.76 16
15609 38 13 51 0.490196 20
15610 3 36 39 -0.846154 17
15611 22 1 23 0.913043 12
15612 31 0 31 1 13
15613 24 2 26 0.846154 15
15614 8 21 29 -0.448276 15
15615 29 7 36 0.611111 14
15616 23 6 29 0.586207 17
15617 22 29 51 -0.137255 20
15618 19 11 30 0.266667 20
15619 6 29 35 -0.657143 22
15620 34 2 36 0.888889 10
15621 23 10 33 0.393939 18
15622 24 1 25 0.92 12
15623 10 20 30 -0.333333 20
15624 14 16 30 -0.0666667 18
15625 2 39 41 -0.902439 17
15626 8 29 37 -0.567568 19
15627 2 40 42 -0.904762 7
15628 9 23 32 -0.4375 16
15629 32 4 36 0.777778 13
15630 6 13 19 -0.368421 12
15631 11 31 42 -0.47619 23
15632 2 28 30 -0.866667 12
15633 22 5 27 0.62963 15
15634 17 23 40 -0.15 19
15635 7 16 23 -0.391304 15
15636 4 31 35 -0.771429 15
15637 29 4 33 0.757576 18
15638 20 13 33 0.212121 18
15639 0 49 49 -1 8
15640 13 26 39 -0.333333 23
15641 4 37 41 -0.804878 15
15642 10 32 42 -0.52381 22
15643 32 6 38 0.684211 16
15644 16 21 37 -0.135135 13
15645 12 17 29 -0.172414 17
15646 15 18 33 -0.0909091 13
15647 2 54 56 -0.928571 12
15648 40 5 45 0.777778 19
15649 1 27 28 -0.928571 12
15650 41 2 43 0.906977 17
15651 22 9 31 0.419355 16
15652 23 8 31 0.483871 16
15653 23 8 31 0.483871 17
15654 2 42 44 -0.909091 12
15655 28 4 32 0.75 13
15656 19 17 36 0.0555556 25
15657 30 4 34 0.764706 10
15658 5 40 45 -0.777778 16
15659 29 9 38 0.526316 23
15660 6 30 36 -0.666667 14
15661 4 37 41 -0.804878 16
15662 2 39 41 -0.902439 17
15663 7 2 9 0.555556 6
15664 5 22 27 -0.62963 15
15665 17 13 30 0.133333 16
15666 5 51 56 -0.821429 12
15667 19 8 27 0.407407 18
15668 1 22 23 -0.913043 11
15669 23 12 35 0.314286 20
15670 2 28 30 -0.866667 16
15671 45 1 46 0.956522 17
15672 16 19 35 -0.0857143 16
15673 36 3 39 0.846154 8
15674 24 7 31 0.548387 18
15675 31 1 32 0.9375 13
15676 14 26 40 -0.3 20
15677 7 31 38 -0.631579 19
15678 28 8 36 0.555556 18
15679 39 9 48 0.625 18
15680 12 21 33 -0.272727 16
15681 31 7 38 0.631579 16
15682 13 26 39 -0.333333 21
15683 1 65 66 -0.969697 9
15684 3 46 49 -0.877551 12
15685 2 57 59 -0.932203 14
15686 14 26 40 -0.3 19
15687 2 33 35 -0.885714 17
15688 0 38 38 -1 8
15689 7 31 38 -0.631579 13
15690 49 2 51 0.921569 13
15691 27 5 32 0.6875 14
15692 21 21 42 0 21
15693 9 12 21 -0.142857 16
15694 19 8 27 0.407407 14
15695 31 3 34 0.823529 19
15696 4 20 24 -0.666667 12
15697 40 1 41 0.95122 15
15698 5 25 30 -0.666667 19
15699 15 39 54 -0.444444 21
15700 4 22 26 -0.692308 13
15701 3 32 35 -0.828571 14
15702 3 31 34 -0.823529 16
15703 26 7 33 0.575758 17
15704 2 45 47 -0.914894 11
15705 25 23 48 0.0416667 23
15706 32 10 42 0.52381 21
15707 20 14 34 0.176471 17
15708 38 1 39 0.948718 11
15709 13 7 20 0.3 11
15710 27 1 28 0.928571 9
15711 5 41 46 -0.782609 15
15712 8 17 25 -0.36 18
15713 16 2 18 0.777778 8
15714 47 0 47 1 9
15715 31 3 34 0.823529 13
15716 19 23 42 -0.0952381 20
15717 12 20 32 -0.25 18
15718 45 1 46 0.956522 16
15719 21 13 34 0.235294 16
15720 12 19 31 -0.225806 17
15721 46 2 48 0.916667 9
15722 14 23 37 -0.243243 19
15723 14 12 26 0.0769231 19
15724 30 8 38 0.578947 16
15725 4 10 14 -0.428571 8
15726 18 8 26 0.384615 9
15727 25 10 35 0.428571 18
15728 6 52 58 -0.793103 17
15729 12 20 32 -0.25 17
15730 10 12 22 -0.0909091 13
15731 29 9 38 0.526316 15
15732 20 8 28 0.428571 12
15733 38 5 43 0.767442 17
15734 12 29 41 -0.414634 21
15735 14 14 28 0 14
15736 6 29 35 -0.657143 16
15737 10 5 15 0.333333 12
15738 15 25 40 -0.25 17
15739 24 11 35 0.371429 19
15740 24 4 28 0.714286 17
15741 9 34 43 -0.581395 18
15742 5 19 24 -0.583333 15
15743 7 15 22 -0.363636 13
15744 6 32 38 -0.684211 18
15745 48 1 49 0.959184 18
15746 11 16 27 -0.185185 20
15747 5 40 45 -0.777778 19
15748 9 19 28 -0.357143 17
15749 18 20 38 -0.0526316 16
15750 3 36 39 -0.846154 17
15751 20 21 41 -0.0243902 16
15752 11 16 27 -0.185185 14
15753 6 42 48 -0.75 21
15754 19 21 40 -0.05 14
15755 22 12 34 0.294118 15
15756 27 14 41 0.317073 15
15757 29 9 38 0.526316 24
15758 38 2 40 0.9 16
15759 8 10 18 -0.111111 11
15760 20 8 28 0.428571 15
15761 49 5 54 0.814815 16
15762 25 2 27 0.851852 15
15763 2 32 34 -0.882353 18
15764 6 22 28 -0.571429 18
15765 7 17 24 -0.416667 13
15766 8 34 42 -0.619048 19
15767 17 20 37 -0.0810811 19
15768 13 13 26 0 16
15769 17 8 25 0.36 16
15770 3 18 21 -0.714286 14
15771 43 2 45 0.911111 11
15772 7 35 42 -0.666667 18
15773 4 49 53 -0.849057 10
15774 4 32 36 -0.777778 18
15775 15 29 44 -0.318182 19
15776 12 14 26 -0.0769231 15
15777 20 12 32 0.25 19
15778 14 10 24 0.166667 14
15779 11 29 40 -0.45 19
15780 8 23 31 -0.483871 17
15781 5 13 18 -0.444444 13
15782 26 14 40 0.3 22
15783 10 29 39 -0.487179 15
15784 15 9 24 0.25 16
15785 13 15 28 -0.0714286 19
15786 18 6 24 0.5 13
15787 48 2 50 0.92 14
15788 2 48 50 -0.92 18
15789 49 0 49 1 17
15790 3 28 31 -0.806452 13
15791 7 15 22 -0.363636 14
15792 4 28 32 -0.75 18
15793 4 37 41 -0.804878 13
15794 10 3 13 0.538462 9
15795 5 17 22 -0.545455 14
15796 6 19 25 -0.52 14
15797 1 41 42 -0.952381 13
15798 21 9 30 0.4 18
15799 13 32 45 -0.422222 19
15800 4 34 38 -0.789474 14
15801 4 32 36 -0.777778 13
15802 15 21 36 -0.166667 17
15803 8 36 44 -0.636364 15
15804 13 19 32 -0.1875 17
15805 2 25 27 -0.851852 12
15806 28 4 32 0.75 11
15807 13 16 29 -0.103448 14
15808 27 5 32 0.6875 15
15809 8 30 38 -0.578947 19
15810 14 19 33 -0.151515 21
15811 2 48 50 -0.92 14
15812 35 13 48 0.458333 20
15813 7 31 38 -0.631579 16
15814 26 9 35 0.485714 18
15815 23 3 26 0.769231 15
15816 14 6 20 0.4 13
15817 0 34 34 -1 8
15818 14 22 36 -0.222222 19
15819 11 20 31 -0.290323 13
15820 24 7 31 0.548387 17
15821 21 4 25 0.68 9
15822 14 8 22 0.272727 12
15823 17 17 34 0 17
15824 9 24 33 -0.454545 15
15825 11 16 27 -0.185185 17
15826 23 3 26 0.769231 12
15827 5 40 45 -0.777778 17
15828 0 18 18 -1 8
15829 2 35 37 -0.891892 13
15830 3 34 37 -0.837838 16
15831 25 3 28 0.785714 15
15832 9 14 23 -0.217391 14
15833 60 2 62 0.935484 15
15834 34 4 38 0.789474 11
15835 2 27 29 -0.862069 13
15836 8 19 27 -0.407407 14
15837 24 4 28 0.714286 14
15838 6 35 41 -0.707317 15
15839 2 34 36 -0.888889 17
15840 14 16 30 -0.0666667 17
15841 19 2 21 0.809524 14
15842 1 24 25 -0.92 11
15843 43 8 51 0.686275 11
15844 14 9 23 0.217391 16
15845 7 24 31 -0.548387 15
15846 45 2 47 0.914894 17
15847 19 29 48 -0.208333 18
15848 13 13 26 0 9
15849 3 43 46 -0.869565 13
15850 5 23 28 -0.642857 17
15851 8 20 28 -0.428571 18
15852 5 30 35 -0.714286 16
15853 7 7 14 0 7
15854 11 9 20 0.1 17
15855 2 24 26 -0.846154 11
15856 5 21 26 -0.615385 14
15857 3 35 38 -0.842105 17
15858 17 17 34 0 18
15859 19 21 40 -0.05 24
15860 15 19 34 -0.117647 22
15861 8 40 48 -0.666667 14
15862 12 23 35 -0.314286 20
15863 9 16 25 -0.28 15
15864 19 12 31 0.225806 18
15865 20 9 29 0.37931 13
15866 15 18 33 -0.0909091 19
15867 16 11 27 0.185185 17
15868 40 2 42 0.904762 16
15869 5 28 33 -0.69697 13
15870 2 31 33 -0.878788 15
15871 22 10 32 0.375 18
15872 17 38 55 -0.381818 26
15873 37 8 45 0.644444 19
15874 33 2 35 0.885714 16
15875 9 26 35 -0.485714 20
15876 8 26 34 -0.529412 18
15877 13 31 44 -0.409091 16
15878 6 22 28 -0.571429 12
15879 15 25 40 -0.25 21
15880 40 3 43 0.860465 18
15881 24 2 26 0.846154 13
15882 9 22 31 -0.419355 15
15883 34 9 43 0.581395 18
15884 23 5 28 0.642857 15
15885 36 1 37 0.945946 12
15886 3 30 33 -0.818182 17
15887 29 10 39 0.487179 21
15888 23 12 35 0.314286 21
15889 30 18 48 0.25 23
15890 19 5 24 0.583333 15
15891 12 29 41 -0.414634 18
15892 8 33 41 -0.609756 21
15893 4 37 41 -0.804878 14
15894 6 19 25 -0.52 14
15895 3 50 53 -0.886792 14
15896 3 39 42 -0.857143 14
15897 36 2 38 0.894737 13
15898 19 3 22 0.727273 10
15899 9 23 32 -0.4375 20
15900 28 6 34 0.647059 17
15901 14 13 27 0.037037 13
15902 15 1 16 0.875 11
15903 6 40 46 -0.73913 15
15904 29 4 33 0.757576 12
15905 38 0 38 1 15
15906 18 22 40 -0.1 18
15907 6 22 28 -0.571429 14
15908 18 25 43 -0.162791 18
15909 9 24 33 -0.454545 19
15910 3 21 24 -0.75 12
15911 40 1 41 0.95122 16
15912 9 24 33 -0.454545 20
15913 15 11 26 0.153846 16
15914 10 17 27 -0.259259 14
15915 9 33 42 -0.571429 21
15916 6 19 25 -0.52 17
15917 16 11 27 0.185185 17
15918 24 7 31 0.548387 13
15919 6 24 30 -0.6 18
15920 25 3 28 0.785714 17
15921 40 2 42 0.904762 18
15922 14 8 22 0.272727 16
15923 2 35 37 -0.891892 10
15924 35 14 49 0.428571 21
15925 8 23 31 -0.483871 15
15926 41 1 42 0.952381 13
15927 2 38 40 -0.9 14
15928 0 3 3 -1 3
15929 31 4 35 0.771429 17
15930 23 3 26 0.769231 9
15931 8 12 20 -0.2 12
15932 21 20 41 0.0243902 23
15933 23 6 29 0.586207 8
15934 19 17 36 0.0555556 19
15935 17 3 20 0.7 9
15936 30 7 37 0.621622 15
15937 20 3 23 0.73913 16
15938 17 29 46 -0.26087 22
15939 1 44 45 -0.955556 15
15940 9 33 42 -0.571429 22
15941 65 1 66 0.969697 17
15942 6 26 32 -0.625 19
15943 3 27 30 -0.8 19
15944 16 6 22 0.454545 13
15945 28 11 39 0.435897 18
15946 5 36 41 -0.756098 19
15947 27 5 32 0.6875 15
15948 41 1 42 0.952381 7
15949 27 14 41 0.317073 22
15950 31 2 33 0.878788 15
15951 28 4 32 0.75 14
15952 4 40 44 -0.818182 21
15953 33 6 39 0.692308 20
15954 20 4 24 0.666667 13
15955 12 26 38 -0.368421 19
15956 27 2 29 0.862069 17
15957 8 9 17 -0.0588235 9
15958 2 18 20 -0.8 14
15959 1 35 36 -0.944444 17
15960 22 3 25 0.76 11
15961 40 7 47 0.702128 16
15962 20 28 48 -0.166667 20
15963 22 18 40 0.1 21
15964 21 13 34 0.235294 21
15965 3 37 40 -0.85 10
15966 13 25 38 -0.315789 17
15967 31 1 32 0.9375 7
15968 41 1 42 0.952381 12
15969 17 16 33 0.030303 14
15970 3 22 25 -0.76 15
15971 4 18 22 -0.636364 9
15972 21 4 25 0.68 11
15973 21 9 30 0.4 16
15974 6 49 55 -0.781818 21
15975 6 26 32 -0.625 17
15976 31 5 36 0.722222 15
15977 26 2 28 0.857143 13
15978 44 1 45 0.955556 11
15979 3 23 26 -0.769231 14
15980 26 0 26 1 12
15981 9 17 26 -0.307692 9
15982 32 11 43 0.488372 19
15983 39 0 39 1 12
15984 3 35 38 -0.842105 18
15985 4 36 40 -0.8 19
15986 24 4 28 0.714286 16
15987 6 17 23 -0.478261 12
15988 5 27 32 -0.6875 18
15989 5 24 29 -0.655172 15
15990 4 13 17 -0.529412 10
15991 0 45 45 -1 8
15992 22 19 41 0.0731707 20
15993 14 16 30 -0.0666667 19
15994 7 19 26 -0.461538 14
15995 4 33 37 -0.783784 12
15996 2 27 29 -0.862069 13
15997 10 27 37 -0.459459 20
15998 10 34 44 -0.545455 14
15999 3 35 38 -0.842105 14
16000 4 23 27 -0.703704 15
16001 0 39 39 -1 10
16002 49 4 53 0.849057 13
16003 16 18 34 -0.0588235 18
16004 0 38 38 -1 7
16005 29 5 34 0.705882 15
16006 23 19 42 0.0952381 22
16007 1 25 26 -0.923077 12
16008 5 22 27 -0.62963 16
16009 35 3 38 0.842105 12
16010 8 22 30 -0.466667 14
16011 30 4 34 0.764706 14
16012 17 16 33 0.030303 15
16013 30 3 33 0.818182 15
16014 41 1 42 0.952381 19
16015 7 24 31 -0.548387 19
16016 2 47 49 -0.918367 14
16017 25 0 25 1 12
16018 25 8 33 0.515152 14
16019 2 29 31 -0.870968 17
16020 10 23 33 -0.393939 15
16021 19 8 27 0.407407 13
16022 33 8 41 0.609756 18
16023 8 36 44 -0.636364 15
16024 5 29 34 -0.705882 14
16025 8 19 27 -0.407407 13
16026 37 16 53 0.396226 18
16027 16 24 40 -0.2 18
16028 31 6 37 0.675676 17
16029 2 41 43 -0.906977 14
16030 41 5 46 0.782609 13
16031 9 6 15 0.2 12
16032 29 6 35 0.657143 17
16033 58 2 60 0.933333 15
16034 1 44 45 -0.955556 17
16035 4 27 31 -0.741935 13
16036 14 13 27 0.037037 15
16037 23 26 49 -0.0612245 20
16038 31 6 37 0.675676 18
16039 18 18 36 0 21
16040 53 3 56 0.892857 12
16041 4 35 39 -0.794872 18
16042 20 8 28 0.428571 11
16043 0 25 25 -1 13
16044 23 5 28 0.642857 14
16045 12 4 16 0.5 12
16046 13 0 13 1 9
16047 20 18 38 0.0526316 18
16048 22 12 34 0.294118 13
16049 32 1 33 0.939394 15
16050 31 2 33 0.878788 17
16051 48 4 52 0.846154 15
16052 23 8 31 0.483871 20
16053 5 30 35 -0.714286 15
16054 23 3 26 0.769231 15
16055 14 9 23 0.217391 18
16056 22 2 24 0.833333 11
16057 3 30 33 -0.818182 13
16058 0 30 30 -1 10
16059 25 11 36 0.388889 15
16060 27 3 30 0.8 13
16061 12 37 49 -0.510204 18
16062 5 22 27 -0.62963 16
16063 30 6 36 0.666667 19
16064 6 23 29 -0.586207 19
16065 15 16 31 -0.0322581 17
16066 14 17 31 -0.0967742 21
16067 6 55 61 -0.803279 19
16068 29 4 33 0.757576 16
16069 16 11 27 0.185185 13
16070 9 28 37 -0.513514 24
16071 13 26 39 -0.333333 18
16072 32 4 36 0.777778 18
16073 38 10 48 0.583333 23
16074 29 2 31 0.870968 18
16075 16 11 27 0.185185 13
16076 1 44 45 -0.955556 15
16077 2 32 34 -0.882353 11
16078 36 11 47 0.531915 19
16079 18 7 25 0.44 12
16080 9 25 34 -0.470588 17
16081 20 7 27 0.481481 11
16082 21 14 35 0.2 20
16083 3 22 25 -0.76 17
16084 0 0 0 0 0
16085 22 20 42 0.047619 21
16086 10 14 24 -0.166667 14
16087 12 22 34 -0.294118 16
16088 21 9 30 0.4 16
16089 8 39 47 -0.659574 16
16090 3 34 37 -0.837838 10
16091 2 36 38 -0.894737 13
16092 8 20 28 -0.428571 13
16093 13 16 29 -0.103448 19
16094 17 19 36 -0.0555556 16
16095 7 9 16 -0.125 12
16096 5 23 28 -0.642857 12
16097 7 47 54 -0.740741 16
16098 26 9 35 0.485714 14
16099 18 15 33 0.0909091 19
16100 21 14 35 0.2 23
16101 16 8 24 0.333333 16
16102 1 9 10 -0.8 9
16103 9 14 23 -0.217391 15
16104 3 42 45 -0.866667 17
16105 18 23 41 -0.121951 13
16106 41 3 44 0.863636 17
16107 4 49 53 -0.849057 9
16108 13 16 29 -0.103448 16
16109 15 25 40 -0.25 20
16110 27 4 31 0.741935 16
16111 12 22 34 -0.294118 23
16112 19 9 28 0.357143 16
16113 40 1 41 0.95122 10
16114 20 8 28 0.428571 12
16115 34 3 37 0.837838 17
16116 42 3 45 0.866667 19
16117 7 18 25 -0.44 12
16118 32 4 36 0.777778 18
16119 3 58 61 -0.901639 19
16120 10 21 31 -0.354839 16
16121 22 6 28 0.571429 15
16122 7 34 41 -0.658537 19
16123 43 1 44 0.954545 18
16124 45 4 49 0.836735 15
16125 18 17 35 0.0285714 17
16126 29 9 38 0.526316 20
16127 41 15 56 0.464286 21
16128 24 5 29 0.655172 12
16129 15 26 41 -0.268293 21
16130 7 17 24 -0.416667 14
16131 16 20 36 -0.111111 17
16132 4 22 26 -0.692308 13
16133 9 28 37 -0.513514 17
16134 1 28 29 -0.931034 17
16135 25 2 27 0.851852 15
16136 20 4 24 0.666667 14
16137 40 2 42 0.904762 13
16138 23 3 26 0.769231 11
16139 2 61 63 -0.936508 12
16140 21 6 27 0.555556 18
16141 3 37 40 -0.85 13
16142 11 15 26 -0.153846 15
16143 18 26 44 -0.181818 23
16144 21 15 36 0.166667 19
16145 27 8 35 0.542857 14
16146 39 1 40 0.95 14
16147 22 11 33 0.333333 18
16148 17 13 30 0.133333 16
16149 4 20 24 -0.666667 12
16150 23 0 23 1 11
16151 12 12 24 0 15
16152 48 2 50 0.92 12
16153 19 3 22 0.727273 13
16154 34 6 40 0.7 17
16155 35 1 36 0.944444 13
16156 13 25 38 -0.315789 18
16157 10 32 42 -0.52381 19
16158 23 4 27 0.703704 13
16159 27 2 29 0.862069 15
16160 2 32 34 -0.882353 16
16161 23 4 27 0.703704 16
16162 12 24 36 -0.333333 18
16163 12 29 41 -0.414634 20
16164 10 30 40 -0.5 19
16165 15 5 20 0.5 13
16166 5 30 35 -0.714286 18
16167 32 5 37 0.72973 13
16168 16 24 40 -0.2 18
16169 26 12 38 0.368421 21
16170 12 28 40 -0.4 20
16171 1 39 40 -0.95 14
16172 16 18 34 -0.0588235 13
16173 50 0 50 1 10
16174 2 20 22 -0.818182 10
16175 34 10 44 0.545455 19
16176 52 2 54 0.925926 15
16177 8 23 31 -0.483871 17
16178 19 35 54 -0.296296 18
16179 23 18 41 0.121951 21
16180 1 44 45 -0.955556 16
16181 29 13 42 0.380952 20
16182 36 2 38 0.894737 14
16183 19 9 28 0.357143 17
16184 10 24 34 -0.411765 17
16185 14 19 33 -0.151515 18
16186 10 21 31 -0.354839 14
16187 14 8 22 0.272727 15
16188 1 25 26 -0.923077 12
16189 13 7 20 0.3 15
16190 4 22 26 -0.692308 13
16191 29 4 33 0.757576 14
16192 11 20 31 -0.290323 19
16193 17 4 21 0.619048 13
16194 6 38 44 -0.727273 18
16195 7 27 34 -0.588235 15
16196 16 25 41 -0.219512 24
16197 2 31 33 -0.878788 15
16198 17 18 35 -0.0285714 18
16199 2 38 40 -0.9 16
16200 22 2 24 0.833333 11
16201 33 13 46 0.434783 20
16202 17 5 22 0.545455 15
16203 28 4 32 0.75 13
16204 12 23 35 -0.314286 19
16205 27 6 33 0.636364 16
16206 40 5 45 0.777778 16
16207 12 16 28 -0.142857 17
16208 47 0 47 1 12
16209 13 4 17 0.529412 10
16210 35 4 39 0.794872 17
16211 12 21 33 -0.272727 15
16212 26 8 34 0.529412 21
16213 2 15 17 -0.764706 12
16214 16 9 25 0.28 10
16215 6 38 44 -0.727273 16
16216 11 27 38 -0.421053 17
16217 32 3 35 0.828571 14
16218 17 1 18 0.888889 10
16219 12 11 23 0.0434783 15
16220 24 9 33 0.454545 15
16221 11 12 23 -0.0434783 18
16222 28 12 40 0.4 15
16223 13 10 23 0.130435 17
16224 8 10 18 -0.111111 11
16225 1 44 45 -0.955556 9
16226 19 15 34 0.117647 20
16227 12 22 34 -0.294118 13
16228 20 21 41 -0.0243902 16
16229 27 7 34 0.588235 18
16230 10 23 33 -0.393939 19
16231 27 16 43 0.255814 17
16232 34 10 44 0.545455 23
16233 12 17 29 -0.172414 16
16234 43 2 45 0.911111 14
16235 11 15 26 -0.153846 14
16236 14 19 33 -0.151515 20
16237 25 12 37 0.351351 20
16238 41 1 42 0.952381 15
16239 1 33 34 -0.941176 9
16240 24 1 25 0.92 11
16241 13 9 22 0.181818 14
16242 40 3 43 0.860465 14
16243 45 9 54 0.666667 12
16244 27 16 43 0.255814 22
16245 10 17 27 -0.259259 15
16246 51 0 51 1 14
16247 29 12 41 0.414634 20
16248 31 30 61 0.0163934 23
16249 6 11 17 -0.294118 13
16250 28 5 33 0.69697 11
16251 34 5 39 0.74359 16
16252 11 17 28 -0.214286 16
16253 0 29 29 -1 13
16254 14 14 28 0 14
16255 7 37 44 -0.681818 18
16256 20 7 27 0.481481 16
16257 14 9 23 0.217391 15
16258 5 26 31 -0.677419 13
16259 2 24 26 -0.846154 13
16260 2 50 52 -0.923077 17
16261 11 20 31 -0.290323 18
16262 10 22 32 -0.375 18
16263 16 28 44 -0.272727 23
16264 18 14 32 0.125 18
16265 13 19 32 -0.1875 17
16266 25 15 40 0.25 16
16267 3 24 27 -0.777778 16
16268 0 5 5 -1 3
16269 18 5 23 0.565217 14
16270 35 3 38 0.842105 16
16271 6 38 44 -0.727273 18
16272 42 2 44 0.909091 13
16273 13 1 14 0.857143 11
16274 14 8 22 0.272727 15
16275 7 29 36 -0.611111 16
16276 2 35 37 -0.891892 16
16277 14 12 26 0.0769231 12
16278 43 14 57 0.508772 16
16279 12 22 34 -0.294118 19
16280 13 18 31 -0.16129 19
16281 33 1 34 0.941176 16
16282 40 2 42 0.904762 16
16283 1 31 32 -0.9375 12
16284 10 28 38 -0.473684 20
16285 38 0 38 1 11
16286 53 2 55 0.927273 16
16287 38 5 43 0.767442 18
16288 6 32 38 -0.684211 17
16289 6 36 42 -0.714286 21
16290 12 15 27 -0.111111 12
16291 28 0 28 1 13
16292 5 29 34 -0.705882 12
16293 6 23 29 -0.586207 13
16294 43 12 55 0.563636 23
16295 30 9 39 0.538462 22
16296 21 17 38 0.105263 19
16297 2 34 36 -0.888889 17
16298 36 8 44 0.636364 20
16299 6 34 40 -0.7 19
16300 6 23 29 -0.586207 13
16301 2 42 44 -0.909091 11
16302 13 18 31 -0.16129 19
16303 18 10 28 0.285714 12
16304 12 28 40 -0.4 24
16305 28 10 38 0.473684 18
16306 4 34 38 -0.789474 13
16307 3 33 36 -0.833333 19
16308 3 37 40 -0.85 10
16309 19 1 20 0.9 12
16310 11 17 28 -0.214286 13
16311 24 8 32 0.5 13
16312 19 27 46 -0.173913 20
16313 17 14 31 0.0967742 20
16314 3 38 41 -0.853659 17
16315 32 5 37 0.72973 15
16316 17 17 34 0 13
16317 40 2 42 0.904762 15
16318 32 3 35 0.828571 14
16319 12 28 40 -0.4 20
16320 23 14 37 0.243243 18
16321 17 13 30 0.133333 15
16322 0 21 21 -1 11
16323 17 14 31 0.0967742 15
16324 16 10 26 0.230769 18
16325 16 14 30 0.0666667 15
16326 48 2 50 0.92 8
16327 46 2 48 0.916667 14
16328 6 36 42 -0.714286 14
16329 7 37 44 -0.681818 16
16330 1 38 39 -0.948718 15
16331 18 18 36 0 17
16332 23 4 27 0.703704 9
16333 6 24 30 -0.6 16
16334 35 1 36 0.944444 16
16335 33 3 36 0.833333 12
16336 23 30 53 -0.132075 26
16337 32 5 37 0.72973 16
16338 18 3 21 0.714286 13
16339 14 19 33 -0.151515 19
16340 10 14 24 -0.166667 15
16341 12 29 41 -0.414634 18
16342 41 4 45 0.822222 17
16343 10 11 21 -0.047619 13
16344 6 30 36 -0.666667 14
16345 9 19 28 -0.357143 17
16346 22 3 25 0.76 15
16347 31 0 31 1 16
16348 27 12 39 0.384615 17
16349 12 28 40 -0.4 21
16350 16 18 34 -0.0588235 19
16351 27 9 36 0.5 16
16352 15 6 21 0.428571 10
16353 15 15 30 0 14
16354 16 17 33 -0.030303 13
16355 14 9 23 0.217391 14
16356 22 12 34 0.294118 15
16357 11 17 28 -0.214286 13
16358 39 5 44 0.772727 12
16359 10 34 44 -0.545455 18
16360 3 37 40 -0.85 20
16361 2 50 52 -0.923077 11
16362 5 35 40 -0.75 14
16363 9 30 39 -0.538462 24
16364 2 43 45 -0.911111 14
16365 9 16 25 -0.28 14
16366 21 6 27 0.555556 14
16367 0 35 35 -1 12
16368 4 26 30 -0.733333 12
16369 14 27 41 -0.317073 16
16370 36 1 37 0.945946 16
16371 3 19 22 -0.727273 11
16372 42 1 43 0.953488 13
16373 20 23 43 -0.0697674 24
16374 12 6 18 0.333333 11
16375 1 31 32 -0.9375 13
16376 25 13 38 0.315789 20
16377 9 23 32 -0.4375 16
16378 39 0 39 1 16
16379 15 23 38 -0.210526 19
16380 26 16 42 0.238095 22
16381 15 13 28 0.0714286 13
16382 8 21 29 -0.448276 13
16383 10 25 35 -0.428571 20
16384 11 14 25 -0.12 13
16385 15 8 23 0.304348 14
16386 36 5 41 0.756098 16
16387 10 17 27 -0.259259 17
16388 6 28 34 -0.647059 21
16389 26 4 30 0.733333 19
16390 18 15 33 0.0909091 19
16391 24 0 24 1 10
16392 12 26 38 -0.368421 22
16393 13 1 14 0.857143 7
16394 29 13 42 0.380952 20
16395 4 46 50 -0.84 23
16396 11 4 15 0.466667 11
16397 21 11 32 0.3125 13
16398 3 39 42 -0.857143 13
16399 52 1 53 0.962264 14
16400 29 11 40 0.45 20
16401 2 23 25 -0.84 11
16402 26 10 36 0.444444 20
16403 6 10 16 -0.25 13
16404 17 6 23 0.478261 10
16405 17 17 34 0 18
16406 43 7 50 0.72 13
16407 17 25 42 -0.190476 26
16408 16 10 26 0.230769 16
16409 30 0 30 1 14
16410 26 11 37 0.405405 18
16411 3 22 25 -0.76 11
16412 19 3 22 0.727273 12
16413 1 50 51 -0.960784 10
16414 6 17 23 -0.478261 11
16415 16 6 22 0.454545 15
16416 11 18 29 -0.241379 18
16417 20 11 31 0.290323 17
16418 36 10 46 0.565217 20
16419 33 9 42 0.571429 14
16420 0 43 43 -1 6
16421 22 16 38 0.157895 19
16422 8 22 30 -0.466667 12
16423 27 13 40 0.35 20
16424 22 11 33 0.333333 19
16425 16 15 31 0.0322581 18
16426 5 40 45 -0.777778 18
16427 33 3 36 0.833333 17
16428 8 18 26 -0.384615 13
16429 17 21 38 -0.105263 19
16430 28 3 31 0.806452 15
16431 1 19 20 -0.9 10
16432 15 24 39 -0.230769 20
16433 28 12 40 0.4 15
16434 12 5 17 0.411765 11
16435 17 6 23 0.478261 15
16436 5 23 28 -0.642857 11
16437 24 0 24 1 11
16438 29 6 35 0.657143 15
16439 22 9 31 0.419355 14
16440 3 20 23 -0.73913 10
16441 24 11 35 0.371429 18
16442 30 15 45 0.333333 18
16443 37 5 42 0.761905 13
16444 38 4 42 0.809524 13
16445 6 36 42 -0.714286 23
16446 18 34 52 -0.307692 16
16447 5 33 38 -0.736842 15
16448 22 9 31 0.419355 20
16449 9 24 33 -0.454545 21
16450 2 42 44 -0.909091 15
16451 23 4 27 0.703704 13
16452 12 25 37 -0.351351 18
16453 36 6 42 0.714286 20
16454 20 17 37 0.0810811 19
16455 10 2 12 0.666667 5
16456 20 14 34 0.176471 17
16457 28 4 32 0.75 14
16458 4 17 21 -0.619048 13
16459 9 27 36 -0.5 17
16460 34 3 37 0.837838 12
16461 8 15 23 -0.304348 16
16462 12 10 22 0.0909091 12
16463 25 3 28 0.785714 13
16464 7 29 36 -0.611111 19
16465 45 2 47 0.914894 11
16466 7 29 36 -0.611111 13
16467 34 2 36 0.888889 19
16468 1 25 26 -0.923077 9
16469 24 3 27 0.777778 12
16470 2 26 28 -0.857143 12
16471 15 6 21 0.428571 11
16472 6 25 31 -0.612903 13
16473 6 28 34 -0.647059 12
16474 12 9 21 0.142857 13
16475 29 4 33 0.757576 17
16476 49 9 58 0.689655 21
16477 7 27 34 -0.588235 21
16478 12 22 34 -0.294118 14
16479 4 25 29 -0.724138 14
16480 27 4 31 0.741935 16
16481 3 33 36 -0.833333 14
16482 25 11 36 0.388889 17
16483 13 17 30 -0.133333 16
16484 17 7 24 0.416667 14
16485 13 23 36 -0.277778 17
16486 40 3 43 0.860465 8
16487 28 13 41 0.365854 15
16488 0 23 23 -1 12
16489 32 3 35 0.828571 16
16490 17 6 23 0.478261 9
16491 38 2 40 0.9 18
16492 9 9 18 0 11
16493 6 22 28 -0.571429 12
16494 26 6 32 0.625 14
16495 15 23 38 -0.210526 15
16496 13 14 27 -0.037037 19
16497 30 5 35 0.714286 13
16498 35 4 39 0.794872 14
16499 32 10 42 0.52381 21
16500 23 17 40 0.15 18
16501 9 31 40 -0.55 16
16502 12 21 33 -0.272727 16
16503 6 19 25 -0.52 9
16504 2 39 41 -0.902439 17
16505 2 12 14 -0.714286 9
16506 0 32 32 -1 12
16507 11 37 48 -0.541667 20
16508 16 21 37 -0.135135 17
16509 18 8 26 0.384615 13
16510 5 27 32 -0.6875 18
16511 52 3 55 0.890909 13
16512 5 19 24 -0.583333 11
16513 12 32 44 -0.454545 18
16514 17 18 35 -0.0285714 15
16515 8 37 45 -0.644444 16
16516 7 9 16 -0.125 10
16517 29 3 32 0.8125 12
16518 6 30 36 -0.666667 11
16519 27 16 43 0.255814 23
16520 34 5 39 0.74359 16
16521 39 4 43 0.813953 21
16522 3 37 40 -0.85 14
16523 13 13 26 0 15
16524 26 8 34 0.529412 15
16525 10 25 35 -0.428571 19
16526 28 12 40 0.4 20
16527 32 16 48 0.333333 21
16528 15 16 31 -0.0322581 16
16529 39 15 54 0.444444 20
16530 24 17 41 0.170732 15
16531 16 16 32 0 20
16532 8 17 25 -0.36 15
16533 22 1 23 0.913043 13
16534 24 4 28 0.714286 14
16535 14 21 35 -0.2 13
16536 5 28 33 -0.69697 12
16537 0 35 35 -1 12
16538 16 13 29 0.103448 15
16539 15 2 17 0.764706 8
16540 8 33 41 -0.609756 20
16541 21 9 30 0.4 19
16542 39 3 42 0.857143 17
16543 12 31 43 -0.44186 16
16544 31 23 54 0.148148 19
16545 33 9 42 0.571429 21
16546 1 36 37 -0.945946 16
16547 11 19 30 -0.266667 11
16548 21 13 34 0.235294 20
16549 45 3 48 0.875 19
16550 0 25 25 -1 13
16551 19 7 26 0.461538 17
16552 1 38 39 -0.948718 12
16553 3 46 49 -0.877551 13
16554 5 32 37 -0.72973 15
16555 18 28 46 -0.217391 15
16556 26 13 39 0.333333 20
16557 10 24 34 -0.411765 19
16558 32 19 51 0.254902 17
16559 26 4 30 0.733333 13
16560 4 38 42 -0.809524 18
16561 17 9 26 0.307692 12
16562 17 8 25 0.36 13
16563 6 16 22 -0.454545 12
16564 14 14 28 0 17
16565 12 26 38 -0.368421 15
16566 12 16 28 -0.142857 17
16567 14 16 30 -0.0666667 15
16568 11 14 25 -0.12 15
16569 19 21 40 -0.05 19
16570 14 22 36 -0.222222 14
16571 22 2 24 0.833333 11
16572 13 6 19 0.368421 11
16573 1 25 26 -0.923077 14
16574 7 26 33 -0.575758 17
16575 19 17 36 0.0555556 14
16576 8 34 42 -0.619048 17
16577 37 1 38 0.947368 10
16578 11 5 16 0.375 11
16579 38 3 41 0.853659 17
16580 9 35 44 -0.590909 21
16581 14 25 39 -0.282051 18
16582 9 43 52 -0.653846 19
16583 21 2 23 0.826087 9
16584 12 18 30 -0.2 21
16585 1 23 24 -0.916667 14
16586 2 16 18 -0.777778 12
16587 17 13 30 0.133333 19
16588 3 39 42 -0.857143 19
16589 21 6 27 0.555556 16
16590 8 17 25 -0.36 16
16591 0 43 43 -1 14
16592 2 23 25 -0.84 12
16593 20 11 31 0.290323 19
16594 22 2 24 0.833333 14
16595 2 26 28 -0.857143 14
16596 5 31 36 -0.722222 15
16597 13 2 15 0.733333 9
16598 27 4 31 0.741935 16
16599 3 28 31 -0.806452 16
16600 22 2 24 0.833333 16
16601 3 38 41 -0.853659 16
16602 10 9 19 0.0526316 13
16603 13 22 35 -0.257143 15
16604 26 4 30 0.733333 16
16605 27 3 30 0.8 12
16606 0 49 49 -1 11
16607 26 7 33 0.575758 16
16608 26 3 29 0.793103 14
16609 2 35 37 -0.891892 14
16610 30 2 32 0.875 17
16611 7 28 35 -0.6 16
16612 30 2 32 0.875 15
16613 18 2 20 0.8 13
16614 26 27 53 -0.0188679 24
16615 1 43 44 -0.954545 12
16616 17 18 35 -0.0285714 18
16617 19 24 43 -0.116279 22
16618 26 10 36 0.444444 18
16619 10 12 22 -0.0909091 14
16620 2 35 37 -0.891892 15
16621 9 24 33 -0.454545 18
16622 5 13 18 -0.444444 10
16623 15 22 37 -0.189189 18
16624 13 8 21 0.238095 14
16625 42 7 49 0.714286 17
16626 25 22 47 0.0638298 18
16627 21 6 27 0.555556 14
16628 33 2 35 0.885714 16
16629 30 2 32 0.875 17
16630 0 27 27 -1 11
16631 14 27 41 -0.317073 17
16632 16 26 42 -0.238095 22
16633 3 42 45 -0.866667 9
16634 32 5 37 0.72973 18
16635 6 20 26 -0.538462 13
16636 13 38 51 -0.490196 15
16637 15 27 42 -0.285714 19
16638 36 2 38 0.894737 13
16639 24 1 25 0.92 14
16640 9 26 35 -0.485714 21
16641 35 7 42 0.666667 19
16642 19 0 19 1 10
16643 24 1 25 0.92 17
16644 24 23 47 0.0212766 23
16645 38 1 39 0.948718 10
16646 13 22 35 -0.257143 19
16647 5 28 33 -0.69697 17
16648 4 29 33 -0.757576 10
16649 15 19 34 -0.117647 16
16650 1 26 27 -0.925926 16
16651 0 50 50 -1 14
16652 6 33 39 -0.692308 22
16653 6 39 45 -0.733333 21
16654 10 22 32 -0.375 16
16655 20 10 30 0.333333 17
16656 16 13 29 0.103448 17
16657 6 30 36 -0.666667 14
16658 6 23 29 -0.586207 13
16659 17 11 28 0.214286 16
16660 8 35 43 -0.627907 18
16661 23 11 34 0.352941 16
16662 3 47 50 -0.88 16
16663 23 22 45 0.0222222 19
16664 32 4 36 0.777778 14
16665 11 29 40 -0.45 20
16666 9 22 31 -0.419355 16
16667 5 28 33 -0.69697 18
16668 33 5 38 0.736842 16
16669 2 27 29 -0.862069 14
16670 6 18 24 -0.5 13
16671 20 3 23 0.73913 14
16672 32 13 45 0.422222 24
16673 47 0 47 1 11
16674 19 14 33 0.151515 16
16675 22 16 38 0.157895 20
16676 11 30 41 -0.463415 20
16677 10 40 50 -0.6 19
16678 23 14 37 0.243243 18
16679 34 5 39 0.74359 20
16680 4 30 34 -0.764706 17
16681 21 22 43 -0.0232558 24
16682 35 4 39 0.794872 18
16683 8 26 34 -0.529412 15
16684 4 18 22 -0.636364 15
16685 8 16 24 -0.333333 16
16686 15 15 30 0 14
16687 26 1 27 0.925926 16
16688 28 3 31 0.806452 14
16689 28 10 38 0.473684 16
16690 20 12 32 0.25 14
16691 31 6 37 0.675676 17
16692 34 1 35 0.942857 13
16693 1 30 31 -0.935484 12
16694 24 5 29 0.655172 12
16695 6 44 50 -0.76 14
16696 46 2 48 0.916667 14
16697 15 6 21 0.428571 14
16698 8 26 34 -0.529412 15
16699 13 21 34 -0.235294 17
16700 10 15 25 -0.2 13
16701 6 25 31 -0.612903 16
16702 10 20 30 -0.333333 19
16703 60 2 62 0.935484 16
16704 2 23 25 -0.84 11
16705 1 27 28 -0.928571 16
16706 20 12 32 0.25 20
16707 2 37 39 -0.897436 15
16708 14 37 51 -0.45098 19
16709 19 14 33 0.151515 20
16710 9 7 16 0.125 14
16711 26 5 31 0.677419 16
16712 5 17 22 -0.545455 14
16713 26 6 32 0.625 13
16714 37 13 50 0.48 14
16715 12 6 18 0.333333 11
16716 9 15 24 -0.25 12
16717 10 34 44 -0.545455 16
16718 8 34 42 -0.619048 21
16719 3 30 33 -0.818182 15
16720 38 3 41 0.853659 17
16721 26 10 36 0.444444 18
16722 15 21 36 -0.166667 22
16723 33 5 38 0.736842 15
16724 17 13 30 0.133333 20
16725 10 25 35 -0.428571 18
16726 3 15 18 -0.666667 13
16727 47 3 50 0.88 18
16728 23 19 42 0.0952381 20
16729 2 27 29 -0.862069 14
16730 13 19 32 -0.1875 15
16731 11 13 24 -0.0833333 15
16732 27 14 41 0.317073 17
16733 10 15 25 -0.2 16
16734 15 37 52 -0.423077 24
16735 2 42 44 -0.909091 17
16736 32 5 37 0.72973 21
16737 4 34 38 -0.789474 18
16738 12 23 35 -0.314286 17
16739 13 21 34 -0.235294 18
16740 30 11 41 0.463415 18
16741 32 2 34 0.882353 15
16742 25 9 34 0.470588 18
16743 20 13 33 0.212121 12
16744 12 34 46 -0.478261 13
16745 8 20 28 -0.428571 13
16746 3 43 46 -0.869565 19
16747 7 21 28 -0.5 17
16748 13 6 19 0.368421 11
16749 12 19 31 -0.225806 14
16750 1 32 33 -0.939394 13
16751 2 19 21 -0.809524 12
16752 27 23 50 0.08 26
16753 9 29 38 -0.526316 17
16754 34 4 38 0.789474 17
16755 40 10 50 0.6 19
16756 28 12 40 0.4 22
16757 18 17 35 0.0285714 17
16758 9 19 28 -0.357143 15
16759 2 42 44 -0.909091 14
16760 21 4 25 0.68 16
16761 24 4 28 0.714286 13
16762 15 14 29 0.0344828 18
16763 25 3 28 0.785714 12
16764 53 0 53 1 12
16765 14 0 14 1 8
16766 6 27 33 -0.636364 19
16767 9 12 21 -0.142857 16
16768 30 15 45 0.333333 19
16769 7 30 37 -0.621622 18
16770 13 25 38 -0.315789 19
16771 14 8 22 0.272727 16
16772 1 18 19 -0.894737 13
16773 41 6 47 0.744681 19
16774 8 7 15 0.0666667 7
16775 10 27 37 -0.459459 17
16776 28 1 29 0.931034 7
16777 16 24 40 -0.2 18
16778 5 30 35 -0.714286 19
16779 14 19 33 -0.151515 20
16780 2 35 37 -0.891892 17
16781 15 13 28 0.0714286 13
16782 38 9 47 0.617021 21
16783 10 22 32 -0.375 14
16784 19 9 28 0.357143 18
16785 30 14 44 0.363636 23
16786 21 7 28 0.5 16
16787 11 8 19 0.157895 10
16788 1 36 37 -0.945946 10
16789 30 11 41 0.463415 22
16790 39 6 45 0.733333 18
16791 5 34 39 -0.74359 17
16792 36 2 38 0.894737 18
16793 30 4 34 0.764706 15
16794 40 0 40 1 12
16795 2 36 38 -0.894737 14
16796 20 14 34 0.176471 14
16797 0 0 0 0 0
16798 4 31 35 -0.771429 11
16799 15 21 36 -0.166667 20
16800 7 25 32 -0.5625 16
16801 4 5 9 -0.111111 9
16802 16 13 29 0.103448 16
16803 2 35 37 -0.891892 12
16804 10 21 31 -0.354839 16
16805 42 4 46 0.826087 20
16806 36 10 46 0.565217 16
16807 17 9 26 0.307692 14
16808 9 26 35 -0.485714 10
16809 25 11 36 0.388889 18
16810 26 5 31 0.677419 10
16811 8 24 32 -0.5 17
16812 22 6 28 0.571429 13
16813 18 10 28 0.285714 17
16814 13 16 29 -0.103448 13
16815 20 17 37 0.0810811 19
16816 2 34 36 -0.888889 17
16817 46 2 48 0.916667 15
16818 5 31 36 -0.722222 15
16819 23 4 27 0.703704 18
16820 3 31 34 -0.823529 11
16821 41 1 42 0.952381 17
16822 14 17 31 -0.0967742 16
16823 12 6 18 0.333333 14
16824 8 31 39 -0.589744 16
16825 4 34 38 -0.789474 18
16826 8 19 27 -0.407407 12
16827 10 21 31 -0.354839 17
16828 25 0 25 1 13
16829 18 6 24 0.5 13
16830 21 4 25 0.68 16
16831 1 40 41 -0.95122 13
16832 14 17 31 -0.0967742 18
16833 24 9 33 0.454545 14
16834 29 12 41 0.414634 18
16835 4 35 39 -0.794872 17
16836 10 14 24 -0.166667 12
16837 8 23 31 -0.483871 22
16838 4 32 36 -0.777778 15
16839 19 11 30 0.266667 19
16840 9 19 28 -0.357143 16
16841 24 1 25 0.92 12
16842 7 32 39 -0.641026 15
16843 8 21 29 -0.448276 16
16844 16 12 28 0.142857 17
16845 17 16 33 0.030303 19
16846 12 27 39 -0.384615 18
16847 5 27 32 -0.6875 11
16848 34 4 38 0.789474 11
16849 13 14 27 -0.037037 12
16850 16 7 23 0.391304 13
16851 13 17 30 -0.133333 19
16852 26 7 33 0.575758 19
16853 33 4 37 0.783784 10
16854 41 4 45 0.822222 12
16855 8 12 20 -0.2 14
16856 4 39 43 -0.813953 22
16857 13 10 23 0.130435 16
16858 18 6 24 0.5 12
16859 30 11 41 0.463415 13
16860 33 1 34 0.941176 17
16861 18 10 28 0.285714 14
16862 25 7 32 0.5625 17
16863 17 26 43 -0.209302 20
16864 18 21 39 -0.0769231 22
16865 28 8 36 0.555556 18
16866 10 31 41 -0.512195 17
16867 7 37 44 -0.681818 21
16868 25 15 40 0.25 23
16869 10 19 29 -0.310345 15
16870 11 9 20 0.1 11
16871 26 12 38 0.368421 20
16872 27 1 28 0.928571 11
16873 24 15 39 0.230769 10
16874 2 27 29 -0.862069 10
16875 2 27 29 -0.862069 12
16876 11 25 36 -0.388889 18
16877 24 11 35 0.371429 18
16878 7 20 27 -0.481481 15
16879 10 32 42 -0.52381 22
16880 25 14 39 0.282051 23
16881 18 17 35 0.0285714 20
16882 22 16 38 0.157895 20
16883 9 19 28 -0.357143 13
16884 0 48 48 -1 15
16885 8 15 23 -0.304348 16
16886 38 11 49 0.55102 24
16887 41 1 42 0.952381 14
16888 15 11 26 0.153846 17
16889 1 32 33 -0.939394 16
16890 2 29 31 -0.870968 13
16891 4 29 33 -0.757576 11
16892 3 36 39 -0.846154 16
16893 17 3 20 0.7 12
16894 2 48 50 -0.92 9
16895 17 6 23 0.478261 15
16896 41 12 53 0.54717 19
16897 4 29 33 -0.757576 12
16898 30 8 38 0.578947 16
16899 9 21 30 -0.4 17
16900 37 7 44 0.681818 18
16901 8 39 47 -0.659574 19
16902 18 18 36 0 19
16903 21 17 38 0.105263 18
16904 27 5 32 0.6875 12
16905 13 27 40 -0.35 20
16906 4 37 41 -0.804878 12
16907 11 27 38 -0.421053 17
16908 1 34 35 -0.942857 12
16909 14 18 32 -0.125 17
16910 26 9 35 0.485714 17
16911 15 6 21 0.428571 14
16912 15 13 28 0.0714286 14
16913 14 27 41 -0.317073 18
16914 5 31 36 -0.722222 17
16915 20 12 32 0.25 15
16916 13 12 25 0.04 17
16917 16 14 30 0.0666667 16
16918 19 12 31 0.225806 18
16919 14 15 29 -0.0344828 18
16920 12 38 50 -0.52 21
16921 8 31 39 -0.589744 21
16922 30 2 32 0.875 15
16923 7 24 31 -0.548387 17
16924 41 3 44 0.863636 14
16925 34 7 41 0.658537 17
16926 12 2 14 0.714286 8
16927 1 27 28 -0.928571 12
16928 15 21 36 -0.166667 21
16929 28 10 38 0.473684 15
16930 10 22 32 -0.375 15
16931 3 53 56 -0.892857 18
16932 51 5 56 0.821429 16
16933 40 1 41 0.95122 16
16934 4 31 35 -0.771429 12
16935 17 11 28 0.214286 14
16936 17 24 41 -0.170732 16
16937 39 0 39 1 11
16938 6 34 40 -0.7 16
16939 13 2 15 0.733333 8
16940 15 20 35 -0.142857 21
16941 10 25 35 -0.428571 16
16942 5 31 36 -0.722222 16
16943 1 28 29 -0.931034 15
16944 13 13 26 0 20
16945 8 30 38 -0.578947 18
16946 33 5 38 0.736842 18
16947 21 19 40 0.05 20
16948 32 4 36 0.777778 18
16949 2 46 48 -0.916667 16
16950 38 5 43 0.767442 16
16951 25 17 42 0.190476 20
16952 33 1 34 0.941176 15
16953 2 32 34 -0.882353 16
16954 8 12 20 -0.2 14
16955 10 36 46 -0.565217 16
16956 38 1 39 0.948718 15
16957 8 29 37 -0.567568 19
16958 14 28 42 -0.333333 21
16959 47 5 52 0.807692 13
16960 17 14 31 0.0967742 16
16961 15 13 28 0.0714286 19
16962 26 1 27 0.925926 14
16963 8 21 29 -0.448276 19
16964 11 30 41 -0.463415 19
16965 1 38 39 -0.948718 11
16966 8 19 27 -0.407407 13
16967 37 3 40 0.85 13
16968 36 17 53 0.358491 22
16969 26 8 34 0.529412 17
16970 19 21 40 -0.05 13
16971 17 24 41 -0.170732 26
16972 3 14 17 -0.647059 12
16973 6 32 38 -0.684211 18
16974 21 3 24 0.75 12
16975 21 16 37 0.135135 17
16976 42 3 45 0.866667 13
16977 29 4 33 0.757576 16
16978 19 7 26 0.461538 11
16979 17 15 32 0.0625 22
16980 31 9 40 0.55 18
16981 16 7 23 0.391304 14
16982 3 15 18 -0.666667 12
16983 9 17 26 -0.307692 16
16984 26 3 29 0.793103 15
16985 26 7 33 0.575758 11
16986 40 4 44 0.818182 17
16987 16 4 20 0.6 8
16988 28 0 28 1 16
16989 50 5 55 0.818182 12
16990 5 12 17 -0.411765 12
16991 36 9 45 0.6 16
16992 21 12 33 0.272727 19
16993 2 34 36 -0.888889 16
16994 20 32 52 -0.230769 22
16995 21 23 44 -0.0454545 23
16996 15 18 33 -0.0909091 16
16997 21 16 37 0.135135 18
16998 12 27 39 -0.384615 17
16999 10 32 42 -0.52381 20
17000 27 4 31 0.741935 19
17001 5 26 31 -0.677419 17
17002 13 40 53 -0.509434 21
17003 7 30 37 -0.621622 22
17004 0 49 49 -1 11
17005 12 18 30 -0.2 19
17006 28 0 28 1 12
17007 1 29 30 -0.933333 16
17008 18 12 30 0.2 17
17009 34 3 37 0.837838 12
17010 8 24 32 -0.5 18
17011 25 16 41 0.219512 15
17012 16 7 23 0.391304 17
17013 17 17 34 0 20
17014 28 10 38 0.473684 17
17015 20 14 34 0.176471 18
17016 12 25 37 -0.351351 19
17017 13 22 35 -0.257143 17
17018 14 12 26 0.0769231 15
17019 18 15 33 0.0909091 17
17020 38 5 43 0.767442 17
17021 26 6 32 0.625 17
17022 36 8 44 0.636364 18
17023 41 0 41 1 16
17024 11 19 30 -0.266667 20
17025 16 17 33 -0.030303 21
17026 29 14 43 0.348837 21
17027 14 21 35 -0.2 17
17028 1 5 6 -0.666667 4
17029 26 2 28 0.857143 17
17030 18 14 32 0.125 19
17031 14 19 33 -0.151515 22
17032 23 23 46 0 20
17033 3 47 50 -0.88 17
17034 4 22 26 -0.692308 18
17035 11 3 14 0.571429 10
17036 5 34 39 -0.74359 16
17037 14 21 35 -0.2 19
17038 2 40 42 -0.904762 15
17039 27 7 34 0.588235 18
17040 0 20 20 -1 10
17041 11 9 20 0.1 14
17042 28 8 36 0.555556 22
17043 24 3 27 0.777778 14
17044 29 10 39 0.487179 15
17045 15 18 33 -0.0909091 18
17046 32 9 41 0.560976 17
17047 8 19 27 -0.407407 14
17048 22 11 33 0.333333 21
17049 30 6 36 0.666667 16
17050 11 30 41 -0.463415 19
17051 16 12 28 0.142857 16
17052 4 17 21 -0.619048 10
17053 26 1 27 0.925926 13
17054 27 6 33 0.636364 20
17055 15 17 32 -0.0625 16
17056 9 35 44 -0.590909 10
17057 1 33 34 -0.941176 18
17058 13 27 40 -0.35 20
17059 18 15 33 0.0909091 18
17060 23 11 34 0.352941 16
17061 32 8 40 0.6 18
17062 5 13 18 -0.444444 8
17063 2 37 39 -0.897436 14
17064 29 12 41 0.414634 18
17065 8 35 43 -0.627907 17
17066 40 4 44 0.818182 20
17067 22 15 37 0.189189 23
17068 9 39 48 -0.625 16
17069 22 16 38 0.157895 18
17070 32 0 32 1 14
17071 29 1 30 0.933333 8
17072 28 8 36 0.555556 17
17073 19 8 27 0.407407 11
17074 20 21 41 -0.0243902 20
17075 25 13 38 0.315789 21
17076 27 5 32 0.6875 11
17077 42 1 43 0.953488 12
17078 7 28 35 -0.6 18
17079 0 29 29 -1 11
17080 22 12 34 0.294118 22
17081 14 12 26 0.0769231 18
17082 24 0 24 1 11
17083 20 5 25 0.6 18
17084 38 5 43 0.767442 20
17085 5 43 48 -0.791667 18
17086 1 57 58 -0.965517 15
17087 27 12 39 0.384615 20
17088 13 28 41 -0.365854 17
17089 25 4 29 0.724138 17
17090 12 11 23 0.0434783 11
17091 29 8 37 0.567568 19
17092 47 3 50 0.88 15
17093 9 28 37 -0.513514 20
17094 39 6 45 0.733333 18
17095 8 22 30 -0.466667 21
17096 14 7 21 0.333333 15
17097 28 2 30 0.866667 16
17098 4 16 20 -0.6 13
17099 14 20 34 -0.176471 16
17100 40 6 46 0.73913 11
17101 15 30 45 -0.333333 22
17102 8 23 31 -0.483871 16
17103 6 18 24 -0.5 14
17104 23 7 30 0.533333 15
17105 48 7 55 0.745455 19
17106 27 7 34 0.588235 17
17107 6 33 39 -0.692308 14
17108 13 20 33 -0.212121 16
17109 31 8 39 0.589744 17
17110 11 36 47 -0.531915 20
17111 0 35 35 -1 13
17112 15 23 38 -0.210526 24
17113 20 15 35 0.142857 18
17114 1 13 14 -0.857143 10
17115 1 41 42 -0.952381 9
17116 3 58 61 -0.901639 11
17117 6 38 44 -0.727273 16
17118 12 11 23 0.0434783 13
17119 2 44 46 -0.913043 14
17120 23 17 40 0.15 24
17121 8 24 32 -0.5 22
17122 19 17 36 0.0555556 21
17123 19 13 32 0.1875 17
17124 12 7 19 0.263158 9
17125 3 10 13 -0.538462 11
17126 31 9 40 0.55 14
17127 8 31 39 -0.589744 19
17128 18 13 31 0.16129 17
17129 2 33 35 -0.885714 7
17130 13 23 36 -0.277778 16
17131 30 4 34 0.764706 14
17132 8 20 28 -0.428571 13
17133 9 28 37 -0.513514 18
17134 3 34 37 -0.837838 17
17135 25 12 37 0.351351 13
17136 9 15 24 -0.25 19
17137 21 19 40 0.05 17
17138 3 20 23 -0.73913 14
17139 39 4 43 0.813953 16
17140 1 39 40 -0.95 17
17141 4 26 30 -0.733333 17
17142 10 20 30 -0.333333 20
17143 11 18 29 -0.241379 13
17144 48 2 50 0.92 13
17145 17 14 31 0.0967742 21
17146 11 4 15 0.466667 8
17147 9 19 28 -0.357143 14
17148 19 24 43 -0.116279 19
17149 16 12 28 0.142857 14
17150 8 13 21 -0.238095 13
17151 9 49 58 -0.689655 19
17152 8 13 21 -0.238095 13
17153 15 16 31 -0.0322581 17
17154 35 0 35 1 15
17155 10 22 32 -0.375 12
17156 11 18 29 -0.241379 18
17157 8 26 34 -0.529412 18
17158 13 26 39 -0.333333 16
17159 9 26 35 -0.485714 16
17160 3 34 37 -0.837838 15
17161 17 7 24 0.416667 16
17162 7 35 42 -0.666667 18
17163 20 18 38 0.0526316 14
17164 11 21 32 -0.3125 17
17165 15 11 26 0.153846 17
17166 15 14 29 0.0344828 16
17167 29 11 40 0.45 18
17168 14 15 29 -0.0344828 17
17169 5 22 27 -0.62963 16
17170 3 23 26 -0.769231 15
17171 9 11 20 -0.1 11
17172 23 4 27 0.703704 15
17173 8 44 52 -0.692308 18
17174 9 17 26 -0.307692 18
17175 18 18 36 0 16
17176 29 4 33 0.757576 17
17177 17 18 35 -0.0285714 23
17178 13 16 29 -0.103448 18
17179 4 17 21 -0.619048 15
17180 29 1 30 0.933333 14
17181 12 29 41 -0.414634 17
17182 17 13 30 0.133333 18
17183 20 17 37 0.0810811 16
17184 5 16 21 -0.52381 13
17185 6 31 37 -0.675676 13
17186 3 33 36 -0.833333 17
17187 32 3 35 0.828571 15
17188 5 21 26 -0.615385 17
17189 7 18 25 -0.44 16
17190 24 9 33 0.454545 17
17191 23 13 36 0.277778 18
17192 16 15 31 0.0322581 17
17193 17 12 29 0.172414 17
17194 40 6 46 0.73913 20
17195 8 21 29 -0.448276 16
17196 19 17 36 0.0555556 18
17197 3 21 24 -0.75 12
17198 14 34 48 -0.416667 20
17199 15 11 26 0.153846 15
17200 28 17 45 0.244444 20
17201 40 4 44 0.818182 16
17202 21 10 31 0.354839 16
17203 11 12 23 -0.0434783 10
17204 37 1 38 0.947368 9
17205 16 23 39 -0.179487 20
17206 24 3 27 0.777778 14
17207 26 6 32 0.625 14
17208 2 42 44 -0.909091 15
17209 15 8 23 0.304348 14
17210 22 2 24 0.833333 13
17211 5 31 36 -0.722222 14
17212 25 27 52 -0.0384615 21
17213 0 36 36 -1 15
17214 33 1 34 0.941176 14
17215 27 16 43 0.255814 20
17216 2 36 38 -0.894737 16
17217 21 7 28 0.5 13
17218 29 2 31 0.870968 14
17219 12 21 33 -0.272727 21
17220 27 8 35 0.542857 12
17221 7 17 24 -0.416667 14
17222 11 30 41 -0.463415 18
17223 26 7 33 0.575758 18
17224 45 1 46 0.956522 10
17225 23 4 27 0.703704 17
17226 7 27 34 -0.588235 17
17227 10 31 41 -0.512195 16
17228 30 3 33 0.818182 15
17229 21 19 40 0.05 21
17230 4 24 28 -0.714286 11
17231 23 11 34 0.352941 19
17232 16 14 30 0.0666667 18
17233 28 5 33 0.69697 15
17234 6 25 31 -0.612903 18
17235 16 6 22 0.454545 15
17236 24 16 40 0.2 17
17237 18 15 33 0.0909091 17
17238 31 5 36 0.722222 17
17239 14 18 32 -0.125 18
17240 0 30 30 -1 16
17241 0 27 27 -1 13
17242 10 15 25 -0.2 12
17243 34 13 47 0.446809 16
17244 6 16 22 -0.454545 15
17245 11 11 22 0 15
17246 34 2 36 0.888889 9
17247 16 9 25 0.28 12
17248 37 2 39 0.897436 15
17249 11 24 35 -0.371429 15
17250 23 20 43 0.0697674 16
17251 15 27 42 -0.285714 21
17252 4 25 29 -0.724138 14
17253 42 3 45 0.866667 9
17254 11 21 32 -0.3125 22
17255 2 40 42 -0.904762 15
17256 4 36 40 -0.8 10
17257 3 34 37 -0.837838 18
17258 26 15 41 0.268293 17
17259 13 19 32 -0.1875 10
17260 5 18 23 -0.565217 14
17261 13 17 30 -0.133333 21
17262 18 21 39 -0.0769231 15
17263 13 23 36 -0.277778 14
17264 5 40 45 -0.777778 12
17265 46 3 49 0.877551 12
17266 6 36 42 -0.714286 21
17267 22 16 38 0.157895 17
17268 12 20 32 -0.25 15
17269 26 9 35 0.485714 15
17270 42 1 43 0.953488 20
17271 20 21 41 -0.0243902 20
17272 23 7 30 0.533333 17
17273 9 21 30 -0.4 14
17274 11 31 42 -0.47619 18
17275 17 8 25 0.36 16
17276 14 21 35 -0.2 18
17277 34 3 37 0.837838 17
17278 1 31 32 -0.9375 16
17279 19 3 22 0.727273 13
17280 19 23 42 -0.0952381 21
17281 1 47 48 -0.958333 12
17282 25 5 30 0.666667 16
17283 9 17 26 -0.307692 17
17284 0 32 32 -1 12
17285 3 27 30 -0.8 18
17286 1 49 50 -0.96 15
17287 19 21 40 -0.05 21
17288 20 4 24 0.666667 15
17289 11 17 28 -0.214286 17
17290 3 39 42 -0.857143 16
17291 16 28 44 -0.272727 17
17292 27 18 45 0.2 21
17293 3 28 31 -0.806452 14
17294 18 9 27 0.333333 17
17295 4 36 40 -0.8 19
17296 39 8 47 0.659574 14
17297 5 27 32 -0.6875 15
17298 34 10 44 0.545455 22
17299 8 28 36 -0.555556 21
17300 15 11 26 0.153846 18
17301 40 1 41 0.95122 16
17302 29 7 36 0.611111 11
17303 14 13 27 0.037037 17
17304 21 6 27 0.555556 15
17305 13 17 30 -0.133333 17
17306 13 23 36 -0.277778 17
17307 17 21 38 -0.105263 19
17308 17 27 44 -0.227273 20
17309 7 30 37 -0.621622 19
17310 30 6 36 0.666667 21
17311 4 15 19 -0.578947 9
17312 24 3 27 0.777778 11
17313 13 23 36 -0.277778 21
17314 26 1 27 0.925926 15
17315 21 17 38 0.105263 20
17316 4 36 40 -0.8 12
17317 2 30 32 -0.875 8
17318 12 20 32 -0.25 15
17319 14 33 47 -0.404255 20
17320 27 14 41 0.317073 17
17321 24 17 41 0.170732 19
17322 24 7 31 0.548387 15
17323 41 4 45 0.822222 21
17324 4 51 55 -0.854545 18
17325 14 12 26 0.0769231 18
17326 11 20 31 -0.290323 18
17327 26 3 29 0.793103 10
17328 61 3 64 0.90625 12
17329 4 19 23 -0.652174 12
17330 12 33 45 -0.466667 22
17331 9 18 27 -0.333333 13
17332 15 12 27 0.111111 13
17333 23 12 35 0.314286 18
17334 8 0 8 1 5
17335 4 28 32 -0.75 9
17336 1 37 38 -0.947368 14
17337 33 1 34 0.941176 9
17338 34 3 37 0.837838 15
17339 2 36 38 -0.894737 11
17340 9 29 38 -0.526316 15
17341 17 27 44 -0.227273 18
17342 8 22 30 -0.466667 18
17343 45 4 49 0.836735 15
17344 2 32 34 -0.882353 15
17345 28 8 36 0.555556 17
17346 20 5 25 0.6 13
17347 11 27 38 -0.421053 18
17348 0 29 29 -1 13
17349 5 41 46 -0.782609 15
17350 16 19 35 -0.0857143 22
17351 13 15 28 -0.0714286 21
17352 22 4 26 0.692308 11
17353 30 1 31 0.935484 13
17354 16 9 25 0.28 15
17355 17 16 33 0.030303 16
17356 41 2 43 0.906977 19
17357 35 12 47 0.489362 20
17358 16 12 28 0.142857 16
17359 12 32 44 -0.454545 22
17360 34 0 34 1 14
17361 4 43 47 -0.829787 14
17362 3 11 14 -0.571429 11
17363 6 18 24 -0.5 17
17364 33 24 57 0.157895 18
17365 16 5 21 0.52381 12
17366 23 30 53 -0.132075 22
17367 15 7 22 0.363636 15
17368 3 18 21 -0.714286 16
17369 2 21 23 -0.826087 15
17370 20 7 27 0.481481 16
17371 18 19 37 -0.027027 20
17372 19 26 45 -0.155556 25
17373 10 19 29 -0.310345 13
17374 55 0 55 1 12
17375 0 29 29 -1 10
17376 46 0 46 1 12
17377 19 11 30 0.266667 16
17378 22 9 31 0.419355 16
17379 5 45 50 -0.8 19
17380 40 3 43 0.860465 13
17381 38 0 38 1 10
17382 8 8 16 0 12
17383 5 24 29 -0.655172 14
17384 30 13 43 0.395349 22
17385 13 9 22 0.181818 13
17386 5 28 33 -0.69697 15
17387 30 1 31 0.935484 14
17388 46 1 47 0.957447 13
17389 14 27 41 -0.317073 20
17390 24 17 41 0.170732 19
17391 9 35 44 -0.590909 20
17392 46 1 47 0.957447 17
17393 33 7 40 0.65 16
17394 10 16 26 -0.230769 17
17395 24 11 35 0.371429 18
17396 13 10 23 0.130435 15
17397 6 41 47 -0.744681 20
17398 35 17 52 0.346154 21
17399 6 35 41 -0.707317 12
17400 28 7 35 0.6 18
17401 5 33 38 -0.736842 14
17402 8 22 30 -0.466667 21
17403 23 3 26 0.769231 17
17404 4 39 43 -0.813953 14
17405 17 22 39 -0.128205 23
17406 19 21 40 -0.05 20
17407 11 22 33 -0.333333 20
17408 28 13 41 0.365854 19
17409 15 4 19 0.578947 10
17410 20 10 30 0.333333 13
17411 36 1 37 0.945946 9
17412 19 9 28 0.357143 16
17413 21 0 21 1 10
17414 3 35 38 -0.842105 11
17415 34 9 43 0.581395 17
17416 30 13 43 0.395349 21
17417 15 10 25 0.2 15
17418 3 26 29 -0.793103 17
17419 9 28 37 -0.513514 19
17420 19 8 27 0.407407 14
17421 11 21 32 -0.3125 17
17422 3 33 36 -0.833333 12
17423 14 13 27 0.037037 17
17424 3 40 43 -0.860465 18
17425 34 19 53 0.283019 16
17426 30 10 40 0.5 22
17427 6 17 23 -0.478261 13
17428 9 9 18 0 9
17429 13 1 14 0.857143 7
17430 3 29 32 -0.8125 14
17431 37 9 46 0.608696 15
17432 10 6 16 0.25 13
17433 13 20 33 -0.212121 14
17434 18 6 24 0.5 13
17435 8 41 49 -0.673469 17
17436 18 1 19 0.894737 11
17437 7 27 34 -0.588235 17
17438 19 27 46 -0.173913 19
17439 3 14 17 -0.647059 12
17440 22 19 41 0.0731707 20
17441 16 7 23 0.391304 14
17442 4 28 32 -0.75 18
17443 1 47 48 -0.958333 14
17444 0 7 7 -1 4
17445 31 7 38 0.631579 16
17446 31 6 37 0.675676 17
17447 17 15 32 0.0625 19
17448 17 11 28 0.214286 16
17449 30 1 31 0.935484 11
17450 14 7 21 0.333333 12
17451 5 21 26 -0.615385 13
17452 17 24 41 -0.170732 23
17453 17 22 39 -0.128205 19
17454 30 9 39 0.538462 19
17455 19 5 24 0.583333 15
17456 33 2 35 0.885714 12
17457 14 23 37 -0.243243 23
17458 41 4 45 0.822222 15
17459 9 18 27 -0.333333 19
17460 1 28 29 -0.931034 13
17461 19 27 46 -0.173913 17
17462 10 13 23 -0.130435 11
17463 0 18 18 -1 6
17464 11 17 28 -0.214286 13
17465 14 20 34 -0.176471 17
17466 12 14 26 -0.0769231 16
17467 2 26 28 -0.857143 11
17468 21 4 25 0.68 11
17469 21 13 34 0.235294 17
17470 16 14 30 0.0666667 17
17471 19 14 33 0.151515 19
17472 31 5 36 0.722222 14
17473 30 10 40 0.5 20
17474 28 9 37 0.513514 13
17475 3 29 32 -0.8125 12
17476 15 13 28 0.0714286 18
17477 24 8 32 0.5 15
17478 12 15 27 -0.111111 12
17479 22 27 49 -0.102041 16
17480 24 11 35 0.371429 23
17481 20 10 30 0.333333 13
17482 21 24 45 -0.0666667 23
17483 5 36 41 -0.756098 15
17484 4 40 44 -0.818182 19
17485 20 6 26 0.538462 16
17486 30 3 33 0.818182 13
17487 27 14 41 0.317073 21
17488 7 30 37 -0.621622 19
17489 44 2 46 0.913043 14
17490 24 6 30 0.6 14
17491 13 12 25 0.04 17
17492 9 38 47 -0.617021 12
17493 19 10 29 0.310345 17
17494 1 28 29 -0.931034 11
17495 21 17 38 0.105263 17
17496 18 11 29 0.241379 18
17497 26 19 45 0.155556 23
17498 12 2 14 0.714286 10
17499 1 40 41 -0.95122 9
17500 2 16 18 -0.777778 7
17501 34 4 38 0.789474 18
17502 10 13 23 -0.130435 13
17503 30 5 35 0.714286 15
17504 12 31 43 -0.44186 20
17505 7 19 26 -0.461538 19
17506 30 13 43 0.395349 18
17507 27 8 35 0.542857 19
17508 7 29 36 -0.611111 21
17509 5 25 30 -0.666667 16
17510 16 19 35 -0.0857143 19
17511 3 43 46 -0.869565 15
17512 6 27 33 -0.636364 12
17513 8 20 28 -0.428571 14
17514 18 5 23 0.565217 17
17515 1 39 40 -0.95 10
17516 15 1 16 0.875 10
17517 9 25 34 -0.470588 17
17518 19 3 22 0.727273 11
17519 3 28 31 -0.806452 12
17520 2 24 26 -0.846154 10
17521 5 20 25 -0.6 15
17522 32 1 33 0.939394 15
17523 15 2 17 0.764706 11
17524 19 16 35 0.0857143 20
17525 22 17 39 0.128205 24
17526 30 1 31 0.935484 14
17527 22 23 45 -0.0222222 18
17528 0 31 31 -1 14
17529 13 17 30 -0.133333 14
17530 17 8 25 0.36 12
17531 45 3 48 0.875 16
17532 34 2 36 0.888889 8
17533 24 6 30 0.6 12
17534 19 17 36 0.0555556 23
17535 32 9 41 0.560976 18
17536 17 16 33 0.030303 19
17537 8 22 30 -0.466667 13
17538 3 29 32 -0.8125 13
17539 25 2 27 0.851852 13
17540 21 2 23 0.826087 15
17541 12 20 32 -0.25 15
17542 16 18 34 -0.0588235 17
17543 7 29 36 -0.611111 13
17544 24 19 43 0.116279 15
17545 6 23 29 -0.586207 13
17546 12 18 30 -0.2 14
17547 27 4 31 0.741935 14
17548 15 26 41 -0.268293 19
17549 20 5 25 0.6 16
17550 25 15 40 0.25 17
17551 8 9 17 -0.0588235 12
17552 25 19 44 0.136364 21
17553 6 37 43 -0.72093 20
17554 9 17 26 -0.307692 16
17555 5 31 36 -0.722222 15
17556 21 6 27 0.555556 15
17557 5 54 59 -0.830508 14
17558 27 11 38 0.421053 15
17559 22 19 41 0.0731707 19
17560 8 28 36 -0.555556 12
17561 5 18 23 -0.565217 15
17562 2 48 50 -0.92 13
17563 14 22 36 -0.222222 17
17564 31 0 31 1 9
17565 20 19 39 0.025641 24
17566 41 5 46 0.782609 13
17567 15 14 29 0.0344828 17
17568 1 48 49 -0.959184 11
17569 1 34 35 -0.942857 12
17570 6 29 35 -0.657143 17
17571 1 21 22 -0.909091 13
17572 11 26 37 -0.405405 15
17573 43 1 44 0.954545 13
17574 16 21 37 -0.135135 15
17575 8 16 24 -0.333333 15
17576 20 0 20 1 12
17577 28 1 29 0.931034 12
17578 27 1 28 0.928571 12
17579 34 4 38 0.789474 19
17580 14 12 26 0.0769231 18
17581 23 12 35 0.314286 14
17582 2 24 26 -0.846154 13
17583 10 26 36 -0.444444 16
17584 23 4 27 0.703704 16
17585 10 37 47 -0.574468 23
17586 21 15 36 0.166667 17
17587 2 38 40 -0.9 16
17588 34 9 43 0.581395 14
17589 7 32 39 -0.641026 22
17590 26 5 31 0.677419 14
17591 10 4 14 0.428571 9
17592 25 11 36 0.388889 20
17593 13 30 43 -0.395349 23
17594 7 31 38 -0.631579 20
17595 17 16 33 0.030303 15
17596 20 10 30 0.333333 17
17597 2 37 39 -0.897436 17
17598 9 21 30 -0.4 17
17599 36 10 46 0.565217 21
17600 4 29 33 -0.757576 17
17601 53 0 53 1 11
17602 29 0 29 1 13
17603 6 27 33 -0.636364 16
17604 20 20 40 0 25
17605 19 13 32 0.1875 18
17606 6 64 70 -0.828571 10
17607 8 25 33 -0.515152 19
17608 12 11 23 0.0434783 13
17609 7 28 35 -0.6 18
17610 30 12 42 0.428571 16
17611 10 10 20 0 13
17612 7 23 30 -0.533333 17
17613 33 4 37 0.783784 18
17614 17 26 43 -0.209302 21
17615 47 1 48 0.958333 14
17616 5 9 14 -0.285714 8
17617 19 19 38 0 17
17618 10 23 33 -0.393939 17
17619 11 24 35 -0.371429 15
17620 28 13 41 0.365854 19
17621 1 21 22 -0.909091 14
17622 4 21 25 -0.68 14
17623 40 1 41 0.95122 14
17624 14 16 30 -0.0666667 20
17625 47 3 50 0.88 10
17626 5 28 33 -0.69697 15
17627 8 40 48 -0.666667 16
17628 16 6 22 0.454545 12
17629 7 13 20 -0.3 11
17630 20 5 25 0.6 16
17631 1 19 20 -0.9 11
17632 6 28 34 -0.647059 19
17633 6 15 21 -0.428571 13
17634 22 16 38 0.157895 19
17635 9 49 58 -0.689655 21
17636 5 24 29 -0.655172 14
17637 4 20 24 -0.666667 11
17638 0 40 40 -1 12
17639 32 5 37 0.72973 17
17640 8 23 31 -0.483871 18
17641 8 39 47 -0.659574 18
17642 33 14 47 0.404255 23
17643 26 4 30 0.733333 16
17644 16 19 35 -0.0857143 20
17645 12 19 31 -0.225806 15
17646 2 41 43 -0.906977 17
17647 6 32 38 -0.684211 17
17648 6 22 28 -0.571429 19
17649 6 32 38 -0.684211 15
17650 16 15 31 0.0322581 22
17651 11 16 27 -0.185185 13
17652 11 17 28 -0.214286 16
17653 30 7 37 0.621622 20
17654 3 8 11 -0.454545 8
17655 8 48 56 -0.714286 19
17656 13 13 26 0 12
17657 44 2 46 0.913043 14
17658 4 22 26 -0.692308 13
17659 15 12 27 0.111111 15
17660 1 29 30 -0.933333 11
17661 22 13 35 0.257143 16
17662 29 5 34 0.705882 16
17663 11 15 26 -0.153846 15
17664 14 9 23 0.217391 15
17665 13 23 36 -0.277778 19
17666 16 5 21 0.52381 14
17667 14 8 22 0.272727 13
17668 1 39 40 -0.95 13
17669 30 1 31 0.935484 11
17670 26 14 40 0.3 19
17671 30 2 32 0.875 16
17672 12 1 13 0.846154 10
17673 5 26 31 -0.677419 14
17674 24 27 51 -0.0588235 24
17675 25 13 38 0.315789 17
17676 54 1 55 0.963636 18
17677 8 23 31 -0.483871 16
17678 12 22 34 -0.294118 20
17679 5 20 25 -0.6 15
17680 15 14 29 0.0344828 16
17681 3 25 28 -0.785714 14
17682 22 4 26 0.692308 18
17683 16 1 17 0.882353 9
17684 0 55 55 -1 11
17685 46 7 53 0.735849 19
17686 28 3 31 0.806452 18
17687 10 20 30 -0.333333 20
17688 16 15 31 0.0322581 15
17689 41 0 41 1 14
17690 22 7 29 0.517241 13
17691 12 15 27 -0.111111 15
17692 16 24 40 -0.2 14
17693 16 21 37 -0.135135 19
17694 9 43 52 -0.653846 17
17695 12 9 21 0.142857 12
17696 13 13 26 0 15
17697 5 35 40 -0.75 16
17698 7 28 35 -0.6 20
17699 11 24 35 -0.371429 20
17700 8 12 20 -0.2 14
17701 23 4 27 0.703704 12
17702 11 18 29 -0.241379 16
17703 15 8 23 0.304348 16
17704 8 27 35 -0.542857 14
17705 1 51 52 -0.961538 17
17706 30 9 39 0.538462 21
17707 35 4 39 0.794872 15
17708 12 24 36 -0.333333 18
17709 3 46 49 -0.877551 11
17710 23 16 39 0.179487 17
17711 19 5 24 0.583333 13
17712 22 4 26 0.692308 16
17713 5 24 29 -0.655172 12
17714 34 6 40 0.7 9
17715 15 22 37 -0.189189 21
17716 16 29 45 -0.288889 13
17717 17 21 38 -0.105263 21
17718 28 11 39 0.435897 21
17719 22 5 27 0.62963 14
17720 35 6 41 0.707317 17
17721 40 2 42 0.904762 20
17722 9 41 50 -0.64 17
17723 7 38 45 -0.688889 16
17724 8 13 21 -0.238095 14
17725 11 17 28 -0.214286 17
17726 5 32 37 -0.72973 17
17727 54 0 54 1 16
17728 1 41 42 -0.952381 17
17729 1 35 36 -0.944444 9
17730 8 21 29 -0.448276 12
17731 20 12 32 0.25 16
17732 15 17 32 -0.0625 17
17733 41 1 42 0.952381 15
17734 0 21 21 -1 9
17735 17 17 34 0 17
17736 26 8 34 0.529412 12
17737 15 18 33 -0.0909091 17
17738 6 15 21 -0.428571 9
17739 5 27 32 -0.6875 16
17740 43 1 44 0.954545 13
17741 17 12 29 0.172414 16
17742 1 36 37 -0.945946 10
17743 33 4 37 0.783784 14
17744 13 21 34 -0.235294 19
17745 26 8 34 0.529412 14
17746 27 10 37 0.459459 21
17747 24 17 41 0.170732 20
17748 9 24 33 -0.454545 19
17749 15 13 28 0.0714286 12
17750 13 7 20 0.3 14
17751 19 3 22 0.727273 12
17752 22 10 32 0.375 20
17753 21 7 28 0.5 15
17754 6 22 28 -0.571429 16
17755 23 16 39 0.179487 22
17756 4 21 25 -0.68 14
17757 3 36 39 -0.846154 17
17758 34 2 36 0.888889 18
17759 17 22 39 -0.128205 19
17760 0 35 35 -1 11
17761 17 1 18 0.888889 9
17762 30 8 38 0.578947 18
17763 5 24 29 -0.655172 14
17764 26 11 37 0.405405 24
17765 12 15 27 -0.111111 15
17766 23 17 40 0.15 22
17767 21 4 25 0.68 11
17768 51 1 52 0.961538 17
17769 18 18 36 0 21
17770 20 17 37 0.0810811 15
17771 8 18 26 -0.384615 16
17772 8 18 26 -0.384615 13
17773 21 8 29 0.448276 17
17774 26 6 32 0.625 13
17775 29 5 34 0.705882 17
17776 34 7 41 0.658537 20
17777 16 13 29 0.103448 18
17778 19 7 26 0.461538 14
17779 10 24 34 -0.411765 18
17780 38 2 40 0.9 10
17781 18 20 38 -0.0526316 24
17782 7 22 29 -0.517241 17
17783 1 28 29 -0.931034 15
17784 45 3 48 0.875 19
17785 8 26 34 -0.529412 16
17786 0 25 25 -1 10
17787 22 7 29 0.517241 14
17788 7 15 22 -0.363636 8
17789 29 13 42 0.380952 17
17790 1 37 38 -0.947368 13
17791 7 11 18 -0.222222 13
17792 12 6 18 0.333333 10
17793 19 12 31 0.225806 20
17794 15 2 17 0.764706 13
17795 14 7 21 0.333333 14
17796 9 33 42 -0.571429 17
17797 2 12 14 -0.714286 11
17798 18 6 24 0.5 15
17799 2 25 27 -0.851852 17
17800 6 22 28 -0.571429 15
17801 34 1 35 0.942857 15
17802 27 5 32 0.6875 15
17803 19 13 32 0.1875 19
17804 1 35 36 -0.944444 16
17805 3 23 26 -0.769231 15
17806 35 2 37 0.891892 16
17807 15 27 42 -0.285714 20
17808 10 13 23 -0.130435 13
17809 1 31 32 -0.9375 16
17810 8 10 18 -0.111111 10
17811 49 2 51 0.921569 18
17812 6 23 29 -0.586207 15
17813 22 6 28 0.571429 13
17814 3 40 43 -0.860465 16
17815 6 23 29 -0.586207 13
17816 31 4 35 0.771429 17
17817 23 7 30 0.533333 13
17818 8 23 31 -0.483871 16
17819 27 1 28 0.928571 11
17820 18 22 40 -0.1 17
17821 26 14 40 0.3 19
17822 23 3 26 0.769231 14
17823 30 17 47 0.276596 17
17824 30 8 38 0.578947 22
17825 8 20 28 -0.428571 15
17826 52 5 57 0.824561 15
17827 27 7 34 0.588235 17
17828 28 11 39 0.435897 19
17829 4 13 17 -0.529412 12
17830 25 18 43 0.162791 20
17831 2 17 19 -0.789474 12
17832 18 9 27 0.333333 15
17833 3 25 28 -0.785714 16
17834 32 1 33 0.939394 14
17835 22 7 29 0.517241 13
17836 34 1 35 0.942857 12
17837 31 9 40 0.55 15
17838 23 1 24 0.916667 8
17839 15 14 29 0.0344828 18
17840 14 15 29 -0.0344828 17
17841 30 3 33 0.818182 16
17842 5 27 32 -0.6875 18
17843 30 13 43 0.395349 18
17844 21 8 29 0.448276 12
17845 9 22 31 -0.419355 17
17846 25 1 26 0.923077 17
17847 9 31 40 -0.55 21
17848 8 16 24 -0.333333 11
17849 3 32 35 -0.828571 11
17850 13 8 21 0.238095 15
17851 30 2 32 0.875 14
17852 3 25 28 -0.785714 16
17853 11 16 27 -0.185185 16
17854 2 28 30 -0.866667 13
17855 27 12 39 0.384615 18
17856 24 0 24 1 12
17857 10 20 30 -0.333333 19
17858 1 42 43 -0.953488 12
17859 22 2 24 0.833333 14
17860 3 26 29 -0.793103 17
17861 30 12 42 0.428571 19
17862 15 19 34 -0.117647 22
17863 1 34 35 -0.942857 9
17864 34 3 37 0.837838 13
17865 31 19 50 0.24 19
17866 10 43 53 -0.622642 19
17867 9 45 54 -0.666667 22
17868 28 5 33 0.69697 19
17869 2 28 30 -0.866667 15
17870 20 11 31 0.290323 19
17871 8 33 41 -0.609756 16
17872 24 8 32 0.5 19
17873 19 12 31 0.225806 16
17874 18 15 33 0.0909091 17
17875 40 8 48 0.666667 21
17876 20 1 21 0.904762 7
17877 10 35 45 -0.555556 19
17878 35 3 38 0.842105 14
17879 30 8 38 0.578947 18
17880 24 2 26 0.846154 17
17881 36 10 46 0.565217 19
17882 65 2 67 0.940299 11
17883 4 32 36 -0.777778 20
17884 29 12 41 0.414634 18
17885 24 7 31 0.548387 15
17886 22 19 41 0.0731707 20
17887 16 22 38 -0.157895 19
17888 13 17 30 -0.133333 16
17889 11 19 30 -0.266667 11
17890 17 20 37 -0.0810811 19
17891 17 8 25 0.36 12
17892 17 14 31 0.0967742 14
17893 35 4 39 0.794872 12
17894 11 21 32 -0.3125 13
17895 20 14 34 0.176471 15
17896 9 32 41 -0.560976 24
17897 3 28 31 -0.806452 12
17898 8 18 26 -0.384615 15
17899 29 7 36 0.611111 17
17900 7 29 36 -0.611111 14
17901 25 3 28 0.785714 14
17902 33 3 36 0.833333 15
17903 39 9 48 0.625 19
17904 8 29 37 -0.567568 19
17905 1 32 33 -0.939394 14
17906 9 18 27 -0.333333 13
17907 18 10 28 0.285714 20
17908 30 5 35 0.714286 14
17909 1 23 24 -0.916667 12
17910 4 9 13 -0.384615 10
17911 8 19 27 -0.407407 14
17912 13 9 22 0.181818 14
17913 40 2 42 0.904762 19
17914 9 26 35 -0.485714 16
17915 18 10 28 0.285714 16
17916 5 19 24 -0.583333 15
17917 13 21 34 -0.235294 21
17918 7 12 19 -0.263158 14
17919 2 25 27 -0.851852 17
17920 76 3 79 0.924051 12
17921 10 29 39 -0.487179 16
17922 56 0 56 1 8
17923 26 6 32 0.625 18
17924 26 0 26 1 9
17925 13 14 27 -0.037037 15
17926 16 41 57 -0.438596 18
17927 19 22 41 -0.0731707 20
17928 25 16 41 0.219512 15
17929 20 9 29 0.37931 16
17930 9 41 50 -0.64 22
17931 3 39 42 -0.857143 20
17932 30 15 45 0.333333 20
17933 6 29 35 -0.657143 16
17934 11 19 30 -0.266667 14
17935 37 3 40 0.85 12
17936 19 6 25 0.52 14
17937 1 32 33 -0.939394 10
17938 12 23 35 -0.314286 20
17939 49 4 53 0.849057 20
17940 17 12 29 0.172414 17
17941 4 27 31 -0.741935 18
17942 18 13 31 0.16129 15
17943 17 19 36 -0.0555556 19
17944 15 7 22 0.363636 15
17945 3 28 31 -0.806452 15
17946 16 22 38 -0.157895 20
17947 11 24 35 -0.371429 19
17948 14 17 31 -0.0967742 20
17949 18 14 32 0.125 18
17950 28 12 40 0.4 18
17951 32 4 36 0.777778 9
17952 34 14 48 0.416667 23
17953 21 7 28 0.5 14
17954 23 11 34 0.352941 14
17955 9 23 32 -0.4375 12
17956 24 18 42 0.142857 15
17957 35 7 42 0.666667 14
17958 42 2 44 0.909091 9
17959 21 17 38 0.105263 16
17960 16 21 37 -0.135135 19
17961 14 22 36 -0.222222 22
17962 32 9 41 0.560976 18
17963 27 8 35 0.542857 18
17964 33 2 35 0.885714 10
17965 38 2 40 0.9 13
17966 6 31 37 -0.675676 19
17967 16 13 29 0.103448 17
17968 2 13 15 -0.733333 9
17969 15 10 25 0.2 12
17970 30 3 33 0.818182 16
17971 8 31 39 -0.589744 18
17972 45 5 50 0.8 18
17973 41 1 42 0.952381 15
17974 32 8 40 0.6 19
17975 8 22 30 -0.466667 16
17976 2 38 40 -0.9 10
17977 22 3 25 0.76 16
17978 17 8 25 0.36 16
17979 35 6 41 0.707317 17
17980 12 25 37 -0.351351 22
17981 18 26 44 -0.181818 22
17982 21 7 28 0.5 14
17983 22 26 48 -0.0833333 22
17984 28 10 38 0.473684 15
17985 2 0 2 1 2
17986 17 6 23 0.478261 15
17987 21 18 39 0.0769231 17
17988 9 21 30 -0.4 19
17989 8 30 38 -0.578947 19
17990 1 51 52 -0.961538 12
17991 9 22 31 -0.419355 16
17992 6 21 27 -0.555556 14
17993 45 2 47 0.914894 13
17994 38 2 40 0.9 15
17995 2 41 43 -0.906977 13
17996 41 0 41 1 16
17997 37 0 37 1 8
17998 3 32 35 -0.828571 15
17999 27 4 31 0.741935 18
18000 6 35 41 -0.707317 20
18001 27 12 39 0.384615 17
18002 2 26 28 -0.857143 15
18003 40 9 49 0.632653 22
18004 44 1 45 0.955556 13
18005 20 7 27 0.481481 18
18006 22 0 22 1 10
18007 38 0 38 1 12
18008 32 4 36 0.777778 15
18009 6 31 37 -0.675676 14
18010 1 35 36 -0.944444 13
18011 5 33 38 -0.736842 14
18012 15 21 36 -0.166667 18
18013 14 20 34 -0.176471 20
18014 17 18 35 -0.0285714 19
18015 46 3 49 0.877551 19
18016 2 33 35 -0.885714 10
18017 15 17 32 -0.0625 15
18018 2 26 28 -0.857143 14
18019 36 6 42 0.714286 20
18020 21 11 32 0.3125 18
18021 7 32 39 -0.641026 16
18022 3 38 41 -0.853659 12
18023 2 6 8 -0.5 5
18024 14 13 27 0.037037 13
18025 11 17 28 -0.214286 18
18026 0 44 44 -1 16
18027 20 5 25 0.6 15
18028 40 2 42 0.904762 18
18029 13 9 22 0.181818 15
18030 5 22 27 -0.62963 16
18031 11 14 25 -0.12 12
18032 13 18 31 -0.16129 18
18033 4 45 49 -0.836735 16
18034 48 6 54 0.777778 18
18035 23 2 25 0.84 7
18036 21 16 37 0.135135 20
18037 10 29 39 -0.487179 13
18038 9 23 32 -0.4375 12
18039 10 19 29 -0.310345 17
18040 3 33 36 -0.833333 16
18041 19 19 38 0 20
18042 3 30 33 -0.818182 14
18043 5 28 33 -0.69697 18
18044 14 22 36 -0.222222 11
18045 43 2 45 0.911111 15
18046 23 7 30 0.533333 17
18047 14 17 31 -0.0967742 21
18048 30 5 35 0.714286 15
18049 38 6 44 0.727273 13
18050 29 5 34 0.705882 13
18051 2 41 43 -0.906977 11
18052 35 5 40 0.75 17
18053 2 33 35 -0.885714 10
18054 10 23 33 -0.393939 19
18055 29 6 35 0.657143 15
18056 13 8 21 0.238095 13
18057 3 46 49 -0.877551 18
18058 38 2 40 0.9 12
18059 16 30 46 -0.304348 22
18060 17 37 54 -0.37037 28
18061 20 5 25 0.6 15
18062 23 12 35 0.314286 21
18063 42 1 43 0.953488 13
18064 14 21 35 -0.2 15
18065 34 1 35 0.942857 12
18066 7 25 32 -0.5625 17
18067 21 20 41 0.0243902 17
18068 3 33 36 -0.833333 13
18069 16 16 32 0 19
18070 16 20 36 -0.111111 15
18071 44 0 44 1 11
18072 36 1 37 0.945946 15
18073 10 22 32 -0.375 19
18074 13 10 23 0.130435 14
18075 11 28 39 -0.435897 23
18076 6 16 22 -0.454545 13
18077 2 32 34 -0.882353 17
18078 26 1 27 0.925926 11
18079 18 20 38 -0.0526316 21
18080 3 23 26 -0.769231 15
18081 16 5 21 0.52381 13
18082 16 30 46 -0.304348 23
18083 2 20 22 -0.818182 10
18084 5 29 34 -0.705882 14
18085 33 9 42 0.571429 18
18086 8 13 21 -0.238095 15
18087 11 15 26 -0.153846 13
18088 16 10 26 0.230769 10
18089 13 10 23 0.130435 16
18090 11 40 51 -0.568627 15
18091 26 12 38 0.368421 16
18092 0 41 41 -1 16
18093 6 11 17 -0.294118 11
18094 18 20 38 -0.0526316 15
18095 23 12 35 0.314286 17
18096 2 30 32 -0.875 17
18097 16 20 36 -0.111111 14
18098 16 18 34 -0.0588235 18
18099 16 15 31 0.0322581 16
18100 5 48 53 -0.811321 16
18101 16 4 20 0.6 13
18102 15 8 23 0.304348 14
18103 29 9 38 0.526316 14
18104 36 7 43 0.674419 18
18105 4 29 33 -0.757576 8
18106 33 3 36 0.833333 16
18107 1 28 29 -0.931034 15
18108 23 4 27 0.703704 13
18109 17 15 32 0.0625 18
18110 8 21 29 -0.448276 19
18111 20 13 33 0.212121 14
18112 6 32 38 -0.684211 15
18113 14 12 26 0.0769231 13
18114 4 17 21 -0.619048 11
18115 1 48 49 -0.959184 19
18116 2 25 27 -0.851852 13
18117 17 6 23 0.478261 12
18118 31 3 34 0.823529 11
18119 20 8 28 0.428571 12
18120 9 15 24 -0.25 14
18121 7 29 36 -0.611111 17
18122 22 6 28 0.571429 12
18123 24 4 28 0.714286 10
18124 22 14 36 0.222222 19
18125 12 23 35 -0.314286 19
18126 9 22 31 -0.419355 15
18127 2 40 42 -0.904762 14
18128 6 27 33 -0.636364 15
18129 15 17 32 -0.0625 16
18130 36 0 36 1 14
18131 37 2 39 0.897436 10
18132 18 8 26 0.384615 19
18133 41 7 48 0.708333 16
18134 8 41 49 -0.673469 22
18135 55 0 55 1 11
18136 25 9 34 0.470588 13
18137 23 6 29 0.586207 12
18138 11 11 22 0 14
18139 12 8 20 0.2 15
18140 22 14 36 0.222222 20
18141 0 42 42 -1 9
18142 5 20 25 -0.6 13
18143 4 31 35 -0.771429 18
18144 29 6 35 0.657143 14
18145 10 26 36 -0.444444 14
18146 22 11 33 0.333333 16
18147 30 11 41 0.463415 14
18148 18 19 37 -0.027027 15
18149 15 19 34 -0.117647 17
18150 29 12 41 0.414634 16
18151 20 21 41 -0.0243902 22
18152 32 3 35 0.828571 12
18153 13 24 37 -0.297297 16
18154 13 12 25 0.04 15
18155 42 5 47 0.787234 15
18156 21 8 29 0.448276 19
18157 1 46 47 -0.957447 18
18158 10 22 32 -0.375 18
18159 0 15 15 -1 9
18160 20 21 41 -0.0243902 21
18161 29 2 31 0.870968 11
18162 2 41 43 -0.906977 9
18163 36 0 36 1 16
18164 24 17 41 0.170732 25
18165 19 2 21 0.809524 9
18166 16 22 38 -0.157895 16
18167 28 1 29 0.931034 14
18168 31 6 37 0.675676 10
18169 4 32 36 -0.777778 20
18170 3 38 41 -0.853659 12
18171 18 13 31 0.16129 17
18172 23 5 28 0.642857 12
18173 13 3 16 0.625 10
18174 1 34 35 -0.942857 17
18175 12 20 32 -0.25 20
18176 20 1 21 0.904762 13
18177 20 15 35 0.142857 14
18178 18 21 39 -0.0769231 23
18179 15 32 47 -0.361702 17
18180 28 8 36 0.555556 15
18181 4 27 31 -0.741935 17
18182 23 10 33 0.393939 17
18183 10 17 27 -0.259259 13
18184 10 23 33 -0.393939 18
18185 11 14 25 -0.12 12
18186 12 15 27 -0.111111 10
18187 33 15 48 0.375 23
18188 30 9 39 0.538462 19
18189 8 29 37 -0.567568 17
18190 36 7 43 0.674419 13
18191 0 24 24 -1 13
18192 47 4 51 0.843137 17
18193 13 16 29 -0.103448 15
18194 29 10 39 0.487179 21
18195 26 17 43 0.209302 22
18196 2 43 45 -0.911111 12
18197 18 5 23 0.565217 15
18198 9 27 36 -0.5 17
18199 3 28 31 -0.806452 14
18200 2 29 31 -0.870968 14
18201 33 5 38 0.736842 16
18202 24 5 29 0.655172 21
18203 26 3 29 0.793103 12
18204 7 23 30 -0.533333 15
18205 49 0 49 1 11
18206 27 15 42 0.285714 24
18207 22 15 37 0.189189 22
18208 11 22 33 -0.333333 15
18209 0 30 30 -1 15
18210 9 35 44 -0.590909 19
18211 22 9 31 0.419355 14
18212 18 15 33 0.0909091 19
18213 4 60 64 -0.875 16
18214 6 23 29 -0.586207 13
18215 28 24 52 0.0769231 25
18216 22 12 34 0.294118 19
18217 33 2 35 0.885714 12
18218 26 11 37 0.405405 22
18219 15 16 31 -0.0322581 18
18220 53 4 57 0.859649 19
18221 11 32 43 -0.488372 20
18222 19 7 26 0.461538 16
18223 22 13 35 0.257143 19
18224 5 19 24 -0.583333 12
18225 42 6 48 0.75 16
18226 38 8 46 0.652174 20
18227 6 35 41 -0.707317 18
18228 35 1 36 0.944444 17
18229 37 4 41 0.804878 14
18230 13 5 18 0.444444 8
18231 40 1 41 0.95122 10
18232 49 1 50 0.96 11
18233 34 5 39 0.74359 17
18234 1 23 24 -0.916667 10
18235 1 26 27 -0.925926 16
18236 24 4 28 0.714286 14
18237 6 29 35 -0.657143 14
18238 38 10 48 0.583333 21
18239 29 1 30 0.933333 12
18240 40 1 41 0.95122 12
18241 16 5 21 0.52381 9
18242 10 17 27 -0.259259 18
18243 22 11 33 0.333333 15
18244 4 30 34 -0.764706 12
18245 20 9 29 0.37931 15
18246 25 12 37 0.351351 13
18247 26 4 30 0.733333 15
18248 43 3 46 0.869565 18
18249 22 8 30 0.466667 16
18250 43 5 48 0.791667 12
18251 12 28 40 -0.4 20
18252 3 29 32 -0.8125 15
18253 23 21 44 0.0454545 23
18254 10 24 34 -0.411765 19
18255 14 9 23 0.217391 16
18256 7 39 46 -0.695652 18
18257 22 8 30 0.466667 19
18258 25 3 28 0.785714 16
18259 15 20 35 -0.142857 18
18260 44 1 45 0.955556 11
18261 3 32 35 -0.828571 13
18262 37 7 44 0.681818 16
18263 6 16 22 -0.454545 14
18264 4 33 37 -0.783784 13
18265 25 9 34 0.470588 19
18266 16 29 45 -0.288889 19
18267 21 24 45 -0.0666667 19
18268 25 8 33 0.515152 16
18269 18 6 24 0.5 10
18270 5 26 31 -0.677419 16
18271 31 2 33 0.878788 14
18272 15 21 36 -0.166667 16
18273 3 18 21 -0.714286 15
18274 3 38 41 -0.853659 10
18275 38 4 42 0.809524 18
18276 13 18 31 -0.16129 15
18277 28 3 31 0.806452 15
18278 12 23 35 -0.314286 19
18279 5 46 51 -0.803922 20
18280 9 20 29 -0.37931 15
18281 12 13 25 -0.04 14
18282 24 7 31 0.548387 14
18283 48 4 52 0.846154 17
18284 14 26 40 -0.3 22
18285 7 1 8 0.75 4
18286 14 26 40 -0.3 20
18287 22 8 30 0.466667 16
18288 0 41 41 -1 12
18289 25 2 27 0.851852 14
18290 4 47 51 -0.843137 17
18291 31 1 32 0.9375 16
18292 6 22 28 -0.571429 17
18293 4 38 42 -0.809524 16
18294 29 4 33 0.757576 11
18295 2 26 28 -0.857143 14
18296 10 27 37 -0.459459 20
18297 18 22 40 -0.1 21
18298 17 14 31 0.0967742 15
18299 35 3 38 0.842105 12
18300 14 24 38 -0.263158 19
18301 9 18 27 -0.333333 17
18302 3 35 38 -0.842105 13
18303 24 11 35 0.371429 19
18304 30 2 32 0.875 11
18305 45 1 46 0.956522 9
18306 13 10 23 0.130435 16
18307 44 2 46 0.913043 15
18308 2 43 45 -0.911111 12
18309 38 4 42 0.809524 11
18310 7 14 21 -0.333333 15
18311 8 23 31 -0.483871 16
18312 28 7 35 0.6 18
18313 27 3 30 0.8 14
18314 9 26 35 -0.485714 16
18315 45 3 48 0.875 14
18316 14 15 29 -0.0344828 16
18317 11 27 38 -0.421053 21
18318 8 14 22 -0.272727 12
18319 8 39 47 -0.659574 19
18320 16 20 36 -0.111111 15
18321 21 18 39 0.0769231 21
18322 3 40 43 -0.860465 15
18323 12 14 26 -0.0769231 13
18324 13 15 28 -0.0714286 14
18325 5 24 29 -0.655172 15
18326 11 24 35 -0.371429 17
18327 9 22 31 -0.419355 15
18328 23 10 33 0.393939 19
18329 1 55 56 -0.964286 16
18330 2 5 7 -0.428571 6
18331 26 9 35 0.485714 18
18332 16 16 32 0 18
18333 27 2 29 0.862069 16
18334 20 2 22 0.818182 13
18335 6 23 29 -0.586207 13
18336 4 41 45 -0.822222 17
18337 3 25 28 -0.785714 14
18338 9 28 37 -0.513514 17
18339 1 49 50 -0.96 14
18340 4 31 35 -0.771429 8
18341 12 18 30 -0.2 19
18342 8 20 28 -0.428571 15
18343 3 53 56 -0.892857 15
18344 11 36 47 -0.531915 18
18345 6 8 14 -0.142857 10
18346 10 22 32 -0.375 16
18347 6 24 30 -0.6 14
18348 33 11 44 0.5 16
18349 4 38 42 -0.809524 18
18350 4 7 11 -0.272727 8
18351 10 15 25 -0.2 17
18352 30 2 32 0.875 12
18353 30 4 34 0.764706 12
18354 26 6 32 0.625 19
18355 38 2 40 0.9 18
18356 21 24 45 -0.0666667 22
18357 9 27 36 -0.5 20
18358 14 8 22 0.272727 12
18359 7 31 38 -0.631579 13
18360 23 20 43 0.0697674 19
18361 2 42 44 -0.909091 19
18362 8 28 36 -0.555556 16
18363 27 11 38 0.421053 18
18364 20 8 28 0.428571 12
18365 17 15 32 0.0625 17
18366 45 1 46 0.956522 12
18367 7 21 28 -0.5 15
18368 28 2 30 0.866667 16
18369 22 7 29 0.517241 16
18370 46 4 50 0.84 15
18371 7 19 26 -0.461538 18
18372 15 17 32 -0.0625 19
18373 4 25 29 -0.724138 15
18374 4 23 27 -0.703704 12
18375 31 3 34 0.823529 12
18376 13 3 16 0.625 14
18377 21 11 32 0.3125 19
18378 1 33 34 -0.941176 8
18379 7 31 38 -0.631579 19
18380 46 3 49 0.877551 13
18381 37 7 44 0.681818 20
18382 25 6 31 0.612903 14
18383 23 6 29 0.586207 17
18384 5 34 39 -0.74359 16
18385 24 6 30 0.6 19
18386 16 23 39 -0.179487 23
18387 44 8 52 0.692308 21
18388 6 30 36 -0.666667 19
18389 26 9 35 0.485714 19
18390 12 6 18 0.333333 14
18391 30 0 30 1 15
18392 13 6 19 0.368421 12
18393 35 2 37 0.891892 13
18394 10 27 37 -0.459459 20
18395 36 6 42 0.714286 21
18396 4 21 25 -0.68 16
18397 16 1 17 0.882353 10
18398 32 10 42 0.52381 17
18399 6 17 23 -0.478261 12
18400 4 43 47 -0.829787 13
18401 12 24 36 -0.333333 19
18402 5 39 44 -0.772727 20
18403 36 3 39 0.846154 9
18404 19 16 35 0.0857143 14
18405 8 25 33 -0.515152 18
18406 10 15 25 -0.2 13
18407 34 1 35 0.942857 11
18408 1 28 29 -0.931034 13
18409 2 37 39 -0.897436 19
18410 5 40 45 -0.777778 19
18411 9 16 25 -0.28 15
18412 44 6 50 0.76 19
18413 4 30 34 -0.764706 18
18414 11 22 33 -0.333333 21
18415 14 8 22 0.272727 10
18416 18 17 35 0.0285714 22
18417 2 14 16 -0.75 10
18418 29 1 30 0.933333 14
18419 14 11 25 0.12 13
18420 4 37 41 -0.804878 18
18421 38 1 39 0.948718 14
18422 17 6 23 0.478261 16
18423 24 12 36 0.333333 20
18424 23 11 34 0.352941 19
18425 9 29 38 -0.526316 17
18426 5 15 20 -0.5 13
18427 21 12 33 0.272727 17
18428 39 6 45 0.733333 22
18429 8 24 32 -0.5 16
18430 17 7 24 0.416667 14
18431 4 42 46 -0.826087 18
18432 4 47 51 -0.843137 16
18433 2 43 45 -0.911111 11
18434 22 17 39 0.128205 22
18435 39 6 45 0.733333 12
18436 6 36 42 -0.714286 17
18437 36 11 47 0.531915 21
18438 5 30 35 -0.714286 17
18439 9 20 29 -0.37931 16
18440 11 14 25 -0.12 12
18441 22 24 46 -0.0434783 23
18442 4 34 38 -0.789474 14
18443 2 27 29 -0.862069 10
18444 16 12 28 0.142857 15
18445 17 18 35 -0.0285714 19
18446 36 1 37 0.945946 10
18447 50 3 53 0.886792 15
18448 37 0 37 1 17
18449 12 15 27 -0.111111 14
18450 18 2 20 0.8 14
18451 5 24 29 -0.655172 14
18452 9 38 47 -0.617021 15
18453 5 28 33 -0.69697 14
18454 35 5 40 0.75 18
18455 26 14 40 0.3 21
18456 17 6 23 0.478261 15
18457 1 19 20 -0.9 12
18458 8 20 28 -0.428571 14
18459 39 4 43 0.813953 18
18460 23 13 36 0.277778 20
18461 23 19 42 0.0952381 18
18462 6 24 30 -0.6 16
18463 21 25 46 -0.0869565 19
18464 3 18 21 -0.714286 15
18465 3 38 41 -0.853659 18
18466 12 14 26 -0.0769231 17
18467 21 18 39 0.0769231 18
18468 20 9 29 0.37931 14
18469 2 20 22 -0.818182 13
18470 31 11 42 0.47619 22
18471 5 33 38 -0.736842 20
18472 19 21 40 -0.05 18
18473 15 8 23 0.304348 17
18474 24 2 26 0.846154 11
18475 29 9 38 0.526316 19
18476 6 37 43 -0.72093 16
18477 18 26 44 -0.181818 22
18478 33 7 40 0.65 10
18479 6 34 40 -0.7 15
18480 39 4 43 0.813953 12
18481 20 8 28 0.428571 13
18482 27 16 43 0.255814 20
18483 41 11 52 0.576923 22
18484 4 25 29 -0.724138 12
18485 23 22 45 0.0222222 21
18486 15 15 30 0 13
18487 22 5 27 0.62963 15
18488 0 39 39 -1 13
18489 31 4 35 0.771429 15
18490 16 21 37 -0.135135 23
18491 5 15 20 -0.5 12
18492 27 3 30 0.8 12
18493 5 28 33 -0.69697 14
18494 10 36 46 -0.565217 17
18495 37 1 38 0.947368 13
18496 5 46 51 -0.803922 11
18497 26 8 34 0.529412 18
18498 2 44 46 -0.913043 15
18499 25 7 32 0.5625 16
18500 8 27 35 -0.542857 15
18501 28 9 37 0.513514 20
18502 17 8 25 0.36 14
18503 52 2 54 0.925926 11
18504 37 1 38 0.947368 15
18505 3 34 37 -0.837838 20
18506 11 16 27 -0.185185 19
18507 21 8 29 0.448276 13
18508 32 1 33 0.939394 14
18509 6 32 38 -0.684211 16
18510 20 12 32 0.25 14
18511 39 8 47 0.659574 18
18512 7 40 47 -0.702128 19
18513 5 38 43 -0.767442 18
18514 18 19 37 -0.027027 21
18515 22 14 36 0.222222 18
18516 3 30 33 -0.818182 13
18517 29 7 36 0.611111 12
18518 27 8 35 0.542857 15
18519 15 13 28 0.0714286 14
18520 52 9 61 0.704918 20
18521 19 11 30 0.266667 19
18522 10 13 23 -0.130435 12
18523 8 18 26 -0.384615 18
18524 23 2 25 0.84 13
18525 8 25 33 -0.515152 18
18526 14 31 45 -0.377778 15
18527 32 0 32 1 12
18528 1 2 3 -0.333333 2
18529 44 1 45 0.955556 10
18530 11 17 28 -0.214286 16
18531 11 19 30 -0.266667 15
18532 14 13 27 0.037037 14
18533 12 31 43 -0.44186 19
18534 30 13 43 0.395349 20
18535 13 12 25 0.04 16
18536 34 6 40 0.7 12
18537 23 4 27 0.703704 14
18538 24 8 32 0.5 17
18539 24 25 49 -0.0204082 22
18540 25 23 48 0.0416667 23
18541 6 22 28 -0.571429 12
18542 20 10 30 0.333333 17
18543 5 2 7 0.428571 5
18544 3 29 32 -0.8125 13
18545 22 15 37 0.189189 18
18546 19 16 35 0.0857143 17
18547 29 9 38 0.526316 17
18548 8 25 33 -0.515152 20
18549 6 22 28 -0.571429 18
18550 0 34 34 -1 15
18551 18 31 49 -0.265306 19
18552 32 4 36 0.777778 20
18553 24 4 28 0.714286 14
18554 10 31 41 -0.512195 17
18555 25 1 26 0.923077 12
18556 0 22 22 -1 13
18557 18 13 31 0.16129 17
18558 19 12 31 0.225806 12
18559 7 25 32 -0.5625 18
18560 20 6 26 0.538462 16
18561 18 16 34 0.0588235 18
18562 30 14 44 0.363636 21
18563 41 3 44 0.863636 10
18564 17 17 34 0 16
18565 28 6 34 0.647059 13
18566 4 28 32 -0.75 11
18567 8 25 33 -0.515152 17
18568 27 0 27 1 10
18569 23 6 29 0.586207 11
18570 14 10 24 0.166667 15
18571 8 24 32 -0.5 18
18572 30 5 35 0.714286 17
18573 36 1 37 0.945946 9
18574 15 15 30 0 15
18575 22 12 34 0.294118 13
18576 37 1 38 0.947368 10
18577 30 0 30 1 14
18578 17 18 35 -0.0285714 19
18579 14 25 39 -0.282051 20
18580 19 16 35 0.0857143 15
18581 7 29 36 -0.611111 16
18582 0 39 39 -1 11
18583 10 24 34 -0.411765 18
18584 37 1 38 0.947368 16
18585 18 20 38 -0.0526316 16
18586 19 9 28 0.357143 12
18587 22 9 31 0.419355 14
18588 28 6 34 0.647059 20
18589 29 8 37 0.567568 17
18590 15 12 27 0.111111 13
18591 10 23 33 -0.393939 18
18592 3 32 35 -0.828571 13
18593 11 6 17 0.294118 14
18594 21 1 22 0.909091 14
18595 11 29 40 -0.45 14
18596 1 26 27 -0.925926 16
18597 41 3 44 0.863636 13
18598 30 10 40 0.5 22
18599 17 17 34 0 23
18600 26 11 37 0.405405 17
18601 11 20 31 -0.290323 17
18602 16 7 23 0.391304 13
18603 6 25 31 -0.612903 18
18604 34 12 46 0.478261 17
18605 24 14 38 0.263158 23
18606 48 3 51 0.882353 20
18607 20 23 43 -0.0697674 24
18608 36 1 37 0.945946 19
18609 5 29 34 -0.705882 17
18610 7 15 22 -0.363636 14
18611 3 30 33 -0.818182 15
18612 9 8 17 0.0588235 13
18613 35 12 47 0.489362 14
18614 3 7 10 -0.4 5
18615 40 1 41 0.95122 14
18616 3 24 27 -0.777778 17
18617 4 28 32 -0.75 16
18618 26 0 26 1 10
18619 17 13 30 0.133333 17
18620 29 11 40 0.45 23
18621 9 28 37 -0.513514 15
18622 8 21 29 -0.448276 17
18623 9 28 37 -0.513514 20
18624 31 11 42 0.47619 23
18625 1 41 42 -0.952381 6
18626 4 21 25 -0.68 13
18627 39 2 41 0.902439 9
18628 13 17 30 -0.133333 15
18629 13 18 31 -0.16129 18
18630 16 10 26 0.230769 17
18631 20 20 40 0 19
18632 39 4 43 0.813953 19
18633 20 3 23 0.73913 14
18634 25 31 56 -0.107143 25
18635 18 17 35 0.0285714 20
18636 7 30 37 -0.621622 16
18637 2 41 43 -0.906977 16
18638 32 4 36 0.777778 16
18639 9 25 34 -0.470588 17
18640 13 27 40 -0.35 16
18641 16 26 42 -0.238095 15
18642 4 5 9 -0.111111 6
18643 23 12 35 0.314286 20
18644 13 21 34 -0.235294 20
18645 18 26 44 -0.181818 22
18646 40 8 48 0.666667 22
18647 16 4 20 0.6 10
18648 30 14 44 0.363636 15
18649 5 24 29 -0.655172 15
18650 7 26 33 -0.575758 20
18651 21 7 28 0.5 16
18652 25 12 37 0.351351 17
18653 15 18 33 -0.0909091 17
18654 17 13 30 0.133333 19
18655 11 24 35 -0.371429 17
18656 19 16 35 0.0857143 20
18657 8 22 30 -0.466667 15
18658 3 42 45 -0.866667 11
18659 19 22 41 -0.0731707 21
18660 20 16 36 0.111111 21
18661 29 13 42 0.380952 22
18662 16 5 21 0.52381 17
18663 12 16 28 -0.142857 17
18664 4 20 24 -0.666667 15
18665 24 18 42 0.142857 16
18666 2 22 24 -0.833333 13
18667 29 3 32 0.8125 14
18668 20 6 26 0.538462 12
18669 17 31 48 -0.291667 22
18670 1 32 33 -0.939394 17
18671 4 25 29 -0.724138 13
18672 15 17 32 -0.0625 15
18673 36 3 39 0.846154 15
18674 4 20 24 -0.666667 13
18675 27 0 27 1 13
18676 3 26 29 -0.793103 8
18677 22 4 26 0.692308 15
18678 18 10 28 0.285714 18
18679 4 19 23 -0.652174 8
18680 15 20 35 -0.142857 21
18681 22 9 31 0.419355 15
18682 3 31 34 -0.823529 16
18683 2 38 40 -0.9 16
18684 9 27 36 -0.5 20
18685 13 6 19 0.368421 14
18686 4 40 44 -0.818182 19
18687 18 21 39 -0.0769231 17
18688 2 29 31 -0.870968 17
18689 4 38 42 -0.809524 15
18690 19 17 36 0.0555556 21
18691 8 22 30 -0.466667 13
18692 17 16 33 0.030303 16
18693 12 26 38 -0.368421 18
18694 28 11 39 0.435897 22
18695 31 5 36 0.722222 18
18696 16 33 49 -0.346939 21
18697 38 5 43 0.767442 18
18698 6 34 40 -0.7 19
18699 29 1 30 0.933333 12
18700 19 26 45 -0.155556 18
18701 13 22 35 -0.257143 18
18702 41 6 47 0.744681 17
18703 15 15 30 0 19
18704 54 2 56 0.928571 10
18705 6 39 45 -0.733333 19
18706 21 7 28 0.5 12
18707 6 21 27 -0.555556 16
18708 5 23 28 -0.642857 15
18709 24 4 28 0.714286 16
18710 29 6 35 0.657143 17
18711 17 14 31 0.0967742 17
18712 16 14 30 0.0666667 17
18713 18 23 41 -0.121951 15
18714 54 1 55 0.963636 15
18715 7 23 30 -0.533333 14
18716 9 16 25 -0.28 18
18717 6 21 27 -0.555556 14
18718 23 3 26 0.769231 12
18719 5 33 38 -0.736842 14
18720 7 36 43 -0.674419 17
18721 20 17 37 0.0810811 21
18722 1 33 34 -0.941176 15
18723 0 40 40 -1 13
18724 51 6 57 0.789474 15
18725 2 22 24 -0.833333 11
18726 13 28 41 -0.365854 17
18727 43 9 52 0.653846 13
18728 2 55 57 -0.929825 14
18729 2 48 50 -0.92 15
18730 6 18 24 -0.5 15
18731 15 15 30 0 16
18732 28 9 37 0.513514 21
18733 5 44 49 -0.795918 20
18734 9 37 46 -0.608696 17
18735 4 32 36 -0.777778 16
18736 2 8 10 -0.6 8
18737 15 23 38 -0.210526 15
18738 6 17 23 -0.478261 10
18739 28 4 32 0.75 13
18740 6 11 17 -0.294118 11
18741 12 11 23 0.0434783 15
18742 4 22 26 -0.692308 16
18743 7 18 25 -0.44 11
18744 5 18 23 -0.565217 11
18745 16 9 25 0.28 13
18746 15 23 38 -0.210526 22
18747 24 20 44 0.0909091 23
18748 4 24 28 -0.714286 14
18749 31 9 40 0.55 17
18750 1 33 34 -0.941176 16
18751 23 17 40 0.15 18
18752 16 17 33 -0.030303 16
18753 14 2 16 0.75 9
18754 5 24 29 -0.655172 14
18755 21 10 31 0.354839 17
18756 22 9 31 0.419355 17
18757 8 26 34 -0.529412 16
18758 43 0 43 1 7
18759 6 34 40 -0.7 20
18760 21 9 30 0.4 16
18761 22 8 30 0.466667 19
18762 3 27 30 -0.8 18
18763 4 53 57 -0.859649 12
18764 36 2 38 0.894737 11
18765 4 27 31 -0.741935 16
18766 43 3 46 0.869565 10
18767 35 3 38 0.842105 14
18768 2 23 25 -0.84 14
18769 19 24 43 -0.116279 22
18770 14 14 28 0 18
18771 22 7 29 0.517241 12
18772 7 28 35 -0.6 18
18773 22 24 46 -0.0434783 19
18774 3 24 27 -0.777778 12
18775 7 23 30 -0.533333 18
18776 27 16 43 0.255814 20
18777 12 26 38 -0.368421 21
18778 1 40 41 -0.95122 18
18779 2 39 41 -0.902439 17
18780 33 5 38 0.736842 14
18781 25 13 38 0.315789 22
18782 6 26 32 -0.625 14
18783 16 20 36 -0.111111 19
18784 13 10 23 0.130435 16
18785 9 12 21 -0.142857 13
18786 8 19 27 -0.407407 15
18787 13 22 35 -0.257143 16
18788 30 1 31 0.935484 15
18789 6 31 37 -0.675676 15
18790 9 23 32 -0.4375 14
18791 3 17 20 -0.7 11
18792 27 8 35 0.542857 17
18793 11 8 19 0.157895 13
18794 29 6 35 0.657143 18
18795 19 8 27 0.407407 15
18796 26 4 30 0.733333 15
18797 20 21 41 -0.0243902 18
18798 0 36 36 -1 11
18799 7 29 36 -0.611111 15
18800 24 16 40 0.2 23
18801 22 12 34 0.294118 17
18802 6 30 36 -0.666667 21
18803 26 8 34 0.529412 21
18804 1 26 27 -0.925926 16
18805 20 12 32 0.25 18
18806 63 2 65 0.938462 10
18807 23 14 37 0.243243 16
18808 2 39 41 -0.902439 15
18809 42 4 46 0.826087 18
18810 0 40 40 -1 15
18811 14 12 26 0.0769231 16
18812 23 8 31 0.483871 14
18813 24 1 25 0.92 6
18814 10 15 25 -0.2 14
18815 11 21 32 -0.3125 17
18816 21 12 33 0.272727 21
18817 28 12 40 0.4 19
18818 0 43 43 -1 12
18819 2 27 29 -0.862069 13
18820 34 11 45 0.511111 20
18821 31 5 36 0.722222 17
18822 11 19 30 -0.266667 17
18823 2 44 46 -0.913043 18
18824 33 5 38 0.736842 13
18825 6 16 22 -0.454545 12
18826 15 11 26 0.153846 18
18827 3 36 39 -0.846154 15
18828 28 3 31 0.806452 16
18829 4 30 34 -0.764706 15
18830 39 2 41 0.902439 11
18831 17 12 29 0.172414 17
18832 29 9 38 0.526316 16
18833 7 26 33 -0.575758 16
18834 26 4 30 0.733333 15
18835 40 4 44 0.818182 10
18836 26 11 37 0.405405 13
18837 27 11 38 0.421053 23
18838 15 29 44 -0.318182 25
18839 35 4 39 0.794872 16
18840 5 29 34 -0.705882 16
18841 1 57 58 -0.965517 14
18842 2 22 24 -0.833333 14
18843 40 2 42 0.904762 18
18844 37 2 39 0.897436 15
18845 34 2 36 0.888889 17
18846 13 33 46 -0.434783 18
18847 7 18 25 -0.44 15
18848 43 1 44 0.954545 8
18849 3 34 37 -0.837838 15
18850 0 29 29 -1 16
18851 29 8 37 0.567568 17
18852 19 5 24 0.583333 15
18853 12 28 40 -0.4 13
18854 22 11 33 0.333333 15
18855 14 21 35 -0.2 19
18856 32 7 39 0.641026 18
18857 35 1 36 0.944444 11
18858 1 34 35 -0.942857 15
18859 35 1 36 0.944444 12
18860 21 16 37 0.135135 19
18861 8 18 26 -0.384615 13
18862 19 18 37 0.027027 15
18863 14 29 43 -0.348837 19
18864 12 13 25 -0.04 17
18865 20 7 27 0.481481 17
18866 18 6 24 0.5 16
18867 33 2 35 0.885714 15
18868 17 14 31 0.0967742 15
18869 5 32 37 -0.72973 13
18870 23 3 26 0.769231 7
18871 15 10 25 0.2 15
18872 19 10 29 0.310345 15
18873 20 13 33 0.212121 15
18874 34 12 46 0.478261 14
18875 12 14 26 -0.0769231 20
18876 2 30 32 -0.875 15
18877 4 25 29 -0.724138 13
18878 17 16 33 0.030303 20
18879 4 26 30 -0.733333 13
18880 16 13 29 0.103448 16
18881 1 20 21 -0.904762 10
18882 32 10 42 0.52381 22
18883 3 23 26 -0.769231 19
18884 4 35 39 -0.794872 11
18885 8 48 56 -0.714286 22
18886 10 6 16 0.25 11
18887 4 9 13 -0.384615 9
18888 25 8 33 0.515152 9
18889 27 8 35 0.542857 17
18890 14 14 28 0 19
18891 5 21 26 -0.615385 12
18892 0 32 32 -1 11
18893 16 7 23 0.391304 11
18894 20 29 49 -0.183673 18
18895 18 4 22 0.636364 16
18896 25 8 33 0.515152 17
18897 25 2 27 0.851852 10
18898 8 21 29 -0.448276 17
18899 7 20 27 -0.481481 15
18900 27 17 44 0.227273 23
18901 0 49 49 -1 16
18902 42 3 45 0.866667 16
18903 4 42 46 -0.826087 16
18904 7 32 39 -0.641026 21
18905 27 1 28 0.928571 13
18906 3 37 40 -0.85 17
18907 31 10 41 0.512195 20
18908 8 30 38 -0.578947 19
18909 1 60 61 -0.967213 13
18910 18 13 31 0.16129 19
18911 21 15 36 0.166667 16
18912 4 39 43 -0.813953 16
18913 3 28 31 -0.806452 12
18914 8 27 35 -0.542857 15
18915 0 24 24 -1 13
18916 27 5 32 0.6875 13
18917 17 20 37 -0.0810811 22
18918 20 2 22 0.818182 13
18919 49 0 49 1 15
18920 11 12 23 -0.0434783 11
18921 3 41 44 -0.863636 20
18922 10 18 28 -0.285714 15
18923 28 4 32 0.75 19
18924 32 2 34 0.882353 12
18925 23 14 37 0.243243 14
18926 21 16 37 0.135135 19
18927 3 68 71 -0.915493 13
18928 24 7 31 0.548387 13
18929 12 27 39 -0.384615 18
18930 10 13 23 -0.130435 15
18931 1 32 33 -0.939394 15
18932 13 11 24 0.0833333 12
18933 9 32 41 -0.560976 15
18934 16 10 26 0.230769 19
18935 6 20 26 -0.538462 13
18936 19 19 38 0 19
18937 12 34 46 -0.478261 14
18938 9 14 23 -0.217391 12
18939 14 18 32 -0.125 15
18940 13 14 27 -0.037037 15
18941 5 21 26 -0.615385 15
18942 28 4 32 0.75 17
18943 36 3 39 0.846154 9
18944 46 10 56 0.642857 15
18945 29 4 33 0.757576 16
18946 4 20 24 -0.666667 16
18947 5 45 50 -0.8 14
18948 25 10 35 0.428571 17
18949 15 16 31 -0.0322581 18
18950 4 27 31 -0.741935 13
18951 47 7 54 0.740741 23
18952 30 4 34 0.764706 15
18953 40 1 41 0.95122 13
18954 16 19 35 -0.0857143 17
18955 5 19 24 -0.583333 14
18956 23 19 42 0.0952381 18
18957 20 16 36 0.111111 18
18958 3 34 37 -0.837838 14
18959 8 16 24 -0.333333 9
18960 22 0 22 1 13
18961 8 34 42 -0.619048 20
18962 14 6 20 0.4 11
18963 14 27 41 -0.317073 20
18964 3 35 38 -0.842105 15
18965 20 14 34 0.176471 14
18966 45 0 45 1 19
18967 11 19 30 -0.266667 18
18968 32 16 48 0.333333 20
18969 4 34 38 -0.789474 19
18970 22 19 41 0.0731707 21
18971 48 5 53 0.811321 18
18972 32 8 40 0.6 20
18973 12 27 39 -0.384615 17
18974 10 26 36 -0.444444 21
18975 7 31 38 -0.631579 15
18976 52 7 59 0.762712 18
18977 50 0 50 1 9
18978 1 30 31 -0.935484 19
18979 6 30 36 -0.666667 12
18980 13 16 29 -0.103448 11
18981 30 5 35 0.714286 14
18982 17 2 19 0.789474 13
18983 29 3 32 0.8125 14
18984 20 3 23 0.73913 15
18985 30 9 39 0.538462 15
18986 38 3 41 0.853659 14
18987 25 5 30 0.666667 12
18988 29 1 30 0.933333 16
18989 9 31 40 -0.55 19
18990 30 11 41 0.463415 19
18991 19 19 38 0 21
18992 36 3 39 0.846154 18
18993 13 21 34 -0.235294 24
18994 5 8 13 -0.230769 10
18995 1 33 34 -0.941176 15
18996 4 12 16 -0.5 12
18997 13 27 40 -0.35 24
18998 10 22 32 -0.375 17
18999 14 9 23 0.217391 14
19000 16 19 35 -0.0857143 15
19001 32 2 34 0.882353 17
19002 17 14 31 0.0967742 16
19003 49 3 52 0.884615 12
19004 7 30 37 -0.621622 16
19005 4 50 54 -0.851852 12
19006 28 11 39 0.435897 18
19007 37 2 39 0.897436 16
19008 31 14 45 0.377778 18
19009 46 3 49 0.877551 14
19010 5 14 19 -0.473684 9
19011 7 22 29 -0.517241 13
19012 3 35 38 -0.842105 16
19013 34 3 37 0.837838 13
19014 30 14 44 0.363636 20
19015 2 34 36 -0.888889 16
19016 11 30 41 -0.463415 22
19017 0 23 23 -1 10
19018 28 0 28 1 8
19019 14 24 38 -0.263158 12
19020 20 6 26 0.538462 17
19021 31 11 42 0.47619 20
19022 11 23 34 -0.352941 17
19023 19 10 29 0.310345 18
19024 24 10 34 0.411765 18
19025 6 15 21 -0.428571 16
19026 8 24 32 -0.5 20
19027 4 39 43 -0.813953 17
19028 25 10 35 0.428571 15
19029 16 19 35 -0.0857143 18
19030 1 49 50 -0.96 17
19031 15 16 31 -0.0322581 19
19032 3 37 40 -0.85 15
19033 29 2 31 0.870968 12
19034 12 12 24 0 16
19035 11 28 39 -0.435897 17
19036 44 2 46 0.913043 15
19037 11 8 19 0.157895 13
19038 35 10 45 0.555556 19
19039 29 4 33 0.757576 17
19040 16 18 34 -0.0588235 12
19041 8 23 31 -0.483871 14
19042 32 3 35 0.828571 13
19043 27 4 31 0.741935 11
19044 41 4 45 0.822222 20
19045 20 6 26 0.538462 14
19046 26 24 50 0.04 21
19047 18 7 25 0.44 17
19048 8 37 45 -0.644444 18
19049 43 1 44 0.954545 13
19050 6 31 37 -0.675676 15
19051 2 38 40 -0.9 15
19052 17 24 41 -0.170732 20
19053 32 10 42 0.52381 13
19054 25 14 39 0.282051 19
19055 41 2 43 0.906977 8
19056 33 3 36 0.833333 13
19057 5 21 26 -0.615385 16
19058 31 1 32 0.9375 14
19059 17 15 32 0.0625 13
19060 32 12 44 0.454545 21
19061 21 12 33 0.272727 15
19062 15 32 47 -0.361702 22
19063 2 36 38 -0.894737 11
19064 17 20 37 -0.0810811 18
19065 8 18 26 -0.384615 17
19066 3 44 47 -0.87234 14
19067 15 21 36 -0.166667 14
19068 15 22 37 -0.189189 21
19069 13 11 24 0.0833333 17
19070 7 34 41 -0.658537 16
19071 27 10 37 0.459459 19
19072 8 19 27 -0.407407 15
19073 41 2 43 0.906977 15
19074 18 11 29 0.241379 18
19075 15 5 20 0.5 13
19076 15 11 26 0.153846 15
19077 14 24 38 -0.263158 23
19078 5 31 36 -0.722222 17
19079 45 4 49 0.836735 20
19080 23 17 40 0.15 17
19081 16 8 24 0.333333 14
19082 11 16 27 -0.185185 14
19083 30 7 37 0.621622 17
19084 38 5 43 0.767442 13
19085 3 44 47 -0.87234 17
19086 33 11 44 0.5 19
19087 29 11 40 0.45 17
19088 14 9 23 0.217391 14
19089 13 20 33 -0.212121 15
19090 38 1 39 0.948718 10
19091 33 6 39 0.692308 14
19092 32 2 34 0.882353 15
19093 37 0 37 1 14
19094 34 0 34 1 17
19095 24 8 32 0.5 13
19096 35 2 37 0.891892 18
19097 12 12 24 0 15
19098 3 32 35 -0.828571 14
19099 48 2 50 0.92 8
19100 14 29 43 -0.348837 18
19101 7 8 15 -0.0666667 10
19102 12 12 24 0 17
19103 11 8 19 0.157895 12
19104 23 8 31 0.483871 19
19105 10 32 42 -0.52381 20
19106 3 22 25 -0.76 16
19107 31 5 36 0.722222 18
19108 25 10 35 0.428571 21
19109 22 21 43 0.0232558 22
19110 1 35 36 -0.944444 11
19111 34 2 36 0.888889 14
19112 14 19 33 -0.151515 19
19113 12 21 33 -0.272727 19
19114 13 10 23 0.130435 16
19115 3 32 35 -0.828571 15
19116 5 36 41 -0.756098 10
19117 21 2 23 0.826087 12
19118 7 16 23 -0.391304 14
19119 20 22 42 -0.047619 19
19120 20 1 21 0.904762 9
19121 4 33 37 -0.783784 20
19122 10 14 24 -0.166667 16
19123 9 28 37 -0.513514 15
19124 41 16 57 0.438596 23
19125 12 19 31 -0.225806 16
19126 30 4 34 0.764706 13
19127 23 13 36 0.277778 16
19128 20 14 34 0.176471 18
19129 21 11 32 0.3125 19
19130 11 10 21 0.047619 17
19131 19 15 34 0.117647 18
19132 2 31 33 -0.878788 16
19133 8 6 14 0.142857 11
19134 17 3 20 0.7 13
19135 10 1 11 0.818182 9
19136 16 15 31 0.0322581 21
19137 5 42 47 -0.787234 15
19138 45 1 46 0.956522 15
19139 8 3 11 0.454545 7
19140 7 31 38 -0.631579 18
19141 8 35 43 -0.627907 15
19142 26 9 35 0.485714 20
19143 3 22 25 -0.76 16
19144 33 9 42 0.571429 16
19145 2 27 29 -0.862069 13
19146 5 15 20 -0.5 13
19147 19 11 30 0.266667 17
19148 3 36 39 -0.846154 15
19149 3 19 22 -0.727273 12
19150 16 10 26 0.230769 16
19151 27 2 29 0.862069 15
19152 33 11 44 0.5 22
19153 16 23 39 -0.179487 17
19154 20 14 34 0.176471 17
19155 39 1 40 0.95 16
19156 36 12 48 0.5 20
19157 0 32 32 -1 14
19158 1 35 36 -0.944444 12
19159 19 16 35 0.0857143 16
19160 21 12 33 0.272727 14
19161 23 13 36 0.277778 20
19162 6 19 25 -0.52 12
19163 25 12 37 0.351351 20
19164 1 40 41 -0.95122 13
19165 26 1 27 0.925926 15
19166 43 2 45 0.911111 16
19167 6 29 35 -0.657143 15
19168 25 20 45 0.111111 22
19169 31 9 40 0.55 20
19170 17 15 32 0.0625 19
19171 23 7 30 0.533333 18
19172 19 18 37 0.027027 15
19173 23 6 29 0.586207 16
19174 3 32 35 -0.828571 13
19175 4 39 43 -0.813953 14
19176 37 5 42 0.761905 14
19177 29 21 50 0.16 23
19178 20 10 30 0.333333 15
19179 9 31 40 -0.55 18
19180 31 3 34 0.823529 17
19181 18 15 33 0.0909091 16
19182 7 44 51 -0.72549 17
19183 23 12 35 0.314286 17
19184 21 7 28 0.5 13
19185 24 10 34 0.411765 20
19186 12 4 16 0.5 8
19187 15 13 28 0.0714286 18
19188 27 6 33 0.636364 15
19189 32 12 44 0.454545 23
19190 3 33 36 -0.833333 15
19191 0 35 35 -1 15
19192 46 1 47 0.957447 15
19193 18 2 20 0.8 13
19194 22 4 26 0.692308 16
19195 7 19 26 -0.461538 16
19196 21 18 39 0.0769231 18
19197 19 4 23 0.652174 16
19198 14 2 16 0.75 9
19199 23 12 35 0.314286 20
19200 37 2 39 0.897436 11
19201 17 13 30 0.133333 18
19202 11 24 35 -0.371429 15
19203 4 31 35 -0.771429 19
19204 2 40 42 -0.904762 12
19205 24 9 33 0.454545 20
19206 36 2 38 0.894737 18
19207 6 23 29 -0.586207 16
19208 22 12 34 0.294118 21
19209 5 18 23 -0.565217 14
19210 23 4 27 0.703704 14
19211 24 13 37 0.297297 17
19212 17 6 23 0.478261 14
19213 6 27 33 -0.636364 16
19214 32 7 39 0.641026 18
19215 3 40 43 -0.860465 15
19216 34 10 44 0.545455 19
19217 3 19 22 -0.727273 10
19218 34 15 49 0.387755 23
19219 10 29 39 -0.487179 16
19220 1 37 38 -0.947368 17
19221 18 2 20 0.8 12
19222 18 21 39 -0.0769231 17
19223 1 43 44 -0.954545 8
19224 21 11 32 0.3125 18
19225 21 25 46 -0.0869565 20
19226 28 5 33 0.69697 15
19227 11 31 42 -0.47619 19
19228 6 30 36 -0.666667 17
19229 3 30 33 -0.818182 15
19230 30 3 33 0.818182 17
19231 3 41 44 -0.863636 18
19232 7 25 32 -0.5625 14
19233 17 10 27 0.259259 16
19234 9 16 25 -0.28 14
19235 18 3 21 0.714286 12
19236 25 2 27 0.851852 13
19237 14 4 18 0.555556 13
19238 39 0 39 1 13
19239 18 14 32 0.125 20
19240 25 0 25 1 14
19241 2 42 44 -0.909091 10
19242 26 5 31 0.677419 13
19243 3 27 30 -0.8 15
19244 20 15 35 0.142857 21
19245 9 40 49 -0.632653 16
19246 9 42 51 -0.647059 15
19247 10 30 40 -0.5 17
19248 28 13 41 0.365854 20
19249 6 33 39 -0.692308 17
19250 23 20 43 0.0697674 17
19251 7 51 58 -0.758621 17
19252 10 28 38 -0.473684 13
19253 47 4 51 0.843137 14
19254 32 7 39 0.641026 21
19255 2 49 51 -0.921569 16
19256 24 2 26 0.846154 15
19257 23 20 43 0.0697674 18
19258 4 34 38 -0.789474 14
19259 39 4 43 0.813953 12
19260 21 13 34 0.235294 21
19261 38 8 46 0.652174 17
19262 12 18 30 -0.2 21
19263 7 41 48 -0.708333 21
19264 13 3 16 0.625 12
19265 3 19 22 -0.727273 13
19266 13 3 16 0.625 11
19267 15 20 35 -0.142857 20
19268 5 32 37 -0.72973 16
19269 16 13 29 0.103448 14
19270 0 40 40 -1 15
19271 1 37 38 -0.947368 17
19272 37 4 41 0.804878 14
19273 22 7 29 0.517241 14
19274 25 2 27 0.851852 12
19275 1 62 63 -0.968254 15
19276 24 3 27 0.777778 14
19277 1 30 31 -0.935484 16
19278 6 22 28 -0.571429 15
19279 2 25 27 -0.851852 14
19280 11 16 27 -0.185185 20
19281 15 17 32 -0.0625 16
19282 3 30 33 -0.818182 15
19283 5 27 32 -0.6875 19
19284 1 21 22 -0.909091 14
19285 10 35 45 -0.555556 16
19286 12 22 34 -0.294118 18
19287 17 15 32 0.0625 16
19288 35 2 37 0.891892 14
19289 21 5 26 0.615385 15
19290 37 0 37 1 14
19291 19 23 42 -0.0952381 19
19292 2 40 42 -0.904762 12
19293 10 19 29 -0.310345 16
19294 5 30 35 -0.714286 17
19295 14 4 18 0.555556 14
19296 23 21 44 0.0454545 22
19297 9 13 22 -0.181818 14
19298 16 19 35 -0.0857143 19
19299 42 2 44 0.909091 14
19300 51 0 51 1 9
19301 6 16 22 -0.454545 15
19302 28 1 29 0.931034 15
19303 5 22 27 -0.62963 12
19304 18 10 28 0.285714 14
19305 28 1 29 0.931034 16
19306 2 46 48 -0.916667 13
19307 33 6 39 0.692308 14
19308 10 22 32 -0.375 16
19309 15 16 31 -0.0322581 10
19310 2 15 17 -0.764706 11
19311 25 5 30 0.666667 14
19312 18 26 44 -0.181818 23
19313 5 43 48 -0.791667 16
19314 6 29 35 -0.657143 13
19315 23 27 50 -0.08 19
19316 12 33 45 -0.466667 20
19317 14 32 46 -0.391304 13
19318 29 2 31 0.870968 12
19319 14 14 28 0 19
19320 3 1 4 0.5 3
19321 30 9 39 0.538462 18
19322 1 38 39 -0.948718 13
19323 5 42 47 -0.787234 14
19324 5 34 39 -0.74359 10
19325 20 16 36 0.111111 20
19326 11 17 28 -0.214286 17
19327 32 11 43 0.488372 18
19328 25 1 26 0.923077 7
19329 9 14 23 -0.217391 13
19330 25 0 25 1 12
19331 9 26 35 -0.485714 15
19332 13 4 17 0.529412 12
19333 27 2 29 0.862069 12
19334 18 13 31 0.16129 22
19335 4 32 36 -0.777778 16
19336 39 7 46 0.695652 21
19337 27 21 48 0.125 24
19338 8 11 19 -0.157895 13
19339 2 40 42 -0.904762 18
19340 13 18 31 -0.16129 14
19341 26 4 30 0.733333 15
19342 3 21 24 -0.75 16
19343 39 0 39 1 13
19344 52 1 53 0.962264 17
19345 1 42 43 -0.953488 16
19346 2 25 27 -0.851852 15
19347 1 21 22 -0.909091 8
19348 3 40 43 -0.860465 15
19349 26 4 30 0.733333 15
19350 2 28 30 -0.866667 15
19351 9 21 30 -0.4 11
19352 21 1 22 0.909091 12
19353 10 35 45 -0.555556 19
19354 14 14 28 0 17
19355 19 23 42 -0.0952381 22
19356 13 9 22 0.181818 15
19357 41 2 43 0.906977 16
19358 19 16 35 0.0857143 20
19359 3 36 39 -0.846154 11
19360 21 15 36 0.166667 19
19361 42 7 49 0.714286 13
19362 8 24 32 -0.5 18
19363 9 26 35 -0.485714 17
19364 25 2 27 0.851852 14
19365 8 8 16 0 12
19366 4 22 26 -0.692308 11
19367 25 10 35 0.428571 18
19368 29 3 32 0.8125 11
19369 19 9 28 0.357143 17
19370 51 3 54 0.888889 17
19371 14 10 24 0.166667 13
19372 2 46 48 -0.916667 17
19373 28 8 36 0.555556 20
19374 6 37 43 -0.72093 15
19375 24 17 41 0.170732 20
19376 21 10 31 0.354839 12
19377 22 1 23 0.913043 10
19378 1 28 29 -0.931034 15
19379 20 14 34 0.176471 16
19380 2 2 4 0 4
19381 18 16 34 0.0588235 21
19382 14 27 41 -0.317073 19
19383 33 2 35 0.885714 18
19384 25 6 31 0.612903 18
19385 6 25 31 -0.612903 13
19386 37 2 39 0.897436 18
19387 20 17 37 0.0810811 15
19388 14 22 36 -0.222222 18
19389 12 17 29 -0.172414 19
19390 22 2 24 0.833333 9
19391 40 1 41 0.95122 10
19392 9 21 30 -0.4 17
19393 22 12 34 0.294118 19
19394 9 29 38 -0.526316 19
19395 17 9 26 0.307692 18
19396 4 16 20 -0.6 13
19397 21 1 22 0.909091 12
19398 5 17 22 -0.545455 12
19399 25 16 41 0.219512 19
19400 1 39 40 -0.95 12
19401 5 25 30 -0.666667 16
19402 20 14 34 0.176471 16
19403 13 5 18 0.444444 15
19404 14 19 33 -0.151515 17
19405 5 32 37 -0.72973 16
19406 8 10 18 -0.111111 12
19407 17 26 43 -0.209302 20
19408 19 11 30 0.266667 16
19409 30 2 32 0.875 20
19410 17 22 39 -0.128205 18
19411 7 21 28 -0.5 14
19412 4 27 31 -0.741935 17
19413 2 25 27 -0.851852 14
19414 16 11 27 0.185185 16
19415 8 25 33 -0.515152 12
19416 4 29 33 -0.757576 19
19417 39 3 42 0.857143 12
19418 5 26 31 -0.677419 17
19419 26 1 27 0.925926 9
19420 28 16 44 0.272727 21
19421 16 1 17 0.882353 11
19422 18 12 30 0.2 19
19423 13 13 26 0 17
19424 1 41 42 -0.952381 16
19425 12 18 30 -0.2 19
19426 22 8 30 0.466667 13
19427 27 2 29 0.862069 13
19428 10 30 40 -0.5 18
19429 5 17 22 -0.545455 13
19430 17 35 52 -0.346154 17
19431 28 8 36 0.555556 14
19432 0 28 28 -1 7
19433 35 2 37 0.891892 17
19434 2 32 34 -0.882353 14
19435 0 38 38 -1 11
19436 34 11 45 0.511111 20
19437 23 7 30 0.533333 14
19438 25 11 36 0.388889 20
19439 7 33 40 -0.65 20
19440 16 15 31 0.0322581 13
19441 16 8 24 0.333333 12
19442 34 2 36 0.888889 9
19443 31 2 33 0.878788 19
19444 31 1 32 0.9375 16
19445 24 14 38 0.263158 21
19446 43 8 51 0.686275 18
19447 50 1 51 0.960784 17
19448 3 37 40 -0.85 14
19449 9 28 37 -0.513514 16
19450 8 29 37 -0.567568 13
19451 10 12 22 -0.0909091 9
19452 1 49 50 -0.96 10
19453 2 57 59 -0.932203 11
19454 24 7 31 0.548387 14
19455 8 20 28 -0.428571 15
19456 12 26 38 -0.368421 19
19457 4 17 21 -0.619048 14
19458 10 17 27 -0.259259 16
19459 13 19 32 -0.1875 16
19460 5 33 38 -0.736842 16
19461 5 29 34 -0.705882 18
19462 9 35 44 -0.590909 21
19463 2 23 25 -0.84 14
19464 7 30 37 -0.621622 16
19465 7 26 33 -0.575758 16
19466 17 23 40 -0.15 15
19467 6 48 54 -0.777778 17
19468 14 24 38 -0.263158 20
19469 19 17 36 0.0555556 18
19470 15 12 27 0.111111 13
19471 38 8 46 0.652174 16
19472 32 3 35 0.828571 17
19473 13 27 40 -0.35 24
19474 51 4 55 0.854545 16
19475 3 34 37 -0.837838 17
19476 31 0 31 1 13
19477 14 18 32 -0.125 19
19478 13 10 23 0.130435 16
19479 11 11 22 0 15
19480 24 9 33 0.454545 16
19481 2 34 36 -0.888889 12
19482 15 11 26 0.153846 16
19483 20 6 26 0.538462 13
19484 11 20 31 -0.290323 16
19485 1 16 17 -0.882353 12
19486 40 2 42 0.904762 16
19487 4 41 45 -0.822222 18
19488 35 3 38 0.842105 15
19489 27 2 29 0.862069 11
19490 3 27 30 -0.8 15
19491 29 4 33 0.757576 11
19492 24 9 33 0.454545 20
19493 19 7 26 0.461538 14
19494 11 12 23 -0.0434783 14
19495 42 8 50 0.68 15
19496 14 11 25 0.12 15
19497 10 12 22 -0.0909091 14
19498 21 13 34 0.235294 19
19499 0 30 30 -1 16
19500 38 3 41 0.853659 14
19501 15 23 38 -0.210526 21
19502 28 2 30 0.866667 12
19503 5 27 32 -0.6875 18
19504 4 23 27 -0.703704 18
19505 4 30 34 -0.764706 13
19506 0 61 61 -1 8
19507 22 2 24 0.833333 9
19508 33 12 45 0.466667 16
19509 35 15 50 0.4 22
19510 13 25 38 -0.315789 18
19511 16 34 50 -0.36 23
19512 8 18 26 -0.384615 15
19513 2 45 47 -0.914894 14
19514 0 23 23 -1 11
19515 12 9 21 0.142857 14
19516 11 34 45 -0.511111 24
19517 2 39 41 -0.902439 13
19518 10 19 29 -0.310345 15
19519 3 34 37 -0.837838 13
19520 19 7 26 0.461538 15
19521 39 0 39 1 13
19522 20 9 29 0.37931 16
19523 23 13 36 0.277778 17
19524 26 10 36 0.444444 19
19525 35 8 43 0.627907 20
19526 38 9 47 0.617021 23
19527 27 14 41 0.317073 16
19528 30 9 39 0.538462 13
19529 40 9 49 0.632653 16
19530 18 11 29 0.241379 16
19531 31 5 36 0.722222 14
19532 6 24 30 -0.6 16
19533 31 3 34 0.823529 16
19534 16 25 41 -0.219512 19
19535 9 25 34 -0.470588 14
19536 14 6 20 0.4 11
19537 24 9 33 0.454545 17
19538 25 1 26 0.923077 13
19539 13 26 39 -0.333333 18
19540 7 19 26 -0.461538 16
19541 23 7 30 0.533333 16
19542 5 43 48 -0.791667 23
19543 5 42 47 -0.787234 17
19544 21 17 38 0.105263 18
19545 15 7 22 0.363636 13
19546 28 4 32 0.75 16
19547 18 19 37 -0.027027 22
19548 28 1 29 0.931034 15
19549 6 9 15 -0.2 9
19550 32 6 38 0.684211 17
19551 14 14 28 0 18
19552 18 9 27 0.333333 17
19553 2 25 27 -0.851852 17
19554 23 9 32 0.4375 14
19555 24 8 32 0.5 20
19556 45 0 45 1 13
19557 53 1 54 0.962963 11
19558 5 45 50 -0.8 15
19559 13 22 35 -0.257143 17
19560 12 13 25 -0.04 12
19561 21 13 34 0.235294 19
19562 6 27 33 -0.636364 20
19563 7 20 27 -0.481481 17
19564 49 1 50 0.96 17
19565 11 34 45 -0.511111 19
19566 10 13 23 -0.130435 13
19567 4 38 42 -0.809524 16
19568 16 18 34 -0.0588235 19
19569 6 27 33 -0.636364 13
19570 22 14 36 0.222222 16
19571 32 6 38 0.684211 21
19572 29 1 30 0.933333 14
19573 2 25 27 -0.851852 15
19574 3 22 25 -0.76 13
19575 1 40 41 -0.95122 7
19576 28 16 44 0.272727 18
19577 7 11 18 -0.222222 11
19578 20 12 32 0.25 17
19579 20 12 32 0.25 13
19580 6 21 27 -0.555556 14
19581 28 9 37 0.513514 19
19582 1 49 50 -0.96 15
19583 4 23 27 -0.703704 15
19584 8 3 11 0.454545 9
19585 9 19 28 -0.357143 14
19586 2 28 30 -0.866667 12
19587 28 12 40 0.4 22
19588 44 0 44 1 11
19589 2 35 37 -0.891892 17
19590 11 10 21 0.047619 13
19591 37 3 40 0.85 16
19592 2 6 8 -0.5 4
19593 11 23 34 -0.352941 15
19594 34 2 36 0.888889 16
19595 12 16 28 -0.142857 13
19596 25 16 41 0.219512 23
19597 15 19 34 -0.117647 23
19598 15 14 29 0.0344828 13
19599 16 26 42 -0.238095 18
19600 6 51 57 -0.789474 15
19601 17 17 34 0 18
19602 2 43 45 -0.911111 16
19603 0 33 33 -1 9
19604 8 50 58 -0.724138 17
19605 37 17 54 0.37037 20
19606 7 20 27 -0.481481 19
19607 18 8 26 0.384615 16
19608 1 36 37 -0.945946 11
19609 1 36 37 -0.945946 15
19610 17 15 32 0.0625 16
19611 28 3 31 0.806452 16
19612 2 19 21 -0.809524 13
19613 11 23 34 -0.352941 17
19614 3 33 36 -0.833333 15
19615 22 6 28 0.571429 15
19616 2 17 19 -0.789474 11
19617 61 3 64 0.90625 13
19618 11 30 41 -0.463415 17
19619 18 19 37 -0.027027 20
19620 8 31 39 -0.589744 22
19621 8 25 33 -0.515152 20
19622 41 0 41 1 16
19623 9 46 55 -0.672727 19
19624 48 1 49 0.959184 14
19625 8 16 24 -0.333333 15
19626 28 2 30 0.866667 13
19627 36 2 38 0.894737 17
19628 8 13 21 -0.238095 13
19629 18 3 21 0.714286 9
19630 25 2 27 0.851852 14
19631 3 31 34 -0.823529 11
19632 0 42 42 -1 12
19633 2 22 24 -0.833333 13
19634 35 8 43 0.627907 18
19635 12 19 31 -0.225806 18
19636 32 7 39 0.641026 14
19637 4 14 18 -0.555556 11
19638 30 0 30 1 11
19639 21 4 25 0.68 19
19640 28 7 35 0.6 13
19641 31 0 31 1 14
19642 41 3 44 0.863636 15
19643 26 7 33 0.575758 19
19644 49 3 52 0.884615 14
19645 8 31 39 -0.589744 17
19646 15 28 43 -0.302326 17
19647 31 5 36 0.722222 18
19648 30 1 31 0.935484 7
19649 23 8 31 0.483871 17
19650 28 18 46 0.217391 22
19651 10 25 35 -0.428571 16
19652 38 9 47 0.617021 19
19653 26 6 32 0.625 18
19654 39 3 42 0.857143 15
19655 35 4 39 0.794872 18
19656 0 34 34 -1 13
19657 2 36 38 -0.894737 18
19658 1 47 48 -0.958333 18
19659 26 6 32 0.625 14
19660 2 23 25 -0.84 12
19661 30 1 31 0.935484 8
19662 30 4 34 0.764706 18
19663 26 11 37 0.405405 15
19664 2 20 22 -0.818182 14
19665 19 6 25 0.52 8
19666 12 19 31 -0.225806 17
19667 19 21 40 -0.05 23
19668 6 31 37 -0.675676 19
19669 19 14 33 0.151515 13
19670 2 40 42 -0.904762 16
19671 23 5 28 0.642857 14
19672 6 41 47 -0.744681 21
19673 27 18 45 0.2 19
19674 28 6 34 0.647059 15
19675 17 1 18 0.888889 10
19676 3 16 19 -0.684211 9
19677 52 8 60 0.733333 10
19678 45 1 46 0.956522 12
19679 26 13 39 0.333333 23
19680 34 8 42 0.619048 19
19681 20 8 28 0.428571 13
19682 23 21 44 0.0454545 21
19683 32 15 47 0.361702 15
19684 32 5 37 0.72973 11
19685 25 10 35 0.428571 15
19686 15 13 28 0.0714286 17
19687 39 3 42 0.857143 10
19688 29 29 58 0 26
19689 4 45 49 -0.836735 17
19690 21 10 31 0.354839 18
19691 17 3 20 0.7 5
19692 27 3 30 0.8 16
19693 8 39 47 -0.659574 19
19694 3 33 36 -0.833333 19
19695 4 36 40 -0.8 16
19696 1 40 41 -0.95122 7
19697 4 29 33 -0.757576 15
19698 12 21 33 -0.272727 20
19699 12 30 42 -0.428571 22
19700 1 38 39 -0.948718 17
19701 4 29 33 -0.757576 16
19702 3 33 36 -0.833333 15
19703 30 3 33 0.818182 16
19704 12 11 23 0.0434783 13
19705 15 25 40 -0.25 17
19706 26 14 40 0.3 19
19707 21 16 37 0.135135 19
19708 12 22 34 -0.294118 21
19709 11 22 33 -0.333333 14
19710 2 45 47 -0.914894 18
19711 35 2 37 0.891892 16
19712 6 31 37 -0.675676 11
19713 29 7 36 0.611111 14
19714 9 27 36 -0.5 15
19715 13 15 28 -0.0714286 14
19716 16 15 31 0.0322581 13
19717 41 3 44 0.863636 13
19718 11 11 22 0 15
19719 9 18 27 -0.333333 15
19720 25 13 38 0.315789 15
19721 9 22 31 -0.419355 17
19722 19 13 32 0.1875 18
19723 17 17 34 0 18
19724 22 13 35 0.257143 21
19725 6 23 29 -0.586207 14
19726 14 14 28 0 13
19727 13 20 33 -0.212121 15
19728 28 13 41 0.365854 17
19729 12 27 39 -0.384615 15
19730 25 7 32 0.5625 20
19731 27 4 31 0.741935 18
19732 27 10 37 0.459459 15
19733 17 21 38 -0.105263 23
19734 7 28 35 -0.6 14
19735 22 15 37 0.189189 24
19736 28 2 30 0.866667 9
19737 33 3 36 0.833333 15
19738 14 14 28 0 17
19739 32 2 34 0.882353 14
19740 36 1 37 0.945946 14
19741 13 27 40 -0.35 18
19742 8 28 36 -0.555556 18
19743 6 26 32 -0.625 13
19744 17 17 34 0 17
19745 0 36 36 -1 15
19746 2 49 51 -0.921569 15
19747 27 9 36 0.5 18
19748 4 22 26 -0.692308 16
19749 15 22 37 -0.189189 19
19750 22 6 28 0.571429 16
19751 28 1 29 0.931034 16
19752 3 37 40 -0.85 19
19753 2 51 53 -0.924528 18
19754 12 33 45 -0.466667 20
19755 8 37 45 -0.644444 18
19756 29 13 42 0.380952 12
19757 8 26 34 -0.529412 17
19758 15 19 34 -0.117647 18
19759 27 11 38 0.421053 19
19760 2 24 26 -0.846154 13
19761 22 16 38 0.157895 18
19762 29 18 47 0.234043 21
19763 40 3 43 0.860465 19
19764 25 2 27 0.851852 11
19765 10 29 39 -0.487179 18
19766 15 22 37 -0.189189 16
19767 24 10 34 0.411765 15
19768 26 6 32 0.625 21
19769 14 2 16 0.75 9
19770 14 30 44 -0.363636 16
19771 17 20 37 -0.0810811 20
19772 21 0 21 1 8
19773 17 28 45 -0.244444 20
19774 44 0 44 1 13
19775 4 41 45 -0.822222 21
19776 13 16 29 -0.103448 14
19777 25 4 29 0.724138 19
19778 7 15 22 -0.363636 17
19779 10 21 31 -0.354839 16
19780 11 4 15 0.466667 12
19781 22 8 30 0.466667 18
19782 49 1 50 0.96 16
19783 3 32 35 -0.828571 12
19784 34 0 34 1 12
19785 21 9 30 0.4 14
19786 32 4 36 0.777778 15
19787 44 4 48 0.833333 17
19788 30 4 34 0.764706 16
19789 29 3 32 0.8125 13
19790 32 2 34 0.882353 15
19791 11 24 35 -0.371429 15
19792 17 15 32 0.0625 20
19793 1 14 15 -0.866667 7
19794 30 14 44 0.363636 20
19795 10 39 49 -0.591837 23
19796 21 3 24 0.75 11
19797 20 12 32 0.25 15
19798 19 18 37 0.027027 19
19799 26 1 27 0.925926 11
19800 0 43 43 -1 9
19801 13 20 33 -0.212121 19
19802 37 5 42 0.761905 16
19803 8 14 22 -0.272727 14
19804 18 30 48 -0.25 21
19805 9 15 24 -0.25 16
19806 12 20 32 -0.25 18
19807 6 51 57 -0.789474 18
19808 0 37 37 -1 14
19809 6 22 28 -0.571429 12
19810 42 7 49 0.714286 19
19811 9 9 18 0 15
19812 23 6 29 0.586207 16
19813 11 38 49 -0.55102 14
19814 8 12 20 -0.2 11
19815 24 6 30 0.6 16
19816 2 14 16 -0.75 11
19817 5 26 31 -0.677419 15
19818 10 16 26 -0.230769 19
19819 6 54 60 -0.8 15
19820 52 5 57 0.824561 12
19821 5 21 26 -0.615385 13
19822 1 40 41 -0.95122 18
19823 20 20 40 0 17
19824 17 18 35 -0.0285714 19
19825 21 7 28 0.5 15
19826 28 2 30 0.866667 9
19827 11 17 28 -0.214286 14
19828 5 29 34 -0.705882 14
19829 4 34 38 -0.789474 12
19830 21 7 28 0.5 17
19831 5 31 36 -0.722222 17
19832 23 18 41 0.121951 20
19833 33 4 37 0.783784 15
19834 25 11 36 0.388889 12
19835 17 11 28 0.214286 19
19836 15 19 34 -0.117647 14
19837 1 32 33 -0.939394 12
19838 3 24 27 -0.777778 15
19839 26 4 30 0.733333 18
19840 23 9 32 0.4375 15
19841 32 10 42 0.52381 16
19842 10 35 45 -0.555556 24
19843 10 23 33 -0.393939 13
19844 31 2 33 0.878788 17
19845 22 11 33 0.333333 15
19846 39 8 47 0.659574 13
19847 36 1 37 0.945946 13
19848 47 11 58 0.62069 12
19849 14 5 19 0.473684 11
19850 18 17 35 0.0285714 18
19851 4 29 33 -0.757576 19
19852 23 10 33 0.393939 22
19853 16 20 36 -0.111111 17
19854 15 30 45 -0.333333 21
19855 40 2 42 0.904762 10
19856 16 5 21 0.52381 16
19857 21 9 30 0.4 19
19858 13 25 38 -0.315789 17
19859 13 19 32 -0.1875 18
19860 0 30 30 -1 12
19861 4 35 39 -0.794872 20
19862 22 14 36 0.222222 15
19863 13 24 37 -0.297297 16
19864 24 2 26 0.846154 16
19865 29 4 33 0.757576 14
19866 25 7 32 0.5625 19
19867 10 13 23 -0.130435 11
19868 14 22 36 -0.222222 16
19869 27 8 35 0.542857 18
19870 7 25 32 -0.5625 11
19871 11 22 33 -0.333333 16
19872 3 28 31 -0.806452 18
19873 24 11 35 0.371429 13
19874 43 1 44 0.954545 12
19875 5 30 35 -0.714286 13
19876 6 34 40 -0.7 17
19877 47 2 49 0.918367 16
19878 20 19 39 0.025641 19
19879 13 19 32 -0.1875 15
19880 7 19 26 -0.461538 17
19881 1 21 22 -0.909091 11
19882 24 14 38 0.263158 21
19883 21 26 47 -0.106383 23
19884 30 8 38 0.578947 18
19885 12 18 30 -0.2 15
19886 9 28 37 -0.513514 19
19887 2 44 46 -0.913043 19
19888 24 6 30 0.6 11
19889 6 39 45 -0.733333 17
19890 25 22 47 0.0638298 26
19891 21 1 22 0.909091 13
19892 34 2 36 0.888889 14
19893 8 23 31 -0.483871 20
19894 12 14 26 -0.0769231 19
19895 1 19 20 -0.9 10
19896 27 17 44 0.227273 20
19897 11 26 37 -0.405405 20
19898 16 11 27 0.185185 15
19899 9 24 33 -0.454545 23
19900 4 44 48 -0.833333 12
19901 16 16 32 0 17
19902 43 1 44 0.954545 14
19903 37 4 41 0.804878 17
19904 5 32 37 -0.72973 14
19905 11 39 50 -0.56 15
19906 2 22 24 -0.833333 12
19907 15 10 25 0.2 13
19908 44 1 45 0.955556 16
19909 4 44 48 -0.833333 21
19910 27 13 40 0.35 21
19911 43 5 48 0.791667 19
19912 1 41 42 -0.952381 15
19913 34 1 35 0.942857 16
19914 11 20 31 -0.290323 16
19915 17 16 33 0.030303 18
19916 27 2 29 0.862069 14
19917 11 30 41 -0.463415 19
19918 6 35 41 -0.707317 17
19919 10 21 31 -0.354839 11
19920 34 10 44 0.545455 15
19921 8 9 17 -0.0588235 11
19922 23 3 26 0.769231 15
19923 8 29 37 -0.567568 20
19924 30 1 31 0.935484 16
19925 27 12 39 0.384615 17
19926 27 9 36 0.5 13
19927 1 27 28 -0.928571 13
19928 25 7 32 0.5625 14
19929 9 22 31 -0.419355 18
19930 14 16 30 -0.0666667 18
19931 30 5 35 0.714286 22
19932 15 24 39 -0.230769 18
19933 5 33 38 -0.736842 16
19934 19 17 36 0.0555556 18
19935 14 32 46 -0.391304 18
19936 6 51 57 -0.789474 17
19937 16 9 25 0.28 19
19938 6 23 29 -0.586207 15
19939 4 26 30 -0.733333 14
19940 2 44 46 -0.913043 13
19941 2 34 36 -0.888889 18
19942 33 5 38 0.736842 12
19943 15 20 35 -0.142857 19
19944 9 34 43 -0.581395 16
19945 17 13 30 0.133333 15
19946 4 32 36 -0.777778 18
19947 5 57 62 -0.83871 16
19948 19 12 31 0.225806 19
19949 22 12 34 0.294118 24
19950 10 10 20 0 12
19951 19 16 35 0.0857143 18
19952 19 10 29 0.310345 18
19953 0 44 44 -1 14
19954 39 3 42 0.857143 11
19955 5 48 53 -0.811321 18
19956 11 23 34 -0.352941 21
19957 22 23 45 -0.0222222 25
19958 34 1 35 0.942857 14
19959 23 17 40 0.15 16
19960 1 34 35 -0.942857 19
19961 5 28 33 -0.69697 15
19962 30 0 30 1 15
19963 13 14 27 -0.037037 12
19964 15 15 30 0 18
19965 2 28 30 -0.866667 10
19966 62 2 64 0.9375 16
19967 11 5 16 0.375 13
19968 42 4 46 0.826087 12
19969 25 13 38 0.315789 16
19970 23 6 29 0.586207 13
19971 19 7 26 0.461538 15
19972 28 5 33 0.69697 16
19973 2 38 40 -0.9 17
19974 29 5 34 0.705882 13
19975 21 19 40 0.05 17
19976 33 7 40 0.65 20
19977 17 24 41 -0.170732 21
19978 24 21 45 0.0666667 17
19979 18 14 32 0.125 15
19980 8 29 37 -0.567568 21
19981 19 3 22 0.727273 13
19982 20 9 29 0.37931 16
19983 26 8 34 0.529412 13
19984 3 32 35 -0.828571 19
19985 2 38 40 -0.9 16
19986 15 29 44 -0.318182 23
19987 18 22 40 -0.1 22
19988 11 10 21 0.047619 14
19989 9 21 30 -0.4 14
19990 7 21 28 -0.5 11
19991 2 37 39 -0.897436 10
19992 17 11 28 0.214286 16
19993 25 8 33 0.515152 16
19994 20 15 35 0.142857 13
19995 16 16 32 0 19
19996 13 19 32 -0.1875 17
19997 1 39 40 -0.95 14
19998 25 14 39 0.282051 20
19999 8 15 23 -0.304348 14
